mfcc_1_mean,mfcc_1_std,mfcc_2_mean,mfcc_2_std,mfcc_3_mean,mfcc_3_std,mfcc_4_mean,mfcc_4_std,mfcc_5_mean,mfcc_5_std,mfcc_6_mean,mfcc_6_std,mfcc_7_mean,mfcc_7_std,mfcc_8_mean,mfcc_8_std,mfcc_9_mean,mfcc_9_std,mfcc_10_mean,mfcc_10_std,mfcc_11_mean,mfcc_11_std,mfcc_12_mean,mfcc_12_std,mfcc_13_mean,mfcc_13_std,spectral_centroid_mean,spectral_centroid_std,spectral_bandwidth_mean,spectral_bandwidth_std,spectral_flatness_mean,spectral_flatness_std,spectral_rolloff_mean,rms_energy_mean,rms_energy_std,zcr_mean,zcr_std
-371.7237,3.811776,184.42343,4.2878227,-44.68923,3.5339978,56.42117,3.742307,-32.11967,3.297239,37.75423,3.3538902,-11.616053,3.417214,17.453814,3.4241338,-8.869338,3.2215757,3.3439808,3.0343752,0.64832133,2.9481854,0.9971998,3.052652,8.979191,3.2156413,1180.6394040451617,62.21482108294896,1482.1654392783246,51.55484040790041,0.00022116081,0.00071693177,2448.1153589943447,0.010058642,0.0007643266,0.054361223897911835,0.0074536072530511435
-366.1695,3.1024523,189.227,3.5847342,-48.32605,3.8384724,58.760277,3.340165,-28.026112,3.1747067,30.442947,3.137193,-15.219431,3.1402225,12.730752,2.9308505,-5.9305587,2.945642,4.081633,2.7781541,1.688476,2.9528582,-3.9567838,2.917809,3.7778099,2.9798386,1147.368647855239,54.82281609272937,1404.3637844547072,33.14568488537247,0.00018593328,0.00029600956,2378.1449390951275,0.0103470255,0.0007770938,0.052459079538863106,0.006259328662603404
-358.84717,5.87784,164.9056,5.534153,-42.006344,4.7300076,67.774445,4.1224656,-32.04654,4.139951,39.74419,3.9025903,-24.2089,3.5686717,22.578827,3.4557433,-8.898487,3.2361763,8.829479,3.17477,0.77888423,3.2044036,-5.099664,3.0415883,4.940076,2.9252083,1455.9184057640912,116.81727173415426,1769.6368467412947,81.31425751590515,0.00035302746,0.0008589391,3318.0367808330916,0.0100902105,0.00083014846,0.06004160020301624,0.009848049270291436
-364.07663,3.6918578,175.17325,3.6996067,-49.64795,3.1246815,52.993084,3.4260964,-46.8497,3.2756062,40.47474,3.4021184,-27.91483,3.3934543,26.007532,3.2144492,-13.315453,3.0948427,4.9357004,3.1713858,-1.9613315,3.2431543,2.916192,3.2820408,13.924638,3.2161357,1484.7582311260398,61.40864931565439,1716.5995477146434,39.81950860906117,0.00034315125,0.00038782132,3098.2082570511893,0.008976093,0.0007049952,0.07718469040023201,0.007343627011560889
-383.94266,7.0035834,179.5103,4.767972,-33.906548,3.6862435,63.791527,3.3058171,-27.756905,3.3147533,32.600777,4.1318564,-19.00012,3.711252,15.320953,3.5214977,-5.4038424,3.2745116,4.2114973,2.8384967,-0.7583186,3.3797283,-7.8133903,2.984836,4.361983,3.432837,1144.2853224668488,90.98286431258083,1519.8595051804841,81.80180458739513,0.00015688012,0.00020078044,2483.7625525667054,0.010240088,0.00063584046,0.04337659512761021,0.0064376636092888136
-358.69525,3.9494424,162.56189,3.4235623,-35.61922,3.0668724,45.407978,3.3187354,-39.89618,3.2746959,29.020142,3.0653234,-26.600193,3.2131987,19.371935,3.0568461,-4.25496,3.32505,10.78295,3.3375735,-2.3553963,3.1900597,-7.2557836,3.1552107,2.100159,3.1618302,1485.5780240928823,64.73687858322054,1732.0501411116343,48.10451334693893,0.00030069196,0.00045089223,3166.9296512470996,0.009939162,0.0014076589,0.07482145446635731,0.00582544695241535
-340.67242,20.51868,169.0212,9.243348,-61.074757,11.369399,68.05747,6.123468,-39.125763,4.3593364,34.07767,5.2869945,-28.333857,5.754183,22.235323,6.9193215,-12.649341,4.2639127,6.813967,3.4642358,-0.2974389,3.4023297,-4.821269,3.5233872,8.336008,4.018913,1609.4748032322223,209.39818937301337,1691.5291623994756,98.34284947905405,0.00045246913,0.0005359057,3328.1788695439386,0.00964156,0.0013205403,0.08874823267111369,0.020889070155687434
-388.03198,4.2493267,183.12671,4.2351213,-30.2391,3.2212903,59.912094,3.3165362,-22.762615,3.53437,28.000475,3.5473444,-14.599905,3.4765294,16.297548,3.5008483,-1.4439527,3.3144376,5.5339017,3.4606354,2.072915,3.119396,-3.6640193,3.268329,3.5415068,3.2310696,1034.2567162594949,67.42503020410776,1426.356911842238,60.82442830138862,0.00014285512,0.00028116783,2191.240732852378,0.010309038,0.0010536581,0.04174294881090487,0.00682742340819178
-384.2315,4.075041,184.66876,3.8764954,-32.01122,3.2213757,60.857677,3.2562873,-26.453928,3.2413511,30.48055,3.320061,-15.822123,3.2590628,13.616067,2.9286053,-3.8382046,2.922576,9.681873,2.8842056,2.190367,2.902069,-3.1287603,2.9761534,4.447269,3.2698035,1059.7772497294286,71.73296057940735,1444.2530417274845,69.26895675510221,0.00014336527,0.00018659314,2217.6701167343385,0.01040785,0.00086207583,0.043787838964617166,0.011236505296757904
-362.28574,3.4037597,185.33461,3.4024196,-50.084393,3.551478,63.124947,3.4806511,-30.985752,3.4438126,33.790985,3.2042782,-17.7939,2.8940308,14.754232,2.9643097,-5.9003325,2.802787,5.1696815,2.8758247,1.614138,2.7987218,-4.643364,2.9938357,3.8794916,2.9173682,1211.9834797243561,55.59338602650241,1477.9517296074653,30.569382301728197,0.00021368529,0.00035859522,2587.9812572505803,0.010399164,0.00069442816,0.05531626123839907,0.0068340082508345805
-363.1318,3.3251092,184.76212,3.313871,-47.202305,3.5489838,60.251686,3.1365373,-28.094933,3.1140373,30.145672,2.918535,-15.993935,2.7615619,12.617097,3.000176,-5.6329203,2.8916757,3.6090736,2.9076283,1.5210654,2.9422207,-3.6932845,3.0583372,4.1800323,2.8940144,1187.2731079184366,55.196051206977444,1447.7676639437277,30.895183812992194,0.0001939345,0.00025325018,2516.93667524652,0.010357394,0.0008138055,0.053233985281322505,0.006920853958297989
-364.51718,3.815961,173.5166,3.281168,-44.58462,3.1969929,50.422565,3.4028873,-45.099842,2.94768,34.975655,2.9773483,-28.776287,3.0425308,22.469254,3.28196,-12.951267,3.0544405,5.2462435,3.1823416,0.06406926,3.0478249,5.2779865,3.2485394,13.072358,3.064132,1441.4778423944665,57.697573518850085,1683.3409558691526,39.73031719638385,0.0002605921,0.00024283516,2944.6280565726506,0.009849215,0.0007525252,0.07407600420533643,0.006789539984164479
-364.9474,3.6389682,168.29265,4.1807914,-38.4494,3.7432659,49.06966,4.162853,-40.57499,3.765956,33.41743,3.4487898,-25.079172,3.444583,22.377895,3.324169,-6.2315154,3.1585507,8.358065,2.9575918,-5.2665076,2.899707,-6.644887,3.100788,5.469067,2.910742,1433.154733935148,66.48261752696256,1706.1052508782655,53.16518607530914,0.00034762264,0.0012215894,3024.440799013921,0.009534149,0.0010320481,0.07131398636890951,0.007026398754808966
-364.3989,3.0101724,188.25264,3.3289669,-49.13002,3.5532067,63.293022,3.4576766,-30.739454,3.2521665,31.707476,2.959603,-17.998417,3.2367847,13.159325,2.9252605,-6.580292,2.8029423,4.7417407,2.838628,0.90729046,2.9207928,-4.452863,2.913657,4.3228846,2.9528675,1177.5031524812605,50.955783902348095,1444.3405850737727,30.1852178056928,0.00019721742,0.00026797946,2497.826581985934,0.010364422,0.00066745153,0.05362936847447796,0.00610687815936119
-343.7378,6.2466774,158.91853,4.905754,-49.610218,4.0381866,69.18894,3.7060478,-35.18618,3.766098,43.43952,3.45602,-27.534758,3.2420673,24.418447,3.0857403,-9.973481,3.2683673,10.5784445,3.2378247,2.200374,3.0154076,-3.512842,3.0360005,6.818576,2.93766,1655.831125945558,119.27349071769716,1868.7530838890523,65.14028988702803,0.00047871063,0.00081294554,3766.0373200949825,0.009904381,0.0008353658,0.07709519105278423,0.010719399048535033
-349.31528,4.104244,152.9528,4.5008955,-39.11856,4.280825,63.42762,3.9309304,-39.877274,3.9444518,46.06598,3.7156227,-26.076906,3.8077567,27.943514,3.8056195,-10.128022,3.489191,9.113792,3.3838778,-1.4758978,3.1863549,2.069048,3.1246645,8.579959,3.2720783,1744.824942316922,109.13170765898398,2010.587242435075,46.17160071621593,0.0005345563,0.0011381514,4213.663151645882,0.009463246,0.0013727698,0.07915027733468677,0.01367864464509236
-385.2757,4.415419,182.20808,3.952698,-32.42121,3.85218,63.2399,3.3157263,-25.857325,3.3629827,31.018938,3.6389518,-17.771837,3.562663,16.756123,3.1899695,-2.224437,3.2196598,7.4106693,2.8682606,0.36443546,2.712085,-6.4963713,3.1635818,3.7737644,3.1553714,1082.0566651811,71.71619897257108,1477.9189721660225,63.90341092402285,0.00015260986,0.00021907248,2317.7170755691704,0.010256665,0.0007903995,0.04356918866009281,0.008343032961002556
-335.21933,10.184162,167.02495,4.656745,-62.659485,7.300024,69.40517,4.401412,-47.011528,4.8587465,41.24237,4.303018,-28.51503,4.4955044,19.340229,3.4928572,-17.91228,4.2527213,8.428402,3.7411976,-2.363999,4.1476893,-4.938093,4.1970406,9.721404,4.033392,1701.266161818497,83.32967288128461,1779.2337512573085,55.79432396285406,0.0005760632,0.001150156,3671.036425101508,0.009563211,0.0008487919,0.09383610063805105,0.011245029395967271
-344.6595,30.31286,131.73088,20.885315,-67.155304,7.141781,81.35635,9.574262,-60.34203,9.7351465,43.23954,8.827849,-42.52178,8.984621,26.912807,8.047286,-20.186779,6.602417,10.308612,5.029286,-3.5900695,3.3848736,-6.4656453,3.0979571,8.394574,3.539381,2643.413531057465,608.5921704647271,2095.5615393753383,234.2911901377805,0.0016998963,0.0019073153,5227.1226073085845,0.006765768,0.001092714,0.19790911397911834,0.07135625022010976
-371.09335,3.8210223,181.09074,3.5114744,-39.104664,3.3110983,57.242832,3.1977284,-23.551441,3.04249,27.80047,2.945841,-13.255945,3.071242,11.179748,3.1461604,-3.0625172,3.158129,4.769902,3.0890136,2.7850883,2.9525757,-2.4335406,2.941437,4.4345374,2.8184767,1123.5618149508637,62.56814065585976,1437.0264971602855,34.79063408334649,0.00015803755,0.0001958593,2388.9615016857597,0.010632057,0.0011627319,0.04627909295243619,0.007582099262581148
-362.07077,3.7563634,163.5526,3.53122,-31.054398,3.170288,50.213566,3.2413862,-39.589466,3.306268,29.490316,3.1407573,-26.658787,3.3252704,20.481361,3.254203,-4.865866,3.2122183,11.762982,3.08403,-0.9921322,2.986447,-7.8190503,3.168648,-0.79991746,3.2066183,1449.340643159068,66.51113776075414,1749.043588763689,49.15771988754617,0.000265003,0.0003084334,3160.409737075841,0.010260312,0.0016330204,0.07012103937064965,0.005750007856174431
-372.44046,3.5445545,171.27057,3.2043355,-39.335857,3.0004494,50.34392,3.0991569,-41.146057,2.9895463,33.28886,2.9746144,-27.106745,3.2839983,23.288456,3.253552,-6.6695876,3.0899942,8.52422,3.0119963,-5.1619987,3.1922178,-5.0185547,3.074404,8.157594,2.9209533,1405.1927444633804,58.77359222336424,1687.3130341108263,42.90683151149787,0.00026059698,0.00032147043,2906.382889537413,0.009349535,0.00091924536,0.07001567937935035,0.006513666336963498
-331.98898,5.7813673,144.47595,6.070535,-78.38765,3.3423612,83.86677,4.3215294,-50.065834,3.8521335,35.8133,3.4999917,-31.821173,4.3482003,24.355389,3.9027975,-18.154875,3.9707484,7.4747057,3.377128,-0.48800737,3.3123431,-9.83906,3.7887695,9.478457,3.1173468,2227.694023143354,122.51874056566271,1858.4131916541846,58.58036516506512,0.0009803538,0.0008636627,4306.665605514067,0.007980955,0.0005410868,0.1587117985063805,0.017928619630789615
-378.5864,4.5503745,180.75928,3.9089606,-32.754417,3.1356716,57.985363,3.280266,-25.329126,3.2142982,29.203415,3.1899111,-16.189253,3.2576702,11.543015,3.13229,-5.328053,3.112803,7.9053154,2.924218,1.5334677,2.7789276,-2.6923876,3.429016,5.698755,3.0457182,1108.951931680281,83.87929230468824,1471.0390079037606,81.1400854371919,0.00015177144,0.00011195694,2338.2260776174594,0.010202394,0.00086298067,0.04848372244779582,0.015646502888611358
-329.48383,15.746941,147.79813,14.506333,-77.340576,10.346806,64.42551,11.155363,-53.48672,5.970567,34.484226,5.068026,-35.71162,4.0756154,14.342762,4.823271,-12.891435,4.726856,2.354989,4.661165,2.7576537,3.653639,-5.812534,3.6969156,4.7566524,3.3264086,2106.6701051363975,299.12320718346376,1793.2283098919834,174.91096837100034,0.0010037243,0.0021494655,4196.676402080917,0.008256196,0.0021245647,0.14530275703306264,0.03182782846371841
-368.61383,3.7959924,176.35841,3.5684578,-46.5659,3.1755116,49.498825,3.371457,-43.88773,3.2501972,35.759434,3.2172034,-27.28581,3.260165,23.729454,3.094607,-11.432635,3.1733727,4.877053,3.134388,-3.0148494,3.1335032,2.7405198,3.3074276,13.783922,2.9931412,1416.4141513771312,57.6769847429126,1657.040376953828,40.4378223367452,0.0002872918,0.00028419684,2855.2477772440543,0.009035389,0.00080874504,0.07266327399941995,0.006496676845186703
-366.01993,3.3072197,190.86023,3.0190227,-49.294464,3.1218815,63.488976,2.9739265,-32.197018,2.948803,30.84517,3.0919542,-20.540337,2.9815598,12.281665,2.7709515,-7.692665,2.9803798,3.8416185,2.7415936,0.8960861,2.8409019,-4.02009,2.736863,5.7423854,2.7092333,1164.4536930848694,49.92055162885878,1425.1286610066243,29.214046369716097,0.00017775834,0.00014216718,2436.5244004676624,0.010455541,0.00063260976,0.054468849695475635,0.005829303059857552
-375.5314,8.159884,180.06845,6.0801177,-37.316216,3.1341407,55.670918,4.8171887,-27.231577,3.585703,32.02026,3.4711282,-10.989896,3.285007,16.98931,3.6068566,-3.3734584,3.2925303,4.8650975,3.1927814,0.4573775,3.0485094,-2.0461557,3.2475843,4.621854,3.0521166,1146.5360191520904,114.32674973146626,1479.0534242777471,84.82550877461084,0.00017008057,0.00019932928,2418.338586227523,0.010215716,0.0011096838,0.046428636165893274,0.007305343814684867
-380.7801,4.086273,183.43811,5.127367,-37.765934,4.1035023,59.309574,3.795932,-27.501528,4.123162,32.29874,3.5604985,-16.727848,3.8440204,12.1028185,3.164023,-8.1341095,3.2184558,7.7676935,2.8685625,2.1680055,2.7945726,-1.886911,3.2125685,5.9476576,3.1742115,1122.1005236521523,96.28086099733135,1472.885382757673,93.18250432595823,0.00020639964,0.0008638512,2363.10666962732,0.010157856,0.00097602507,0.04848032373839907,0.015544788582339455
-370.81805,4.0068693,180.16263,4.811986,-39.360703,4.3263593,52.486603,3.4984634,-27.581774,3.8175054,34.939316,3.471204,-9.5472765,3.3981714,15.525529,3.1440423,-7.6253366,2.9778159,2.185571,3.167578,0.9870015,3.0683975,1.0848053,3.2029195,8.845407,3.1549785,1168.2109297441416,74.08813054801129,1476.9447262031872,64.01786755290456,0.00020205654,0.0004998211,2404.799147603683,0.010120199,0.001024678,0.052723045968677495,0.00772913263022965
-382.7404,4.0022497,182.19562,4.859091,-30.993813,3.6717987,59.828506,3.86983,-23.591913,3.62111,28.762661,3.5187953,-16.54235,3.3306456,11.216802,3.326754,-3.1983857,3.1050203,8.425433,3.1035314,1.4092721,2.908004,-3.843765,3.3780282,4.372107,3.118195,1075.2305347145605,86.08076968250327,1448.9859915417924,85.48610074336976,0.00018349473,0.00072556443,2254.1666477849476,0.010139994,0.0010070882,0.045107671113689095,0.01131474093270353
-357.337,3.531715,161.99199,3.815811,-33.537834,3.634273,47.911907,4.040832,-39.981964,3.3011935,24.561462,3.1685886,-19.979609,3.255693,21.49151,3.177235,-8.124796,3.1757045,13.105326,3.6005092,-4.2412724,3.0930405,-11.671861,3.1464636,5.1762238,2.929327,1476.9747734649675,66.70286056711971,1728.073172833821,53.193824368878566,0.0003434273,0.0011287673,3228.581559962297,0.0096942065,0.0011097708,0.07543888667343387,0.006713365062757402
-372.71954,4.057778,182.92232,2.9902275,-42.38378,3.0544045,55.215733,3.053529,-30.722235,3.3025367,35.907196,3.2552404,-11.996189,3.428435,15.447362,2.8760412,-9.144309,2.9458094,1.9332349,3.0478392,0.014485255,3.0597703,0.4755742,3.1597652,8.565821,3.088614,1178.006362303708,58.24314551783267,1477.1492699866812,37.58713580628623,0.00017586813,7.9274774e-05,2431.103628915313,0.009945789,0.00082765,0.05288165240719257,0.006220179035766642
-346.81982,6.0579104,159.88464,4.7362347,-46.681664,4.160536,69.19335,4.108983,-32.866726,4.028725,41.96557,3.5482721,-27.175262,3.428681,22.726479,3.269567,-10.248781,3.1543796,9.350717,3.3008118,0.82128596,3.274492,-5.014009,2.9927635,6.118062,3.2099178,1597.5749174733858,105.71090799372783,1842.458438024138,66.86187366039178,0.00040057962,0.0005529066,3636.5383351761893,0.010005447,0.000702633,0.07301673977668213,0.010302616475337175
-357.16037,4.2716646,173.57664,4.562169,-49.269943,3.1063485,61.87113,3.622838,-35.455967,3.0955772,43.988373,3.3292575,-19.140493,3.4217758,22.69708,3.1865885,-12.185644,3.2506697,5.405823,3.181881,0.5869305,3.3913698,0.11662413,2.756695,9.934524,2.9757943,1397.8096283322966,84.44365438169503,1677.2730621199005,59.8526068001928,0.00031362867,0.0004968766,3056.5907206170245,0.00998414,0.0007563568,0.06379037666763342,0.007891158514770293
-370.49377,4.597951,194.08205,4.6289535,-50.691856,4.549927,62.785194,4.1554503,-30.77959,3.561894,31.674221,3.0822628,-19.387451,3.2592564,12.876105,3.271575,-7.91399,3.1228955,4.4202423,3.1431203,0.63398033,3.327071,-4.5097623,3.2434757,3.7279003,3.1983342,1134.1059047797619,53.325892553035544,1391.958441433482,48.52811991107635,0.0001888737,0.00052348606,2336.2276364921695,0.0103790555,0.00089449104,0.05364636202146172,0.007370613797288389
-361.01733,4.563653,188.00035,3.9205968,-49.05828,3.6214983,62.52232,3.547791,-31.86038,3.6259274,30.768072,3.2813518,-18.939583,3.0774138,12.764624,2.902321,-7.623116,2.9585009,3.7873344,3.2316637,0.6511212,3.3805127,-4.77981,3.2050407,4.7318587,2.955522,1190.158481403429,56.866135455822956,1447.6327412153928,37.04451916865706,0.00021563678,0.00047720218,2518.360564548289,0.010519481,0.00082907564,0.05548166509570766,0.0064919795921041905
-386.00458,5.991806,182.74007,3.8568332,-29.263565,5.2455287,56.357162,3.6488585,-22.632896,3.169329,25.88925,3.6128073,-12.105881,3.2566774,14.148873,3.5211887,-1.3980478,3.778228,4.083894,3.3188605,0.015780756,3.4811072,-4.081856,3.4520435,3.9721155,3.2370105,1035.650525075063,77.80359155749257,1404.6365924035065,47.60540117777963,0.00012819034,8.8337656e-05,2155.2687925971577,0.010302092,0.0014784446,0.04044804053074246,0.008532317320514784
-365.16852,4.245943,161.51244,4.7748194,-32.287933,4.1877346,55.343487,4.087938,-40.585835,3.709752,31.046082,3.8252764,-27.880367,3.3741806,19.188595,3.4418533,-12.266335,3.3620899,9.295547,3.2715328,4.1621194,3.8056257,-1.8548372,3.1200492,4.810107,3.0988238,1490.3357990333186,92.85173280517002,1799.260676915815,62.81423498603829,0.0003012859,0.00055564375,3344.616047799449,0.010007672,0.0012948711,0.06543535201566125,0.0074678944780171355
-380.7606,6.5737514,180.473,5.320378,-35.79564,3.793979,53.622128,3.4966047,-25.928082,3.1592946,29.119871,3.3718836,-10.795149,3.620958,14.880039,3.4934213,-3.016162,3.4384584,3.5696375,3.407635,0.15119071,3.1750107,-1.8057667,3.3333495,5.7697124,3.328116,1123.052968403505,82.78734420485058,1450.1056864294026,60.495777782814216,0.00020118359,0.00065186346,2343.7967322542054,0.010052817,0.0021736054,0.045363707221577725,0.00923934646985687
-334.3387,6.109999,156.16765,4.7231197,-101.75698,5.7029653,68.52885,4.662523,-50.191895,4.461687,34.466866,4.5387335,-34.591503,3.9643214,19.253027,3.4013078,-13.955954,3.51876,6.93819,3.2091432,-1.0535076,3.2202039,-5.4208226,2.8863842,9.060155,3.3525367,2041.3847403379316,71.8091373697836,1619.9398130518816,50.62333953945283,0.00080924283,0.0010816277,3735.1614047092517,0.008095448,0.00054414105,0.1486210303074246,0.011292413246047983
-364.5392,3.6853902,163.69907,3.27687,-33.735825,3.0021021,56.5461,2.9277914,-38.700752,2.9854937,32.780666,3.34156,-26.708681,3.025715,19.891895,2.8937595,-8.010485,3.1272776,13.537849,2.9803371,1.118523,2.9613698,-5.128949,3.1649575,2.1004214,3.098663,1451.9527441897346,62.24762126336267,1777.2599003582875,42.068028959062794,0.00025722058,0.00023910114,3279.1421204321346,0.01017414,0.00092008023,0.060067656975058004,0.006588611452034286
-369.22543,4.0733023,172.27126,3.7123578,-44.01932,3.04741,49.524914,3.5302932,-43.982246,3.1002192,33.83902,3.2935588,-28.481953,3.371453,22.606802,3.087367,-12.931705,3.0256634,3.964765,3.1453316,-1.9900168,3.1848023,4.131618,3.256242,14.144778,3.3644736,1454.7435190621538,58.10909350557278,1689.549347951393,45.07253132720822,0.0003056695,0.0003676183,2968.9840577871228,0.008972225,0.00082946284,0.07613902080916474,0.007091448761138159
-365.6543,3.534642,186.08409,3.2359893,-46.641792,3.0682075,62.074055,3.122657,-27.97989,3.1058714,30.689198,2.9615526,-16.139069,2.9823794,13.563413,3.2102556,-5.7605376,3.1672478,4.656627,3.0492249,1.3493866,3.030372,-4.180814,2.9498236,4.4168,2.9064255,1165.8564725763354,57.36682368241191,1443.550373829502,31.40623357800499,0.00018222668,0.00019003681,2484.711812101218,0.010458491,0.00083899585,0.05212940472737819,0.006699864223939329
-354.94708,4.399162,161.53278,3.7964253,-32.840416,3.8669379,50.43626,3.4005523,-39.170315,3.2429056,32.373814,3.1693244,-27.0222,3.141915,18.434425,3.1355853,-9.168293,3.0252094,11.163742,3.1045327,2.7615159,3.1000125,-2.0509295,3.0955493,2.4587119,3.292812,1499.9604681241817,77.9250699446146,1794.7355603464698,50.12848953075841,0.00029647697,0.0003029515,3360.7034988580335,0.010201065,0.0012910443,0.06929515298723898,0.007219315674725413
-343.3588,11.402872,170.47707,4.7445154,-54.4015,6.023456,67.48706,3.4521132,-40.972412,3.5512335,34.83463,3.9408987,-23.851131,4.272196,12.741717,3.720023,-8.095171,3.3590007,9.306689,3.5666358,-3.921243,3.4165537,-2.1330397,3.2544882,8.109663,2.9333415,1524.6959556324616,92.33101081682668,1681.7837268733392,57.23370923094302,0.00038265067,0.0006696677,3415.186000036253,0.009934136,0.0010018232,0.07831419482308585,0.00980435839806045
-347.84686,7.332684,142.63742,5.5969853,-35.31234,3.8596323,65.25948,6.8117743,-39.096214,4.5984206,20.117424,3.4695911,-25.515808,3.8104508,21.564463,3.489002,-16.386576,4.7999396,4.67704,4.5739083,10.015548,3.6111178,-1.7309309,5.2874217,10.416765,5.2958574,1788.0974264884255,138.70075350292507,1896.927461036893,55.46904711566426,0.000414365,0.0005465704,3881.3973340523494,0.010289861,0.002308782,0.08315622281032482,0.01503272248405796
-367.4987,3.3753138,169.55916,3.7928874,-37.094532,3.203588,49.95402,3.4881322,-42.350063,3.5467148,32.402233,2.9341335,-26.98331,3.6471124,22.449657,3.03889,-6.198115,3.0413508,9.294645,2.8141706,-3.6842713,3.1173594,-6.515878,3.0239668,3.6244993,3.0970004,1428.357969287711,61.508737092868074,1711.2377694156612,48.38151754211401,0.00030368252,0.00053845777,3028.837369489559,0.009214066,0.000916005,0.07013690001450117,0.00638676288545842
-390.41385,4.323817,177.95622,4.224159,-24.008158,3.9856,53.539333,3.5762482,-19.094261,3.686208,23.941795,3.5795808,-9.136985,3.3586628,13.301418,3.0692656,1.9837599,3.011662,6.4046397,3.2202482,2.5239449,3.1789994,-2.0348608,3.125376,4.81222,3.4480617,1015.2998772837266,80.96098091445371,1411.8528491082006,60.62111872982023,0.00014217135,0.00041424145,2126.1165326819896,0.010280975,0.0017483506,0.03827739812935035,0.008748206098503462
-357.84216,4.3149605,164.26439,3.6445582,-36.294582,3.1945844,51.743874,3.6426382,-40.9309,3.328878,30.318552,3.1187117,-28.295782,3.0936625,24.292969,3.340632,-5.8786187,3.22883,4.514937,3.4714687,-2.4739552,3.1938474,-5.8427134,3.0934172,-2.2269106,3.6325977,1499.1062986106956,70.64271361660523,1763.252040270628,47.841038076594145,0.00030621383,0.00037556747,3241.1967195656903,0.009804285,0.001164232,0.07290458236658932,0.006587776286299025
-365.78525,3.7119944,172.9346,4.1359305,-45.18993,3.7270849,49.512604,3.9364898,-45.474262,3.546058,34.079205,3.416029,-29.266972,3.3290994,22.22492,3.6484342,-12.555564,3.2165751,4.7512627,3.0159469,-0.9904876,2.9424727,4.457026,2.9347382,13.2752075,3.2808523,1456.537345727674,58.15412229261353,1686.7987964033239,44.85539014837799,0.00031862062,0.0007197746,2973.6803944315543,0.009463695,0.00078008266,0.07550799376450117,0.006203993122794799
-368.8148,3.626571,172.86182,3.5455115,-45.135685,3.170942,47.87139,3.5116043,-42.782345,3.1116257,31.397615,3.2721233,-28.54925,3.1300764,21.0166,3.0677085,-11.843776,3.2487657,4.6652975,3.2040946,-0.4499893,3.015188,4.9657717,2.9554875,14.373204,3.0438967,1426.1476638475099,53.934181679853594,1642.71931195593,42.66352407190367,0.0002571054,0.00032247434,2836.3375280959976,0.00961268,0.0007614753,0.07522590088457076,0.006249303782719274
-359.787,3.840289,159.40045,3.6139219,-28.476843,3.5154972,53.154175,3.694211,-36.908337,3.450404,31.150255,3.5555615,-27.933958,3.2883658,16.520397,3.2657356,-11.52299,3.004399,7.701501,2.7782497,1.0742855,3.3042648,1.3716624,3.4313753,9.3172865,3.1903565,1488.4096497559522,74.7307264615551,1818.9325694347935,48.240117861164,0.0002919825,0.00047099244,3399.073568463602,0.010408431,0.0016941353,0.06442933403422274,0.007010599926710591
-371.56604,3.469059,193.52208,3.920177,-47.87954,3.0475373,62.83034,3.3784862,-30.412998,3.18301,31.059074,3.1947432,-18.561283,3.320309,13.643992,3.194488,-6.424671,2.8561566,4.131934,2.9858618,0.28806108,2.7750428,-4.2361264,2.7956588,4.1289845,2.7344878,1111.0814129865464,49.634666601946115,1392.9235020079966,36.105332845122874,0.0001790752,0.00040090308,2303.253357924884,0.010507727,0.0007509586,0.05040625906322506,0.005363147154831773
-333.62283,15.63378,159.95612,7.928398,-68.09511,5.0986643,67.0745,8.439006,-35.381287,5.156665,32.601063,4.915321,-23.570108,3.6099153,16.74124,5.563453,-8.390473,3.3077772,7.190241,3.0983038,2.018329,3.3954914,-4.3866906,3.581748,7.314318,3.0654247,1722.624306430628,161.2306372307518,1675.9304758815188,88.72094891172065,0.00058905885,0.0012062434,3518.530386727813,0.00925127,0.002202194,0.10143561484918794,0.017789601028939707
-350.90778,22.395622,174.55562,20.880642,-55.391304,7.997713,66.72886,9.384633,-40.407352,9.128542,35.37586,8.71915,-28.136011,8.817144,16.64096,5.253738,-7.4483247,3.6478763,7.1328454,5.542299,-1.3037434,5.154579,-5.0693026,4.385058,7.4841394,4.879253,1542.800198072452,442.1393406370397,1647.0131906881757,280.3084768144471,0.0004750235,0.0010248667,3268.125713728973,0.009564588,0.0013668332,0.08823389464907193,0.03680617283492351
-368.8236,3.3258686,176.69943,4.009479,-40.249104,3.5039797,54.510902,3.640586,-29.81478,3.1298952,37.455128,3.5874848,-11.948817,3.4274132,18.536234,3.2972596,-8.893959,3.0981672,3.4268138,3.0250165,0.720745,3.1753106,1.1091172,2.9945931,9.056496,3.1338367,1229.9918976666584,65.3024315529967,1549.9171215455192,50.01771412051781,0.00024396632,0.0007450145,2592.352847212152,0.009995928,0.0008219519,0.054074599405452436,0.006923257709306226
-364.00272,3.5613437,185.16591,3.2034643,-47.173786,3.1002238,63.36523,3.211769,-29.335476,3.3077252,31.534203,3.1860607,-17.46297,3.0169783,14.010067,2.9948566,-5.3044143,2.824647,5.6848965,2.8429842,1.7426544,2.913243,-4.544223,3.2825038,3.987511,2.9558818,1186.5419355303407,54.75636383576154,1464.2262786912354,30.302209133046546,0.00019201405,0.00022451904,2543.740766839472,0.010487403,0.0006981062,0.05311049883990719,0.005907339333736035
-348.17548,6.8464456,153.54045,5.3332143,-40.44392,3.656802,58.50224,4.848615,-44.75436,3.9066668,30.656698,3.3430197,-30.557224,4.1928954,24.966167,3.2941031,-3.5877123,3.5079565,5.7901216,3.328359,-2.049598,3.3839607,-6.6929016,3.1418202,-1.2417036,3.2232625,1726.4062602471067,109.04447000571605,1886.3094025894773,64.97470314578288,0.00051846524,0.0014201748,3989.0133886492167,0.009461393,0.00095716916,0.085440155524942,0.009085961801985364
-370.7722,3.4005296,192.47945,4.2876525,-47.48857,3.884794,62.376926,3.4497871,-28.949125,3.55,30.508091,2.9987628,-18.361284,2.8870206,12.682686,2.9145784,-6.924082,3.1570075,3.847084,2.786656,0.71865344,3.0726058,-4.1478667,2.760902,4.32653,2.708589,1112.3075667088615,52.005932637105786,1392.7711674048464,42.05833196189011,0.00018712279,0.0005486388,2311.7217521933003,0.010502324,0.00069474586,0.049966692647911835,0.005315216405223167
-357.9687,20.937778,183.24811,10.666295,-54.14442,9.151328,65.48608,6.475435,-37.2681,5.4101734,33.338726,4.952584,-23.268534,5.01675,15.759687,4.4715276,-8.453069,3.5980978,5.6331286,3.477931,0.53608763,3.1705992,-4.3129373,3.23327,5.0491896,3.2799215,1335.118210996389,247.86316295103904,1533.034830964583,133.63984471098726,0.00028329273,0.000331522,2819.875369326421,0.009902224,0.0011320169,0.06675518416473318,0.022051853221137833
-367.79517,3.1566765,189.18088,3.9232872,-48.452934,3.8823092,64.20517,3.720992,-29.765917,3.3321335,32.284985,3.636853,-18.229795,2.9469054,13.879051,3.003577,-5.7638326,2.9311643,5.6640344,2.8563747,1.7319123,2.7487967,-3.9931746,3.0487003,4.191688,3.0704148,1156.306051720037,51.67004834592363,1437.0572634548664,38.00017963514626,0.00020335162,0.0005469728,2451.4377673651393,0.010510001,0.00074471114,0.051830318300464036,0.006154902882890872
-348.73804,4.8810554,168.33037,4.2461414,-56.076035,3.5425696,64.10725,3.228544,-38.91636,3.2262132,46.936447,3.2591722,-21.507912,3.2926643,24.991318,3.0499542,-14.889922,3.3614256,5.801936,3.2482812,0.0057717166,3.3604429,-0.7999493,3.1773555,9.679131,2.8906524,1561.408852714322,91.23741142734814,1760.6882163704508,60.504317179851284,0.00038969133,0.00036028706,3436.4943785346577,0.009717174,0.0006340198,0.0767360607598608,0.008970055289158145
-360.20258,3.6019115,183.36496,4.6096373,-48.2531,4.171555,62.65954,3.6674626,-29.617956,3.4119625,31.66708,3.3487568,-16.973806,3.165517,13.761315,2.9763188,-5.925763,2.9783316,4.32444,2.9586706,0.7698708,2.9514678,-5.093106,2.999415,3.1444342,2.9552965,1222.710947658785,58.33173184969936,1481.4627170060144,49.58378048674507,0.0002604713,0.00090380374,2621.05545787413,0.010376318,0.0007331175,0.05615800826566125,0.006414319253149893
-351.92767,4.3853536,175.10121,3.724755,-50.52453,4.0384912,70.42104,3.3553405,-37.40598,3.5351467,36.327435,3.3269963,-25.084452,2.8870568,19.915401,3.048517,-12.43097,3.2270594,8.258983,2.9577155,-0.17160973,2.8289716,-3.388639,2.828876,7.6413116,2.745677,1417.5426827187898,62.163410421345986,1671.307586201916,36.092067405709514,0.00032623773,0.0005769506,3142.448747462297,0.010241124,0.00065001467,0.06511020881670533,0.007320762185525732
-390.88297,3.6679997,182.56174,4.6203623,-26.63422,3.6060135,56.89438,3.690619,-22.80002,3.136872,25.44604,3.314693,-13.513828,3.2480686,13.340481,3.0703475,-0.2032761,3.0967822,6.5143294,3.0267267,1.3283671,3.0197785,-2.9293103,3.1129396,5.0673165,3.0949552,1014.7176416118597,74.9594040444588,1410.9951347762437,71.08801674598004,0.00016003076,0.00077258615,2106.2070629712875,0.010305794,0.0012200958,0.03817543684744779,0.0070031213288308655
-367.31427,3.7132568,188.86954,2.9849606,-47.576733,2.7991512,63.018715,2.934495,-30.15686,2.8490522,30.751713,2.918988,-18.076773,2.924305,13.022015,3.0742297,-6.7384,2.851272,4.3253775,2.7456286,0.9059342,2.784012,-4.3897395,2.8286822,4.449545,2.8024147,1159.7179784068903,49.0160564266243,1431.3936671299236,29.063907435340052,0.0001701295,8.680975e-05,2451.362825822941,0.010368201,0.00068016216,0.05238090922273782,0.005655793295415065
-361.09637,7.517873,185.7427,4.290292,-50.781727,5.268623,63.605724,3.9969056,-31.930487,3.438748,32.697987,3.280014,-18.621298,3.450636,15.021743,3.2315302,-6.049835,3.0047863,3.8631272,3.1166644,-0.2916896,3.5066297,-4.6259313,2.7633948,4.7678165,2.984247,1230.4400675104382,60.88436933604359,1479.1841640331445,45.03346451036115,0.00023414868,0.0005470027,2614.7853488435326,0.010308072,0.00082019967,0.05647295533642691,0.007525164915375421
-366.1366,3.5574546,160.02751,3.3736608,-34.35565,3.0788548,43.82243,3.2334337,-37.788975,3.346137,25.949644,3.1288943,-22.982306,3.1659696,20.758858,3.3833773,-3.0780184,3.0801625,7.7811875,3.1962717,-5.0780864,3.143379,-8.800162,3.0719569,3.0203385,3.1945636,1481.7516844426543,62.68437061361719,1714.3912979459462,52.74912586972619,0.0003268021,0.0007023978,3128.109932388341,0.009219947,0.0018096465,0.0772243420098608,0.006169539159144632
-343.57425,21.15172,158.72446,26.718895,-50.978374,7.7394285,69.14814,7.54263,-40.055367,11.424192,33.814495,7.424163,-22.847788,11.038665,17.292297,6.396165,-7.5765786,5.5842223,8.039219,3.227515,-0.24448991,3.41941,-3.5117323,3.0411878,8.331794,3.146949,1750.9846931756888,607.3276752879708,1762.7426828587627,317.88822814906496,0.0006661368,0.00082384486,3730.7398537195477,0.00958396,0.0018767277,0.10083177747969838,0.05523594643196544
-391.23102,5.8706236,180.9975,4.397412,-30.778961,4.032021,55.664154,3.7832315,-22.059881,3.813397,23.937954,3.717419,-12.506569,3.6029596,14.951967,3.8811255,0.6439695,3.4923093,4.0965886,3.8110754,-0.20816284,3.5443668,-4.6448636,3.2310975,2.4247408,3.582756,1059.4171419767088,74.91320736113252,1410.1198216157773,52.23781053386923,0.0001463722,0.00037304335,2224.9644268416473,0.010073372,0.0019798137,0.04153109592517401,0.00900108528394892
-364.39456,8.130043,186.94508,5.152977,-48.84617,4.5381737,64.44233,4.5360856,-30.235853,4.2637715,31.803654,3.5795667,-17.881224,3.2509403,13.6481495,3.2265494,-6.2501826,2.9007492,4.591576,3.0484781,0.70022607,3.2156756,-5.2143073,2.9219832,4.1493983,2.8830216,1189.6378518666831,105.57468437186814,1455.6874744875086,59.252101336460555,0.00021319027,0.00057435344,2540.8430272078017,0.010461087,0.0008838983,0.05384348716647332,0.008950752261968392
-365.14243,9.61218,185.88387,4.101631,-46.98821,6.1137004,57.611603,3.641343,-30.055134,4.2143016,25.677217,3.7088308,-17.525751,3.6318898,13.370153,3.5239663,-4.456245,3.288518,4.4975634,3.0983682,3.590906,3.2098825,-1.9465861,3.1629226,5.4909554,3.1874783,1175.8385695863112,87.34675738540007,1425.458166647254,39.819504988478634,0.00019026545,0.00024806568,2460.2808693445477,0.010401808,0.0014564302,0.054194687137471,0.010349299729625748
-364.58957,3.889205,163.7582,3.8090842,-32.97024,3.0622547,56.32433,3.7461636,-40.918224,3.3666003,31.618973,3.5249634,-27.063618,3.023469,19.49843,3.0165343,-8.186168,3.1372783,14.463409,3.497088,-0.039221276,2.769574,-6.2728477,3.2656224,0.8631674,3.02997,1464.6917860142005,64.989382001381,1784.6397101239488,46.60361342288107,0.0002866701,0.000523983,3333.100030814965,0.010004475,0.00091674004,0.06340518960266821,0.006552575782821004
-327.30743,6.2520385,164.67165,8.202993,-69.61432,4.394164,59.21362,4.577317,-43.129486,3.6940408,35.85224,4.077344,-25.610327,3.5180588,16.497189,3.9565802,-15.931846,3.3776658,6.1756225,3.7870805,-3.8647296,3.809593,-6.6035485,3.9142172,9.532508,3.62243,1721.4992430219108,134.60086792704465,1689.197203850395,89.38576611345704,0.00060491107,0.0010504954,3499.720059636021,0.009371155,0.0010907288,0.10282908570185614,0.012393642863479161
-356.4086,4.6366873,158.6577,3.7126899,-35.19983,3.6416943,55.190372,3.702805,-41.17062,3.1483233,28.698942,3.4461145,-26.14821,3.2617218,19.816357,3.08641,-11.703377,3.663327,12.510095,3.244952,4.034917,3.2409296,-5.5368,3.4962208,3.5393488,3.2802527,1561.6015708511068,81.63189278869577,1811.8822342624208,47.23099207035818,0.00033092237,0.00046724646,3451.8074336571926,0.01008841,0.0014860525,0.07428105967227379,0.006986888340656879
-388.90182,3.7341068,182.22514,4.0418725,-28.40526,3.4405522,59.439648,3.4748929,-23.588184,3.3511937,27.91209,3.0216668,-14.444708,3.3423688,15.668028,3.1625152,-1.152422,2.8685856,6.501173,3.2429774,0.5055509,3.0601306,-4.283184,3.1667583,3.9343407,3.281346,1037.1321382603714,63.73484388445083,1437.8157722809085,54.628890506110686,0.00014191931,0.00030564025,2186.269610553219,0.010245176,0.001018914,0.039822678001740136,0.006606910406394139
-331.95123,14.17116,158.98227,5.3939104,-72.33163,4.875267,66.59723,4.921118,-57.85833,4.457576,41.41572,3.6562831,-33.567974,4.0047297,21.825144,3.645951,-19.267967,3.5074654,4.029058,3.3776948,-4.413403,3.7582927,-5.532343,3.5043428,4.5160675,4.440291,1963.6543749851496,130.5864804024888,1854.2136296782605,65.45919666702828,0.0008261473,0.0013546956,4158.156449390951,0.008641402,0.0008291968,0.11929130111658932,0.014529337579286341
-334.97226,4.359195,167.36995,5.284917,-81.97526,4.5515532,75.36028,3.6131303,-39.82972,3.8477023,33.25999,3.3873816,-29.80598,3.1872833,17.650478,3.2143855,-13.310927,3.1717482,4.949903,3.0372133,0.96084344,3.1281118,-2.720988,2.9013193,9.200001,2.9700866,1767.8590313627853,81.69737960916926,1626.6817816011396,37.55281549572083,0.00061800267,0.0010267831,3451.3328038899363,0.008832118,0.0007205447,0.11307506162993039,0.01085731073405825
-340.962,4.661236,164.94775,4.738876,-47.458736,3.9949563,72.17938,3.7234075,-44.009483,3.5258548,41.625237,3.496773,-28.649183,3.3453414,22.745491,3.1407552,-12.064453,3.0308695,8.076684,3.3653538,-0.60219324,3.1243362,-4.5462713,3.2525012,10.028226,2.8423138,1620.9208834646643,79.67904395060197,1849.567186020923,42.329119277271595,0.0004603677,0.0009253902,3757.119276573376,0.010331429,0.00095328706,0.07551139247389792,0.009144299056581746
-370.82767,3.3388944,190.44974,3.3865552,-47.23191,3.0428936,60.922737,3.3289316,-28.395523,3.4556518,30.557518,3.0456312,-16.366255,3.2425566,12.764449,3.237082,-6.587594,3.1065676,3.2386634,2.6248105,0.8577502,2.801589,-4.012134,2.9938738,4.058903,2.7981849,1126.184653333481,52.37729643160938,1400.9919063856937,31.407041407278662,0.00017104953,0.00024126464,2351.6156331569027,0.0103049725,0.0007943861,0.05092399579466357,0.006116164511321485
-364.15054,3.48539,165.20692,3.190253,-27.719353,3.0177062,47.180332,3.1133153,-38.366364,2.7862105,28.266659,2.9510028,-26.999918,3.0612657,16.117947,3.0324574,-9.1917095,2.9645853,9.268865,3.3203986,2.5771575,3.1565473,0.44303474,3.1426575,4.7186294,2.942595,1387.505137630206,63.73951187447505,1717.1705247828816,47.40151538769235,0.00023016037,0.00020658811,2967.5102074572214,0.010451455,0.0014372519,0.0650331714037123,0.005714158331839691
-339.1186,3.4662585,165.34776,4.0425134,-52.6818,3.8054414,69.293175,3.9036682,-44.251534,3.457026,41.216026,3.4765987,-31.881855,3.3667376,20.771698,3.269294,-15.762305,3.1691968,9.101521,2.9452875,-1.1781455,3.0263479,-3.6317878,3.0323575,7.3380175,3.0258617,1668.8439015291665,66.24851985105978,1849.7506347082458,34.72050259590822,0.00056616054,0.0012871849,3757.6188868546983,0.009598315,0.0006427178,0.08340092988689095,0.00871637028535579
-353.14722,4.854976,154.09178,3.904689,-37.78414,3.395958,63.26801,3.4236598,-41.735817,3.459477,31.536982,3.407483,-34.827927,3.0636024,22.530226,3.0578554,-12.49069,3.3107336,-1.7557838,2.984449,0.71546346,3.0411737,5.142924,3.201159,5.452169,3.1722806,1706.8456466966054,90.66990846785455,1921.3434548470086,43.60411524541187,0.00037286856,0.00030949918,4061.2570353284514,0.009982096,0.0013011574,0.07541736151392112,0.00985552812882555
-361.37656,4.007176,168.31244,3.5871432,-38.63815,3.2612655,44.827545,3.6103623,-40.090996,3.4630651,31.954258,3.5046782,-24.7129,3.2720466,20.91445,3.0047295,-8.912054,3.1873095,4.3177967,2.93728,-2.7903764,3.2371404,0.39179868,2.9262788,12.509409,3.227472,1437.036606483526,67.2411951864663,1692.1458705571097,44.77298517337341,0.00029851988,0.000340928,2970.5078691451567,0.00934261,0.0011459372,0.07135930249419954,0.007217403190573471
-337.65555,11.448644,170.51492,6.9981465,-62.124268,6.383639,65.31858,4.57781,-42.610126,4.478109,33.510845,4.8729987,-22.34486,5.5060506,17.160475,3.9928172,-12.161017,4.1534615,5.4135857,3.0821278,2.1558115,3.7137427,-6.9409914,3.6791306,7.932433,3.5452623,1586.2628154195065,130.10035498205946,1653.0702146710928,112.1044343444575,0.00042924008,0.0005390817,3359.754239323521,0.009579693,0.001358849,0.08750430503190255,0.012802079894920104
-368.0752,4.5891967,195.24873,4.7536674,-50.27301,4.5292583,57.47108,3.9527144,-30.52404,3.5839188,30.399103,3.2256024,-16.847692,3.1093714,12.869752,2.9726903,-6.604517,3.026054,3.8387651,2.9972599,1.2546502,2.757062,-3.465716,2.9139168,4.293417,2.8847816,1118.6113917084958,57.29308471447982,1363.5474842915605,50.531399364243676,0.00020562879,0.0008027211,2252.243148201856,0.010350014,0.00080783316,0.053212460121809746,0.006346253563772297
-359.60193,3.686578,167.98445,3.668878,-44.6297,3.4675474,52.624737,3.4298947,-45.49931,3.2354815,32.70801,3.0667903,-29.132196,3.3068445,26.44789,3.307547,-4.3106546,3.2548804,2.3110702,3.339622,-7.6669707,2.9496038,0.19377054,2.9979627,6.4549184,2.996798,1533.086468322175,67.34931589766431,1750.5688174220322,42.29927131256493,0.0003462643,0.00035030133,3332.6004205336426,0.009161862,0.00086505193,0.07659218206206496,0.007774656020139591
-365.9692,3.4061255,186.46461,4.3457313,-47.82376,4.114645,62.074173,3.630372,-28.988031,3.521966,30.968302,3.1796303,-16.389526,3.0559387,13.539185,2.86775,-5.19207,3.0712533,4.7912126,2.9936726,1.1372334,2.6239073,-4.183915,2.9013023,4.927512,3.0271556,1170.4313145307667,61.46610870448158,1443.6843535642017,45.622475692301286,0.00020598379,0.0005800977,2490.881999075551,0.010488351,0.0008816865,0.05270265371229698,0.006298190109023631
-320.45374,3.2818909,144.40956,3.5382159,-66.46667,3.2722695,82.96897,3.1514134,-60.020382,3.4551036,43.867134,3.3385258,-37.432854,3.4139352,23.537794,3.1806068,-17.354624,2.9728827,7.5242734,3.211231,-1.891216,2.9013867,-5.406017,2.8341098,9.384529,3.0212092,2288.6671578812015,72.32235932680925,2029.7187799753974,23.18755422186037,0.0010989367,0.0011903746,4755.665365338602,0.008772813,0.00046323903,0.1490175464037123,0.011391437947439628
-383.24753,3.9340563,184.52748,3.7777717,-33.304996,2.9551005,60.79941,2.8862894,-26.67241,3.1090508,31.108097,3.2384565,-15.015549,3.4241288,14.107736,3.201773,-4.8951035,3.2604897,8.632288,2.999062,1.9065306,2.9142563,-3.3819606,3.271949,4.102338,3.3533762,1074.2699238643006,80.54044164033647,1453.1292975709678,80.82304701028538,0.00013985332,0.00010825569,2269.6545665059457,0.010319938,0.0008354678,0.04581346976508121,0.015003674820304333
-366.01126,3.1054409,188.33546,3.8172352,-48.13544,3.7039247,62.306686,3.365141,-30.695532,3.475542,31.024376,2.9273846,-18.933846,2.938443,11.865821,2.9819648,-7.368007,3.0120852,3.7605264,2.7590284,1.9099418,3.128825,-2.8510811,2.9346516,5.145276,3.049735,1171.7593213504485,52.38906833694859,1438.3538654954532,36.913892082765955,0.0002018069,0.00043873832,2467.1005496845996,0.0103644775,0.00069415243,0.053815164588167055,0.005966788602991533
-395.50024,4.306601,181.4569,3.985447,-28.472136,3.7934947,57.618465,3.6566296,-23.205389,3.6141331,26.382898,3.4222045,-12.53737,3.3467705,15.189695,3.2172961,1.056549,3.148765,7.2440543,3.1691196,2.1453404,3.0360966,-1.8708578,3.3136718,5.7670255,3.2908854,1020.4866624876726,69.51246948157149,1420.7969162393968,55.29301761372474,0.00011951421,0.0001889256,2148.748878425899,0.010435135,0.0012508894,0.03681255437935035,0.007000206529029138
-375.174,4.9421134,179.71548,4.4246306,-37.034428,3.090501,55.412617,3.330994,-28.185392,3.446481,29.635424,3.6261988,-14.979234,3.4789805,11.661228,3.3978295,-6.8753552,3.055572,9.029166,3.0469527,3.941816,2.9829395,-1.8788836,3.075971,6.5787764,3.0495996,1157.9710592367,91.87786761753021,1490.329611083885,92.15640451669287,0.00016602797,0.00013143968,2465.152069587442,0.010167522,0.0011010993,0.050940989341647334,0.017669947281805723
-373.26202,4.1263146,180.47911,4.275543,-40.138714,3.0792096,54.56745,3.3469374,-28.250875,3.2953687,35.29571,3.2926495,-9.511341,3.6006024,16.417477,3.4545145,-6.3993416,3.2261977,3.2282364,3.112686,1.0809828,2.9760165,1.4493923,3.088315,8.34939,2.9612463,1163.2084341523762,74.29864782973718,1483.4746818994658,56.70611939419686,0.00018066404,0.00026883394,2438.198094910093,0.010125648,0.0010160744,0.05040625906322506,0.007721149512608336
-372.631,4.2324767,181.47523,3.358442,-40.736416,2.870671,55.325806,3.0340712,-28.323063,3.0148344,34.665024,3.370527,-10.274969,3.2258673,16.284943,3.3298817,-5.8897743,3.215786,3.759675,3.0396814,0.7820763,3.2832992,0.2525147,3.3444114,7.3031354,2.9870305,1158.3255590915662,62.05514100467993,1476.175060704666,39.95849772213607,0.0001712889,8.921114e-05,2431.228531485644,0.010041438,0.0009421337,0.04991457910382831,0.006492163253542029
-336.4344,16.544924,144.85457,8.377686,-76.33477,6.947678,67.06698,6.3509912,-54.37249,4.9767814,48.980778,4.8463755,-35.67964,3.5731084,21.962452,3.701596,-19.129124,3.4832659,12.443047,3.7714438,1.5606778,4.124459,-9.7737465,3.76349,8.228202,4.230352,2192.299370337783,195.14731244436015,1935.5503642151912,105.11695183265759,0.00082257687,0.00082734006,4523.2466624673725,0.008162424,0.0012797812,0.1495171566850348,0.01584234727057459
-365.08395,3.6388931,186.60843,3.2951655,-48.697468,2.952854,62.602196,2.9508886,-29.920235,2.8136926,30.854939,2.6857893,-17.285736,2.9683294,14.244869,2.982473,-5.1941366,3.2136333,4.2571335,3.159557,0.52643,3.1107886,-4.7929473,2.9022808,4.185385,2.8133566,1186.0251395172218,55.536743061090256,1449.384000522108,32.4172467995704,0.00018173586,0.00015441587,2520.0842200188513,0.0104357945,0.0007589497,0.05307424593967518,0.00627720760269437
-333.2868,12.841966,158.37286,7.067903,-62.945236,4.7905664,72.93442,4.654679,-44.022614,4.029936,35.505676,3.486956,-30.787148,3.8541458,19.664448,3.7909434,-10.0133505,3.6360412,7.4645367,3.5859332,-3.9089327,3.1371696,-6.0645866,3.7698286,7.468086,3.084787,1820.8577865422067,137.40772233238846,1801.9274122658383,58.62673759792832,0.00062082236,0.0006262782,3867.957817484774,0.009188875,0.0015674516,0.10660278603538283,0.0158908500069099
-371.31772,3.3492935,190.82193,3.3562448,-45.215744,3.0906067,60.1724,3.4635417,-28.107277,3.5539956,29.317308,3.0569904,-16.773159,2.990601,11.349025,2.9234712,-6.610423,2.9228153,4.1011014,2.9836276,1.7159653,3.0652084,-3.43722,3.102336,3.8944979,2.939725,1108.2703415859642,46.89989204065494,1389.9719972462615,32.5821963678358,0.00016560349,0.00028466285,2297.2580345490137,0.010421608,0.0006963399,0.05007885005800464,0.005455355256653215
-359.2786,16.324154,183.84886,9.224454,-44.998962,4.089154,55.796402,4.847579,-28.44354,6.4710455,26.69711,6.1608944,-17.537735,6.428645,13.714677,4.1591625,-3.5946443,3.343321,4.9312506,3.1882071,1.6414307,3.565046,-2.9207482,3.172326,6.4318976,3.5754576,1209.0534700645562,164.0197007243214,1450.373535416694,149.75903725328718,0.00023303037,0.000537054,2533.948405325551,0.010285695,0.001307966,0.05892569061774942,0.010546572216412435
-374.54803,3.2113843,182.77559,3.8833241,-42.0677,3.3710728,54.807735,3.437995,-28.925436,3.279084,35.127518,3.3877084,-9.423876,3.038115,17.573267,3.114431,-5.1172037,2.8399184,4.899373,2.8853984,1.5285127,2.9045184,0.36000124,2.884061,6.906593,3.101477,1150.184517285951,59.91974128289643,1466.6591169052313,42.05181104534003,0.00020137482,0.0005418168,2400.927167923434,0.009998497,0.0008455426,0.049558847520301624,0.006909573881692446
-366.5438,4.0203323,164.60645,3.5883226,-33.966507,3.060642,49.067566,3.5917506,-40.143463,3.421536,29.578213,3.1902544,-26.838453,3.2688637,19.972631,3.0827918,-5.387089,2.9824748,11.347578,3.3644218,0.5926234,3.1889317,-5.717098,3.0730956,0.51446414,3.082517,1440.5856485282716,63.11557736997001,1725.4377657742616,49.97060209680318,0.00028359308,0.0005657722,3092.063050590922,0.009951155,0.0014168908,0.07004853357018562,0.005297258553358303
-364.8813,3.978158,172.1871,3.7849612,-41.32326,3.4685514,49.719402,3.8153603,-44.256382,3.443916,31.123955,3.3828068,-29.917149,3.4994812,21.068584,3.2580402,-9.762557,2.8547876,6.00338,3.0555758,-2.7822156,3.2336943,0.6143337,3.0571973,14.219786,2.9835298,1422.1545047060768,54.791507244192374,1679.1422155453454,41.83655631332195,0.00026980956,0.0005530554,2933.8614550101506,0.010110157,0.00074366154,0.06903458526682135,0.005457571029478859
-333.12463,25.057102,153.63289,13.311076,-71.73363,5.868334,76.09889,10.803808,-42.56291,5.0559077,35.416637,6.2072067,-28.6804,4.9589415,21.135525,5.704375,-12.487701,4.924065,7.9162383,3.9388916,-0.51781315,3.6160421,-3.232972,3.3422697,9.960318,3.403386,1956.5536315683114,293.8809203837041,1784.4581827968018,150.87316705986328,0.0008192806,0.0014581778,3915.0211059853536,0.008530861,0.0013437548,0.12542597157772623,0.028617120697283234
-370.99408,3.5463967,190.59477,3.9140353,-45.750095,3.5639987,60.68299,3.5544226,-28.264807,3.5128894,29.806608,3.173394,-16.695301,3.085371,11.83156,3.029146,-6.4604487,2.923563,3.6552303,2.8845336,0.9668176,3.2582629,-4.335156,2.932591,3.6715674,2.8531654,1113.7287196429763,54.65933173074207,1395.2308856808097,37.72758502640214,0.00017868477,0.0003968734,2316.5180108939967,0.010452925,0.0007929991,0.04986926297853828,0.0057056175850255
-359.4902,4.1789255,173.7045,3.783098,-47.09975,3.1733375,62.064384,3.5389876,-33.514412,3.3882794,41.970757,3.2522159,-18.70331,3.379602,21.856955,3.4548743,-10.812253,3.167169,5.816394,2.8518314,0.61498165,3.048471,-0.7599316,2.9360766,9.498259,2.7803373,1362.698203795825,72.66658801275695,1660.1504775552503,51.76192118840137,0.00028697654,0.00039530246,2984.5968790784514,0.009964519,0.0007557138,0.059954366661832945,0.007347420184254087
-350.2647,8.3545475,176.32127,6.795904,-52.66911,6.199163,64.26838,5.4537964,-40.640488,4.6255765,36.18286,4.5067143,-24.235374,4.1615224,16.618128,3.8796136,-12.9518795,3.6051917,6.4873443,3.5256572,-2.076391,3.005761,-4.475542,3.4463353,10.867638,3.3992772,1440.1376058013975,132.0650360281696,1644.0800313932068,120.11681395008272,0.00037338238,0.0011453488,3151.166946871375,0.009905702,0.0008218934,0.07151677602958237,0.012161545689344437
-377.25095,4.53334,198.65092,5.782589,-39.93026,3.8937547,55.699116,4.3102784,-36.770863,3.845692,25.829407,3.903004,-17.821283,3.2586563,16.931498,3.4217505,-3.2579756,3.4172428,6.285279,3.201808,0.42495638,3.1597793,-4.6094027,2.9168248,3.458295,3.033438,1043.1861515160067,69.14676559944456,1338.99545909614,60.90052648884552,0.00017831789,0.0007556035,2023.2717562717517,0.010482636,0.0012016281,0.04865592372389791,0.006123541702014389
-367.2973,3.7072728,164.10887,3.7079113,-33.876175,3.1401024,56.21401,3.3032231,-39.794876,2.9804306,31.092352,3.2702885,-25.679083,3.6722603,19.10272,3.145253,-7.644964,2.9628048,14.826445,3.150653,0.6399774,3.0038762,-5.6827474,3.1964545,2.6193235,2.9090054,1441.1889446612563,65.66359356782729,1756.7415780173014,46.051144818396374,0.00025108206,0.0002863122,3262.305253951566,0.010100334,0.0010028125,0.06120169301044084,0.006164349041957696
-372.8584,3.4561,185.43561,3.5410078,-45.247715,3.2597246,56.16032,3.2187166,-32.3539,3.417039,37.609596,3.0776293,-11.213266,3.127656,17.249996,3.2529213,-8.825442,3.0733454,2.7108958,3.2065628,-0.0021505333,3.2723587,1.1882186,3.0913029,8.480021,3.0595872,1173.2719934469753,62.06900793047482,1466.4448431222067,39.31177008492962,0.00018511096,0.00024253211,2412.7929121048433,0.010057473,0.0008093339,0.05519730640951276,0.006837643213256202
-374.62878,3.4908037,182.32101,3.676994,-42.75667,3.126368,56.17899,3.2930102,-29.941044,3.3114178,35.562557,3.4821682,-11.187423,3.4256344,17.092606,3.2781322,-5.8560743,2.9864345,4.9662914,2.796458,1.2853001,2.7770293,0.7138239,3.3370497,8.507254,3.279068,1166.8426116335759,61.55763549916769,1482.751847335303,43.29616390102113,0.00018401796,0.00023278489,2450.4385468024943,0.010048225,0.0009206193,0.04923257141821346,0.008355192014348707
-369.70392,4.0198226,179.2754,4.224306,-41.644714,3.6705577,60.067055,3.8673363,-31.571115,3.4843323,39.147816,3.3173697,-15.318958,3.5152252,19.905645,2.872953,-9.184901,3.037495,4.339321,3.130884,-0.43632016,2.9374433,-1.6063906,2.6950154,7.633184,3.0604331,1227.9727627710038,71.96159966130088,1567.0931884008903,51.567050387314204,0.00023658344,0.0005240355,2637.9672658968966,0.010090221,0.00087269023,0.05135223317865429,0.007848691578012875
-369.90793,4.089256,190.43703,3.349011,-47.297302,3.2207289,59.598854,3.2959726,-27.767715,2.7845237,29.584185,3.1529672,-15.665601,3.0194294,13.08811,3.1676528,-5.6640434,2.8295665,3.819286,3.0707476,0.3754945,3.0341723,-5.1148963,3.1179817,3.3239188,3.0179663,1125.2833115461713,46.92681505756688,1392.4981582181058,33.355643298407465,0.00017612413,0.00036696187,2336.727246773492,0.010303734,0.0006977042,0.050771053871809746,0.005396462983926216
-370.7062,3.0395083,189.72508,3.9487374,-44.17881,3.5163078,59.170094,3.277674,-27.429167,3.0591433,28.648846,3.0643556,-16.757353,2.9965696,10.850609,2.8649092,-5.8082356,2.9676435,3.9461117,2.9612968,1.6952357,2.8694105,-3.402918,3.0332782,3.8079531,2.9902492,1108.047124913274,51.23167348996959,1391.453825142319,41.81960599827131,0.00018744546,0.00056178187,2291.512516313805,0.010400072,0.0007239241,0.04974011202146172,0.005377396291453827
-377.05048,4.016188,180.52316,3.8594115,-38.00283,3.706299,51.91727,3.7288654,-26.619686,3.8998575,31.924335,3.7043972,-8.402783,3.4543178,15.038229,3.3220966,-4.8500624,3.1053474,2.836219,3.309787,0.3680691,3.388027,0.1038541,3.273649,6.619816,3.18625,1138.5293733664776,65.65762402375964,1453.0096783535776,44.17502171965419,0.0001766599,0.00031411313,2357.161307279582,0.009987798,0.0012332967,0.047201276102088165,0.00841431325694144
-370.26776,3.832042,179.74835,4.0572915,-43.268536,3.3732526,58.087265,3.3003666,-32.268085,3.4875684,39.794094,3.7229009,-13.927975,3.4379883,20.186594,3.1924934,-9.446371,3.402791,4.624243,2.8507037,0.33784658,2.9755006,0.19786352,3.1371548,8.884083,3.0119038,1229.7763911648751,67.32996498245485,1555.9629549928293,52.22651046325782,0.00023093334,0.00050487655,2612.2872974369197,0.010016847,0.00077464065,0.05324078270011601,0.006916122078061928
-364.42297,3.503765,186.29851,3.3204396,-47.31769,2.9616625,61.196487,3.241715,-28.85318,3.2916832,29.906006,3.1573355,-17.730997,2.9168308,11.461795,2.9380789,-6.7171373,2.8972027,3.5004828,3.0060525,1.791613,2.89155,-3.8815687,2.8970456,4.8528595,2.749124,1178.5097040787355,56.77222073553778,1438.892063858014,31.610058802595937,0.00018364661,0.00016149884,2489.1833241190543,0.010361437,0.00078322034,0.05304705626450116,0.006343483073119617
-368.01566,3.3453577,189.23784,3.3246634,-47.568893,3.1773055,63.071762,2.9063334,-29.64603,3.0840735,31.715698,2.7575023,-18.87741,2.8969164,11.535235,3.141213,-8.092995,3.0760024,3.523858,3.1718035,1.6854804,2.7678273,-3.537748,2.804267,4.130556,3.060026,1155.3555245280597,50.967752289963336,1428.7052087376096,31.97998268221277,0.0001735208,0.00013943716,2427.8561620867167,0.010398543,0.0006793464,0.05206596215197216,0.0060655400940920826
-361.042,3.1141827,164.84343,3.7726183,-35.4879,3.6036882,43.82749,3.2918594,-40.510418,3.217035,28.932255,3.064445,-24.914024,3.257654,22.197329,3.0757232,-5.8774414,3.1493258,7.8404956,2.9341443,-5.1026964,2.9918864,-6.729259,2.7705631,5.7070775,2.7925956,1462.4049351789477,64.06624969380691,1717.9521378604275,48.331742607760056,0.00029759493,0.00049292366,3055.516558512181,0.009561419,0.0010651333,0.07446572288283063,0.006422282670023872
-363.90546,3.7422976,172.59406,3.3031874,-42.93128,3.1415484,45.573093,3.2827153,-44.395866,3.163691,34.179104,2.979619,-27.229515,3.3432717,21.820267,3.4578173,-12.621957,2.995902,5.2670374,3.065405,0.33999217,2.9568117,5.1538415,2.9846778,14.31957,3.152537,1425.7641349596076,55.18997522925168,1670.0812313100598,38.44129637877477,0.0002257011,0.00020880606,2855.572523926914,0.010445252,0.00086529396,0.07209795533642692,0.005916458592536019
-386.06522,5.5450335,184.84485,4.9396787,-32.106323,3.6884747,64.340065,3.6659749,-28.127396,4.258091,31.67521,3.9143836,-19.686102,4.1329637,15.370449,3.2554946,-5.350151,3.2403767,6.2472873,3.071254,0.034615323,3.1728017,-5.6532083,3.408583,5.4167566,3.1454422,1077.754499529194,84.06648536654579,1472.3957957501907,84.8348821385846,0.00015382378,0.0002676953,2286.1417057895883,0.010265702,0.0007837363,0.04319419772331787,0.008228363345378636
-365.36426,3.3515432,187.2427,4.2675,-47.431065,3.4854443,62.270546,3.2807782,-28.619003,3.7043157,30.824278,3.217098,-17.375427,2.9824283,12.832961,2.9817166,-6.431135,3.1351218,3.7297595,3.1021094,0.54777795,2.8525999,-4.4680643,2.7277782,3.8185825,2.9166584,1165.8757740078738,52.38639592831773,1437.572944141893,40.11450874400257,0.0002104494,0.0005647231,2467.4752573955916,0.010449207,0.0007668751,0.05285786144141531,0.00625895033563995
-367.45886,3.2808034,188.44946,3.7221258,-47.03335,3.64469,62.946827,3.3613048,-29.52514,3.2132785,30.560593,3.2058015,-18.650194,3.2246022,11.946686,3.166665,-6.7446837,2.9048269,4.4101386,2.6197753,2.101395,2.9438663,-2.9743443,3.1239347,5.408778,2.9028914,1153.143600640578,53.80506849965397,1431.4940684429514,35.271904791583715,0.00018645977,0.00030870805,2436.849147150522,0.010500798,0.0007178855,0.05184278023491879,0.005832024673956316
-336.2028,5.0128155,170.45805,3.991865,-67.642845,3.4676585,70.3306,3.8407056,-38.09044,3.5504944,33.467133,3.3649087,-29.707499,3.6692247,17.8506,3.1944954,-11.424263,2.9561727,5.8004503,2.8317587,-3.0597186,3.0880713,-7.6666393,3.03293,6.764768,3.2216687,1614.6899814122946,69.09792558556983,1652.3700733402193,38.51428214840287,0.00045475073,0.0007006072,3322.083624111804,0.009723657,0.0006239806,0.0892682352088167,0.009673974807610017
-368.40176,3.2173731,188.33171,3.3974686,-47.54262,3.252806,63.532185,3.3536224,-29.712091,3.2108986,31.431938,3.120878,-18.814062,3.0512328,12.182425,2.9722834,-7.245117,3.028066,3.9954567,2.8270993,1.8545163,3.0351956,-3.578627,2.8132696,4.982513,2.8125446,1158.1047634108882,46.506792618583816,1436.335256254771,31.185001984925545,0.0001930748,0.00037581942,2452.586871012181,0.0104112215,0.00070244755,0.05149724477958237,0.005744354470689032
-372.36465,4.0198207,177.2974,3.5727582,-47.44754,3.629552,50.68606,3.2767212,-44.39694,3.5005755,37.228172,3.5010815,-28.124872,3.4620585,23.423828,3.178487,-12.569443,3.1507869,3.7736692,3.0625424,-1.2505674,3.12209,3.7663374,3.245433,13.458709,3.571983,1408.9344861285037,57.70416992494404,1645.7783437729204,43.99772602132957,0.0002771121,0.0002863614,2816.003389646172,0.009028081,0.00075357145,0.0733271552349188,0.007280165459706151
-357.71237,4.674773,173.09813,3.9719498,-48.98426,3.6223066,62.142925,3.4187267,-35.420578,3.1144385,43.38072,3.4157245,-18.644783,3.420182,22.970242,3.025807,-11.4503765,2.8620424,5.7388206,2.9075449,0.39345112,3.0243666,-0.6255221,2.998016,9.542469,3.1239061,1401.1991901301615,77.32323058557277,1681.0800061546604,54.54081803880258,0.00030177704,0.00033297774,3081.995903422274,0.009797198,0.000710628,0.06434210049303944,0.008179430533939958
-362.44675,3.6023588,185.77332,3.3865304,-49.28094,3.1390853,64.35233,3.272496,-30.727274,3.510529,32.746365,2.908153,-18.30263,3.0663042,14.127172,3.175585,-6.448761,3.0778563,4.701177,3.167491,0.9710943,2.8278446,-4.9922295,2.7579374,3.7497122,2.9828982,1206.6395399857809,53.09912520758972,1473.4638480726958,31.22993074943764,0.0002097365,0.0002802335,2587.581569025522,0.010369354,0.00069564534,0.055418222520301624,0.006448843477595756
-343.4635,29.53846,161.02896,10.075006,-70.81139,17.147036,69.05016,5.695746,-48.910694,6.6496415,39.91978,6.017855,-34.931625,5.450517,22.108095,5.389823,-16.690222,4.0721207,7.8873205,3.5089738,-1.4863746,3.2973223,-5.2662582,3.2961712,8.594982,3.3841262,1887.350540288724,259.2009351331792,1817.1664834955848,166.08415786049434,0.00077984406,0.0011735004,3938.203023038718,0.008188058,0.0020284934,0.11349763449825986,0.02929799237340537
-369.3615,3.9063344,179.0045,3.2819166,-47.6246,3.024166,53.410294,3.3139045,-43.232246,3.2340345,35.912666,3.195785,-29.47296,3.0683973,23.542149,3.2270389,-14.034395,3.1992464,3.1011424,3.082668,-2.6911013,3.1292837,3.6410565,3.3477955,13.511184,3.5532777,1395.2008422779431,56.10842974143722,1640.8133906278827,41.43972410743677,0.00026326414,0.00017765081,2783.728565472738,0.0093302475,0.00082164386,0.071772812137471,0.0072758336175833115
-367.57404,3.8704433,171.3658,3.7671545,-44.162968,3.259143,50.051823,3.5877476,-41.3138,3.4733033,37.9067,3.277637,-26.575079,3.34223,22.449383,3.0733638,-14.560479,3.0030346,2.7227952,3.3131475,-1.6455407,3.473476,4.2497444,3.0380585,12.945517,3.4636924,1458.7098639220726,61.45609559175496,1705.939948745277,43.34966144825582,0.0002966133,0.00030870247,2996.712428400522,0.009119669,0.00093101984,0.07502877573955917,0.008214898174591529
-389.3851,3.81487,181.67006,3.4359112,-25.187365,3.1910753,56.063896,2.9205756,-20.75799,3.3830967,25.291101,3.3459103,-12.462076,3.1348968,12.742067,3.5670552,-0.062031154,3.4395618,5.8670106,3.1103642,2.2056978,3.1156013,-2.3870687,3.3118134,4.1336346,3.2768161,1006.9593475956991,63.983901694134666,1405.2236354881968,60.114259116551324,0.000118881326,0.000107789965,2092.3678581786544,0.01033501,0.0010575334,0.04050695149361949,0.008379321329215962
-369.1886,3.8050127,175.46834,3.6803906,-48.411987,3.6968725,50.85684,3.6048515,-43.57064,3.593584,35.378433,3.6532233,-29.386564,3.050535,21.965794,3.5246782,-14.788628,3.331488,3.2338057,3.193999,-2.3221097,3.2257345,3.706867,3.1494682,13.340898,3.209675,1443.3606777923917,53.83139873610781,1662.1108934688123,42.34555300643368,0.00031417137,0.0005535849,2895.6662490030453,0.0089582065,0.0008079113,0.0757594982598608,0.007398073621541066
-367.38663,3.5529578,169.42458,3.7611299,-37.234516,4.021199,52.48789,3.8769577,-42.76569,3.677049,34.001957,3.5166552,-27.901222,3.3090003,22.792044,2.9212887,-7.922324,3.2858288,7.5857406,3.180839,-5.4705706,3.2577503,-7.862568,3.2588015,5.152678,2.9423878,1436.1258244633032,57.37402117471367,1729.5859421171551,48.52179678508457,0.00030608746,0.000603921,3078.198865284223,0.0095102,0.00086023216,0.06970639682424594,0.007166323631877006
-361.20126,3.4501755,160.19281,3.2777638,-25.440205,3.0844321,47.998413,3.2688892,-37.76012,3.1896093,29.690632,3.2680838,-26.79779,3.158991,18.201607,3.0215669,-8.217557,3.1251214,10.106396,3.223069,2.2460096,3.0741632,-1.2905693,3.012883,3.3156326,2.9245737,1458.9734573373698,65.13736949916691,1799.9722675642392,48.27635125175321,0.00028591868,0.0005942754,3265.802525920824,0.010244373,0.0014413598,0.0660119997099768,0.00542489549954624
-359.81537,3.9150279,162.1313,3.6516812,-43.751442,3.3359747,56.208626,3.4364898,-44.79272,3.2352676,31.489346,2.8647053,-27.94195,3.0783236,26.657364,3.3355045,-4.669269,3.1419096,4.946554,3.146088,-4.483929,3.141262,-5.217208,3.2113304,5.8196287,2.9183347,1580.4445677166923,65.53901300600982,1777.806471985896,41.625729225541356,0.00036897956,0.0006612616,3484.556887597883,0.009294409,0.000883635,0.07944596505220418,0.0073941467423084785
-365.64233,3.738048,168.59401,4.0003724,-37.414047,3.7704792,49.113953,3.7044797,-41.39583,3.2403226,32.778526,3.6544838,-25.865683,3.2878425,22.633347,3.2591858,-6.481751,3.2069852,8.170776,2.9852142,-5.0493326,3.1549659,-7.054563,2.7781506,5.534503,2.8781319,1420.389699709654,65.7018290223158,1703.5633734422524,49.45106008022081,0.00030110136,0.00073792,2986.4704176334108,0.009741289,0.0010382937,0.07053794772331787,0.006405783348211067
-321.67935,13.051085,145.414,9.269457,-65.79296,6.420905,66.793915,4.904161,-42.169178,5.266224,33.24768,7.704473,-31.199886,5.4776692,18.751469,4.7636585,-13.9733515,4.3687897,2.888328,3.3917267,-0.8579139,3.1550932,-5.145303,3.0311036,8.980935,3.8641639,2044.534837096419,228.79566454166047,1862.6895092596894,158.72433189820802,0.00086329336,0.0013044327,4203.271257794374,0.0087017035,0.0009852047,0.13258138776102088,0.022898235026242646
-343.423,3.9663029,144.31917,3.869818,-46.583263,3.3612921,74.158394,4.107373,-46.532238,3.426487,30.546188,3.5593824,-34.397724,3.140942,29.32892,3.3466072,-17.408417,3.2856097,1.2967848,3.1053755,5.0937357,3.068095,1.1448652,3.2619877,8.925377,2.9752095,1993.8794269816588,81.19679235134107,2016.7735195981836,34.60559706450144,0.0007511815,0.0019770092,4510.5565613217805,0.008910843,0.00093611155,0.10075813877610208,0.012059849785326088
-327.62015,3.956068,129.46545,5.1111436,-76.71455,4.2400208,86.17715,3.8934696,-54.996754,3.8879194,43.49642,3.6622012,-38.356316,3.636448,24.514008,3.509291,-16.558195,3.2167277,7.869815,3.3882928,-2.8691003,3.599951,-3.490185,3.3190696,11.268423,3.1027455,2570.9650544321084,108.34435767582458,2016.6400137524106,39.496779165597246,0.001548575,0.0017097715,4913.89194143344,0.0074433754,0.00047688774,0.19153086934454758,0.01656366571620067
-368.72427,4.7577987,194.2878,4.742446,-48.617794,3.6514683,60.489086,4.089919,-29.95098,3.5609956,28.182928,3.5343647,-19.725819,3.5893705,12.190707,2.936695,-5.666312,3.259808,4.839032,3.0213125,0.40939015,3.1314316,-4.0838947,2.9252405,5.0978394,3.220063,1117.3204381430735,60.72916548259099,1371.8469399983235,47.344996067530104,0.0001855485,0.0005004722,2275.225221142691,0.010405191,0.0008429446,0.054048542633410676,0.00671024177291206
-342.77542,18.157532,174.80995,11.951388,-70.74646,8.176908,59.902023,7.714188,-43.2349,4.748945,28.0512,4.512832,-31.451616,4.5418415,17.397556,5.59866,-13.898589,3.8224602,-1.8608419,4.3532653,-0.37851682,4.9499493,0.59672135,4.478685,7.3925385,3.8204458,1587.1337849814008,174.75855508487186,1568.9243421861045,103.29879459696335,0.00045678482,0.000782359,3081.7710787956785,0.009425393,0.0021863766,0.09598068626740139,0.01900319908142127
-358.43967,4.581835,164.97946,3.4437609,-33.75292,3.4108136,50.626976,3.4666555,-39.804253,3.0200484,30.144413,3.2901044,-26.117022,3.0880158,19.601154,3.1865423,-7.1696806,3.5080967,8.051832,3.413078,-3.5307634,3.045052,-9.228314,3.1566691,0.20732775,3.1971219,1452.556594292512,66.18913511924102,1736.9776148900191,47.61878990831966,0.00029147707,0.00044351604,3162.0834315182715,0.009998302,0.0011432131,0.06912635042053364,0.006534476257375625
-369.67606,3.0813758,190.49094,3.560763,-47.3831,3.451072,60.54254,3.200026,-27.947989,3.3614814,29.86775,3.1854064,-15.990572,3.06756,12.895587,2.9681003,-5.445009,3.041549,3.5009081,2.902748,0.43053457,3.0303366,-4.1030865,3.064621,3.973466,3.0119617,1127.1658019182876,49.43468993575769,1396.581291947765,32.26450457896992,0.00018023337,0.00031983617,2345.9950174920245,0.010301209,0.0006900555,0.05092739450406032,0.005643174160522014
-367.515,3.7445948,173.22803,4.1056275,-46.08329,3.4410238,48.522602,3.5994601,-42.43373,3.5095165,33.127514,3.3823647,-27.994562,3.3790622,21.28126,3.3611972,-13.529867,3.319141,3.9848518,3.1972833,-0.44367832,2.9300249,4.684262,3.17189,13.938633,3.1065311,1440.4722361975514,63.898736003750265,1654.1205184784064,47.49464758093922,0.00031072236,0.00072938605,2876.731019340922,0.0092966715,0.0009258677,0.07714957040313225,0.0065201286888497845
-368.58765,3.2695315,182.10977,3.8478117,-50.086853,3.4975016,55.965084,3.5638201,-33.989964,3.133622,40.80613,3.3691633,-10.266118,3.3659182,18.1584,3.136886,-11.036151,3.2530107,2.303331,3.2468908,0.09941652,3.2132907,2.0231183,3.2861445,9.397629,2.9824142,1254.4330060095256,60.96521893550615,1504.5374163813,41.96122107852353,0.00022220808,0.00033767355,2588.6807116444315,0.009879979,0.00072973,0.06535831460266821,0.0070695241488483735
-366.59882,3.617674,167.68532,4.037998,-34.398247,3.6927974,49.67911,3.8534486,-40.66673,3.3175673,32.286667,3.571166,-26.096497,3.3575141,22.618027,2.9624226,-6.437094,3.0413039,8.514774,3.197567,-4.205534,3.2046287,-7.909581,3.1796043,2.5020506,3.2106812,1422.2878171001803,66.64179418747264,1725.0468552129628,49.2809117276587,0.00033123913,0.0010821112,3029.187096686485,0.0094967,0.00088002166,0.06856329756380511,0.006564343422339338
-349.55685,4.473666,162.18057,4.2155457,-44.55208,4.190193,54.591045,3.9210885,-41.92474,3.7204995,30.76461,3.381272,-30.917732,3.0965614,25.311625,3.394151,-4.469575,3.5474522,3.6552067,3.4705913,-3.265171,3.3040621,-3.8500845,3.1996362,-2.7093532,2.9449015,1602.7147646731569,72.9860856685499,1786.619358437399,48.28473305166325,0.0004279205,0.0011521201,3502.318033098898,0.009545277,0.0010242836,0.08239491190545244,0.007144949263311984
-367.12546,3.2689428,186.17436,3.8761022,-46.79813,3.2988338,61.7294,3.446148,-27.934114,3.6704247,30.878271,2.9156456,-15.840473,2.8948057,13.23456,2.974825,-5.5047684,2.7617788,4.0391154,3.109439,1.5987352,3.064324,-3.6188607,3.0440345,4.418842,3.1488202,1162.9258856961892,57.37861749915984,1439.9163941910454,36.11427178085169,0.00019766262,0.00046860913,2473.945210538718,0.010496978,0.0008975825,0.05090247063515081,0.006258110757703448
-389.40945,3.9036074,183.76624,4.3707743,-30.991148,3.3274848,62.194298,3.3777316,-24.237156,3.545274,29.610939,3.5575984,-16.567596,3.525494,15.445006,3.3157535,-1.2983433,3.1689749,7.6214414,2.989991,-0.022374611,2.964646,-5.3306456,3.1092007,3.5574982,3.198252,1045.8742739068582,75.75149683046114,1442.8149148026355,74.61660583771828,0.00014431191,0.00031401592,2211.4499687318735,0.010255962,0.0008625443,0.04146425464037123,0.007838942447382145
-365.38208,3.3372023,188.80235,3.249022,-48.488464,3.217672,62.80041,3.0087645,-30.463879,3.0446346,30.76945,3.0392816,-18.876503,3.030101,11.990658,3.0018575,-7.2970924,2.9491346,3.65154,3.129137,0.98233247,3.0155709,-3.6546721,3.010763,5.2926483,2.9445856,1171.5860847125277,53.6543252293941,1433.231702445996,29.94885026737451,0.00018658824,0.00016971544,2465.326933185905,0.010318978,0.00072662457,0.053724532337587005,0.006228838447722664
-357.39816,3.819768,161.34357,4.3352346,-32.099564,3.6628451,50.583504,3.9593678,-39.603268,3.741919,31.068672,3.4802458,-26.598646,3.205905,20.590326,3.127549,-5.1430526,3.1318123,11.7320595,3.1246808,-1.0259086,3.0230455,-7.1869054,3.2373192,-0.12672275,3.1374826,1497.9280843413133,75.20955964463766,1786.5690421559987,56.74945763704482,0.00033610873,0.00096999016,3341.3685809708527,0.01011323,0.0016320689,0.07219878371519721,0.006016025412475625
-362.45917,3.168312,188.09744,3.3647025,-51.931263,3.4658046,64.908005,3.3001258,-33.823692,3.0652368,34.23319,3.1443105,-19.763233,3.1601927,13.935903,3.3179731,-8.600709,2.9947093,4.333259,3.1131895,0.8853383,2.9699278,-4.769872,3.0865467,5.1569486,2.8853521,1219.7424855155077,53.10140130727155,1473.201002625626,31.20956572167131,0.000212739,0.00030149124,2602.29509181047,0.010347233,0.00069841347,0.056772041763341066,0.006416812745374566
-371.31366,3.638356,192.23209,4.967685,-47.33256,3.9400191,61.917507,3.89085,-28.71475,3.4493701,30.705608,3.2354004,-17.64395,3.2724888,12.376049,2.9544015,-6.773556,3.0201013,3.9310176,2.9717164,0.6741856,2.9068182,-3.9625032,2.923496,4.3355627,3.0230248,1110.8773447842484,63.20014116521809,1392.3520219725185,56.899098451580315,0.00022863007,0.0012939086,2305.026974423579,0.010417504,0.00074581854,0.05037000616299304,0.005830095197356339
-376.98425,3.9923892,183.45108,4.1170516,-41.29721,3.910203,55.933403,3.6630743,-29.743021,3.6154366,35.588787,3.531462,-10.628908,3.346563,15.909497,3.262718,-8.542962,2.8791828,2.3191903,3.141703,0.82924575,2.855571,1.5205442,2.833304,8.730117,3.227911,1150.5798834505101,59.21001153076158,1463.3619387247168,44.90935963475665,0.0001937738,0.00040166284,2383.0910808802205,0.00987522,0.0008543915,0.051863172491299306,0.007158215068950404
-371.7497,3.2883472,192.12456,4.8359165,-47.420067,4.1046495,61.105984,3.7746885,-29.005585,3.5333972,31.03782,3.4736805,-16.69501,3.1329286,13.008387,3.0475788,-6.455718,2.7375968,4.4747987,2.9591758,1.5859962,2.8288465,-3.5592248,2.888298,4.4218216,2.9568698,1111.519484991935,54.94611416960532,1394.1216909785787,52.421480330729175,0.00021702684,0.00088416506,2307.7498504567866,0.01033912,0.0007362533,0.05018534295243619,0.005885282933511481
-364.1152,3.4375663,171.98627,3.4438758,-41.8821,3.0172372,50.057987,3.3281367,-44.60672,3.19751,33.668797,3.2120323,-29.44023,3.0252554,22.818735,3.1237874,-9.04541,3.0789874,5.83365,3.1324813,-4.502099,3.0955472,-1.070561,2.9528518,13.508476,3.301289,1445.1083013337898,62.069470971562716,1702.1260437626424,46.33490950838164,0.00027353517,0.00022855186,3009.7522567430397,0.009601636,0.0008367154,0.07287286107888631,0.0063075476373880245
-395.57983,3.621352,179.72905,3.7678142,-28.667805,3.6628242,58.394367,3.1076524,-23.614128,3.1034021,26.38612,3.198004,-12.993521,3.227134,16.264765,3.4360137,2.0093987,3.4713418,8.830095,3.1978362,2.8173656,2.9475317,-2.5510712,2.8756895,5.1487813,3.1701276,1037.0005783457157,59.66516001202163,1442.7496932659485,52.21285155350906,0.00012471306,0.00022248515,2216.121324862239,0.010457073,0.0011239407,0.03437567974187935,0.0064968645224329925
-361.74298,4.7081513,183.87915,4.8179164,-51.707973,4.0067534,65.76756,4.131732,-32.81718,3.6410396,32.861393,3.5534697,-18.557508,3.2332897,14.737709,3.2048538,-8.37904,3.2199137,3.7721534,3.1037009,2.4852462,3.5433521,-5.359586,3.4868515,5.737085,3.377987,1259.1559905003683,74.35936101873865,1504.5325979678835,57.64076920169138,0.00025758642,0.0009159504,2733.94240093895,0.010147349,0.0007299768,0.05946042089617169,0.008732460701663848
-368.99615,3.4033625,194.02242,2.714929,-48.013107,2.743647,58.368195,3.0503657,-29.98777,3.0111363,29.52098,2.7673755,-16.333347,2.6797755,12.291741,2.8631318,-6.540081,2.8069072,3.3378441,2.766495,0.11568012,2.9536076,-4.8261003,3.0242825,3.8813148,2.7121336,1108.8362875105176,44.2875531170231,1367.7141172424415,26.283274891379488,0.00015342828,6.469806e-05,2253.1424467082365,0.01037422,0.0006814867,0.05124347447795824,0.005491619830485771
-373.66553,3.4142935,183.10579,3.3533463,-42.662758,2.9868348,56.708076,2.9046898,-30.000652,2.8929138,36.414738,2.8765914,-11.236969,3.1307497,16.045263,2.772246,-7.4771504,2.7897491,3.7425601,2.974616,1.0517807,2.9199634,0.8123629,3.1029677,8.0240965,2.844673,1163.7105426703358,63.366075084230985,1478.2523727361943,38.18000462921391,0.00017919685,0.00014846714,2437.5985625725057,0.009994456,0.0008574507,0.049956496519721574,0.006617032815914457
-392.73785,3.5667076,184.85391,3.4921396,-27.821348,3.3512468,58.888027,3.202355,-22.773975,3.3693504,28.12355,3.2444177,-13.176414,3.4349623,13.8104515,3.2989,-1.0548999,3.1210995,6.8797717,3.1741755,1.7064512,2.9394093,-2.3883257,3.2076013,4.792828,3.2618806,996.4989954178376,62.95866746947862,1400.1292322993816,57.02536410484506,0.00011960368,0.00014785808,2059.4935016676336,0.010325231,0.00092798396,0.039563243184454755,0.008989218064113135
-326.73978,18.5055,138.64516,6.612601,-65.257286,7.560724,73.18204,6.7390637,-56.874657,5.512631,41.993633,4.057187,-34.83634,4.1987886,22.229424,3.5906305,-13.7525015,3.4097137,8.75196,3.4995744,-0.105960645,3.29518,-3.2760324,3.0765986,10.593781,4.2249846,2305.7318477354233,141.76024033593333,2023.7853055290036,49.353315329173455,0.0011689657,0.0015144728,4782.619340015951,0.008123972,0.0018305728,0.15071010368329466,0.020989723359249014
-338.42133,23.04245,169.76971,5.0804896,-70.58666,4.7998347,70.3387,4.222218,-48.22891,6.9505677,32.74459,5.4215875,-28.093216,4.236986,19.466265,6.462703,-10.4522915,3.7135582,7.027292,3.4849498,-3.166076,3.436435,-6.670307,3.5298662,6.677065,3.049371,1700.4623753175517,106.39747747651508,1682.114611772748,70.44886439804318,0.00057892903,0.0010941544,3566.6428568191704,0.009169038,0.0021504387,0.09853764863689095,0.010133397074318859
-369.86093,3.8015401,177.38417,3.9597924,-49.57246,3.626396,50.35432,3.698199,-43.283054,3.499571,35.3428,3.326526,-27.59783,3.1872575,21.927208,3.4530823,-11.808748,3.1980534,4.3576117,3.1203294,-0.9452348,3.2689412,4.7681985,3.1815186,13.443219,3.1052775,1413.1091567050441,58.80816783315767,1618.8257753349612,43.967594688533815,0.0002974655,0.0004442263,2792.1969597411544,0.0090054665,0.00081524515,0.07574930213167054,0.006753310546652661
-369.36673,3.515094,183.35529,3.2832801,-49.760345,3.0866804,56.990448,3.198468,-33.061924,3.0213969,40.984722,3.1134596,-10.995569,3.2173738,17.00304,3.102009,-11.050552,3.191577,2.130526,3.0976753,-0.06253161,2.9909596,1.5010151,2.9521358,8.702933,3.1784267,1234.5871943715713,59.8877329564277,1493.968524901613,33.07525960940386,0.00020700724,0.00020722482,2553.458186811195,0.0098503865,0.0007402683,0.06049476145591647,0.007457670794434751
-368.20294,3.4504597,171.39287,3.4624226,-43.856472,3.4849675,48.737465,3.31442,-44.07583,3.2705069,34.27276,3.3516011,-27.720749,3.3989935,22.470055,3.52885,-11.099582,3.093196,4.4854007,3.0558078,-2.5261116,3.1083806,2.6221716,2.9561076,14.331068,2.970654,1456.8139427421359,54.160565635510224,1691.154673446417,39.49271082074874,0.00030282914,0.0003912244,3001.43374555902,0.009043863,0.0006719016,0.07464812028712298,0.007323037649252246
-336.0617,10.684014,125.45914,5.2738485,-80.867676,5.8555627,91.05984,4.391329,-58.319103,3.9511044,37.51488,3.960917,-39.980587,3.603746,27.062319,3.9129024,-16.180468,3.529873,8.0994425,3.282185,-1.4696355,3.3405302,-7.905286,3.4688265,5.476901,3.630042,2649.0818938224784,111.42689204070058,1961.713217974866,41.746198308865246,0.0015785404,0.0019645565,4921.960647476798,0.007070981,0.00086703117,0.20715473644141533,0.020628615750475695
-363.60925,3.3555462,186.90027,3.691945,-49.516685,3.015437,64.51154,3.1348712,-31.5509,2.9714596,33.24755,3.1692653,-17.821436,3.0811505,14.476601,2.9519088,-6.674496,2.7892492,4.9651685,3.0922017,1.0921097,3.0581539,-4.890785,2.903097,4.5504446,2.821583,1198.0528246239255,55.72672682509509,1468.3451838271794,33.57293866151433,0.00020450378,0.00029427788,2572.493338529582,0.010433582,0.0007587547,0.05457081097737819,0.005949799735001467
-368.1447,6.296833,196.77104,4.044783,-53.01714,3.6748493,58.260796,3.798424,-35.97626,3.541026,29.301634,3.2342768,-20.090858,3.1554942,12.60251,3.2244732,-7.40239,3.0250616,4.3642416,2.9773798,1.3483442,3.041767,-2.5266283,3.0293276,6.2905483,3.164013,1148.2265014898117,49.407553794051196,1370.8722133722588,35.82013235279619,0.00017962063,0.00016698644,2300.480520863544,0.010024823,0.0008283935,0.057144766893851506,0.006534220323548201
-358.46542,3.9643805,167.96356,4.3578587,-38.22959,3.926339,49.74865,3.92788,-42.06395,3.6364975,31.587458,3.5094953,-28.094778,3.629849,22.635092,3.8575835,-7.4522076,3.6860197,9.168485,3.28969,-3.6702151,3.056337,-6.6554976,3.135254,4.1611953,3.231403,1468.374146755893,77.08032627205598,1740.1484515660345,55.11667715764351,0.000360354,0.0011441237,3128.30977650087,0.00974292,0.0011831975,0.07200732308584687,0.008291192266302025
-370.6619,3.544887,192.38745,4.969784,-47.310184,4.0888124,60.029728,3.9806786,-29.388004,3.7085352,29.452526,3.6455963,-16.96529,3.1240602,13.314906,3.0684717,-5.7148914,3.1730652,4.545326,3.0667136,0.27362254,3.1766846,-4.8482494,2.8858683,4.244295,2.7723665,1114.9410388824954,62.26964027476887,1386.723164001941,56.65034137475329,0.0002162545,0.0008991743,2296.7834047817573,0.010360415,0.00078387855,0.05120382286832947,0.006158393485696648
-373.8869,6.7194996,181.03647,4.6749263,-37.48919,3.9388676,49.24079,3.8286166,-25.482077,3.6429021,29.261837,3.0289793,-8.434726,3.5986311,14.150868,3.7851133,-4.436209,3.2665935,1.4512662,2.8503506,-0.9072299,3.3389943,-1.794135,3.790539,5.5421214,3.2846127,1133.4717769127549,63.17827359502609,1427.4701636964326,50.57048940853458,0.00017978784,0.0004468384,2309.623389011746,0.010031455,0.0015585365,0.049817149434454755,0.007550979295981808
-389.78873,3.6728501,183.18666,4.3900256,-27.534962,3.7361312,57.6652,3.4232237,-22.465559,3.4789944,26.598658,3.236037,-12.922193,3.2388368,15.03409,3.410695,0.331248,3.0983286,6.073984,3.11243,0.40431556,3.0753224,-3.9863377,3.0421634,3.788565,3.1388788,1013.6623072680159,65.8358885291084,1408.9824375828846,61.27852916997108,0.00015068705,0.00052953867,2110.1789647078017,0.010386755,0.001079859,0.03891748839907193,0.006212223268918988
-367.26675,7.0603075,189.3006,4.400261,-48.755165,3.5841165,59.99611,3.9819956,-28.165743,3.8347366,30.505016,3.6457732,-16.149055,3.3479407,12.759746,3.0915112,-5.5254636,3.014796,4.1147366,2.9923098,1.4810412,2.9763157,-4.1671367,2.8725111,3.5574222,2.8691995,1149.0294879588475,86.60577012114561,1407.1519719305377,51.919524632346445,0.00018038334,0.0002801461,2395.981026138341,0.010316902,0.0007634226,0.053098036905452436,0.007643061103796135
-370.6906,3.2372637,181.30602,3.4050727,-40.271633,3.6022446,57.53561,3.0272548,-24.035248,3.3747368,27.623253,2.9493396,-13.541674,3.2566562,11.769295,3.247154,-2.4333644,3.0379617,5.1615033,3.0743787,2.1791043,2.914701,-3.3493009,2.8531315,4.343027,2.8835092,1134.3202446663054,60.05590669009253,1439.7773958294936,35.59155850196866,0.00016596868,0.00025635137,2412.0434966828598,0.010631597,0.0012154748,0.04629382069315545,0.008184524268594725
-337.81573,5.7553883,154.69392,5.0037384,-54.991123,4.20801,71.10755,4.00709,-35.650036,3.9983606,44.992073,3.7520218,-28.018394,3.3600376,25.348322,3.4142053,-10.767312,3.1722665,11.586252,3.1841378,2.759512,2.7786942,-2.5225902,3.0416648,8.857854,3.052404,1768.6532573211994,121.23542376711057,1905.030884561283,61.85212983772363,0.000569056,0.000992034,3947.3958522150524,0.009736437,0.00080081384,0.08683475928074245,0.013196000147963535
-369.8821,3.522989,166.85782,3.4156573,-33.939507,3.450793,55.386173,3.2665355,-39.006554,3.1899943,33.81763,3.217062,-27.286036,3.2817826,20.007828,3.0684538,-7.460335,3.3327975,13.304207,3.1335244,0.4436089,3.0956755,-5.4234114,3.119574,1.213354,3.0720773,1412.1072976728824,59.10106339969243,1746.6090650112603,45.17655111822387,0.00025380502,0.00034423568,3131.732106927929,0.0098897675,0.00088430534,0.06111219366299304,0.005912254040025224
-332.00235,18.04486,140.57388,11.799798,-65.055824,4.8744054,78.83947,4.898081,-56.53588,6.2886896,42.00549,7.17529,-39.024345,6.8208513,26.240143,6.8230557,-22.393606,4.7945604,9.700299,4.137456,-4.0707736,4.0410986,-2.941909,3.3080482,7.563739,3.500137,2305.693627494687,281.60344618584577,2055.8323887389433,170.07098589489792,0.0011196492,0.0023842582,4794.609986767691,0.007832995,0.00094787875,0.16300436847447797,0.03326263215938318
-367.3594,3.3407383,191.25667,3.945118,-46.350594,3.6129239,57.54259,3.5157223,-28.887354,3.4861765,26.6366,3.4729426,-16.89499,3.2220747,11.64144,3.1278102,-5.139832,3.1499581,3.5212102,3.1946084,0.7851106,2.9174852,-4.6349096,3.069439,3.4442647,3.036187,1123.7428390383263,52.74353206075173,1377.761567256903,40.17152583052733,0.00018904505,0.00057729566,2302.853669699826,0.010370052,0.00076491723,0.05161959831786543,0.006099150862714223
-372.56976,3.9437485,183.02148,3.5089824,-45.69057,3.1802425,54.79017,3.1695397,-31.254831,3.2750487,37.628834,3.4689178,-10.183503,3.3067133,17.036903,3.0423355,-8.458244,3.0815327,2.5866106,2.8776324,0.26133537,3.0224864,1.0395857,2.9824598,8.128975,3.1695144,1200.0023416534902,63.053628956680456,1477.3890665190206,39.49010614634466,0.00018283627,9.811357e-05,2470.9975098789155,0.0098231295,0.0009746682,0.055963148926914154,0.008496833762112228
-369.5959,3.2845256,182.19229,3.2596228,-50.05321,3.148647,55.722046,3.0133555,-33.970074,3.3558052,40.413292,3.2034056,-9.992557,3.2972538,18.36352,3.049836,-10.636367,3.054048,2.2457664,3.1939547,-0.047479402,3.1557448,1.9832064,2.8976593,9.184914,2.9609752,1251.052354691904,56.88438776480279,1499.4953395745385,38.01897883615089,0.00020730858,0.0002253911,2581.3114599949245,0.009863926,0.0007511821,0.06573783715197216,0.00792247932921793
-359.67096,3.789173,162.04984,3.2062244,-35.345722,3.1705055,45.149616,3.5147946,-40.108795,3.547588,28.626945,3.1785989,-26.88682,3.0584886,19.128313,3.0529904,-4.1327486,3.422463,11.1705675,3.1654656,-1.832866,3.4835048,-6.6829295,3.487598,2.7204216,3.1420653,1487.7877437932336,64.86372429295852,1734.8499869116743,48.56542655092275,0.00028412425,0.00029269332,3176.1474609375,0.009895483,0.0014596262,0.07504916799593968,0.006260936655898724
-371.044,4.256426,175.82555,3.4454377,-46.799606,3.4550226,51.28314,3.5802865,-44.1898,3.63742,35.38834,3.4702241,-28.984375,3.3604803,22.476257,3.2203913,-13.960648,3.0483632,4.9200497,3.1982775,0.14151032,3.2289827,4.5849156,3.2243333,12.81364,3.277131,1423.2318718169818,60.990270871723425,1661.6088719397246,40.857232789409245,0.00026747995,0.00018388065,2868.2876055865718,0.009176009,0.00081699784,0.07258170497389792,0.007009748390565802
-341.50803,3.6675212,165.88255,3.3211899,-52.53931,2.893052,69.415184,3.1723022,-43.734142,3.096759,41.863445,3.079882,-29.190723,2.975716,24.24787,2.8189538,-13.405267,3.0814197,9.684176,2.9996834,-1.2824092,3.0545423,-4.2587886,2.899573,7.509843,2.6892183,1641.4859875567104,66.49213257797204,1840.5530602330957,32.852907973064326,0.00047486302,0.000435656,3691.495466121665,0.009611355,0.0006485489,0.08030130691705337,0.007281799194668952
-345.9404,6.327465,159.39542,5.3779736,-51.35653,4.2618656,73.49567,3.5393455,-35.8676,3.926025,45.25397,3.784739,-29.01434,3.8143232,25.26876,3.3247967,-11.320197,3.2705882,10.44119,3.0372934,0.46167445,3.1682363,-5.7919583,3.1927264,5.8576202,2.9562793,1677.0011875902223,132.16371087787635,1883.8660726541134,74.94436706012249,0.0004555362,0.0005400884,3820.020210991879,0.009835528,0.000690385,0.07693431880800464,0.0118046331882302
-393.3539,3.7640474,184.04922,3.3311617,-27.713987,3.0817308,57.79152,3.390055,-23.34041,3.4111755,27.653059,3.2170463,-12.876183,3.2378898,14.3189,3.4742866,-0.5250349,2.9739332,6.8877425,3.0614526,1.810397,3.1304083,-2.6732345,3.2048538,4.343964,3.1355014,1004.7918037280533,66.61732877639957,1405.7316104926877,53.771184558493154,0.0001306879,0.0002967438,2078.0290431046983,0.010297915,0.0011695191,0.037863888486078884,0.008028478852102007
-366.27408,3.3040354,188.18524,3.247783,-49.840923,3.146232,64.56767,3.2817745,-30.096628,3.2831516,32.425488,3.0895047,-19.12725,3.0963213,13.492802,2.9683537,-6.427357,2.8788576,4.780591,3.0471053,1.3900669,3.2292318,-4.861278,3.0944498,4.312351,3.2069142,1177.6190001740404,53.238647782104614,1447.1169902298952,30.371322717090468,0.00018783285,0.00017220835,2503.1724119960845,0.0103592705,0.0007127412,0.05368714653422274,0.006873140210185367
-367.46387,3.3580213,188.17934,3.9491932,-46.88234,3.3826632,61.828556,3.531436,-29.716566,3.276939,30.591547,3.3833208,-17.49847,3.2082183,12.101405,3.143818,-7.191018,3.0904224,3.2101755,2.8714874,1.5835079,2.859068,-3.232351,2.8057747,4.8710127,2.7606,1158.4839937812117,54.48724934939448,1430.291804953219,36.733632072397555,0.00020904769,0.0006295683,2443.5189444061775,0.010416374,0.0007792613,0.05167737637761021,0.00565457840832713
-326.82535,8.7057495,123.532234,4.746807,-71.54863,5.266475,83.56128,3.6296966,-59.92803,4.19844,41.47825,3.452057,-38.74321,3.3440163,27.267628,4.0500655,-19.135891,3.2288363,8.72607,2.6697273,-6.108621,3.57156,-7.243046,3.6787798,10.375415,3.1893475,2712.031262448155,126.63189397467133,2094.3038464150213,45.27807208307859,0.0017031602,0.0011024923,5237.364618075696,0.0073036477,0.00079434743,0.2021688297563805,0.01984884393491104
-375.3903,3.3158877,184.07939,3.7277186,-41.79974,3.3870196,55.745,3.617567,-30.134657,3.427869,36.13349,3.2351887,-9.757121,3.0141532,17.098394,2.960706,-8.501797,3.0377629,1.2255828,3.0431705,-0.5525225,2.8951795,0.8044602,2.8929245,7.5740566,2.9441245,1152.5740904802283,61.910197160980964,1459.8230876394066,43.775468275323064,0.00018259558,0.0003133738,2378.419724749855,0.010058019,0.000855923,0.053868411035382834,0.007102249159933179
-367.6065,3.3724298,162.58679,3.466652,-35.78121,3.358082,46.34419,3.5013392,-39.006634,3.447837,27.713984,3.2637625,-24.772484,3.2566967,20.570404,2.892903,-4.6875367,3.0167599,6.7337475,2.9322495,-5.7068954,3.187384,-8.837569,3.165522,3.8702664,2.9119198,1470.8651436142243,63.36563171701713,1710.5217687847653,51.07952778139249,0.00031626486,0.00062291557,3105.8273138413574,0.0092056515,0.0014525872,0.07542755764211137,0.0059995700445157245
-368.82837,3.803067,172.6677,3.6044257,-40.912754,3.3015888,48.014683,3.114997,-42.918423,3.3480954,34.70994,3.4901094,-26.705381,3.3154223,24.313946,3.244817,-10.719539,3.5522995,4.926858,3.4989378,-7.5360584,3.4017742,-3.553536,3.0790465,12.3317175,3.0113428,1428.7391883972768,59.59315594612658,1699.973432031474,45.12492211248262,0.00030313674,0.00044789497,2938.5827721686487,0.009057838,0.0009095157,0.07485770736658932,0.006843376554541132
-354.14908,4.502811,155.88118,4.8569536,-35.346424,3.3863416,60.706604,4.115698,-42.082195,3.262069,33.622845,3.6697338,-32.492214,3.126539,20.181036,3.465331,-8.082196,3.3337462,6.2704797,3.0187695,1.6558421,3.1343195,2.4725595,3.2965982,4.1290727,3.4396884,1660.0572913015303,110.61037056579691,1901.9560600908396,63.35943336996502,0.00038181545,0.000330816,3951.1928903531034,0.009651303,0.001173711,0.07619453306264501,0.00895445446067113
-369.90836,3.282903,182.26686,3.3111765,-46.66037,3.1835644,57.101677,3.1462953,-31.47199,3.2946496,38.12264,3.140236,-11.800136,3.2143664,17.0417,3.1302645,-8.340648,3.002754,4.1876187,3.1261148,0.8203019,3.140492,0.7034419,2.951109,8.117131,2.8905396,1213.9925788849275,56.81577398001007,1502.6113922290442,37.40026993574447,0.00021289835,0.00028757768,2552.45896624855,0.0098136775,0.00079085655,0.05406327037412993,0.007246603528062537
-371.246,3.6076896,173.19115,3.7435293,-42.14043,3.6835098,47.949917,3.6298633,-44.232544,3.2573478,33.99065,3.2371922,-27.22311,3.3248532,22.482872,3.4234686,-11.324232,2.8348262,5.0768414,3.0438313,0.05780008,2.9573946,5.085873,2.7609425,15.226889,3.023953,1401.5889808268118,56.55805111283422,1661.1886770726665,43.22103165720672,0.0002439417,0.000453089,2835.6380737021464,0.01000275,0.0008467751,0.06905497752320186,0.005121855186198294
-361.55078,4.8400793,188.69038,4.5852413,-52.78347,4.8647795,61.91069,4.05132,-31.322454,3.6793704,31.35758,3.4760427,-18.738174,3.2438452,12.82786,3.1214032,-7.3539014,3.040015,4.462849,3.0958068,1.6290226,2.8985202,-4.4768367,2.972082,4.543226,3.0570142,1203.3753413134016,53.702291765773474,1437.4568966913384,45.91159987630478,0.00023486614,0.00067523995,2527.5284132105567,0.010290431,0.0006714592,0.05685474369199536,0.006520855014806273
-365.58997,5.3081107,189.93152,3.7795892,-48.937317,4.0283127,62.99908,3.7164247,-30.198626,3.3380904,31.127275,3.1531599,-18.497944,3.1542897,13.40547,3.1374855,-5.8978767,3.0618167,5.3684382,2.9836369,1.8672787,3.0766919,-3.3120618,3.0674176,5.5417666,3.178751,1154.5432657666786,57.473285335676586,1424.5081584533064,35.277902086546085,0.00019361686,0.00034576858,2424.908461426914,0.010492897,0.0008286343,0.05347642655162413,0.007015632515200893
-362.53937,3.401099,185.67213,3.919091,-50.013496,4.016865,64.05377,3.6040971,-31.60481,3.4261465,33.348793,3.2127225,-18.113491,3.1662343,14.964343,3.3736756,-5.7485375,3.0597162,4.809702,2.7086618,0.9666302,2.959185,-5.0805187,3.122894,4.348907,2.9309845,1215.168394549735,61.10709090012865,1480.1889246466285,37.116311495806144,0.00022669119,0.00042370165,2602.9445851761893,0.0102808615,0.0008836104,0.05451416582076566,0.00692432674321212
-361.24146,3.6613925,185.05626,3.5652547,-49.674873,3.4520743,63.66523,3.2688985,-31.377497,3.3450427,32.469254,3.1532745,-17.800625,3.138981,14.287338,2.904722,-6.584776,3.0669062,4.302089,3.0518544,0.83778787,3.117221,-5.4821496,2.860363,4.0754805,3.0628564,1222.4721578581646,53.00153874512394,1479.5932600269236,32.38183723888234,0.00021094241,0.00026437858,2625.1772426950406,0.010361565,0.00072767516,0.05584645990429234,0.006268198132530112
-369.78494,3.236467,190.81082,3.4605567,-47.801434,3.2874007,59.357693,3.0612235,-28.230247,3.2737668,30.814888,3.2959924,-15.321084,3.3469884,13.283113,3.0613618,-5.2152333,2.9246879,4.328519,3.0789356,1.2243496,2.828033,-3.9656148,2.9359095,3.918091,2.852673,1121.2805356686818,49.54312061813954,1392.8291736276167,31.613819912831655,0.00017142593,0.00026891878,2318.641354589617,0.010405366,0.0007073314,0.05163772476798144,0.006064335546139428
-366.0264,3.3563368,187.32852,3.1556754,-48.387554,2.9441934,62.526337,2.9723878,-30.033892,2.803922,31.671165,2.7171307,-17.212605,3.2022088,13.328173,3.2830162,-6.5879054,2.939279,4.137683,3.2050047,1.3334916,2.88305,-4.362688,2.9713953,4.5852165,2.9709818,1176.2572541857855,53.763599089054864,1444.2893796234073,32.17169675954098,0.00018119457,0.0001659482,2497.8515625,0.010369847,0.00072666537,0.05281027950986079,0.006084218274393224
-365.7748,3.6492085,171.22517,4.1717806,-43.643707,3.8523135,48.319984,3.7394521,-41.691402,3.7358942,33.72047,3.6757462,-28.979216,3.2928085,23.619898,3.5177348,-9.924492,3.014641,5.8354783,3.331776,-6.296903,3.3178387,-2.798804,3.2982569,11.9445305,3.0658135,1460.254556693726,70.31759269575402,1704.2294483228447,46.172911186305036,0.00033060546,0.0005224734,2979.8006203777554,0.009016169,0.000939952,0.07625570983178655,0.006910756651352178
-373.5124,3.433026,184.36101,3.6055896,-44.417786,3.5494795,56.13264,3.202585,-31.244366,3.1437604,36.95107,3.326854,-10.734403,3.203754,17.038914,3.1409707,-8.606821,2.9849496,2.7855062,3.0548072,0.9227646,2.98203,1.7983038,3.4674003,9.13017,2.9561784,1170.5842929674104,67.01951956000134,1469.3389953015417,42.28952042555529,0.00018929895,0.0002560683,2423.5595136673433,0.010018152,0.0009158407,0.052778558222157775,0.007981924955720353
-357.61035,3.959154,155.39691,3.3963816,-31.880201,3.3610263,60.207664,3.5010757,-42.932747,3.2773554,30.314417,3.26033,-25.735699,3.0606563,17.868328,3.2616491,-20.65717,3.1363964,9.141284,3.2388008,0.57159716,3.0200953,-3.172213,3.0127695,14.084796,3.2959883,1622.997004035902,77.29103384607873,1896.9148047749832,40.626135699328934,0.00032701725,0.00013763468,3686.4494022803074,0.009809801,0.0013388348,0.0709911089762181,0.00861014713270789
-363.50305,3.4928021,184.43993,3.453426,-45.92429,2.9812684,59.85854,3.113708,-27.26024,3.3746214,29.972631,2.954894,-15.146247,2.9706037,12.411019,2.936906,-5.048214,3.0764475,3.7959287,2.8224764,1.2964705,3.2243462,-3.9921653,2.9794478,3.710853,2.793959,1176.2176015922491,55.349638569654644,1443.3524940579705,32.3895537441067,0.00019553155,0.00032932675,2493.3800504821634,0.0104218945,0.0008560521,0.05290317756670534,0.006382700840428815
-387.85327,4.148166,180.21088,4.810995,-30.55562,4.0585685,61.051907,3.8726563,-22.97349,3.7839427,29.586744,3.436045,-15.068233,3.4699988,13.94427,3.395142,-2.0790942,3.185235,8.632452,2.8805885,1.7556297,3.0185955,-2.9328763,3.281558,5.43109,3.1729822,1063.4847324048867,82.73604905138885,1466.7046237815202,84.70476246278726,0.00016401509,0.00045818987,2281.495330173289,0.01022854,0.0011629161,0.042862257105568444,0.010068167692775647
-371.0889,3.925399,181.61765,3.2755213,-41.57748,3.3392444,55.301388,3.1742857,-29.526115,2.9838307,37.13172,3.213599,-10.539158,3.2315946,17.329435,3.0866518,-8.449119,3.075965,2.1890526,3.1385825,0.119066656,3.083777,0.78803045,3.0753188,8.428642,3.02053,1175.226464030385,56.561170835457204,1489.5882290422433,40.51615483809858,0.00018601997,0.00019248106,2444.643067539153,0.010110696,0.0007769562,0.052250625362529,0.0065103206802373925
-343.43475,3.1727128,168.26689,3.6954813,-53.08444,3.7194047,68.60674,3.2264602,-37.834103,2.8340063,36.114975,3.240137,-25.970345,3.2085373,19.20363,2.889216,-10.386145,2.8789227,6.0273857,2.9431117,-1.1855662,2.826676,-3.7464,2.9467866,6.267146,3.0326936,1536.821477010932,67.21473268959797,1719.2858419666265,32.31288659067013,0.00042141738,0.00064691744,3388.5567720417635,0.00965515,0.0007073628,0.07565300536542924,0.008877777656501287
-381.90378,5.1505103,182.11765,4.2984724,-33.87173,3.8079433,62.880383,3.7464063,-26.26427,3.3043165,32.927715,3.8272936,-16.882027,3.2358766,17.186718,3.4469252,-3.5421731,3.069485,6.284166,3.3119888,0.26179764,2.9022472,-6.9916515,3.0599322,3.1494594,3.2444193,1101.4780126276723,74.65016171185825,1486.395746563311,67.70006942228213,0.00016681825,0.00034450513,2361.5079167270883,0.010299204,0.0007556357,0.043672282845127613,0.007386536762660231
-370.91104,3.7895858,163.71509,3.4880333,-28.608124,3.25642,53.626213,3.3152351,-40.182034,3.3474958,32.997047,2.993983,-28.620539,3.0378482,20.236849,3.0790365,-9.355925,3.0352259,12.531306,3.4349368,3.019698,3.0695274,1.1265568,3.0390189,5.4846187,3.0102212,1434.3885318405776,76.6156641431565,1804.7092179172982,50.768507188029034,0.0002499985,0.00030881763,3247.7915752791473,0.010168766,0.0012688634,0.05891096287703016,0.008164483501147755
-352.21762,5.2190437,146.92558,4.102267,-37.385345,4.477307,65.31436,4.7880588,-42.026012,3.6267397,30.063818,3.6082044,-34.351353,3.3687618,21.796028,3.4578912,-9.843034,3.2535467,3.2262645,3.0199957,5.389941,3.0438948,2.13367,3.3874533,4.189595,3.238574,1800.7317446666573,91.60295360746525,1961.911269633295,48.93704223740534,0.00048063952,0.0009677666,4271.792807877755,0.009569485,0.0013062608,0.08222044482308585,0.010043599995359143
-381.5729,4.557039,183.67726,5.1948204,-37.986496,3.845827,58.13062,3.9947455,-27.688501,3.9196646,32.75126,3.6600354,-16.777962,3.6475213,12.30493,3.6169314,-7.249832,3.4020214,9.302308,3.1889868,4.0264654,3.156444,-2.6846724,3.4278169,5.409941,3.3930354,1124.4199514142013,93.1102173554041,1468.842875912101,91.1283689748318,0.00020832733,0.00086267694,2346.694471885876,0.009969167,0.0010784214,0.05023065907772622,0.014420997158666994
-390.38824,4.2162356,182.99411,3.4745817,-31.889864,2.9415479,61.74423,3.0162742,-25.444372,3.349213,29.684958,3.2091658,-16.399153,3.2557993,16.47546,3.3554647,-0.98707026,3.0324893,7.4687624,2.9490404,-0.12430427,2.799106,-6.900834,3.1990106,2.5924144,3.2285254,1056.5187317542006,64.13744565200872,1448.8231901367008,56.53194521038132,0.00013370818,0.0001710911,2237.45468387471,0.010252788,0.0008794171,0.04038573085846868,0.007649095665104421
-372.66135,3.4450972,180.66136,3.6390877,-44.369335,3.3474095,55.567066,3.3001714,-29.502138,3.0553043,36.826332,3.133931,-10.732016,3.2405348,16.798132,3.1928105,-7.1546006,3.2856324,4.386787,3.0721698,1.7204785,3.4534962,1.942891,3.2126894,8.899448,3.0568242,1195.3010482192396,59.99193164967279,1498.48529306512,40.375378886944546,0.00019502688,0.00024438466,2513.83909150232,0.009959035,0.0009530871,0.05009244489559165,0.0076103634551705
-360.86383,4.0818048,164.2205,3.582031,-38.145126,3.071202,48.031403,3.3027613,-43.540684,3.1909955,27.522896,3.174714,-22.74864,3.0957487,24.641493,3.275116,-5.98539,3.018396,9.369645,3.3436227,-4.369785,3.187127,-8.905228,3.2549162,7.3786073,2.9281566,1495.6918445061262,62.86883315803049,1731.7183952435444,44.474868960581986,0.00033939673,0.0005053606,3210.6955118909514,0.009048851,0.0009182414,0.07701702073665893,0.007729526671275624
-362.65457,4.610797,167.4463,3.708607,-35.24167,3.5076544,44.53464,3.4452322,-38.02791,3.163054,29.887812,3.3721502,-24.233831,3.5774026,21.12845,3.5536604,-7.03629,3.1515243,5.5446334,3.193265,-5.953488,3.2291112,-5.139619,3.1334815,7.630432,3.4836442,1408.4576313706377,64.79582446399654,1683.3893534129425,45.88474456896907,0.00027778943,0.00050124596,2891.4695226399363,0.0096975425,0.0011151669,0.069326874274942,0.006553844522152307
-369.21506,3.206708,172.5032,3.56214,-44.74258,3.6614282,51.45659,3.4475691,-42.794243,3.3728974,38.064964,3.355535,-27.331581,3.2929127,23.361712,3.1619108,-14.630051,3.1557503,3.2933786,2.9991913,-2.34782,3.1321313,3.8440468,3.2086995,12.890062,3.2803175,1453.803701317838,61.46404212609944,1708.6175027211145,43.185897354488375,0.0002932582,0.00032744795,3000.65934962297,0.00923387,0.00086120114,0.07339399651972157,0.00800714166707691
-367.81824,3.7385836,163.92593,3.5777287,-32.111694,3.254668,57.991383,3.771965,-40.320164,3.3188589,32.718037,3.182858,-26.512703,3.4584162,19.632645,3.4001546,-8.418087,3.0378284,13.281305,3.200936,-0.23633781,3.0648792,-5.10114,3.0673416,2.2816,3.227393,1450.7065517938663,62.075761201156695,1785.38172716397,41.721739200410646,0.00027301227,0.00042820198,3339.2202567611657,0.0099889245,0.00085785356,0.06228588130800464,0.006220060389341708
-366.75656,3.44378,186.65222,4.0703626,-47.174286,3.5397856,62.49604,3.6011674,-28.484913,3.2733638,30.500122,3.1240463,-16.517723,2.9762049,13.775081,3.1808474,-5.4060535,2.9648983,4.4247727,2.9525073,1.318676,2.8334453,-4.271289,2.6887708,4.2569866,2.817501,1165.260635805581,54.57997913453286,1441.9115223643714,40.78103849178339,0.00020779179,0.0005083244,2484.6118900449537,0.01042522,0.0007415453,0.05206596215197216,0.00573042629548863
-370.56656,4.080993,181.66689,3.9794643,-46.169945,3.195503,58.71641,3.4246578,-31.387827,3.1919322,38.657135,3.4432113,-13.030953,3.5483603,18.323233,3.4296832,-8.30506,3.049068,4.9561543,2.9597387,1.2037872,3.0744035,0.6638695,3.1369014,8.788386,3.063807,1216.8495018959304,66.81229936994377,1520.7567744184234,50.0091728978833,0.00022372088,0.00044019142,2581.1116158823957,0.009944455,0.0008499727,0.0537041400812065,0.007502811774895697
-334.53207,27.302395,165.75769,5.1544013,-77.00443,10.747631,61.062943,4.1097746,-45.716846,6.083731,30.381355,5.0534596,-34.888615,5.10678,19.608604,4.086016,-11.213179,4.8653092,7.730994,3.1519012,-2.2296486,3.371869,-8.530496,4.0138974,5.825635,2.8641002,1761.5587296738267,159.14000893087194,1658.4079234245319,63.08264093498829,0.0005890402,0.00046218603,3450.8082130945477,0.008844778,0.0015795697,0.10957325804814386,0.019295829242382174
-386.24963,4.2209506,185.5251,3.8827844,-34.128952,3.3239753,62.771606,3.4981406,-25.820145,3.4839501,31.38555,3.37021,-18.247465,3.435815,13.078528,3.281769,-3.6452234,2.893653,9.853788,2.940315,1.495662,2.6337883,-3.9919193,3.2788098,4.1812587,3.1231835,1066.7492806446687,70.01874561102726,1446.3138901913128,72.4195683990131,0.00015525224,0.0002891243,2237.2298592481147,0.0101289265,0.0008840078,0.045021570475638054,0.011474712600875046
-361.6672,4.2626295,172.98518,4.3195143,-43.52214,3.6842918,59.85962,3.6172273,-31.739414,3.614189,39.691326,3.580903,-16.71648,3.427792,21.415945,3.2059388,-8.4787035,2.959331,6.3490157,3.1127558,1.0487161,3.0102654,-0.79898137,3.1985178,8.035071,3.2158198,1322.7794801314842,84.07856019487538,1639.5613308166878,57.908398404367084,0.0002706295,0.00040091318,2891.1197954430104,0.010057357,0.00095110876,0.0558611876450116,0.008399317234232666
-387.33215,4.320211,182.91908,4.891428,-32.85738,4.177224,62.60503,3.7957497,-26.823698,3.4576132,30.707493,3.8108141,-16.988302,3.5929134,17.422464,3.3765833,-1.5159031,3.357816,7.112187,3.1130939,0.23700571,3.1023257,-5.802541,2.9777663,3.1374815,3.1434937,1076.1524274181968,73.20128923231074,1466.6733020228596,72.0242222882174,0.00016856463,0.0005010211,2292.0121265951275,0.010286692,0.00084239815,0.041456324318445474,0.006936268608428558
-368.63367,3.8327081,165.36157,3.0243058,-30.960363,2.925023,55.11888,3.1498935,-38.408623,3.061576,32.581024,2.722981,-26.430351,3.0532749,18.869987,3.0327852,-7.8320427,3.0938764,12.060825,3.0964286,0.037840873,2.7737904,-5.222048,2.7640445,1.2125437,2.884855,1409.128038276653,54.11734065441675,1753.8613517699832,39.26862905941266,0.00023502664,0.00014691499,3160.234873477378,0.009996367,0.00087922416,0.0600608595562645,0.00643494284593521
-359.12048,4.013909,162.33528,3.5108743,-31.806982,3.2205024,49.729797,3.0480504,-40.05636,3.1803787,30.565899,3.06518,-26.570044,2.8850856,20.422827,3.0753853,-5.567582,3.3400145,11.565976,3.1433675,-2.0589647,3.0030506,-8.255479,2.9670548,-0.2101881,3.0460782,1481.831273741057,68.30227948509642,1772.4825261651308,51.70247332430418,0.00029459363,0.00041332233,3277.49340650377,0.009993676,0.0012117034,0.07250693336716937,0.005749286390429166
-351.90436,3.8884702,161.81319,3.7813408,-47.044147,3.9014475,59.429577,3.4749594,-45.107273,3.6089513,33.10737,3.6697838,-25.016634,3.2780948,29.705534,3.4397302,-10.423979,3.333689,6.238778,3.3421822,-1.8079579,2.9980495,-9.82568,3.4654286,5.115372,3.0735264,1635.4122778603596,68.23744601494263,1809.9868618311882,42.52715701878405,0.00045924305,0.0009537547,3554.0526777298433,0.009178981,0.0008907843,0.08351308729698376,0.008242984505740385
-370.8854,3.3273203,192.0391,3.132103,-48.763355,2.8364282,60.794178,2.9565694,-28.926876,3.1189504,31.219545,3.0595994,-15.989485,3.1166477,13.529784,3.2111716,-6.2784753,2.9502206,3.7004097,2.8216357,0.9315699,3.2410285,-4.097614,2.9780762,4.552152,2.9126186,1119.7681436449898,49.01877317380888,1390.41112592089,29.69185190544241,0.00016471517,0.00017839269,2323.1128666074537,0.010359052,0.0007294265,0.05084469257540603,0.006557509716792593
-341.57346,3.3416698,167.73611,3.5314238,-52.23932,3.1257255,68.8596,3.2859416,-43.72469,3.037913,40.1607,3.1237152,-30.23943,2.9236193,21.905987,3.3122158,-14.6192,3.1278934,9.638082,3.0488207,-0.8445698,3.1216388,-2.984368,3.329208,8.839469,3.0374506,1612.8518657643936,63.88866673037776,1817.1807209043457,32.68918362268467,0.00047101977,0.0007049643,3610.3087954067573,0.009798887,0.0006733699,0.0780490954901392,0.007883640501433333
-362.8248,3.2172866,185.88974,3.3382144,-48.397457,3.2770166,63.476097,3.4107466,-31.139168,2.9531565,32.062527,3.3657322,-18.407204,2.9776762,13.17644,2.9013655,-7.095596,3.0054846,3.723429,2.8420503,0.8182071,2.7869363,-4.84547,2.9992585,4.4004116,2.8524795,1204.5187512032119,50.389227533310745,1468.4309612725144,30.89960334360344,0.00021079737,0.00036841474,2575.7907663863107,0.010411078,0.00065696595,0.054535690980278426,0.0060516616525881665
-370.93396,3.1999848,190.61969,3.341323,-45.74893,3.6241357,59.840443,3.1260123,-27.710285,2.9203942,29.536772,3.228444,-16.331738,3.1994946,12.323682,3.078857,-5.71082,3.3433487,3.527742,2.9424064,0.710477,3.077689,-4.484591,3.20018,3.2600427,2.88858,1112.6222719708885,48.114734521105255,1390.401267999612,32.01499065399842,0.00017116718,0.00028398784,2303.428221523347,0.010380257,0.00069808995,0.04928808367169374,0.00587104878928898
-372.71234,4.014831,176.16534,4.4423256,-46.088802,4.0774035,51.11926,4.209232,-42.845325,3.8049715,35.385445,3.5873582,-28.74331,3.5437834,21.466005,3.1944368,-13.316869,3.0487082,3.4289386,3.2422225,-1.1863132,3.2870476,5.22671,2.9755113,13.518626,3.2791035,1409.9832338055662,58.96416296092986,1647.8785009408737,48.96296359140944,0.00032989014,0.00092725945,2824.3468813442573,0.0089155855,0.00080921565,0.07471496157192575,0.007353911856256544
-362.6612,3.340167,187.12558,3.6708555,-50.81889,3.634694,65.771034,3.9257503,-33.153206,3.2551441,33.178093,3.210481,-19.51713,3.0534205,15.929081,2.9038062,-6.8310747,2.6925936,4.7635083,2.873824,0.2168601,2.804855,-5.9134927,2.616565,4.3375063,2.7226498,1213.9218429603907,55.276374312386054,1480.0061426035443,32.40920489457824,0.00022480398,0.00044021176,2609.7892460303074,0.0104319975,0.0007449371,0.05541482381090487,0.006403562962909139
-375.30017,3.3049464,185.16289,3.664888,-42.510513,3.3464062,57.353218,3.3262393,-30.527739,3.3900723,37.143604,3.4010353,-11.510923,3.2984812,16.65957,3.343503,-8.675131,2.8322718,2.0513496,2.9625282,-0.891068,3.0223699,0.19521575,3.3344374,8.34237,3.2225683,1149.3201905552662,59.9700727997326,1466.6742903156749,42.990400370988986,0.0001810118,0.000242024,2382.7663341973607,0.009955133,0.0007697059,0.051394150594547564,0.00729739254106071
-335.8525,13.951257,160.19028,5.209734,-75.6862,7.548476,56.361603,4.7918434,-39.295135,4.0257325,22.4707,3.3633997,-26.558237,3.238333,10.631919,3.5101087,-13.203835,3.8287575,-1.0919104,3.5986881,-3.304864,3.2797492,-7.7273455,2.9945307,-1.0189052,3.095088,1730.1500715416078,116.56336141350977,1575.064867158034,42.37984425813089,0.00043668115,0.00018207403,3319.66051424739,0.00910357,0.0012260869,0.10641132540603249,0.01596658764743211
-368.1477,20.35581,184.57608,7.248323,-44.67976,10.942726,60.760914,5.743317,-25.3039,4.47477,26.500687,3.426764,-15.544243,3.413841,12.487562,3.3444526,-4.0860195,3.5720863,5.847232,3.3846793,1.9959865,3.1716566,-3.9191096,3.434384,4.754455,2.9135494,1159.0738202591217,194.17116536697466,1418.0845589401106,73.08222246110188,0.00018321106,0.00020405583,2419.737495015226,0.010236884,0.0010364227,0.05420035165313225,0.019387079914919097
-368.384,3.377,173.35684,3.4976285,-43.966236,3.5948458,48.89917,3.416051,-41.966095,3.3434415,33.615074,3.3411672,-27.52187,3.268323,24.603788,3.3648663,-10.190825,3.181361,4.934196,2.9647982,-6.5050144,3.1112328,-2.7159603,2.9581285,12.597897,2.9409926,1431.790039983262,59.71440288354161,1678.7396410975025,44.71271157066643,0.0003046842,0.00034946593,2896.3906839109627,0.008892008,0.00087218464,0.07523496410962877,0.007304447745160644
-345.21896,4.056876,156.90541,4.1268787,-45.510803,3.316924,57.26286,3.8615172,-47.085453,3.4653223,35.00691,3.2701907,-30.381254,3.1451411,28.30997,3.3408515,-5.669768,3.488922,1.4651755,2.9715428,-2.9019794,2.8775783,-3.1975172,2.9331157,-1.3847473,2.9085832,1752.1860886637144,77.71169875372895,1894.4366901017581,43.4302041132664,0.0005328339,0.0012627988,4084.738718550609,0.009451656,0.001055573,0.08990832547853829,0.007619921289904953
-363.08624,3.4813976,185.45628,3.5176017,-49.47171,3.3089368,63.4186,2.9653816,-30.751884,3.0770648,32.870834,3.1154487,-16.97975,2.9469018,15.078138,2.9689417,-6.304396,2.9061792,4.2977467,3.0420125,1.241528,2.9570975,-4.404534,3.016944,4.450582,2.849806,1205.2910198714646,56.43440790992407,1472.4430066482735,31.291574674717094,0.00021243822,0.00036051738,2583.5347257468097,0.010325203,0.0007805456,0.05361577363689095,0.006767851993081415
-380.68228,4.4444456,180.33879,4.86579,-39.36178,4.0759983,55.549404,4.0466733,-26.940056,3.7173529,33.740685,3.8192813,-9.135514,3.6817772,17.85871,3.5731955,-4.2455883,3.3434982,4.067829,3.0264468,1.4001179,3.2090757,0.6651532,3.4732754,7.3095307,3.1888447,1140.9181101329168,88.06815573655552,1472.4730780398158,58.66510309990393,0.00020299495,0.0006279192,2412.293301823521,0.009907775,0.0016230979,0.046975828378770304,0.008748392274441179
-365.453,3.3278966,188.59468,4.0936303,-48.135704,3.8483195,62.323902,3.6148472,-30.121162,3.4887438,30.5522,3.1414425,-19.028437,3.2652745,11.502416,3.082674,-7.574479,3.0335617,3.493999,3.066368,1.001158,3.1014721,-3.8055856,2.9937575,5.1433578,2.976927,1171.6860351402765,57.55516175287787,1432.5625969209075,39.3853139920834,0.00021228983,0.00053499243,2460.630596541473,0.01035336,0.00075898354,0.054407672926334104,0.0065682448697602395
-347.84473,20.593384,172.63062,9.379252,-46.06878,8.170381,55.46895,5.9325767,-34.023514,7.475163,31.989403,6.2447658,-17.874586,4.6298366,15.509285,4.656909,-8.859071,5.546475,2.3494902,3.578768,-2.0328665,4.735247,-3.8859122,3.821079,8.1720085,3.5615067,1379.260250545676,202.87484378371244,1592.2535352381185,145.1147668681256,0.00032387918,0.00045721888,2943.1791867568154,0.01011538,0.0016519041,0.06908216719837587,0.015560034248553624
-376.36182,5.6263013,181.47647,4.608106,-39.956955,4.0489593,54.32634,4.2785354,-27.814404,4.1067743,34.094765,3.7298594,-8.897302,3.7064416,17.774446,3.9684434,-4.676118,3.374031,3.4968393,2.9745204,0.7032996,3.1761277,0.231729,3.464045,8.175506,3.7288187,1142.6239494921847,82.22887987584963,1462.9696747846422,54.86153252522163,0.00019360754,0.00055308436,2380.2932633048144,0.010110065,0.0015061875,0.05038813261310905,0.009727019471515604
-355.84216,5.354549,160.99586,4.53291,-41.117134,3.9211407,67.659,3.870258,-29.569225,3.756679,39.502247,3.4993944,-23.26019,3.3664827,22.738857,3.2859683,-7.3776608,2.9836798,9.906764,3.0764112,1.7347045,3.1032841,-3.7427943,2.9046392,6.73992,3.1117172,1484.1373732001807,95.73412014048027,1796.3116158271732,59.40765261722875,0.0003599419,0.0008722403,3404.993950297274,0.010053978,0.00091060787,0.06124021171693735,0.009963103897202993
-364.0398,3.740199,187.67722,3.9383888,-49.096497,3.7255147,63.979374,3.2582076,-32.056526,3.2270339,33.212326,3.4103177,-18.521893,3.1453586,14.238999,3.1021674,-7.3547673,3.0244205,4.0690384,3.3422267,0.31997475,2.9962204,-4.6435614,2.968051,4.4483156,3.0096984,1192.7821585794682,67.17087445614816,1462.3572124103323,36.113769374480576,0.0001968611,0.00019947051,2533.0990678473026,0.0104346415,0.0010033965,0.05388993619489559,0.006738873900007266
-329.81186,7.77927,136.29395,5.8422713,-78.927086,5.3839183,85.887535,4.2297206,-53.14891,3.5292478,42.13871,4.148318,-39.174988,3.7173321,24.621809,3.3951545,-15.365277,3.6019225,11.664902,3.4659576,-3.7893734,3.1371036,-7.21216,3.4452353,11.194412,3.3307173,2431.0528980863032,122.11152727711371,1970.790009305101,66.22602243281497,0.0013310077,0.0016529995,4698.984578922564,0.00766013,0.0008567492,0.1754878280887471,0.018410327115132984
-354.0623,7.532092,156.58469,4.1622357,-26.248972,5.6286407,47.23652,4.0331383,-36.04107,3.6912532,28.264656,3.8831758,-27.981028,3.3618908,13.389282,3.470519,-10.166782,3.062703,7.1543217,3.1950316,1.1647165,2.7434547,0.94121784,3.3549833,8.260542,3.044702,1495.7044276681468,93.11593437255766,1803.2551656525852,51.32880853155385,0.00026489404,0.0003017777,3362.40217381453,0.010932495,0.0018905486,0.06566759715777262,0.007467995877664713
-362.3817,3.3659766,185.69022,3.5847647,-48.557827,3.1865635,62.47189,3.2458544,-31.601807,3.1198146,31.101727,3.311998,-18.564993,3.3937511,12.843788,3.2882302,-7.482872,3.1978347,3.4686189,2.8064647,1.6134077,2.8211699,-3.3459628,2.7056777,5.5852385,2.8809142,1210.9080581257504,52.65813235971255,1466.309382829618,32.84851031760151,0.00021667447,0.0004931989,2575.5659417597158,0.010396091,0.00077133084,0.05540349477958237,0.0068331557450631835
-374.11462,4.31526,178.7492,4.222549,-37.907543,4.1137185,56.855556,3.4883008,-29.567154,3.6396823,34.55579,3.4036396,-13.687299,2.835595,18.753202,3.23196,-6.217762,3.445905,4.936819,2.9214008,-0.63532186,3.093852,-2.8943393,3.0719097,5.606784,2.9484258,1188.4085490391944,73.84223396335943,1531.1467533470486,56.009855657896416,0.00021066524,0.00040011012,2528.8273999419953,0.010001673,0.0012382013,0.048727296621229696,0.0073819063994875166
-367.24707,24.235123,181.22173,6.629857,-42.313602,9.659251,58.27653,4.650893,-25.14764,5.6782784,28.69385,4.63146,-18.544437,4.9906497,10.526453,3.436079,-3.2637963,3.9465313,7.2734375,3.9195652,1.3769222,3.4203353,-3.4713326,3.3914225,6.5917897,3.379745,1179.032489951561,171.7947286221668,1455.5198677348835,81.54565807976823,0.00019946124,0.00031162045,2450.3136442321634,0.010298105,0.0020300543,0.05500018126450116,0.014530923219641098
-372.48846,3.539697,177.38222,3.5926847,-46.62192,3.273711,52.72253,3.6751797,-44.90432,3.6313229,37.17973,3.3516123,-29.60898,3.4434204,23.017342,3.1901689,-14.1398535,2.9810257,4.1753078,2.9877264,-1.4648001,3.0727434,4.8274384,3.140106,13.567632,3.0597515,1418.305138637786,61.301428320168384,1668.5045226053148,43.99378937663102,0.0002841885,0.00027093178,2872.484331949681,0.008987558,0.00071760727,0.07256244562064965,0.007385581553430335
-349.97476,9.888188,174.38242,8.458578,-47.16691,4.09189,55.772114,7.6365705,-40.94681,7.7690163,27.609602,4.3259563,-24.891682,3.994927,16.603266,4.26619,-9.444591,3.1833487,7.714456,3.9625013,0.08425031,3.9111228,-2.1762607,3.286753,6.886867,3.0572183,1406.735339192642,96.12249865757954,1611.4637442007254,97.09803641821821,0.0003484329,0.00049368065,2969.608570638776,0.009775713,0.0024139064,0.07152357344837587,0.008136639485506107
-386.06833,11.62504,170.98082,5.6650977,-27.546734,4.786205,48.88653,5.07349,-17.025898,4.7683716,18.9118,5.1058407,-7.207462,4.200275,14.286792,5.0767155,2.541027,3.9627817,3.6069553,4.2626796,3.306998,3.8770735,-0.87395346,4.282411,3.6907384,4.4834805,1111.6209175936488,101.03619093333393,1435.828767800879,64.04144295712993,0.00015851864,0.00018338158,2362.706981402262,0.009618952,0.003311956,0.0532203904437355,0.015989369703388028
-354.29706,4.403496,179.83856,4.254358,-49.70425,3.680955,63.695393,3.2179224,-37.679043,3.3472512,32.436577,3.2333167,-21.961271,3.0599885,12.713585,2.7403698,-6.066677,3.0709782,7.3650303,3.5801258,-4.742562,2.9926758,-10.549449,3.2038982,5.8984227,3.2859077,1333.762868303652,72.73059606026631,1556.1128369779142,38.84849226763297,0.00025344262,0.00023168133,2927.766209578016,0.010232364,0.00095686753,0.06351281540023201,0.007534584681405727
-367.4843,3.4024625,186.39835,2.8693383,-45.337242,2.8737206,60.927006,2.8354716,-27.811678,2.8915248,30.265368,2.8104825,-15.78468,2.8231719,11.966708,2.9473972,-6.0403724,2.8918853,3.2130187,3.1861818,1.2804847,2.953066,-3.4541223,2.8925512,4.667964,2.650998,1148.4243701795153,47.16574356467583,1430.4571145228797,28.08734999497021,0.00017437644,0.00015818293,2431.178570457512,0.010314147,0.0006901424,0.05178613507830626,0.006513446236702403
-370.22546,3.6116214,193.08284,3.3266003,-48.053627,3.195983,60.411842,3.3614275,-30.965044,2.9163053,30.036455,3.1405354,-17.719585,3.1637034,13.09245,2.948705,-6.49943,2.8742347,3.5664344,2.935852,0.67789084,3.1147537,-4.4235573,2.9581017,3.571518,2.903899,1124.9952637563404,49.26722793237722,1388.1817497339466,31.999838206510194,0.00016473567,0.00012044085,2313.2955245794665,0.010251848,0.00071530347,0.051457593169953596,0.0056923488720085425
-371.69983,3.7530663,191.87599,3.4660392,-46.497173,3.3755803,61.67696,3.1653774,-29.083382,3.3206964,30.198057,3.083662,-17.573809,3.0207644,12.371384,2.9448807,-6.6032557,3.2226257,3.2160316,3.0471368,0.49417654,3.0405338,-4.262672,3.0570211,3.615045,3.0886056,1112.7990927738956,53.7752035655611,1392.0489987370247,32.43666585639359,0.0001681064,0.00024714033,2311.8466547636312,0.010430013,0.0007943191,0.050107172636310905,0.0057444668556141205
-354.96167,3.847599,158.9666,3.8774467,-48.67656,3.6228294,58.79941,3.811419,-47.32767,3.2563083,33.745293,3.3176117,-28.38584,3.356796,27.514633,3.3126516,-9.852376,2.9661045,-0.33487618,2.8860745,-6.530372,3.1961412,-5.568501,3.2986238,7.9426794,2.9664464,1694.9559051483457,66.14831673235089,1834.579559935999,44.41925261833869,0.00046463383,0.00085308444,3789.5439838312063,0.00890542,0.00071944075,0.08517505619199536,0.007734296577875208
-374.80573,3.1391158,180.38918,3.4433725,-43.91339,3.1005237,55.76065,3.1139824,-29.062283,3.2184691,37.278717,2.9539614,-10.339337,3.1360085,16.133297,2.8199484,-6.660401,3.1391513,4.710999,3.177375,1.6019194,2.9770424,1.1077787,3.0157468,8.506699,3.2329113,1188.7630721583416,60.85301426605746,1496.576387735692,38.19478720730661,0.00019182994,0.00033763386,2507.3191773310614,0.009994119,0.00094617385,0.04795918829756381,0.00811684781511424
-362.25113,3.3261993,166.4474,3.0895805,-33.61744,3.1144826,46.800735,3.158083,-41.00493,3.256409,31.160788,3.1387177,-26.99222,3.3107045,21.34183,3.2231438,-6.191463,2.9304547,10.415853,3.337446,-2.4466238,3.2449234,-5.680409,3.1852732,4.3606052,3.116695,1434.4095939997812,55.48374982917555,1732.489235270642,42.3477942625576,0.00026722826,0.00026642575,3046.148865737384,0.009880121,0.0009714421,0.07064670642401392,0.005799262858414699
-338.61404,22.932495,166.99278,7.322745,-61.479736,8.7430525,60.298347,4.515498,-39.92576,6.6732264,27.715473,5.2117777,-27.312502,6.0419993,18.702803,4.069716,-5.9287777,4.1191792,6.0468335,4.2190084,-0.44108292,3.147872,-4.5164123,4.2874007,6.8154078,3.5393672,1596.3594873435643,186.93653182357622,1646.877174809413,93.91910236800919,0.0004884042,0.0011775336,3294.3052924702724,0.009517298,0.0016963119,0.08880374492459396,0.018810697407267953
-363.53345,3.6574981,165.80972,3.6084085,-42.458527,3.5345929,50.157097,3.3476734,-43.664547,3.462343,30.494717,3.329219,-24.51743,3.4324067,25.478922,3.586994,-6.9025183,2.9941654,4.4928865,3.01618,-3.24682,2.9287167,-4.920989,2.8158724,5.810985,3.0823736,1504.9383191897982,67.97736392806692,1721.1862987951417,44.99908121337566,0.000353436,0.0007165469,3193.084249474333,0.009059649,0.001085865,0.07586145954176333,0.008611152366761906
-362.36157,3.1515992,184.61166,3.5629785,-50.456577,3.6020937,64.40363,3.8481886,-32.095345,3.271537,33.534298,3.2625036,-17.965153,3.0789979,15.14914,2.9440484,-6.2053256,2.8850024,4.632517,3.1943388,1.1339071,2.830928,-4.6999173,2.80839,4.3709826,2.951389,1231.3930551128685,60.32789362697204,1490.6569608002724,33.46886516023366,0.00023450048,0.0005422159,2647.909510495215,0.010263002,0.0008343982,0.05623731148491879,0.006991081983794326
-365.1513,3.6553805,180.78285,4.382277,-49.93177,3.7667217,55.026627,3.671943,-33.177376,3.4415047,38.59334,3.4630392,-11.67086,3.3538377,16.440334,2.9703412,-10.630125,2.9917374,2.3371959,2.9544542,0.05611617,2.974111,2.0515494,3.1175463,9.086065,3.2310085,1269.4198818512623,60.544476560969706,1510.4304296651644,48.103920849641085,0.00027390002,0.0010089708,2628.9493003190255,0.00971549,0.0007351445,0.061592544591067284,0.006823722249191419
-364.87717,3.1602395,188.13696,3.3746881,-49.54386,3.1111367,65.53082,3.290944,-32.02913,2.803982,33.139687,3.2306454,-19.08717,3.0722926,14.05201,3.1677694,-7.4740496,3.0075204,5.0091314,2.771067,1.316114,2.9273028,-4.7027683,2.990484,4.0491996,3.1115067,1188.109113090476,56.76462076637145,1461.6181332362949,32.04077363991818,0.00019200268,0.00021894106,2545.889091049159,0.010487408,0.0007111226,0.05357045751160093,0.006166926748137739
-370.93015,5.459011,158.8824,3.947734,-30.614414,4.530677,57.153122,3.4935637,-33.76657,3.385935,36.894455,3.1325238,-23.708727,3.1965022,20.027153,3.1961138,-9.549515,3.002112,6.371162,3.4027562,-3.4975948,3.0831904,-4.0156226,3.2299597,3.0457075,3.0745282,1462.380331029397,87.90097157739554,1826.0725518477986,48.541839761093506,0.0002900642,0.00045041463,3419.8323756525524,0.009630084,0.0013224537,0.0549831877175174,0.010305242473915148
-367.11673,3.159386,166.92552,3.7762773,-36.377285,3.552846,47.517647,3.3393393,-39.31474,3.3257108,31.387993,3.2763226,-24.734806,3.0309107,20.875723,3.2641504,-6.799382,2.917982,6.902519,2.8980403,-5.117523,3.193579,-6.383645,3.0540004,5.1275196,2.766514,1415.2585760928057,60.24644461699349,1690.8999016364755,50.93498744432527,0.0003005233,0.00093590195,2955.644463275812,0.009613566,0.0009580289,0.0689416872099768,0.005944713340523627
-362.16858,3.2690587,185.28056,4.3139997,-51.062206,3.9803746,64.74388,3.7894602,-31.580137,3.707775,33.132027,3.341597,-18.689098,3.154843,15.086802,3.327338,-6.4455757,3.2791765,4.586101,3.0019,1.0090425,3.0599844,-4.6110315,3.004788,4.6078033,2.8261864,1228.117334239012,56.15472856485588,1484.9851915990682,41.99809773684724,0.0002475819,0.0006750753,2634.070305702581,0.010256775,0.00069254386,0.057254658497679814,0.006845173039668069
-365.56155,3.5435343,171.74323,3.6259863,-36.332798,3.7741032,49.283737,3.6699345,-42.98018,3.3817778,31.333733,3.517598,-28.377771,3.1406841,22.536686,3.3104692,-6.8929996,3.317525,9.990214,3.0882964,-2.5034077,2.916004,-4.917829,3.0173523,5.0925503,2.952872,1404.9030133479685,57.05361851522949,1702.5170323139796,45.66728328099177,0.00027947023,0.0005019263,2927.6662875217517,0.0096642235,0.00088192575,0.06907650268271462,0.006108479218400546
-366.53903,2.9783983,186.09192,3.8126454,-48.66172,3.6078203,62.631092,3.4427226,-28.95634,3.4105017,31.340626,2.7499015,-16.305546,3.0616105,13.837765,2.9340363,-5.771164,2.8311138,4.084512,3.016377,1.408276,2.8557253,-4.001337,2.945221,4.7533092,3.0282009,1180.191655565074,53.53484386816898,1449.7957680073941,38.51167047876939,0.00020233658,0.0004919924,2519.4597071671983,0.010337323,0.00074504694,0.0514689222012761,0.006751915242375852
-335.5496,6.1650357,156.2119,5.0303845,-48.0129,4.3159018,70.22976,3.5984135,-42.539116,3.7001345,41.082203,3.939298,-27.445087,3.517997,23.16964,3.4781935,-12.744043,3.2224832,9.372064,3.275465,0.4952752,2.8058484,-2.9714704,2.971822,7.816915,2.907097,1758.832238964018,108.98943534721019,1925.4742843596575,53.83083697324675,0.00057110493,0.000940828,4032.929132377465,0.009805784,0.0010516032,0.08667388703596288,0.012879376062100866
-364.19595,3.263111,179.19298,3.4383414,-48.140762,3.0316155,53.855904,3.3100598,-31.57407,3.1092386,37.721397,3.3282642,-10.762695,3.1782622,15.882012,3.058613,-9.880896,3.1200025,1.8409905,3.1216564,-0.19051044,3.1598175,1.559979,3.2139907,8.8335705,3.163152,1261.509060107232,54.880421279690296,1509.3617989987183,35.206009701494445,0.00023163849,0.0003729523,2615.110095526392,0.009814287,0.00072169123,0.06031236405162413,0.006978078746952988
-372.572,3.2032976,194.04475,2.9219377,-47.043636,2.9010372,61.109333,3.0026577,-28.638405,2.9310918,29.043314,2.896287,-17.893211,2.867728,12.284579,2.8823693,-6.410059,3.0489287,4.1295233,2.8762674,-0.06523597,3.0479465,-6.0056977,3.143712,2.4545527,2.9810944,1094.3530566965653,45.595677808076005,1367.0083522903951,29.316159002826367,0.00014828968,0.000115727045,2249.9449409077724,0.010439623,0.00069636,0.050219330046403714,0.005292251942484403
-370.88354,3.2991557,175.32988,4.0481477,-42.663258,4.1796937,51.05237,3.7552192,-42.920387,3.5931914,35.77582,3.2051075,-29.219109,3.337908,22.780058,3.1176362,-14.320229,3.3348868,3.8189666,3.1301227,-2.376869,3.1749218,4.2549195,3.29576,13.852124,3.2066698,1410.2278988051578,64.94963513305497,1682.3992070928923,48.37837763089585,0.0002953271,0.0006701885,2852.749725837442,0.009315422,0.0008793654,0.0707271425464037,0.007893549381781138
-374.07578,3.479855,183.56993,3.636149,-42.796772,3.484385,57.074818,3.3912609,-30.702705,3.0311522,37.006947,3.530516,-11.056192,3.247691,16.919985,3.1162386,-7.865262,3.1700606,3.6637073,2.8812504,0.6557287,3.0294642,0.65705067,3.057778,8.456864,2.9277537,1163.3769737303205,58.54748075554266,1480.8447649760465,39.486757186113834,0.00019147397,0.00031097903,2435.8998876160094,0.010040698,0.0007968974,0.0504923597012761,0.006738383453932981
-371.6758,3.5228333,194.04237,3.491381,-49.64994,3.343293,61.19047,3.0941422,-30.434895,2.986121,30.321337,3.1401658,-17.259348,2.7049406,14.145292,2.9224906,-5.619212,3.0414217,4.244385,3.1589146,-0.20180975,2.819088,-5.7822537,2.9170945,2.749337,2.9186087,1119.6010560765062,54.176176452349246,1379.917480515574,32.223671171539955,0.00017094487,0.0002558302,2305.6265067611657,0.01030384,0.0007832792,0.05137942285382831,0.005907662835343342
-394.63693,4.1823225,181.92795,4.6363306,-32.033836,3.9347022,57.45547,3.740382,-21.659033,3.6497617,28.469887,3.6423967,-13.393714,3.8468585,14.650509,3.8316226,-0.033372812,3.3906941,8.175188,3.6460118,3.5533926,3.5838778,-2.5520785,3.3517213,3.0215511,3.548268,1046.6452314308444,77.67783335143491,1418.0842985938198,62.21079373956018,0.00014371495,0.00038096658,2191.0658692539155,0.0102061955,0.001634461,0.03940463674593968,0.007655444187148315
-360.6991,4.054692,162.20592,3.583662,-30.570478,3.235322,49.601234,3.2781725,-37.85729,3.4110682,29.32112,3.3572028,-25.184141,3.3186631,19.087605,3.6183257,-5.0757732,3.318137,10.069807,3.0234108,-3.4387944,3.194692,-9.118512,3.0968437,-0.34630206,3.0569375,1455.0001577094706,68.60222112446299,1750.4964320262882,48.70614895595234,0.00031300352,0.0006117522,3204.00073412123,0.00971903,0.001296525,0.06969506779292343,0.00660881447925985
-370.59274,3.6882594,177.7775,3.9338775,-47.88262,3.5052795,50.238735,3.6386256,-43.634193,3.5292327,35.769894,3.4853873,-29.564123,3.5803618,22.760386,3.490644,-13.064992,3.1942682,3.598354,3.0937867,-3.1425147,2.942155,4.419196,3.1392655,14.187451,3.2431362,1409.0961130240125,55.711521231708446,1638.9219609161098,42.424510233277225,0.00030671942,0.00071855664,2776.4842163935614,0.00910586,0.00080522726,0.07439774869489559,0.007857969823591856
-373.9707,4.0393605,182.1612,3.4626317,-41.49021,3.1182883,55.438072,3.191067,-29.40689,3.3170989,36.28104,3.1928587,-9.695283,3.2890127,16.923174,3.09019,-7.2498603,3.1654947,3.1585538,3.240304,0.6697003,3.062079,0.97197396,3.2083895,8.487696,3.0925806,1159.4029313445988,62.20489483538752,1475.7474610344905,43.624090402510305,0.00018047872,0.00022672254,2414.49158706134,0.010085854,0.0008893575,0.05123101254350348,0.0063881511516805664
-367.76666,3.4600685,187.32675,3.3501968,-48.48411,3.0593326,62.384716,3.0648465,-28.92415,3.0413864,32.01482,2.88709,-16.659664,3.017879,13.786638,3.0377061,-5.7364006,2.979232,4.1852283,3.1009912,1.006289,3.0540822,-4.108154,2.9593952,4.822925,3.1165152,1166.587123522713,48.69052737622442,1440.2948905855867,29.754712384770876,0.00018503783,0.00031501494,2474.4448208200406,0.010470016,0.0007229464,0.05120722157772622,0.006552583813589253
-352.85477,4.252074,153.63606,3.66143,-40.810448,3.5625598,65.50479,3.461059,-43.836803,3.1231034,32.8458,3.3968956,-35.53542,3.1893592,24.146181,3.3500671,-12.171503,3.2245402,-1.2311404,3.2480783,0.94427747,3.150821,5.8187943,3.0804284,5.7965555,3.0868444,1769.4996079322984,83.0743774078121,1946.7219215684054,42.92715854108325,0.00047189233,0.0007838746,4220.382909929669,0.009383314,0.001034291,0.0812427494199536,0.009625845849887918
-355.25775,3.8946614,163.2145,4.015858,-43.090416,3.5136855,52.728863,3.9530418,-43.814396,3.5302083,32.402298,3.3546383,-28.64258,3.1675937,27.217422,3.3364658,-5.304046,3.0020623,2.196033,3.0907762,-5.1446786,3.2201104,-1.1406025,2.9603212,4.812861,3.0768888,1585.908552572932,73.16175380405234,1798.0839215860774,43.59486490715902,0.00043386663,0.0011963929,3500.8441827689967,0.009118256,0.0008549972,0.07970200116009281,0.008721212227063738
-391.89044,53.51145,164.29582,25.755209,-57.423763,18.14266,65.29895,11.374977,-43.90629,12.923483,29.954567,11.260779,-29.933933,8.991797,16.651726,9.355687,-9.438674,6.8076243,6.319824,4.560662,-2.7453341,3.3252177,-5.641022,3.1803555,4.8013997,3.623951,1697.3698881849116,704.2861106699942,1653.7156607390937,208.57555135006925,0.0006631089,0.0010436648,3416.2851426551624,0.0065092244,0.0028121546,0.10399144431554525,0.0814436324146895
-367.97778,3.377116,187.30922,3.1995697,-48.695786,2.9447563,62.32983,3.1181889,-28.72393,3.030666,32.160248,2.9071126,-17.022097,2.836862,13.504333,2.8910084,-5.939278,3.0307877,4.0745025,3.088164,1.2803018,3.0715935,-3.7639284,2.8514025,4.901304,3.0908604,1168.0626334238586,51.0891000247495,1439.6288834489599,30.340751131843707,0.00017785082,0.00022947976,2471.4221786180397,0.010424278,0.00076211407,0.05153009897041763,0.0061163498049652
-382.66266,3.7049809,180.55678,4.2292857,-28.028727,3.7896667,57.253426,3.4107344,-22.915977,3.1769667,27.046171,3.534224,-14.011437,3.2656415,12.019995,3.2396734,-1.7735571,2.9452295,10.147278,2.930854,4.4369297,3.0740285,-1.869715,3.0099628,4.3660903,3.1955101,1051.7184530925686,69.91345989867692,1442.3990533833412,75.35593997079587,0.00016299657,0.0005491874,2204.155658624565,0.010414978,0.0010330991,0.04298574354698376,0.009487690847959822
-372.86826,3.4829175,182.00671,3.3181424,-43.407677,3.072774,55.802567,3.3260787,-29.9358,3.039547,37.36989,3.14662,-9.662612,3.2467136,16.730589,3.011661,-8.4484005,3.012102,2.8772,2.9981298,1.3784678,2.9136891,2.0212834,2.9260154,8.787426,3.027468,1179.5434087688736,58.40621326872643,1483.8167721815578,36.13783014094436,0.00019748721,0.00034706786,2465.152069587442,0.010008842,0.0008829669,0.05388427167923434,0.007072062664687219
-341.78137,13.796288,163.88617,6.9686155,-54.908714,6.6149564,70.89435,5.2355766,-43.31082,4.5941167,39.546726,3.9148123,-23.48206,3.7789922,14.540008,3.8104289,-8.571275,3.9277954,11.083597,3.6433208,-1.4967247,3.4113624,-4.151661,3.1575785,4.9836183,3.778367,1656.444111813633,175.10909076709814,1773.0563986911686,75.05905171667447,0.00048498667,0.00095862336,3724.1449980060906,0.009564606,0.0009491477,0.08793367531902552,0.0186190120975691
-366.5417,3.7794414,174.98477,3.843712,-40.097256,3.0937848,56.49882,3.4337933,-29.510914,3.2731369,37.650948,3.145038,-13.46019,3.3004699,18.276463,3.1289363,-10.03611,3.3056805,2.5387251,3.083722,-0.15784119,2.8123803,-0.1585877,2.8887558,8.507655,3.066833,1255.0931714275332,70.04948931591096,1576.0422321181943,50.883589770816506,0.00022637083,0.00031466212,2685.3553010803366,0.009956776,0.0008203999,0.05550772186774942,0.0075279076542356955
-366.92676,3.2150934,187.53488,3.5869684,-47.939484,3.1894128,62.083736,3.5405023,-28.46064,3.2748747,31.64677,3.4634907,-16.036467,2.9792058,13.293031,3.0421138,-5.2719393,2.9486074,4.47543,3.097476,1.6414095,3.0274959,-3.8542566,2.845819,4.1277018,2.712092,1154.682837216146,52.53889982571357,1432.3158541869334,32.72272682149855,0.00019878428,0.0004602418,2449.7141118945765,0.010467983,0.0007707736,0.05265054016821346,0.006117346055532326
-367.2112,3.316676,187.77762,3.7575717,-47.203133,3.2474587,62.391838,3.4166934,-30.005777,3.2202332,30.558933,3.1788845,-17.531572,3.1386988,13.176537,3.0016637,-6.3603334,2.7083719,3.3177567,2.952109,0.88186634,2.7991543,-4.175535,2.9427037,4.290454,2.8841093,1164.5844756979943,52.84349050030986,1437.1114128952163,35.394034027708585,0.00019692045,0.00042719158,2464.77736187645,0.010372614,0.0007569951,0.05213620214617169,0.005850643694735934
-360.1648,52.32581,162.68666,24.028503,-65.2334,24.225338,67.134415,8.112944,-41.467144,12.589802,33.82952,10.758336,-28.676647,7.6174545,19.017193,6.9376583,-8.355604,6.7550087,7.012147,3.8791146,-0.6883553,3.2275195,-3.0945294,3.7523255,8.287289,3.6303902,1741.2098135384285,615.499228673523,1648.9246478577315,201.05921715114357,0.00071157893,0.001210344,3451.882375199391,0.007945469,0.0017247547,0.11139723209106729,0.06516634246915043
-362.7562,4.0239706,166.41484,4.4232855,-37.768127,3.6028252,47.069942,3.8603635,-41.017017,3.5837388,31.613901,3.62491,-27.65509,3.4440424,21.271326,3.1832173,-5.011251,3.2375405,9.530817,3.307879,-4.435468,2.8425095,-8.430563,3.1304085,3.4691725,3.3235295,1462.9431167885034,70.9214567502477,1718.6045086725553,53.352989262507776,0.00032887826,0.00085090176,3079.7726376703886,0.009512499,0.0011112491,0.07324785201566125,0.0066266648716526945
-362.61636,3.466462,186.58885,3.1549966,-49.909428,3.1407337,64.358795,3.1637442,-32.787945,3.417004,32.468327,3.0394866,-19.086151,3.1640334,15.106579,2.9506931,-6.3584304,2.9931343,4.641078,2.9336271,0.6689486,2.9203331,-4.3093824,2.807532,5.3885155,2.8002567,1207.6992124872138,49.59896394758912,1475.7718261888629,29.431147099162533,0.00020615276,0.00023134674,2590.2794645446634,0.010376074,0.0006582824,0.05571730894721578,0.006118818941752983
-368.04068,3.4859772,162.74538,3.7320511,-29.26054,3.286943,52.74575,3.5623205,-35.923904,3.338714,30.61381,3.3091607,-24.999329,3.0990171,18.034628,2.9750364,-7.167529,3.0792844,10.607975,3.03988,-0.10688415,2.9237876,-5.2709203,3.0377104,0.6165532,2.980031,1408.3126532027068,61.65394414234212,1746.2922476764384,48.50860602525719,0.00028871742,0.00078982144,3133.680587025087,0.009938415,0.0011250061,0.06068962079466357,0.006385546171337079
-359.6809,4.871723,172.45393,4.5418634,-44.6991,3.530101,60.79331,3.5718787,-32.20499,3.2624476,40.53493,3.7960484,-17.912365,3.4299414,20.508873,3.5220046,-10.50769,3.3097816,5.3447027,3.2091682,0.57371366,3.0708344,-0.43399176,3.0319738,9.18222,3.166552,1352.450204694734,83.83056450298484,1655.8190512252845,60.867241263496496,0.0002954159,0.0005827855,2966.03635712732,0.010026662,0.00086220424,0.05814285455336427,0.007077449431356563
-368.09955,3.4598095,171.70465,3.795724,-44.92742,3.7004263,48.072388,3.4126847,-42.526012,3.2441149,33.470333,3.32161,-26.094688,3.2479932,21.50095,3.149739,-11.934253,3.3742504,4.483948,3.309033,0.04521482,3.1796737,4.7210355,3.125867,13.128527,3.1345131,1445.5857046973188,62.999699554308435,1664.5900355545257,42.9867451219296,0.00030686034,0.0004135826,2929.964494815835,0.008908648,0.0008513139,0.07599400920823667,0.0071463382311991565
-368.80612,3.3011365,192.76987,4.4628725,-46.08659,3.821527,57.88442,3.7707357,-29.090614,3.1396232,27.444914,3.3855743,-16.59434,3.0020955,11.9849615,2.9725068,-5.6999216,2.766374,3.4377677,2.9208255,0.60699165,3.2074397,-4.39183,2.9523804,3.40472,2.9574528,1108.4184929234075,54.96535402306491,1369.504629436324,48.54848989542498,0.00020943178,0.00087427255,2261.3110748078598,0.010357543,0.0007157124,0.05119475964327146,0.005358353732106375
-357.12192,5.4643245,163.8837,4.148661,-42.010868,3.5228348,69.49345,3.6667738,-30.218283,3.1192555,40.098972,3.2836082,-24.525476,3.4249835,22.975607,3.22923,-8.484935,3.1154368,9.933686,3.017302,1.3378218,2.8986793,-3.8721876,3.1248667,6.761357,3.168086,1460.612509947598,93.82414018521307,1781.5324545358399,58.12728501854678,0.0003213088,0.00047658506,3339.070373676769,0.010107306,0.000857892,0.0612277497824826,0.008342392665668422
-365.85443,3.3924935,188.62047,3.8422778,-47.601917,3.6062076,62.118233,3.375871,-29.994444,3.597471,30.94973,3.0146065,-18.48958,3.1842253,11.92103,3.0027094,-7.0589256,3.16106,3.7415962,3.298019,1.3297576,2.970035,-3.9933956,3.015049,3.8075624,2.8901134,1164.134412853289,52.35965252063986,1432.191413482443,35.09969828017894,0.00019921098,0.0003543955,2447.490846142691,0.010337318,0.0006729663,0.05364976073085847,0.006020727334378793
-373.48166,3.4084225,182.51755,4.422589,-43.099396,4.136401,56.814396,3.7141273,-30.280176,3.7647443,36.57263,3.4718914,-10.81585,3.2684865,16.793262,2.851058,-7.8354435,2.9727678,3.4367297,3.0822875,0.5540831,3.03107,1.4413348,3.1737888,8.844486,2.9525306,1175.6598882901992,69.3098768244821,1487.8347402680408,56.02100764269896,0.00023018291,0.0007923318,2469.5236595490137,0.009948818,0.00095722626,0.05052068227958237,0.007665729586192051
-375.24463,3.6811817,173.52072,3.5186884,-44.02689,3.1649399,49.53815,3.4656496,-45.93205,2.900883,31.478842,3.1614292,-30.75857,3.2813375,22.180685,3.5202856,-8.311438,3.4193456,7.9617295,3.230201,-3.694998,2.8930264,-0.92195916,2.8922107,13.371565,2.8944893,1432.5791422394968,59.93723348560603,1676.8252524501636,42.66509100731164,0.00026866814,0.00029763093,2940.1815250688805,0.009022005,0.0007587483,0.07053341611078887,0.00672559125023272
-363.10782,3.4620361,186.609,3.534884,-49.79231,3.507343,64.16735,3.4437265,-32.52123,3.4379115,32.510365,3.0730083,-19.401741,3.300269,12.72546,2.9635677,-7.9898357,2.971568,4.2978606,2.8926704,1.2970667,3.1466572,-4.515339,2.7642903,4.474566,2.8170743,1212.5978276936705,51.84694141152814,1470.8215921591986,31.26706383945202,0.00021731594,0.00034106482,2591.278685107309,0.010263746,0.000715951,0.05680829466357309,0.006283020918919562
-368.52512,3.1189213,190.6774,3.5247304,-47.941597,3.3223782,60.243973,3.4140155,-28.349491,3.496031,29.414776,3.1001663,-16.81782,3.054794,12.781601,3.1304467,-5.384035,2.9903293,4.4387894,3.0373073,0.6716989,3.126197,-4.695899,2.6338835,4.0236673,2.747463,1132.2972376616183,53.65814329625858,1396.0411799752521,31.741277347500084,0.00017462044,0.00021330795,2352.939600402407,0.010306253,0.0007651282,0.05089340741009281,0.005970398432099803
-369.55038,3.0613334,190.39914,4.099246,-46.232372,3.4019616,59.91947,3.5147965,-26.714237,3.2098894,29.6477,3.3098505,-15.892687,2.7528567,12.449575,3.1066937,-5.5502267,3.1603816,3.361879,3.0208323,0.4212583,2.900452,-4.496925,3.1374042,3.3866465,2.9695597,1113.100417780933,53.38868160060769,1389.1669885543415,40.447196003682855,0.0001924728,0.0005663758,2307.7248699427205,0.01035878,0.0007936331,0.05101236223897912,0.006255856629020312
-377.74442,3.4518843,183.88588,4.012112,-41.628998,3.4960015,56.251522,3.3738322,-29.303085,3.1838264,34.25683,3.355734,-11.946245,3.1496012,15.245176,3.465338,-7.236171,3.0754156,2.948171,2.9582891,-0.5163148,3.1013267,-1.2902133,3.1998792,6.476291,3.188817,1146.172351927187,53.93748770101477,1459.8832517057492,42.04129331864082,0.00018710486,0.00040335354,2389.011462713892,0.009914889,0.00077952363,0.04791273926914153,0.00626847946497868
-361.08823,24.708004,187.45515,8.392794,-56.426353,9.667455,61.18092,6.416377,-34.84605,7.084601,28.987514,3.9138587,-20.872934,4.1603785,13.686045,5.03238,-8.483696,4.33918,4.84856,3.412582,1.4537543,3.3317127,-4.957065,3.7467337,5.084911,3.379532,1284.2083914694626,208.82402278984972,1448.4921430381467,94.57359532575971,0.00024376245,0.00025681843,2626.1015217154873,0.009742697,0.001638386,0.06659771062935035,0.020020853845554576
-353.84775,4.64616,168.71486,4.3030095,-45.340523,3.9587693,58.844345,3.7240667,-33.141884,3.5966706,40.59744,3.5207512,-17.563908,3.2751806,21.047386,3.160168,-10.984656,3.1346314,5.174214,3.1785796,0.9418718,2.9702034,-0.51552135,3.114836,9.064997,3.0147843,1416.4169832509358,84.89530993930535,1692.5958157268763,56.71550924064756,0.00034054526,0.0006686351,3116.469012833527,0.009850285,0.00078035233,0.0648496410962877,0.007996406862846575
-365.7342,3.623843,167.8042,3.651881,-32.084583,4.041352,49.165478,3.426611,-38.90136,3.7953289,30.682487,3.2723606,-26.816723,3.2751036,20.573921,3.2490642,-5.550951,3.4619021,10.492506,3.2990348,-2.0904577,3.089144,-7.008665,3.320895,2.312352,3.1194346,1394.673753922255,66.18077020160618,1711.2769982000955,45.41729708631431,0.00027238656,0.00045180306,2950.473496864124,0.009851393,0.0012077126,0.06714263703596288,0.0070529133580008166
-392.69452,4.0050273,184.91063,4.254176,-33.819836,3.7813747,65.395546,3.653994,-27.145744,3.4153526,31.529108,3.5640216,-18.989258,3.664118,16.725811,3.387574,-3.7366261,2.9002023,6.3864207,2.9918666,-1.245013,3.0403752,-6.85578,3.129623,2.7601218,3.0827248,1063.4387087118728,61.15643560969538,1458.6204688168407,59.1923020930206,0.00015113375,0.0004088795,2262.360256398637,0.0103129875,0.00073564023,0.040542071490719256,0.006821137411902498
-355.4564,4.127236,156.45512,3.9180863,-41.432682,3.0486338,60.29396,3.4915247,-48.653023,3.170298,34.805553,3.362206,-31.094788,3.1181664,23.577732,3.157683,-1.6067766,3.1391559,4.808297,2.8230557,-6.2045603,2.9495418,-5.2762427,3.0768845,5.1421714,2.9747775,1715.8001950788378,81.08896784321311,1880.429471773338,48.161257350153164,0.0004430713,0.00075148,4071.4490850674306,0.009176144,0.0009744449,0.08610290385730858,0.007727585662984535
-365.2557,4.089547,173.60118,4.172092,-46.377747,3.847366,49.06168,3.7139087,-44.80614,3.4909534,36.34606,3.147277,-29.907688,3.8413494,23.028585,3.5528755,-13.787784,3.0504956,4.134361,3.32751,-2.7735586,3.0937967,4.827519,2.9663696,14.054165,3.1214557,1470.1237597719453,58.39527236117048,1699.914028984315,45.55336631298846,0.0003379606,0.00095554366,2978.3267700478536,0.0093071265,0.0008583285,0.0777126232598608,0.007154104686473556
-359.41025,4.365375,166.64548,4.0415115,-37.9215,4.107082,50.73007,3.9588323,-40.841476,3.3563056,32.7637,3.3032322,-27.441072,3.2381523,21.632998,3.3981667,-5.3265176,3.4210503,11.684029,3.172453,-0.29189935,3.4461067,-5.666738,3.6488247,1.6008825,3.4257765,1461.896244420273,73.28740252693677,1738.6853768160352,48.387083207708955,0.00030120034,0.00042836054,3156.1880301986657,0.009794932,0.0009900435,0.07109986767691415,0.006410495509584539
-365.23212,3.168684,186.21872,3.63789,-46.866554,3.5651157,60.03849,3.4149349,-28.60954,3.151607,30.790094,3.0245135,-16.109884,3.1484468,12.635376,3.346636,-5.789601,3.107295,3.7109513,3.1281438,0.7316405,2.9981709,-4.505956,2.9367619,4.1345687,3.009601,1168.6034526908102,57.761987686383705,1437.477194973968,33.75367099472724,0.00019185652,0.0002672208,2460.5306744852087,0.0103512965,0.0008048974,0.053209061412412995,0.006325773802028128
-367.1553,3.159557,171.1528,3.7671645,-44.663,3.5271437,51.390335,3.4742405,-44.019802,3.090949,37.05378,3.3319125,-27.560213,3.0028439,25.293406,3.2022839,-9.2945595,2.8370311,5.496359,3.0399952,-5.222039,3.162749,-1.6716951,3.2782362,13.076424,3.1625104,1475.1284106175685,62.032347669961034,1724.561756598937,44.755827088403294,0.0003314217,0.00055987,3104.353463511456,0.008999682,0.0007465488,0.07561788536832946,0.007458305130213642
-396.81595,3.8792417,182.48842,3.3911376,-26.76663,3.2909393,58.836967,2.9701645,-22.31889,3.0413103,26.55387,3.0973554,-12.753618,3.0993311,14.807805,3.5514586,1.1466147,3.0733247,7.7219563,2.9594483,2.474945,3.139733,-1.9344527,2.9533763,5.453097,3.112538,995.6583508777893,63.21864540177082,1407.4811195424206,47.89637931369865,0.00011178347,0.00010461257,2087.2468527950987,0.010336577,0.001120771,0.03668340342227378,0.0065709618085940166
-370.0873,3.6414325,175.87518,3.5085464,-42.40509,3.332897,50.52767,3.4063807,-43.177902,3.485837,35.231117,3.3060396,-28.546476,3.4432595,23.17262,3.3203888,-13.755733,3.1587718,4.716817,3.039816,-1.5555277,2.8753622,4.942051,3.1474345,14.163215,3.3788385,1400.4330393054706,58.68209909648581,1674.644943058072,43.884928703600345,0.00026423714,0.0003303748,2820.799648346868,0.009473118,0.0008368888,0.07010064711426914,0.006894751850842017
-361.97202,3.366487,180.74358,3.7694807,-41.218323,3.2965937,59.450787,3.404296,-26.710974,3.4638553,27.271158,3.3268561,-15.322756,3.3151221,11.595776,3.1395621,-3.9489179,3.0251205,4.6025925,2.9831338,1.4832194,2.9185355,-4.7611136,2.932113,3.9335384,2.8989222,1181.0627639301517,60.93489573525088,1465.4475833872584,37.48047732286773,0.00020969924,0.00040134302,2543.6408447832077,0.010391908,0.0010477119,0.05310030271171694,0.007565112997337954
-341.10803,7.2567983,158.03447,4.5518274,-51.751045,4.6017222,70.10365,3.9764137,-35.71092,3.7271929,44.13459,3.5922713,-28.261337,3.281989,24.15524,3.1522253,-10.88848,3.1753385,11.079187,3.02249,2.3471222,3.0008712,-3.362675,3.1041927,7.23061,3.0730531,1698.4950310008956,108.75665837452894,1882.1334913606438,60.694569013577144,0.00048446143,0.00049210794,3836.7821359302493,0.009793257,0.00080734526,0.08167325261020882,0.011514710734542962
-369.2984,3.4489863,165.46973,3.5170765,-31.29503,3.3223333,55.644432,3.2593322,-38.638115,3.2927103,32.82345,3.375408,-26.57632,3.069981,18.94563,3.1693094,-7.825579,3.0487983,12.249621,3.2909672,-0.017478464,3.4843686,-5.3808475,3.0587263,0.87464327,3.061206,1409.8981049286685,57.99395538896928,1755.144821392691,43.31048890698427,0.00026084716,0.000558256,3169.3777416255803,0.010048755,0.0009147384,0.05997815762761021,0.006453969273418358
-361.31238,3.5495684,162.71065,3.6604648,-34.567123,3.3241942,50.598064,3.5154977,-41.796432,3.4373565,32.222126,3.2469726,-27.034767,2.9588592,21.789646,2.9662569,-5.3681674,3.4365952,12.748001,3.3071637,-2.0512953,2.9580126,-8.4584675,2.8807662,-0.75274813,2.8960733,1506.2121505742853,67.46520935004874,1783.2693424340239,47.005483785576395,0.0003098474,0.00051766384,3346.7643720091355,0.009864812,0.0013113427,0.07368062101218098,0.006387120178346127
-376.80698,3.752839,182.95847,3.7772813,-38.892906,3.734311,55.400776,3.5022597,-28.425964,3.378273,33.832726,3.1848698,-10.67385,3.2111475,16.293995,3.3300343,-5.5303335,3.066087,3.7091985,3.183721,0.28802377,3.2233999,-0.7117012,3.0545893,6.605879,3.2463372,1129.0136454618817,62.66039845579622,1460.0913524603952,43.768598468637286,0.0001739905,0.00030191574,2351.1659839037125,0.010059399,0.0010193075,0.04790934055974478,0.006125825452760241
-348.41125,27.417788,179.049,9.321967,-75.20733,14.253883,63.80707,6.395603,-41.36159,5.814936,31.942394,5.160018,-26.53672,5.0469537,15.6832905,3.8664668,-9.15752,3.7023864,4.3017225,3.5376306,-1.3802593,3.4391122,-4.153617,3.6200948,5.704297,3.6322327,1556.6247112016076,215.55065227354686,1523.5567766060124,92.83380325446073,0.00041606158,0.0003964667,3082.1457865066704,0.008901045,0.0016739176,0.09508569279292343,0.02387797638644969
-331.77863,7.5005465,166.73119,5.166562,-79.80113,6.030711,58.36426,5.5664434,-52.368004,5.404933,30.268024,3.9826005,-37.31891,3.909644,15.1548815,3.993242,-14.736736,3.6228032,4.64115,3.4407964,-3.019352,3.0719893,-4.617847,3.4536595,4.5693274,3.311236,1778.3411308099826,77.53855955309785,1658.8400200227848,63.431161294614,0.00063576986,0.0013703662,3538.8645251776393,0.009109798,0.0008327626,0.10895242713167054,0.00849696079646606
-368.41147,3.3589704,194.7843,3.517632,-51.077614,3.341271,60.10412,3.2419443,-31.761234,3.3326204,29.297722,3.0248067,-18.709965,3.0122435,12.862383,2.9747572,-6.3948154,2.917626,4.1942954,2.9482841,0.57068336,2.8820605,-4.805185,2.7243288,2.952932,3.0940762,1135.160898198047,46.16747233947526,1376.4106569085209,30.135373939900035,0.00017715567,0.00022738664,2318.591393561485,0.0102559775,0.0006844914,0.053551198158352666,0.005938096178500216
-371.45343,3.420857,175.49962,3.569604,-43.12479,3.6090088,46.81787,3.5364747,-44.053925,3.5279148,31.994452,3.522578,-27.790956,2.9455836,22.51156,3.2309134,-10.260948,3.0958977,4.830777,2.9998405,-2.304504,2.91242,3.5007958,2.6986406,14.412493,2.9715145,1388.883191132962,57.99012334680738,1634.2391644708316,42.578450754334604,0.00024647792,0.00031098325,2750.9541310179816,0.009561592,0.00085285975,0.07090727414443156,0.00594082628365982
-358.73935,4.500291,161.0632,3.8764384,-40.95071,3.5351055,66.4016,3.4299967,-44.726692,3.3300984,27.467228,3.2241907,-25.22752,3.350115,23.901382,2.9687378,-13.88499,3.2285502,12.7337885,3.3093848,5.259195,3.1849546,-11.5599375,2.9690068,2.2341373,3.049657,1586.054098249223,81.81100905277772,1799.2358447301426,41.899050978277124,0.00032077762,0.00015400356,3456.803536470418,0.009659812,0.0009847113,0.0735446726363109,0.007646667138005016
-356.59253,3.638272,162.62843,3.6695876,-41.867386,3.3846133,50.615204,3.413504,-42.92883,3.4130645,31.597147,3.171765,-26.533682,3.2175279,26.781065,3.176978,-3.70959,2.8902934,2.4073794,3.0953195,-7.0827065,3.1046314,-1.3851293,3.0909085,5.656037,3.0970025,1566.8495993003216,71.14904969983283,1782.5796941981575,42.55208283628478,0.00038258647,0.0006236352,3446.9861944424306,0.009145799,0.00085147173,0.07841955481438515,0.008210193005405472
-357.42038,5.7249274,173.23236,4.845942,-48.531857,4.0961294,61.3587,3.9510221,-35.2121,4.1125503,42.98929,3.6258225,-18.686874,3.6545389,22.21961,3.3572214,-12.101971,3.5046651,5.45735,3.2140906,0.60728633,2.8605108,-0.67217445,3.105475,9.279384,2.9826658,1398.678328092371,91.25387264348225,1675.9745791556827,67.92470335239209,0.00033442338,0.00071312906,3061.5868234302493,0.009837303,0.0007452185,0.06432397404292343,0.00824558015763952
-360.95615,7.626271,190.49266,4.6621895,-46.91565,6.063968,49.42742,4.78035,-30.677786,3.1109722,24.211418,3.110812,-18.594107,3.4166727,8.661778,3.3145466,-6.4151025,3.166075,4.1912336,3.5434017,4.476435,3.2087214,-1.2460952,3.0877209,4.5941925,3.4942589,1152.7990351932458,64.22059808533625,1358.9642343152072,51.96971488821187,0.00017930787,0.00019166784,2250.619414787558,0.010296341,0.001369391,0.059734583454176336,0.009721233770852315
-359.78687,3.268656,163.30249,3.001047,-31.558084,3.080975,51.335037,3.159245,-39.654964,3.281902,32.942307,2.8843806,-28.356905,3.325165,19.358639,3.2040741,-8.751591,2.9444704,12.03683,3.2444086,2.4010549,3.3400595,-1.6248626,3.144826,3.3966215,2.9425654,1473.6030399287908,60.735699880071465,1794.614428281009,41.700670108429414,0.0002875312,0.00037120757,3290.5332348462875,0.010222902,0.0013416042,0.06791527697215777,0.005949106382023449
-368.58624,3.481084,197.11934,3.2214637,-51.936794,3.084334,57.663284,3.154704,-32.961983,3.1071806,30.431906,2.754469,-17.56355,3.0945668,12.910561,3.0410004,-7.1050234,3.1369536,4.2048464,2.9470387,1.0166088,2.848411,-4.443276,2.9323277,4.3463593,2.8317537,1119.326166895383,48.64180009894875,1355.2354539372152,29.515756330556687,0.00016482858,0.00015744123,2238.3290018670245,0.010328585,0.00062901137,0.055282274144431556,0.005372149246287185
-366.67874,5.252115,182.93199,4.6467147,-42.507984,5.009708,57.68113,3.6884704,-25.699223,3.9332147,25.864363,4.0181317,-16.818176,4.0674405,12.803511,4.8191094,-4.4184937,3.567953,5.000711,3.8501709,3.8381605,3.1802518,-2.7731922,3.6211574,5.0538793,4.335773,1168.4626531248985,90.21714820147687,1447.6478399036394,96.87197772006085,0.00017695579,0.00022031051,2458.0576035926624,0.010424154,0.0011027069,0.05478266386310905,0.014773011059204321
-389.51053,4.5196323,186.22731,4.2961855,-33.80372,3.7640586,59.22398,3.7199202,-25.765345,3.6463714,31.486315,3.729539,-15.458293,4.0134673,13.699594,3.9761791,-1.4792427,4.0473843,10.753592,3.554562,1.9346726,3.242256,-4.7621746,3.8411365,4.2854404,3.7613938,1046.1049182263969,72.81693670008138,1417.2754147563242,65.1613573257273,0.00013787918,0.00021868097,2128.8643892292635,0.010134378,0.0011589613,0.044968324028422275,0.008146678774891808
-361.2266,3.3969693,162.07391,3.8307252,-30.150019,3.3757226,51.895527,3.658107,-38.577618,3.6425505,31.873634,3.2334929,-27.773605,3.082922,17.198105,3.1139665,-9.561164,3.0186453,9.45389,3.2852206,2.6947103,3.127615,-1.3138368,3.0521576,3.885876,3.198642,1464.348284505757,69.03297839084763,1784.4497981842017,52.09917630346338,0.00031461578,0.0009841871,3284.7627360970127,0.010288798,0.0014874311,0.06598934164733179,0.005661641436544903
-363.90515,4.841508,166.7216,3.775027,-39.75009,3.9207885,44.35695,4.205495,-42.372524,3.7019174,30.46719,3.5682707,-27.34634,3.2619324,20.19236,3.0837874,-8.63597,3.1918545,6.8680053,2.919565,-1.6623181,3.8183143,-1.0187021,3.7995787,10.450811,3.0712862,1466.7533420851155,62.71129228973743,1699.9151175989318,52.64542755086915,0.00029403027,0.00040979352,3030.011453650667,0.009518492,0.0013060535,0.07469910092807425,0.006745388780054089
-366.18698,3.185971,184.8649,3.638794,-47.187172,3.2425184,61.531956,3.3349016,-28.099207,2.993286,30.101124,2.9781547,-16.137197,3.0003226,13.596143,3.061064,-4.3439727,3.149715,4.8941145,3.2126622,1.6691475,2.9652195,-3.898162,2.99488,4.513584,2.998391,1180.2578943623162,56.15299067294029,1450.2407847023012,36.22245960857451,0.0001990098,0.00046154737,2518.735272259281,0.01036502,0.0007883067,0.0521475311774942,0.0066945388577479776
-369.2394,4.0292425,176.29956,4.1203194,-40.973675,3.3261938,59.485767,3.175496,-30.947577,3.4343696,38.859264,3.343114,-14.971329,3.2492096,20.632984,3.2452025,-7.6174674,3.1334708,5.7785254,2.7824664,0.23481828,2.8539398,-1.5446353,2.9821527,7.585992,2.9088793,1249.280241281863,79.05209383383124,1591.7271379122772,58.929212479359244,0.00021988772,0.00023301449,2715.981411325406,0.0100665325,0.0009220364,0.05075066161542923,0.007133380146597081
-365.4415,3.3031216,189.24557,3.6772597,-49.786644,3.3078253,64.41858,3.2250826,-34.029667,3.149809,32.241493,3.1608284,-20.088493,2.8778088,13.21818,3.006752,-8.582073,2.725096,4.3872924,2.8784757,1.5062104,3.1187103,-3.3022768,3.1840947,5.382798,3.0579412,1191.4350499185982,54.53069966878183,1456.416510294347,33.759663275188785,0.0002060414,0.00032620732,2529.726698448376,0.01030296,0.00072394445,0.05494806772041763,0.006107570623196612
-359.31155,3.8653347,163.16148,3.5851183,-37.296288,3.4552064,49.31725,3.810356,-42.062935,3.4141324,30.661213,3.596823,-27.315506,3.4363308,22.08466,3.499879,-4.7764745,3.3363075,10.374903,3.1407993,-2.335926,3.2623944,-5.9511743,3.2568593,3.8312461,3.2277713,1507.3240386055224,66.264486437083,1758.2457373892005,45.83334328240251,0.00032430427,0.0006010423,3283.388807823376,0.009871279,0.0012555644,0.07370781068735499,0.006441089847845186
-352.42432,5.480535,158.093,4.5817037,-42.5949,3.757769,65.95931,3.6051774,-31.358046,3.3028913,39.87819,3.5522683,-22.931532,3.5092633,23.307968,3.3330827,-7.696313,2.9568832,9.921226,3.1858063,1.9808565,3.147486,-2.2261817,3.0885355,8.9403105,3.220674,1547.3686700527514,103.95747726532377,1831.4645295420946,63.66049551938826,0.0003638595,0.0006600896,3566.2431685941124,0.010210856,0.0010425575,0.06364763087296983,0.011280233257759916
-368.24356,3.5676992,174.53061,3.4826674,-42.52582,3.1420782,50.411243,3.3509207,-43.340027,3.2857275,38.222694,3.3213155,-25.83237,3.5060503,24.80172,3.205628,-11.389596,3.307847,4.8496356,3.0983024,-2.6217985,3.0400708,2.9933536,3.0284615,13.922021,3.27364,1412.4643359930815,58.28853044456477,1696.3785945882744,39.8789971906488,0.00028762314,0.00043382807,2917.8239649796983,0.009350543,0.00074587273,0.06894282011310905,0.007307834837550297
-355.56943,8.521726,177.50833,6.135598,-45.052937,3.0358841,59.172817,3.104323,-29.253145,4.040002,29.558664,3.9337857,-18.148668,4.4684234,12.027233,4.0709925,-6.2012377,4.235956,3.9500668,3.5737853,0.8043139,2.937783,-4.962831,2.89361,4.3435516,3.0139143,1270.306536830739,111.8363017256098,1521.4949116838525,98.25676618013394,0.00024363185,0.00029618232,2723.975175826566,0.010128893,0.0014296114,0.0607394685324826,0.007662398019149953
-358.76093,21.858374,179.32205,7.9108334,-54.206387,12.83684,60.536293,5.1185136,-29.766798,7.454626,29.0584,5.0285077,-20.641184,4.951112,11.153794,3.6703868,-7.5511193,4.0710373,4.032463,2.9584415,1.3302379,3.555641,-4.6502585,4.0879884,4.0816445,3.2611034,1328.2037142303388,181.9679320157034,1488.2189841726827,80.04916549332778,0.00025737064,0.0001846623,2750.25467662413,0.009516002,0.0016429558,0.06878761238399073,0.019916968517040164
-366.25543,3.1025553,185.79889,3.6027572,-46.91072,3.1977274,60.489223,3.596836,-27.907274,3.211114,30.7586,3.259225,-15.7027855,3.1093554,13.162681,2.8797646,-4.794957,3.0336998,4.3849034,3.193995,1.7490917,2.9614427,-3.481178,2.9144454,4.3704195,3.0504289,1165.46302552267,53.02725932797752,1439.2057285774545,33.353606406819964,0.00019751242,0.00044964548,2467.8749456206497,0.010486021,0.0008272018,0.05172609121229698,0.006300122091287997
-364.48068,3.3092415,185.19847,3.105743,-47.38079,3.300208,60.473713,3.2399602,-27.886065,2.970022,30.87704,3.0666833,-15.419613,3.1048472,13.389913,2.9606683,-4.957442,2.8228867,3.3609056,2.8815074,0.879179,3.0441568,-4.2320714,3.066945,4.2353053,2.9543717,1178.4597822293729,56.89643722333986,1443.307054448181,29.39516074754834,0.00018783165,0.00020797123,2494.079504876015,0.01039339,0.0008074553,0.05281481112238979,0.006079248357871044
-355.38153,4.1671133,144.1893,3.301436,-26.056078,4.3381476,55.9239,4.368489,-36.373734,3.4117792,45.6737,4.7654214,-20.404345,4.174016,22.841925,3.270658,-12.4400215,3.7928622,7.264673,3.2767885,-1.6018331,3.2485583,1.5865728,3.1594207,6.8785515,2.879061,1763.1661742132178,93.35458211575488,2079.1317263683522,44.33989801149893,0.00042410218,0.0007373854,4401.5166174231435,0.009706499,0.0014214468,0.07385395519141531,0.015434599679333846
-390.8893,10.34814,176.77046,7.587622,-28.145908,4.7315674,51.931087,4.196791,-20.734892,3.9288597,23.6083,4.491192,-11.642226,3.970264,11.258918,3.793791,1.1257342,4.049947,6.0376673,4.054401,1.581051,3.4842854,-3.627651,3.281818,3.4177487,3.621255,1086.03676203928,120.73899822404118,1427.3751535897695,86.67827839336647,0.00014817953,0.00010563763,2245.648292488399,0.009743002,0.0027987773,0.04372213058294663,0.010976989182851364
-377.37283,4.545707,164.92543,3.9610689,-32.94913,3.7656772,57.070946,3.1159823,-38.863544,3.4314017,29.77386,3.4481683,-26.622108,3.063018,16.620832,3.1950004,-9.446093,3.2018435,10.457103,3.2080023,4.274698,3.336563,1.7012087,3.3919141,11.225925,3.2812645,1375.8009178793905,71.93075715975095,1720.4596153001426,49.90785944904398,0.00019872794,0.0003095316,3105.8023333272913,0.01068096,0.00095733145,0.048832656612529,0.0060903694378303995
-365.79187,3.790648,169.48445,3.2426322,-41.963,3.150722,45.96597,3.1170886,-40.248222,3.1047645,33.866272,3.1076913,-25.1384,3.2386723,21.291605,2.872927,-12.661306,3.1778178,2.4223938,3.1866696,-2.7600367,3.3625438,3.700969,3.077451,12.871998,3.186905,1456.3964735854952,55.30673169383271,1686.4528942371862,41.32018202570786,0.0003082694,0.0003540101,2951.772483595563,0.008955748,0.00087710813,0.07742260005800464,0.007369887973841059
-384.59955,6.212907,178.40175,4.8360567,-31.82098,3.537379,61.368626,3.4815967,-25.33654,3.3607478,30.38174,3.4895632,-15.576505,3.6374514,17.909678,3.2470233,-1.6187671,3.1544068,8.531509,2.9466007,1.877325,2.8383412,-4.2625747,2.9037886,3.6188006,2.7129261,1108.2296948826834,85.63936626428043,1504.8956978940123,79.93311505697466,0.00015144676,0.00018766739,2414.94123631453,0.0102882385,0.0009284186,0.04229807134570766,0.008363780120097046
-367.62854,3.557463,170.87398,3.8342302,-37.047764,3.8699028,51.306473,3.4882193,-42.03889,3.7036004,32.50806,3.12383,-24.319666,3.1494446,21.098576,3.497399,-7.1952577,3.3765833,9.226052,3.4739182,-5.823915,3.5581658,-7.802451,3.6498897,2.4417396,3.359842,1385.7575978042703,73.92591465928551,1680.878200791633,45.74635316436811,0.00025154598,0.00029291277,2954.3954375725057,0.009875769,0.0010734593,0.06636093387470998,0.00681714949874393
-347.6807,6.6007137,159.0431,5.284989,-49.440536,4.4423394,71.20723,4.1895576,-33.104893,3.550252,43.349968,3.5105972,-27.296732,3.3958683,24.779778,3.2061212,-10.279952,2.9604843,10.4566345,3.2279696,1.733093,3.0045395,-3.546043,3.126194,6.7742295,3.066363,1632.3843627575916,111.99291097155609,1859.2298483249301,65.47122046586254,0.00048227108,0.0013450104,3698.3401269757833,0.009958124,0.0007128231,0.07328637072215777,0.010268636115537357
-374.0953,3.772081,182.33751,4.20456,-42.576195,3.8742502,56.40143,3.483418,-29.458801,3.5640504,36.836586,3.4828875,-10.374352,3.413134,16.91229,3.398873,-8.116589,3.016742,3.2690578,3.0550258,1.1079863,2.936158,1.2650548,3.1876037,8.933658,3.038772,1169.076245879418,66.41600735530255,1484.810488608345,58.038124783608005,0.00019603947,0.00044440004,2454.8600977921983,0.010050527,0.0008266278,0.05110186158642691,0.007327245946029596
-367.87015,4.188694,174.92934,3.7748556,-47.07137,3.076134,51.649902,3.015913,-44.946526,3.1347885,38.804104,3.3657823,-26.565348,3.187166,24.657084,3.0927434,-12.36865,3.1332378,4.2365065,3.2417018,-1.9221807,3.3751822,2.2928839,2.9670002,13.421646,3.2180636,1452.334778279534,67.0077376221801,1693.7328493508578,42.59914524885209,0.00030633912,0.00011160975,3007.304166364559,0.008770676,0.0008328129,0.07525195765661252,0.006967710704233442
-359.24628,3.9372091,158.49199,3.865786,-39.34452,3.204181,54.793327,3.3410075,-40.538074,3.0766487,26.323725,3.1009345,-28.018131,2.960365,23.20167,3.1565976,-5.0452266,3.2809823,6.678574,3.2136517,-0.5609075,3.0728579,-6.8953094,2.9200203,-1.7894408,3.018107,1575.741686658941,72.9847315482423,1778.5053219462568,46.056235302329746,0.000323935,0.00011957702,3445.887051823521,0.0093130125,0.0012944774,0.07856343351218098,0.006846429361450555
-363.11108,3.5966568,185.7231,3.3977582,-49.560505,3.070872,64.9841,2.9374647,-32.377083,3.2078054,32.674747,3.0643358,-18.906567,3.117546,15.318978,3.073882,-5.8059382,3.1331918,4.850245,2.8542547,0.5119694,2.764373,-5.398281,2.8637867,4.3549294,2.9434156,1215.4722150952086,56.27059468140603,1482.391005424134,32.45879691082822,0.00020907157,0.00027648904,2615.1850370685906,0.010364311,0.0007984166,0.054326103900812064,0.0065945297768083295
-381.3447,7.9384913,183.39265,5.2012362,-41.394814,5.297916,52.810097,3.965251,-28.518642,4.2522497,30.85103,3.1940804,-11.977777,3.488559,15.111851,3.227547,-4.963864,3.2304995,2.3184876,3.2134428,-1.1485384,3.3412514,-1.3211662,3.388912,7.4415298,3.5899515,1147.2970121694877,81.25558104372459,1435.4293585763544,63.915992069381076,0.00020281039,0.00079426897,2335.553162612384,0.009749525,0.0015932027,0.049128344330046404,0.009365679154883507
-332.35587,4.66583,163.21448,4.708497,-66.51248,3.9120803,69.560616,4.0074115,-41.647186,3.2757392,31.349773,3.3888814,-24.381657,3.877039,16.158112,3.0088632,-8.966362,3.1558778,9.213927,3.3075886,-3.574349,3.3212492,-5.6234694,3.2121227,10.861421,3.0800261,1716.5296161839353,78.07347494820374,1697.2641021967306,41.56760717856535,0.0005862508,0.0017132366,3588.9004948520883,0.009363379,0.0007536575,0.09829067575406032,0.01078916180533151
-363.86438,4.774875,163.44392,3.814398,-25.902761,3.6168423,52.1854,3.822503,-39.640865,3.4946842,29.720097,3.2635567,-28.656225,3.5202997,17.217716,3.15658,-10.079836,3.333012,9.292954,3.3999116,1.0855027,3.2418413,1.0895443,3.2222168,8.73029,3.3818421,1428.4571264782307,73.84980240712184,1785.6421214284424,53.15141361332035,0.00024312413,0.00013758389,3213.1935632975637,0.010414635,0.0016145472,0.06272884643271462,0.0066593235285161406
-365.41827,3.6260257,172.44377,3.6730247,-43.81734,3.494586,46.897713,3.4041762,-41.41549,3.0982535,38.870472,3.3505206,-24.552883,3.2165163,23.143475,3.0500228,-13.6837015,3.136266,3.7379386,3.1130493,-3.442026,3.0034995,2.9529948,2.9677093,13.133058,3.21668,1454.321923774988,64.40621205740767,1703.6126891434876,43.5414711718093,0.00031425094,0.00027875064,2969.8833562935033,0.008828503,0.00080336415,0.07692752138921113,0.007393967085733575
-363.12234,3.8331573,161.55489,3.6330972,-35.98286,3.1790614,45.46591,3.758138,-38.43364,3.408239,29.271742,3.0935023,-24.160799,3.1577463,21.075378,3.1188567,-4.8347173,3.2582793,7.337834,3.346886,-5.14762,2.9731367,-7.986668,2.8916087,4.1255016,2.8439734,1484.1540394901367,67.67936694715844,1725.725274471764,45.76102236712402,0.00031117836,0.0005466315,3140.8000335339325,0.00952065,0.0013458354,0.07670320656902552,0.006729039685414797
-388.62637,3.761703,176.89532,3.4578652,-20.186571,3.2488668,51.91554,2.914973,-17.14862,3.2245963,21.284925,3.0839238,-9.810227,3.3042314,10.192882,3.2932663,1.7599577,3.1059334,4.781067,2.9473717,1.4599148,3.1858478,-2.7006726,3.2293217,4.2816424,3.048361,998.8491000525944,64.4416399602095,1396.3165112059492,50.4998240619506,0.00011832492,0.00010053077,2063.765169572941,0.010261607,0.0014205672,0.03817883555684455,0.006583594969450634
-359.78214,4.634496,170.2472,4.5205574,-46.347725,3.7774508,62.594765,3.332143,-33.564697,3.463531,42.519142,3.4997134,-19.041592,3.4809916,22.668705,3.269896,-11.055621,3.091846,6.3433785,3.0839534,1.5561826,2.9804263,0.8163052,2.7778413,10.710468,3.2268116,1402.3529411617399,92.24511514794295,1701.539124605275,62.845325507104434,0.00029792602,0.00044512117,3113.2215460049306,0.0100173,0.0008638172,0.06029310469837587,0.009267636917788208
-368.82388,3.3256474,189.29825,3.9586682,-48.366745,3.2173536,64.2243,3.4120288,-30.597076,3.537919,31.719343,3.215847,-19.761868,3.1476417,11.898098,2.943727,-6.838678,3.0118172,4.556939,2.9318736,1.834799,2.9517076,-3.5043054,2.859149,4.9183664,3.0832384,1161.3001005594624,51.048277004074436,1436.3127562231386,36.30285523119827,0.00019792504,0.00043350674,2454.135662884281,0.010283489,0.0006854075,0.05326230785962877,0.006251376935123657
-370.42245,3.522644,190.78183,3.513242,-47.75851,3.1385338,61.26426,3.0599372,-29.198717,3.0223851,29.276987,3.1665194,-18.42435,3.1101623,11.822852,3.038921,-5.8947177,2.891842,4.8635406,2.957508,1.7898984,2.9455762,-3.8689888,2.9948988,5.0418487,3.0233815,1134.6579788462439,54.66209413518934,1400.8760198637522,34.22284401052679,0.00017128565,0.00020999456,2360.7834818191704,0.010292186,0.00081762834,0.05219058149651972,0.0062041791033027776
-365.1064,3.3732975,188.03343,3.3241012,-50.078453,3.2462792,65.818855,3.3397307,-33.294857,2.944988,32.422916,2.9473238,-19.43339,3.2568767,13.688896,3.0039682,-8.093323,2.8652842,5.0344596,2.8702495,1.2590146,3.0892818,-4.9432664,3.082812,5.3764367,2.8953688,1197.5806691862388,51.65517416123094,1465.7182061248814,30.895250879699024,0.00019848523,0.00020971066,2572.9180072687063,0.010326238,0.00071148295,0.054210547781322505,0.006456988334444922
-369.72943,3.7893212,174.75272,3.4620287,-46.027298,3.3708081,48.78923,3.3820534,-43.0154,3.0023263,35.81272,3.1751673,-26.766071,3.1640258,21.79373,3.0416267,-12.837685,3.1663048,4.5849724,3.4269783,-0.4057188,3.2690494,4.4763165,3.044024,12.050017,3.0787904,1410.1830472142387,59.83147855847531,1644.6440479746962,41.07346498929237,0.00024778824,0.00017523339,2813.0057279582365,0.00955785,0.0009170357,0.07285586753190255,0.007334490999646105
-358.98938,3.6518495,163.74467,4.057235,-43.7756,3.8378963,58.485943,3.758566,-43.63785,3.6166697,29.191446,3.1928437,-22.052906,3.3777506,25.972744,3.3363156,-12.369719,3.4502122,7.999642,2.8339581,-2.9890285,3.263027,-11.979783,3.110572,7.983657,3.1606028,1547.3610292977874,72.00339858380585,1748.3691410464019,46.63452541122617,0.00036854506,0.00083713327,3322.083624111804,0.009360117,0.00093077787,0.07780892002610208,0.007647564059328781
-360.08673,3.319468,160.46019,3.456443,-31.986242,3.7086186,57.154396,3.3618293,-38.815247,3.0605683,34.71281,3.083256,-26.499979,3.2041802,19.077845,3.2185884,-11.977309,2.957043,10.701968,3.2026725,0.88953245,3.334712,-1.3448145,3.1669028,5.6609664,3.1853638,1509.1251266313006,73.58187208984324,1833.8908099356975,40.70994331916693,0.0003034301,0.00045590661,3481.7091089943447,0.01025601,0.0010946979,0.0665070783787703,0.007557273356451004
-393.4384,5.7154503,179.89735,4.225325,-24.925701,3.2999835,55.44302,3.5613868,-21.0383,3.6738968,24.301569,3.4377716,-11.849813,3.2296836,13.024636,3.306427,0.7091972,3.287663,4.8158517,3.2190914,0.5191697,3.203529,-3.4613163,3.6658823,4.3502684,3.2942643,1018.2879089747778,72.81026454278874,1408.8189819226407,55.78553804521411,0.00011823247,9.67364e-05,2122.8690658533933,0.010206557,0.0016380065,0.0383748277987239,0.007841058207486292
-337.8021,4.0131106,158.62608,3.744119,-50.331985,3.0422442,69.781334,3.1408994,-43.806355,2.9202714,41.709785,2.9370205,-31.27198,3.0365434,24.07395,3.2569313,-16.095863,3.381602,9.787876,3.1633735,-2.1039674,3.0091703,-3.3957374,3.0088427,8.222572,3.291014,1768.1409643023173,75.88341240461213,1936.1177023454256,34.01369766969408,0.0005450679,0.00041480572,4017.965804451856,0.009428073,0.0006547657,0.08904505329176333,0.010046340201330786
-364.46234,15.818297,172.53378,8.655465,-41.56194,8.172157,61.12117,5.9992423,-26.35413,5.7501693,27.340256,4.9890933,-16.334108,4.007811,12.943623,3.30366,-3.5578012,3.6256866,6.358246,3.6032357,3.1557522,3.0367417,-3.419057,3.6635878,5.4664207,3.359334,1269.9663257327552,207.68178299759145,1539.2501263629865,112.1910391597695,0.00024415622,0.00048956595,2769.5646139972446,0.010395977,0.001199922,0.053213593024941996,0.018242295967088096
-365.6748,13.081489,171.36108,6.601512,-44.60325,5.698169,57.425774,5.0445986,-29.904524,3.6958187,31.682339,4.6588697,-18.566084,3.3260367,15.506351,3.9872622,-2.914317,3.5299335,9.103258,3.3399503,1.4440299,3.540076,-3.9238205,2.9846172,8.652666,3.3908076,1332.7147133379233,118.55852020796073,1591.0346776082877,69.40922656348178,0.00026890234,0.00066160824,2876.2314090595996,0.010347572,0.00222863,0.05230953632540603,0.012836763168696039
-361.13696,3.2646618,185.80695,4.284626,-49.751514,4.2172136,63.267693,3.9360876,-30.904402,3.5048137,32.12252,3.3740354,-18.896824,3.0299714,12.918687,3.097683,-6.6146345,2.87676,4.5747614,2.9916365,1.8582747,2.832132,-4.3537326,2.7999353,4.4078774,2.9556286,1212.554523290085,57.92056484139413,1470.2186839286562,46.917821279570866,0.00025989526,0.0009967929,2586.6572900050755,0.010350782,0.0007501701,0.055678790240719256,0.007279582599319673
-372.15494,3.774585,170.90828,3.7277522,-40.41177,3.282315,49.970455,3.4401188,-42.2555,3.4443684,32.61541,3.4328072,-29.24472,3.0621064,23.597633,3.148175,-6.446762,3.1519341,9.413485,3.3273594,-5.5677204,3.5615287,-4.66638,3.1548212,10.064738,3.0220842,1433.2031888375286,60.79353081769042,1701.7189313430933,46.585816355043065,0.00029955653,0.00047114416,2966.6858504930397,0.008926947,0.00088580674,0.0734370468387471,0.006885338063934952
-363.871,3.4841204,183.90773,3.3847406,-48.12489,3.1717887,63.278076,3.3571706,-29.825842,3.2441132,32.60479,3.1252215,-16.189281,3.1250584,14.610154,2.871529,-5.3704095,2.8692663,4.882584,2.9393575,1.5242603,3.0800347,-4.219201,3.183476,4.7566967,3.0123703,1203.1047745746112,54.15653587900497,1478.4035901396178,30.777855461210127,0.00020853964,0.00031091852,2597.2989889972446,0.010307445,0.0007660119,0.053611242024361946,0.006489131878422171
-364.03046,3.279719,184.51222,3.9570386,-48.269947,3.675783,62.702682,3.5050776,-29.901049,3.4750738,32.423553,3.2421384,-16.203611,3.1392415,14.638086,3.0555933,-4.9638553,3.0878751,5.23373,2.849721,1.6372603,3.0270813,-4.402764,2.903107,4.4492135,2.9308221,1195.8893861407546,58.14437046635963,1471.4301758618258,38.976725224322145,0.0002181254,0.0004936185,2569.4956768416473,0.010396708,0.000794962,0.053466230423433875,0.006610986313262767
-368.83533,3.5437698,189.58978,2.9474995,-48.329025,2.634828,63.648712,2.9670575,-30.930494,3.0052478,31.793282,2.9525898,-19.166088,2.7458336,11.991147,3.0500634,-7.5604696,2.899717,3.8453414,3.0338638,1.4236282,2.872019,-3.0625257,3.2856293,5.287975,2.9709475,1155.4735197432933,44.636389526486916,1431.049900000747,29.122485972195687,0.00017080993,0.00012604639,2436.649303037993,0.010383767,0.00070112664,0.05218604988399072,0.006247230969567068
-371.07635,3.1594632,194.09488,3.284438,-48.239376,3.0578344,60.695023,3.3915758,-30.109642,3.2879457,29.940573,2.8871171,-16.797054,3.0853481,13.314364,2.7786217,-5.771806,3.1403956,4.6973777,3.036983,0.5140289,2.821068,-4.4473586,3.0020595,4.3780017,3.020655,1102.9942324041428,50.268594085307804,1374.965038436379,30.703595793138135,0.00016732258,0.00026325288,2267.4562812681265,0.010415721,0.0007574517,0.05047083454176334,0.005749289962264753
-380.8374,18.109762,182.36928,6.3412733,-39.775578,8.780643,50.30979,5.839643,-24.623058,6.413988,26.753096,4.399008,-12.857182,4.015153,14.440174,4.2300596,0.22982088,4.4045243,8.872796,4.485306,5.560052,4.615384,-1.0435247,3.9358997,4.1990795,4.636206,1122.8372682609054,101.53712692161331,1404.936573249216,75.03428371092146,0.0001732945,0.0004246872,2274.3009421222446,0.009830764,0.0020749774,0.05425586390661253,0.011652481321150177
-339.37796,18.210066,162.62769,11.294609,-71.9572,8.040679,71.931694,6.594767,-42.056545,7.8349724,34.68834,6.052217,-27.142494,5.7592206,19.387478,5.6030035,-12.569795,4.4465923,7.9143863,3.6008492,2.4194589,3.623151,-3.8580806,3.6734178,8.396019,4.2135224,1761.9121923798762,210.87481517724737,1697.5585074634444,139.1072206594359,0.0005392829,0.0010005597,3593.3969873839906,0.008818793,0.0010775127,0.11185945656902552,0.022692026492677278
-362.2282,4.7437963,185.69783,3.1430812,-50.736603,3.3774824,62.740383,3.0505257,-31.654333,3.1731853,33.16642,3.0211189,-17.66852,3.0259633,13.970882,2.9158611,-6.2506566,2.9493072,4.4107227,3.061875,1.2624859,3.1300588,-4.5191674,3.2005236,4.2062902,3.0921273,1221.255301831763,56.5151351264646,1472.3892611742774,30.34959869044899,0.00020298993,0.00013884978,2601.5706569025524,0.010213503,0.0007409026,0.05564706895301624,0.006720724565768173
-361.7682,3.9003434,164.43526,3.8545115,-33.762512,3.4534287,50.559807,3.6388073,-39.656788,3.8492565,28.890789,3.4012187,-26.450115,3.232208,20.12674,3.3043962,-4.3881645,3.026594,12.16907,3.0889132,-0.1694923,3.1493034,-6.7656393,3.2244837,-0.020179076,3.2781563,1445.6985571388104,64.66558249591687,1725.8321662540218,54.18171169127076,0.00030145718,0.0007946339,3130.2332760839618,0.010225402,0.0016178403,0.07011424195185614,0.005909665152944722
-368.22122,3.4330943,189.08617,3.408612,-47.777637,3.2152338,64.17201,3.2068653,-30.747074,3.1481545,30.843233,2.9452236,-19.438393,2.877588,12.081995,2.7772818,-7.3136897,2.7901542,3.3932443,2.9371724,1.0192922,3.191548,-3.6865065,2.8969207,5.097405,2.8934948,1159.3325868541576,48.26286354847734,1434.4772578403072,30.792235245677446,0.00018171011,0.0002402046,2454.9350393343966,0.010421399,0.000686931,0.05212487311484919,0.005988261907241065
-369.5348,3.903117,174.8718,3.935316,-44.160854,3.5503602,51.669926,3.6484177,-45.067806,3.7667077,35.870983,3.3234856,-29.168617,3.4900908,24.92433,3.1385798,-10.520164,3.160834,6.8765464,2.9877174,-4.6188927,3.557008,-1.8572123,3.275884,12.144312,3.047333,1432.58630354363,62.80908603073859,1699.4921573551123,44.84601142975105,0.0002951528,0.00046769506,2957.9426705698957,0.009268214,0.00092571485,0.07245481982308585,0.006101545974577629
-394.52524,3.7795296,182.44156,3.478589,-26.699877,2.9491205,57.886868,3.1312919,-22.38496,2.9986732,26.6783,3.1567848,-12.649318,3.089273,13.940188,3.1718965,-0.10503057,3.117669,7.162446,2.7446084,2.2811053,3.078668,-2.3987303,3.2875547,5.150019,3.1774085,1003.3419489439476,67.36749048522238,1410.3105973835115,53.63852750037915,0.00012194485,0.00016563966,2093.1922151428366,0.010313594,0.0011888195,0.03740619562064965,0.008445718159532814
-370.73376,3.4459894,191.80446,4.8255534,-49.449024,3.80814,60.33434,3.8719864,-27.999851,3.8141048,30.784708,3.0243337,-15.732071,3.4170775,13.250342,3.155311,-6.2908883,3.2048469,3.0735197,2.9752767,0.98079085,3.1419303,-4.145197,2.9538124,2.5905793,2.8948612,1125.2735511441329,52.53151960859441,1387.6901039254365,50.69071731510919,0.00021148198,0.00073800294,2335.353318499855,0.010197223,0.00069562986,0.05118456351508121,0.005646386483440088
-337.37982,8.501507,159.7549,6.4881644,-44.02942,6.024192,62.4376,5.3854065,-39.311226,3.3703034,36.56662,3.142455,-25.573593,3.0933626,17.8416,3.523544,-12.903628,3.2734337,8.482142,3.3703928,1.0264621,3.262158,-3.3285158,2.9523225,6.5078874,2.853377,1621.827413401303,122.75512053495976,1829.638757023715,76.6444908011532,0.0004950207,0.0008356308,3664.9161991553074,0.009904567,0.00173887,0.07978583599187936,0.013101824836326175
-360.9582,3.337306,185.43913,4.1025467,-50.09399,4.040926,63.962063,3.8433046,-32.349445,3.5265164,32.464516,3.328623,-18.69901,3.3320384,15.153307,3.1389449,-6.4361615,3.0044425,4.498176,2.8665042,0.7374752,3.1162987,-5.13025,2.7915442,4.416953,2.9449975,1227.1281815758584,55.758324788331116,1483.8014154235125,38.49643338009747,0.00024895166,0.0006992326,2627.625333073521,0.010377165,0.0007590482,0.056429905017401395,0.006263380965888853
-366.03146,3.953303,164.43073,3.9546053,-32.993156,3.934378,57.22392,3.7763948,-40.49359,3.6385128,32.681293,3.4562848,-26.12694,3.6162982,20.605694,3.1890395,-6.755746,3.1883404,14.718853,3.4059377,0.21068263,3.1105783,-3.7843912,3.1700559,2.460348,3.5340002,1454.7161402985255,64.23049001294335,1783.3647457360778,46.52909380783894,0.00031152554,0.0010186427,3339.5699839580916,0.009928715,0.00090693607,0.06326924122679814,0.006522601409018911
-370.2296,3.2117493,187.00514,4.323697,-41.866257,3.2184374,55.703224,3.6409945,-24.337927,3.0591085,27.034866,3.3745098,-13.17615,3.1758487,11.349303,3.3224277,-3.3721635,2.9476247,4.127133,3.046692,0.97005665,3.2724736,-3.7380564,2.9340367,4.497752,3.061554,1098.26252367714,63.69181435650881,1386.340875527449,49.61096293382577,0.00021329957,0.0011698067,2269.729508048144,0.010486885,0.0010270488,0.04748110317575406,0.006580506632598281
-354.8928,4.781147,161.77055,3.8485837,-37.704895,4.584084,54.59972,3.881377,-41.143887,3.83936,34.36731,3.5647852,-28.066624,3.1745431,20.221386,3.342369,-8.276739,3.3286834,10.132611,3.079403,2.2126453,3.2087212,-1.4674295,3.0063865,4.075522,3.2501972,1539.5607135065648,82.69517950848575,1809.0575482172196,43.24602475240102,0.00033839743,0.00047990057,3488.2540036796695,0.010008624,0.0009356309,0.06937558910962877,0.007682917217960957
-379.8729,15.040837,182.08672,6.735527,-37.435093,6.29661,64.562675,3.878016,-30.36687,4.7189174,34.149837,6.08979,-19.995731,4.096926,18.198536,3.6884391,-4.6925135,4.633324,6.850987,3.0287337,0.33088708,3.206029,-7.103658,3.2456262,4.5337887,3.8908224,1165.3751183211546,161.62952767103283,1528.9701074249037,121.60936947921313,0.000185412,0.00024791606,2522.3324662848026,0.010048728,0.0007963826,0.04856869018271462,0.011594780777941939
-369.50922,3.6709824,175.12265,3.9598763,-45.68781,3.7575397,48.859985,3.7574496,-42.96214,3.383588,35.819,3.1675067,-27.000172,3.584241,21.994669,3.3404737,-12.569418,3.1761386,4.759808,3.1986,-0.6571658,3.352851,4.3873887,3.3819737,12.2841425,3.0657365,1403.6656711710298,59.37179030616132,1643.4476646871112,43.79431445981833,0.00026996108,0.00053407875,2791.4225638051043,0.009681906,0.00088475837,0.07224749854988399,0.0077043165593722205
-363.02582,3.5292974,187.48126,3.349817,-49.14164,2.7553387,64.268456,2.9558992,-32.365784,2.8690028,32.11475,2.9704258,-19.507477,2.9992504,13.027657,3.1667402,-7.832168,3.0942004,4.348638,2.9930015,1.0936947,2.8786552,-4.446834,2.9917564,4.5025954,2.91246,1196.438637635651,55.101956047995714,1461.7587457367786,34.24612984690114,0.00019148206,0.00014047121,2551.334843115574,0.01047557,0.0007295174,0.05474641096287703,0.006216306485945475
-387.61673,6.915542,177.90999,5.192304,-33.8684,4.577247,51.61203,4.641847,-21.88864,4.579817,25.236265,4.5596905,-11.528454,4.188904,13.612087,3.8594205,-0.802407,3.3534782,6.628225,3.8844957,3.629669,4.0770583,-2.0153673,3.9579563,3.256946,4.015161,1112.1104777945907,102.33891918298532,1431.553683850793,66.72700042860016,0.00016757943,0.00029126304,2316.7678160346577,0.00980001,0.0025441893,0.047842499274941996,0.013817724084126775
-380.9766,7.1691337,184.77861,4.1094966,-41.470127,4.4718266,54.942944,3.240931,-29.387157,3.5703056,32.465866,3.3589423,-11.677247,3.516187,15.581911,3.1770496,-6.3536415,3.020517,2.7406332,3.8958807,-0.6153513,4.173434,-2.049107,3.4691412,6.4518256,3.196848,1138.3617859032722,74.36901823140553,1439.1783276180427,44.796593849333284,0.00015774637,0.00011979484,2341.89821318518,0.00995493,0.0015602103,0.048120060542343385,0.008597872440503028
-367.99667,3.4633048,188.50807,3.2745638,-46.539536,2.8915505,58.87479,3.054309,-27.325909,2.9996827,28.499832,3.0188537,-16.440073,3.040076,11.762124,3.030035,-4.531132,3.1842918,4.8290887,3.1695771,2.0174658,3.0079963,-3.941365,2.7305343,4.5371695,2.8633249,1132.731822401633,54.50748326934396,1400.9165101266253,30.52337184877669,0.00016818463,0.00014970651,2355.6125154074825,0.010298039,0.00078965793,0.05086848354118329,0.006947239130379394
-359.1803,4.828098,173.28906,4.469619,-46.045906,3.6195204,59.38285,3.657548,-33.18273,3.5720704,41.03134,3.6195014,-16.952372,3.4432802,20.654818,3.4677055,-11.128046,3.0211325,4.9773564,3.1862516,0.89124894,2.8023365,0.6112803,2.97616,9.640844,3.1253912,1354.6460340669064,82.90613456085126,1644.1006830987908,60.617484445364944,0.00030547706,0.0006618595,2945.127666853973,0.009951298,0.0008457241,0.061248142038863106,0.007862048835071751
-366.7081,3.1142907,168.80457,3.0102465,-40.072052,2.945344,49.514973,3.0698624,-43.08863,3.0796623,32.98063,3.2476864,-27.844584,3.120106,23.947842,2.9289908,-7.1474032,3.185474,8.927486,3.0150783,-3.968925,3.36937,-3.8037467,3.1160684,9.471604,3.323441,1460.4379511257664,57.19403811517497,1727.480223246688,40.55397224240832,0.00029943677,0.0003341079,3081.8460203378772,0.009217668,0.00085416174,0.0723415295098608,0.0068471999888727745
-373.06372,23.69101,167.08774,16.14517,-32.53572,7.053219,61.492935,8.961028,-25.449667,7.6858087,25.920502,8.008294,-16.868835,5.49769,14.630474,5.932003,-2.5119684,4.6512127,6.8403797,3.78425,1.4493332,3.5614445,-2.5693696,3.6421053,8.673631,3.9921706,1295.9778134879227,356.1756964491707,1596.7581783648466,252.96561392401176,0.00023605203,0.00039343623,2865.5897100674306,0.01041407,0.0017847671,0.05065776355858469,0.023493293196698812
-400.4622,3.843509,178.294,4.2978253,-28.597797,3.7870853,58.515743,3.852364,-22.85622,3.2391295,26.342417,3.4722674,-13.500695,3.1798203,14.076805,3.344034,1.0415158,2.9478276,9.014083,2.9826043,3.8538792,3.0832307,-0.17919844,3.017711,7.135594,3.1088824,1040.7634102473517,65.26216368482372,1450.2281384910382,62.27531793361848,0.00013649813,0.0004828233,2235.3563206931553,0.010357355,0.0011217227,0.032473535382830626,0.008226299768078711
-328.7639,10.350206,150.06392,3.6179159,-87.70868,5.7940187,61.12449,3.5090384,-50.1431,3.6189067,41.34829,3.0184472,-35.39026,3.8584974,15.60466,3.524347,-22.550516,3.1605132,7.5255537,3.258408,2.4338062,3.3111403,-2.445126,3.3110406,8.079871,3.0797832,2074.114986967291,61.56206918031979,1774.04112554859,39.54668578522032,0.0008950974,0.0009890283,4027.1836141422564,0.00829824,0.0009955347,0.13760694605568446,0.00976375224458055
-378.326,12.278894,174.02791,7.1002727,-31.824854,4.726231,48.74265,3.3682575,-19.229507,4.232615,21.737537,4.510879,-10.547142,4.217384,9.140702,3.7050586,0.6775785,3.5804257,4.5383735,3.338536,3.3049946,3.6487522,-0.9775827,3.689912,5.554482,3.386288,1140.6595706996357,122.80412633984511,1439.0980472425695,79.90534144749512,0.00019659814,0.0002973306,2387.8373785527842,0.009806864,0.004272604,0.04816311086136891,0.011908382143041381
-372.54333,3.5552096,183.62503,3.327443,-45.22233,3.2409508,56.43154,3.098915,-30.914255,2.975437,38.541466,3.147044,-11.067222,3.327256,16.447058,3.209317,-9.214162,3.268466,2.7239451,2.9730344,0.31287786,2.9480648,1.2924508,3.1509147,8.848532,2.905477,1186.2470928329835,58.586489199978196,1483.4027093631823,37.2002552660384,0.00019205509,0.00020238567,2463.178608976218,0.00988972,0.0008346922,0.05374152588457077,0.00775769149778165
-336.02972,6.4784594,152.85405,4.944536,-86.622986,5.0581803,57.07912,5.1444826,-50.422478,4.3707643,44.24758,4.0279408,-31.985016,3.692922,13.2664585,3.3707407,-21.145922,3.4362903,5.955896,3.4165554,3.8085973,3.280342,-0.35892326,4.1081595,10.128798,3.7455425,1999.0273238598704,80.16768077917408,1734.1327455181151,43.00100408737591,0.0007636655,0.0014839122,3939.3521266857597,0.008400046,0.0007149034,0.13169998912412992,0.01045323685408885
-370.93164,4.1781564,187.78908,4.000692,-42.225304,3.1197104,60.804886,3.372663,-27.841366,3.061556,28.891321,3.156807,-16.011488,3.0040636,12.607392,3.0716283,-4.84123,3.1265724,5.1321816,2.9398875,1.5513366,2.9511428,-3.5807083,2.8302479,5.215487,2.9038024,1110.065039262881,59.73467587284045,1415.8963965895953,41.63096524067989,0.00016430781,0.00022034941,2336.952071400087,0.010546585,0.0009629363,0.04913740755510441,0.006246858895522077
-407.94824,43.93597,165.32893,16.900534,-51.010277,11.31338,60.293648,10.358824,-40.269836,8.055125,25.954826,10.154183,-27.233835,7.570154,14.60674,7.5692296,-6.690331,5.3067245,5.894513,4.033069,-2.4008327,3.5626507,-3.7987106,3.265451,5.3737793,3.126861,1582.9275534492297,493.593657446875,1648.2437066342682,188.1435937856428,0.0006661732,0.0015934235,3299.3263757975637,0.0054609426,0.0025212802,0.08712591538573086,0.053859471309278394
-359.60223,3.5000303,184.12431,3.39604,-49.175636,3.1235318,61.17686,2.9996324,-30.705725,3.3432753,32.16952,3.0737326,-16.197268,3.057189,13.67884,2.9570632,-6.255806,2.9505436,4.416939,2.8798401,1.3827906,3.0222495,-4.3290706,3.126393,4.036567,3.0907571,1218.2992056412465,53.70746024897308,1473.673509167609,32.382408822235476,0.000225897,0.00042886785,2600.521475311775,0.010335212,0.00077220047,0.056858142401392114,0.006677620720119225
-359.09048,4.5122786,158.00398,4.6800737,-37.166107,4.011363,61.399155,4.996845,-40.199036,3.6183252,26.681536,3.001488,-27.433659,3.213895,22.569532,3.5015128,-11.815076,3.4005225,9.735832,3.4595375,7.0064087,3.2468364,-9.95688,3.1233099,-1.3087683,3.1050406,1565.2519126096665,91.70635224825145,1801.1781045333018,50.448520994580164,0.00035612463,0.0009407868,3419.6575120540892,0.009913385,0.00095881696,0.06985480713457076,0.007940576646592376
-371.4309,3.399083,191.53165,3.3083687,-47.146008,3.300976,61.367123,3.4563346,-29.03687,3.054113,30.135958,3.0587785,-17.472029,3.1598456,12.222969,3.107268,-6.6065607,3.1600342,3.3722153,3.0324152,0.20674802,3.0065563,-4.700296,2.7292562,3.765178,2.737575,1122.9698034897963,53.38350245836042,1394.4603359760854,31.335890416866743,0.00016447568,0.00017055287,2329.8825859193735,0.010331054,0.00074100855,0.0509738435324826,0.006265818791761206
-379.1076,3.8111176,176.69244,3.5804539,-46.54443,3.3006241,51.709927,3.3885581,-45.623547,3.388946,38.0431,3.4898677,-28.020348,3.4263985,24.360367,3.178807,-12.0767565,3.0797546,4.8695126,3.0463707,-2.4963548,3.1407077,3.0471792,3.3751433,14.392186,3.1159308,1425.2983287346253,58.96037211154859,1679.4155247924703,40.460156151906304,0.00030554994,0.0002809917,2925.043333544809,0.00823007,0.00065545476,0.07126527153422274,0.006888977241923461
-367.99667,3.3233454,186.69221,3.9645743,-47.829193,3.5388792,62.636982,3.4513948,-29.156544,3.3201365,31.438955,2.9249995,-16.680033,3.4434164,13.484431,3.1893022,-5.420928,3.0644639,5.0690746,2.9007983,1.6667242,2.850453,-4.227807,2.860992,4.5955915,2.9998114,1169.367377287448,54.048282442000186,1445.4071394727089,39.492629788498846,0.00019853564,0.0005062153,2492.031102722593,0.0104070995,0.00078673725,0.0518495776537123,0.006411681266109867
-363.70383,3.45632,185.55893,3.3120632,-50.551834,3.060957,65.69294,3.429053,-31.15348,3.2761865,33.024395,2.951767,-18.863985,2.89547,14.73031,3.0322385,-6.9338956,2.9851563,4.274689,3.1022418,0.4814176,3.0930667,-5.395262,2.7999651,4.0429354,2.8339167,1219.5487809179606,54.990701425666295,1480.5009061394658,31.306738686188258,0.00020580478,0.00021598322,2627.1756838203305,0.0103217745,0.0007675479,0.05515085738109049,0.007420258835733488
-340.43256,16.381176,169.47441,7.806651,-73.58701,6.768499,55.457638,5.4542365,-46.11599,4.36509,36.08015,3.8225088,-26.393497,5.13727,16.024643,3.8238885,-14.68494,3.74688,1.5855577,3.8737872,-1.3278785,3.765459,0.323613,4.1362514,13.89814,3.2973819,1665.939770990314,153.79385468287416,1609.3837437828395,73.43963834759445,0.0005106436,0.0009298239,3335.448199137181,0.009154555,0.0011847918,0.10119770519141531,0.01315096002838626
-368.89124,3.6752203,171.46065,3.7353544,-41.92603,3.2981124,50.285656,3.6057944,-44.165077,3.2053106,35.598183,3.2982116,-29.107761,3.668157,24.036972,3.4466536,-8.326375,3.1162243,8.055214,3.2924333,-4.873068,3.3249815,-4.485624,2.8984005,10.348601,3.000567,1450.4738696319337,62.28553091251436,1713.1028741198047,46.40540222528131,0.00028464312,0.0004084029,3016.9216642800175,0.009501755,0.0009351465,0.07324105459686775,0.005837383623327957
-367.47113,3.2065783,186.74606,3.1627913,-47.236786,3.441447,61.879936,3.1986692,-27.730328,3.0273232,30.916002,3.2737215,-16.950361,3.0404,13.156062,3.069628,-4.993853,2.9447992,5.0928054,3.0099552,2.203928,2.9167397,-3.8039222,2.9733057,4.741123,2.8851326,1156.598107660179,52.6077947156117,1435.5882391951613,30.057918865068412,0.0001802726,0.00021526351,2450.5134883446926,0.010408609,0.00077742594,0.050620377755220415,0.006567224384288992
-361.64673,3.51145,182.85829,3.039439,-48.397987,3.0044763,62.704964,3.1480162,-29.740713,2.9332938,31.709938,3.0539007,-16.74034,3.162737,14.1837015,2.9037595,-5.3184056,2.7717009,4.1745925,2.9057276,0.9459534,2.9146295,-4.5561795,2.8728251,4.4186025,2.857207,1222.9370620431878,59.01763017502623,1483.498614359622,30.791947586704627,0.00020689714,0.00019249109,2628.5496120939674,0.010261525,0.000832737,0.055852124419953596,0.006184650290024443
-360.3842,4.317626,173.56714,4.061298,-47.050453,3.431407,61.683704,3.5281944,-33.52929,3.3125627,42.259113,3.3448658,-18.624887,3.2894173,21.630024,3.444561,-10.964308,2.9439974,6.0151424,3.003654,0.8614855,2.9074292,-0.7175595,3.1327662,9.746214,2.9547443,1363.1934960724238,79.36258945951853,1660.9696480238915,56.28418319087408,0.00028976545,0.0003784865,2989.318196236949,0.009887459,0.00077704026,0.06071227885730859,0.008300899301779829
-365.90915,3.8109531,186.1607,3.1918442,-48.85703,3.1690032,62.788067,2.9473107,-28.993162,3.0671146,31.230022,2.8961554,-17.17637,2.9372435,13.371164,3.1555836,-5.685793,3.0089889,4.0491056,2.9809017,1.4956024,3.0983846,-3.9965882,2.8935602,4.1122146,2.8975916,1185.5303984027746,54.72930047248287,1448.5771486738256,32.282811217685044,0.00018394816,0.0001742057,2523.556511474043,0.010405142,0.0008121147,0.052404700188515084,0.006552353463743486
-367.8563,3.8743637,168.95874,3.8928666,-38.90934,3.4271643,48.991516,3.8586223,-40.089336,3.3907306,30.894854,3.3498626,-25.940273,3.2030673,20.878342,3.0364857,-6.622957,3.3120155,7.085363,2.987373,-4.47754,3.1878436,-4.922247,3.146451,8.802842,2.9835196,1415.0410412216152,67.35393123932448,1672.9331495405295,49.60964954476201,0.00025844184,0.0003515846,2934.311104263341,0.00962014,0.0010642001,0.07167538246809745,0.0064327596605097985
-377.8379,3.7202275,185.86218,4.0738525,-43.493195,3.0238285,58.458324,3.2509763,-31.030592,2.9727926,36.109585,3.4374688,-12.139299,3.2816339,18.839556,3.2907872,-5.3480597,2.96036,5.6587615,3.2014236,0.48914415,3.2594318,-0.8934628,3.2647984,6.7677283,3.2386045,1140.8128620565506,65.8927617761108,1465.5993390602714,46.47282223139529,0.00018262769,0.00037492905,2390.4603325297276,0.010001629,0.0009229932,0.048986731438515084,0.006727801313936638
-391.67322,3.8357928,185.24893,4.0573735,-29.599958,3.6486113,62.094772,3.3526556,-23.773191,3.0144916,28.6089,3.3823524,-15.884103,3.496272,12.887051,3.2450242,-3.539788,3.0515475,4.744913,3.0656338,-2.2170353,2.9443014,-5.8102736,2.9845748,3.1609824,3.1593196,1022.3448773991796,68.23344204136441,1412.360799139334,62.509589015571464,0.00013485395,0.0002907916,2132.56150531105,0.010301994,0.0009015932,0.039400105133410676,0.006845720330102657
-373.73642,3.3298323,167.75302,3.7534983,-37.88392,3.4706047,47.21622,3.5094063,-40.90933,3.2340062,28.961428,3.451454,-27.384192,3.2983077,20.833515,3.0951467,-6.600321,2.9404464,8.295147,3.3288753,-4.842007,3.2871177,-5.047734,3.3320396,8.912847,3.1136174,1435.7366528995913,62.13010865586659,1687.9504246645565,49.89098590552206,0.0003033814,0.0007359648,2963.0636759534514,0.009000445,0.0010379761,0.07436942611658932,0.006696377956089331
-365.815,3.5896516,161.59135,3.2952197,-30.000132,3.0402672,50.74576,3.1458538,-37.24124,3.1240115,29.963823,2.9690475,-26.068743,3.023853,18.594948,3.2988605,-5.5778985,3.5343912,14.118774,3.5460377,1.91672,3.2499897,-5.155696,3.2307487,0.75638556,3.0975173,1438.7273354478777,59.02864560142718,1764.725966123104,44.16129657322362,0.00025591257,0.0003243702,3196.681443499855,0.01003863,0.0010216828,0.06244335484338747,0.006569371284418938
-327.18982,8.6852455,151.64064,6.0726433,-81.12069,5.5723076,68.35681,3.974206,-60.24386,4.2630157,45.004696,5.0294414,-32.40655,3.6019351,22.626986,4.179028,-14.945872,3.1090708,3.701974,3.8451455,-6.368463,3.436546,-6.832231,3.1115024,13.050761,3.4197354,2154.806367765109,141.4986758762802,1872.1761281774504,57.42285804636486,0.0009935499,0.0011248818,4398.394053164879,0.008211939,0.00070663827,0.14518606801044084,0.019504705929419153
-337.41583,10.072437,171.86905,4.930489,-66.54638,6.1227098,70.49103,4.0905185,-45.21906,4.2043376,37.104706,3.674749,-21.040218,4.2309566,19.947777,3.604336,-11.517177,3.1739266,4.3753796,3.1528187,1.1934438,3.1303709,-5.327523,3.1394808,8.695187,2.9724698,1606.6915135270208,93.01243376447029,1661.2501462186135,56.88455473002104,0.00044383036,0.00053351035,3415.8854544301043,0.009631836,0.00092514674,0.0902357344837587,0.011394362363916432
-382.37506,3.9899907,180.09906,4.5074706,-32.731483,3.676884,60.341347,3.7073262,-23.503613,3.5991294,30.395308,3.453272,-15.319991,3.268469,12.708262,3.139241,-3.0341568,3.2396424,9.475006,3.0945125,2.102688,3.124805,-3.6050937,3.185479,4.465889,3.059575,1091.8933311028418,71.02989221359832,1473.293297569379,71.76492362979862,0.00016630319,0.0003512651,2334.4290394794084,0.010149693,0.0009492027,0.044333898274361946,0.008060425777348413
-329.35223,13.197842,150.60886,5.575961,-82.359825,7.91791,77.21653,4.9135857,-50.154583,4.622491,40.101337,4.8410053,-34.194237,3.6754646,23.423992,3.413809,-16.367361,3.410853,9.996378,3.2536619,0.68682456,3.0260184,-4.8626924,3.0507011,8.86233,3.0149834,2120.23764915617,140.31528454973235,1830.5724528594915,54.38304586606745,0.0009723812,0.00087964686,4162.777844493185,0.008087523,0.00068014086,0.14542624347447797,0.020368585862919085
-369.4065,3.2624125,190.95512,3.586238,-47.448914,3.7088723,59.962284,3.343306,-28.30592,3.3573575,29.782785,3.2517467,-16.830698,3.3450243,12.13804,3.0217574,-5.615161,2.9867218,4.0563154,2.7988615,1.0178636,2.957317,-4.373009,2.625039,3.671785,2.8930323,1124.8837526551079,52.93532922778659,1392.997298887489,33.615278470872006,0.00018358532,0.00030388794,2327.1347293720996,0.010196096,0.0007632516,0.05206596215197216,0.006204219856907445
-382.55316,3.7270346,183.45389,3.8586843,-37.55749,3.3994424,62.934326,3.3656938,-26.965487,3.5368366,31.74453,3.2056124,-15.99409,3.36951,18.26556,3.1014445,-1.6496305,2.9321668,10.330189,2.6927319,2.750389,3.1615176,-3.6005287,2.9983993,3.9854565,3.25628,1102.1664759287653,65.98862719708407,1473.5651100511052,55.78745222882786,0.00015989084,0.00024187136,2371.9747521207946,0.010330913,0.0008998182,0.04606497426044084,0.009596227343130441
-371.0235,3.4805317,158.54782,3.3750913,-26.07393,3.4371543,52.092274,3.1001582,-35.064316,3.2711582,28.929764,3.0108304,-26.370754,3.2296743,14.942493,3.075884,-9.343558,3.0475638,8.914667,3.1974843,4.5840273,3.3020031,3.9559329,3.657987,9.098014,3.259408,1417.107265393713,66.38213573942932,1773.0584179285856,51.24472307135648,0.00022544786,0.0004302624,3207.3231424920245,0.010749875,0.0017303447,0.05577621991009281,0.005745557969892408
-363.20157,3.179069,186.0812,3.9856715,-50.08479,3.8464227,64.30408,3.9011445,-31.452145,3.248282,33.224155,3.0970788,-18.162886,3.1961594,14.815061,3.0714362,-5.852537,3.2084007,5.2777348,3.0410528,1.6691203,2.969929,-4.7298627,3.050417,4.341483,2.9042115,1210.0625607490033,55.76360670446997,1475.3884776590594,39.17270768265014,0.00022779073,0.00063617283,2596.524593061195,0.010345765,0.00074935355,0.05489255546693735,0.006643840849831834
-363.29556,3.0877345,185.61295,3.1690123,-48.832104,3.0872517,64.06234,3.0533233,-31.412922,3.4269261,32.626297,3.2708826,-17.700167,2.775909,15.313326,2.9154863,-5.748446,2.8386002,5.001475,3.0199332,1.041493,2.9832387,-4.7367606,2.87598,4.9854665,2.8807704,1199.3463551017896,51.41657758155424,1475.6392855672752,30.344297581664733,0.00020072634,0.00021114673,2582.3106805575694,0.010397758,0.00066439726,0.053553463964617166,0.006695808491510802
-371.0809,3.3858101,173.70139,3.8722541,-47.263042,3.5756125,50.764973,4.1218534,-44.120953,3.6199567,35.767796,3.3361459,-28.27762,3.1821322,22.126934,3.0478814,-13.090255,3.353042,3.5414238,2.9377134,-1.2574058,3.006129,4.7080183,3.2114377,13.998362,3.3128765,1450.9284285724377,60.03890000073207,1669.7101137574828,44.28851082061948,0.00031243757,0.0006172236,2944.05350474913,0.009000069,0.0008437468,0.07603139501160093,0.0075802117664723
-366.39377,3.1441762,189.0269,4.141432,-45.77853,3.9613557,62.463764,3.568861,-30.971943,3.5677896,29.151081,3.40201,-19.331251,3.150787,12.149015,2.9960196,-7.033707,3.1413655,4.4535193,3.1312213,2.6630585,2.916352,-2.8444655,2.8346417,5.6991262,2.9005451,1146.1108670580134,52.367142688142664,1429.488146417746,41.65883905826261,0.00020546022,0.000510384,2421.086442774797,0.010410529,0.00068862276,0.05279102015661253,0.005875600232486705
-362.87442,3.5048106,169.66158,4.602266,-41.128807,3.7074747,50.283897,4.410492,-46.35323,3.4942148,31.345446,3.70823,-23.639053,3.5192187,25.855387,3.236009,-5.5517025,3.2091331,10.267331,2.804185,-5.9065146,3.066851,-6.1433244,2.9076807,9.264008,2.90852,1468.2726830878082,73.90600598890835,1720.7221392305344,53.07107275556005,0.00039643337,0.00151217,3179.8695575333527,0.009081532,0.0008530573,0.07419269322795824,0.007093738798762729
-393.68945,3.6934128,179.26247,4.3818192,-24.138779,4.125307,55.524136,3.531446,-20.883162,3.6710858,23.678148,3.1552243,-11.239605,3.257974,13.26911,2.9391189,1.6631598,3.296943,6.8963294,3.077524,2.095528,3.1833956,-2.6048865,3.2566843,4.6365933,3.163863,1009.9327904972048,73.2089456727167,1414.6538260851466,70.20768914356728,0.00014838998,0.00064838276,2117.2984112166473,0.010285391,0.0013924656,0.03728384208236659,0.007626797116331579
-358.64368,3.446161,160.36331,3.263858,-31.783216,3.1654003,45.475834,3.4531553,-39.29799,3.3538709,29.946962,3.277094,-24.123758,3.2422934,20.204136,3.0364606,-4.2632117,3.193499,8.796487,3.2145166,-3.6619816,3.413841,-7.52275,2.8999305,2.5976157,3.1359591,1486.875404622678,62.165630382095046,1756.3750385329838,46.75591110153765,0.00030330828,0.0005070211,3242.370803726798,0.009886664,0.0014882463,0.07560429053074245,0.005943671742887172
-340.66968,6.379602,158.64638,4.582785,-57.0215,3.8807604,75.09093,3.5124156,-38.056328,3.374916,46.948006,3.3411608,-30.382124,3.3062863,26.574625,3.0770757,-12.46582,3.1083925,11.541866,2.89259,2.2065465,2.7899241,-2.7626858,2.9750147,8.296891,2.8370955,1756.162990323679,111.33894413166962,1905.9096948981437,59.34007274564447,0.0005115142,0.0005683725,3940.776015987529,0.009769634,0.00067377597,0.08541183294663574,0.01093173061861932
-355.43057,8.870138,177.64368,4.5061774,-49.61872,4.1043134,61.528534,3.743292,-38.312943,4.309749,27.59018,3.1457286,-22.126234,3.5575242,13.12596,3.3145695,-6.335789,2.9768484,3.7191598,3.212426,-3.9631455,3.030907,-6.551399,2.99132,7.918024,2.9638944,1347.0693882495787,67.20610787497255,1546.411625191511,49.785344323443255,0.00024568016,0.00015903144,2912.603037539878,0.010200591,0.0015778873,0.06481791980858469,0.006809564182452705
-369.19308,3.7507596,188.4926,2.9199157,-47.544292,2.957054,63.312527,3.005881,-30.076149,2.9055662,31.285183,2.9170392,-18.903135,3.0221276,11.911919,3.0547755,-7.154757,3.2411454,4.2674255,3.1408358,1.8913943,2.808979,-3.3575344,2.9669533,4.954194,2.7720368,1158.1036503518917,51.816571804534206,1434.3301200307235,30.836695615050246,0.00017027537,0.00010966558,2450.363605260296,0.010386071,0.0007795045,0.05233899180684455,0.006123180557552418
-360.5802,4.3578067,173.84718,3.921963,-47.4846,3.5129128,61.41785,3.230189,-33.172894,3.2430265,42.59684,3.2123127,-17.181467,2.979635,21.759787,2.872863,-12.664305,3.117916,3.9660158,3.0262864,0.10931326,2.7915506,-0.45847479,2.6739047,9.040149,2.9283197,1360.4194408224096,69.88091927576265,1646.4741228597072,48.8579936423692,0.00027667425,0.00034554448,2949.674120414008,0.009936729,0.00070056546,0.06266540385730858,0.008005214100942794
-357.9861,4.1431165,161.19014,3.674959,-33.051556,3.7479625,49.92162,3.5223002,-40.205563,3.4248128,30.473793,3.139711,-26.5493,2.9692085,20.92371,3.3129323,-5.02422,3.2926233,11.991637,3.3088207,-0.82603276,3.3237228,-7.726185,3.2186503,-0.2850482,3.1331491,1501.841985830585,67.40479251378139,1781.5320380833346,47.20014523253136,0.00032990603,0.0007422063,3334.074270863544,0.010054111,0.0015913129,0.07271878625290024,0.006104468109302052
-386.06693,4.201565,181.96382,3.7675605,-29.510906,3.1897507,58.12635,2.8943088,-22.942335,3.2720482,26.303654,3.2723353,-16.039324,3.4004352,12.159459,3.0074875,-1.4766191,3.0559201,8.443021,3.1951942,1.5130961,3.102705,-3.431452,3.0554574,5.443638,3.0460057,1058.5437954090803,75.52056022738678,1436.7653407903797,73.78424401669747,0.00014204212,0.00018843768,2216.545993601363,0.0100789,0.0010929846,0.04282940291473318,0.010646543727440345
-369.59885,3.5285065,183.97002,4.2039695,-50.914383,4.2190094,55.962803,3.84951,-35.220856,3.3864436,40.276737,3.161348,-10.982803,3.2995584,19.30949,3.3867698,-10.059701,3.0331726,2.4232402,3.1661673,0.026571888,3.0175686,2.3202446,3.1452699,9.282085,3.0277264,1248.5771132676198,57.09064700411196,1494.9414833418061,47.014544835960066,0.00024740843,0.0008113958,2558.978880419809,0.009839354,0.00074279576,0.06439874564965198,0.007088546562277308
-331.24826,11.208663,163.95251,5.0228615,-61.67057,3.6704738,56.595436,4.263432,-40.43029,4.001457,28.078075,4.0960894,-26.387817,3.1815312,17.054087,3.3298192,-7.503852,3.705761,6.110059,3.570903,-0.98575985,3.4112897,-5.888431,3.205546,5.6293216,3.3261254,1641.701535317534,83.89160102903028,1662.878239443067,43.462705830462205,0.00049944833,0.00064311305,3387.882298161978,0.009423577,0.0015934823,0.09217526464617169,0.011599594623728423
-385.83926,4.8572316,182.86562,4.321436,-33.64291,3.6082487,63.6327,3.7558339,-26.375713,3.2963135,31.457214,3.4444,-18.365467,3.450763,17.178185,3.2067275,-2.076279,3.1619527,7.3317847,3.3031688,0.30902785,3.1173844,-6.6097217,3.3689039,4.136631,3.1616774,1088.3092342972254,79.03316466072441,1477.763468468714,68.48985177780246,0.00015284088,0.00021582372,2329.8825859193735,0.010172819,0.0007752083,0.0424827345562645,0.007070549103770094
-371.13272,3.2481549,164.43776,3.5564036,-29.016489,3.4464273,53.648445,3.9032435,-40.112457,3.258316,33.420914,3.6018267,-28.001354,3.0641801,19.536266,3.3075871,-9.528151,3.117256,11.861499,3.1768434,1.7599026,3.0990803,-0.494652,3.326129,5.1617756,3.179808,1424.0646154304,69.66949120113219,1795.4662643101074,47.61428835781715,0.00025694168,0.00055300555,3230.1553323484627,0.010152783,0.001094219,0.05776559781032482,0.008130845069828804
-376.42636,18.984379,181.05061,5.5272784,-35.02637,5.919646,57.24187,4.843412,-28.889914,5.0150466,28.6003,4.396942,-17.184978,4.2403693,13.3457985,4.5187616,-5.5940013,3.5348058,7.8587523,2.9274974,1.677978,3.1669388,-2.0928333,3.1948838,6.599775,3.2804587,1151.7754772245871,124.37713526383611,1491.1899600706122,109.00770672598362,0.00021204175,0.0006131349,2432.577479245215,0.009907734,0.0018203392,0.052375244707076565,0.016470962313742128
-344.24814,3.594658,148.53804,3.574706,-43.68798,3.5771735,68.18615,3.480971,-47.091576,3.199452,51.66023,3.5505207,-28.494167,3.0541508,29.058386,3.0436258,-12.65381,3.0428064,11.450634,3.0042918,-2.683674,3.1511152,-0.2922847,3.1158993,7.9230647,2.9842885,1972.6990203744297,81.86999778058137,2131.625128875128,34.899591833591124,0.0006951179,0.0012184136,4656.043075242895,0.008899567,0.0007291308,0.09762113000290024,0.010983231597828859
-370.62552,5.1544075,190.91267,5.2824917,-47.631653,3.6107807,60.330215,3.3817377,-29.145208,3.4718292,28.888166,3.578937,-17.97747,3.6816149,12.2056875,3.364457,-5.9799695,3.3180225,4.1739607,3.3243957,0.74120694,3.2847545,-4.7658725,3.167972,3.8896108,3.1234496,1134.1276470774515,62.192430877458364,1394.8862670257026,49.053938275082615,0.00017561029,0.00022570674,2344.8708943590486,0.010241475,0.0012056297,0.05242509244489559,0.006485381929653883
-365.98297,3.3652365,187.3784,3.126114,-47.76271,3.05299,62.047817,2.990722,-29.246658,3.0545092,30.84395,2.9047418,-17.720453,2.9510498,12.162311,2.934624,-6.166146,2.811002,3.8154387,2.8249543,1.4687815,2.8330188,-3.300272,2.856784,5.2481823,3.12026,1167.6225909096559,53.92764614922109,1436.006246524514,30.184305095247346,0.00018329594,0.00018927453,2462.9537843496228,0.010368628,0.00077478914,0.05296888594837587,0.006492862463808577
-362.74844,9.366349,186.82193,5.792303,-50.541145,5.3750143,53.418545,4.0663533,-31.550959,4.049314,27.973726,3.3713753,-18.168316,3.207886,14.51146,3.5597231,-3.1926038,3.3889236,5.669617,3.2267463,1.3160938,3.1996784,-1.849729,3.1319652,7.9965696,3.2795122,1203.9579026190688,114.2524487157243,1419.7797754762153,66.64144117143313,0.00020612363,0.0003259316,2415.515788138051,0.010174834,0.0008344491,0.05979802602958237,0.010017099513485655
-375.46396,3.2367973,183.42249,3.7044566,-41.06802,3.2645788,54.878113,3.3039339,-29.787258,3.1554296,34.42945,3.3371518,-10.217528,3.5084476,17.21903,3.2142036,-5.978647,3.1767902,3.0420108,3.3214476,0.007491021,2.8158708,0.125881,3.4611943,7.7389746,3.1188731,1147.554474563006,67.30590048624472,1462.1424187675918,44.284032473351296,0.00018443943,0.00027643406,2381.842055176914,0.009900241,0.0011361907,0.050451575188515084,0.006799283862642805
-334.16953,18.769117,169.08914,7.0323653,-75.639145,7.5345354,60.11706,5.686199,-41.247982,5.2380586,34.031254,6.7484922,-29.120903,4.3079896,20.931139,4.118313,-12.885398,4.8800573,6.4931006,3.8822877,0.9495156,3.3550034,-1.7919729,3.1208124,7.732585,3.468842,1685.9076021241217,146.88305963354213,1631.480459952215,86.26208099199224,0.00051792193,0.00070178823,3297.777583925464,0.009243092,0.0012869298,0.10268407410092807,0.015654533533334097
-391.59897,11.83365,180.69775,4.3908033,-28.325457,5.461942,56.4205,3.5457916,-23.12013,4.0645685,27.407793,4.967131,-11.032054,3.7164767,15.636526,3.44353,1.1757816,4.338706,6.9826937,3.3594363,2.324781,3.065185,-1.5007427,3.1444678,5.887606,3.039834,1031.8484210543759,100.9256799936514,1425.2356596525651,68.87900735268056,0.00014648023,0.0003491307,2167.3843419192285,0.010217491,0.0016379395,0.040086644431554526,0.00872798528577102
-371.13132,3.120866,195.00885,3.4529166,-50.339497,3.6090317,60.64008,3.2392156,-30.30154,3.5987246,31.40069,3.162494,-17.552412,3.0829117,12.768364,2.9971883,-7.8689528,2.853277,3.1572769,2.723606,0.5145111,2.7494678,-3.692508,2.7378995,4.5029726,2.8759866,1114.7144620299646,49.41517750833027,1373.1079127308753,31.494789377338975,0.00016645796,0.0002027021,2278.4477074572214,0.010333143,0.00067681307,0.05230500471287703,0.005721701893735875
-387.95294,4.8649244,181.29189,4.6508045,-32.43401,3.2259462,63.096813,3.3808725,-26.105328,3.3660178,31.192266,3.720399,-16.097885,3.572651,18.453814,3.6264634,-2.4767148,3.1721113,8.096321,3.0880954,1.2975364,3.0317502,-4.5324345,3.1460097,3.826111,3.2123206,1085.4282240968632,80.34353398204588,1488.1287296572941,84.26430570549562,0.00014254564,0.00024466653,2355.512593351218,0.010360901,0.0007803146,0.041435932062064966,0.008180307323979964
-364.53717,3.6534376,163.80313,3.2512527,-38.68227,2.9477608,49.740337,3.2322154,-42.353756,3.268265,27.508461,3.1537642,-26.399153,3.277716,22.99386,3.1906245,-4.881583,3.2805023,6.9248095,2.853971,-2.8323433,3.079291,-9.585625,3.1964817,1.4075127,3.0541916,1489.2393758145752,60.71384195177788,1712.5418262471087,44.14997497219515,0.00028895718,0.00031816112,3139.8257934853536,0.009551588,0.0013016122,0.07699662848027843,0.006136173178223826
-371.77524,3.8261802,169.29742,3.4718451,-40.547073,3.1095576,46.911724,3.136452,-39.565735,3.3499095,29.809628,3.4010777,-25.316357,3.4186292,20.097298,3.1966958,-5.3934007,2.9677985,5.872999,3.2867799,-5.999029,3.3467317,-5.2408285,3.1074145,8.9685335,2.9781597,1406.2573162365036,61.9495855156564,1637.3067206576027,50.04826944430923,0.00025318746,0.00023954033,2860.1939190291473,0.009345898,0.0013703727,0.07297029074825986,0.006290024290619425
-357.46936,4.5793514,163.78957,3.7683764,-35.443626,3.9621136,47.641834,3.6533842,-42.212326,3.2063138,30.916489,3.4123397,-26.894714,2.921446,21.807524,3.0992837,-6.364072,3.2678263,10.552134,3.1933627,-1.5025778,3.0956955,-5.4250345,2.9482594,2.805911,3.0429997,1495.937036577059,71.13732543779226,1766.807186629757,48.62292396703674,0.00030707373,0.00033407108,3255.6354566959108,0.009826506,0.0011528914,0.07253185723607888,0.005740578578612127
-337.95654,12.795388,165.90695,6.135841,-96.01706,7.9656515,51.440174,4.806979,-45.985607,4.2999225,40.939,4.566482,-36.335815,4.164056,14.474854,3.7301085,-17.655807,3.8449159,5.530539,3.3766985,-1.8651048,3.0024369,-4.8228087,2.9820566,7.7959104,3.4804657,1827.3765244393192,101.828128291299,1578.2681114156735,72.3974229611933,0.0006452886,0.0010021877,3348.1383002827724,0.008443088,0.0010708041,0.12463407228828306,0.011258901562957686
-343.46756,34.656563,168.58182,9.295016,-72.08077,10.554452,66.45736,7.6957235,-50.193184,7.574415,33.335506,5.7728376,-36.594467,7.189595,17.829315,4.3027124,-13.286193,5.4934506,8.303528,3.4890542,-0.2401241,3.3716552,-6.595036,3.4877367,0.61689186,3.6387935,1738.8409844526045,239.10355011516717,1697.8471072121656,115.8561030527702,0.0006208178,0.0015544773,3563.320448448376,0.008892395,0.0018997258,0.10483319134280743,0.024320177169912496
-320.28793,9.284945,131.39372,6.911371,-58.243977,4.6510506,79.419136,5.93886,-54.49627,4.0995092,46.164658,3.6104708,-36.50631,3.326886,26.831142,3.8151698,-15.621054,3.433378,10.788157,3.287531,-0.25128523,3.132482,-3.1808176,2.9476771,12.212295,3.169629,2485.79115713334,148.49205992395136,2166.0696885389475,52.25964889325197,0.0013748546,0.0023130768,5205.114774416328,0.008482847,0.0010129682,0.16242658787703015,0.02067087008160874
-382.03247,4.3715553,181.78947,3.649669,-34.480606,3.2419043,60.95283,3.0596442,-24.732182,3.3982828,31.797441,3.3888505,-16.643559,3.2938983,12.291253,3.163735,-4.5460014,3.049218,10.1815,3.046226,1.7926354,2.8423629,-4.3569264,3.050072,4.887019,3.0932188,1101.5125303860975,76.5728125786728,1474.7593766617338,68.51148407158635,0.00015409768,0.00012228936,2339.0754150957077,0.010054151,0.00089240825,0.04592789298143851,0.008998066278758552
-371.37268,15.008042,186.1065,3.8255515,-44.22243,8.971437,58.742264,5.26233,-23.726072,3.8783135,27.313576,3.5004492,-14.127973,2.956707,12.683085,3.2962976,-2.658805,3.0180519,4.817836,3.0713444,1.835627,2.9989808,-2.6318438,3.0493581,4.883943,3.1741238,1123.708529065758,99.80204758523357,1401.4196086400907,43.07056626588763,0.00016059594,0.00011990172,2342.922414261891,0.010295401,0.0015408933,0.05025671584976798,0.01073769676657352
-364.36566,3.131268,186.17332,3.4669871,-49.80401,3.4885447,64.43037,3.6605499,-31.930147,3.3746781,34.13266,3.2110145,-17.963545,3.12747,15.276244,2.6995053,-6.1932926,3.0266917,4.620343,2.9390657,0.9117609,2.9205503,-4.979817,3.0492282,4.500133,2.826191,1204.0051808216117,55.60625223751338,1478.7109341136118,31.286161691736766,0.00020831045,0.00027338188,2584.334102196926,0.010352734,0.00070359255,0.05410858649941996,0.006746547637096667
-342.44635,4.0741763,170.18498,4.7152076,-82.795204,4.057468,65.45125,4.409826,-46.434753,3.986679,35.903522,3.6316514,-16.310839,3.4862814,21.596659,3.7796874,-14.823792,3.2334685,7.539018,3.6622868,-8.930327,3.6634076,-7.59059,3.2079077,18.170609,3.2433772,1732.3502085892796,60.8557882271698,1589.451620313112,42.289813590885835,0.0005839431,0.0016906132,3455.854276935905,0.008689768,0.00052781706,0.11397571962006961,0.008371392200810127
-338.62582,5.521628,163.37605,4.7627373,-55.453053,4.349841,63.055504,3.8531356,-38.72875,4.03989,35.20721,3.8213763,-23.693918,3.56061,19.91878,3.3144674,-8.998544,3.1705182,7.231508,2.9793031,-1.7694725,3.0280666,-5.8003497,3.1846828,10.060563,2.7787502,1606.4141986007073,92.33454393805164,1734.3798890873459,55.62815677454138,0.00042161456,0.0005122566,3486.305523582512,0.009994536,0.00082431134,0.07838330191415313,0.010862767114471327
-345.5145,14.443403,171.472,6.967743,-101.72495,9.011846,52.843037,5.33952,-44.107525,4.892079,31.443886,4.318003,-27.825478,3.7127326,14.916349,3.223124,-13.769139,3.1470697,1.6306535,3.1564865,-0.91942227,3.294564,-0.9146886,3.2347205,4.822764,3.1900296,1757.6149279271167,116.80256473529865,1442.669046944674,57.537617945116835,0.00057479844,0.001499111,3129.4089191197795,0.008194483,0.0010641064,0.1262563895736659,0.013707302073238734
-361.23166,3.6568854,162.73845,3.6616085,-34.595387,3.5846512,50.508926,3.259873,-41.589725,3.1500223,32.34046,3.3993564,-26.904116,3.1675587,21.949783,3.0972729,-5.3022103,3.1592586,12.44954,3.0628495,-2.2458742,3.0802934,-8.691127,3.0750277,-1.036813,2.9215016,1504.016686362278,69.38859991341833,1781.362603976623,46.50190008695486,0.00030066975,0.0004371856,3338.7456269939094,0.009887102,0.0013399922,0.07277769721577726,0.005788421077613381
-369.01407,3.4453502,182.89175,4.032512,-43.748363,3.8690345,62.0181,3.8544183,-26.210716,3.3410041,30.084938,3.3077505,-15.349466,3.2369528,12.85627,3.4186904,-4.107633,3.246852,6.6129956,2.901593,3.7489061,2.7724884,-2.5669098,2.982739,5.4373555,2.8847187,1149.8276633195405,63.95297203005116,1457.3790667012008,41.817863161187056,0.0002050237,0.0006082662,2487.659512761021,0.010548609,0.0010258221,0.048873441125290025,0.007504815877417782
-356.82724,4.348073,188.43657,3.615572,-52.25271,3.9317017,56.889122,3.3819847,-36.789204,3.2185135,27.437223,3.366321,-19.451042,3.0576534,16.730051,3.135522,-6.3608465,2.893354,2.5018933,3.0907598,-5.829173,3.0689342,-7.1184545,3.1642056,5.91889,2.9200113,1239.633962561391,57.04684509933857,1443.7225473772598,37.56519737362375,0.00022039194,0.00026994073,2525.355108486804,0.010239744,0.0007637657,0.061803264573665896,0.006828628301043014
-377.08987,3.5963597,178.93188,3.791588,-37.477127,3.363525,55.424656,3.2769203,-26.423746,3.090298,33.512524,3.27071,-9.271965,3.224673,16.462013,3.4905837,-4.238254,3.0967743,4.538659,3.101514,1.437438,2.959363,1.2135905,3.148423,7.7805004,3.170533,1142.3090325386856,68.48889053459159,1484.7922736320606,45.81680520978006,0.00017950281,0.00032126493,2424.7835588565836,0.010080443,0.0011039516,0.046395781975058004,0.007836743737243607
-356.78833,5.0312686,161.52379,4.011594,-36.310707,4.232183,48.78685,3.7480714,-41.271652,3.6153388,32.604008,3.170445,-26.646452,3.0930595,21.9373,3.2221828,-4.8406367,3.1157215,11.715839,3.1069648,-0.86851454,3.0263443,-6.3854556,3.1652594,1.467344,3.1232202,1526.3094004928305,83.71235324200036,1786.0655870807063,49.496829670347125,0.0003169343,0.0003913255,3369.0469905561195,0.009910172,0.0013154148,0.07422441451566125,0.007327237012661555
-367.2323,3.4854577,183.01544,3.6600997,-52.094513,3.5807433,56.922,3.335719,-34.97209,2.9928563,40.681374,2.9329467,-12.714134,3.3797092,17.99834,3.149672,-10.84973,3.2363367,2.7172008,2.948359,0.05198041,3.0043864,2.153912,3.0772905,9.40209,2.7848692,1265.7478239792297,57.43395949189082,1512.2991644848871,35.04597314301958,0.00022698037,0.00027805712,2621.230321472593,0.009741944,0.0007066992,0.0608289678799304,0.0066518357002010465
-368.98727,3.535749,175.03726,4.001951,-45.964355,3.5221488,49.191994,3.7687533,-43.04702,3.2226274,35.429848,3.3609269,-28.739153,3.3948576,22.63874,3.2666636,-13.266871,3.2406552,3.3430753,3.1137958,-3.0351658,3.0983217,4.4768605,3.1245093,14.349052,2.8208184,1429.2445344135303,59.204971411244024,1664.6825518946534,46.464520786047586,0.000309875,0.00064872776,2850.5264600855567,0.009110957,0.0007753327,0.07482825188515081,0.007371025611103679
-394.74594,3.652109,181.0178,3.8911378,-28.687233,3.7709253,58.11827,3.170598,-23.401335,3.4690626,27.49894,3.4918199,-13.261701,3.0517433,13.295108,3.0487573,-1.0405188,3.0760322,8.220927,2.869528,2.9540236,2.813546,-1.8472794,3.1216974,5.6303835,3.2374299,1035.6607208222365,70.03974559378692,1434.27337564244,59.172491994279554,0.00013622269,0.00035093277,2182.2727283026393,0.010358662,0.0015512939,0.036350329901392114,0.009006547268022642
-340.17343,14.337773,150.00273,6.2101545,-52.77551,7.0376387,73.64549,4.8830914,-31.898447,4.08269,35.373707,5.216839,-17.416737,4.086183,17.883875,3.6158721,-8.044568,4.0439672,11.142936,4.1408863,1.1967309,3.8473117,-2.2270024,3.7306376,9.298606,3.7432394,1734.372871225352,170.15954596864606,1808.2440524994392,80.66335025007382,0.0004919897,0.00057743106,3764.563469765081,0.009594754,0.0019746237,0.09138336535672854,0.02121282052455309
-365.26276,3.552943,173.53615,4.123626,-43.56935,3.880142,47.381702,3.6755648,-42.107235,3.188336,39.279617,3.3111901,-24.636791,3.6378105,23.78783,3.36599,-14.663412,3.331015,4.0874104,3.405436,-2.6064599,3.2020404,3.1357915,3.1199224,13.071965,3.0296705,1445.3951644804129,65.79890644847075,1705.751650818857,47.36632196713599,0.00033771258,0.00065146835,2951.048048687645,0.00898263,0.0008503784,0.07527008410672854,0.007547578371922171
-387.8231,9.761794,168.44568,6.3711405,-27.685036,6.3594384,46.76318,4.668656,-19.190632,5.220696,21.252327,4.2806177,-8.790846,5.6473584,11.969051,4.5352755,3.2799754,3.990566,5.9462614,4.023411,1.953624,4.8241076,-3.2777703,5.5249524,5.166939,4.1239715,1162.3117404727277,140.9527407584587,1466.5971127600023,85.81906532095847,0.00019779832,0.0003446452,2404.9740112021464,0.008899841,0.0025362822,0.05568785346577726,0.016007349505232023
-374.2896,3.3457096,159.2908,3.7261539,-27.38548,3.4552953,54.950085,3.40541,-36.976162,3.2987154,30.813774,3.5578804,-27.840216,3.1571984,16.613138,3.3899853,-9.566179,3.0071678,9.236782,2.8949814,2.8919523,3.3336227,2.984268,3.187042,9.239397,3.2131708,1430.5276461917815,66.93205055080658,1797.7242372471528,51.1746646100176,0.00024575955,0.0007722342,3299.4762588819603,0.010667188,0.0015056126,0.052980214979698376,0.006397255514686851
-356.72528,3.7055213,161.80486,3.7704887,-37.813656,3.4541256,48.625217,3.6894033,-41.57069,3.4351275,31.13719,3.2464237,-24.871294,3.4046028,23.390995,3.2656221,-3.2541304,3.2240217,10.509911,2.947829,-3.7906296,2.8276496,-9.636434,3.0398593,0.5253837,3.189691,1526.1729106257742,68.54443954314195,1764.9560681895418,48.668302117467384,0.00035003852,0.00076861744,3339.769828070621,0.009684744,0.0012992037,0.07590111115139211,0.006473617072215199
-365.1258,3.3928375,167.24309,3.7540755,-35.040703,3.499737,49.6845,3.5647862,-41.281197,3.417903,32.667145,3.208622,-26.156675,3.2694407,23.641594,3.1394176,-5.8475256,3.001413,8.517067,3.2691393,-5.7925043,3.0058255,-7.276315,2.7380178,4.718941,2.7353003,1438.8457476515257,64.63417122112342,1733.5423907870975,46.56257933367292,0.00030291584,0.00079834514,3068.506425826566,0.009673163,0.0010055576,0.07141141603828306,0.007214484590947389
-333.1906,6.606589,159.86224,10.934839,-63.66942,4.731049,57.71344,4.382723,-35.226353,5.8434134,28.310846,3.8822055,-23.823666,5.85458,19.017149,3.4883008,-7.27042,4.4531937,4.352047,3.536574,-1.2527224,3.4182544,-7.1571264,3.4620302,6.85939,3.092183,1681.8285603938014,215.66988675857831,1669.7140132461798,124.31448510171599,0.00050622143,0.000652299,3418.183661724188,0.009601612,0.0017902328,0.09348490066705337,0.021788200097242038
-369.38043,3.4234562,163.54309,3.2241583,-36.36512,3.0846186,47.77561,3.0610092,-37.57624,3.0457246,27.030848,2.9642766,-23.00762,3.010112,20.816772,3.1885772,-5.771044,3.2332394,6.3057647,2.7966392,-5.6333947,3.0267107,-7.8899827,3.0936282,5.16802,3.1052551,1442.883345263685,62.19003983462514,1685.755337423958,46.60687997380548,0.00026176494,0.00013834536,3025.8646883156903,0.009235738,0.0013198006,0.07360131779292343,0.007296934709593797
-360.3359,3.6496608,161.64516,3.462691,-47.716812,3.2596686,60.699936,3.4746304,-50.11101,3.3611293,33.776653,3.2128613,-31.005861,2.9333708,27.911818,3.0037913,-10.526947,3.0791857,0.15627904,2.822489,-4.021061,2.949538,-4.42256,2.890692,7.9297147,2.841934,1673.7954197054505,72.59749327066861,1840.8995790907406,41.52884474094039,0.00042041863,0.00037090955,3789.5689643452724,0.008763247,0.0007714162,0.08160187971287702,0.007989553539407373
-367.19083,4.1736274,171.63615,3.7591572,-45.194904,3.0866182,48.667156,3.2297015,-42.437927,3.441954,35.096764,3.1600945,-27.212255,3.141402,21.810972,3.087862,-13.72878,3.1816099,3.1697319,3.1204107,-1.7951199,3.0022357,4.8506246,3.1474988,14.5821085,3.492703,1464.1269196003395,66.01949062349722,1684.2598758862887,45.212978461947955,0.00028572883,0.00017767493,2967.0855387180973,0.009088742,0.00091752544,0.07889424122679814,0.006921874226721017
-357.49127,4.2914605,158.97824,4.174398,-37.0848,4.2526793,62.55525,4.172128,-40.39629,3.620071,29.952011,3.7237213,-27.893736,3.329673,21.80091,3.3736699,-13.767571,2.917677,7.8985248,3.094433,6.033623,3.1603565,-2.3091347,3.2272835,11.520778,2.8696418,1551.5294470208785,79.25744662767643,1824.108034207248,44.96678949787488,0.0003394575,0.0006782877,3477.837129314095,0.010248474,0.0012256268,0.06590550681554525,0.008263301477580047
-380.732,22.926672,181.12068,6.2794957,-35.15776,12.341521,54.26731,5.339343,-25.129381,4.912311,27.20368,3.696438,-13.431423,3.5578175,13.189766,3.3997102,-1.9180747,3.475677,8.364045,3.3350508,2.4930303,3.1974964,-3.0085008,3.0510955,5.244046,3.313563,1116.3072139995268,95.55843336912558,1444.305036653251,82.29933861993561,0.00017604948,0.00036636388,2321.6889773056846,0.009869834,0.0018623561,0.049505601073085846,0.01586587303679833
-386.0146,10.380762,162.12453,5.9976296,-24.263378,6.288753,39.392193,5.240088,-15.581547,5.5768313,16.020016,4.5741878,-6.5331097,3.576233,8.023283,4.7506394,4.058273,4.3761067,4.1232557,4.296454,1.744977,5.4113173,-2.8858263,4.819563,4.053997,4.021416,1186.8438588428216,114.14845032074263,1463.0128555516426,71.41633909312394,0.00020481591,0.00018703387,2444.443223426624,0.008716409,0.004227044,0.05552584831786543,0.014176368313095803
-376.13806,43.005352,170.57108,25.61707,-60.791817,15.520054,71.341064,13.1556635,-43.19124,11.36065,34.715717,11.106657,-27.899181,8.699428,17.343672,7.2318783,-10.736598,6.412881,6.0619273,3.5534058,-1.2715765,3.1481118,-4.936804,2.9969769,6.61689,3.9423993,1657.1847973589734,667.7884534334804,1632.6805467951688,226.85325634016056,0.00056889147,0.00062305847,3340.5442240066704,0.007455122,0.002266844,0.10245749347447795,0.07619802885173434
-352.79605,4.752615,156.848,3.8001485,-45.069695,3.1930423,58.85874,4.0394926,-46.890606,3.13482,30.248978,3.0850174,-28.154911,3.1226478,28.183699,2.8626025,-7.1912074,3.3676302,3.1239645,3.1024516,-2.8448308,3.3550167,-6.2195,3.140683,5.3876905,3.0068033,1699.8257391581283,76.38207065342282,1844.440985410384,44.51624162350696,0.0004337346,0.00043865427,3806.230967227378,0.009081416,0.00089007325,0.08703754894141531,0.007128730642990621
-371.1584,3.3154132,164.35966,3.6708019,-26.568913,3.18441,49.092422,3.297266,-39.120075,3.5059834,27.048492,3.5751994,-29.098509,3.1040611,16.290462,3.3604786,-9.852474,3.3295805,9.762411,3.2420888,3.7020895,3.146166,5.3838806,3.0221329,9.22384,3.0826197,1379.5460351052193,69.61745732634833,1732.7897038096378,56.875681412656654,0.00022195143,0.00045359271,2986.520378661543,0.010678985,0.0015341557,0.05937205445185615,0.0057414012882564145
-392.2633,11.154307,179.13515,6.8369956,-31.020325,5.085394,53.850864,4.7689137,-22.786997,4.9836044,26.611809,5.022071,-11.907393,4.5816083,13.776222,4.6590595,0.97729915,3.3185992,7.3536983,4.295031,2.444212,4.646401,-2.9890728,3.8522391,4.332693,4.44699,1082.30304346914,121.65067566495534,1428.630042274281,81.22594862035227,0.00014796828,0.00011455075,2233.3578795678654,0.009766269,0.0026907315,0.04578514718677494,0.014313823054681854
-342.33795,3.6605632,164.00029,3.9213605,-48.959785,3.75397,68.021454,3.628007,-41.004005,3.2675142,39.997635,3.2088962,-26.839737,3.2302663,23.185823,3.1948276,-13.142082,3.0424526,9.547697,2.9953575,-0.77735174,2.7983859,-3.6271038,2.9206393,6.7202363,3.0002747,1617.285689377677,74.58542768056773,1839.2564352975976,39.087987031557944,0.0004852742,0.0010329683,3649.902910201566,0.009742554,0.0007379222,0.07703514718677494,0.00871450327319993
-345.4788,5.8700485,174.29266,3.897294,-51.769115,3.9387534,64.97047,3.5138924,-43.361275,3.6743698,37.965847,3.5452461,-25.832987,3.4958043,19.253447,4.006649,-12.745469,3.7817545,5.984595,3.123906,-2.0629773,3.063245,-6.079828,2.94221,5.5366178,3.2300522,1475.7371870205368,78.34270075636091,1693.655816417514,45.47677982639457,0.00034335116,0.00020217925,3254.8360802457946,0.010060482,0.00087993365,0.07066256706786543,0.00818320847130803
-367.49512,3.5330565,182.645,3.3527088,-50.667942,3.2431567,56.7481,3.1522014,-34.194084,3.0318751,39.84154,3.531914,-12.175498,3.1898913,17.663492,2.8739173,-10.4388075,2.838011,2.5507245,2.9862275,-0.026581474,2.9309301,2.099168,3.0879452,10.018034,2.9238355,1253.6680327032886,56.59808594536788,1509.6837734276544,32.533040148783286,0.00022221073,0.00024039495,2611.06325224768,0.009764043,0.00068383076,0.05965074862238979,0.006858207437838152
-374.85834,4.142836,172.58963,3.9773712,-40.18584,3.697741,47.344643,3.7186282,-42.899597,3.4217303,29.640615,3.3134654,-27.670536,3.3697248,20.349886,3.1541178,-9.693883,3.1524193,4.633394,3.0600038,-2.7247052,3.1925101,2.1268306,3.144319,13.850037,3.2852483,1395.3197022664697,62.488228587986356,1645.248583105445,49.22038929194023,0.00026751205,0.00040778614,2824.271939802059,0.009078163,0.0010479756,0.07014822904582367,0.006482913821030939
-368.20932,3.195303,188.7243,3.4336882,-48.492596,3.5068285,63.57673,2.9469335,-30.473284,3.4818718,31.896679,3.268535,-18.410719,3.2687697,12.462186,3.3925369,-7.1699195,2.912525,3.6057627,3.100546,1.4522464,3.0752,-2.687449,3.0887468,5.9943476,2.8499286,1161.8977325578746,48.16511017561188,1437.554781455206,30.093545050463995,0.00018476392,0.00025627622,2462.529115610499,0.010376066,0.0006859924,0.05186657120069606,0.0057873047786307
-368.21048,3.4648433,167.73894,3.618985,-32.24869,3.274071,55.583717,3.0469482,-42.478226,3.1749237,35.286907,3.0596771,-31.005707,3.3338242,19.517466,3.3065846,-12.627054,3.0480027,9.0992565,3.464052,1.4089147,3.4843123,-0.3820761,3.0964365,5.7274146,3.0017583,1446.5967385870497,74.09932456189269,1794.5209013953045,49.21384020606609,0.00027006643,0.0003469762,3251.5886134171983,0.009940689,0.0010944585,0.06321599477958237,0.006532091539890825
-335.62256,4.80195,145.5044,4.275489,-58.744087,3.148282,77.87984,4.1824265,-39.595417,3.8169808,38.499477,3.5934212,-23.57052,3.2462249,22.851988,3.047282,-9.005124,3.5431905,8.730675,3.5184193,-0.98240334,3.0280547,-1.5384356,3.62172,12.721145,3.5221455,1931.8465278194533,91.39919592868206,1899.2422317929934,31.83448105749366,0.00062332046,0.0008216556,4111.61775168576,0.009432094,0.0009806409,0.10114332584106729,0.013220871601913861
-361.04117,3.737618,156.10637,3.4645324,-25.767654,3.578339,52.922146,3.3409007,-37.04687,3.2595472,32.033066,3.679178,-26.75251,3.4620163,17.001333,3.5240993,-9.665038,3.1723244,9.621378,3.2352092,3.5331352,3.3536,3.5646396,3.2435784,10.735412,3.14377,1493.8848635797328,75.43620571158604,1842.2469726921622,55.17582459323275,0.0002627412,0.00038314104,3496.2227876667635,0.011013767,0.0021172885,0.06192561811194896,0.006207351084763816
-381.62427,4.1119943,179.99971,4.255115,-38.626156,3.8292117,53.763412,3.0116186,-25.261396,3.4351373,32.97185,3.3767161,-8.205923,3.147198,16.302082,3.4393637,-4.0177975,3.214091,3.6959603,3.0729864,2.1801665,3.0200763,0.8603361,3.5239196,7.072838,3.456181,1127.0906788125035,66.88118582544496,1454.0881281148836,47.44856443161608,0.00016404985,0.00028934804,2357.211268307715,0.010041089,0.001220055,0.04552571236948956,0.00747037253169623
-367.7392,3.890931,187.59442,3.3231406,-47.707024,2.8927064,62.32936,2.7955182,-29.57716,3.156488,31.317081,2.9516392,-17.233013,2.7863774,13.131143,2.9812336,-6.710097,2.875129,3.479569,3.0094233,1.3727205,2.910962,-3.5374358,2.9561398,4.960656,2.8381534,1160.3788546949806,53.38630527001378,1436.7177318256643,32.68312369445756,0.00017351931,0.00012967741,2461.729739160383,0.010387605,0.00076507835,0.05170003444025522,0.006658726994043226
-388.4402,3.8972163,185.12668,4.274159,-31.452377,3.7755136,62.6577,3.5730472,-25.798546,3.5473406,29.969807,3.4244173,-14.942182,3.406456,18.066093,3.2990842,-1.9929402,2.9396749,5.9198847,3.1404195,-2.0811543,3.1245692,-7.3861437,3.1524086,2.4956858,2.9328642,1040.813844933017,62.024224045170115,1435.1164836917421,58.87963252249409,0.00014476512,0.00033215672,2200.958152824101,0.010405974,0.00087318005,0.04176334106728538,0.005754556229447294
-379.37576,3.7186394,171.07498,4.4302573,-41.56746,3.9855385,44.930218,3.5522435,-44.16259,3.672099,28.017492,3.7595212,-27.937372,3.2898817,20.319477,3.0191417,-9.917933,3.400277,5.4036317,3.297111,-0.84405094,3.303035,4.1548576,3.255423,14.0538,3.4203928,1412.072268960704,64.42895741969274,1641.2311980612355,53.57492162509444,0.00027074036,0.0009082131,2818.701285165313,0.009428977,0.0011570764,0.06994770519141531,0.006046956616168902
-361.11148,3.342044,186.76352,3.7554586,-50.16983,3.6284664,63.40366,3.179184,-32.502357,3.6929321,31.710358,3.4623957,-19.149126,3.0266132,14.008362,3.1455212,-6.6122594,2.996459,5.27273,2.9772007,2.0689716,3.1415823,-3.6817803,2.8330038,5.4705663,2.9607792,1214.3496434719655,54.770748050521654,1468.9446565261558,34.639343635119005,0.00022760266,0.00046364378,2587.007017202001,0.010335296,0.000735328,0.05699182497099768,0.00653394454019121
-390.2452,4.197386,181.45653,3.7431338,-29.250425,3.3131912,61.080914,3.4245446,-24.089725,3.699522,28.42946,3.249695,-15.045139,3.2833917,15.577853,3.4253259,-0.18712804,3.004659,9.882506,2.9575875,2.8113854,2.9958148,-2.942944,3.0467384,3.5066962,3.4002254,1049.9039358083714,76.59339297859528,1455.046339007691,74.65544451549874,0.00013944534,0.000244636,2242.4008256598026,0.010146096,0.0009168303,0.0412999836861949,0.010598554211249318
-360.6066,3.3910835,182.08176,4.081717,-46.841656,3.6129453,60.41428,3.4886346,-28.23094,3.3945875,30.810497,3.3168893,-14.585655,3.1636994,13.274066,3.2402194,-5.5236425,2.9370317,4.4407616,2.7694414,1.6736404,2.9145024,-4.4091763,2.6616168,4.0059767,2.930326,1212.5800524781687,60.05792914849908,1473.6164729880875,41.263789848771395,0.0002390771,0.0006730495,2601.770501015081,0.010246789,0.00083112187,0.056020926986658934,0.006330280732025894
-374.9203,3.5257754,183.65004,4.092845,-40.719883,3.494208,57.452564,3.3772686,-30.324621,3.3673859,35.88589,3.4460661,-12.626936,3.1313548,16.843647,3.1304994,-7.454388,2.7804341,3.82015,2.876133,-0.4802186,2.7424703,-1.7352144,2.936731,5.9198985,3.1788256,1153.2471454207994,63.772334134393816,1482.7979801449587,48.72162616483323,0.00019614951,0.0003827657,2416.539989214762,0.010040041,0.0008199484,0.04816537666763341,0.006709789020996677
-362.961,3.0903833,185.50047,3.7565112,-50.58314,3.2527635,63.87045,3.5351522,-31.405624,3.373946,33.59634,3.2226918,-17.748829,3.3282502,14.732131,3.185722,-6.8280735,3.0925512,4.2851024,2.878116,1.6212751,2.9183397,-3.8207147,2.9883454,4.4883947,2.9729202,1217.4652160633652,53.986798824513514,1478.394335713526,33.58671506304655,0.00022768643,0.00051752967,2606.6167207439094,0.010363674,0.0007195877,0.05542388703596288,0.006648033118901622
-367.88477,4.003415,169.66524,4.1218686,-44.014534,3.9767056,46.987347,3.762862,-41.808674,3.5080948,32.978355,3.4867587,-26.36881,3.503413,20.983894,3.2046845,-11.425463,3.141666,3.3538592,3.499942,-1.7550496,3.078138,4.5182104,3.292935,13.547992,3.319261,1465.5243658369634,59.22459008522802,1677.871050784437,47.6311398287576,0.00032202122,0.0006846242,2967.410285400957,0.008954381,0.00086216425,0.0791752012035963,0.00715582926128794
-361.07516,4.601861,186.19305,4.129771,-47.938515,3.6917822,64.27704,3.578453,-34.141933,3.4272099,33.954594,3.161105,-23.067644,3.1432838,14.155353,3.47052,-9.347254,3.2392175,8.025845,3.2591538,-0.43755212,3.0813591,-4.8545094,2.896146,4.7872567,2.8957238,1226.7770905176383,58.06615050320756,1508.0127744853141,45.02127449098896,0.00024570175,0.0005381312,2607.7408438768853,0.0103731705,0.0007395403,0.05649448049593968,0.006722037751197173
-366.9952,3.2926672,186.75238,3.6275697,-49.19602,3.3615794,62.872993,3.3261278,-29.497646,3.3363292,31.4668,2.8258119,-16.380375,2.8921947,14.111297,3.0708325,-5.3429184,3.1503613,4.3405037,2.8392358,0.86942697,2.7378483,-4.2668257,2.9695256,4.7486835,3.1227264,1179.3738096036311,52.12022071990005,1447.075282712537,32.396992916714524,0.00019504991,0.00030725062,2515.562746972883,0.010298195,0.00074139406,0.052370713094547564,0.006443702450163692
-367.44104,3.874152,172.13844,3.881953,-47.42914,3.1503158,51.108585,3.3621414,-43.41167,3.6541147,37.79175,3.5062354,-27.70567,3.4599497,22.312643,3.4428117,-14.684239,3.1400993,2.7373686,3.3771052,-1.9701899,3.3260548,4.019637,3.1431007,13.359382,3.459152,1481.2428963211487,65.40409842296589,1701.9879647389346,43.47849352563324,0.00032735636,0.00048983033,3053.6929809853536,0.008899158,0.0008496706,0.07656725819315545,0.007503714260268182
-363.4771,3.6672254,187.61375,4.3032026,-50.97909,4.1682434,65.2643,3.7042081,-32.663933,3.595757,33.317204,3.0713005,-19.345892,3.286318,14.983747,2.892405,-7.3153234,3.2404819,4.0334344,3.085188,0.53011787,2.886554,-4.4863033,2.804345,4.9603276,3.1627667,1211.6305316104954,57.141767002261716,1472.3203254835107,43.932046620989865,0.00023382885,0.00066045544,2589.3052244960845,0.010333869,0.0007304475,0.05526188188805104,0.006413183216511611
-359.26422,4.1468425,166.65416,3.651487,-37.013245,3.455784,52.773712,3.4012125,-42.502872,3.402722,31.472456,3.3824055,-28.79819,3.2017443,20.097242,2.8327005,-6.9465766,3.1720686,9.039527,3.1223385,-3.8856664,2.9823232,-10.1563,2.7432923,-0.133049,2.9315114,1475.0308121194753,65.414652376588,1743.144887018326,44.796711006627824,0.00031212822,0.00055458455,3223.635418177204,0.009835018,0.0010403546,0.07042918902262181,0.006046176757579203
-357.79913,4.156354,156.85632,4.0742974,-34.412712,3.795451,61.51267,4.60872,-40.964806,3.5298235,34.64192,3.6544516,-25.830757,3.4783595,25.319859,3.8542907,-15.752069,3.482657,4.396782,3.3816993,2.37191,3.34837,-3.099879,3.4542053,7.461872,3.0253513,1610.4912694830964,84.4838686240361,1899.892827616131,42.302733748419065,0.00039869366,0.00079524453,3741.0568060288574,0.009422633,0.0009890915,0.07042579031322506,0.009209593171489
-356.15503,4.7211924,173.10242,3.8331854,-49.28064,3.1258469,61.626087,3.011943,-35.717514,3.3328965,43.544136,3.6210542,-19.114115,3.1829288,22.751436,3.2577863,-12.525386,3.2682114,4.8857365,2.9742162,0.09781636,3.0529418,-0.8455848,3.229284,9.649582,3.2433596,1409.1224139348424,82.1562685241493,1681.428333627677,54.193623421438915,0.0002964178,0.00018023774,3084.843682025812,0.009870921,0.0007498606,0.06595988616589327,0.00790904367717228
-391.1337,9.39037,177.7366,7.81397,-28.125673,4.171635,52.096123,4.037035,-21.63448,4.112724,25.191507,4.0918245,-10.023381,3.6962504,12.668664,3.650682,0.73993105,3.3469727,6.7375374,3.603333,1.3893749,3.5546687,-2.804991,3.6331005,5.0952997,3.139482,1068.8799460039847,109.94554809892084,1431.952393797322,96.7450259062225,0.00018791943,0.00080235046,2227.0378095091355,0.00985616,0.0025904058,0.04239323520881671,0.012072843237897165
-341.4693,21.120113,165.3394,7.5333796,-63.458183,11.110352,72.187454,4.5404353,-39.80611,4.7569776,33.72671,4.590333,-24.509308,4.786021,20.734678,4.5092077,-11.397245,4.338091,6.42715,3.7379708,2.095985,4.0578284,-4.545589,3.685443,7.2652035,3.650542,1654.6177704742072,190.6791190323634,1695.9984229131308,71.3049936306437,0.00046221935,0.0004292846,3466.820722610934,0.009318966,0.0012818485,0.09330816777842227,0.02410882064193204
-367.04846,3.4109275,187.85017,3.4294088,-47.588905,3.2759035,62.585934,3.1478436,-29.408588,3.1146867,31.08819,2.9486547,-17.490007,2.9432018,12.51065,3.0173628,-6.274911,2.9860039,3.968647,2.9256926,1.1149449,2.910729,-4.5729938,2.8533266,3.8060253,3.0535405,1158.2456323154436,51.711007855060345,1433.9399662623841,31.03427324535712,0.00018937238,0.0003165912,2453.186403349768,0.010411132,0.00077598076,0.05239563696345707,0.005885823968075801
-360.5606,3.5125108,165.56078,4.160855,-35.720802,3.5447195,49.530212,3.8090386,-43.079613,3.0624638,33.55812,3.4607248,-27.387753,3.261127,23.328894,3.0066538,-6.306387,3.2331257,10.142823,2.955613,-3.608769,3.3165028,-6.472738,3.1467557,4.0114937,3.0058353,1487.8230155215617,67.57827130850862,1772.8084663371155,49.332839388066176,0.00033105837,0.0009400116,3252.887600148637,0.009906674,0.00096805446,0.07314928944315545,0.006761832352196843
-370.73978,3.9490545,153.91011,3.761433,-38.294037,3.4344845,66.626175,3.6073506,-44.311222,3.4005575,31.180834,3.4701216,-33.32589,3.2760725,23.310856,3.3150284,-7.108764,3.3245044,4.397919,3.0583308,5.623029,3.207979,2.9478078,3.0736241,4.4722414,2.857995,1657.4466851804689,76.57376649919527,1900.9410565158357,45.4294948258499,0.0003160508,0.0006285041,3986.5652982707365,0.009988195,0.0008802227,0.059304080263921116,0.0077792517495077354
-370.12573,3.908433,171.07112,3.225411,-36.02782,2.907503,48.640408,2.8995547,-42.11429,3.0633042,28.652788,3.1558347,-26.62384,3.1481214,21.172184,3.182974,-5.4178205,2.992579,9.073615,3.175114,-4.354447,2.9788833,-6.392011,2.8873088,4.1134543,2.8438869,1365.4889866367928,54.679564283969455,1650.1951046056772,41.52423648783705,0.00021296454,8.958518e-05,2809.2336703342517,0.009960453,0.0009154238,0.0664130474187935,0.006213466693306124
-371.22614,3.795399,189.34032,3.124213,-44.30245,2.9848647,59.09889,2.946523,-26.795912,2.9730334,27.917652,3.072734,-15.1603365,2.7577689,12.150815,2.9934292,-4.6281586,2.9446976,4.3125434,2.9692183,0.9160111,3.2254722,-3.6625447,2.9331193,4.6352553,2.762523,1105.4004561773725,55.466894503473235,1389.054110572807,31.342011433927002,0.00014967352,7.781763e-05,2302.653825587297,0.010445217,0.00093715626,0.048292261818445474,0.006698853634460348
-364.71753,3.8286252,166.27095,3.3323886,-37.3466,3.325267,44.48033,3.241572,-39.829758,3.503882,28.12471,3.2151568,-24.408628,2.9580793,20.196577,2.9923525,-4.806874,3.1694875,7.8857603,3.0288439,-3.187863,2.9971101,-6.3266816,3.0314195,3.0891063,2.7942905,1423.2962033059437,59.74642300314643,1666.876165581337,45.00777584725718,0.0002844824,0.000543935,2928.7904106547276,0.009580761,0.0011908398,0.07326371265951276,0.006016542104053184
-368.12756,3.3785512,191.37479,3.8932824,-48.15576,3.6239228,58.426743,3.3131907,-28.072432,3.4109979,28.845835,3.0354116,-15.755914,3.043863,11.738179,3.08307,-5.782579,3.0446203,3.5341146,3.1076941,1.3029386,2.8303742,-3.7507942,3.1126757,3.4894688,3.0068638,1125.3213686129507,53.36525459833042,1380.192806056829,36.115011925022415,0.00018345783,0.0003604812,2317.9169196816997,0.010318163,0.0007457655,0.05191302022911833,0.006208993003633416
-385.33817,5.507844,181.95087,4.984568,-32.26261,4.066112,62.97581,4.01945,-26.36507,3.5822027,31.142447,4.091504,-17.678215,3.5340252,16.928728,3.484415,-2.1276543,3.2216058,7.203167,3.1639378,0.047360323,3.033647,-6.610324,3.2677937,4.1251254,3.3415713,1090.2134779142277,82.47495968113455,1483.661879374864,76.13942409152705,0.00020492892,0.0011606842,2330.9567480242167,0.010231965,0.00079552655,0.04291663645591647,0.006827074494680342
-366.37463,3.5331545,187.69539,3.6668649,-49.373604,3.9660032,66.00351,3.3416321,-32.762577,3.2702897,31.27525,3.1222522,-21.292458,2.736836,12.950413,3.2117705,-7.6557984,2.9912415,4.6692142,2.8579435,1.7353168,2.9334686,-2.987362,3.258052,6.669363,3.1864746,1198.2615844660334,53.264023789992976,1463.9314581237377,33.696401716860315,0.00019808573,0.00026211946,2564.0998858033645,0.010380882,0.00067121716,0.054584405814965195,0.00610415167359638
-363.95694,3.633115,172.45839,4.0565634,-46.548485,4.2403846,50.06412,3.5668676,-44.946957,3.511263,39.879143,3.4618952,-26.334093,3.191095,25.27602,3.211865,-13.675348,3.1118655,3.5504286,3.2683628,-3.476562,3.1055005,2.550985,3.0811732,14.714924,3.3259375,1491.8332872894168,63.591432535467696,1729.458141345143,44.42603526057927,0.00036294403,0.0006927326,3116.2941492350637,0.008918535,0.0007524109,0.07785083744199536,0.006514998996529702
-372.39923,3.7700574,175.67041,3.803122,-47.31677,3.5531669,51.197002,3.5806248,-44.847454,3.3235443,36.217083,3.6796064,-29.429632,3.249181,23.184656,3.4397626,-13.129317,3.1919708,4.3063965,3.3267407,-1.3456331,3.5261002,4.717019,3.0693984,14.021906,3.2613003,1443.4993228757314,61.585077928482264,1673.8888660859793,46.72108175662919,0.00032008032,0.00055965903,2919.797425590922,0.008771001,0.0008438106,0.0748928273636891,0.006837863013937479
-369.5499,3.5061252,173.6159,3.8319721,-45.6255,3.5417817,51.72006,3.8929458,-43.607906,3.1209464,37.545574,3.4362385,-28.595364,3.121632,23.368336,3.2790222,-13.739264,3.1676404,4.2141848,3.3572419,-0.9849617,3.3379152,4.736838,3.299075,13.870784,3.6823766,1449.7143200802352,63.618538785588804,1698.138732208625,41.98300859024159,0.00032529325,0.00066267553,2971.557050735934,0.009136382,0.00092109526,0.07399896679234338,0.008436869507136947
-370.58383,3.2887757,192.81189,4.0839,-50.074417,3.5144207,61.662403,3.6225424,-29.643045,3.5009434,31.788363,3.190399,-16.850119,3.2900338,13.723043,3.0271306,-6.7398396,2.8178155,3.7588089,2.917296,0.26878765,3.0834417,-4.648961,3.0756395,4.1728506,2.9014544,1130.378259776456,53.57645054381384,1394.1059005839838,37.5486506223087,0.00018542544,0.00041777597,2343.2221804306846,0.010270338,0.0007183508,0.052345789225638054,0.0060829201568577684
-368.111,3.2402196,185.29337,4.0193324,-45.801403,3.4729571,62.521816,3.1660233,-28.13056,3.3054514,30.073061,3.1568298,-15.818603,3.0878634,13.983324,2.8358958,-4.238693,2.8682015,4.3320737,3.0302584,1.1951333,3.0726318,-4.5075893,3.136723,4.1332936,2.8066435,1158.1996260078806,54.65119150286163,1446.3518665616823,38.775482166108574,0.00019692548,0.00050390983,2484.886675699681,0.01046532,0.00074614736,0.050073185542343385,0.006472942352918881
-367.402,3.4383276,188.91948,4.565671,-48.9869,4.0847797,63.35828,3.8225389,-30.578775,3.5537474,32.00272,3.081546,-19.250587,3.1279902,12.584098,3.0580618,-7.1735597,2.9839895,3.9388392,3.0908847,1.2606646,2.8853068,-3.8582523,2.9875197,5.296706,2.6937845,1171.6699904613608,58.46545748098928,1439.4439280100896,49.55474201023033,0.00021547977,0.00074254104,2468.924127211427,0.010391248,0.00074945803,0.052956424013921116,0.006445459593323598
-377.92206,3.5099742,183.7963,4.374731,-39.641594,3.991714,54.840153,3.7247233,-28.559038,3.6300118,34.631577,3.6300526,-9.893673,3.0339215,17.16637,3.0235727,-5.540111,2.9972074,3.7343326,3.0227885,0.25305882,3.2440612,-0.75939107,3.0489566,6.620585,3.2500076,1123.239117286819,66.80744379659156,1454.0067449905396,54.44680125515058,0.00019602239,0.0006616815,2332.130832185325,0.010081236,0.0009927716,0.04740179995649652,0.0073119095294331025
-342.57874,3.3969574,165.96635,3.0605679,-53.478863,2.8575745,69.429855,2.9769657,-39.403088,2.9672203,40.741104,3.128245,-28.815727,3.0900009,22.853502,3.0965497,-12.750921,2.9281409,8.428782,2.8615065,-1.8314321,2.9957645,-4.6423435,3.0363135,7.480142,2.948899,1609.6728907838326,64.45952390984175,1803.9750027801267,30.228511808855156,0.00042538065,0.00018628644,3571.688920660528,0.009604686,0.0006254576,0.0779324064675174,0.00815671687985542
-368.7324,3.4134097,174.29582,3.3958008,-47.704388,3.6601815,50.254654,3.4437973,-42.975475,3.3064718,34.42574,3.3392837,-28.279644,3.2370095,22.773458,3.168743,-12.73258,2.9756117,3.0444818,3.0178063,-2.16825,3.1788776,4.487552,3.004699,15.128056,3.4511156,1443.7943157327686,56.96517643303452,1656.883687197712,44.6878481591271,0.00029068673,0.00033267928,2889.0963738036544,0.009073056,0.0007878052,0.07828134063225058,0.007752359696729416
-362.08475,3.0430682,183.70149,3.4577339,-48.580616,3.23268,61.94878,3.182927,-30.026121,3.0424523,32.035145,3.0285523,-16.69045,2.9352324,13.555007,2.7936046,-6.2870617,3.037889,4.3118787,3.0110054,1.8731703,2.9587653,-3.8837817,2.9372532,4.49885,2.961467,1215.1889236631637,56.83945851826572,1477.3577974201382,32.34348967643581,0.00021233798,0.0003048961,2599.996884516386,0.010296286,0.00080549566,0.05498205481438515,0.006668613511127711
-345.9483,4.1864347,143.19182,3.814901,-45.62293,3.2591999,69.395004,3.5012038,-50.312317,3.5511672,27.48119,2.9184768,-29.285889,2.8960028,30.515032,3.1845834,-13.669319,3.669869,5.1296988,3.2205663,-2.4284182,3.0143602,-9.970356,3.0401967,7.6246047,2.9613757,1991.5348500167495,86.63900178093095,1993.8839980238454,37.1578311488305,0.00064508076,0.0007814998,4404.689142709542,0.008730786,0.0010729275,0.10481506489269142,0.010174227176469033
-362.62088,3.396435,184.07211,3.94673,-49.82938,3.2866175,63.860073,3.289709,-30.12378,3.459668,33.275585,3.0471535,-17.268316,3.345008,14.98121,3.0017574,-5.5141263,2.9153879,4.2013693,2.9325745,0.86345845,2.8302617,-5.0686326,2.7542877,3.9146519,2.8934045,1223.9129541381878,56.36496839965011,1483.4069141585887,35.62055191014619,0.00022565655,0.0005100687,2624.4028467589906,0.010303134,0.0007178552,0.055618746374709975,0.006128413079690918
-371.57504,3.8374348,168.19533,3.496563,-36.19191,3.4524326,48.57334,3.5876913,-39.600773,3.609012,31.38389,3.2047193,-25.262709,3.1738133,22.738684,3.3376708,-7.0749793,3.3683195,6.122209,3.2354503,-6.054382,3.238532,-6.1966767,3.0442104,5.9392157,2.8542848,1417.3986981880178,67.13696390936032,1700.0818405273637,49.35948593131144,0.00028712963,0.000513649,2961.040254314095,0.009264838,0.0012796685,0.07112252573955917,0.0074821741482571525
-345.85327,3.461055,150.08018,3.846342,-43.627197,3.5844023,68.274414,3.2897146,-46.581795,3.600243,51.73018,3.3074903,-28.89931,3.292381,29.391096,3.5194595,-13.255581,2.8516502,11.588797,2.7916546,-2.0822847,2.9313579,0.117561795,3.0514605,8.582152,3.008918,1940.0295990490772,83.35942123661343,2123.237281401782,36.06706957368868,0.0006737877,0.0013134727,4618.147635404583,0.008996583,0.0007214592,0.09323679488109049,0.01118001207020915
-371.6801,3.665188,172.91673,4.115703,-43.09329,3.8743975,47.966537,3.5417984,-43.45814,3.540795,32.938667,3.163501,-27.426134,3.5059216,21.804022,3.3226573,-11.725364,3.3063607,4.86575,3.0257103,-1.4608115,3.052391,3.9156997,2.9692676,14.639437,3.2284122,1424.3525156983744,55.842891754420386,1666.9082103609512,45.66521217504281,0.00030579814,0.00078443764,2890.5702241335557,0.009103894,0.0008747171,0.07176941342807425,0.00579476840253357
-374.44577,3.729248,176.34984,3.504938,-46.322598,3.0956995,51.02493,3.239647,-43.825024,3.406111,37.344933,3.5331335,-27.671865,3.3959548,23.283262,3.1741593,-13.421063,3.227672,3.396502,3.1410208,-1.9097466,3.0777369,3.3858793,3.2554247,13.580606,3.3355072,1412.781258118192,60.613925094223305,1656.4543109679116,44.42667504196689,0.00026281347,0.00012919435,2841.408572451421,0.008923608,0.0008000256,0.0723641875725058,0.0066786548930604745
-369.32364,3.5741737,174.42381,3.5771887,-46.78198,3.0431035,49.23563,2.8824158,-42.222603,3.2187698,34.894264,3.1606681,-28.368849,3.2285166,22.217072,3.3241246,-11.282197,3.2289593,4.425543,3.174221,-1.678565,3.2255998,5.0146055,3.4747567,13.517312,3.566508,1432.8083345187356,62.73060404678568,1654.153457356417,44.910082732753274,0.0002767264,0.00016191244,2860.168938515081,0.009035884,0.0009258251,0.07530746991009281,0.006251469939811711
-364.16705,3.5992448,165.17815,3.6928093,-37.253952,3.8414822,46.13944,3.977669,-40.52651,3.4807794,33.372925,4.1423783,-25.345657,3.3945389,22.873686,3.1479182,-7.2300825,3.3817031,7.5826726,3.0092316,-5.8651347,3.3588226,-5.6110325,3.4405797,7.8476496,3.1119103,1480.7529841013813,63.40038825990101,1743.160476629645,46.23417582742486,0.00032567812,0.00056663057,3134.130236278277,0.009287628,0.0010926166,0.07637693046693736,0.007330257972111971
-339.42157,4.6086574,165.68866,5.3839016,-54.456314,4.0349455,68.78965,3.9039803,-41.451607,3.8890502,37.711052,4.327448,-23.875015,3.7729783,17.931868,3.3683949,-9.275597,3.5900962,9.060514,3.1195707,-4.2269917,3.0188816,-8.928548,3.0097094,9.527452,2.904998,1603.6225252790491,93.95591410034844,1749.4589909898546,69.80657295208124,0.00048726765,0.0013311836,3576.685023473753,0.009947536,0.0007310649,0.0796929379350348,0.009524796423481917
-383.68884,5.141983,180.91278,4.563863,-32.007915,3.4742014,60.39838,3.3856738,-25.409822,3.6549962,28.469643,3.911249,-15.588137,3.6289415,17.437449,3.428143,-0.46285734,3.0223808,8.597241,3.0657735,0.84521997,3.2137704,-5.4855123,3.3572505,3.7638774,3.3429615,1085.7508052181088,85.42459210425223,1473.8427721713415,82.42337511032798,0.00015515978,0.00024471447,2332.0309101290604,0.01025888,0.00088888075,0.043236115139211134,0.009273758758789047
-366.66162,3.6301115,167.6162,4.3952665,-37.97813,3.8755622,50.56569,4.3141065,-42.21388,3.5048199,34.679943,3.688401,-26.900278,3.4633036,24.895601,3.3719318,-5.671565,3.2055352,8.451942,2.7862191,-5.9020367,3.0688794,-6.4456773,3.1008654,7.392816,3.0099185,1465.956197457036,72.79661097572644,1748.982173432883,52.81283937687827,0.00033509018,0.0009199425,3144.497149615719,0.009390409,0.0009808984,0.07200505727958237,0.006465955875188876
-376.49042,3.6128793,183.60196,3.4406586,-41.358803,3.1449966,56.071247,3.0903268,-29.540752,3.2693698,35.46695,3.2019503,-10.0124235,3.0877376,18.36126,3.1676025,-5.1075807,3.0363147,4.02062,3.1489813,0.0048113246,3.1122456,-0.53173006,3.3959265,7.109605,3.3149068,1139.7742561427056,61.141541333995356,1464.7338855047753,37.92344933023636,0.0001757969,0.00026153206,2377.795211898202,0.01005636,0.00092062674,0.048723897911832945,0.0070775232389295685
-371.17337,4.1155744,169.85593,3.561349,-41.560425,3.4801419,48.03433,3.2525532,-44.566486,3.277669,31.870584,3.1107543,-29.273752,3.5034492,22.552082,3.244319,-8.376379,3.0932515,7.595362,2.9703898,-3.7998862,2.872687,-0.74370575,2.8377483,13.434425,2.8848484,1464.2446134411841,60.78764847148826,1716.870933287883,40.70788876493537,0.0002954131,0.00032771015,3063.2105568445477,0.008923535,0.00082347955,0.0717037050464037,0.00601677355554246
-364.97025,3.548584,169.20403,3.8594124,-39.819363,3.3916757,45.553455,3.3572679,-41.655354,3.5641005,33.847466,3.4796596,-25.094187,3.602177,22.542368,3.2918591,-10.9160595,3.0233705,2.7993796,3.2495103,-3.3193235,3.4795375,1.6881608,3.53017,13.183192,3.341252,1454.877197364518,64.7900383555972,1708.6057139295906,46.871448395736344,0.0003216042,0.0004478214,3004.65623187355,0.00894949,0.0009617394,0.07497892800174014,0.0073088463919852055
-366.81207,4.348539,163.4153,3.7911818,-35.840183,3.2259367,45.67333,3.4592738,-38.420956,3.3445315,27.972202,3.3542783,-24.252352,2.8012793,20.560873,3.125425,-5.073827,3.1222982,5.9259195,3.1614947,-6.523175,3.0765908,-9.295524,3.0461907,3.3268216,3.2021885,1458.637843701471,62.84578293138479,1700.2758432223523,45.73441455206959,0.0002985553,0.00049641426,3053.9927471541473,0.00926338,0.0013587088,0.0752689512035963,0.006794997914867393
-362.7959,3.1049042,186.4873,3.2028544,-50.53948,3.202882,64.687096,3.186862,-31.627304,3.2645657,32.863445,3.128442,-18.987925,3.047914,13.633807,2.830782,-7.389653,3.0686688,4.6448803,2.8902836,1.6993374,2.866212,-3.686044,3.033577,5.2047505,2.9854336,1213.092443925426,49.80722313174528,1472.0095275291337,28.602599815755205,0.00020669991,0.00027693246,2596.174865864269,0.010342224,0.0007000119,0.05529473607888631,0.006453288522139928
-381.10782,8.060099,180.26633,5.543354,-35.522232,4.651202,64.42841,4.262785,-28.45376,3.485925,33.44745,4.2089076,-19.656921,3.9873357,16.150818,3.2507477,-5.3650026,3.4503586,5.108134,3.0297537,-0.12938656,3.003604,-7.146789,3.2922735,5.721779,3.26401,1153.1941329107156,103.66812994923727,1526.1290023615925,88.8404900222864,0.0001893673,0.00043259218,2502.8726458272913,0.010196248,0.00079297577,0.045856520084106726,0.00821351629999395
-368.22113,3.5898933,162.55515,4.1659446,-33.37001,3.5145535,56.086254,3.808069,-38.998867,3.1500823,32.8086,3.6439314,-26.13497,3.2159765,19.522182,3.3473766,-7.782868,3.22404,13.323169,3.423561,0.011389093,3.1710455,-4.173779,3.3160646,2.5267072,3.2325084,1459.805836823576,64.77063586809105,1784.736867812141,50.40828493080517,0.00027447165,0.0005720297,3326.0555258483178,0.010095567,0.00093828264,0.0598592027987239,0.00681251627679069
-392.5902,4.6260066,185.92845,4.2411127,-33.98619,3.2166197,66.32903,3.2388463,-27.851213,3.4542742,31.77541,3.4916317,-20.462732,3.481,16.775764,2.9595513,-4.0835495,3.0560043,6.6247325,2.8902166,-1.5413742,3.18143,-7.411808,3.056651,3.2609015,3.0847545,1061.332950483281,73.12628452548323,1459.3183238515176,69.87853434830784,0.00013406375,0.00017369585,2254.8910826928654,0.010336841,0.0006826623,0.04204656685034803,0.007483053566637959
-364.93634,3.62598,164.03787,3.8195574,-37.072056,3.3798234,46.561676,3.5069232,-39.746113,3.536949,32.429237,3.4529812,-25.186443,3.3161683,22.918776,3.428144,-6.177047,3.3237617,7.7448826,3.0555682,-5.646272,2.9863508,-5.4237037,3.1229138,8.468832,3.178979,1481.6716451979294,67.83387449063513,1740.2451578937228,50.10628958193269,0.00032103478,0.0007191587,3137.5775472194027,0.009431619,0.0011369885,0.07585352921983758,0.006346034938023766
-373.8009,3.717337,183.86731,3.7995462,-43.91245,3.5047462,55.86909,3.2041984,-31.391747,3.0255146,37.390278,3.3773446,-10.573365,3.2166314,17.199327,2.9263518,-8.7571,3.0093894,1.9894272,2.8124297,0.084893465,2.9540412,1.6764972,3.0786154,9.343333,3.1457968,1174.042187552489,64.78682278007922,1474.0620992421577,42.8010417407972,0.00019481321,0.0002899225,2426.7320389537413,0.009924545,0.0008859601,0.054536823883410676,0.007751080320169083
-377.20367,3.7681117,180.98169,3.4383569,-40.42298,3.096366,55.37008,3.1634092,-28.225021,3.0968602,35.285053,3.1915953,-9.508839,3.1732855,16.691975,3.0986764,-5.9304943,2.9313989,4.062216,3.3419952,1.7509907,3.1827178,1.8773825,3.1603603,8.619736,2.9953654,1151.124904769741,66.81200944906091,1478.0195986607227,38.151059800162294,0.0001764915,0.00021078807,2422.6352346468966,0.009988197,0.001097813,0.047490166400812064,0.007509701510056757
-367.40088,3.5241616,171.14774,3.6737533,-38.949173,3.3071544,50.22911,3.683023,-41.670914,3.6340458,33.078697,3.514594,-27.711554,3.4828396,23.568985,3.3048928,-6.134498,3.4506197,8.541674,3.0975266,-5.3050876,3.0415723,-6.231751,3.3758557,7.053708,3.29583,1413.946798192561,64.23036078057102,1696.4041240814665,46.950720543652906,0.00028854003,0.0005103518,2932.287682623985,0.00958196,0.0009546664,0.06900512978538283,0.007073528544271168
-389.99588,3.3402965,184.76932,3.2157686,-29.379318,2.8533008,56.93384,3.240652,-25.730646,3.2826347,25.927202,3.3108754,-12.303415,3.326372,17.208286,3.200374,2.2984984,3.1711075,8.341407,3.0572584,1.3541653,3.060342,-3.7906792,3.1215777,4.002836,3.1296573,1014.3266225907095,60.01763428007502,1402.0666374469888,43.99195567175499,0.00012424705,0.0001841969,2098.7878502936487,0.010543701,0.0010953108,0.03847905488689095,0.006416676932619476
-339.79907,5.1386776,162.29233,4.6761208,-50.302197,3.9294915,66.8408,3.6625035,-40.315395,3.4909332,34.103054,3.9641626,-21.6427,3.6700766,16.923275,3.1992052,-7.83719,3.2516868,6.6066604,3.323268,-1.7569481,3.0254126,-7.2653556,2.919991,9.687056,3.2253327,1594.4990256368626,91.00246622852823,1747.145710696897,59.13677381617889,0.00043506816,0.0010771921,3584.478943862384,0.009987994,0.000908678,0.07703741299303944,0.01050457792531084
-369.20255,3.9355996,173.8966,4.413615,-46.251915,3.7718165,50.255432,3.8430636,-45.951447,3.73002,34.094555,3.2828953,-28.719086,3.4051383,22.97667,3.107851,-13.030926,3.2254243,4.8988833,3.1457803,0.23561174,3.1500149,5.077701,3.1274247,13.758359,3.390796,1448.6997559287206,65.43286264664367,1674.6763563364352,50.378945864591195,0.000316882,0.0008081518,2941.1807456315255,0.009219523,0.00075875537,0.07543322215777262,0.006851120953504681
-363.1842,3.260913,187.45132,3.4143248,-50.37145,3.3904958,65.36946,3.4192216,-33.139248,3.4274483,33.082214,3.1203792,-19.419596,2.9698274,15.010713,2.8442526,-7.6495914,3.0602405,4.031512,2.9654677,0.2753637,2.916808,-5.246129,2.7663982,4.123152,2.8125384,1210.0100144224987,51.87736736643669,1474.9063867506256,33.256966237031946,0.00021325298,0.00039598483,2593.0772821200694,0.010396079,0.0006905807,0.05465464580916473,0.005942015693250492
-369.70172,3.6260915,170.99892,4.0139875,-45.36861,3.2724173,48.780838,3.7362852,-44.805298,3.5834343,35.031967,3.7710426,-27.758179,3.4935572,22.437565,3.2695282,-12.400721,3.252852,4.6001024,3.2801678,-0.53324777,3.0645378,4.5160894,3.1293895,13.161697,3.4464445,1483.6575203439306,64.98230205617456,1700.6484616333364,49.298495894751724,0.00032848172,0.0004917585,3056.5907206170245,0.008740741,0.0009803504,0.07885798832656613,0.007115694499627677
-362.911,3.7104332,185.37578,3.5007045,-50.673565,3.1100771,63.002056,3.123115,-31.303072,3.2949615,33.78138,3.2277281,-17.152626,3.0090919,14.833537,3.0346987,-5.984997,2.980726,4.535665,2.8086007,1.2540697,2.872065,-4.0415964,2.9110181,5.147838,2.8324685,1218.0562167753185,58.29454636894803,1476.6548144719995,31.328468791061013,0.00021584495,0.000322312,2600.346611713312,0.010255888,0.0008306785,0.05562327798723898,0.0070934744552420895
-391.1453,11.984994,173.35464,7.875116,-27.250896,4.2625213,49.053154,3.641421,-19.965023,4.0169144,21.985443,3.5857518,-10.26729,4.0385537,11.692811,3.5110133,3.2299037,4.0941844,6.4941792,3.3474102,1.5833876,3.5534885,-3.832418,4.007571,3.58072,3.5285313,1110.1117729876785,113.60419717697566,1442.9566645377597,93.84260845019644,0.00016542825,0.00019996011,2312.2213624746228,0.009524017,0.0036377057,0.045849722665313224,0.011496979519688965
-391.21643,6.164913,177.08237,5.0399384,-27.655005,4.238795,54.537453,3.9937682,-20.693874,4.063744,25.828754,4.496353,-11.665252,4.2795606,13.361074,3.9662066,2.181821,3.5267885,8.850711,3.5793705,3.166266,3.3533075,-2.7740748,3.5199833,5.397884,3.6606355,1063.9986816044898,108.20570238583691,1444.0425200017676,75.98548456822625,0.00016600959,0.00046381695,2233.1830159694027,0.010068766,0.0027260475,0.04152656431264501,0.011178186021220197
-367.96872,3.0674505,188.6793,3.6316571,-48.607544,3.7453883,63.233307,3.4151192,-29.943192,3.1851075,31.810474,3.0684204,-17.71108,3.0140798,13.253924,3.0682337,-6.2647743,2.9114668,4.9584475,2.7744749,1.6534795,2.902979,-3.9877489,2.8934114,4.5992017,3.0934966,1156.5494271486687,53.13719272487708,1434.6261361847576,36.47476607782787,0.00019857999,0.00047230232,2454.8600977921983,0.010365549,0.00080523454,0.05281481112238979,0.005982109593563053
-363.35037,3.335906,189.61081,3.7434986,-49.483105,3.1385849,65.425415,3.2417274,-33.967285,3.1783378,30.41726,3.171801,-21.153263,2.9957025,13.2809305,2.9340997,-8.309781,2.8788977,4.437355,3.0312674,1.3022708,2.8723416,-3.7160718,2.69318,5.972975,2.765688,1189.0849092383999,54.117434320738376,1452.1043823206078,33.19507618462042,0.0002141317,0.0003795694,2533.2239704176336,0.0104024755,0.00075413525,0.05675391531322506,0.006211725126962353
-366.77985,3.6400409,168.4051,3.796511,-37.48002,3.35153,46.136765,3.4523635,-40.512016,3.2765372,27.960846,2.9965107,-24.934334,3.1064205,19.581366,3.183913,-5.712792,3.0194933,7.485935,2.8299646,-3.8589995,3.1486797,-7.239907,3.3660283,3.010796,3.0995758,1401.796492036386,61.67128266934143,1651.6619914339904,51.01613914239666,0.00029027316,0.0008484704,2884.9745889827436,0.009617318,0.0009866747,0.07073960448085846,0.0059638616344145235
-361.2115,3.3558993,186.5977,3.8654864,-49.935143,3.6147344,64.38424,3.4719007,-32.532627,3.3785965,32.002693,3.018243,-19.073132,3.1040862,14.17756,3.022185,-6.879491,2.9414978,4.7279706,3.054247,0.8440244,2.8336585,-4.8992953,2.9625502,4.907044,3.059336,1213.0572637879154,58.477046721739065,1472.9858877027561,37.31344048481876,0.00021729984,0.00042464148,2597.498833109774,0.010408318,0.00074695173,0.056141014718677495,0.006597669326224574
-374.91553,3.5509121,181.68431,4.4259224,-37.491276,3.5174444,55.40731,3.5530279,-28.237734,3.2756865,32.601788,3.3021982,-10.417119,3.2690396,15.872113,3.3856194,-4.9098196,3.0648625,3.9725623,3.2213614,0.08141825,3.1176724,-1.4465176,3.172956,5.6787643,2.9121776,1136.1865367503851,67.52277499857779,1468.381964734002,52.816247123532015,0.0002102401,0.0007973666,2384.9146584070477,0.010039075,0.0009461298,0.04781191089037123,0.0071588806004129635
-357.97644,5.035172,164.09108,4.30982,-37.86228,3.4071448,53.543224,5.4114037,-43.96292,4.79431,33.921146,3.5396383,-25.6494,3.3204253,22.799522,4.0603437,-5.7633896,3.4118044,11.991201,3.3878357,-3.323959,3.2373438,-8.938701,2.9867601,1.6258633,2.9488282,1518.29679880553,96.5152440339785,1776.5272500774097,50.53966862302307,0.0003190968,0.00035227294,3364.4505759679523,0.009881586,0.0011461366,0.07566886600928074,0.00761088304067913
-365.74323,3.243338,187.33798,4.185326,-48.55054,3.8576844,62.449474,3.6354575,-30.079535,3.51571,31.628595,3.419797,-17.199379,3.1088943,13.415614,3.0803432,-6.3622622,3.0263004,3.3428853,2.8359585,1.2906678,2.8002331,-3.5618155,2.8746989,4.819626,2.9866562,1180.0279559865219,53.74106405220577,1446.9544197262353,44.70568990265641,0.00022157335,0.00076733605,2502.997548397622,0.010318891,0.00071649975,0.05344810397331787,0.006214143355365631
-341.57193,12.608651,171.23688,8.647898,-61.79765,7.060871,74.29763,4.707383,-42.847584,8.25521,35.261948,6.8875284,-25.909191,4.3315935,17.686512,4.2344294,-8.562578,4.7622056,9.106233,3.3302393,-2.6796649,3.2037022,-7.5319624,3.181944,8.862915,3.234285,1601.4192749863337,184.4437920022558,1688.3491219300722,136.33273175034466,0.00045047663,0.0005829679,3489.9526786361657,0.009674944,0.0009416701,0.08633514899941995,0.016038510403501703
-333.21393,8.787568,138.10231,5.293841,-81.347916,5.802459,72.72087,4.7710824,-53.916138,3.9793067,40.52844,4.13456,-27.55251,4.0141387,29.433344,3.764468,-18.000559,3.928144,3.3438685,3.5059114,-4.0746446,3.6759603,-2.716107,3.6876776,17.217916,4.028082,2293.0343640562196,100.90277169678681,1887.896690539056,55.06571472941192,0.0010656185,0.0023653929,4436.239531975058,0.008019375,0.001044407,0.15865515334976799,0.014304212876905507
-351.5305,22.338743,174.5287,20.920607,-55.1589,7.7246604,66.77922,9.499642,-40.16343,9.136731,35.47466,8.412997,-27.970676,9.11648,16.536064,5.0425987,-7.4359336,3.5626564,6.901508,5.514624,-1.3796012,5.1648054,-5.117592,4.252207,7.4529176,5.092789,1541.866253517276,442.713061436608,1646.5618253628693,282.33429690666156,0.00043538594,0.0005952621,3269.574583544809,0.009503046,0.0012965247,0.08742726761890951,0.036279446965524896
-368.71033,3.3510478,187.24586,3.0347462,-46.242615,3.0253086,62.87141,3.1012797,-28.626572,3.0928457,30.829689,3.0486155,-17.330753,3.1201315,12.715429,3.116459,-6.4381037,2.8646734,3.6207187,2.849514,1.4027238,2.9665632,-3.5938692,2.9306707,5.2995043,2.8269942,1152.2415180281403,52.965312830439416,1436.6951028609528,32.06059254535402,0.00017334994,0.00014817464,2451.0630596541473,0.010349143,0.0007362521,0.05120382286832947,0.006320985487733945
-332.36844,9.345322,164.37508,5.9088573,-65.85641,5.417879,67.2338,4.723938,-50.17549,4.5607953,32.039867,3.7725282,-28.400724,5.1127048,20.323982,3.5720973,-15.113304,3.3589277,1.459267,3.639457,-2.5297823,3.7192793,-5.8208575,3.9654384,6.591101,3.416195,1758.9244915582126,105.63304302375015,1741.887122829806,55.56836467906938,0.0006083904,0.0011173735,3687.2737592444896,0.00927418,0.00094886636,0.10090654908642692,0.012278020513870816
-369.10043,3.6081533,195.16022,2.8511236,-48.267426,2.9204848,60.27846,3.0341444,-31.852596,3.1803799,27.792881,2.7291627,-18.975422,2.9163365,12.215005,2.7653575,-6.752697,2.796376,3.5696414,3.1351764,0.21872604,2.8785863,-4.152417,2.8078945,4.588707,2.8340268,1114.9645681852278,45.72160092193133,1368.7192220229965,28.078693190627774,0.00015644383,6.263477e-05,2274.2759616081785,0.010356239,0.0006582315,0.05256557243329466,0.005008835473717358
-368.67938,3.5673692,169.40636,3.1748996,-38.374775,3.2033935,49.060226,3.2571983,-41.460773,3.2426102,33.01855,3.4085207,-27.668678,2.9716349,23.049585,3.3611462,-6.3089213,3.0755358,8.878623,3.1553638,-5.7504935,3.3371625,-5.0252666,3.1050565,9.245888,3.1062655,1430.414373152061,57.26043902382682,1706.4722044211194,43.2041179581509,0.00028160974,0.00041087973,2980.35019168721,0.0094761625,0.0009793739,0.07201865211716937,0.006619849356981621
-376.29355,4.816247,182.58842,4.1744947,-39.492188,3.7333038,53.900513,3.5358796,-28.237959,3.7473083,34.297733,3.4458485,-9.9811125,3.4057803,15.549897,3.3839464,-7.435536,3.2091184,1.3858436,3.147708,-0.42004722,3.3794296,0.30240685,3.6333737,8.429978,3.049258,1140.5699776541962,68.72605586703433,1453.7955877186748,50.01438236194151,0.0001703638,0.00019845695,2344.0215568808003,0.010053633,0.0010423076,0.05074046548723898,0.008480695526395193
-369.89374,3.4213355,189.66986,3.2316058,-47.321636,2.96879,64.65846,3.0747323,-30.627592,2.9940686,30.979774,2.8424094,-18.14644,2.7858498,12.781181,3.0493748,-6.936879,3.12735,5.127414,2.7521527,1.0137571,2.6585917,-4.3678126,2.7038538,5.267519,2.8248522,1141.9042740102234,51.93687149552364,1428.1687589588323,31.962475350629386,0.00017429408,0.00020707908,2427.306590777262,0.010322657,0.00072804716,0.05157768090197216,0.005760465862335714
-368.8428,3.4612098,168.00235,3.9329188,-36.78027,3.4567254,47.835663,3.5040917,-39.87203,3.7718074,30.994263,3.3878157,-25.415436,3.0886047,21.209755,2.9839513,-6.1169453,2.8940053,7.3989015,2.9193163,-5.788001,2.9498274,-7.601672,3.0061004,5.0447645,2.9346125,1401.279634959273,61.38872298883314,1678.602088860485,52.718125683973355,0.0002806875,0.00081164134,2909.2306681409514,0.0096840635,0.00091031415,0.06863580336426914,0.006934751505442256
-335.59903,21.172112,144.85216,11.688769,-82.84866,10.502008,77.46406,9.299767,-51.1333,4.573338,37.026333,3.8460052,-36.039207,4.2559195,25.20842,4.6376634,-18.219296,4.743854,7.925936,3.744188,2.750044,3.1500359,-3.2679532,3.6116905,9.009946,3.4344733,2202.4322604724443,298.84236560298905,1821.902501847644,73.86913198854778,0.0010782783,0.0016397027,4247.6116702617455,0.007796459,0.0009910719,0.1558557497099768,0.03549548354034785
-363.0127,3.3438826,187.11845,4.0091343,-49.106678,3.4052458,65.07717,3.5687888,-32.242004,3.374435,32.4119,3.3625557,-19.258001,2.9774802,13.983473,3.3175435,-7.927634,3.143839,3.884418,2.9467025,0.613106,3.0109117,-4.4991145,2.7573225,4.7447705,3.0047345,1201.976017949473,58.52979136761128,1470.3151216110828,37.447370753545655,0.00020875451,0.00032383364,2574.8664873658645,0.010495149,0.0007087627,0.05494806772041763,0.006237517731775399
-356.0252,4.715338,153.93997,3.8251758,-35.06008,3.484824,59.775593,4.3765087,-41.540874,3.3400018,31.768051,3.5728407,-26.328356,3.1715527,24.176855,3.4756067,-15.983286,3.8392296,3.0537763,3.2828486,1.2191845,3.492979,-4.0450954,3.4878373,6.768236,3.0558937,1646.4686650510837,92.19634779256076,1901.2229218643777,42.33965456288401,0.00036567694,0.0002685337,3792.8164311738688,0.009618016,0.001339882,0.0718849695475638,0.009851126468323625
-368.8633,3.288359,170.70854,3.8140805,-40.1494,3.490252,47.782837,3.584944,-42.690243,3.344707,29.828148,3.0267887,-29.362568,3.4298115,19.598698,3.1789072,-6.6392813,3.242905,8.474477,3.1174617,-4.7420936,2.9846904,-1.4374753,3.1048968,11.352363,2.8959234,1414.2852165377633,58.27323544298518,1662.5917566901169,44.911085859803094,0.00027714096,0.0006718249,2886.798166509571,0.009619151,0.0009589209,0.07056853610788863,0.005700575388321841
-391.18832,4.000245,183.48166,3.8860433,-26.05341,3.5872393,56.977108,3.5549743,-21.623539,3.0112014,25.008787,3.1629534,-12.985865,3.2710292,12.934704,3.1047277,-0.21505105,2.9360852,5.8283463,3.1669066,1.3518664,3.0289588,-2.7895713,3.1847167,5.2392545,3.2655535,996.3311291958632,66.59220482651371,1391.7600740331945,59.412523128564715,0.00014449249,0.00047840795,2058.9189498441124,0.010263354,0.0011750137,0.03911914515661253,0.0068773330440748785
-347.00116,13.231658,172.88467,5.3751297,-49.632984,6.587712,63.521645,4.2220616,-36.40523,4.4421988,36.165672,3.745312,-23.868252,3.7874005,20.197216,3.6849778,-9.242282,3.334813,7.2964687,3.1103144,-1.4940146,3.2580817,-5.8025103,3.192134,7.2625947,3.4253933,1431.9458647534163,94.29738931520103,1668.5402885405917,60.77037390287908,0.00036306595,0.0007877502,3109.2246637543503,0.010179602,0.0014510764,0.06764111441415313,0.01024268943073343
-362.00702,3.2298357,183.60985,4.1120644,-47.56712,3.703813,61.78772,3.7277613,-29.79733,3.2845047,31.943718,3.1273046,-16.12552,3.2351673,13.702937,2.914083,-5.9628253,2.97143,3.9864771,3.0544498,1.437923,3.15521,-4.0268064,3.1540244,4.540532,2.9214127,1203.6901196622068,55.219663383841976,1475.003049623189,43.81988282080305,0.00023270967,0.00070653437,2582.260719529437,0.010309907,0.0007276875,0.05457307678364269,0.006792967859220771
-376.43518,5.504071,180.61201,5.206614,-36.994297,3.8107965,56.310066,3.9014122,-26.94605,4.176372,30.54403,4.0164413,-16.069582,3.6342432,12.62499,3.726748,-7.005422,3.1793604,6.905174,3.242207,1.349732,3.0831218,-1.9911988,3.4769638,6.355859,3.67376,1150.543905808135,90.83089161867247,1487.2759157141097,98.58604546253908,0.0001971415,0.0005737315,2420.6367935216067,0.009994599,0.0008650162,0.052403567285382834,0.019404579615425303
-337.4333,15.07135,162.45033,8.036996,-71.32092,7.9955225,69.52697,5.128913,-38.42107,4.5678167,30.739958,4.4576254,-28.350481,4.1005816,21.947496,4.224689,-13.6329155,4.0984597,8.567625,3.5638638,3.5455308,3.946554,-3.1389184,3.3974965,6.068491,3.3333886,1741.306312591236,137.45853666556437,1680.8016857589673,80.72711458189889,0.000554447,0.0009186324,3441.565422890081,0.009036969,0.0014003011,0.10818092009860789,0.01657732848598885
-367.04236,3.6401973,162.98627,3.773695,-32.336964,3.3110688,53.055363,3.3707802,-39.3986,3.014908,34.9177,3.5614278,-27.674513,3.2477612,19.95346,3.1094892,-7.965558,2.9782763,12.707373,3.0681708,1.0557339,3.1125677,-4.1212482,2.9778633,0.8320607,3.2851486,1470.5982645263916,69.24126737143858,1801.1675467230073,49.525227444375375,0.0002919218,0.0005824922,3324.43179243402,0.009864919,0.0010984684,0.06332815218967518,0.006284429651604134
-359.4041,3.6573489,180.45123,3.083408,-41.97201,3.1180615,58.654663,3.0902333,-26.481598,3.068505,27.935638,2.958339,-15.641827,2.8818102,10.707584,3.0739331,-5.488793,2.942497,2.9763467,3.1016645,1.8096284,3.0681078,-3.6399498,2.9400501,4.636931,2.8485546,1190.7393803282803,58.64448511529931,1465.118851623782,32.774554933180944,0.00018372854,0.00011296582,2542.8164878190255,0.010614918,0.0010747521,0.053548932352088165,0.007272395970926174
-355.35956,5.18334,172.73589,4.0897937,-49.78908,3.224382,62.322613,3.2149334,-35.76751,3.313129,44.13505,3.3179688,-19.091227,3.1864145,22.745657,3.1662714,-12.538175,3.2085438,5.1411743,3.3032353,0.012639535,3.0158901,-0.5957935,2.7972474,9.630653,3.0022335,1420.1600711918734,84.84912493899492,1689.2526822974648,60.746565702052514,0.00029782465,0.00014671724,3120.31601199971,0.009887549,0.0007714432,0.06510454430104408,0.00824236073004485
-367.51733,3.5074835,186.76704,3.3604965,-46.45847,3.043715,61.817196,3.1486652,-28.506397,3.274795,30.769512,2.8842163,-16.565958,2.8635433,12.002907,2.6930752,-6.666218,2.8937104,3.554486,2.843835,1.660668,3.0349953,-3.5949829,2.8806005,4.7708883,3.02045,1160.0815251941667,54.30747474652755,1435.6909172594198,31.321485185031587,0.00017844852,0.00017693112,2461.704758646317,0.010326727,0.00074578647,0.05277515951276102,0.005985330857982144
-360.94543,4.5658116,162.77394,4.1449,-39.010494,3.529173,52.57503,4.122812,-41.691616,3.8853812,26.15756,3.2116518,-26.841125,3.341093,21.93582,3.0429397,-6.7515984,3.2759638,7.2239203,3.1725678,0.32531986,3.077113,-10.588844,3.1445084,-1.8188983,2.9536388,1510.7205703579577,67.28487832856894,1725.7414620967481,48.541366243381425,0.00034840274,0.0009078319,3210.5456288065543,0.00963676,0.0012403989,0.07586485825116009,0.006979942248450708
-328.48914,16.86276,140.8321,9.26772,-71.555855,9.015997,58.130375,7.487109,-49.762424,6.684218,36.185585,5.569619,-30.602308,4.7459188,17.850534,3.8803658,-16.15859,3.7500658,5.214102,5.036791,-1.511222,3.6887963,-5.3510675,4.1584563,8.437578,3.4703693,2134.087101450715,190.06037898639292,1873.4626073269203,122.78014709567624,0.0010930985,0.0028601692,4323.827218677494,0.008124217,0.0023000154,0.14099999093677495,0.021511146305992792
-353.3582,20.226345,153.84335,15.575752,-37.775352,4.572404,50.858585,4.7613244,-32.767067,3.7641234,21.093138,3.4426174,-21.03291,3.7741888,10.398717,3.4573305,-8.011207,3.5382633,2.5137625,3.443016,-0.5788112,3.0452278,-5.6342793,3.1111658,3.7774699,3.0730505,1574.230768273263,209.79123887448293,1711.9312909496716,152.83246833537643,0.0005875105,0.0013965893,3405.443599550464,0.008639169,0.0054692174,0.08130845780162413,0.015248365419280489
-327.28677,4.6737423,140.40286,4.9224644,-90.612236,4.718544,79.369965,4.160488,-51.651234,3.6098044,40.124702,3.5553727,-33.55426,3.741631,26.406815,3.4614346,-13.344688,3.6403441,9.400965,3.1178803,-3.0203085,3.4067333,-6.9274907,3.53878,11.4695,3.320122,2320.2094334177496,88.02351572231937,1823.6586808504212,45.58179459372257,0.0012626894,0.0019111965,4352.429907283207,0.007779256,0.0004527572,0.16999098209106728,0.013554119832415558
-388.0969,7.6552005,176.62627,4.4145045,-29.290264,3.462712,56.725857,3.5926023,-21.073847,3.592991,25.104591,3.6354396,-12.954597,3.1347935,13.609434,3.5005882,0.9924256,2.875515,5.7139435,3.119043,2.6857502,2.9115088,-0.8119229,3.0774913,7.7087216,3.2699778,1069.0029894210988,75.20222408836973,1453.0806206137709,53.83403586565201,0.00012743713,0.00017392784,2294.7599831424013,0.010801161,0.0018068346,0.0361350783062645,0.008205301190866184
-369.5162,3.399193,186.81511,3.7104309,-47.693707,2.91989,63.19449,3.1000762,-28.796055,3.364088,31.816288,2.9578595,-16.527388,2.950439,14.638543,3.0021465,-4.5463414,2.8636856,4.4391584,3.084247,0.4063096,2.849018,-4.5061574,3.1002192,4.5361476,2.9829745,1159.8005981920014,52.417107761894144,1443.9127857455965,34.2041666191625,0.00019164341,0.00041314607,2471.2223345055104,0.010385688,0.0007744182,0.05046290421983759,0.006063052223503236
-370.18845,3.732293,183.70972,3.4180603,-50.84271,2.8878808,56.376793,3.1720655,-36.162907,3.0266595,40.06787,3.1754472,-11.869383,3.0990598,18.988289,3.214274,-10.999682,3.0322514,2.664907,3.2060044,0.38498378,3.0041897,1.6137395,2.9313438,9.279314,3.3001237,1254.302477991415,58.720662905105144,1501.2380036253303,42.41775777027248,0.00020636909,0.000167069,2583.259940092082,0.0098019065,0.00073205034,0.06401582439095127,0.008983172491363392
-363.64297,3.5253506,185.76308,4.160531,-50.35826,3.1121778,64.16341,3.8130186,-30.979755,3.2277586,33.772854,3.2518885,-17.952772,3.09877,15.160614,3.1112013,-5.6539903,2.9039185,4.978711,3.0985212,1.039725,2.9151251,-5.3441286,2.8181658,4.1307144,2.9410102,1214.766316392266,58.62085096316274,1478.537745210775,38.225748575009064,0.0002538086,0.0008846313,2602.9196046621228,0.010224321,0.00077298546,0.055877048288863106,0.006316687104228464
-361.76425,4.1424847,166.68935,3.412463,-34.91409,3.7302017,50.99661,4.1412306,-41.45369,3.7919683,33.539997,3.2146225,-25.998785,3.2454338,22.290413,3.3368607,-6.043921,3.1434612,10.689229,3.256499,-2.8745553,3.0610816,-7.2146654,3.1395502,2.509886,3.0674276,1452.1056514404506,61.38770091098215,1751.828210868927,43.2814093113842,0.00030678007,0.0005333514,3173.949175699681,0.009744673,0.0011526042,0.07140688442575406,0.00693614888816044
-368.0035,3.1684613,191.84988,3.417855,-50.195087,3.5619016,60.28598,3.2465544,-28.190437,3.0125992,30.922787,3.0639188,-15.891878,3.2549932,12.750548,3.0009806,-6.6108103,3.0168335,3.1541147,2.9645,0.015722854,3.0131094,-4.940141,2.9788811,3.3917735,2.8364422,1135.526980035997,54.98858506435287,1387.577956062372,32.50344187148055,0.00017723901,0.00024457215,2347.793614504785,0.010310785,0.00073901867,0.053758519431554526,0.0061196340059650614
-365.03333,3.4162629,187.24104,4.229086,-46.886013,3.6011734,62.518085,3.7491999,-30.392284,3.4090197,30.954275,3.2084556,-17.454145,2.9694116,13.103745,3.160312,-6.288209,2.989102,4.1503053,3.0678716,1.1994358,2.8455336,-4.5393186,3.0019271,4.629933,2.9413097,1168.8942946873617,55.62437225303669,1446.0268276170536,43.443971343480044,0.00022369405,0.0007410823,2486.5353896280453,0.010348304,0.0007043308,0.05417316197795824,0.006024701526267539
-334.80258,20.503256,153.31688,12.240076,-59.43738,5.012901,72.94882,6.1652594,-43.467308,9.047373,39.872654,6.4318647,-33.900543,6.2954726,22.608963,4.007641,-10.84527,5.671513,7.8668294,3.3826942,-5.3920035,3.6369064,-7.2523823,3.1531055,10.852597,3.5188386,1933.4326308039156,339.0727313070451,1906.1031616517573,178.40200069324024,0.0007600936,0.0010531481,4167.524142165748,0.009020159,0.0015504075,0.10999469801334107,0.029014943466861433
-358.6609,4.17789,158.45131,3.716351,-28.921762,3.322719,52.42165,3.5248692,-38.109833,3.318837,30.893547,3.2368703,-28.656385,3.3398678,15.805666,3.192977,-12.609803,3.2514422,6.8361635,3.1222987,-0.23426387,2.975068,1.1565866,2.9868047,10.23054,3.1524324,1511.0943449385927,78.17395215162546,1828.102781328289,52.99888960733769,0.00033300582,0.0010358378,3466.895664153132,0.010711856,0.0021245445,0.06374052892981438,0.00724249741093485
-375.06918,3.6412244,174.64655,3.3434248,-43.524387,3.3532896,49.80872,3.7105045,-44.148865,3.072419,32.325096,3.4636889,-29.12577,3.401084,22.201221,3.3783786,-10.412807,3.249911,5.74311,3.0770404,-2.7655869,2.93727,2.5653017,3.19354,14.239688,3.284838,1407.415953441484,58.44723436247548,1657.178926802687,40.74350304739938,0.00026044404,0.0002382766,2854.923030561195,0.0089924615,0.0007464718,0.0697279219837587,0.006267023320487163
-385.47913,4.512389,183.9826,3.9933982,-32.295395,3.3405972,60.68398,3.32769,-25.769974,3.466982,29.197578,3.7393904,-16.799355,3.2319853,12.919995,3.315444,-4.0088634,2.9883964,8.353689,3.0774696,1.7148234,3.21922,-2.0303855,3.2839053,6.351132,3.6148016,1069.7481968573388,73.50495218151778,1449.1401056318825,75.79680499930792,0.00014978216,0.00020716207,2253.8918621302205,0.01002715,0.00083562604,0.044910545968677495,0.011219645984424551
-363.76065,3.639044,163.94171,3.4939828,-30.075827,3.2605746,51.5695,3.1813853,-39.11535,3.0811896,32.850792,3.355288,-28.013138,3.0987139,18.71629,2.9997852,-9.176414,3.2570155,10.915504,3.033165,1.7026323,3.0589669,-2.1930532,2.868275,3.3640273,2.9971013,1447.8086937035748,67.03673435258494,1784.0586382116292,47.44493975067338,0.00029610703,0.0004937596,3229.6557220671402,0.00980928,0.0011353423,0.06638699064675174,0.006307061297757892
-367.7878,3.3201268,166.00658,3.7261255,-36.43387,3.517307,47.171124,3.6262724,-40.50172,3.3770738,32.017654,3.065725,-24.358406,3.3055546,23.628971,3.3211174,-4.2155485,3.3235636,9.360221,3.0244997,-4.1800427,3.1052775,-6.1433125,3.251601,4.9703746,3.1810672,1438.2504501506317,61.51204480758297,1716.9805907124028,50.74613999886904,0.0003073285,0.0009339231,3034.5079461825694,0.009589977,0.0011690079,0.072270156612529,0.006026546335954926
-362.9372,3.2869225,185.92612,3.8675668,-50.634186,3.9664657,64.227806,3.6053305,-32.18284,3.5476463,33.17248,3.3211045,-17.919704,3.185679,14.255605,3.035163,-7.233235,3.1465743,3.681596,3.1350453,0.5748444,3.0698452,-4.160515,2.838371,5.2067094,2.802391,1222.6723796387932,51.92375072740196,1478.2321616681925,35.11647446503603,0.0002248765,0.0004007271,2618.8072116081785,0.0102241915,0.0007350648,0.056107027624709975,0.006715035014434334
-371.74216,6.4783797,180.00261,4.6970086,-39.247,5.518791,50.19508,3.8934443,-27.909899,3.7847414,29.863693,3.333692,-10.310794,3.8753297,13.2508335,3.3799455,-6.4039145,3.2655187,1.3860646,3.1764553,-0.6490775,3.0880318,-1.5231036,3.2504148,5.777559,3.382635,1173.7047622535522,92.87743034077086,1453.1700435167888,57.20876550349034,0.00020146529,0.0003911393,2401.701563859484,0.009902446,0.0015137407,0.053213593024941996,0.011248060569863686
-373.23257,3.124799,168.84473,2.9749603,-37.159443,2.9290595,49.249977,3.2238057,-42.013985,3.229062,30.61223,3.2710025,-25.119465,3.155788,19.569202,3.1954823,-8.8459,3.166622,7.8728824,3.1323652,-5.0745144,2.905527,-7.669273,3.1853988,2.209227,3.2898967,1400.698395879796,51.9046931967699,1679.3020107554037,41.4743855718599,0.0002423696,0.00030884842,2957.9676510839618,0.00959205,0.00083702744,0.06587038681844548,0.006155685230175385
-348.54285,13.52193,166.49828,15.039077,-47.864014,7.328177,66.25327,4.213804,-36.902893,8.010792,37.76932,6.419238,-22.10746,6.088102,20.753918,5.129148,-9.495814,5.357215,7.673849,3.2092483,-0.7900927,4.165471,-2.7256608,3.2246292,5.632016,3.1445112,1557.7648656359595,326.7698346507373,1761.512970919271,249.16260741490828,0.00046435365,0.0013507481,3503.1423900630803,0.01011374,0.0015928568,0.07372933584686775,0.021644559937719347
-363.01617,3.3907998,186.18254,4.0781717,-48.669575,3.7163591,62.64351,3.6340084,-31.61111,3.7203376,30.946201,3.2804184,-18.718002,3.011767,11.897207,3.0053492,-7.5680184,2.9019866,4.85738,2.892221,1.8176966,3.0111978,-4.3620415,2.9212213,5.3011317,3.0717363,1197.8958349234247,56.11279289048516,1459.796469082701,40.947444094652475,0.00022313074,0.00062416063,2554.90705662703,0.010427198,0.00073669513,0.05603338892111369,0.006109026747748134
-386.56244,3.6428552,184.7755,3.8010445,-32.555557,3.4644485,63.40374,3.5962303,-26.314753,3.5016701,30.3515,3.3485672,-17.632467,3.3024487,13.168211,3.0267596,-3.666989,3.0349667,9.866612,2.9684076,0.76335275,2.8063242,-4.268852,3.3258045,4.443017,3.0524406,1069.2051466318344,77.87698155272797,1453.2388149091307,74.8771639521804,0.00014737017,0.00018933843,2262.709983595563,0.010061836,0.0008633884,0.04484483758700696,0.011688766923833699
-353.47955,4.6242037,144.02556,3.7776554,-40.22054,3.2171102,72.83354,3.683239,-51.52409,3.1963978,42.498795,3.043252,-36.593575,3.3839622,22.140057,3.1293774,-7.7449484,3.038838,0.2909784,3.1929963,-5.5720687,3.1643395,1.7776793,3.136945,10.0450945,3.0796573,2025.9653872070635,109.4936579759815,2094.2911673267145,47.322198892137585,0.0005729232,0.0006532051,4697.3858260223315,0.008972212,0.0010023029,0.10000928980568445,0.013034484636524707
-362.73416,2.9152153,187.96222,3.0603428,-50.76993,3.080352,65.28527,3.484136,-33.650146,3.1999025,33.08859,3.0951645,-20.107847,2.870474,14.2640505,3.0707955,-8.027641,3.037714,4.4064193,2.9037104,1.2113513,2.6719298,-4.1369777,2.920197,5.072416,2.7828033,1211.7914872865383,52.891448906354626,1472.5287641997093,28.732080879900384,0.00020796218,0.00027329964,2591.20374356511,0.010434181,0.0007120867,0.05531399543213457,0.006081893998606096
-364.86145,4.2082777,167.76135,5.0157366,-37.50024,3.6832073,51.55437,4.50042,-42.40857,4.1088424,32.6299,3.3790643,-24.83785,3.6917343,20.945127,3.5546422,-6.751468,3.3516862,10.963502,3.2917762,-5.838396,3.472737,-7.4923167,3.1585495,2.2525158,3.2181587,1438.367625100254,88.78622622752991,1719.1826382865638,72.05002527626765,0.00031611213,0.00092704693,3130.4331201964906,0.009775549,0.00093550637,0.0692373749274942,0.006939279809505046
-327.9629,5.5011954,150.19313,5.734241,-89.10407,3.9638906,77.13321,3.8400934,-57.317776,4.2676234,44.352543,4.182819,-34.563168,3.3947887,24.216208,3.4560263,-14.162873,3.4199562,10.006936,3.1124506,-2.157273,3.1332133,-6.968541,3.3840735,9.676066,3.0169792,2212.015882782469,127.36108376527098,1838.6089473181983,67.98844437612405,0.0010936458,0.0014087097,4304.442339762181,0.008056339,0.00046080985,0.15642559998549885,0.016888526738384774
-369.53214,3.5699387,168.98817,3.4990265,-36.062206,2.9118805,50.707783,3.203972,-41.225395,3.3304994,31.479132,3.2039034,-27.107533,2.9436405,20.122938,2.9239595,-7.489302,3.1226847,7.971435,3.0889633,-6.385885,3.0153031,-7.9821305,2.9384503,4.0335417,2.8284266,1401.6852150979596,59.31555108466457,1694.5267612195364,45.489678812406254,0.00024429846,0.00027306483,2968.6343305901974,0.009828077,0.0010485818,0.06698742930684455,0.005695279714089432
-345.04434,22.066105,152.53914,11.054765,-65.13294,11.405768,50.527607,6.0861464,-39.58736,5.2679877,30.240828,6.9843087,-19.487759,3.7923281,11.149943,6.0218225,-14.574617,4.8862133,0.0665616,4.6005707,5.0616207,4.5359335,5.1057816,4.3913574,13.585919,6.303165,1759.074845483893,219.21040769474553,1647.3698475667672,102.79832582271466,0.0005825777,0.0018027312,3510.2368560578598,0.008744351,0.0016933501,0.10616888413573086,0.019103046612479142
-370.32748,3.451518,173.81305,3.7460349,-42.667866,3.4247591,48.88099,3.5295897,-42.737934,3.5372806,31.865126,3.2845023,-29.115189,3.1872349,23.078585,3.4789915,-9.895129,3.1241221,5.9126287,3.0045376,-4.175945,3.1275868,0.06390682,3.2867286,13.76462,3.101875,1408.3726067781163,59.40665949081148,1665.2124301512356,44.94948717713921,0.00027891566,0.00049870583,2840.0846052059164,0.009330581,0.0008645872,0.07040539805684455,0.006384300075288524
-348.01776,22.52724,153.53314,16.453983,-50.36311,5.3298097,71.554436,11.129544,-43.28222,8.532036,46.38565,6.973777,-23.868156,5.772371,26.350456,5.2264957,-12.906752,3.743693,7.2853513,3.124682,1.359816,2.8400674,-2.02981,3.6298897,12.623376,3.5917509,1858.1467563300923,432.49509263564534,1929.6746670651557,225.7564907990455,0.000657358,0.0011551405,4126.231352414443,0.008937115,0.00090502796,0.09818984737529002,0.03610396008145295
-337.7839,13.123938,169.0518,4.738847,-57.077255,8.658077,60.61241,4.2423134,-42.10296,3.1989856,36.494396,3.5723171,-28.047678,3.8148441,16.218447,3.2952232,-15.161897,3.2669592,5.10307,3.0140936,-3.657533,3.1660452,-8.209155,3.0902057,6.45679,3.3052711,1572.1367633734635,68.62130483639251,1705.9258072558523,67.6979072729725,0.00044009995,0.0006361827,3367.6980427965486,0.009902022,0.0013112396,0.08207203451276102,0.00927978790622793
-389.476,6.9517894,180.9488,5.865715,-31.446333,4.721371,55.043312,4.153497,-20.975986,3.9657679,26.857649,4.3464885,-12.2292795,4.2973003,13.65271,3.8556435,0.6635715,4.0211377,7.3999543,3.3655126,3.0574138,3.6657336,-1.7938603,3.505113,4.2882795,3.8777153,1055.6536301818364,104.48153717715414,1413.3227904208798,75.42171167956181,0.00014902776,0.00026537268,2190.2664928037993,0.010063196,0.0022249548,0.04429991118039443,0.01192143183898533
-357.01694,3.9327505,164.23845,3.3953116,-45.06549,2.894571,56.78949,3.6469836,-45.768883,3.3368504,33.838997,3.3037424,-25.051445,3.0816116,26.966675,3.1126425,-10.700909,3.3132956,7.8870087,2.839159,-3.97201,2.948578,-9.157336,2.9958656,6.034608,3.0876064,1584.9832792174575,65.77332861034043,1794.6865262375343,42.37790563735867,0.00038395228,0.00041693982,3467.595118546984,0.009184805,0.00084619306,0.07883079865139211,0.007015982844659475
-349.41913,31.172762,174.91847,6.643861,-64.09703,13.1085205,60.971966,6.217902,-44.1399,4.5710707,31.3743,4.756206,-25.300188,5.293391,16.153845,3.2007167,-8.585384,4.0530944,6.3722296,3.346058,-3.4377322,3.2868,-7.299379,3.1024475,7.220327,3.0549195,1535.9335774245635,86.9620719075296,1599.483046450662,82.54740506516256,0.0004297181,0.0005939992,3199.279416962732,0.009116505,0.0029295704,0.0859261709686775,0.012705891324479052
-361.58548,4.892988,167.60582,5.309321,-41.93571,4.4081564,68.72956,4.207124,-32.958305,3.9939463,40.329384,3.618147,-24.465462,3.2051935,23.06391,3.3367982,-8.87998,3.04085,8.590997,2.8859975,0.26199573,3.1510985,-5.766691,3.010611,4.7740226,2.9212863,1422.9234932457623,97.93865873668842,1752.747646962026,75.1644250078142,0.00033711607,0.000891584,3242.195940128335,0.010098814,0.00076613214,0.058981202871229696,0.007798206035709753
-383.2286,9.178289,169.38803,6.6257024,-20.438377,4.0342917,44.056137,3.4838345,-15.635953,3.489338,18.876402,3.8696601,-6.9668145,3.569762,7.4291234,3.7882407,1.8019859,3.5738842,4.305487,3.820461,0.7922292,4.1793284,-3.9302626,3.7387328,2.417493,3.9486196,1092.5850226435664,101.44280435981014,1432.2987563609342,84.40106151300904,0.00015447743,0.000115220995,2245.373506833672,0.009802036,0.003648713,0.046826285165313224,0.01300097442273995
-366.17596,3.564773,171.56735,3.8645904,-44.448963,3.6506822,50.089996,3.7389216,-43.14785,3.3597846,36.876667,3.3266878,-27.820736,3.4911861,23.339241,3.2399194,-12.583991,3.185004,3.680215,3.000732,-1.0933865,2.8625243,4.4351206,2.9359274,13.819177,3.024969,1469.4441407255367,64.44652560103957,1710.6248863775934,44.174222743927565,0.000343465,0.0007729651,3032.584446599478,0.009023208,0.0008132747,0.07591923760150812,0.007765969742576769
-389.90936,5.500336,178.4919,6.0272512,-30.830595,3.9346669,55.02129,4.0938,-19.938313,3.9369447,27.576086,3.777552,-12.261555,4.1738114,13.524251,3.9010816,1.4800082,3.6233892,8.980228,3.423856,3.3238802,3.4559367,-2.6609867,3.4243007,3.7808578,3.7690306,1065.796875593483,102.8043532425779,1433.681712434203,80.15144642365586,0.00015395279,0.00032319495,2225.538978665168,0.010021039,0.002182127,0.04328029836136891,0.010862618122402301
-369.32825,4.0713253,177.80981,4.248828,-43.114384,3.420707,57.27674,3.6311157,-32.582916,3.7193975,40.479595,3.419884,-13.671136,3.659816,21.236174,3.4661472,-9.479147,3.1958303,4.5529866,3.1223478,0.4726503,3.0997193,1.0883482,3.02312,9.777128,2.9096146,1253.0316605552266,67.61691878256468,1579.0727357264966,56.305793714778176,0.00024470492,0.0005565768,2670.89158343605,0.009990612,0.00083238963,0.05408932714617169,0.006439376159181248
-351.49753,3.69719,155.10086,3.7377567,-35.292892,3.2714067,51.17048,3.6499655,-40.866444,3.3793807,26.114462,3.259332,-28.58876,2.8556492,23.079317,3.3739069,-6.027545,3.3090253,5.7818027,3.4960012,4.200077,3.2500582,-7.72236,3.2993221,-2.1233215,3.3733695,1613.408400436403,74.56330125076593,1818.2101046165858,46.00868883350231,0.0003894245,0.0006075768,3571.5390375761312,0.009647506,0.0015453114,0.08130505909222738,0.007139828063779888
-394.03284,3.6338122,186.40233,3.515327,-28.3936,3.175308,59.37026,3.3955154,-24.124868,3.0347958,27.205912,2.962403,-13.342189,3.002634,15.289371,3.0036044,-0.36772457,2.757019,5.6881275,2.976077,-0.45365965,2.9441,-4.7069716,3.0545642,3.367662,3.2478693,995.9858064148688,58.23976465752034,1388.9260445546954,42.96678466370519,0.00012907038,0.0002630083,2056.046190726508,0.010181958,0.0011017415,0.03857761745939675,0.005724275565773089
-350.7216,4.488346,157.31575,3.879446,-46.05455,3.1158564,60.370304,3.4563448,-48.825886,3.1275318,32.95716,3.2702951,-29.949995,3.1362295,29.201017,3.5243416,-8.6689205,2.8181322,-0.40584257,2.684195,-4.277683,3.1917195,-4.4080877,3.1391146,6.4549975,3.0432358,1734.704031820558,77.56235887395981,1880.2074080204636,43.67528567807197,0.00047627714,0.0005968081,3978.8962804524363,0.009053282,0.00094920665,0.08629436448665893,0.008980846901998333
-364.89835,3.5405865,164.4659,3.6501882,-32.996235,3.3938005,46.43997,3.3006227,-40.421314,3.2119956,30.323761,3.2332819,-24.582523,2.9338462,21.188951,3.1242113,-4.617925,2.9087977,10.449437,3.0858037,-2.441478,3.101886,-6.8199816,2.892576,1.3789309,2.8580317,1442.7126605099495,61.219849455712776,1729.6206074749566,47.25621928319283,0.00031839183,0.0009686764,3092.038070076856,0.009714114,0.0011642518,0.07054247933584687,0.006153594647795933
-369.16934,3.6383073,174.59557,4.2824507,-47.15473,3.7207875,48.985844,3.75998,-43.88499,3.3492057,33.473576,3.798492,-29.036098,3.3648982,21.973572,3.2565606,-12.643788,3.2018266,5.338151,3.0412297,0.19491984,3.1833377,5.405095,3.0839102,14.553776,3.4272323,1432.9370674501242,61.18529239744676,1647.9636899361835,47.30553548990818,0.00031242438,0.00082120934,2843.756740773637,0.0094533665,0.0008847425,0.07697510332076567,0.006750627071722125
-372.1935,3.3630311,193.5713,3.4818177,-47.04162,3.1551964,59.956326,3.4704547,-28.589647,3.3223386,29.012783,3.1848469,-17.242035,2.9965773,11.711946,2.8669162,-5.992116,2.8398776,4.070917,2.8988926,0.78185964,2.7724872,-5.1201653,3.0834668,2.0946343,2.7673595,1099.489163161967,48.873275045937575,1367.7411163208412,31.025366583477698,0.00017118033,0.0003090202,2253.2923297926336,0.010284669,0.000752464,0.05117210158062645,0.005382916481251427
-370.46753,3.9857118,172.36076,4.185658,-47.736248,4.118967,51.168087,4.1126957,-45.1509,3.5969977,36.182407,3.4039094,-28.06448,3.4315677,22.831293,3.3227606,-13.771606,3.321159,3.02631,3.172115,-2.1080139,3.0803828,3.2269948,3.3256128,13.351498,3.2236125,1487.8455911958088,63.32991896071803,1695.9072283690832,47.37366851636694,0.00036645573,0.0009840877,3060.93733006453,0.008629924,0.0007285156,0.07921938442575406,0.007119780728156638
-382.7112,3.2408454,181.69986,4.1637945,-37.328754,3.936068,56.34999,3.784364,-26.676199,3.2998917,33.73657,3.2526898,-9.957247,3.2037017,16.199842,3.083397,-4.2732315,2.9154825,4.437266,3.0880578,0.8197194,3.0198228,-1.2293676,3.1168425,5.7017627,3.1596642,1112.581888926986,62.13545989811902,1460.5823077092643,51.710632733684854,0.0001920351,0.0006819607,2341.598447016386,0.010091198,0.0010578961,0.04334147513051044,0.006390425696866735
-363.26974,3.220049,185.04095,3.9079149,-49.609264,3.7355058,64.46823,3.4017966,-30.544546,3.2271771,33.14853,3.2073944,-18.316116,3.1481225,13.848332,3.2558346,-6.7050033,3.0295737,3.854815,3.0008192,0.7551217,2.9771626,-4.650354,3.3116317,3.9323974,2.9608727,1215.7971177851782,53.43272534787274,1478.7038361620175,38.055163266547545,0.00022599849,0.00054488453,2607.890726961282,0.010331448,0.0006638208,0.05475094257540603,0.006613285912513385
-335.8954,23.94582,163.2443,7.532648,-86.71938,9.834493,65.24243,6.2814813,-52.428318,5.807359,30.54213,5.3882623,-34.7784,4.338911,19.01325,4.7343254,-14.549662,3.428657,4.7605724,3.8838787,-1.0991664,3.66393,-4.6809936,3.350035,6.14152,3.6231318,1879.4572988338255,161.21754569140458,1654.9510088458578,60.53681692551793,0.0007696549,0.0019241926,3638.1870491045534,0.0084551005,0.0015341233,0.12415712006960557,0.019076181687877697
-344.22528,7.0529075,134.33548,5.4200335,-69.77274,4.8125367,73.126045,4.575223,-55.189938,3.8411434,35.34878,3.8475451,-35.77961,4.1309757,27.168444,3.7981796,-17.679268,4.090642,6.218073,4.139515,-0.47208095,3.7432387,-2.476159,3.8302546,12.265859,4.020637,2243.173548848805,151.97665612458036,1953.5548727772546,49.56691793834828,0.0006456397,0.0006185458,4547.802507794374,0.0076907976,0.0006968863,0.1613254060324826,0.02045050661898862
-359.31247,3.7033677,161.23335,4.091597,-33.47155,3.1919904,49.24409,3.6265333,-40.297638,3.1020489,31.6353,3.552255,-26.173595,3.1469615,21.503159,3.196982,-4.7971606,3.211101,12.529766,3.2300045,-1.6237938,3.1256902,-8.400797,3.3832312,-0.14165287,3.532128,1511.8815771222855,77.38892312933557,1790.43018472156,52.7831223911212,0.0003252037,0.0005223966,3362.2772712441997,0.009759508,0.0011537113,0.0731549539588167,0.006428288041789171
-362.88574,3.4127865,166.88931,3.3769143,-35.73397,3.1743445,50.642418,2.980679,-44.07846,3.15523,32.563766,2.9479744,-28.78923,3.2981608,23.50051,3.614289,-6.536639,3.2497919,10.529134,3.2482507,-3.069592,3.338616,-5.7653923,3.052018,4.167528,2.8589795,1482.2498446430232,68.08069289106483,1771.4585033652893,46.370043982546285,0.00029755288,0.00028381307,3228.4816379060326,0.009611958,0.0010190071,0.07268819786832946,0.0068639677310926035
-358.73688,11.049594,182.25426,4.152967,-44.191753,7.0096054,53.985153,3.7921746,-25.284128,3.4564183,24.364708,3.019083,-14.54385,3.0597975,9.133507,3.0203528,-4.1586723,3.1983762,3.2258875,3.0193024,1.611533,2.8917694,-4.4678416,2.886104,3.484263,2.9569035,1186.193575209851,69.56960484566754,1418.0140435763458,43.07542787930365,0.00020098254,0.00029268255,2466.2512122063513,0.010236646,0.0012215168,0.0557603592662413,0.008917781843927232
-397.11035,4.4757895,181.19142,3.9318147,-27.178123,3.9495163,56.50913,3.7235081,-23.3809,3.798524,25.858677,3.1202884,-11.310798,3.3880975,15.383264,3.350421,1.7922283,3.386088,7.4995446,3.0983958,2.1780598,3.0992863,-1.5205203,3.472701,6.8142056,3.2384207,1010.9397483738692,77.70957413711939,1414.7322226031802,57.40196594714549,0.0001232224,0.00023132253,2115.6247167742167,0.010320488,0.0014389212,0.03634693119199536,0.007742302941284463
-390.16925,5.4277487,181.91423,5.577221,-31.063131,3.895523,57.339752,4.130276,-21.923752,4.2995987,29.170713,3.807463,-13.6032505,3.985517,12.678971,4.004588,0.42809117,3.8023937,10.492339,3.2825706,3.420576,3.551128,-3.0027251,3.7748046,4.7351384,4.062217,1046.590278993672,92.4353413989518,1424.3053282164717,81.57816396650715,0.00014851814,0.0002978931,2166.08535518779,0.010092879,0.0015875226,0.043299557714617166,0.010379087826244972
-372.97266,3.5925214,174.79498,3.7682695,-45.914154,3.4820476,50.022972,3.4338932,-43.659554,3.2204716,36.428238,3.777794,-27.99837,3.2193818,23.188152,3.4656117,-12.883025,3.3529902,2.961828,3.3430588,-2.287781,3.0996153,3.9379878,2.8188195,13.941579,3.021475,1432.6559619779773,58.25324688695375,1666.9724245027448,44.68662109312053,0.0002983886,0.00041193343,2884.5249397295534,0.008762223,0.00080528273,0.0755940944025522,0.007209482928201252
-362.6011,3.5789661,161.53441,3.6321502,-34.03894,3.1211097,56.86972,3.7022464,-40.209763,3.1887248,30.547962,3.1507013,-25.319838,3.2010422,19.708248,3.2356994,-7.9653993,3.0156548,15.901941,3.6228018,0.39999703,3.0058815,-6.849384,3.165845,2.9476027,3.398787,1496.5016860256862,66.7068626276438,1790.4812145045232,42.14083339955873,0.00032439586,0.0007287705,3403.5450804814386,0.00981191,0.0010046927,0.06611169518561485,0.007096053781055741
-388.17862,7.593343,181.16696,5.500043,-34.288403,4.8996916,65.65329,3.9681835,-27.416067,3.9133518,35.2091,4.130594,-18.473692,3.6545448,17.370007,3.3551688,-4.5385737,3.6024008,6.3813043,2.9296162,0.011308993,3.34701,-6.63939,3.2191427,5.1589923,3.3846686,1118.0707556061702,110.7173713651638,1515.1868180659894,90.59558821467853,0.00016455622,0.00028870226,2424.458812173724,0.010159889,0.00086269167,0.04287925065255221,0.008425579355838713
-371.85092,6.317304,179.1446,3.7126377,-38.52949,4.0089445,53.831253,3.3342621,-22.124823,3.2560253,26.304953,3.347946,-10.903585,2.9195347,10.932757,3.2187498,-2.2698483,3.0387092,3.930503,3.006137,2.3302088,3.1563797,-2.261595,3.0546384,5.206589,2.9890704,1129.8134936711683,64.50834925996679,1431.7138420506521,38.503706185732334,0.00016213897,0.00018549021,2388.9115406576275,0.010418131,0.0015095316,0.04578854589617169,0.009605627715333272
-367.32748,3.3626497,187.52809,3.71934,-47.52125,3.5840821,62.198017,3.1194403,-29.072674,3.293829,31.230038,3.0984004,-17.481314,3.130429,12.376963,3.0621743,-6.9744077,2.7229402,2.9813926,3.0694997,1.4307442,2.9653988,-3.3428817,3.002404,4.7570443,3.2261963,1163.7586941516236,52.952978137883775,1435.394655543908,33.741137614447496,0.00019253846,0.00033133256,2457.3831297128772,0.010393379,0.0007504404,0.051541428001740136,0.00617410005933471
-371.44025,3.8838403,182.63814,4.8459544,-48.441498,3.9033306,56.681973,3.9123695,-31.617111,3.621778,39.3234,3.4185238,-16.8616,3.6963139,18.061062,3.3832836,-4.2285028,3.0403214,8.813649,2.8859825,-0.83463174,3.0780125,-5.945904,2.85228,6.1210184,3.0370376,1238.9656081600126,66.35789541944732,1501.1249818813574,58.21479497122349,0.00022800028,0.0005440238,2499.9499256815543,0.00991414,0.0006875645,0.06302906576276102,0.007464339979985084
-367.71512,3.820677,163.66438,3.3886058,-32.72878,2.9683685,53.57632,3.1626706,-40.298916,3.1421742,34.40388,3.2087202,-27.922573,2.8834963,20.234035,3.0926118,-8.141276,3.2138336,13.17053,3.1344774,0.6463692,3.0500956,-4.906955,2.9152527,1.2606535,3.270116,1461.23737936257,61.672600299424154,1791.6217540387336,46.41422712753008,0.00025239208,0.00023390618,3290.6831179306846,0.009997857,0.00085002853,0.06297808512180975,0.006105194903167104
-363.82288,3.5856936,185.64317,3.990118,-50.77231,2.9806092,65.27563,3.5838797,-31.527609,3.2844577,33.922256,3.001152,-17.98728,3.0156078,14.82781,3.1940918,-6.671577,3.2749813,4.4168344,2.8740034,0.8905441,3.0270052,-4.886735,2.7533884,4.340824,2.888378,1216.4208456293281,52.9348467016996,1481.6012876395114,35.345213152800724,0.00023755185,0.00057231716,2620.9555358178654,0.010244916,0.0007583388,0.05519957221577726,0.006524750009150447
-365.49515,3.683875,168.02063,3.4131682,-36.036594,3.302583,49.51789,3.2625082,-41.6175,3.1693752,32.676594,3.007755,-25.031277,2.9934177,23.938618,3.120772,-4.9276705,3.2913387,8.970318,3.3305995,-6.030472,3.085757,-7.319652,2.9727767,4.9938397,2.862918,1427.7637909261862,63.918611887815146,1716.2589019434947,44.939945315246874,0.00026570057,0.00020901169,3030.7358885585845,0.0097188465,0.0010745551,0.07046091031032482,0.007286895826715516
-385.65878,4.1824703,178.49277,4.5250115,-28.818964,3.747959,59.303505,3.2434068,-21.552761,3.7031326,28.45879,3.756628,-14.233363,3.578338,12.1443405,3.147597,-2.1602085,3.5179155,8.354596,2.9833198,1.4771328,3.138199,-3.2756834,3.3655014,5.148197,3.2399278,1072.736330106321,84.46686969577671,1467.9284543233216,81.82177609045287,0.00015019163,0.0002485416,2295.259593423724,0.010156392,0.0011049792,0.04362696671983759,0.012316091175648478
-395.03125,4.7803907,178.29416,6.200504,-29.188198,4.4932785,53.370922,4.5024886,-21.75682,4.561166,26.141626,4.6047263,-10.861462,5.1139116,14.343604,3.8797038,3.0050356,3.5089362,8.99137,3.7300234,2.9061384,3.741423,-2.633874,3.6300073,4.3300295,3.653704,1067.149895352056,136.60556967648594,1432.5449596549129,88.73244351874436,0.00017224078,0.00047029523,2219.4687137470996,0.009948758,0.0029866141,0.04170896171693735,0.016665199462274086
-389.14377,3.4758337,186.143,3.933734,-31.64489,3.3225532,62.61098,3.311096,-26.503529,2.9263463,29.67366,3.2024894,-15.126756,3.068248,18.008455,2.9103062,-1.319598,2.952329,6.206459,2.9945126,-2.420063,2.9384055,-7.5883913,3.1233382,2.5130167,3.0129795,1036.8791215559324,58.99944828961582,1427.1591461482483,55.4776998230121,0.00014059454,0.00035258927,2176.652112637761,0.010388469,0.00077764824,0.041749746229698376,0.007042710705204349
-385.82526,4.744508,183.96306,3.9181302,-33.59245,3.9346824,58.410606,3.6596327,-23.514296,3.9671617,30.114214,3.6383884,-15.247445,4.0952578,12.910233,3.6566603,-2.0024743,3.5182762,9.037389,3.5724528,1.9310075,3.7310393,-3.7567964,3.3713212,3.6943085,3.945773,1065.4695933658165,84.67282042325445,1427.1925518470302,68.17819310368449,0.00014247876,0.00012713809,2202.931613435325,0.009996213,0.0011212173,0.04641730713457077,0.011520882150108094
-364.83533,7.9043183,186.93768,4.4110913,-45.659676,5.777383,57.210865,4.167619,-26.60618,3.4665418,28.351227,3.2934377,-15.6603985,3.579369,11.3265915,3.1689196,-4.213202,3.0680306,4.326947,3.0818338,1.27577,2.8872142,-3.934664,2.8225791,5.068195,3.208907,1147.0045854141129,59.203585120945235,1407.4932297233313,44.860603044679124,0.00019573068,0.00040339606,2369.7764668829755,0.010346331,0.0009031297,0.05303119562064965,0.007180737218682833
-367.5716,3.4911854,171.16484,4.163554,-44.686054,3.7979455,48.045578,3.6262338,-42.88983,3.4701366,34.102505,3.5207872,-27.156734,3.1274495,21.668043,3.2415113,-12.245549,3.2180808,3.8145177,3.3300457,-1.2567275,3.436967,4.707526,3.1239579,13.295984,3.1923296,1459.9087111235804,61.467042494828796,1679.1487546150704,48.12989387245275,0.0003383264,0.000978837,2957.068352577581,0.009222229,0.0009461237,0.07786669808584687,0.007839550353045066
-369.0579,3.3106377,188.89392,3.5159264,-48.858852,3.3341308,64.374695,3.2572627,-30.989573,3.1977744,31.862207,2.8504908,-18.680891,3.0721014,13.1744175,2.9236093,-6.7679152,3.041667,4.676972,3.0259657,1.4093884,3.1843286,-3.831684,2.808578,4.942102,3.309102,1168.9430489212607,52.75416552253407,1441.340117195754,32.47187658518707,0.00018692669,0.00025509283,2485.2364028966067,0.01032978,0.00067492865,0.05271398274361949,0.005734812277948973
-369.55038,3.5916674,171.16096,3.437413,-39.775288,3.5575202,49.133293,3.502327,-40.31211,3.1731238,31.444878,3.020238,-27.430508,3.1844509,20.936008,3.2314076,-6.1437116,3.507631,7.0065923,3.4386125,-6.3090935,3.6031883,-4.400129,3.324944,9.334885,3.06542,1397.0134041872286,66.83608503583501,1658.4436187904666,43.46284218846282,0.00025822097,0.00030762784,2860.36878262761,0.009546703,0.0012074917,0.0702207348462877,0.007189938824506824
-371.49756,13.331058,185.7974,5.5380263,-46.005863,8.341731,59.04555,5.4775047,-26.275253,3.8563144,27.989088,3.7623196,-14.061336,3.4407215,15.009863,3.702207,-2.610499,3.5472374,4.534778,3.1767232,1.1645983,2.9773302,-3.6386201,3.0793645,5.2271347,2.9444695,1139.6358377438048,114.29086577231664,1416.7318638647316,65.58116776616247,0.00021019191,0.00086331315,2384.589911724188,0.010418375,0.0010655919,0.05046403712296984,0.011598042905983503
-374.8359,3.6896653,163.09364,3.9801176,-28.47748,3.6312542,54.135822,3.6668556,-38.609497,3.65124,29.683598,3.54691,-27.34221,3.3772807,15.943401,3.142398,-11.6720295,3.319526,10.025051,3.2601388,1.4040812,3.0054665,2.4734533,3.2833989,10.638538,3.14772,1410.2314427709541,71.19108548751588,1768.465275259907,54.93529397679941,0.00027433925,0.00084321306,3200.3535790675755,0.010189245,0.0013466497,0.056137616009280744,0.0064681518658795305
-370.71365,6.0537567,193.65817,4.0649943,-50.23084,4.186347,57.477543,3.7275481,-28.11857,3.2403033,31.835503,3.25226,-15.219369,3.1782587,12.739169,2.966829,-6.860119,3.0688295,3.550622,3.083445,1.0048054,2.882872,-3.4754744,2.993521,3.7787015,3.1058722,1116.9475525272405,50.17761078338572,1366.9165434531833,37.604028261490036,0.00016359542,0.00017454056,2258.3134131199245,0.010269096,0.00081003224,0.05226761890951276,0.006363460722422832
-368.2648,4.0165706,170.4886,3.4649928,-40.9668,3.4686248,45.851757,3.6761122,-39.202187,3.221465,32.104713,3.1326709,-25.1679,3.301472,20.42209,3.3921726,-6.665343,3.3794775,5.426121,3.3786447,-7.0279074,3.305133,-4.3812323,3.320868,9.405881,3.287236,1403.6055544228748,60.54397169517155,1641.286511097042,44.234539247456055,0.00025027047,0.00022729748,2821.62400531105,0.009475031,0.0010902614,0.07288872172273782,0.006051378511861763
-369.22467,3.9539113,172.27559,3.530001,-42.70091,3.170906,49.883896,3.056566,-44.310722,3.206026,34.91006,2.8600419,-27.841072,3.4077346,23.702703,3.3403175,-9.988235,3.1912427,5.738475,3.0210946,-4.2104406,2.992151,-0.9849217,3.2862842,12.534944,3.1130304,1441.1063219277235,64.29217936978495,1701.976699636611,44.0322944122239,0.00028043118,0.00026964027,2996.2128181191997,0.009180584,0.0007952785,0.07230074499709976,0.00693263352024568
-368.9366,3.2791622,191.00648,4.2508793,-47.88313,3.2921374,60.499664,3.952676,-28.044449,3.5277114,30.035389,3.3812134,-16.4962,3.2371445,12.791408,2.9232352,-5.849554,2.9761848,3.4488947,2.995366,0.43157586,2.922979,-4.697158,3.1513016,3.842803,2.9284384,1124.3606347090256,55.622127478551725,1393.2308206600883,43.82931512715978,0.00021579991,0.0009261372,2335.0785328451275,0.010342027,0.0007566389,0.05061584614269141,0.005755575856770827
-356.93423,4.7456384,157.3779,4.218961,-30.57099,3.7606738,54.957867,3.978772,-39.975445,3.7087603,28.71381,3.4241612,-26.65199,3.708067,16.878618,3.3611329,-12.072738,3.6152594,10.783783,3.6176784,2.6505544,3.3389728,-1.2233455,3.5566099,11.066814,3.2113576,1531.8029510015767,80.09861169001857,1825.2846834645889,54.30128720222769,0.00036444314,0.0012522559,3476.3382984701275,0.010445034,0.0015543594,0.06708146026682135,0.007313139374323902
-364.06894,3.8416152,171.38414,4.332168,-42.817776,3.7285903,47.22244,3.7679915,-43.08852,3.5157015,36.04018,3.6983774,-25.921865,3.3889506,22.80032,3.1611145,-12.427721,3.3223968,4.592125,3.217614,-1.6468664,3.1468327,4.575333,3.130191,14.713622,3.060061,1457.0776674960612,59.66111073622243,1703.0128651481753,51.045860575298285,0.00036535427,0.0012714983,2991.4165594185033,0.009331566,0.00083339406,0.07544681699535963,0.006038178143721337
-397.1352,3.7658303,181.41249,3.5818388,-26.780674,3.2710278,57.459072,3.3112338,-23.106709,3.2233062,25.683632,3.103849,-12.37491,3.2453356,14.247573,3.1061432,0.7275891,3.2944593,7.134353,3.0916188,2.0779502,2.8923838,-1.9933703,3.2673354,6.1752033,3.1531847,1007.4301094428396,60.21955030940849,1414.470097420104,49.62224370153565,0.00011326551,0.000120903125,2114.9502428944315,0.010383076,0.0012654293,0.03460905778712297,0.006550884401221283
-325.12927,12.507435,150.73285,9.71601,-74.62297,6.955829,67.32459,5.006035,-49.91963,5.3452716,39.57256,3.7150035,-37.31721,4.172517,20.00367,4.0809417,-17.088232,3.7096074,8.327156,3.942926,-2.232739,3.708558,-7.1253786,3.5434473,6.551381,4.2065215,2074.0667948834916,193.47060350563356,1871.2358960214463,108.20021783283906,0.0010811836,0.0032570257,4206.368841538573,0.008563941,0.001345235,0.13427394504060325,0.01929320642902011
-395.67676,5.7159586,180.63014,4.122673,-28.157495,4.725584,57.180416,4.003813,-22.156195,3.795897,25.737837,4.0206947,-10.963734,3.7917094,15.846117,3.5552208,1.8036551,3.3386445,6.8271236,3.1675758,2.1377249,2.9670265,-1.5955669,3.2884717,5.9697676,3.4555748,1019.6269745622276,86.79314425745474,1414.092555227265,52.973121505627134,0.00012639682,0.00019672868,2157.2172726943154,0.010262673,0.0017198774,0.03843487166473318,0.008638413795908543
-371.7402,3.4612079,173.25833,4.154996,-44.732464,3.750689,46.710384,3.8169372,-42.425247,3.5660892,33.577118,3.540018,-26.829546,3.4407434,21.2243,3.1993558,-12.115745,2.9688969,4.8843274,3.2564187,-0.20987456,3.119227,5.575926,2.775184,13.25707,3.2657573,1427.1378124176827,57.76842697184261,1650.6095317852987,47.966902259640875,0.0003125958,0.0007462,2839.6599364667923,0.009027362,0.0008591613,0.07571304923143851,0.006766576909284643
-331.41586,6.998892,152.6864,4.1081276,-87.91352,3.9301646,78.29965,3.892407,-49.063496,3.6249256,29.3475,3.5832956,-26.53729,3.4653723,21.75773,3.2718308,-12.621563,3.0272484,8.600891,3.1352725,-0.71784914,3.0154707,-7.331073,3.025335,7.5881147,3.0564306,2066.5831860703793,73.27440679565774,1693.2920842407052,35.04652738689212,0.00086628826,0.0007870555,3848.89768525232,0.007946431,0.00062022667,0.14972447795823665,0.011325496793108498
-370.2903,3.592203,171.39378,4.320296,-44.48686,3.7859528,48.266644,3.7536244,-42.61162,3.428596,33.458656,3.4868202,-27.729511,3.5181525,20.724804,3.194863,-11.53295,3.120191,4.632373,3.127175,0.029605132,2.7672455,5.415851,2.9946988,13.2692175,3.3368287,1442.0673036159355,61.410632603722384,1665.4551471413154,47.492325307230146,0.0003018155,0.00078881433,2911.6038169772332,0.009366016,0.00078038697,0.07409752936484919,0.007276763900740216
-369.3682,3.5072935,159.74945,3.4561512,-26.677502,3.155778,52.675537,3.153905,-36.21522,3.1802635,30.561172,3.3014,-26.091412,3.3326766,16.168425,3.1556406,-10.134127,2.9885325,8.142239,3.216491,3.552977,3.2817812,3.1279886,3.059858,9.387652,3.055388,1425.0664582206234,73.6020979913273,1782.412777664021,49.421929329235404,0.00024154813,0.00037216643,3239.398122552929,0.01049506,0.0015141214,0.05730224042923434,0.006461823445833811
-368.9636,4.2733555,190.48138,4.04619,-48.170643,3.5317757,60.108795,3.5484877,-29.558525,3.396437,29.938404,3.1812167,-16.937782,2.9467669,12.018432,3.1443753,-6.3014655,2.9964907,4.0173388,3.0513399,0.83436745,2.8600466,-4.6108413,3.007696,4.027473,3.0563254,1144.3836122576076,53.59314006313868,1403.9035652810478,41.00085318086127,0.00020258671,0.00048118574,2376.4962251667635,0.010105773,0.0007613389,0.05360331170243619,0.006122984570649328
-369.2668,3.9084425,173.36122,3.5657966,-46.49436,3.0378034,49.611767,3.294871,-45.752186,3.0055935,38.203197,3.2067747,-27.790068,3.1265893,23.16907,3.1521962,-13.122848,3.198196,4.663695,3.094024,-1.6449373,3.2429614,4.5075116,3.1487062,15.076304,3.2136018,1472.4643390328638,60.896002558497564,1703.1376725916048,41.73489868598502,0.0002998677,0.00020866634,3039.578990537993,0.008900455,0.00079612836,0.07703967879930394,0.006279033005629222
-375.11847,3.549048,181.4299,4.2050233,-40.05715,3.7446325,54.04085,3.3318157,-28.577856,3.3475516,35.01599,3.2857406,-8.624021,3.2672212,16.83282,3.1976576,-5.8874965,3.2716439,3.7921083,3.0082512,1.4650562,3.2000632,1.3169388,3.0292284,8.616818,3.3601618,1148.6336550468081,63.10359400984978,1472.9817825309897,49.658499200343485,0.0001851526,0.0003373534,2402.326076711137,0.010050672,0.0010137099,0.04873069533062645,0.007840166069386614
-373.96875,3.7467966,177.25638,4.0474153,-45.867214,3.0470676,49.588295,3.7528982,-44.10545,3.4034626,34.022793,3.264116,-29.284277,3.3019187,22.253992,3.206922,-13.073804,3.3041809,4.2634807,3.1796231,-1.9792895,3.2207532,5.5301237,3.074866,14.302548,3.3547413,1396.4379804659695,60.69638863680288,1635.360538425273,42.21729954175515,0.00027932948,0.00061218644,2759.697310941125,0.009056811,0.00078849064,0.07336907265081206,0.0059956686744585775
-367.1211,3.0405905,185.28894,3.628226,-45.120983,3.6403952,61.37821,3.6250072,-27.776972,3.3138423,29.631027,3.1860826,-16.083876,3.0064716,11.840319,2.9479232,-5.2496414,2.8474078,4.596722,2.941775,2.1352866,2.9850047,-3.4539208,3.0191636,4.756368,3.0439932,1161.1911424461705,52.23475009288032,1441.408142271664,38.128407167916116,0.00019873216,0.00048315653,2474.195015679379,0.010394933,0.0007910498,0.0520489686049884,0.006555359519332109
-374.34113,3.5369098,184.01189,3.360354,-40.222004,3.1320975,56.878468,3.0610008,-30.222933,3.2764676,34.28835,3.1366124,-11.799569,3.2760956,17.85765,3.1152391,-4.7248797,2.9232867,4.679097,3.001114,0.08961308,3.0871024,-1.8555127,3.0848856,6.1664076,3.1877697,1139.6923985057329,58.94364588970876,1470.0816498106597,39.657346845444856,0.00017468882,0.0002254965,2388.461891404437,0.010138423,0.000821104,0.04785269540313225,0.005927099303039541
-362.79306,3.7012641,185.3456,4.2582116,-50.08039,4.151546,64.736275,4.0135016,-30.925587,3.4538271,33.19949,3.3880818,-18.09206,3.3304594,15.093712,3.027372,-5.9616523,3.2100978,4.7147765,2.9475653,0.8267273,2.8567657,-4.9630175,2.9526293,3.9291437,2.9976242,1220.508583190368,55.515101524800244,1482.5927259109822,45.501677150417294,0.00023366621,0.0005857157,2619.9063542270883,0.010284648,0.00074127,0.0559597502175174,0.0065317394261253225
-337.72433,17.05546,153.73535,18.261618,-60.059147,5.496427,56.138332,11.126538,-44.50468,5.8253493,29.33764,3.7351532,-27.427448,4.637618,21.988873,4.4139757,-11.8168955,3.8629305,9.045673,3.819735,-4.489929,4.0027566,-4.585837,3.525717,9.800626,3.9674456,1848.8894726155147,291.5088507495964,1793.045189803376,174.52481620485005,0.0008017895,0.0015814162,3759.6423084940543,0.008697385,0.0031170794,0.11306033388921113,0.026209755612914054
-391.63702,5.8477025,170.90381,3.6921358,-22.921007,4.4531665,46.977627,3.5728898,-18.380922,3.7342205,13.773665,3.6096961,-12.875995,3.446826,5.888648,3.1703525,0.802928,3.2280986,0.9640785,3.1245565,-1.159953,3.1070638,-3.6706164,3.1032045,1.961477,3.099626,1084.6149266595112,80.42461142957333,1409.0758586574266,51.1391649945012,0.00013820488,0.00023681426,2243.7747539334396,0.010278318,0.0027353829,0.03895260839617169,0.009598195901487545
-348.01517,4.3866386,165.9681,4.6510506,-52.889446,3.8376951,61.019077,3.613873,-37.13267,3.397836,44.93276,3.841789,-19.843607,3.2944221,23.974976,3.050042,-13.97727,3.1851385,4.909265,3.2986555,0.16372138,2.94393,-0.11087605,2.831253,9.2871685,2.7081118,1555.3156166767103,85.33618518361676,1758.4898077617124,59.03994116093721,0.000440154,0.0011437285,3419.982258736949,0.009599214,0.00070880435,0.07584559889791183,0.008819709312200944
-368.0087,3.6122196,180.22028,3.7579894,-46.94648,3.7122836,53.2461,3.5273225,-30.764719,3.517013,38.39548,3.2395859,-8.74919,3.053251,16.135357,2.8504438,-9.26319,2.8777719,1.7434723,2.9782357,0.2721906,2.8130772,2.5612867,2.9055712,9.03643,2.888847,1233.0008434797394,63.55926148440796,1490.0542114983277,36.06892509909521,0.00022562178,0.00043931833,2535.2473920569896,0.009860439,0.00084957125,0.06120282591357309,0.007611557892365514
-366.266,3.8060236,169.48888,4.084659,-37.652058,3.802011,51.076096,3.6620562,-42.208687,3.5428648,33.883644,3.875566,-26.439981,3.8315814,24.18444,3.7299948,-5.641242,2.997493,9.812628,2.9247406,-4.3408375,3.1368277,-7.4249396,3.187597,4.486819,3.0963502,1429.323037348977,70.42753224995923,1722.1940034878642,46.807845356697314,0.0003260558,0.0008539316,3044.6500348934164,0.009489059,0.0010514786,0.07027284839037123,0.006925423967218626
-381.8224,3.641421,176.41447,3.5356557,-42.025494,3.3697178,48.0901,3.3210568,-43.55601,3.2491965,29.30043,3.1364908,-27.47841,2.9473228,20.850601,3.2576299,-8.777737,3.220014,4.938353,3.2830253,-2.5252907,3.0974703,2.4285946,3.1302495,13.060877,3.08558,1346.5627915612793,56.362724106074104,1598.8381607341396,40.836553960203226,0.0002240923,0.00024439796,2669.392752592082,0.009070408,0.00077523437,0.0663326112964037,0.0055446216814520905
-358.04846,4.2783027,161.27144,4.5111246,-46.194733,3.9572031,55.538246,4.1615257,-41.44631,3.3598745,30.368193,3.5571387,-26.95126,3.3730175,26.729109,3.2214386,-4.454934,3.4443,6.666096,3.2038527,-0.5507093,3.1025412,-8.609103,3.3214097,0.11234406,3.1583652,1581.344721849015,77.99093443415482,1754.8926588234986,53.70129320895866,0.00044365873,0.0016927294,3367.6480817684164,0.009323443,0.0010362912,0.08020614305394431,0.0069360080707954455
-366.43774,3.2282171,168.54082,3.2298121,-38.924526,3.531641,47.931324,3.2893574,-41.82642,3.2656577,33.996956,3.3302016,-27.679543,3.2867658,23.627865,3.2505734,-7.88846,3.1403403,7.553365,2.8239777,-4.8046002,3.2349627,-4.562004,3.2139566,9.731146,3.101471,1458.2318387336195,58.62711154851731,1724.0560972747242,47.365863000936336,0.00028115616,0.0003430624,3039.8287956786544,0.00947699,0.0010256092,0.07417003516531323,0.006726493260676525
-371.4058,3.175692,191.75096,3.4057653,-46.459305,2.9943383,61.31853,3.1566675,-28.359203,3.0377254,29.31414,3.0273557,-17.181894,3.059822,11.850347,2.8812642,-6.141089,2.7670667,3.4778821,3.0047498,0.6102859,2.8037317,-4.3222218,3.009401,4.1668844,3.0626578,1108.161469054972,51.62128152097836,1385.4030701853578,31.582681371417717,0.00016730353,0.00030343773,2303.403241009281,0.010435907,0.000773201,0.04925069786832947,0.005660977179311965
-361.80698,3.7766988,167.20232,3.4494383,-38.73444,3.3708346,49.614372,3.112042,-43.92348,2.9414191,34.216717,3.0422263,-28.247057,3.16424,23.852772,3.1655812,-6.180299,3.374337,10.905673,3.2467155,-3.873491,2.911909,-7.0431895,3.2284768,4.414634,3.0802095,1492.0138349923616,69.04134941915241,1758.6530560572485,48.453649369437976,0.00029424304,0.0002809975,3213.5183099804235,0.009787505,0.0011539548,0.07544115247969838,0.007364542750513141
-389.75818,31.81259,162.33832,27.727936,-30.790155,4.0510178,64.438095,13.974828,-33.82869,16.193876,31.73984,12.941827,-19.22909,7.8728647,16.58104,6.8877215,-3.06429,6.5538793,9.299954,4.8604918,1.3940293,3.5038702,-2.3400033,3.5075314,7.279312,3.7513442,1522.2402419020284,799.4421814113209,1680.47476935222,373.8167436868764,0.0003854035,0.00077331386,3171.950734574391,0.008592389,0.0014719326,0.0755759679524362,0.06793595227425367
-343.40466,10.7841015,174.48361,8.666427,-90.05806,6.1396995,51.79762,4.5239167,-37.11318,4.968823,24.875292,3.8226984,-32.388393,3.5900383,7.744039,4.2538466,-12.650332,3.150555,6.122128,3.148737,-0.1093943,3.5355902,-5.9945817,3.2012372,6.4953074,3.1886492,1637.306094106845,101.93960348216157,1424.643851949349,93.80279510157531,0.00041292424,0.00060122344,2967.6101295134863,0.009058969,0.0015772182,0.11153771207946636,0.009527113577885951
-355.58618,4.749723,152.52353,5.224798,-35.499245,4.2117696,59.007595,4.838438,-38.281902,3.4920287,23.21955,3.6145873,-26.781454,3.17516,19.863888,3.4418156,-15.293619,3.9103596,6.5858803,3.1677458,8.2639265,3.4977248,-3.3565247,4.4174533,11.851464,3.1190684,1606.6772919625541,111.26906953114438,1818.3581390054308,60.4238636133095,0.00039381027,0.0015026215,3485.631049702726,0.010324295,0.001999925,0.0713627012035963,0.010332963968803543
-376.07584,3.691477,184.67853,3.2502415,-42.303284,3.004088,56.598644,3.332788,-30.29508,3.3224876,36.899025,3.1840827,-10.5412035,3.1864436,17.955418,3.2388246,-6.1988473,2.9948242,4.1639185,2.9674056,0.40358853,2.999152,-0.098585635,3.09852,7.5808415,3.1858113,1141.2736371918365,58.26611750688851,1466.5033125419038,39.58923852689696,0.00016888554,0.00014051309,2378.744471432715,0.010081465,0.00083361566,0.049105686267401395,0.0066243600355661335
-391.8144,3.722953,163.47427,4.0353284,-30.820932,3.9103684,53.626682,3.4346015,-34.92557,3.5786948,27.718573,3.247168,-25.067814,3.4667408,15.582626,3.087188,-7.8890996,3.042425,8.811101,3.067798,1.4842677,3.2459705,0.0845247,3.3794818,6.7186255,3.009736,1324.7218229572059,60.31075519471952,1690.7995036150094,50.77588327630372,0.0001821337,0.0004941472,2928.915313225058,0.010187019,0.0009325309,0.038724894866589324,0.0067174923530929145
-374.97113,4.2473726,167.59915,3.8723671,-37.99791,2.860384,42.347805,3.1459358,-39.583942,3.4106421,24.968609,3.474799,-25.445038,3.4116826,17.724167,3.2383187,-9.4774,3.0468743,3.472124,3.0020301,-0.90435493,3.5526261,4.1438026,3.4333048,13.72528,3.1915522,1400.2381151780232,68.44516972969895,1626.4602732247374,61.91692633385089,0.00025122662,0.00045436315,2794.794933204031,0.00947257,0.0020795967,0.0691524071925754,0.006065939793703551
-387.01172,4.1146965,183.58711,4.709516,-38.1103,4.394367,54.5531,4.4835806,-23.724815,4.2645693,31.687992,4.673747,-15.364495,4.9532022,11.730904,4.847563,-1.7496519,4.5409718,11.391799,4.107053,4.807335,4.016006,-1.8766909,4.0450344,4.9270353,4.793614,1087.0186520413897,75.51503626793433,1417.8509808080044,82.33925360809107,0.00015409793,0.0004467168,2171.680990338602,0.010125459,0.00095506624,0.05075745903422274,0.015196006540182943
-369.60544,3.2961469,182.08679,3.1283538,-48.611366,2.926283,55.452682,3.0666273,-32.604176,3.3121567,39.882942,2.9137285,-10.138143,3.4776337,17.129198,3.0786421,-10.185126,2.981409,1.6749947,2.9866822,0.20477825,2.967598,2.1386447,2.6908545,9.217236,2.750942,1232.339243041247,57.14694179019418,1492.561137398588,34.83434346141054,0.0002050349,0.0002211937,2541.942169826711,0.009888162,0.0007525939,0.06071794337296984,0.007323127208932129
-361.74304,3.661313,187.61693,3.3084836,-50.89017,3.109128,64.39672,3.0222402,-33.308266,2.9600601,33.13443,2.8807735,-19.107382,2.755088,13.777086,2.8719192,-7.851159,2.9671068,4.6957664,2.9009323,1.7305434,2.8486807,-4.658165,2.9591136,4.148896,2.7838688,1215.248162035077,56.19694016749616,1469.2993975857062,31.53931050701585,0.00019942567,0.00013912,2597.2740084831785,0.010364378,0.000754709,0.05617160310324826,0.0068302029878917194
-370.9861,3.3756814,165.73203,3.6727235,-32.819904,3.244333,56.16349,3.5027494,-41.373913,3.0658565,32.630043,3.3550673,-26.921888,3.301648,19.48044,3.0267081,-7.9689755,2.9886954,13.015931,3.108671,-0.56674635,3.1662138,-5.941686,2.9367578,0.97297513,3.1270866,1430.1755785101584,57.56456832482195,1759.562327455447,45.92478966212711,0.000284236,0.00075111625,3236.3754803509282,0.010005046,0.0009990317,0.06177720780162413,0.00588526047110602
-342.55017,4.7469444,175.83272,3.65071,-55.21221,3.510549,59.913628,3.0451322,-43.4376,3.5539005,37.809322,3.2860706,-24.589478,3.5588782,16.852571,3.193546,-14.829777,3.2073991,4.784067,3.2918236,-2.3666995,3.0140948,-5.8991117,3.0917583,3.94266,3.0114484,1475.9493279970368,62.360106484139436,1652.6108006492366,35.76284860773979,0.00035914776,0.00024938743,3169.2778195693154,0.009909614,0.0008768378,0.07454842481148492,0.007364421801367697
-337.57605,14.601321,168.48561,7.160566,-72.1773,3.8340108,69.602066,4.741404,-38.536827,4.8930573,32.12747,4.1415358,-31.40104,4.144269,16.83325,4.214169,-8.759557,3.8141265,7.722586,3.747347,-3.144873,3.3578355,-5.4005275,3.5378902,6.4970045,3.7294438,1681.3252884939543,119.39934119299598,1641.2188769564516,65.25796137736766,0.00051696773,0.00043445016,3412.8378317140373,0.009090087,0.0016193818,0.10053608976218098,0.012015714288913208
-382.70697,4.1761227,181.74924,4.149844,-32.731113,3.0800831,58.934147,3.0193374,-25.795961,3.5469975,28.717577,3.2490003,-16.029959,3.3715634,12.940538,3.0633745,-4.378091,3.0900369,7.8967166,2.9694974,1.6850461,2.7379484,-2.0260913,3.1869688,6.9406238,3.2759187,1093.9090570075139,91.92607376009879,1463.0022325465432,82.31256455634242,0.00015173676,0.00023659714,2316.168283697071,0.010193078,0.0010862389,0.04672998839907193,0.014775526349595407
-371.26395,3.6611466,175.30942,4.1523557,-44.945168,3.8798535,48.63602,3.768183,-45.61791,3.8093402,36.599266,3.3968418,-27.311464,3.2427478,23.04909,3.3344002,-13.626921,3.1133416,5.4888105,3.212803,-1.3613728,2.8060427,3.9492128,3.114533,13.357936,3.1328585,1433.8879345409114,61.22024067016858,1683.9028217812267,44.48178671500294,0.00032435425,0.0008298047,2918.2236532047564,0.008963897,0.0008294459,0.07306658751450117,0.0071565272963461605
-369.9377,3.2477078,188.87233,4.6880264,-49.559345,4.026112,64.01551,3.6710727,-30.44007,3.6304154,33.503963,3.4090111,-16.98072,3.1179655,15.307375,3.2336981,-5.482872,2.8844092,5.236327,2.947301,1.470566,2.951091,-4.188513,2.8037972,4.601106,3.1894388,1160.95708376069,59.995241421639385,1443.8155374833927,48.843759674352995,0.00022805692,0.0008046649,2470.6727631960557,0.010338526,0.0007918585,0.050940989341647334,0.006291365969925712
-360.11533,3.6537893,160.68715,3.7151666,-32.239895,3.3294704,49.09974,3.6101696,-40.52553,3.5050228,29.92096,3.3328352,-26.3617,3.3028681,20.422329,3.0922563,-4.4038095,3.1554132,12.494004,3.0798438,-1.4024751,3.1308482,-7.3321486,3.0648754,0.42138374,3.3939514,1501.4620788170362,65.54953598361811,1781.855247636183,47.749868898706396,0.00032338293,0.0006484636,3347.363904346723,0.00994385,0.0015101009,0.0728434055974478,0.005926890335744638
-366.77567,3.3596714,188.27374,4.1537743,-49.087063,3.6175582,62.777878,3.9286375,-29.864077,3.2591093,32.0626,3.0502174,-17.357136,3.1050017,13.160022,3.0154684,-6.908144,3.0478191,3.3351295,3.0561588,0.5671237,2.8395615,-4.5387526,3.1181967,4.3992944,3.0719466,1168.637814802572,53.91057897630914,1437.3319148071487,45.10959315880639,0.00023144278,0.0009970097,2471.472139646172,0.010344368,0.00065485813,0.05298587949535963,0.005146332407460337
-369.74106,3.5477164,174.48447,3.4166024,-46.30893,3.4819603,49.727543,3.3491876,-43.55799,3.3239043,33.879864,3.5016668,-27.333197,3.3407118,22.106606,3.3910213,-11.333966,3.493632,3.340409,3.0125237,-1.9335608,3.1106312,4.180956,3.272195,14.04149,3.6212425,1429.3248054303879,57.097015552222736,1648.5297158714068,41.42899990263484,0.000290975,0.00038829993,2875.332110553219,0.008986376,0.0008191375,0.07551139247389792,0.007525650646017885
-366.78253,3.8976486,172.57121,4.3963275,-46.735947,3.684752,49.189404,4.1109037,-44.625637,3.6783662,34.508053,3.2925482,-28.196577,3.4660017,22.931808,3.1554594,-12.46906,3.3920643,5.053772,3.3380344,0.23729102,3.156129,4.5896845,3.1875055,13.554892,3.1292021,1464.90963712879,62.85467032447332,1679.6633550186368,51.8482743937767,0.00033699162,0.0011351208,2964.5125457692866,0.0093050245,0.0008256636,0.07703514718677494,0.006458574341485165
-395.91275,4.957826,178.04353,3.8835948,-26.744957,3.7473252,54.118633,3.496329,-22.257427,3.9300547,24.026258,3.2270465,-10.441749,3.5843132,14.833177,3.1731465,2.5435352,3.6492965,6.2772255,3.3358533,2.2618637,3.4074242,-1.328305,3.277722,6.167279,3.8104994,1033.1968543032406,70.20082283207098,1424.6568547935212,56.62574777964837,0.00013314247,0.00037566526,2179.9495404944896,0.010264926,0.0014765816,0.03692697759570766,0.007298792240223167
-340.08026,5.9040527,156.38838,4.4118524,-52.69319,3.7631702,70.36949,3.4336824,-36.23643,3.5451045,43.867035,3.3649645,-27.5866,3.423563,26.230923,3.2829664,-10.280998,3.2481828,10.821055,3.0903604,1.7961287,2.9979577,-3.9072664,2.8603258,6.4415274,2.6954226,1734.265610219885,111.93174501913629,1896.9628308609508,62.985234938605274,0.00048481493,0.00038102074,3904.829056246375,0.009735727,0.00070801796,0.08363544083526682,0.0113677185970545
-372.9085,3.6302633,173.19566,3.2796586,-42.498795,2.9329588,49.183674,3.1133225,-45.186275,3.1331196,34.89007,2.7805026,-27.917395,2.9395866,23.120382,3.1661394,-11.747693,3.17415,5.316734,3.0863285,-0.60652375,3.0074315,3.988119,2.9573095,14.029412,3.1204627,1424.80618014961,54.533069529239086,1689.4746852927574,38.258834118106215,0.00026563212,0.00031719555,2932.06285799739,0.009275085,0.00080979476,0.06969733359918794,0.005895089289474185
-368.6527,3.1332,186.02177,3.9308112,-46.64098,3.4803665,62.128143,3.5761294,-28.236277,3.314198,30.639732,3.3628173,-16.04887,3.1689167,14.001916,2.9546306,-4.4331737,2.9912398,4.382274,2.826209,0.71640784,3.1618066,-4.783698,2.9589834,4.2589192,2.9580798,1159.4250950511778,53.86679110053254,1442.5172884311564,40.84754064078933,0.00020656233,0.00067632704,2472.77112637761,0.010428326,0.0007732296,0.05072233903712297,0.006092628968125835
-367.27673,3.77945,172.89766,3.2701147,-44.59973,3.0337782,51.672993,3.124802,-44.800472,3.1312275,37.367905,3.0883353,-27.35042,3.0831025,26.52298,3.18132,-10.374549,3.0385146,5.735764,3.0277705,-5.9258313,3.00542,-1.8435489,3.2839072,12.618418,3.2438185,1467.2260123671351,63.050072947293806,1728.0471994151549,43.197807922420914,0.00030219078,0.00010457507,3077.049761637181,0.0089245355,0.00076668593,0.07346763522331787,0.006220371547672294
-391.5936,4.2193055,180.1606,3.6549215,-24.306673,2.8221424,56.483047,2.7928267,-20.036089,3.195381,25.17231,3.349675,-11.565787,3.1338646,13.863078,3.249701,1.0580306,2.929899,5.407118,3.1846988,0.3833948,3.3560047,-4.484701,2.9622326,3.7218072,3.075068,1005.2621901399501,67.30663447939988,1410.5344027443593,56.63315909458383,0.0001162382,9.095866e-05,2101.885434037848,0.0102961,0.0013354882,0.037321227885730855,0.007455919121062023
-367.62296,3.270666,187.00314,3.898965,-48.066772,3.8708549,61.930115,3.5324235,-28.932747,3.1519935,31.831017,3.1193209,-16.424564,2.68352,13.305062,2.9764988,-5.7297363,2.9474416,4.181243,3.0078442,1.2648597,2.7748594,-4.4094076,2.8700793,4.557268,2.931357,1165.6610879005045,52.36328744050889,1440.3975048349,38.93446961784976,0.00020674539,0.00058609963,2473.120853574536,0.010401814,0.00076932216,0.05085942031612529,0.0066323810779030865
-362.46164,5.252341,167.05804,3.593409,-36.27066,3.8461874,46.111755,3.5345242,-37.14273,3.1048112,28.752558,3.192101,-25.921432,2.924643,19.755947,3.132271,-3.036676,3.4360833,12.601761,3.4785695,-0.9378793,3.2601414,-8.255658,3.385106,0.33895653,3.1257648,1404.4872369419356,60.70927013086081,1673.6977098145126,47.36009573636743,0.00026027343,0.00032323087,2898.0643783533933,0.009902758,0.0013417335,0.06994430648201856,0.0059933171251562965
-354.2777,4.370351,160.33105,3.8898122,-42.660175,3.506415,54.044197,3.2974217,-46.720856,3.587929,31.009369,3.0272095,-28.234674,3.2550726,26.163193,3.0645049,-3.2747986,3.0375645,2.9222584,2.852282,-5.314017,3.1614366,-1.8536934,2.7397666,7.044199,2.9844475,1640.5609513107852,82.75799712719108,1820.4804383690746,45.406649524573346,0.00042440085,0.00043779175,3732.1137819931846,0.008776522,0.0008044634,0.08440921367459396,0.00819777176610232
-366.26724,3.182428,187.81851,3.570079,-50.234936,3.343957,62.946262,2.9344797,-29.960094,2.842458,32.03918,2.9351127,-17.36691,2.963868,12.881727,3.0638368,-7.04277,3.0617225,4.273877,3.195652,1.8967469,3.082548,-3.772356,2.9895084,4.3876367,2.9732585,1186.3518894580543,52.22306499433702,1442.6920962185814,33.24108247632163,0.00019553462,0.0002770458,2518.635350203016,0.01023238,0.0007751794,0.05387634135730859,0.00631504696799186
-367.93784,3.0433896,188.4639,4.049004,-47.94137,3.734564,63.593517,3.561535,-30.025562,3.432539,31.127108,3.28414,-18.093874,3.1055703,13.041183,2.973974,-6.3255568,2.8826911,4.0059905,3.049967,1.2432266,2.9520922,-3.5812972,3.0583045,5.3024898,2.9239137,1159.2820657098891,52.815970733378435,1436.0307815062229,39.4639757181541,0.00019791152,0.00044439037,2458.207486677059,0.01043799,0.0007531337,0.053058385295823664,0.006073008157768477
-388.50925,3.9080346,181.89946,4.344327,-30.215612,3.7769923,62.706482,3.899472,-23.720053,3.5913837,30.114084,3.5005271,-16.511774,3.50721,12.85139,2.9143736,-2.384708,3.0633767,9.957784,3.0421243,1.4589685,3.1021204,-4.9284935,3.5698032,3.9491026,3.1448588,1060.5857976021232,84.3112396117433,1460.4949936367557,83.92411677391377,0.00015753643,0.00047185944,2259.5124777950987,0.010161774,0.0009066045,0.043386791255800465,0.011696426624018699
-358.07382,5.8131623,162.96024,4.556074,-41.719425,4.00497,67.3426,4.000626,-31.3285,3.946304,39.910683,3.8170817,-22.585085,3.2153978,24.050224,3.318901,-7.514642,3.146803,9.699612,3.2377257,1.1886716,2.929363,-4.1574736,2.9001107,6.723829,3.0650084,1472.6037810991995,100.57094476498362,1787.502883392849,63.75654446687784,0.00034140432,0.000616086,3373.543483088022,0.009940366,0.0010256104,0.06095132141821346,0.008884939996966306
-353.02408,16.664131,160.59306,10.39663,-30.249031,6.6233687,41.911465,7.5026913,-17.107187,3.7688038,18.045734,3.734964,-7.7256947,3.9718845,5.20034,3.6498284,1.5931507,4.023826,1.2432454,4.7382436,-0.56364125,3.4635463,-2.9950912,3.123323,5.1265826,3.5539892,1288.6702175456367,118.18991669877674,1508.9849022208155,112.51297903627479,0.00027090733,0.0004118138,2725.1992210158064,0.009569251,0.0039919713,0.06336440508990719,0.012715650553754116
-378.88052,17.009031,160.1167,14.025957,-23.46058,5.4963484,62.90189,6.4869585,-30.173773,7.969203,34.44169,8.486142,-19.542425,7.237745,20.80146,5.9159007,-3.276971,4.7584076,10.518192,4.0932975,1.2882223,3.330831,-2.7813318,3.19529,7.286219,3.7924714,1384.1854185601433,330.14737082538693,1792.6433362770274,287.6931633421398,0.00030169272,0.0012407172,3337.246796149942,0.010065568,0.0013936188,0.04966987202726218,0.019987938997126427
-367.01,3.7978244,171.44606,3.3523715,-42.17947,3.013331,48.595936,3.0328326,-44.342216,3.213463,36.81371,3.1414423,-26.699844,3.1759112,23.145247,3.0655906,-11.584474,3.106658,3.981019,3.1663425,-1.4965209,3.0221524,3.8703444,3.0216427,14.306165,3.1382778,1448.0151089379135,60.15855328199209,1709.5274945477374,43.40981774958295,0.00027925032,0.00021806816,3022.8170655996228,0.0093266815,0.000939878,0.07179660310324826,0.006616112778296997
-348.33932,37.83676,160.6873,18.717625,-76.56429,18.824642,76.5199,12.367229,-44.289795,8.113559,35.118164,6.193922,-28.784983,5.2625666,21.809923,6.7035875,-13.100325,6.7585826,6.6944685,3.9892352,-0.06502542,3.9266007,-7.408133,4.131705,10.055018,6.269395,1887.7863886994585,456.0643445111651,1677.971960028498,154.39262656583793,0.00074912404,0.0011662069,3607.1362701203598,0.008097729,0.0011484105,0.12750258301914152,0.049478035681667185
-331.75903,5.359384,133.80096,4.4274216,-80.99837,3.8346312,80.42867,4.245577,-57.15739,4.198702,41.859165,3.824841,-35.82793,3.762103,31.546404,3.663086,-16.365799,3.8284461,8.766011,3.319981,-1.6698271,3.552439,-5.4396276,3.346938,14.2134075,3.744354,2461.315137995645,94.57960702235785,1970.8577524064078,39.48417471486234,0.001168586,0.0013645758,4828.233758700696,0.0077396687,0.00053545955,0.1774069659947796,0.015025398479207539
-394.8252,4.1906214,180.09094,3.8276422,-24.87305,3.3377714,57.327717,3.498898,-21.728378,3.4900959,25.577833,3.3862534,-12.874053,3.1173239,13.841092,3.4177399,0.30070084,3.352727,4.488969,3.281815,-0.056128163,3.2117975,-4.2721286,3.1167996,4.867005,3.0261667,1018.9816987363594,67.67131544725935,1420.7734547760335,52.40231566783469,0.00012316646,0.00017876136,2134.7597905488688,0.010189251,0.0012663169,0.03741639174883991,0.006630155855233081
-363.64102,10.117453,177.88757,5.488194,-37.32236,5.943288,54.48608,5.0627685,-21.78207,3.8525653,23.348562,3.6789067,-15.04344,3.4305522,10.843743,3.485671,-1.6727326,3.769016,1.4353508,3.739336,-0.01663601,3.357395,-4.404957,3.5600693,3.9997323,3.5425816,1158.5160291370828,103.82849880968767,1440.8537138936144,60.168781179283,0.00018187676,0.00017408375,2419.5126703886312,0.010422671,0.0020756226,0.0534197813950116,0.009555353251819235
-334.33896,6.5291595,172.1899,4.2730966,-66.46246,3.5913658,57.673264,3.6799042,-40.43173,3.5266454,37.590935,3.261229,-24.310297,3.4322515,16.094503,3.446318,-10.972281,3.5262709,6.947646,3.4731812,-0.20798805,3.4126956,-2.71321,3.3782957,9.863198,3.6712008,1572.0651921158337,79.37860797235284,1621.7166159674227,41.46342033276665,0.00042135915,0.0002586272,3248.141302476073,0.009627,0.00093677023,0.08849332946635731,0.009194460354045862
-350.36414,3.8802972,151.02058,3.8520446,-44.454494,3.4127448,62.342426,3.7178686,-47.538033,3.5453603,29.592491,2.9917967,-29.745745,3.2852595,28.65096,3.503769,-8.009285,3.394193,2.4159431,3.1253557,-2.3748555,3.094786,-7.00321,3.1282895,4.665717,2.9621863,1804.112247650989,81.66282010427999,1906.5992301930771,42.153375809098804,0.000538731,0.0009449744,4098.303137688515,0.008934802,0.0010630586,0.09185805176914154,0.007717367070472907
-363.08145,5.7846246,157.80278,4.299924,-25.758768,4.7332716,49.00677,3.5658705,-35.8643,3.398736,24.367668,3.2375534,-27.985111,3.2071486,12.08657,3.2530758,-9.936419,2.7314699,4.223697,3.0126472,-0.072150104,2.8598297,2.2875605,3.4477408,9.406096,3.507887,1431.9733243637736,99.29455838377834,1741.150717595096,60.46323813512473,0.00023255893,0.0004271843,3157.012387162848,0.011432646,0.002729139,0.060933194968097446,0.0076522213573334665
-378.48926,4.447087,181.62668,4.0056386,-36.161232,2.9790955,56.955093,3.2350228,-27.899591,3.5482943,31.194948,3.4497905,-16.229347,3.1371236,11.038238,3.0700917,-8.782948,2.8926013,7.499854,2.9347467,1.636985,3.0783744,-3.4141157,3.193075,4.8328323,3.245871,1139.6425853943012,86.92209846105303,1481.080781758635,82.08731649335776,0.0001678351,0.00019949938,2395.5063963710845,0.00991584,0.00091208494,0.05105541255800464,0.015530009773903968
-356.46777,9.151818,165.15767,5.414829,-50.46562,4.3160534,60.458576,3.8561573,-25.73651,3.947613,26.745708,4.152685,-18.397495,4.00879,15.123691,3.651908,-5.588352,3.5475535,6.080005,3.401323,4.19973,3.1934614,-0.4948797,3.2102633,10.66489,3.4135928,1395.767773145091,109.38263205931115,1583.8889400247958,58.53252511300097,0.00022883427,9.2222e-05,2984.8716647331785,0.010151849,0.0020555516,0.06438968242459396,0.016477927639427552
-364.447,3.3070295,185.55376,3.473077,-45.506542,2.9992857,62.597374,3.2250082,-30.408804,3.2264445,30.940575,2.8460026,-16.985601,3.0010333,13.80602,3.049314,-5.1809673,2.937915,4.7697115,2.9768386,0.6460277,2.8484561,-4.339857,2.6735206,5.348192,2.7212625,1177.1286503926085,55.440644466163064,1462.8872298317701,32.55889269812779,0.00019772226,0.00028895334,2525.579933113399,0.010438203,0.0008065729,0.052291409875290025,0.006469249879281602
-370.00946,3.0143697,190.97876,3.2859516,-49.16833,3.1489446,59.84918,3.0297205,-28.427095,3.025633,31.219212,3.122277,-15.796503,3.0187175,13.107683,3.1771233,-5.628906,2.9373615,4.2011356,2.984566,1.355296,2.9212213,-3.6173444,3.2180083,4.2304783,3.179529,1127.650780549213,50.185159552660096,1395.5535622553969,30.930409153356685,0.00017354287,0.00027034638,2339.3002397223026,0.010282711,0.0007369665,0.05108826674883991,0.006230833543374505
-378.58984,3.2973754,185.31848,4.4236646,-42.896122,3.4519122,57.585697,3.5038636,-31.30508,3.4526963,37.71249,3.3958247,-10.863675,3.466352,17.668707,3.2083063,-8.875502,3.0558434,2.711117,3.0774205,0.54201186,3.064267,1.6407604,3.0840847,9.803626,3.132947,1145.9023266133674,64.03723219460922,1464.404503637456,53.41862545210474,0.00020136387,0.00076150225,2371.774908008266,0.010076129,0.0008503629,0.052512325986078884,0.008064296708406148
-377.16614,3.5908248,182.16158,3.2987711,-39.1874,2.896758,55.10194,3.1093054,-27.96802,3.2463713,34.094055,3.2579265,-9.757613,3.2002258,16.595108,3.0935767,-5.376371,2.970387,3.3508766,2.9450529,-0.13068451,2.8554435,-1.0864705,3.3785114,6.687873,3.4311013,1133.3150997902173,62.75383330075925,1463.857767153863,39.24787973155293,0.00016994661,0.00016806516,2372.3244793177205,0.009972439,0.0011175462,0.04704380256670534,0.007574560011675975
-387.8201,7.357786,179.40965,6.914639,-31.233213,4.0154133,53.715286,3.7377467,-21.9844,4.330627,26.875326,4.4094334,-12.005909,5.290567,13.316326,3.5654502,0.7478413,3.6538224,8.404119,3.4927225,2.9420247,3.8211315,-2.8161416,3.924993,4.762274,4.046642,1084.7627886784692,130.25913374539505,1436.0718372717074,101.31473836779354,0.00015851586,0.0002007475,2251.618635350203,0.0099229915,0.0027282315,0.04707099224187935,0.017106417517460823
-358.6728,11.339301,185.06973,7.215363,-50.911797,6.4203978,57.333183,3.6677132,-31.212288,4.188647,26.604174,4.212464,-19.382969,3.4904006,11.297924,4.3627386,-7.863127,3.8595707,3.4171824,3.4254527,1.0335312,3.536722,-6.104287,3.9641557,2.0722728,3.6020617,1243.762762756553,134.5237542110945,1438.9604043721247,84.11323433325842,0.00021647113,0.00015108327,2554.9819981692285,0.010079956,0.0013123511,0.06316727994489559,0.012631756125739833
-377.469,4.5829873,181.80754,3.95209,-35.69994,3.273708,54.698063,3.2665734,-26.688793,3.1003027,30.112547,3.506108,-14.875366,3.506308,11.792992,3.2930846,-7.1052475,3.1710136,5.556536,3.1033354,0.14064433,2.8889894,-1.9180293,3.1128411,6.2811694,3.2251394,1127.3015507675652,78.56403497917516,1461.4821553302868,76.73229544648149,0.00015847544,0.00011958675,2330.6819623694896,0.010042778,0.0009602412,0.05052634679524362,0.012638924264846065
-360.6878,3.8550963,162.61833,3.607448,-40.94794,4.103129,54.656982,4.2605534,-40.99945,3.3387234,30.780928,3.3714373,-23.023615,3.5120943,26.852453,3.2625024,-8.112322,3.2156777,4.9583645,3.0526934,-2.1871672,2.8650806,-7.610511,3.3899503,5.923436,3.136944,1525.194180266295,61.828112005889196,1755.3244108796723,45.5606103705605,0.0003624636,0.0008275806,3277.3934844475057,0.009306141,0.001060981,0.07498685832366589,0.007233800567924938
-362.82156,3.5376852,185.77472,3.7182724,-50.58861,3.39378,64.37816,3.1646876,-32.205936,2.9553418,33.349083,3.1763954,-18.706581,3.1015663,14.266596,2.9480493,-7.062252,2.9142184,4.3701644,3.0476904,0.4843192,2.9465902,-5.143133,2.951424,4.1823244,2.9941304,1224.2295492923815,56.32963352642466,1481.0983607894673,34.86520092666981,0.00022264698,0.00038720516,2621.530087641386,0.010258627,0.00071929675,0.056424240501740136,0.005958624405256876
-362.31012,3.351032,185.36507,3.7279022,-48.23325,3.9750648,62.927757,3.675598,-31.038315,3.144069,32.19651,3.0366905,-17.287798,3.0316346,13.60189,2.9434562,-6.7131085,2.9700496,3.9314826,3.0083833,1.1733958,2.9073436,-4.1438723,2.7326264,4.6231303,2.8984654,1203.224392920035,57.09993691840111,1470.9824683603767,35.91443955382716,0.00021480702,0.00037419487,2574.0421304016822,0.010368387,0.00078523275,0.05512366770591647,0.00668410486208665
-373.31387,4.0094166,165.37378,3.6897995,-30.46967,3.6287577,54.072937,3.6895533,-40.38843,3.532278,32.379047,3.0830746,-28.549267,3.2872717,18.106121,3.458946,-9.425725,3.3946695,10.685041,3.3002017,0.31894076,3.5924337,-2.221777,3.0517108,4.186753,2.9548168,1418.119313251994,70.50988036696324,1761.6503648914043,47.70827718044844,0.0002570786,0.00051339465,3164.331677784223,0.010099799,0.0013281221,0.06229267872679815,0.00590120444070939
-366.6896,4.878915,167.31152,4.029857,-38.338257,3.593936,44.626022,4.014422,-39.347683,3.9239414,28.871141,3.4209027,-25.296982,3.2377906,19.563803,3.4462667,-7.6350937,3.2314997,4.871593,3.2974389,-4.9620667,3.185296,-2.3846676,3.7435079,11.344409,3.945051,1428.3065885000424,63.258899743054194,1669.283859847953,54.677319084047134,0.0002937731,0.00052340113,2921.945749800609,0.009273893,0.0012699495,0.0726598752900232,0.006937030550828764
-370.50726,3.618992,177.51244,3.7327356,-47.32364,3.7027304,49.673065,3.6956918,-43.450928,3.2699733,35.60144,3.423331,-29.18823,3.4390404,22.58391,3.0781114,-12.787038,2.9418619,3.5259495,3.1116886,-2.80444,2.9998364,4.6655655,3.296642,14.216796,3.597793,1407.2203151648553,59.63431799915643,1638.1780288295363,41.05182405271512,0.00029149003,0.0004483907,2773.33667162123,0.009061903,0.000819236,0.07446232417343387,0.006737711056250327
-330.9414,9.758274,162.12332,4.850753,-84.18081,6.950881,58.047844,6.213968,-51.52036,4.585942,36.464607,3.6806836,-33.353737,3.8476045,21.304293,3.2488387,-13.531172,3.6752048,8.062952,3.050144,-1.3233746,2.873378,-7.011286,3.8250043,8.225277,3.145795,1876.5901237061378,101.28393903645015,1694.1149754846178,66.66013971537996,0.00069306674,0.00081937347,3679.6297219402554,0.008620668,0.00068021717,0.12090455517691415,0.013767157821153097
-365.73288,3.7256117,167.31505,3.2361298,-36.978664,3.2202342,49.573296,3.4051173,-38.701267,3.1472578,34.458256,2.9048316,-25.207989,3.2602494,23.172083,3.1576395,-6.4851685,2.9054646,7.4806237,3.2556775,-6.3980184,3.040054,-6.335394,2.9974804,7.515471,3.203979,1437.019119608138,61.80167553089593,1728.7743400121983,42.71305528184325,0.00027325953,0.00014150371,3051.3198321490718,0.009400686,0.0008554373,0.07005872969837587,0.007047101522922696
-342.0366,5.5022726,174.89853,4.8744407,-61.69365,3.7160487,71.49785,4.232544,-47.53232,3.6118686,33.04656,3.7687187,-23.7211,3.5935674,13.49604,3.600953,-9.202438,3.2795691,7.93854,3.0908954,-5.8053346,3.2755258,-6.3010125,3.1816611,8.466715,3.2236545,1556.4093217036118,88.75465883247455,1648.9558208076078,50.302768101681984,0.00040753922,0.00063882873,3448.9346745395883,0.009810737,0.0005893746,0.08339639827436195,0.009433181453457408
-376.76492,8.485167,176.86844,6.748014,-35.977238,4.7236876,63.306744,4.194465,-27.660582,4.103927,33.328537,4.264558,-19.388945,4.4044538,18.77503,3.7561772,-4.1681614,3.7800288,9.00309,2.98942,1.9018161,3.135978,-4.307307,3.1040175,5.6586633,3.2676952,1186.6752355995243,131.39681970778594,1567.7485388073706,111.01968544228794,0.00022226488,0.00064414745,2602.5448969511312,0.010260699,0.0009263392,0.04710837804524362,0.00983087579721689
-371.92728,3.2293396,193.0743,3.57486,-49.292374,3.3716097,62.03996,3.2695405,-29.838314,3.169108,31.247665,3.1000772,-18.11562,3.1445472,12.538344,3.1734867,-7.1999464,3.247943,3.638271,3.006041,0.54570425,3.106008,-4.2075677,2.9388258,4.049607,2.886838,1119.7831452499763,50.18271539146107,1389.9920837921363,33.284292640994984,0.00017061787,0.0002487304,2320.065243891386,0.010307968,0.00067758793,0.050737066777842225,0.0050024248313731015
-371.82178,3.5631835,174.00226,3.7107596,-47.631535,3.2616932,49.280617,3.143419,-44.216003,2.8983746,35.642742,3.2593393,-28.707335,3.3860183,22.519577,3.0603075,-13.082428,3.141941,4.991071,3.176516,-0.84497595,3.004968,4.8460126,3.3547509,13.543289,3.530451,1460.2823871014118,66.22711978959929,1676.2662478459074,45.89645406099213,0.0003057115,0.00025972998,2939.082382449971,0.008655602,0.00085065904,0.07736595490139211,0.0071275291227936915
-379.85873,4.437857,185.69162,3.782355,-39.06582,3.3765707,56.164806,3.413295,-29.659351,3.1733012,32.59358,3.0663333,-11.209874,3.430598,16.677404,3.2898605,-4.7935395,3.1515894,3.850569,3.1235356,-0.37103447,3.1628234,-1.873668,3.3584294,5.283092,3.2714932,1106.3592853743462,62.54051495970052,1435.820684610317,41.362315579650655,0.00016456742,0.00024516133,2290.4133736948957,0.010082096,0.0011209005,0.04581686847447796,0.006642133095922447
-361.7234,3.6875896,164.55014,3.2907953,-46.514847,3.0528526,58.618244,3.5430322,-44.107758,3.1774678,31.796806,3.0174043,-30.667706,3.2652826,25.952345,2.961542,-7.6758223,3.0574176,1.8474817,3.0574677,-4.5397525,3.142147,-6.4194083,3.2575665,2.294926,3.1738763,1577.9848042519955,62.76423415954995,1772.130917442828,42.623153352083015,0.00035659038,0.0003906814,3428.0509647803074,0.009056082,0.0007677525,0.07768430068155452,0.007404924226650386
-366.91342,3.3209252,189.75674,3.630944,-47.884068,3.2539663,63.957134,3.077954,-30.855686,3.3108847,30.596859,3.0920384,-19.075624,2.8205254,12.029327,3.2288558,-7.871388,2.7659447,3.0384648,2.962599,0.22027996,3.0800931,-4.7205725,2.8783956,5.123781,3.135998,1156.4763520205179,53.4267300476022,1427.5913192249577,33.51816673971121,0.00018999075,0.00034321233,2443.24415875145,0.010426034,0.00070068554,0.054873296113689095,0.005470821014399375
-365.94534,3.3093667,180.96179,3.450255,-49.562195,3.273789,55.592346,3.212161,-33.484993,3.1020455,38.558495,3.1145134,-12.14372,3.1833274,16.647022,3.162773,-10.227443,3.2467592,2.2358923,2.8374817,-0.0795947,2.9596868,1.9399474,3.115102,9.218663,3.1858096,1263.6454378452402,60.8863724560996,1514.300820847666,37.62090674436716,0.00022249657,0.0001766974,2630.847819388051,0.009736022,0.0007776162,0.05934033316415313,0.008101544524804386
-337.44244,23.336905,157.08153,11.187025,-65.88091,8.240078,76.33599,6.609906,-53.208473,6.7772512,44.386436,8.248788,-38.8469,6.6042285,21.488644,5.17657,-15.25461,4.635111,4.843133,3.7385137,-2.8621132,3.470257,-5.615056,3.0725877,6.4180436,3.358543,2003.4624398498079,280.1842501422684,1922.38462045925,173.1733203800516,0.00086614134,0.0017514701,4341.488442122245,0.008543085,0.001167455,0.11934907917633411,0.02651722116895034
-353.91653,3.6467369,160.56432,3.8810854,-41.09332,3.6121094,50.63982,3.447252,-42.508892,3.3847945,30.576084,2.8560302,-26.964533,3.2445931,27.018215,3.3550928,-4.5086803,3.0800633,1.3162683,3.0400908,-5.9071913,3.4519737,-1.0086582,3.1679664,4.293973,3.08455,1594.6413287837427,69.48019141369349,1801.3951784626634,47.097080921537916,0.0004066242,0.0006929658,3523.4015869707077,0.009199015,0.00093879504,0.0815316397186775,0.008145411225770253
-369.51306,10.684084,173.96915,5.4656935,-36.08937,4.703023,58.465714,5.6163363,-20.821333,3.5933444,24.241966,4.425286,-10.23863,3.4566975,14.71283,4.952907,-1.4938587,3.4396694,7.80088,3.1306396,2.927031,3.3204343,-2.5427632,3.4741797,6.474386,3.1667352,1159.3767268348324,100.61755629996463,1482.6694391171147,70.38814186630884,0.00018769292,0.00042419095,2551.709550826566,0.010632254,0.00223726,0.04794899216937355,0.009357784124204455
-392.4717,4.0675,186.65724,4.125044,-31.290592,3.7262397,64.42888,3.3882382,-25.58059,3.4976635,31.118437,3.6681504,-16.611149,3.3645093,14.463046,3.2797909,-4.4941425,2.8356373,5.966031,3.1198044,-2.0759091,3.0285885,-6.7332897,3.4396832,3.8375301,3.3786151,1029.5122492997561,68.46873692421356,1428.599849913133,68.72384752057205,0.00013687789,0.00023213089,2159.7403046149943,0.010194587,0.00084064394,0.041459723027842225,0.009408914862453615
-337.01324,20.193357,146.63332,13.578572,-62.790535,7.6328745,60.815,8.803375,-40.651756,4.1151476,22.31583,4.8324823,-28.147295,4.125634,17.478249,4.493049,-16.313887,4.7215986,-1.0281535,4.6071873,2.9220722,4.2675896,-6.309693,4.114369,-0.11596492,4.2780495,1894.3798460709577,223.1050467864302,1749.527227098229,122.6264966729943,0.00071406056,0.00095417193,3757.493984284368,0.008301545,0.0029149228,0.12540104770881672,0.025580063497201443
-375.5338,46.578514,181.56204,6.7732058,-61.387802,23.133026,53.67219,6.608408,-36.853226,7.5044885,28.620909,6.5297723,-23.905188,5.223158,14.656011,4.325335,-5.47139,4.750474,5.9665713,3.915859,-0.5760806,3.5067213,-2.6662717,3.2759666,6.7588067,3.5760894,1370.3641053402412,220.68814248076364,1465.7597479982173,71.011852565605,0.0003005641,0.00023887186,2684.5059636020883,0.00834568,0.003502479,0.0752757486223898,0.027389950652681724
-364.1104,4.067799,173.40756,3.8390296,-46.55168,3.3920496,50.12661,3.5219455,-45.75222,3.3872902,38.813713,3.212694,-26.089592,3.409038,25.253119,3.209453,-12.021323,3.1035988,3.8366697,2.9634488,-3.228576,2.992609,1.8238913,3.0885715,13.461726,3.437059,1474.3011068051778,58.77150892597291,1711.6417926362208,42.542884434925256,0.0003553101,0.00079185475,3071.229301859774,0.009057169,0.0007366067,0.07671000398781902,0.007152207066214561
-336.51712,9.952614,168.73213,7.028663,-64.9819,6.459666,74.61628,4.6689887,-47.381363,4.6123357,34.278862,4.3519154,-31.746199,4.465551,19.387306,3.8068073,-15.301276,3.308689,1.7728274,3.2215638,-1.6353585,3.575616,-7.181791,3.376201,8.661856,3.5581245,1694.9418984866938,147.0530173185634,1729.7622202171008,98.92071754886533,0.0005536978,0.0015274503,3607.785763486079,0.009563391,0.0008105014,0.0946393289588167,0.013193581409137109
-371.23077,3.6210413,167.54887,3.553544,-35.46263,3.5448406,48.342236,3.2758248,-38.859486,3.3602097,31.19321,3.1274166,-24.701399,3.130415,22.763538,3.6808746,-6.884391,3.2445383,5.753069,2.9162347,-6.512901,2.9782238,-6.8286476,3.0077333,5.714438,2.9631054,1417.3117549855497,66.7642402129343,1701.3754190245127,45.38006812582408,0.0002737113,0.00035817557,2962.7639097846577,0.009260165,0.0011580505,0.070303436774942,0.008218836117017566
-366.957,3.3167284,187.52258,3.354922,-48.255096,3.4279866,61.863907,3.4423242,-29.903019,3.2072759,31.494438,2.9434464,-17.306307,2.9550545,12.210119,3.0240846,-7.462574,2.9336593,2.8007567,2.8373764,1.4132434,3.0394344,-3.0548909,2.9608498,5.0417237,3.0946417,1175.3351374775198,52.527260092066946,1438.7373102617266,31.294530537263718,0.00019101358,0.0002800317,2480.739910364704,0.010284795,0.00078421016,0.05304705626450116,0.006736377110178808
-369.05212,3.8653805,171.8783,3.3742416,-42.777836,3.326155,49.544384,3.3280473,-44.21147,3.4189649,31.716808,3.2604897,-29.059994,3.4308765,22.497688,3.3689804,-8.307762,3.4881468,7.0884886,3.5491807,-3.2824194,3.1215222,-0.9589466,3.23562,13.069922,3.116766,1428.8204226565551,62.43167181015679,1675.0907411931287,42.06924530108093,0.00025133335,0.00016272604,2937.833356746665,0.009568161,0.00089542486,0.07254885078306264,0.006616223934481051
-349.00534,4.1515303,142.8442,4.1337886,-40.061142,3.8881254,67.61599,3.7577896,-43.32716,3.6796653,24.884237,3.386678,-28.82499,3.4718378,23.87782,3.1996486,-12.857687,3.2212126,4.0063868,3.3526618,9.025265,3.157721,-3.6694293,3.163121,1.4310155,2.9570298,1868.6796512143515,91.97077851603198,1938.400581472092,37.993814656473845,0.0005718969,0.0013652637,4221.631935632976,0.009160649,0.0011949496,0.08871651138341068,0.01035555142715046
-363.98434,3.2201543,186.94235,3.1734936,-50.224987,3.1163387,65.578384,3.160156,-32.817753,3.1585286,32.83739,3.2331934,-19.461975,2.9272416,14.710939,2.9925165,-7.329692,3.1753788,4.017201,3.0864644,0.41905183,2.742581,-4.6492853,3.16441,4.8703127,3.0025427,1207.3564426047933,54.8309590253623,1474.8267791079413,31.988416035853767,0.00019925127,0.00017563323,2593.0772821200694,0.0103913685,0.00070340926,0.05578641603828306,0.006289346201175322
-336.05292,14.849695,167.12614,4.302052,-66.17487,4.484182,60.433784,5.82879,-32.888794,3.526289,33.252453,3.9161117,-25.58407,3.4234433,17.591976,3.1749597,-10.494571,3.5482118,8.435462,3.780359,0.34623787,3.3329325,-0.11697092,3.0557919,9.080898,3.1622605,1604.0093420963121,85.63803622335509,1639.5250142289808,48.354333979464705,0.00044893578,0.0005563387,3239.8227912920534,0.009559038,0.0017394077,0.08964322614559164,0.01100168863934175
-371.57565,3.1140501,191.75372,3.9459941,-46.591557,4.2323956,59.754337,3.3514564,-28.797487,3.2817285,29.857258,3.15753,-16.912012,3.1118753,11.944062,3.1520617,-6.668922,3.035436,3.1516907,2.9561121,1.2693597,2.821279,-3.6423342,2.8351982,4.053244,2.8146062,1117.9319963834396,49.41288562855713,1387.977222377777,40.80022041723161,0.00017684228,0.00039691932,2303.9028512906034,0.010235587,0.0006895008,0.05076199064675174,0.005588106225372036
-369.4914,3.2477722,191.77277,3.399402,-48.330593,3.257206,59.712627,3.2110672,-30.030933,3.517573,29.985046,3.12608,-16.631413,2.841608,13.577438,3.0537412,-5.7160845,2.7467813,3.1480935,2.7019706,-1.7983732e-05,3.1367393,-4.87912,3.0411735,3.6512094,2.7578773,1134.1864842891318,52.22206116651135,1393.228610548554,32.94858516519979,0.00017477434,0.00027825,2339.9747136020883,0.01021793,0.0007243844,0.05304252465197216,0.005714282541020155
-369.1532,3.964592,172.16977,3.7673092,-42.663673,3.2592123,47.96825,3.5757332,-45.47892,3.625526,33.221455,3.3311346,-28.382984,3.2315648,22.825325,3.4012036,-11.54631,3.017235,5.4223237,3.1515834,0.071392566,3.0883899,4.2214737,2.9620724,14.547655,3.2191038,1433.3017462881435,53.611309543112704,1682.222500322115,43.14842644192061,0.0002615846,0.00063687505,2911.129187209977,0.01014244,0.00072390115,0.07046997353538283,0.005558719645606265
-362.8819,2.9719727,184.58026,3.6314366,-46.32789,3.7931335,62.900562,3.5047429,-30.28377,3.4394443,30.61402,2.9932663,-17.85494,3.2267473,12.984512,3.083416,-6.638227,3.1309178,3.743398,3.1348817,0.9425677,3.1170819,-4.3530555,3.4226484,5.182234,3.0959618,1192.3519242664452,57.59970770159824,1468.435051570385,35.933420670562086,0.00020388736,0.00033707416,2553.483167325261,0.010505522,0.00086243986,0.05472828451276102,0.006284861379142512
-328.1127,13.134173,156.48058,7.5345607,-68.94882,5.5399923,72.994545,4.2581654,-48.38207,4.4853506,42.198456,5.163183,-35.338123,5.122255,22.418001,4.8064265,-12.95046,3.8528209,12.458424,3.175605,-2.7917168,3.580433,-5.126746,3.0002005,6.117082,3.7932072,1973.3828785947258,189.6974280751227,1891.4274919621216,112.59906256736012,0.0007847905,0.0007907387,4155.883222610933,0.008926022,0.0006148714,0.12045026102088167,0.01747253365928509
-362.42078,3.677317,187.12901,3.0800087,-50.286007,3.1749663,64.26016,2.956723,-32.052475,3.1044228,32.89035,2.943492,-18.345549,3.0567086,14.025541,3.0169134,-7.2169976,3.0378063,4.659897,2.852664,1.3144808,3.0484095,-4.72467,2.9570115,3.9583428,2.8332124,1207.3554811325278,50.17453788652332,1465.9715194132077,28.69339731860034,0.00019949583,0.00018172758,2580.612005601073,0.010409213,0.0006563566,0.05574449862238979,0.005874051503121732
-368.15515,3.8593128,171.19298,4.305744,-38.920383,3.784994,49.54989,3.8228114,-42.110588,3.4995642,35.49809,3.3633506,-25.721596,3.5725827,26.438475,3.8573787,-7.0009947,3.8615696,8.077226,3.262337,-4.7395725,3.0463772,-3.7196393,2.9937892,9.866964,3.3683944,1420.6768729928622,75.12694861259769,1710.580245130981,53.36121190794185,0.0002891854,0.0005674757,2951.5226784549013,0.009645435,0.0010771028,0.070791718024942,0.00758034044738202
-365.48468,3.7501135,166.52336,3.8197126,-38.84114,3.3168979,49.221596,3.8218393,-42.107246,3.4020274,34.144016,3.2468872,-25.292051,3.1901107,24.030167,3.0880377,-6.368385,3.2426047,7.594181,2.977127,-4.5826106,3.1471,-4.7578783,3.3658137,8.5098505,3.1341996,1473.3492000512745,64.7993576964452,1737.835742467094,45.87540751706597,0.0003133981,0.00050676236,3155.013946037558,0.0093455035,0.0009885505,0.07342231909802784,0.0068663104595019986
-366.3251,3.3327608,174.3217,3.2993727,-43.42754,3.0526927,49.00424,3.372941,-43.13409,3.5595243,36.527485,3.2497377,-26.336422,3.3548925,23.012602,3.3065321,-11.533189,3.1875927,3.7151635,2.8452194,-1.2747843,2.9406037,3.9686038,3.1159308,14.983964,2.961635,1411.0533904453482,54.365865513460484,1671.0816530500158,39.472288023632096,0.00027940323,0.00046218876,2870.136163627465,0.009506627,0.00071702554,0.07142274506960557,0.006294127182375054
-364.24347,3.7593257,163.02328,3.3433166,-33.848312,3.5002627,56.165047,3.290387,-41.16854,3.253966,33.95462,3.1243682,-28.27119,3.1981087,20.786663,3.335274,-7.0734267,3.158149,14.65792,3.05964,1.2228341,3.20177,-3.8353977,3.073753,2.1060672,3.296748,1492.227559084547,59.634258368619975,1811.2920421664246,42.29703140769306,0.000303673,0.00061367446,3425.228166690835,0.0098962365,0.000963745,0.06417329792633411,0.006359951495774664
-365.4447,3.3047428,186.04887,3.4949837,-47.03567,3.3314528,60.277454,3.2568269,-28.255676,3.0635633,30.40658,2.911435,-15.691923,2.820953,12.89259,3.1112764,-5.408167,3.1432676,3.8447104,3.1335664,1.4294304,3.0683992,-3.6748252,3.1137383,4.5014653,3.062119,1170.8354755296489,58.073735481152724,1436.6168026858236,33.45822467569648,0.00018294866,0.0002070496,2473.0708925464037,0.010424731,0.0008477897,0.05123441125290023,0.006960028173220597
-372.15244,3.7132862,175.47563,3.6791136,-47.255222,3.7072783,50.635227,3.3541577,-44.57836,3.157601,37.849976,3.3803504,-28.766594,3.1670048,23.356348,3.4082057,-14.840417,3.065847,4.5135074,3.3130965,-1.2789681,3.445705,4.5884776,3.2055004,14.457159,3.412767,1444.8005239875665,64.0026595453374,1682.5414775639697,41.61303494521196,0.00029443429,0.0002885183,2921.6709641458815,0.008855096,0.000810874,0.07582407373839907,0.007613561522183663
-364.91953,3.4009705,162.21353,4.0474606,-30.925472,3.3256872,56.016323,4.0606074,-38.91929,3.5415525,31.3262,3.2857833,-24.902342,3.236184,18.130884,3.0866582,-7.1248965,3.2635777,14.430449,3.1927917,-0.21868213,3.1640925,-4.710274,2.9463577,1.7574356,3.0842323,1450.0341932312797,65.65329169942743,1778.143392113985,46.76460623420786,0.0002586347,0.00028577662,3344.7909113979117,0.010045145,0.0008268183,0.062399171621229696,0.006163799763617043
-367.694,3.6342814,174.86818,3.392902,-42.627388,3.1763074,49.33095,3.1807244,-41.23215,3.5667326,34.27906,3.4562435,-27.42552,3.487643,24.777054,3.526661,-10.277457,3.1877308,4.7813134,3.1043024,-6.2758946,3.0984044,-1.2327874,3.1693208,12.833377,3.2546437,1397.5190761014278,60.97673842552575,1668.1019700349757,40.97964198125807,0.00027636308,0.00029044514,2818.5014410527842,0.009286506,0.0009040226,0.06931894395301624,0.007380776873402894
-328.14706,5.5653105,152.8389,5.3502626,-80.0416,4.2145104,72.845085,4.321254,-60.462177,5.617336,41.853664,6.9456186,-33.854782,4.197958,27.185585,3.6955955,-16.684975,3.397453,5.2764664,3.3348846,-7.4554048,3.4493744,-9.160547,3.4835086,10.839122,3.9437559,2141.8636917574786,118.26997311322208,1881.4689880991855,59.43740158475311,0.00096982066,0.0010762574,4319.905277969113,0.008334568,0.00051399635,0.1417782953886311,0.01457141541316474
-392.13586,3.954321,182.80762,4.2623343,-27.255764,3.8544912,59.04038,3.4360757,-22.667778,3.6627371,27.517918,3.3931446,-13.505948,3.1825936,14.649217,3.360211,-0.82659125,3.0581803,5.3291206,2.7723525,0.7828884,3.2318974,-3.5373354,3.0251777,5.5017533,3.086586,1012.3624589715336,71.4109765777763,1417.582275535742,61.6635316069668,0.0001393402,0.00031066037,2120.5208975311775,0.010261643,0.0011330633,0.03849038391821346,0.006527348789059876
-356.9931,4.3099384,169.78807,4.3862467,-47.691765,3.8059165,61.89579,3.8227155,-34.10904,3.8745832,43.20279,3.3057625,-18.965168,3.2958195,22.845083,3.1112726,-11.708223,3.1755126,6.2724705,3.0315008,1.3149287,2.8164947,0.39824915,2.9083633,10.169302,3.0271769,1427.9969262294774,81.50224685986711,1712.3748025707116,55.18585468345287,0.0003305776,0.0005611516,3163.1076325949825,0.009856213,0.0007994106,0.06343917669663574,0.009444095373621848
-359.88333,3.4488525,161.79004,3.5065954,-31.480055,3.0201108,54.20606,3.3422298,-41.163067,3.1121342,35.024254,3.5531118,-29.249727,3.1312149,17.918829,3.1258602,-12.55089,2.996183,10.59496,3.0414176,1.7058316,3.158566,-1.9968293,3.1881871,2.9281886,3.2118158,1509.3907328118266,72.09434387659908,1833.952091289227,51.411923069601215,0.000294346,0.0004138779,3473.5904419228536,0.010311741,0.0012082374,0.06742359701276102,0.006957493238387968
-354.82608,6.995962,184.43236,7.755054,-52.042732,3.9696712,56.050297,5.6904254,-34.434834,4.219969,35.747025,4.1269703,-19.258896,5.9074764,16.47881,3.1462667,-8.105023,3.768472,3.7376645,4.277633,-0.90775377,3.849156,-2.246983,3.3361313,10.322541,3.3825154,1279.3385020041246,111.76289644305614,1503.7310223968555,107.36314406738684,0.0002449951,0.00024725182,2620.9305553037993,0.01019753,0.0008879756,0.06242409549013921,0.0079047327039617
-363.74533,4.1732554,157.67749,3.6575716,-22.288446,3.2687387,49.302345,3.2275794,-34.202816,3.51488,28.332027,3.6672866,-25.398514,3.6725044,14.87861,3.568561,-8.779552,3.2365057,6.92577,3.1129053,2.3735764,2.9137099,2.6478348,3.257199,11.216883,3.2602057,1408.1067521687464,82.78675868270719,1773.7858659852534,59.337295126071446,0.00023288037,0.00039670983,3176.6720517328886,0.011300523,0.0024754042,0.057890217154872387,0.005789962564535635
-371.06018,4.13846,178.09587,4.7433267,-38.50217,4.0414486,55.495953,3.653184,-29.193169,3.628174,34.51214,3.6760557,-13.495366,3.4096842,18.283117,3.4945478,-8.082983,3.0521588,2.4205189,2.984372,-0.9577318,3.244013,-2.3146417,3.033358,6.0240636,3.0613377,1204.6451224438115,71.23137765511284,1533.99581279179,64.49963702030745,0.00023379238,0.00069124333,2548.8118111948957,0.009966268,0.0011336872,0.0499032500725058,0.007180071031826302
-368.28293,3.69099,174.52518,3.6876519,-45.747906,3.5389338,49.083927,3.6543667,-40.571445,3.6283221,32.857304,3.750526,-27.324022,3.5324645,21.215805,3.1147428,-10.924354,3.0691938,3.8702059,3.2028449,-1.5218039,3.0608528,5.8394513,3.042409,14.377111,3.095907,1407.9936171739344,59.2401902393477,1631.1207454802613,42.791227611894534,0.00027642533,0.00031738364,2792.4967259099476,0.009223013,0.00087247306,0.07372253842807425,0.007413248232451186
-371.59344,3.4765084,192.40897,3.3833141,-47.11595,3.1199093,59.237385,3.1338978,-27.590559,3.0581484,29.87684,3.0002794,-15.864345,2.9741826,11.78483,3.126152,-6.645843,2.9350593,3.1950836,2.8394485,1.3625245,3.0515063,-2.9029696,3.1311934,4.4417977,3.2118883,1103.2112100232343,49.895349296650785,1373.2104586534142,31.404738230688718,0.00016302882,0.00020808146,2268.9051510839618,0.010306981,0.00070952106,0.05032582294083527,0.006086875460784412
-345.33182,25.47294,168.68536,5.696442,-90.04084,13.969688,58.733437,4.127754,-39.941044,5.2566934,34.767452,5.1636195,-29.308472,3.5914223,7.611547,4.000406,-15.423921,3.9994242,6.5465546,3.6391892,-0.6839975,3.0463667,-8.3576145,3.490484,6.611968,3.2341642,1737.3687579221646,140.7860909088965,1514.894274161163,49.831543820599826,0.00055370614,0.00086282723,3257.5589562790024,0.008263676,0.0016687368,0.11818898636890951,0.02058581931107531
-366.7975,3.6267729,164.89584,3.603511,-34.806526,3.2834165,58.513786,3.319745,-42.029583,3.3384273,33.88782,3.0603673,-28.370575,3.4682362,21.58376,3.5213556,-9.152094,3.3502743,14.452726,3.1993897,0.42899275,3.3165927,-5.7113748,2.9559422,3.0330975,3.1868615,1482.333862981635,66.52247359406275,1805.1275950751556,49.558799814647344,0.00029606462,0.0004770355,3381.6371696454466,0.009835282,0.00093692984,0.06289311738689095,0.0063110638357394555
-385.52966,4.1787343,183.07964,4.211185,-29.95539,3.441662,60.749935,3.3976114,-25.661407,3.814874,28.468882,3.537253,-16.504135,3.4372597,12.328326,3.5272717,-4.504773,3.2914755,8.662418,2.9973536,1.9853938,3.100778,-3.6746414,2.9783404,5.3099437,3.189736,1064.288286159756,81.77716869147513,1452.6283380150924,81.44685588205921,0.00014901238,0.00022328876,2244.599110897622,0.01012233,0.0009267567,0.044733813080046404,0.010047998962180157
-347.5388,26.932392,178.56903,6.306433,-67.33343,11.17652,63.04186,5.044409,-46.922535,6.2239504,32.535446,4.1945095,-27.784718,4.888489,19.311548,4.3400207,-11.576992,3.485075,3.271111,3.8307188,-5.425528,3.1167355,-10.616727,3.8489764,5.202571,3.3586843,1535.955526666987,167.1771315731261,1592.9527544908576,65.22324109779892,0.0004196342,0.00046527636,3143.897617278132,0.009193717,0.001999699,0.08475928074245939,0.018527365719287554
-376.87146,3.7809863,181.26233,3.1433506,-41.61968,2.79651,55.5986,3.1827536,-29.226173,2.9510057,35.65538,3.0937946,-9.804056,3.215256,17.404789,3.0631487,-5.7109427,3.0887392,4.159036,3.0778584,1.1020303,2.9484777,1.3500379,3.1388984,8.722071,3.2115674,1162.1279639940262,61.843463609019906,1483.9353846023519,36.502519324243146,0.0001711699,0.000105166844,2444.9428337079466,0.0099450825,0.0010785664,0.04825940762761021,0.007197379696232144
-371.73328,3.6918387,175.46788,4.271701,-45.26939,3.5748906,48.72523,3.7367783,-45.75318,3.426987,36.686527,3.398791,-27.419262,3.3120599,22.979187,3.6193862,-13.778804,3.167735,5.828645,3.008023,-1.3041745,2.9220252,4.0378366,2.9807,13.821309,2.9569983,1434.9677301106806,61.17531065525847,1683.5035040216853,44.663784259065594,0.00032518175,0.00088559656,2920.2470748441124,0.0089262575,0.00081148924,0.0731504223462877,0.006748540877370727
-388.90363,4.173646,181.79796,4.421066,-30.697752,3.9843597,62.474957,3.1528993,-25.369188,3.4054048,30.009987,3.509272,-16.142473,3.2566195,16.81908,3.4395852,-1.2590791,3.0126064,7.264176,2.9644363,0.9406296,2.8948317,-5.3107123,3.0163717,4.850194,3.070326,1065.2323018564289,67.66218524940659,1466.4663972975093,63.14530374635281,0.000140445,0.00021421039,2279.8965772730567,0.010314018,0.00079732394,0.0398487347737819,0.006039958063559493
-356.7647,3.547192,156.9811,3.328842,-48.502678,3.218016,58.617622,3.4009192,-48.805622,3.121423,33.21721,3.1620173,-28.430563,3.1781895,28.01634,3.1868396,-10.201553,3.243895,-0.055694137,2.9019918,-6.1774273,3.2992897,-5.8241577,2.896555,8.550544,3.1344628,1733.1247044173863,68.01884228549389,1856.4509364186208,42.239589194099715,0.00045468588,0.00036817757,3890.8149878552786,0.008668741,0.00085610675,0.08950841067285382,0.008373558277581534
-363.5912,3.6418712,183.3259,3.355155,-39.536945,3.1992054,53.026836,3.374908,-22.88662,3.0463564,23.13771,3.0697646,-13.521346,3.2528377,8.660007,3.3216274,-2.8382077,3.0320568,2.5846038,3.22526,2.1240323,3.0896084,-3.722438,2.7188218,3.2208083,3.0529263,1126.9651526166858,62.04632549519394,1391.2772369346221,37.34095210575894,0.00017646031,0.00024242041,2326.9099047455047,0.010261153,0.0012727682,0.05299834142981438,0.006443235152259959
-334.48715,8.110479,164.14082,6.9785056,-84.868256,7.1378717,54.22073,7.7176924,-51.991978,4.5693593,29.054653,4.1986017,-37.00706,4.2098446,15.614457,4.580966,-14.198924,4.721377,5.7402234,4.6655326,-4.3387847,4.317234,-6.7521796,4.643992,4.7023616,3.4375505,1807.3118690712083,120.39610219427975,1628.0439218013632,58.85682561957136,0.0005817815,0.0008099922,3473.865227577581,0.008955639,0.0008713339,0.11575890915023201,0.015722754483828046
-391.14987,3.9831958,183.29369,4.5675364,-31.283749,3.881387,63.94482,3.8291621,-24.166826,3.7589262,31.790838,3.771638,-16.95947,3.1311321,13.985172,3.5963748,-3.0058956,3.004447,9.154759,2.9795146,1.1329238,3.0660005,-3.3765266,3.086928,5.1282873,3.290738,1051.657104900811,73.21302736411526,1458.0104133127725,84.62824242852301,0.00015941304,0.00060699624,2232.0339123223607,0.010248103,0.0008706769,0.04138948303364269,0.009600390394841824
-370.42865,3.6133313,190.47784,3.1431613,-46.958557,2.9387343,60.629837,3.0826712,-28.270063,3.1122725,29.71812,2.772786,-16.889101,3.0306823,11.773913,3.103743,-6.1229663,3.1925678,3.50329,2.8067944,0.33978608,3.0172837,-4.592167,3.135963,3.2716923,3.0872808,1127.991323509416,51.43909882080188,1396.3343293428259,31.520011168874372,0.0001601932,0.000112606314,2345.295563098173,0.010264231,0.00074017816,0.05179179959396752,0.006001709573947136
-366.33795,4.0681434,170.8742,4.051407,-46.7321,3.310003,49.592697,3.2909925,-44.797977,3.433184,35.92505,3.4865608,-28.012398,3.3053484,23.048265,3.3946686,-13.21054,3.4303765,4.2007656,3.2313545,-0.5819464,3.1499534,4.401124,3.148663,13.232228,3.214809,1495.3537311980117,67.28430830238052,1710.1543554255093,44.38742784725671,0.00033861448,0.0005678853,3089.5649991843097,0.008936001,0.0008944583,0.07917293539733179,0.006712542741849169
-371.58734,3.67149,163.46014,4.1775684,-37.293053,3.7286127,48.20752,3.8648646,-38.45525,3.4370115,26.6652,3.4949224,-22.719572,3.0797024,22.021162,2.96696,-5.039412,2.8813262,6.940284,2.9352698,-4.577755,3.1917412,-8.619998,3.151933,5.298341,3.008116,1452.4006795226946,63.4372256763532,1685.127075232238,58.71093872033464,0.00035312917,0.0013334603,3046.723417560905,0.0090797935,0.0012732521,0.07502650993329467,0.0069388832500163955
-353.62256,6.161948,162.57735,6.018508,-41.48035,3.9173517,70.54837,3.498019,-22.16448,3.755809,20.63589,3.2797194,-24.936998,3.1768088,24.942911,3.5406976,-9.206195,3.4505706,4.9460773,3.2479248,2.047829,3.1926749,2.5410788,3.2652452,3.4635572,3.0284176,1423.907586784843,108.88530631423832,1681.9898010092402,57.581374224136695,0.00031211792,0.0006146523,2991.2167153059745,0.01033571,0.00156564,0.06567439457656613,0.010365636986372523
-369.35028,3.5956585,173.58208,4.1258807,-45.487324,3.5560596,48.212803,3.7455251,-43.47076,3.3456247,33.148537,3.552552,-27.936403,3.3930254,21.021275,3.6593919,-11.423318,3.2392094,5.12385,3.005182,-0.27820867,3.0674448,5.1682887,2.8842623,13.537512,3.0826988,1426.0085359257116,61.00325462432506,1645.406035837615,45.83705064593766,0.00029885376,0.00080352824,2846.0799285817866,0.009474611,0.00087980914,0.07563827762470998,0.006579051464810455
-354.80048,3.7182019,160.59502,3.4687476,-39.851658,2.9124122,58.072697,3.3042176,-47.11309,3.4531493,31.265253,3.21287,-24.347979,3.0343187,26.117088,3.1475236,-12.052836,3.1832452,16.127432,3.114705,-1.5424547,3.1216314,-14.389124,3.0805526,4.6197453,2.818841,1626.1937084828687,70.09047355865052,1847.8850864725703,42.82655236095847,0.000356663,0.0003575306,3547.2829584179235,0.009757564,0.0009145665,0.07978923470127611,0.006574334586910918
-369.82135,4.1023498,168.15161,3.5396411,-38.111034,3.08096,46.86183,3.5274534,-42.47417,3.081932,31.150568,3.5358005,-27.299309,3.5932016,22.89853,3.4321158,-7.5779166,3.0982025,7.90246,3.2318704,-4.1014414,3.4225693,-2.7599628,3.3187857,10.453664,2.995538,1443.9555749391398,57.61868068254958,1712.797790316309,44.89903742742899,0.0002796232,0.00032285848,3005.280744725203,0.009189313,0.0009008743,0.07150204828886311,0.0065076024851873785
-369.8622,3.58177,173.54057,3.6707454,-45.041855,3.6214385,46.703236,3.681028,-42.607807,3.1956222,34.378174,3.491728,-27.129,3.2272666,22.22209,3.1029372,-12.420012,3.2325552,4.5352216,3.2748773,-0.10178283,3.2665787,5.997598,3.1460621,14.0187235,3.026494,1426.9317190942763,55.201406519145806,1652.0002529537057,42.73817268075822,0.00029106275,0.00059148483,2821.823849423579,0.009215969,0.00085848075,0.0764743601363109,0.006832197746502801
-340.47833,6.3197002,147.09703,4.003435,-71.11843,3.5155404,54.547832,3.675169,-47.97165,3.0100193,28.45161,4.37479,-17.646984,3.495775,13.728558,3.4777935,-16.061949,5.0563684,-2.6200888,3.5262277,-1.7341208,5.2655883,1.1095963,6.750352,15.71326,4.699419,1893.8614367987532,70.07860362600769,1689.0030552265941,35.129924714073105,0.0005698609,0.00072978,3785.39721849623,0.008714297,0.0011376427,0.1155345943300464,0.009323708670653632
-371.3906,3.3313496,192.77904,3.625683,-48.431297,3.1500206,61.463177,3.355878,-30.51819,3.101766,30.372118,3.157786,-17.733501,2.9082274,13.170999,3.159104,-6.660377,3.0430462,3.250341,3.1035657,0.4785688,2.854815,-4.135984,2.869352,4.211472,2.9852135,1124.0643904219964,48.62059833458137,1392.543922575166,33.78546401887187,0.00018590006,0.0004183491,2330.35721568663,0.010267353,0.000697748,0.051429270591647334,0.005170847156518688
-353.5804,9.158949,159.23122,4.9513063,-73.86063,4.487492,56.140896,4.329592,-40.74826,4.043177,32.7549,3.698098,-25.790255,3.259106,11.605192,3.3641622,-12.365022,3.382774,7.8284945,3.453094,3.1830223,3.345203,0.183003,3.065922,7.073318,3.5115075,1759.9030291127872,96.75946317643553,1609.95517024494,52.58744803096917,0.0004393707,0.00033611563,3462.673957275957,0.008471,0.0011060428,0.12102917452146171,0.009839928748089127
-367.42105,3.5028715,168.59012,3.3457692,-34.3338,3.3532264,48.026566,2.933963,-40.321877,2.895041,31.904936,3.0517216,-26.607454,3.0212398,23.357761,3.221211,-4.56902,2.970187,13.398968,3.359918,-0.5354704,3.031871,-6.048731,3.3660314,1.3970279,2.9888058,1401.568701664638,65.53216368631246,1713.611272103326,46.770667769931215,0.00023670802,0.00014854441,2933.311883700696,0.009969242,0.0011156691,0.06829479952146171,0.006357603263818533
-384.87668,4.550831,180.61697,4.5445075,-32.277733,3.8398125,59.06238,3.5778675,-25.753595,3.873981,29.37064,3.771321,-15.736839,3.6427028,14.239163,3.3632922,-3.1973438,3.1299949,8.7862015,2.8598356,1.7264017,2.9635994,-2.3810654,3.4324403,6.972714,3.3890889,1095.218699303989,89.52162314158541,1479.1394029633043,96.15860895260926,0.00016702442,0.00040835977,2334.928649760731,0.010135904,0.0009540185,0.04595961426914153,0.01601521387417133
-366.2535,3.2500477,186.10777,4.0088387,-47.960594,3.7105353,61.406723,3.4327192,-28.206501,3.5746522,31.574982,2.905803,-16.259605,3.151353,13.224659,2.9188848,-5.846206,3.0099404,3.8508673,3.089192,1.7385293,3.0849705,-4.147841,2.8104239,4.181215,2.9723403,1175.2794486866692,51.47345060969836,1444.2860411863549,39.719522202273204,0.00020177019,0.00043885258,2493.3800504821634,0.010329137,0.00071430515,0.052145265371229696,0.0063862156540578615
-364.16354,4.7651134,164.45996,3.951438,-34.910824,3.3424706,50.910835,3.4357815,-40.97156,3.6652894,32.651783,3.4055521,-26.138092,3.2736492,22.972189,3.5117836,-4.7036877,3.3729625,12.992819,3.4303675,-1.9313165,3.1995406,-7.7430973,3.274833,0.79003036,3.4067924,1480.6068842983384,72.40351850761826,1771.2809978645157,48.55586946411993,0.00032119625,0.000692413,3266.801746483469,0.009643973,0.0013736266,0.07112139283642692,0.006948669650400718
-372.41284,3.7333364,171.40607,3.7650888,-44.033436,3.7795255,47.36218,3.6567876,-43.25817,3.2219672,32.920547,3.32898,-25.792036,3.3745894,21.217142,3.464399,-10.03614,3.0591373,4.1591063,3.2755654,-1.8772748,2.987006,1.9745915,3.1157556,12.668465,3.3944547,1446.4004330531686,58.5170795798543,1667.0877738172574,40.89762501106632,0.0003331138,0.0005761489,2965.1370586209396,0.008437077,0.0008395473,0.07524062862529002,0.0061879687619953595
-350.01993,5.2028174,153.38834,4.5475307,-44.809067,4.403591,71.64662,5.062929,-40.35438,4.0363927,31.420946,3.8149788,-28.102587,3.3672633,29.483627,3.6589587,-17.375341,3.9658105,8.25422,3.4468317,5.1157546,3.7819498,-9.91367,3.3551013,5.088622,3.262582,1769.3314432118584,100.11804717357492,1915.9108127554664,37.953646641898295,0.00047905368,0.0006447495,3847.7735621193447,0.009226067,0.0010190855,0.0864416418938515,0.012966311291484518
-373.44742,3.7031615,174.31482,3.9112544,-43.496784,3.59253,50.774734,3.462662,-44.769287,3.2791946,32.80262,3.226848,-30.108047,3.6049795,22.420074,3.3774612,-9.499772,3.19617,6.7237053,3.2133644,-3.7941532,2.9281182,-0.21793456,3.1629457,14.220443,2.879508,1418.5435221271816,53.872241928075,1673.548639598775,42.21398345593502,0.0002823221,0.00047432678,2909.2806291690836,0.009131377,0.0006522451,0.07002360970127611,0.005909861047344506
-346.56177,3.5487843,149.57437,4.2804585,-41.3064,4.041018,66.32862,4.2003407,-45.717464,3.693184,50.609856,3.756349,-27.211313,3.4066675,28.497738,3.093512,-11.98613,3.2965362,10.598651,3.0754678,-2.0048714,3.1624432,-0.21295126,2.9248111,7.60138,3.0441391,1901.0939717023732,81.19502525950513,2104.3609715318066,37.69859852817918,0.0007337145,0.0027560384,4560.617511510296,0.009159746,0.00079442916,0.08831319786832946,0.011823177265983333
-341.40182,5.809156,169.59897,6.0091968,-62.664406,4.1610384,69.98015,4.945718,-34.149113,3.4779725,31.908146,3.3004918,-22.935707,3.5819128,13.72318,3.4985166,-7.661323,3.1933892,7.4484763,3.071551,-0.6683735,2.832007,-4.032548,2.8969018,7.0479712,2.9946263,1550.9813404345837,105.23287572971265,1620.232737666819,57.4775784671255,0.0004097102,0.00065580255,3301.874388232309,0.009572483,0.00077782944,0.08460860462587007,0.01087892859601199
-362.4499,43.776752,165.65921,26.16679,-64.25057,12.0585,69.58435,15.767949,-45.138412,10.220034,34.373737,10.339976,-29.568518,9.7843,19.238533,7.792863,-11.269187,6.149983,6.3956604,4.3011208,-2.0826187,3.8153737,-5.6756372,3.1322594,7.492649,3.8177469,1781.02561403099,658.1916155953302,1676.0602013190362,259.2670187378154,0.00073670055,0.001233496,3556.001157827001,0.007643487,0.001929346,0.11541337369489559,0.07217065930219096
-381.62204,7.1848507,175.90857,4.3798122,-34.9289,3.4791644,55.855377,3.5593548,-24.899387,3.5889497,32.86101,3.223301,-10.513619,3.2983358,15.588426,3.2181733,-3.4613013,3.1987839,3.4141963,3.072024,0.4946458,3.0124972,-1.1667366,3.273508,5.715589,2.9567075,1148.8102142081827,79.53084029014019,1499.1506853154228,55.987609555243445,0.0001680507,0.000228237,2450.188741661833,0.010088496,0.0014547363,0.04411638087296984,0.007672323641030515
-354.75494,5.5390396,160.78658,5.0460906,-44.301025,4.2294903,69.43536,3.769703,-32.607567,3.826951,42.106888,3.6331265,-25.255804,3.3525681,24.220482,3.317282,-8.751286,3.204902,10.500575,3.125119,0.99875396,3.1167717,-4.9711103,2.8804479,5.652612,2.8664114,1546.6876427149555,105.93182826123478,1834.287429564941,66.83740857778164,0.00039634193,0.00089174067,3562.945740737384,0.009960914,0.0007700859,0.06587151972157773,0.008536416005200753
-363.35663,4.090582,161.31502,4.006972,-31.700396,3.799259,52.574944,3.9070525,-40.28461,3.1723468,34.450138,3.2860737,-27.548342,3.0982893,18.206732,3.1706264,-10.079267,3.1213005,9.156423,3.098472,2.6396227,3.0539243,1.0475727,3.201403,5.823755,2.8477585,1489.0046484924608,75.02695731906161,1806.5847486814955,54.94752545789594,0.0003066244,0.0007865416,3395.276530325551,0.010112867,0.001287529,0.0656132178074246,0.0069906531121631706
-374.86478,3.4144444,165.97781,3.0501819,-27.67298,3.2452464,52.18999,3.1985044,-39.012104,2.8244627,28.289001,3.237223,-30.2547,3.1649313,16.367704,3.121853,-10.958318,3.0454152,8.096934,3.1610637,2.3374698,2.8745747,3.372959,3.059763,9.444822,2.9202015,1376.7545263481775,60.48864749030927,1733.7021391500612,46.04007281622946,0.00022070634,0.00029489683,2996.0879155488688,0.01016223,0.0012392809,0.05755601073085847,0.005194029133774155
-361.76004,3.644337,160.677,3.8453076,-38.970673,3.661166,49.74944,3.847795,-38.863804,3.5119328,29.781569,3.4002204,-24.107574,3.2140272,24.321968,3.3169935,-3.2406876,3.3956409,6.223908,3.2780883,-4.798777,3.2470634,-8.135977,3.1443467,0.39544567,3.1975632,1514.7153547080402,67.20456128061943,1740.4766600557462,50.72260337403715,0.0003524801,0.00082746876,3240.6471482562356,0.0095338635,0.0013130151,0.07729911361658932,0.006503434353068038
-366.23825,3.6468575,173.22752,4.8808556,-42.352425,3.8980753,49.348354,3.782499,-44.323807,3.6873667,33.689728,3.0748768,-29.33136,3.4073484,23.74258,3.213715,-9.970297,3.152044,6.0793386,3.1195462,-5.225324,3.0423946,-1.3513422,3.1219053,13.045231,3.183265,1431.9764431107667,70.05932514631168,1693.6579220453568,55.205592539870615,0.0003652495,0.0015445512,2928.565586028132,0.009607792,0.0010656812,0.07288985462587007,0.006976295145562294
-363.67917,3.409318,186.55151,2.998724,-49.69715,2.9972842,64.46244,3.167087,-31.57913,3.115864,32.595417,2.96543,-18.260723,2.9593728,13.895745,2.884801,-7.2666106,2.8693552,4.606316,2.9370651,1.7338836,3.0111058,-4.3041577,3.0754569,4.8868914,3.0689838,1197.9437120152081,50.69020141050332,1467.4960551629683,28.299914431870352,0.0001995857,0.00021442749,2574.3668770845416,0.010346947,0.0006902135,0.05517011673433875,0.006486356919103644
-369.44525,3.3793623,176.44986,4.150829,-44.126022,3.75593,46.594868,3.6800084,-43.833145,3.3783638,32.986492,3.1076498,-27.955698,3.2514539,22.617962,3.0773432,-11.06221,2.8760233,4.2255445,2.9174488,-2.2539058,2.8712232,3.9854853,2.864452,14.3499365,3.2510934,1386.6349520408573,56.16341846097374,1631.0973397076223,46.70276737294477,0.00026906896,0.0005633165,2724.8744743329466,0.009622999,0.0008022736,0.07122108831206496,0.006000683430795108
-366.8103,3.3195148,165.18558,3.5698922,-35.10674,3.1477766,58.361042,3.0876348,-40.503742,3.634477,34.700283,3.4767685,-27.397568,3.4804595,21.441502,3.1398377,-7.1941977,3.0733886,13.838274,3.0427828,0.13620074,3.0976965,-6.080576,3.2902794,1.535607,3.2857478,1458.8412303287394,65.95996990136774,1784.8547140178173,44.25884279316054,0.00027682036,0.0004926014,3321.6089943445477,0.010078868,0.0010139042,0.061794201348607886,0.005843704341662122
-328.53778,8.997927,146.05653,5.820224,-82.100006,6.0318394,79.29466,4.4950633,-51.340206,3.6572914,41.09785,4.0259356,-34.4726,4.0648746,25.021439,4.218317,-16.357128,3.97494,9.997696,3.8619893,-2.6384382,3.127708,-7.0967603,3.3071065,7.3039856,3.1149108,2230.009925403632,130.54342842702067,1883.2360661113348,45.860897184240294,0.0011701041,0.0018224558,4358.000561919954,0.007920061,0.0005196679,0.15547622716067286,0.01748100384760334
-361.20453,7.056669,184.95885,5.313673,-49.40123,4.82377,59.063293,3.8044229,-32.147034,3.5487275,30.604687,3.5909863,-17.914772,3.3146243,15.208923,3.3145146,-4.272194,3.200999,6.014808,3.5494254,1.9822199,3.062107,-4.5829573,2.7771049,3.1139882,2.9848778,1223.6307298750487,76.14204518392269,1469.115259533655,64.78974587607382,0.00027713637,0.0011689479,2566.4980151537125,0.010175448,0.0010077019,0.05753448557134571,0.007698614539555067
-375.99252,3.770356,182.70634,3.6472738,-42.175827,3.2733529,56.978893,3.1228762,-29.363195,3.408809,36.72522,3.3868008,-10.685253,3.2988803,17.151882,3.2590666,-7.151146,2.934381,3.898996,3.1062498,0.8615989,3.1170208,0.91663766,2.8267112,8.118301,3.021182,1158.905323543247,64.9879259923214,1482.1899739027258,43.59779882723162,0.00018547868,0.00026653858,2440.3464191197795,0.010015893,0.0009091268,0.04865705662703016,0.006502589629192744
-362.3594,4.7081094,171.90817,3.6404083,-46.370296,3.370119,59.740917,2.9301834,-32.921047,3.2185328,40.83192,2.8909633,-16.455372,3.156076,23.292412,3.4053297,-9.472151,3.0794296,6.2645845,2.9545374,1.5923103,2.9558818,1.313007,3.1059742,9.904575,3.1110404,1359.6704797428176,76.55023412466309,1659.4422932766447,49.025218654127656,0.0002635915,0.00021818209,2966.8607140915024,0.009876044,0.0009399016,0.059579375725058004,0.008014789646485897
-373.11404,3.2105927,193.73045,3.4929724,-49.67165,3.5849204,62.53369,3.327771,-29.418512,3.198437,30.971102,3.1022573,-17.64342,3.331099,13.402436,2.9060855,-6.750563,2.7769427,3.3633673,3.1007564,-0.35416612,2.9799707,-5.8420777,3.0087306,2.2562284,3.0769386,1118.2970118852427,51.74422437190791,1383.6975564660943,32.55331142947726,0.00017110855,0.0003124815,2321.2393280524943,0.010285691,0.00066634134,0.05128992350638051,0.006267244497677207
-338.85397,13.466646,139.26987,4.903432,-60.350502,4.320523,62.038628,6.317254,-39.910595,5.069825,39.36239,6.821771,-29.548422,4.2919464,20.645298,3.4417436,-17.07649,3.9535618,8.002615,5.3862844,2.0467436,3.509385,-4.85778,5.9525495,6.725392,3.966699,2008.4256456199566,116.03016341282894,1929.1312143683522,53.6666145713157,0.0005887788,0.0006067694,4264.123790059455,0.0088114105,0.0025439993,0.11992346106438515,0.02270207397211401
-371.22452,3.9109263,175.39566,3.84804,-48.375744,3.6602015,51.497242,3.6292515,-45.324482,3.6967463,35.760994,3.5585997,-29.72547,3.5519934,23.874542,3.5660858,-13.282548,3.2645333,4.3114986,3.1441405,-2.289191,3.2814593,3.8662255,2.9840791,14.288308,3.0188038,1453.4790766839399,59.24577106267514,1679.510130324565,44.85172492886103,0.00032638875,0.00061870745,2949.1495296186195,0.00885624,0.0007389241,0.07620926080336426,0.00728717252784612
-372.4166,4.121618,172.36452,4.4515324,-43.191162,3.6306937,49.014103,3.6888936,-44.79624,3.456033,31.887012,3.3283947,-27.883196,2.9053488,22.077618,3.228654,-9.34669,3.4065886,5.905977,3.1675045,-0.87495697,3.2214618,2.6031344,3.4067245,13.895653,3.3071284,1432.039710839378,65.74861826259826,1669.4792086637156,48.29077821779386,0.0002944356,0.00062318053,2941.7802779691124,0.009047662,0.0008617527,0.07155869344547564,0.006033546405697759
-345.17206,18.698177,165.728,7.669248,-55.680733,11.0478735,64.71612,3.7503092,-34.475975,5.26068,30.06356,4.590238,-20.640434,5.8484025,14.61897,3.518947,-6.5540895,3.8650703,6.5327845,3.5262153,-0.4451922,3.124858,-6.7004347,3.0365746,9.210454,3.2922692,1538.8357917017934,171.3658997730289,1639.9874310786658,74.08040624409638,0.00040828038,0.00051552797,3297.003187989414,0.009433134,0.0019941167,0.08258637253480279,0.020383801722889047
-369.13226,4.5940475,171.07391,3.5575385,-39.45173,4.1247077,45.653503,3.9265492,-40.59482,3.7387533,30.49906,4.1925344,-26.378448,3.7142894,20.906006,3.4667516,-8.338162,4.124081,7.0001593,4.7220917,-2.0786521,3.3992271,-0.3717902,4.106543,9.717938,4.0250936,1397.0546256034088,60.05334087801812,1652.427416674857,45.934561938358485,0.00026891264,0.00044750352,2811.9815268815255,0.009444043,0.0011605371,0.07149978248259861,0.0070795304372870994
-381.71274,4.6094627,181.76688,5.32149,-33.256424,3.7738569,57.659412,3.6477852,-24.889864,3.8476417,31.112024,3.9037857,-14.589836,3.963435,12.663607,3.6383693,-4.5336137,3.3830874,9.046319,2.95588,2.651259,3.3178332,-2.844555,3.5446627,4.963591,3.2709193,1095.6517321688307,97.59673963806956,1468.3416410639597,101.81553627403899,0.00019990209,0.0008734647,2304.627286198521,0.010127732,0.001025066,0.04702794192285383,0.01589131199219464
-371.84897,3.2282062,191.7993,4.127471,-48.20911,3.8978565,61.755764,3.3258998,-29.285799,3.377602,31.160347,3.1099608,-17.59525,3.1356394,13.271219,3.2277837,-6.5397673,3.0754383,3.4335437,2.8859751,0.49252778,2.8371272,-4.2680264,3.143347,4.3591795,3.2242136,1121.7933129250043,51.77281547884941,1398.0816717544703,39.7710671273003,0.0001830269,0.00039753158,2327.2596319424306,0.010303249,0.00070752297,0.05118003190255221,0.005832620820473808
-376.53003,3.858544,164.29974,3.5758731,-25.526894,3.5198534,48.282864,3.1197944,-36.69142,3.2092733,24.886024,3.1886966,-27.086744,3.2698035,14.260175,3.0295708,-7.0510125,3.0894225,9.022715,3.23468,3.8610137,3.1477427,2.4202216,3.459552,8.391922,3.249221,1325.1753708066572,72.820585020054,1678.2122644193075,51.92177827664409,0.00018534926,0.00025043692,2835.3133270192866,0.010851772,0.0018911073,0.05422980713457077,0.009158410923288122
-341.94012,3.8643234,148.85481,3.561764,-47.275246,3.493666,67.94733,3.4283512,-44.40422,3.6622062,51.24857,3.3231533,-30.062624,3.4822361,29.14667,3.1946664,-13.411941,3.3057263,8.925851,3.2954195,-2.163972,3.3604033,2.785129,3.0490634,8.831881,2.9096417,1965.6558220145005,86.88839107358326,2101.983824475645,37.62184313814922,0.0006939311,0.0009909401,4606.606637906032,0.0089681735,0.00072114024,0.0991052331061485,0.012007701919346591
-362.94864,3.4604907,156.53067,3.1481767,-29.533821,3.0478218,59.065807,3.2483416,-40.095154,2.7890244,40.66321,3.0197713,-26.80285,3.0782058,22.302715,3.311141,-13.804083,3.2472827,5.4778886,2.7795427,-3.2723527,2.8741865,-2.3425584,2.9729595,7.636546,2.8672416,1601.4767186972826,67.67045581164216,1947.197944341335,39.001712820518655,0.00035810858,0.0006392409,3914.3716126196346,0.009587698,0.0010656042,0.06605958164153132,0.008107733799581547
-349.84048,7.9454694,172.23369,7.3992395,-50.93466,4.7062526,63.266804,4.0553064,-34.555847,4.1580186,37.487686,4.006742,-25.709257,3.8639123,15.283826,4.1462445,-6.0813613,3.750312,10.939981,3.687841,-1.0940629,4.5466743,-7.4681087,3.5612762,7.8959055,3.6301842,1443.1526894490191,110.27155491447039,1649.77632932688,92.70284941177428,0.00035082718,0.00065825984,3113.596253715922,0.009866036,0.0011735259,0.07257830626450117,0.009357087075107464
-372.5976,4.607768,191.71606,4.6106415,-46.14666,3.1507447,59.52654,4.045991,-30.130121,3.7645767,28.950378,3.195754,-17.190723,3.1750565,13.240187,2.9939892,-4.725906,3.2268727,5.0928054,2.9166882,1.8818413,3.0352578,-3.9993277,3.1471915,3.940512,3.4669898,1121.3581439403542,57.60178639062772,1389.2390089657854,50.5328427754821,0.00016140976,0.00011415903,2306.176078070621,0.010175356,0.0011526132,0.051916418938515084,0.005932581142513146
-362.91086,3.3001714,184.84541,3.1879025,-49.188084,3.3621233,63.683456,3.2428603,-30.799019,3.4159691,33.06587,3.0382268,-17.554218,2.9382298,14.381215,2.897688,-5.684237,2.9867232,4.6845307,3.056723,0.48661223,2.796057,-5.549187,2.907793,3.9002342,2.9015367,1213.4828688938494,57.0296728900684,1478.893722090509,29.891623045526774,0.00020309084,0.00021079276,2602.694780035528,0.010308568,0.00077561627,0.05403041618329466,0.006109392090187675
-340.38907,18.029268,149.77762,19.652292,-51.41084,7.2275076,68.87061,8.829465,-39.11528,9.705452,31.114536,6.007913,-24.127762,5.3163023,15.443805,4.4767876,-9.128885,5.6021824,11.793819,4.2812166,-0.009714007,4.368394,-5.1978717,3.6286423,10.915731,5.7248406,1883.6209659748192,418.08952784928096,1840.9334400345629,254.07517570385713,0.00064367306,0.000660727,3957.537940925899,0.009001426,0.0023429368,0.11436430539443156,0.04073320378007045
-363.81644,3.4037619,185.71977,4.294933,-50.08912,3.8257565,64.75956,3.6932826,-31.395777,3.3636863,33.165985,3.0565226,-18.321007,3.1256094,14.885579,3.020533,-5.822106,2.967098,4.833852,2.9843354,0.45988628,3.032909,-5.4852643,2.93878,3.8400292,2.9713829,1217.3275546551029,59.560130034524285,1480.2078363165967,42.539158639008086,0.0002445827,0.00078121637,2612.2872974369197,0.010224162,0.0007713217,0.05540349477958237,0.006139369215892248
-364.83664,3.3645878,185.32286,4.35247,-48.16863,3.9917443,64.16554,3.7001824,-30.423208,3.467242,33.12189,3.384933,-17.014297,3.3579326,15.7536125,3.0079243,-4.564672,2.7506406,5.3821564,3.0071263,0.7389998,3.0963502,-4.980188,2.8260498,4.602312,2.9127548,1191.1376444449108,61.354051840747715,1475.068886324036,44.464977622427845,0.00022207254,0.00063147437,2562.426191360934,0.010343874,0.00074037426,0.05308444206786543,0.0064631407807356515
-365.11667,3.476326,167.4502,3.2848346,-35.146236,3.7382026,48.239494,3.391438,-39.372204,3.423452,32.35854,3.541506,-23.609829,3.2074668,22.645689,3.391381,-5.663851,3.5114303,8.046769,3.5023973,-4.690942,3.1822968,-7.819332,3.4196198,2.0929677,3.481466,1415.6191913609455,63.37462666373292,1708.2122380546066,44.55119237898275,0.0002876401,0.00053266215,2999.2354603212007,0.009596583,0.0011749101,0.0692532355713457,0.006921767793530101
-364.29117,3.5110295,164.4974,4.055007,-33.977974,3.6278882,51.470573,3.7748659,-41.354073,3.4995413,31.937586,3.5282447,-26.369043,3.2021458,22.435442,3.4703355,-5.3834763,3.6523075,11.669968,3.4653401,-2.354656,3.1437364,-7.391758,3.219672,0.51926935,3.080212,1479.5552068474701,79.7399071665188,1770.1064804099994,49.70065628272355,0.0003096969,0.00054338877,3274.220959161108,0.009604067,0.0014344949,0.071781875362529,0.006344211415093759
-364.48743,4.9140115,191.57616,3.9464643,-56.07035,4.3775024,60.155937,3.9796324,-34.525463,3.6290445,34.3949,3.3048818,-20.744658,3.1904035,12.83498,3.3921893,-8.779775,3.1971781,5.2888675,3.6633024,2.3782034,3.3526251,-3.8639503,3.5507896,3.1211572,3.6804135,1219.442128870142,53.97423621255429,1424.0095251882065,41.78236100305067,0.00020297011,0.00028358522,2466.301173234484,0.010167076,0.0008209804,0.06517818300464037,0.008048668663255027
-360.69778,4.899458,173.66936,4.361127,-47.479362,4.0092144,61.83381,3.375347,-34.34178,3.9696467,42.144886,3.672755,-18.340424,3.3917267,22.784914,3.3387847,-9.54247,3.1067498,7.397612,2.8502374,1.4581548,3.054425,-0.59918356,3.2206585,8.779208,3.4141588,1364.005009932981,81.32345178340536,1664.3707185319674,58.17087765863226,0.00029246023,0.00045837884,2996.4626232598607,0.009928641,0.00077519723,0.058667388703596286,0.007735622366510339
-389.15747,3.5178049,185.23969,3.780015,-33.12409,3.3123639,63.80038,3.1736794,-25.786867,3.3338604,30.57689,3.305368,-16.513056,3.4921515,16.936317,3.0587747,-2.0002666,2.942381,7.3953695,2.8917463,-1.0867507,2.900152,-7.6464143,3.2087152,1.4347891,3.0211031,1052.745257324675,64.6507712192469,1439.911180441573,56.25856596966539,0.00013699986,0.00014913313,2233.0331328850057,0.010219959,0.00083196367,0.0426775938950116,0.006749441532209503
-367.953,3.899206,172.4571,4.272838,-48.420483,4.129447,52.080925,3.9669902,-44.634335,3.9447362,37.662247,3.6536853,-28.795172,3.6010401,23.125494,3.3012576,-13.753048,3.2560327,2.9347198,3.1217957,-2.789916,3.2769315,2.5661552,3.2296362,12.831348,3.2634218,1493.562525580584,63.0925481494916,1707.6682264921587,45.28292982458216,0.00036811345,0.0008407363,3088.815583762326,0.008840822,0.0007221392,0.07858495867169374,0.007536784179721633
-382.9623,5.5689473,181.39687,4.731597,-34.33765,3.8218608,63.311996,3.2574756,-27.715254,3.3001957,32.472458,4.0588627,-17.137823,3.7948856,19.10764,3.473242,-2.1367228,2.960865,7.1750584,3.049515,-0.822937,3.1001403,-8.946138,3.150415,1.9198055,2.949729,1118.66123979808,85.85125427453069,1498.8988360519147,74.18034001809058,0.00017437797,0.00040246235,2404.9989917162125,0.010184518,0.0008846473,0.04595281685034803,0.007990416469461449
-396.4356,3.820895,182.14558,4.1088796,-27.256653,3.4418523,57.831276,3.4111147,-23.072075,3.397172,26.648582,3.5106578,-12.0643635,3.3288496,14.853511,3.2855074,0.45221943,2.958364,7.0484533,2.962046,2.4793394,3.1564734,-1.676027,3.247499,6.320226,3.2235696,1005.3067134537413,70.48461445503095,1413.0730734615458,57.42074745065825,0.00012742532,0.00027724294,2105.432667035238,0.010356001,0.0012891778,0.03604897766821346,0.007712565226480476
-364.39413,4.3964396,171.8852,3.3613548,-46.662403,3.2060525,49.956215,3.5102866,-43.18925,3.3191986,36.949963,3.2707915,-28.359314,2.988019,21.634094,3.231171,-14.562751,3.3312838,3.4127283,2.8108685,-1.695818,2.9984546,3.6356094,3.193851,12.994022,3.2174287,1479.9630027652022,57.211596930853496,1702.7196839112316,43.233319149398355,0.00031724494,0.00036253256,3041.427548578886,0.009118545,0.00081245427,0.0772311394286543,0.006830620325223424
-352.15097,34.082966,171.3372,8.38911,-68.19726,18.370697,59.474586,5.451146,-30.034565,4.4299145,32.962635,5.5369015,-23.178616,4.566501,13.65664,5.160988,-8.448789,4.4515595,8.4518385,3.3393185,1.5364385,3.8072622,-4.9251423,4.1591573,4.208247,4.7363753,1532.0111452440867,235.46236805368184,1535.8178506146262,73.74396969844778,0.00038187962,0.00018578982,3013.599255909223,0.008725941,0.0021431206,0.0935619380800464,0.030606127107895845
-351.67188,4.340863,158.15634,3.5195506,-40.10713,3.0091295,58.58447,3.7984087,-42.686848,3.3243375,27.579033,3.130507,-27.836039,3.3812697,24.664425,3.1504204,-10.234491,3.2364743,8.69634,3.1326032,4.056048,3.0759487,-12.53803,3.141332,0.35197812,3.2513113,1621.1103489502043,73.58368569659773,1813.4047074701987,40.839943591043784,0.00038652128,0.000518098,3524.875437300609,0.009580796,0.0011100478,0.08059133011890951,0.00733493108866813
-370.00977,3.589286,190.94188,3.6211288,-47.646515,3.5201335,60.929432,3.5895216,-28.998768,3.39058,29.407248,2.856515,-17.199883,3.2441092,12.751731,3.1091335,-5.838304,3.0288177,3.8707154,3.1141403,1.3840929,2.9366317,-3.4265165,2.990071,5.233791,2.8262763,1128.6900832664778,52.0978632957761,1398.0900535090705,35.90773247526843,0.00017461707,0.00025708732,2356.5617749419953,0.010304659,0.0008168721,0.05111658932714617,0.006040058786026014
-374.63297,3.5516717,180.78194,3.8464055,-39.40801,3.4681618,53.60555,3.6260462,-28.495363,3.7932572,34.84866,3.077489,-8.113585,3.3238795,16.713009,3.1261046,-6.335358,2.9871907,3.1170409,3.1639738,1.0522212,2.9727497,1.2858018,3.0535445,8.399398,3.099635,1154.780489369878,64.08506223503967,1474.2705322316253,46.562012925477525,0.00018752499,0.00039091002,2410.1699581279004,0.010054731,0.0010112067,0.05011623586136891,0.007483455762758353
-366.80273,3.4285893,187.96133,3.6091063,-47.768196,3.589217,62.704876,3.1575556,-28.944696,3.3678281,31.015533,3.2340395,-17.440037,3.043835,12.87893,3.136598,-6.3049254,3.0438821,3.895769,3.1004002,0.8330772,2.8527877,-4.1368675,2.8263247,4.7695336,3.0148048,1159.7763469330491,53.536402537941754,1433.6313386794363,34.85452614887334,0.00018883825,0.00036136745,2455.159863960992,0.010396361,0.0007967489,0.052548578886310905,0.006578938314956022
-362.97855,3.8073995,183.50896,4.315983,-48.801086,3.6696959,63.976315,3.8575313,-30.175924,3.4352548,32.401184,3.511899,-17.008808,3.157914,14.626585,3.0476298,-5.9437513,3.0009134,3.92855,2.8208785,0.51019514,2.9915729,-5.269558,2.8665683,4.0663843,2.8840985,1225.1080066078994,59.50514285334756,1487.1858448496744,44.47635638086158,0.00026806025,0.0010884304,2639.3411941705335,0.010224906,0.00080953335,0.055616480568445474,0.006380811964569245
-366.49847,4.2361555,188.18411,3.5877018,-48.081226,3.1726081,60.056404,3.7543683,-28.620327,3.3462043,28.429342,3.5785189,-14.627932,3.2333953,11.612524,3.2726514,-6.3966413,3.175418,4.7071223,3.488098,1.9706293,3.333003,-3.6473434,3.3249578,5.152844,3.084633,1156.4816941262002,61.25125682962576,1410.744311933008,36.149324068467315,0.00018284949,0.00020202369,2453.735974659223,0.010152364,0.0007779569,0.053493420098607886,0.006852363822792075
-349.22797,4.471495,166.766,4.2887464,-53.485264,3.8999007,61.22688,3.8612115,-37.39163,3.3196054,45.09846,3.2633502,-19.73574,3.397244,23.900068,3.2474854,-13.8776655,3.0407937,5.2041554,2.935801,0.75853574,2.9548328,-0.20070904,2.8717117,9.495157,3.219896,1544.4640214718886,85.74900555759785,1746.9811969463012,56.90682393660316,0.000414464,0.00073077215,3386.508369888341,0.00963688,0.0007185117,0.0759883446925754,0.0077444099687045
-360.41525,3.3778996,185.17139,3.1876287,-49.298725,3.1162858,61.791306,3.2615178,-31.826647,3.0210872,32.04669,2.9773712,-17.376974,3.0091627,14.132867,2.7953174,-6.649848,3.048411,3.9753797,2.9231594,0.47492483,2.9941552,-5.8671956,2.8764687,3.4730873,2.881381,1221.0051147266254,55.83728461756567,1472.2589025406594,30.579051257017497,0.00021048902,0.00026033126,2596.774398201856,0.010361479,0.00081852835,0.05606171149941996,0.00631200698684071
-347.65628,9.197103,144.38948,7.6995435,-36.551426,4.675736,71.26829,4.7038574,-40.154087,4.3371205,45.15015,4.3679557,-28.832407,3.927146,27.307774,3.459022,-10.004832,3.4335227,12.731204,3.265143,-0.48301494,3.0865145,-3.9085739,2.9551492,7.867913,2.7887435,1916.56333250609,245.3409208200395,2113.222789396388,116.46209944155453,0.000595885,0.0008569286,4581.176474586717,0.00936396,0.0010671807,0.088387969475058,0.02421535666609673
-392.17404,4.4124007,184.0699,4.1081676,-30.460285,3.1546218,63.2186,3.2736132,-26.546396,3.3027914,29.962488,3.9021208,-18.28766,3.561643,14.006373,3.3108766,-4.807485,3.1805766,4.1557,2.9113069,-1.6426017,3.107714,-6.3774524,3.2758636,4.006058,3.2907217,1057.805979603924,74.98261052453567,1449.6217004841835,72.48277049293023,0.0001240713,7.029337e-05,2229.5108804016822,0.010213262,0.00082740013,0.04153222882830626,0.007798948279757582
-380.27905,4.880456,178.36807,4.0299377,-34.72964,3.0112338,50.461002,3.3066907,-23.462685,3.3591514,29.6666,3.0901194,-7.1037865,3.1846123,14.091357,3.51882,-4.7971897,3.1817274,0.4941258,3.3016496,0.6038577,3.2561758,0.3248199,3.180659,6.2052984,3.3910086,1123.3277813521663,77.54549787568841,1438.8106799953343,46.15970151462312,0.00016109507,0.00015052881,2324.162048198231,0.009821973,0.0019162252,0.048526772766821345,0.009027876387574874
-371.64783,5.878671,174.79205,4.404961,-39.34948,3.7702231,57.38467,3.3798146,-28.21348,3.464372,35.606693,3.6631997,-14.752524,3.7772791,19.35705,3.2148247,-7.727334,3.666388,4.130709,3.7627926,0.58156335,3.1291974,-0.8075572,3.2307186,8.085057,3.1028113,1238.6284081300505,86.68752671169698,1570.074910444783,55.76033458752778,0.0002185351,0.00037495967,2654.954015461862,0.010054492,0.0012962293,0.0503892655162413,0.008166385104114722
-366.47046,3.5962203,171.726,3.8149433,-45.423004,3.2782762,46.87005,3.6585774,-43.851437,3.1000817,33.553776,3.496468,-27.963902,3.5490892,21.290232,3.4271562,-12.430427,3.42216,4.3784056,3.4281673,-0.44082662,3.1945913,4.748529,3.2350829,12.622305,3.186356,1465.8414248058982,58.92543041899305,1676.9433742052445,47.507010260585105,0.0003008059,0.00032866196,2961.389981511021,0.009047702,0.0008383572,0.07710425427784223,0.0064855265943406975
-383.96396,16.903748,177.4218,6.861197,-33.52021,6.451749,57.506897,6.2111554,-22.132862,3.7962077,25.94302,4.6414533,-12.130453,3.9726782,13.849249,3.5756276,1.0705926,3.0876043,6.3531227,3.2910933,1.9469945,3.2842085,-1.3368165,3.3047163,6.9089665,3.2909648,1107.4394921834573,146.14091985784398,1453.1686257876686,89.46676471001155,0.00016328496,0.0002786084,2372.5742844583815,0.010399838,0.0029401993,0.04219497716067285,0.013320336348518055
-371.59927,3.5552998,190.58629,4.3873005,-44.760506,4.3540044,59.950695,3.9199514,-27.94184,3.55163,29.061522,3.4054294,-16.383585,2.9328136,11.378827,3.1121233,-6.267499,2.8281882,3.4474447,2.875557,0.6510737,2.956912,-4.1302786,2.7948275,4.094424,2.8819325,1110.4341044186526,54.27561453178327,1390.5889793889087,51.24425958393246,0.00018965572,0.00063351396,2297.6327422600057,0.010383749,0.0006692838,0.04982961136890951,0.005618933662889514
-361.9173,4.280445,160.59059,4.2075047,-31.484396,3.9353704,55.945683,4.5362625,-41.556828,3.9350448,34.847927,3.6720076,-24.749538,3.4020183,18.364447,3.8861964,-8.094593,2.8444772,12.279823,3.2768672,0.3300277,3.680333,0.58428967,3.2472475,5.682469,3.1031954,1508.7153339376634,87.98774577514908,1826.3624865914546,54.228511505384354,0.0003129364,0.0007999498,3560.172903676044,0.010248621,0.0012132259,0.06501617785672854,0.007355830026804171
-342.24435,11.413832,139.65306,6.6117616,-78.531235,5.5483785,70.82592,7.538978,-46.474514,4.6807137,30.710978,6.571499,-32.6765,3.8706002,21.03667,4.6462054,-18.924898,4.086308,4.4978547,4.1060023,-0.66529214,4.052431,-1.7131288,3.7077339,7.004098,4.5081263,2167.460238815539,106.06901304818824,1807.3500605009226,61.3704736187696,0.00083980884,0.00068946264,4140.620128516532,0.007682983,0.0014840679,0.1546242840052204,0.01358601488445083
-368.94412,3.3777072,167.43896,3.6280239,-37.831654,3.3692303,49.545815,3.2615957,-42.969357,3.7398753,31.928432,2.957088,-27.648151,3.223813,22.21405,3.691069,-8.315013,2.897321,7.203622,2.9085567,-6.3694644,3.1980155,-7.4086347,2.8639748,5.414368,2.8660896,1453.2345542948447,60.322280024859154,1723.9023804105607,44.38680040815837,0.00028162252,0.00043725027,3082.02088393634,0.009598213,0.0009741645,0.0714771244199536,0.006642303523940981
-373.26123,46.48708,171.3318,9.462225,-52.463352,14.138434,63.442738,8.887826,-38.3531,9.079219,28.432384,5.995935,-22.632378,5.8529615,16.246714,6.198511,-7.1696863,5.012631,6.4221096,3.8741767,0.48463386,3.4625301,-3.893668,3.2553432,7.053082,3.9870975,1478.4298915039822,279.885940802998,1617.7863588243838,137.83549795520779,0.0004986192,0.0020178515,3139.1763001196346,0.008042415,0.0037828889,0.07783950841067286,0.02924651816225744
-343.2574,37.887363,166.19124,7.260167,-66.41724,12.307377,68.322296,5.1403856,-50.298233,8.442472,37.127697,4.9202623,-33.75131,5.260878,18.00221,6.6869254,-10.795406,4.563113,10.95102,3.145878,-3.2073367,4.260939,-8.869024,3.2825809,5.2778935,4.050252,1760.852745839017,232.23346947181375,1756.2855402767225,104.73070711312464,0.0006380983,0.0011138049,3765.2379436448664,0.008809626,0.00241146,0.10259344185034802,0.023980510177655824
-354.4301,3.5178566,156.97766,3.695948,-42.962105,3.5881793,56.572956,3.7244613,-45.506706,3.4185576,28.816359,3.2976158,-30.791655,3.1991367,23.87674,3.2525272,-2.4268892,2.943034,4.3621626,3.11148,-5.0243545,2.997246,-6.284284,2.9913733,0.8708768,3.146902,1669.915108949194,70.81307047727621,1821.9037950135214,45.97788752148544,0.00042305066,0.0007805219,3792.841411687935,0.0092180725,0.0010420555,0.08566786905452436,0.006489069772833732
-367.54535,3.4692085,175.63925,3.888218,-45.39565,3.5365014,47.457012,3.580557,-43.319706,3.3074067,35.68142,3.6476681,-25.298756,3.155891,24.049864,3.4262512,-11.203521,3.3308134,4.2602234,3.3553462,-2.9161222,2.955412,3.5268326,3.248544,14.197286,3.110645,1410.470897329587,58.06621379091583,1650.9990703519368,46.12137487499796,0.0003026792,0.00063326483,2819.9503108686195,0.009147764,0.00075576163,0.07442607127320186,0.006346623450871291
-368.15433,3.6485631,165.36139,4.0256815,-35.279892,3.5351999,57.22846,3.9582322,-41.340153,3.4656286,35.41391,3.4161363,-28.170637,3.35656,20.86173,3.2622705,-8.886214,3.3773406,13.050511,3.4026713,0.57938504,3.139036,-4.8448377,3.0988123,2.1794505,2.8504934,1468.5614716006228,66.53383955653022,1792.363902896875,48.73549938224906,0.0003320245,0.0012127719,3334.2990954901393,0.00993644,0.0010792575,0.06361137797273782,0.006351713528767266
-365.06924,3.3833797,185.72943,3.3344262,-47.996185,3.525377,61.573456,3.2862,-28.099945,3.3052526,31.650766,3.0206323,-16.308676,2.906952,12.8771515,2.9963095,-5.855079,3.0604167,4.071473,2.8474798,1.8737768,2.7211733,-4.3529763,2.776762,3.8400552,3.0173972,1179.6966010624492,50.424642315845645,1446.4177162969354,31.444419885266775,0.00019286068,0.00029280383,2505.7204244308296,0.010414402,0.0007410845,0.05256783823955916,0.0065752909209314345
-370.4612,3.9753942,175.76244,3.6267006,-49.094685,3.4167273,52.216366,3.314999,-43.873074,3.2250206,35.692707,3.4638321,-29.408518,3.1821523,22.524021,3.1357718,-14.748434,2.9326098,3.365258,3.0584714,-1.7034498,3.2141342,4.3117986,3.2644787,13.962462,3.3026505,1444.4070625202887,56.80147648827982,1662.771696537388,43.38061226248019,0.00030131856,0.00038830723,2907.4820321563225,0.008912945,0.00078612147,0.07615148274361949,0.007634129100644648
-366.02423,3.7120898,171.50595,3.481223,-45.04713,3.4778488,48.871265,3.3145165,-43.170406,3.2205706,36.294903,3.1353483,-24.430023,3.2629707,23.769026,3.0348086,-10.591319,3.0200808,3.7535744,3.2863421,-2.4185295,3.209145,1.7202758,3.0329883,13.06806,3.3216689,1460.245446635433,64.00347014985529,1690.5302736784154,41.130058219371826,0.0003235072,0.0003477998,3029.262038228683,0.00879275,0.0007771506,0.07646869562064965,0.007474846445898503
-368.73804,3.926258,172.95992,4.3807774,-45.36259,3.8208373,49.925903,4.0176864,-43.710358,3.6672628,33.913704,3.3645062,-28.951893,3.2697437,22.427938,3.023054,-13.066599,3.120505,4.7149167,3.170271,-0.45801988,3.3187153,3.9492147,3.0176039,12.606927,3.1511605,1447.452068047364,63.716736379024766,1682.4884292647284,48.339649844114774,0.00032994302,0.0009975219,2942.1300051660382,0.009260997,0.00085211126,0.07340872426044083,0.007312497535884161
-388.52316,7.702746,181.03311,6.757975,-29.1868,6.9822617,55.98367,3.675705,-20.170853,3.5468626,21.531935,3.4522803,-13.8230295,3.5689466,12.442739,3.2809389,0.9958288,3.2457438,4.083996,3.509597,1.4948294,3.5422227,-0.91551715,2.9479604,5.304565,3.251435,1038.0063292981088,122.96636336650677,1391.7173846124954,68.23030401247892,0.00013235366,0.00013175116,2168.1587378552786,0.010461335,0.002516527,0.03998694895591647,0.01014462156752023
-368.31494,5.3437057,192.97694,4.799239,-49.32296,4.4210796,60.423664,3.9625967,-29.218035,3.5095313,28.569078,3.7651892,-19.161118,3.9706314,12.40271,2.990605,-4.500846,3.333056,4.7216797,3.0395937,-0.45604572,3.0712042,-4.007033,3.1512957,5.5615654,3.15636,1128.681250864643,63.512643561227584,1381.511032615663,52.16782625239135,0.00022323226,0.00096843956,2303.1784163826856,0.010280841,0.00075093604,0.05347302784222738,0.006396993288326937
-370.37878,3.600094,171.34311,3.6759584,-37.46716,3.355591,49.420998,3.4118323,-42.509598,3.778625,31.48198,3.182659,-26.831135,3.042082,22.343801,3.296948,-6.3836875,3.6120014,8.370987,3.2641098,-5.096605,2.9928885,-7.594618,3.1380877,2.8744428,3.103944,1398.3624120419836,60.75703927275556,1680.8930925969282,44.117341053868365,0.0002883119,0.00059997593,2908.431291690835,0.009248394,0.0008235004,0.06890316850348027,0.006159616521322152
-385.37888,4.0116277,180.61891,4.2961965,-30.7964,3.2769153,58.698505,3.0931973,-23.674969,3.303071,29.093464,3.5140176,-14.299673,3.233549,14.035976,2.9877124,-2.3279927,3.0189214,8.462523,3.0699255,2.6509342,3.0974827,-2.9934344,3.3559353,4.6254234,3.169538,1066.558157555529,90.24821605199338,1457.5391764818726,82.31668572819042,0.00014521362,0.00021284686,2265.6826647694315,0.01025108,0.0012430691,0.04455141567575406,0.01337901674630779
-355.92047,5.8105464,160.99747,3.2565935,-37.70783,4.17361,48.734295,3.3943214,-41.354313,3.1367183,30.5328,3.274659,-26.500051,3.3960187,24.25257,3.5294764,-4.6594973,3.2503567,4.250656,4.7130938,-6.0272255,3.358862,-2.5391421,4.399585,3.845452,4.140167,1555.1546597676706,71.66591291997429,1791.7622543659813,42.2926512493457,0.00035578277,0.0004355115,3438.5427806880803,0.009338368,0.0010136865,0.07871297672563805,0.007718685790133033
-361.7151,3.3840272,187.54214,3.3109608,-50.542553,3.0766022,64.55877,2.9891987,-32.973824,3.1430612,32.569225,3.2210002,-19.697025,3.1603868,14.139176,3.0853014,-7.3632355,2.9953656,4.017425,3.0608058,0.683128,2.9626086,-4.1181498,2.7463443,5.4683585,3.0886495,1212.3867613227987,54.3473379925624,1469.2347151916042,31.15165108093671,0.0002034357,0.0001970308,2582.585466212297,0.010375513,0.00076098146,0.05738607526102088,0.006357254406542155
-362.29932,3.558383,186.74084,3.8934932,-50.82175,3.1842363,64.61765,3.3734586,-32.013416,3.310918,32.801975,3.1217833,-19.194878,2.8697517,14.494225,2.8225324,-6.362852,3.0487375,5.135431,2.9695451,1.1824776,2.8452027,-4.4992986,2.844927,4.870225,2.792747,1214.5176886067968,52.82802994127241,1472.9932765278186,36.01381956683006,0.0002277314,0.00046370045,2597.124125398782,0.010300796,0.0006779983,0.056568119199535964,0.00641947241586794
-366.46295,3.545014,187.75604,3.0039458,-49.80681,3.0546544,62.356552,3.0160837,-29.730972,2.818433,32.236988,3.103526,-16.482422,3.107771,13.487391,3.0436625,-6.8446674,3.0698974,3.962906,2.992433,1.410697,2.914384,-4.0360775,3.0632942,4.463194,3.0776234,1178.168318352168,52.18331079229991,1439.4820540496196,29.725737840299495,0.00017734239,9.236766e-05,2496.3777121700987,0.010286627,0.0007279107,0.05355686267401392,0.006405004697828822
-370.40494,3.3846564,192.01428,3.9325013,-48.729336,3.813448,61.111347,3.3465583,-29.007605,3.5923147,31.242823,2.9418066,-16.492384,3.1634088,13.275212,3.2004526,-6.0036354,3.213258,4.112807,2.963479,0.73633975,2.9242432,-4.527827,2.9220743,4.27741,2.8857796,1123.9326372060768,54.49730768842853,1393.8774895723475,37.348051873216036,0.0001823455,0.0003185245,2331.506319333672,0.010269801,0.0007682285,0.05129785382830626,0.006001969396865573
-375.3842,3.524057,180.31047,3.557906,-43.826744,3.645163,56.132305,3.3473551,-29.424322,3.3699183,36.96514,3.1941829,-10.678516,3.231992,16.790031,3.0974715,-6.503984,3.1125875,4.3423862,3.0526042,1.4305253,2.9792013,1.4115508,2.949885,9.012266,2.8845735,1192.36772858311,61.50120497191357,1502.0716788667132,41.057500430999625,0.00019166354,0.00027560076,2519.9343369344547,0.009969465,0.0008872915,0.04843274180684455,0.007191039784342018
-365.2811,3.1840017,187.20146,3.235039,-47.92432,3.0277,61.21879,2.916428,-28.599672,3.0569162,31.191153,3.1593156,-16.673435,3.0197937,12.584467,3.0562487,-6.8331666,3.175291,3.9154253,3.0481753,1.5688907,3.0877087,-3.8400712,2.9378507,4.620965,3.1125305,1170.1803404867164,53.857936575085446,1435.0561147740023,34.71194550086271,0.0001824763,0.00018220629,2472.3214771244197,0.010392274,0.00069169205,0.05347982526102088,0.0061009634833978765
-352.90207,6.102248,155.96007,3.8893182,-40.56252,3.8308287,64.749176,3.5849195,-29.611055,3.5602896,37.723106,3.5312,-22.378191,3.199203,22.386763,3.0177083,-7.310296,2.9861577,10.019198,3.0562382,2.1458662,3.1214507,-2.116699,3.142909,9.007685,3.1240206,1547.7120001845728,98.21276061553404,1832.9207004463485,54.35539861122187,0.00034551354,0.00033608894,3555.4765670316124,0.01011529,0.0013610559,0.06282061158642692,0.01155587684532859
-371.33084,3.5356772,173.02954,3.4755192,-36.30222,3.3741891,51.14057,3.4955711,-41.318916,3.2798183,31.169224,3.2071478,-28.40782,2.9708884,18.68916,3.082618,-9.202556,3.086591,6.7809215,2.9419754,-5.909054,2.7258298,-7.5958114,3.002427,4.680251,2.8908186,1350.524943086501,55.9962551276124,1653.9343695897373,46.14855605506364,0.00022470421,0.0003277116,2792.2719012833527,0.01014944,0.0008722583,0.06242409549013921,0.005757691921354104
-369.17517,3.6968842,174.56741,3.9773126,-47.459797,3.7020705,50.449574,3.7809806,-43.027878,3.5038028,34.98621,3.5680141,-28.932474,3.2156491,22.068796,3.3250713,-14.346698,3.1011844,3.242503,3.0482516,-2.2447314,3.4375198,3.457502,3.241027,13.324085,3.181596,1444.730281021731,60.461952900328285,1665.6175983259868,43.63423425971851,0.0003167106,0.000603157,2903.9347991589325,0.008930706,0.0008335575,0.07513980024651973,0.007042619766438615
-378.3819,5.9586964,183.142,4.5816035,-38.932262,3.2412546,56.143997,3.5920842,-29.708803,3.5922422,35.36166,3.534939,-11.847621,3.310117,17.381454,3.3647997,-8.01161,3.266061,2.6667209,3.0671887,-0.11278497,3.0690508,0.18615034,3.0125713,8.536952,3.0695872,1139.0834237274273,66.07425971607611,1475.5154830947856,61.67238955437819,0.00018577132,0.00043845558,2364.1808317321634,0.010141143,0.0011152729,0.0491102178799304,0.006945085036171116
-369.57614,3.7133505,173.50548,4.2392383,-44.208145,3.9371116,47.155308,3.982128,-43.573288,3.5660126,34.167553,3.4295628,-28.479385,3.625406,20.275177,3.4574869,-13.584334,3.0991745,4.2363,2.942895,1.3250481,2.7776213,6.6899133,3.1563716,14.071501,3.1973717,1418.2352759888886,57.27546698057853,1651.3061894668595,48.45146618497193,0.00027961656,0.00073869404,2817.30237637761,0.009725351,0.00076621614,0.07360245069605569,0.006282677317526269
-364.38644,4.6444645,154.03209,4.4914374,-32.37609,4.0545874,60.78391,4.120155,-39.485058,3.8234346,21.79174,3.17859,-20.93101,3.3330367,16.9566,3.4520912,-14.827649,3.3579514,11.670396,3.085027,6.767356,3.2818115,-3.500627,3.7029219,11.459309,3.2010803,1539.2789770436495,88.41292650173067,1791.3267930788281,53.31567257736789,0.00031043595,0.0005961353,3423.3046671077436,0.010132597,0.002116341,0.06322619090777262,0.013144654164667766
-331.2052,6.4236546,156.19704,5.473397,-70.07636,4.365796,68.08804,4.0753527,-40.009876,3.6725278,38.891487,3.500203,-31.895115,4.0665665,14.424373,3.8951657,-8.003048,4.5876646,13.632867,4.798798,0.869005,3.5938432,-7.618245,4.7848473,4.2985754,3.7100887,1849.1943290452723,99.7622402429193,1758.9174296911865,39.850765176803506,0.000668122,0.00087735313,3834.4589481220996,0.008883188,0.00087523443,0.11236699717227379,0.012368176262302362
-368.10712,3.9040294,173.22868,3.8022904,-45.685425,3.5280643,52.31342,3.826621,-45.243973,3.5363624,37.80138,3.8991969,-28.620129,3.512255,23.801453,3.2683842,-13.472745,3.298058,4.3208213,3.592705,-1.3777272,3.2476826,3.8687816,2.920137,13.893197,3.3470004,1472.8116836405984,61.923413057332645,1715.173573937702,43.091907505931616,0.00032345366,0.0004592995,3066.308140588747,0.0089971265,0.00074481656,0.07480672672563805,0.007430284742384863
-341.4168,3.8092048,164.82582,3.9932885,-51.98354,3.4636762,66.54595,3.914152,-37.62144,3.62314,38.875435,3.209531,-28.265955,3.1968224,21.420258,3.2335894,-12.3337555,3.0969343,8.680407,3.0746388,-1.4969176,3.127236,-2.5141492,2.9102495,6.775385,2.9600303,1596.7929497934444,66.29505749396179,1793.8409220287408,34.739045630389214,0.0005095633,0.0014329106,3520.478866824971,0.0096089,0.0006472341,0.07883306445765662,0.008092570605317088
-366.1966,3.2740328,186.36092,4.0129423,-46.47137,3.8866668,61.888714,3.2936678,-28.445557,3.434679,29.927715,3.0669243,-17.459248,3.0615416,11.830273,3.0325541,-5.89103,2.7932765,4.905379,2.925577,2.0663757,2.9360867,-4.74755,2.8458145,3.6274636,3.046617,1166.6078393573619,56.717560053224,1438.3830237595039,41.63933740445063,0.00020835105,0.0005997619,2477.067774796984,0.010399899,0.0008550268,0.052837469185034805,0.00675222888308747
-360.6545,4.568876,154.64902,4.6419725,-33.585403,3.653929,58.43421,5.5507736,-38.86652,3.5130618,24.064888,3.3283226,-25.710217,3.3258557,20.06378,3.7756486,-13.705253,4.074982,5.67752,4.1768765,5.8833885,4.5111127,-5.8105373,5.337486,3.0585334,5.25166,1567.7605136412276,95.18975372260351,1805.7206482648517,52.68917545156847,0.0003285136,0.0005374357,3444.4132014936195,0.009862565,0.0016764457,0.06875022658062645,0.00982455190084636
-341.20798,10.986804,159.84712,4.7879796,-54.096096,6.353873,71.059265,3.451527,-36.79503,3.7057328,44.075283,3.619004,-29.073095,3.4821703,24.45419,3.3866122,-11.116348,3.0426965,11.034741,2.9945273,2.150482,2.9315646,-3.0489352,2.844641,7.897801,2.7664788,1695.3598508999175,131.4988885970307,1864.252995467896,60.68914168759511,0.00047688512,0.0004196249,3794.29028150377,0.009789537,0.0007962032,0.08117817394141531,0.014088571819955003
-344.6606,10.330817,147.56259,3.7746954,-80.331604,5.938402,70.54679,4.9526224,-45.331524,4.149845,37.097607,4.3455353,-35.40777,3.401887,19.086515,3.3244874,-17.233047,3.8331392,8.748474,3.4243586,2.5153842,3.3539722,-3.6657503,3.5677006,6.825736,3.7509532,2069.877298716788,68.05110301064028,1789.0812718346433,46.34937497620582,0.0008075948,0.0006421643,4040.9728579067573,0.0076114014,0.0011974024,0.14128888123549885,0.010325146514524458
-365.06686,3.3506343,171.62724,3.7581685,-42.688496,3.910275,46.425823,3.951355,-44.329556,3.3213787,35.00444,3.4780097,-27.145061,3.3580794,22.708893,3.6428387,-12.347286,3.1301055,4.927482,3.3594067,0.23368151,3.0314927,4.759662,3.0929523,14.1770935,3.1715457,1444.1772265356458,58.014479084814845,1691.4159581936644,42.999876003927625,0.000276123,0.0007106576,2930.8138322940836,0.010089174,0.00089697767,0.07340192684164733,0.006841715792782698
-373.57535,3.41773,194.47,3.2681758,-48.28272,3.0944629,61.970383,2.8604271,-29.530905,2.8712513,30.163954,3.047533,-18.451399,3.1951907,12.223246,3.2602308,-6.36109,2.928266,4.1015472,2.9908464,0.48041463,3.054506,-5.527381,3.1524634,2.44701,2.9628172,1099.20389200184,48.305823644439535,1371.9940688361928,30.852612894732722,0.00015585117,0.00014897318,2260.1619711608178,0.0103381,0.0007082596,0.050307696490719256,0.0055002172886522965
-364.9206,4.441639,170.65643,3.4198787,-44.671253,3.5514486,47.62134,3.8513377,-42.97267,3.727478,32.751957,3.6890926,-26.892473,3.4921436,21.548338,3.0356045,-11.404918,3.1250086,4.770734,3.077485,0.51917857,3.1776996,4.7712665,3.4535952,13.254034,3.4165397,1460.4999287933178,56.561406767564165,1677.7531651462273,44.26073716666575,0.00030349917,0.0003236665,2975.6038940146464,0.009131375,0.0010173821,0.07668621302204176,0.006746901095488422
-365.8786,3.3427868,188.60226,3.1783378,-50.00705,3.0905936,63.07188,3.2755754,-32.251873,3.1032114,32.088364,3.086761,-19.169004,3.189288,13.980981,3.1752112,-6.3282576,2.8135655,4.2107506,3.1549225,0.76141167,2.9709897,-3.6811135,3.0482194,5.672103,2.819095,1186.2323634469244,50.14654209470945,1450.23268047399,32.132008472447964,0.00020012594,0.00022942913,2508.668125090632,0.010109835,0.0006812253,0.05514745867169374,0.006187935783128905
-381.7956,4.365007,182.26582,4.012802,-32.48321,3.3704333,58.00764,3.278119,-26.872458,3.4685874,28.934723,3.5736573,-15.561633,3.1488357,14.093591,3.1051636,-4.1339555,3.1946652,7.6211696,3.1668139,0.8828068,3.077012,-2.1731675,3.2846959,6.965449,3.1976526,1086.2701642630159,82.23450180895743,1462.5182141684782,83.73412226536158,0.00016612213,0.00047149346,2283.693615411108,0.010247148,0.0009628728,0.04713103610788863,0.016587386731825516
-365.3837,3.369621,186.7427,3.5642972,-47.775543,3.6341083,60.65829,3.3508978,-28.814959,3.0008385,31.828403,3.1940053,-15.887173,2.9266202,13.039229,2.9683933,-6.3650384,2.993644,3.228284,3.0252035,1.436111,2.913514,-4.089161,3.2040324,4.13218,3.0786445,1168.6991024990725,59.1298192866568,1438.8499336853781,33.51979346247545,0.0002002427,0.00037009772,2469.09899080989,0.01035442,0.0008695684,0.05296775304524362,0.006692476987086224
-341.16467,22.317205,159.87985,19.727894,-74.049095,8.095972,73.48639,8.274617,-44.225784,7.9992743,35.602036,6.2941017,-28.686293,6.512269,21.743746,5.5522757,-9.70723,5.262348,9.191885,3.8161058,-1.692133,4.3332696,-7.1361732,3.1584108,8.819964,3.0386708,1879.5817570383167,451.5116619670337,1718.9965475254744,156.21243616985376,0.0007392547,0.00086971483,3747.177031975058,0.008399132,0.0012598826,0.1233402969112529,0.05127514345084123
-356.74136,5.151847,190.3804,4.9492116,-57.825287,4.3699017,60.96624,3.7104394,-38.040073,3.9033637,32.86671,3.2619414,-23.16485,3.6439931,16.999964,3.3896072,-7.448778,2.9522667,5.130238,3.0192263,-4.476574,2.990998,-7.7925057,2.9780495,6.739924,3.1601157,1270.4933758821496,61.16771128443863,1465.909011818817,45.640621835271205,0.00025990195,0.00060230546,2583.4348036905453,0.010228839,0.0007288109,0.06414497534802784,0.006726149224845092
-368.4886,3.6939988,183.3088,3.6889212,-49.633373,3.486684,57.162277,3.3307679,-33.51477,3.1224372,40.595867,3.450915,-11.838618,3.2786212,16.988771,3.4383256,-11.198088,3.0962203,1.9034644,2.9445095,0.09892866,2.9654157,1.8780744,2.780758,9.206661,3.1679006,1238.075719942118,58.565573905821466,1502.2763494608039,40.265398523725715,0.000223254,0.00038927284,2569.071008102523,0.009856832,0.0007044597,0.060100511165893274,0.006925889864155197
-386.11307,4.532702,182.29358,4.0684395,-32.700478,3.5758066,62.518463,3.3029673,-24.840515,3.4327605,30.827328,3.7155926,-17.573023,3.536842,13.162996,3.1883616,-3.2867098,3.1740055,9.345876,3.104602,0.6034478,2.91035,-4.619285,3.1667686,4.625632,3.3375943,1083.0138454772434,87.75372528139289,1470.5899103097363,85.62973618746788,0.00014883498,0.00016348553,2306.5757662956785,0.010121567,0.0010479469,0.045199436267401395,0.013587287523377057
-332.27618,10.319459,161.49599,6.987089,-69.9976,3.915136,57.658146,5.4349732,-43.63158,4.2793,43.01171,3.6477757,-23.344728,3.8038878,19.27246,4.582876,-12.924113,3.3787591,8.220938,3.9376204,-0.5393664,3.790272,-4.003934,4.109715,11.271473,5.2023034,1763.4071305903624,136.91405380145136,1728.1509465470688,81.3721476404591,0.00058986753,0.0009042346,3645.1316320149363,0.009175101,0.000880317,0.10435057460846868,0.01328324299151505
-365.6134,3.5722275,169.20311,4.2512684,-39.9429,3.7981913,51.918877,4.103938,-42.09939,3.5248685,35.707,3.4628544,-27.632229,3.4371362,25.235916,3.1558807,-6.6708055,3.3788016,8.149341,3.261587,-6.2373023,2.9022844,-6.6124372,3.0159097,7.4158187,3.0274785,1463.6742238967256,68.72008707500142,1742.840933477874,46.530071110639454,0.0003511865,0.0011144095,3117.4432528821058,0.009359797,0.00090819056,0.07272671657482599,0.006667929458200563
-377.92377,8.977706,179.86844,6.6674457,-36.602993,4.618925,63.07263,4.5441756,-37.028576,4.85698,33.813194,4.2985125,-22.769396,3.7846174,16.239792,3.473889,-6.7396727,2.9838789,2.9020498,3.1947198,-0.5732683,3.584025,-5.7280746,3.0281045,2.9213793,3.3509107,1236.3686617579485,133.10421875588705,1571.694898626194,100.59753166466747,0.00022368341,0.00051487336,2693.673812264356,0.009867269,0.0010086561,0.05265733758700696,0.009117123390445077
-364.6721,3.5856745,188.79811,4.085936,-50.519485,4.009116,65.394356,3.8593261,-33.228577,3.51101,33.41054,3.0716288,-19.96308,3.1620452,14.159883,2.9714036,-7.8016634,3.068269,4.604091,3.0477517,1.2659619,2.9475975,-4.4573956,2.9327674,4.625894,2.7385254,1200.8690782212786,54.317472976807316,1464.5101878522796,43.37847776373758,0.00022575737,0.00066543306,2559.453510187065,0.010405169,0.0007166765,0.05520297092517401,0.006347641590786735
-367.87347,3.630478,179.6705,4.2928057,-46.239323,3.6963005,53.733437,3.4854124,-30.918858,3.5082152,37.105812,3.719675,-10.54119,3.373083,15.549009,3.277084,-9.3680725,3.1170528,1.5572157,3.3029366,-0.19068505,3.1025286,1.0188231,3.2098036,7.951648,3.1855817,1241.251561536531,67.1519131254892,1502.6447266112632,49.92596221940953,0.00024321908,0.0006163364,2575.8157469003772,0.009736664,0.00096447556,0.058579022259280744,0.008697086981178152
-375.98932,3.3694117,182.4346,3.8828554,-44.717564,2.9991393,57.75116,3.4847977,-30.719267,3.244816,37.71791,3.26088,-11.391051,3.3204873,17.136831,3.1011057,-7.2788205,3.0394542,3.9008532,3.2159243,0.7545244,3.1818357,1.0664278,3.020946,8.278418,2.9883978,1185.880844821575,60.33983711874159,1494.491821521562,43.2447065328568,0.00020894648,0.00046455202,2500.1747503081497,0.009702789,0.0007807764,0.051279727378190254,0.007788701536460218
-372.40787,3.017346,191.89854,3.6485963,-46.597816,3.304077,61.88998,3.3843575,-28.659956,3.3951278,30.173294,3.3012967,-18.12041,3.0042148,11.456634,2.9572492,-7.318917,2.953708,3.479004,3.1157231,0.8719508,3.00711,-3.6869442,2.7942355,4.7027655,3.0581656,1108.3710367396798,47.28902934548723,1390.8857204806982,33.383983811763194,0.00017458864,0.00036965514,2302.9286112420245,0.010360636,0.00066984096,0.0511755002900232,0.005452154910917403
-371.1705,3.810673,169.1556,4.0700088,-34.232513,3.7501493,53.14179,3.302523,-38.31383,3.528815,32.484173,3.445591,-25.53691,3.4961622,20.030466,3.1335285,-6.0615807,3.2474344,11.753908,3.2597795,0.43922257,3.1692903,-4.175618,2.8995957,1.9359385,3.0056505,1364.4284767562915,71.45018398336059,1699.5660321525224,49.83176169469317,0.00025153754,0.00044854693,2947.2010495214618,0.009953823,0.00092844013,0.057171956569025524,0.006324330037509102
-368.82837,3.2680976,191.78694,3.7693295,-47.991806,3.7006729,60.07546,3.5741093,-30.404982,3.3893492,29.051998,3.3618631,-17.649048,3.03242,11.9548435,2.8198664,-5.6834784,2.8553402,4.459635,2.963505,1.4955667,3.1579864,-3.134191,3.098754,4.633582,3.080247,1131.5712871663213,47.76363786141633,1393.2133871576411,35.954903762992245,0.00018862882,0.0003734121,2335.353318499855,0.010216937,0.0006740343,0.0525349840487239,0.0058580592652265106
-362.55203,3.9481988,159.41129,3.9414663,-41.722828,4.096176,56.3512,3.5747087,-42.818886,3.579163,27.91949,3.1958818,-24.66186,3.3565168,26.592905,3.4285667,-8.979187,3.3362894,5.9055696,3.0994468,-0.87035805,3.1916485,-13.430465,3.2460215,3.1852257,3.2323601,1587.8701818070706,74.63962409491006,1773.5871245465576,48.54071911990543,0.00036146617,0.0006471306,3393.47793331279,0.009242749,0.0013122845,0.08033529401102088,0.006512252600199422
-379.0613,4.285673,179.0521,4.10712,-36.531944,3.2347734,54.626167,3.6013985,-26.294949,3.254792,29.473694,3.8392627,-14.460859,2.9831712,11.515629,3.5402968,-6.2596993,3.139777,8.276784,2.9557197,3.6944613,3.1549184,-0.85193235,2.9414825,7.292903,3.060966,1133.4029997255225,81.36562749033813,1479.2545858340611,79.56568094986748,0.00017217503,0.00033534932,2395.106708146027,0.010135502,0.0013011511,0.04866045533642691,0.015921228443249807
-366.5712,3.3816755,187.21501,3.8129873,-47.217136,3.5428789,62.308395,3.451431,-28.994514,3.3050761,30.324368,2.9242845,-16.930859,2.976585,12.524153,2.880857,-6.1037397,2.8571634,4.0767493,3.0445209,0.88517165,3.128342,-3.9624598,2.9250786,4.9790154,2.9928925,1166.1542300799415,52.636077451175105,1436.3626836575147,36.45954119842584,0.00019112858,0.00038824018,2471.0474709070477,0.010389835,0.0007500271,0.05225402407192575,0.00556044668792119
-364.0926,3.2019255,186.27817,4.376079,-48.83051,3.465977,65.00454,3.6849728,-32.424595,3.4327846,32.167515,3.417618,-19.42163,3.120111,14.071986,2.9179618,-6.978706,2.5779464,4.3403544,3.011602,0.32887825,2.9675956,-5.4588327,2.6814883,4.1869206,2.717503,1209.5350321332432,56.817470250459834,1477.7061008330413,43.852385311303756,0.00023593339,0.00083906326,2596.474632033063,0.010378088,0.000703712,0.05509307932134571,0.006164608047817668
-385.42017,4.6639104,184.67445,4.389442,-34.421535,3.4751012,62.76459,3.0880554,-25.687128,3.435673,31.5704,3.5927548,-18.04701,3.5402455,13.18979,3.3781724,-4.2809944,3.124884,9.272369,2.6950607,1.1806352,2.9362152,-4.3946204,3.1385746,5.3416924,3.0573645,1083.6703258612604,88.46714444981345,1461.0874414787377,92.08037544726093,0.00014975449,0.00019286315,2290.3883931808296,0.0100259,0.000840973,0.04682175355278422,0.016201694789618897
-384.8303,9.3510065,181.26483,4.9878154,-37.367424,5.192302,64.25838,3.406873,-28.405165,3.4860828,34.343155,4.2398725,-18.61503,3.329746,18.672901,3.3723578,-4.754893,3.963951,5.989049,3.3746357,-0.46392924,3.1542375,-7.0049167,3.107466,4.253978,3.393492,1142.4766804719286,104.85975485572659,1514.993725864589,79.06658508422527,0.0001603216,0.00014761942,2462.2293494417054,0.01009652,0.0009756047,0.044710022114269145,0.008663798022499142
-355.7321,5.559815,167.88309,4.4520373,-45.765923,3.6184146,58.0714,3.6324587,-32.05193,3.2526984,39.92874,3.2816205,-16.342714,3.78941,22.408121,3.4810002,-8.482521,3.3831437,6.7033777,3.0433946,1.815273,2.9679024,-0.13279423,3.131771,8.945332,3.0009663,1410.468882604849,91.56326965378246,1687.5180829992014,55.74324791347942,0.0003185221,0.0005273869,3097.958451910528,0.009853745,0.0011164217,0.06170243619489559,0.008815836243459675
-392.72913,3.8413777,177.71274,4.3258905,-27.31177,3.6948578,57.84831,3.499845,-22.452812,3.306116,25.560602,3.4575052,-13.20561,3.4816601,14.891051,3.4164612,0.57789373,3.095557,7.344654,3.121832,2.4341636,3.0988014,-2.5033467,2.956536,5.011619,3.1691737,1052.8736458507342,76.2969515247944,1456.1939333046885,64.28563444320623,0.00015158416,0.000455664,2259.9121660201567,0.010335029,0.0015014914,0.03755687173723898,0.009545774296570421
-370.53473,3.4422507,162.16821,3.5269153,-30.021059,2.9014843,46.012306,3.0515182,-38.3768,3.4659486,26.045069,3.369643,-27.513266,3.061974,17.05366,2.9436257,-5.466692,2.8077362,12.329597,3.1061392,0.4066029,3.0616558,-4.5410933,2.955346,2.3918672,3.2650082,1433.0435505751918,62.108819112976654,1725.9633679091487,48.47399381298599,0.00028567095,0.0005652053,3065.458803110499,0.009364394,0.0011818584,0.06950700587296983,0.0054650798539680355
-361.005,4.3509507,174.52612,4.0134144,-46.288265,3.5056198,59.927536,3.3445785,-33.218777,3.381117,41.91125,3.4171977,-16.531551,3.4553065,20.968954,3.2927687,-11.779128,3.0444274,3.7957518,3.0811143,-0.18581063,3.2283707,-0.54505306,3.0935943,9.469627,3.1257937,1341.4950295105546,75.5275157655454,1634.2789509290426,53.11440377187402,0.00028555785,0.00049065414,2909.180707112819,0.009889745,0.00080299686,0.06116770591647332,0.008682975365802599
-363.7921,3.8513613,167.54115,2.9698677,-37.24026,3.6963406,48.164433,3.2683554,-42.76381,3.2864473,33.776436,3.1275442,-27.076351,3.2362516,23.770493,3.4452589,-5.997014,3.5061846,9.143507,3.05012,-4.2567086,2.9840825,-6.148812,3.0563498,4.585025,3.0939283,1464.8467497153244,60.758466493174474,1746.8446868674368,41.13139644057109,0.00028272695,0.00017782052,3128.0100103320765,0.009488317,0.00086095766,0.07270745722157773,0.006834525261902322
-370.8457,3.5703535,173.73572,4.351033,-44.886482,4.1028094,51.037872,3.8052344,-42.19314,3.901554,37.50896,3.436163,-26.906359,3.3336022,22.834747,3.3984735,-13.508489,2.9896612,3.947853,3.28297,-0.919129,3.248193,4.202832,3.2416751,12.57024,3.1208286,1427.761602673786,56.4170978844044,1684.204687401536,49.50088662346097,0.00033075266,0.00085286,2916.125290023202,0.009065993,0.0007698153,0.07238797853828306,0.007224062690232094
-393.36075,3.6429796,181.45717,3.9293723,-26.094786,3.4545164,57.69157,3.6341722,-21.5016,3.4093845,27.183208,3.662932,-12.5421505,3.2316113,14.045873,3.0362937,-0.034824327,2.996733,6.699051,3.042628,1.8534172,3.3902364,-2.412084,3.3896747,5.007529,3.1300883,1007.9713674525971,70.83042544167243,1420.6976574029052,68.2833080316329,0.000127537,0.00027241567,2111.7527370939674,0.010272122,0.0011925729,0.03814711426914153,0.008706515284588805
-370.3581,3.1745565,192.08498,4.2493005,-47.717255,3.697464,60.629436,3.7377155,-30.008883,3.6068764,30.519201,3.2847903,-17.3621,3.1228054,12.935436,3.0603862,-5.9711323,3.2443714,3.9895356,3.2902853,0.29650652,2.9158297,-4.4656043,3.048902,4.8394,3.0528939,1122.5479236247797,52.658120360756584,1395.579443670646,40.39380566611653,0.00020940398,0.0007078874,2318.1417443082946,0.010308711,0.0007476513,0.05063510549593968,0.005640722988953289
-364.06946,3.26173,187.91655,3.4704034,-49.759426,3.353269,61.919174,3.1416698,-31.421406,3.2961702,32.124268,3.1235688,-18.762129,3.2381537,14.071173,2.9444256,-6.44131,2.9726095,3.4004054,3.10259,-0.089166805,2.7812984,-4.1772847,2.9872255,5.443517,2.8966253,1192.3945122504765,53.405816254858415,1450.369397421543,32.129002623420526,0.00020350592,0.00022596073,2503.5221391930104,0.010188216,0.0007321425,0.05448697614559165,0.0065015777897598544
-365.78387,3.1665978,181.83249,4.304462,-50.925163,3.2227755,56.11641,3.579904,-34.755394,3.470798,39.154613,3.3490813,-12.289348,3.1741073,17.2594,3.0968804,-10.293241,3.3802848,2.3602083,3.1691568,-0.27767086,2.9871635,1.8432883,3.0439239,9.56801,3.0821352,1272.0833888810769,62.59346419426905,1514.6135237241574,47.84861292641042,0.00026926683,0.00080615387,2643.587881561775,0.009708823,0.00072934956,0.06193468133700696,0.008798852614462572
-362.06396,8.584985,186.75414,5.0697565,-52.640064,4.8255725,64.17916,4.848955,-30.978668,3.7193604,30.242582,3.9053764,-18.698137,4.585982,12.7200365,3.4340007,-7.8834453,3.5357428,4.37656,3.0880394,0.9781568,3.0302398,-3.339748,3.1823866,5.5671926,3.037538,1227.4886089914555,91.17447556761242,1454.7883607128822,55.89201606789673,0.00021683311,0.000325786,2601.920384099478,0.010093319,0.0009306382,0.05972552022911833,0.008733989861829784
-369.78235,3.362062,191.38414,3.4829977,-46.85288,2.9200048,58.700928,3.147104,-28.117308,3.3323216,27.448343,3.0539207,-17.416285,2.9810426,10.886296,3.06064,-5.6259403,2.9726226,4.14829,3.140161,1.2390293,3.064636,-4.5425615,3.043229,2.8593936,2.950792,1117.2700243343245,47.168920771375475,1376.4439197244105,32.966258563819764,0.00016759094,0.00020152277,2297.083170950551,0.010188349,0.00071814907,0.05195153893561485,0.006324614555199209
-329.428,7.0228705,162.84082,4.2902503,-85.896515,4.6622586,58.02168,4.734736,-54.45232,4.4075155,32.362583,3.7940245,-39.13106,3.5673103,18.015797,3.3607001,-16.438835,3.6516495,5.362096,3.3921335,-5.6658897,3.7557573,-9.909651,3.1335204,5.184166,3.5227623,1874.8537049571537,66.72440502361951,1689.4695538565627,41.60279387094476,0.00067803287,0.0008207977,3647.804547020012,0.008861776,0.00074847,0.1195552675464037,0.007863146442931358
-366.9854,3.4235766,188.18703,3.321948,-48.165348,3.3987813,62.375137,3.2428007,-29.762932,3.2158663,31.934849,3.0640383,-16.594149,2.8006256,13.61928,2.9720283,-6.8776283,3.0287788,3.4010904,3.0909297,1.0867908,3.1756854,-3.9781373,3.026561,5.2794566,2.9867387,1161.5267414336354,53.883092841723894,1436.0950500228641,32.13059811604452,0.00018885566,0.0003192002,2463.6282582294084,0.010314041,0.0007407337,0.0530209994924594,0.006070104920337247
-371.5995,3.5715568,180.98448,4.1553946,-46.245884,3.8800898,56.764496,3.4833064,-30.70202,3.5674384,38.19959,3.4685047,-11.543003,3.169655,17.301897,3.1409395,-7.6629543,3.0946238,4.329467,3.0489638,0.7013839,2.9364161,0.6077538,2.8942974,8.321231,3.0298855,1218.5882542296101,63.10401245316533,1511.5703621047928,48.94621311666914,0.00022701797,0.0005440631,2566.298171041183,0.009712791,0.00081620895,0.05310823303364269,0.0072560150593233026
-368.68018,3.345952,168.65068,3.7460263,-39.575573,3.4052925,52.158943,3.790898,-43.893406,3.6170368,35.749935,3.1550913,-28.547272,3.187323,24.772083,2.9770842,-6.805898,3.0789893,9.17329,3.3146894,-5.646048,3.1463716,-6.3784995,3.1170769,7.576064,3.1779351,1481.3894920863236,67.55557522553681,1761.56750146981,47.49524836638195,0.00032249792,0.000482005,3206.673649126305,0.009143007,0.00083273335,0.07325238362819025,0.007701279007333099
-337.87775,23.716711,141.7384,10.034674,-60.32033,7.021835,76.29818,5.94082,-53.936638,9.003698,36.497704,5.216586,-30.462717,5.843609,21.305006,4.4088073,-13.03773,5.11543,5.051665,4.0310397,-2.9898567,4.488465,-6.6947217,3.7861652,7.8307433,3.9181538,2171.2023415143412,203.07287276308767,1955.735428946889,116.13281582527325,0.0009615756,0.0011551797,4475.68376368547,0.00785645,0.0021773805,0.14593265117459397,0.024203073448760434
-360.9425,14.849693,186.62547,6.4903235,-50.27279,7.0653234,62.74865,4.2652073,-32.523468,4.1079736,30.350077,4.4334474,-20.283188,4.1669936,13.253196,3.1914482,-7.0847406,3.5779593,3.9872868,3.1785784,0.9827164,2.9588535,-3.9785054,3.0091698,5.199201,2.9624927,1228.6626295891544,136.71183669585204,1464.0674366798726,77.9593652694001,0.00026806584,0.00089700054,2586.5323874347446,0.010166533,0.0010123377,0.058409086789443156,0.012529906389176846
-370.14163,3.5824895,192.07417,3.1302567,-48.85883,2.8317428,60.65835,3.0461295,-28.810764,3.1840608,31.450094,3.0292554,-16.037432,3.1190085,13.180789,3.0854306,-5.989596,3.1597335,3.8588936,2.9497194,0.5155715,2.987658,-4.3598037,2.9788446,4.04375,2.723587,1122.8456069337183,53.20072919876975,1390.0532202459844,30.48816165789503,0.00016092345,9.648224e-05,2322.463373241734,0.010308748,0.0007554276,0.052116942792923435,0.006093723877256132
-388.28696,4.902705,180.95816,4.3044286,-30.958836,3.7261367,55.83244,3.9178014,-22.742855,3.733595,28.262016,3.73512,-12.403144,4.262532,13.459547,3.9504745,0.5190672,3.5967362,9.801153,3.5301104,2.342137,3.5298488,-2.7761471,3.5540483,5.7521796,3.7100945,1056.7726903297814,93.30238146346828,1431.852929565911,70.98565957184832,0.0001371519,0.00014859426,2197.6607249673725,0.010167688,0.0020001705,0.04377877573955916,0.01384086446617708
-363.78296,3.2902815,186.05168,3.4480731,-49.775455,3.1922584,64.13025,2.8412704,-31.18281,3.1605394,33.614914,3.0672946,-17.30936,2.989898,15.032279,3.437854,-6.8816876,2.9233782,3.778929,3.0968559,1.050379,3.0154727,-4.0904536,2.9679248,4.6108913,3.045148,1204.567423549902,55.428159955912406,1472.8973979351588,33.18191031472752,0.00020279395,0.00022864933,2583.559706260876,0.010359138,0.0006787984,0.05378797491299304,0.006027891300133487
-367.34653,4.297007,189.47736,3.44124,-47.625046,3.0672963,62.92502,3.175635,-31.198349,3.0826254,31.24153,3.2121406,-19.01658,3.481292,13.749266,3.232817,-6.2981896,2.862876,4.2755356,2.8623307,0.87500256,2.9574943,-3.7793446,2.8581145,5.282052,3.0253067,1152.7124542807458,50.41258439369013,1433.2488350186718,33.34240632160468,0.00017850968,0.0001492762,2427.8561620867167,0.010388694,0.0007441835,0.051882431844547564,0.006297476213693595
-364.79922,3.7734246,169.19954,3.689127,-36.91633,3.2973826,51.199806,3.2953584,-44.354256,3.4439602,31.773376,3.333051,-26.382935,3.1163645,23.48684,3.3345485,-6.852114,3.030884,10.881802,3.078358,-5.518434,3.234249,-8.326743,2.9278204,2.6742325,3.3175306,1439.3661942123504,68.81147956519114,1729.1053675191206,48.93778223598434,0.00029231052,0.0004961689,3110.123962260731,0.009678894,0.0010857723,0.06994657228828306,0.0062976084830240735
-372.55768,4.075268,193.45415,3.8414338,-48.531235,3.3667333,61.16067,3.4971812,-30.20554,3.1499262,30.824736,3.1588912,-17.50388,3.0766246,14.1243,2.9210896,-5.8582964,3.0189037,4.074812,3.248242,-0.064477384,3.0986729,-4.9070096,2.9082532,4.009256,2.79047,1111.147528527821,55.06334757555288,1386.22713896066,35.807965739177654,0.00016388111,0.00016963217,2293.3860548687644,0.010256153,0.00084061513,0.05070307968387471,0.005719295373812685
-361.80426,3.7972374,162.64117,3.49553,-33.802906,3.3738992,51.300972,3.846137,-40.522385,3.5857615,32.774796,3.573676,-25.632248,3.4074347,23.141773,3.1176357,-4.746795,3.281183,12.600307,3.1516967,-1.5992647,3.0505164,-7.3215027,3.268575,0.5821112,3.4356565,1498.2605819821204,71.41351825820811,1790.5893879536877,44.59456406943558,0.0003267956,0.00062144874,3347.9134756561775,0.009728478,0.0013598134,0.07196200696055685,0.006336943671916516
-366.36133,3.9683633,170.42851,4.603844,-36.62977,4.27348,49.90733,3.8670404,-40.6956,3.5904164,31.99917,3.37264,-27.33373,3.3602464,21.971287,3.3935142,-6.8941584,3.2617874,7.858517,3.0427432,-4.9873238,3.4829965,-5.2743006,3.14516,7.9758806,3.0438442,1401.7000417713186,74.16832830288384,1695.0043960379976,55.087174485661265,0.00031795565,0.0011247847,2920.8466071816997,0.009815659,0.0010720777,0.06895414914443156,0.007231966985245314
-362.1372,4.0503945,171.47592,3.9881995,-43.82526,3.7816358,61.710655,3.3073485,-31.788021,3.3693051,40.69148,3.3968031,-17.68468,3.266795,21.597633,2.8703763,-10.436619,3.0916088,6.084018,2.8365464,0.26220196,2.7892554,-1.6972382,3.107842,8.41914,3.043614,1358.1654173794911,69.04884140629254,1672.0617223721167,50.99612311274338,0.00028304034,0.000489847,3006.4048678581785,0.009935804,0.00080139935,0.05704393851508121,0.008023760500918404
-353.79074,13.462693,133.31682,12.203542,-31.188828,6.1781387,73.17941,8.414407,-44.896652,5.4091997,44.101727,5.4433155,-29.716396,4.9326024,29.882648,3.8431423,-8.841022,4.8019695,14.143353,3.5241582,-1.2456323,3.162453,-2.264258,3.297329,8.838192,3.6965184,2182.422265629356,400.480205441782,2246.2188476701576,152.62039541142084,0.0007738717,0.0010500178,5099.447199916618,0.008443688,0.0011160496,0.1100581405887471,0.042663930783553385
-384.61346,5.9378934,187.41464,4.9549527,-34.082558,3.9554527,60.39009,4.0018654,-24.868395,3.4783852,28.743187,3.1092544,-12.993803,3.4404192,14.17684,3.2692733,-1.2458694,3.1882253,6.747511,2.9432485,1.8703583,3.0014699,-1.247581,2.9972014,6.211283,3.0145504,1018.3968426793112,80.82705282980815,1389.1024570667266,56.6287664162011,0.00013918019,0.00026730643,2129.388980024652,0.0107678445,0.001463828,0.04038686376160093,0.005883415207913134
-363.733,3.4121885,185.50278,3.0861773,-50.163742,2.970878,64.6844,2.9764621,-31.733528,3.217305,33.0808,2.9251053,-17.595911,2.9224,14.90144,3.1088214,-6.0167675,2.741839,4.8481,2.8465376,1.2669721,2.894695,-4.5525193,3.0583515,4.7382326,2.782427,1210.3510711484582,49.97831562108648,1479.0902357343582,29.27813930232197,0.00020207565,0.00018228957,2612.836868746375,0.0102328155,0.0007265126,0.054987719330046404,0.0060227864674709695
-362.26157,3.6791346,184.34732,2.9087796,-48.981907,2.7610714,62.936096,3.005282,-30.452482,3.134373,32.729435,3.2959127,-16.977198,2.9942243,14.757162,3.0610693,-5.337959,3.1619713,5.088359,2.8909566,1.6948286,2.8173366,-4.705953,2.829789,4.5215096,2.91588,1209.6695385168348,51.43334630325135,1477.5183306748684,29.292022528379665,0.00019317855,6.9588685e-05,2598.2482485317573,0.010279268,0.00070699904,0.05508514899941996,0.005841937787173802
-362.42648,3.575133,186.38892,4.576728,-50.214836,4.1453257,64.57466,3.846349,-32.11445,3.7408626,32.83209,3.4155412,-18.827808,3.0456123,13.762554,3.338293,-7.817035,2.919054,4.2358723,2.9002285,0.78558236,2.9158416,-4.7777615,2.8563247,5.35281,2.8287532,1218.3536026613285,59.13734887865146,1475.9690926703079,44.76269158074269,0.00024987917,0.0007840235,2611.288076874275,0.010324377,0.000771437,0.056310950188515084,0.006313732072194765
-368.2768,3.443229,187.59212,3.0400517,-48.424023,3.1093466,63.62411,2.997462,-30.090918,3.2134132,31.596642,3.3200455,-17.724371,2.9319375,13.497444,3.1872878,-5.857508,2.9630988,4.1112943,2.912088,1.2430638,3.2521338,-3.9808862,3.0762396,5.097401,3.0398495,1173.520711961963,50.16811498070994,1445.1208570335275,28.469103289809976,0.00018708667,0.00022840383,2496.9522639936195,0.0102839405,0.0007953061,0.051057678364269145,0.006391810757958588
-368.33154,3.9105277,163.55206,3.6805046,-34.670906,3.682355,46.211197,3.2556963,-38.217007,3.3887653,29.786411,3.0272331,-26.29214,3.3912203,20.882383,3.3354666,-4.606193,3.405737,9.099446,2.9414535,-3.6541874,3.1464384,-4.017331,3.4643934,9.301658,2.9810472,1453.0344078135952,58.277704716819365,1726.3151653581676,50.086640503256305,0.00031155403,0.0007139034,3066.03335493402,0.009080707,0.0011158789,0.07284907011310905,0.0064870684283964905
-369.0295,4.2375274,171.11119,4.3965197,-45.371147,4.0158496,49.41943,3.861553,-43.06899,3.9108744,35.272015,3.5863926,-27.914137,3.5498562,22.062685,2.9763303,-13.456689,3.1212668,4.2517967,3.1859007,-0.05132685,3.3453858,5.1612935,2.8473616,13.515883,3.2275178,1471.8335615736853,67.47783580364593,1697.9828731885748,52.000636568803,0.00035232864,0.001094967,3017.9208848426624,0.008918603,0.00090642116,0.0777194206786543,0.007010310295191948
-365.2848,3.4750247,160.93713,3.7997553,-30.403023,3.6951625,52.384308,3.2034118,-37.338726,3.4639385,32.915382,3.1877162,-26.9515,3.2440374,16.665592,3.330127,-11.017065,2.914433,8.698318,2.9916131,2.4478352,3.111896,0.2604063,3.0230393,4.766423,3.0007455,1464.3367581630105,72.61948531085594,1791.4930810226076,47.119573266757854,0.00028746127,0.00055417017,3305.5964848281615,0.010090319,0.0013821922,0.06177154328596288,0.007083045380397856
-367.4259,3.2346952,190.56903,4.465554,-48.491425,3.9269753,63.87375,3.5085359,-31.456886,3.7604818,31.521389,3.1772623,-19.512527,3.0800214,12.544158,3.0595787,-8.095434,2.926919,3.1444252,3.0063295,0.63447845,2.8560479,-3.4745517,2.857852,6.224534,2.992041,1155.3907422822922,59.538312113627555,1426.95074801319,44.10247094461058,0.00020161648,0.0005689032,2428.330791853973,0.010487384,0.0007621044,0.05324531431264501,0.006005724987502428
-366.1997,3.3242793,188.45296,3.6041892,-48.58592,3.1356337,62.544193,3.4249928,-30.333359,3.2559156,30.599033,3.119464,-18.864382,3.2160316,12.001911,3.1870375,-7.3598356,2.932423,3.7523122,2.995257,1.4749131,2.7560394,-3.6513832,2.7911222,5.3729696,3.0757813,1173.2633693818243,54.49178548341053,1434.4316379271063,33.10667633511018,0.0001981162,0.00034918656,2475.294158298289,0.010321619,0.0007732062,0.053611242024361946,0.005513046781361754
-335.636,16.570997,168.98122,5.447138,-67.20128,6.130397,66.63379,4.396379,-51.502094,4.790928,30.735464,4.163754,-28.290504,4.286033,16.338339,3.8227375,-15.421687,3.904723,4.7785645,3.2190583,-1.5801736,3.7404082,-7.744051,3.114839,5.373341,3.2964423,1696.3284390222552,108.05420070896876,1691.820966773921,63.260504335455636,0.0005478987,0.0011042297,3550.805210901247,0.009430621,0.0012503066,0.09718496229698376,0.010959728791405249
-375.00278,3.5161233,174.9326,3.9949725,-45.29169,3.5961204,51.06205,3.3921187,-44.096436,3.1651478,38.114254,3.4459288,-26.51878,3.2270634,24.511524,3.3360062,-12.074214,3.2612927,4.2060204,3.2987046,-2.762799,3.3966103,2.6141202,3.6206453,14.233228,3.2344468,1426.8211801867344,69.28434038227692,1686.5298461272907,46.09337170796272,0.0003102139,0.00036163285,2941.430550772187,0.008544501,0.0008691112,0.07132418249709976,0.007253706185120347
-391.1441,4.15531,182.71414,4.489324,-31.408642,3.7343905,64.442856,3.7475276,-25.405333,3.430822,30.09216,3.347576,-18.208267,3.5755773,15.245022,3.360239,-3.5787659,3.1314168,5.7328224,2.9197397,-0.8237864,2.8738048,-6.6009746,3.1296496,3.0923457,3.0382056,1065.1432518741842,69.95866604374369,1463.2306404777564,71.00891647271065,0.00014305471,0.00030222055,2281.1955640044953,0.01029256,0.0007179221,0.04067348825406032,0.009175159283885646
-368.78543,3.8160672,177.15268,3.9554245,-41.204975,3.2503455,57.6394,2.9972093,-31.151167,3.178165,38.953815,3.1966336,-14.046719,3.319829,18.850258,3.2865818,-10.331007,3.1599367,2.7945116,3.019474,-0.39375877,3.0538335,-0.069414005,3.0025952,9.135741,2.9311914,1245.2775182552957,76.93388187408391,1569.0577120155106,54.380727258253195,0.00021478825,0.00020484891,2659.400546965632,0.009971236,0.0008682554,0.05563573992169374,0.007896294359246677
-366.3866,3.612212,166.55176,3.2359927,-36.174496,3.196545,46.908733,3.145238,-42.676357,3.2356281,29.183617,3.039797,-27.636778,3.153294,20.910938,3.382537,-4.950924,3.1281574,10.194846,2.9428084,-3.7075937,2.8735921,-7.374124,2.9642415,3.2686965,3.180186,1457.7612082936748,59.976518671100095,1717.6742959369153,45.375015828387035,0.0002975766,0.00033164013,3088.0911488544084,0.009236832,0.0011484589,0.07308924557714618,0.005824657928736735
-363.61517,3.7238336,167.09166,3.4467022,-33.930573,2.9448392,46.375973,3.1323295,-41.01326,3.4007277,30.115623,2.875387,-24.80973,3.197989,22.222555,3.010621,-4.6343045,3.0922198,8.861373,3.0478728,-4.2422333,2.833754,-8.345283,3.0743208,1.8527521,3.2597039,1417.618157634974,61.158148537501,1700.5510114315273,44.78536290947329,0.00028690865,0.0005266626,2971.956738960992,0.009766254,0.0011412224,0.07070788319315545,0.006662523857183124
-355.60574,5.688965,164.11234,4.5930333,-45.16486,4.0604663,71.35217,3.5893977,-32.781292,3.463927,42.448715,3.6975992,-26.40164,3.528352,24.075287,3.3071005,-9.64861,3.2510645,10.03815,3.1366096,1.258944,3.1483352,-4.318111,3.0355065,6.6373734,3.245257,1511.676564750428,90.3738146513711,1812.0498264076632,60.52106302210846,0.00038114612,0.0007922339,3468.444456025232,0.009960715,0.0008216764,0.06472275594547564,0.00904766898491251
-355.97702,5.773349,163.08003,5.2260194,-43.46099,4.247073,68.81914,4.3042397,-31.305323,3.9820344,41.687263,3.6787715,-25.61112,3.4177303,22.652416,3.3681326,-9.453477,3.1102023,9.13373,3.005441,0.98380506,3.0886154,-4.5345354,3.0727482,6.4749565,3.0038579,1500.3745938872426,107.72790053611871,1802.19760715638,74.77580635487537,0.00040032706,0.0011684338,3430.99866544011,0.009930283,0.0007745976,0.06495953270011601,0.008250796545342099
-361.46085,3.4691286,182.22615,3.390161,-46.91964,2.9576604,61.831955,3.2902303,-28.38395,3.074294,31.047516,2.8151007,-16.27215,3.2324345,13.085482,2.779721,-5.1346397,3.1347876,4.4739046,3.0373216,1.5944401,3.1549945,-4.6472454,2.7423158,4.163905,2.936572,1211.2591868445627,55.07418399736764,1477.7212383800345,33.37076196152155,0.00020835245,0.0002775726,2604.718201674884,0.010335205,0.0007998522,0.054897087079466354,0.006744761609062919
-358.03833,3.898317,167.85606,4.0165906,-47.402527,3.2806857,54.840115,3.8644853,-47.311768,3.6729116,34.939888,3.1756098,-30.622953,3.3500376,27.96478,3.0383267,-6.475718,3.210265,2.1237583,3.0591915,-6.1880836,2.980631,0.68657005,2.7658262,7.3019495,2.6948974,1579.1920290237763,69.16207626427314,1784.071794996616,41.45987241116714,0.0004144896,0.0009762341,3475.988571273202,0.009077165,0.0008373208,0.07981415857018562,0.008054418779463916
-358.07004,9.632481,146.15912,7.2688203,-42.4442,5.3178806,55.93385,5.5665727,-30.5454,5.4174533,25.569447,5.5446887,-18.712105,4.8185987,11.120501,4.798647,-1.4096878,4.0123143,9.074234,3.639771,0.44831115,4.307381,-5.802365,3.6298838,7.1920915,3.2582095,1662.0695483254792,206.18543071394402,1768.3572751378988,89.86907692084378,0.0005457073,0.0006147091,3664.2916863036544,0.009044264,0.005474008,0.08004527080916474,0.03281432076019668
-355.578,24.479015,181.52055,7.14781,-59.84821,12.14649,63.860596,4.8923454,-37.988068,4.3301935,34.772648,8.705555,-22.33539,5.3384438,13.915635,3.8572543,-9.502134,3.6139827,2.1371949,3.5521522,-0.1565431,3.2032785,-5.541671,3.342374,4.8541136,3.1541357,1391.4806117489559,156.7993409916175,1534.0784932090758,80.57017300962687,0.00033402638,0.00071493955,2941.005882033063,0.009544357,0.0018496817,0.07311303654292343,0.018151431824969082
-378.80396,4.267567,183.07184,4.1967163,-37.669094,3.458357,58.559967,3.217541,-29.070892,3.4078207,32.63746,3.4390383,-16.912872,3.437415,11.400445,3.0923147,-9.800191,2.8832257,7.4487967,2.9548857,2.1941292,2.8418322,-2.6821527,3.06929,5.3905144,3.1308408,1143.8793115316307,90.61894751498107,1484.057069657786,83.45665639762086,0.0001703589,0.00016741786,2407.4221015806265,0.009953164,0.00080774754,0.050418720997679814,0.016694838494463845
-362.90045,3.5872943,184.46117,3.5629792,-49.91855,3.5316374,63.45899,3.4545302,-31.584377,3.3634393,32.495632,3.2299693,-17.479263,3.2388418,14.477068,3.1794455,-5.5203776,3.03451,4.8688517,3.1864715,0.919727,3.1666303,-4.8344746,2.8724298,4.1863046,3.1366296,1224.8540325642487,61.83906764493343,1482.3219146396204,33.615161417472834,0.00022120017,0.00031854698,2629.5987936847446,0.010171554,0.00084042957,0.05666215015951276,0.007335432040575912
-373.82135,3.708597,182.83835,3.9703648,-42.858696,3.1628072,57.010296,3.6337707,-30.125761,3.3511415,37.348892,3.5506325,-10.611036,3.3690474,17.213955,3.408577,-8.307829,3.139293,3.207294,3.0911593,0.70957124,3.064437,1.6176112,3.0481775,8.565061,2.982449,1170.6957112513105,72.25286638112163,1486.8818204943807,55.06319905948002,0.00018712321,0.00028358135,2453.386247462297,0.01003445,0.000858934,0.05193001377610209,0.007809681197796276
-369.13684,3.7738879,169.45284,3.60967,-42.51104,3.3672814,43.545288,3.1165292,-42.55267,2.9039543,29.244802,3.5099785,-26.002842,3.7462578,19.475979,3.4336534,-10.622358,3.3959699,3.95524,3.26887,-0.700312,3.0971615,4.2216024,3.2867978,14.293265,3.504611,1438.9297719688502,62.64137718325926,1646.9559263423898,45.22894607355041,0.000268941,0.0003440869,2888.3969194098026,0.00939628,0.0014054077,0.07395478357018562,0.007855398534027275
-330.30423,4.985862,129.55699,4.5784817,-83.424034,4.412168,85.76137,4.0630164,-52.691235,3.967343,38.890545,3.4683888,-36.55046,3.3675313,25.661963,3.351236,-17.454697,3.3328307,9.85946,2.9437327,-3.142455,3.339504,-2.920968,3.6103847,11.740327,3.3857346,2518.5841366982004,79.27720573936026,1925.1579589006785,34.970608164099126,0.0016451082,0.0034130109,4701.00800056192,0.0073373476,0.00044993352,0.1872847484048724,0.014591952338690253
-367.825,6.181937,195.80728,4.8861475,-52.429855,3.9934096,57.43483,3.9969938,-35.279854,4.01145,29.026999,3.299703,-19.402653,3.0893636,12.20851,3.1328688,-6.791046,3.0053189,4.251809,3.1331213,1.4600241,2.9176602,-2.3899548,3.0579298,6.044515,3.127852,1150.7428953124354,54.55354425035063,1371.9882882494412,43.63478232211856,0.00019971556,0.0004905995,2305.5765457330335,0.009986753,0.000876358,0.057429125580046404,0.006589627846369858
-368.6426,3.4486322,169.73453,3.6346006,-40.39359,3.5650764,49.276016,3.4958491,-42.75699,3.4939704,32.655785,3.3888671,-27.596895,3.4134202,24.223259,3.0983067,-6.6599236,2.9058163,8.464704,3.155293,-5.209126,3.0743806,-5.0453854,3.2680075,8.768095,3.225985,1444.032837597749,60.0296150639814,1708.593236197827,45.22119730224916,0.00030893384,0.0005804521,3010.451711136891,0.009205406,0.0008200671,0.07316968169953596,0.0072602512444232235
-399.84894,3.5963376,178.36333,3.4043927,-28.933788,3.405316,59.345753,3.4325087,-22.949314,3.0687819,26.708065,3.5435967,-13.921333,3.285067,14.553011,3.143599,1.2571205,3.0954409,8.912106,2.848592,3.6929958,3.0371542,-0.81430537,2.9944701,6.6040087,3.1906793,1045.8674120677158,65.08338500697789,1453.7895283697435,53.2887883284441,0.00011397314,0.00011944145,2250.619414787558,0.010373307,0.0015125105,0.0353488435324826,0.008141239604327966
-391.34625,3.764167,180.51671,3.5320497,-25.749891,3.0355723,56.61194,3.2419372,-21.571735,3.1780393,26.501333,3.2820032,-12.151558,3.593784,12.859335,3.3288412,0.023478687,3.290363,7.9585257,3.0908132,3.652321,3.2473197,-0.9765584,3.2043667,6.1448646,3.0966818,1012.4199094002369,67.45167604711568,1422.9313796288684,68.87719115358026,0.00011250993,7.076126e-05,2118.57241743402,0.010478148,0.0010705267,0.038132386528422275,0.010163035886179608
-361.08932,3.5015223,167.22919,3.534009,-36.059093,3.0291135,50.25869,3.496877,-42.364285,3.2921007,33.308834,3.070592,-27.202513,2.705791,22.643913,2.8503604,-5.519374,3.2417822,10.301668,3.3486598,-3.1988928,3.0865614,-7.0332665,3.0800695,3.7818077,2.7539968,1456.8792475505927,62.152614551515136,1744.3588652492888,46.263018924899036,0.00029575196,0.000614407,3149.418310886746,0.009931577,0.000938125,0.07148505474187936,0.006076802638642807
-367.89346,3.2443972,187.31184,4.3120646,-47.52205,3.6537685,62.857204,3.488387,-29.231438,3.5297353,31.218533,3.275859,-17.661451,3.1087563,12.783214,3.43652,-6.224794,3.1999397,3.5330257,3.0693767,0.27151465,2.7328181,-5.293378,2.5651007,3.843852,3.0496266,1168.0447996565008,55.18056975042237,1441.1194428883625,41.08601097822567,0.0002161047,0.000618914,2477.5923655923725,0.010363656,0.00079987594,0.051455327363689095,0.005780082661220945
-363.97998,3.4966862,186.2414,3.3009982,-50.75716,3.0023372,64.92456,3.324164,-31.78403,3.3128514,33.51652,2.9720657,-17.351646,3.0375752,15.262583,3.1626506,-6.95485,3.026846,4.444757,2.8663967,1.2006425,2.9179108,-4.8602,2.8358004,4.6325946,2.9160497,1210.1395672454514,55.07945942148637,1474.2798424988143,29.796777715579747,0.00020562932,0.00021638288,2609.0148500942573,0.010256583,0.00074291223,0.056050382468097446,0.006779676088316729
-374.75946,19.019552,176.94173,13.243226,-42.457733,6.867038,56.859276,8.724617,-30.037018,4.379754,34.997208,4.7203784,-11.577608,5.8456173,19.019144,5.3878465,-5.539528,4.064448,4.7093134,3.1912303,0.9262687,3.1273444,0.008806888,3.4248056,8.016042,3.1838527,1248.4130033707172,294.900304975591,1528.3040833146254,157.01909062013144,0.00022614279,0.0003381381,2619.281841375435,0.0097490065,0.0011374009,0.054267192937935034,0.02301878261094513
-378.66434,3.575826,184.90965,4.623292,-39.835766,4.0453887,54.777737,3.6067133,-28.675331,3.7417579,33.59757,3.389741,-11.316499,3.4131424,14.959278,3.4917126,-6.52767,3.0175948,2.7796602,3.0900867,-0.61148983,3.1768796,-1.6412061,3.2380805,5.7838154,3.2542915,1124.0232814746898,66.60193666352808,1441.2359733403382,53.244874608519815,0.00018665339,0.00043757813,2306.7256493800755,0.009844585,0.001099827,0.047952390878770304,0.007388123523611872
-367.36908,3.2246253,185.47354,3.5401735,-47.624413,3.3903134,62.736176,3.458959,-28.36726,3.2024434,30.802942,3.1339414,-16.433167,2.9565573,13.178652,2.987987,-5.223777,3.163661,4.910293,3.1562889,1.7867419,3.1007254,-3.9688554,2.9609694,4.985755,2.8138156,1170.8493575278983,56.889067308971995,1448.6689599020585,33.30686979243486,0.00018526653,0.00024394697,2507.84376812645,0.01036102,0.0008128048,0.05241263051044084,0.006486182987135831
-389.91617,4.147418,184.62335,3.8662465,-34.030327,3.1414645,64.0569,2.9953268,-26.60036,3.2324872,31.34505,3.2448516,-16.610458,3.447699,18.816816,3.4743583,-1.4909793,3.2617223,7.58035,3.1090245,-0.4564721,3.1915367,-6.0238748,2.9917912,3.0686934,3.174098,1061.3302640051036,71.31612906269847,1457.3072820876853,70.23702136285057,0.00013694399,0.00013668803,2270.5039039841936,0.010222088,0.0008136555,0.042697986151392114,0.00789940835083613
-365.4188,5.469201,187.30304,4.683855,-48.586098,4.4041348,64.605034,6.3229165,-31.309319,3.692114,29.101143,4.0110545,-15.816694,4.6741934,13.142735,3.3052301,-6.4983244,3.440897,5.6915936,3.8731952,1.561492,3.0651028,-4.1692047,3.2235808,6.359569,3.4170983,1191.0323142569525,90.04329176257639,1447.4678093531313,48.130163201342285,0.00020721517,0.0005150999,2575.615902787848,0.0103406105,0.0009575435,0.05555530379930394,0.008351659849134222
-366.42075,3.332949,185.78223,3.1927102,-46.8319,3.2402296,61.75541,2.8926241,-28.213236,3.109948,30.982353,3.14569,-15.921754,3.0229154,12.971329,3.3529382,-5.7282643,2.9810193,3.7699788,3.0797997,0.96289885,3.088275,-4.3686647,3.0809014,3.9049919,2.9153295,1168.0345834962777,53.44661328122138,1443.8684837321953,30.59924910612224,0.00017679873,0.00013276249,2486.9100973390373,0.010322535,0.0007963621,0.05261768597737819,0.00688786936725439
-362.7289,3.4599679,184.52159,3.4688444,-47.25175,3.4379761,62.727753,3.1624856,-30.186762,3.3005908,32.109703,3.069876,-16.837317,3.0161016,13.417757,2.8553283,-6.0995855,2.9579618,3.96644,2.987725,0.52725,3.0047112,-5.0271425,2.8041387,4.711492,2.937749,1202.4883294613905,55.35308716738244,1472.2173845661284,32.97741151285962,0.00020449041,0.00029866697,2580.0374537775524,0.010392125,0.0007063436,0.05464671548723898,0.005999823542553743
-347.3798,19.85961,165.60811,8.939926,-44.552418,7.7601085,56.661316,6.841367,-30.393389,5.617601,29.738064,4.2498665,-20.397945,4.120225,10.812687,4.231538,-6.7308207,3.9255826,4.455326,4.0213633,1.6779286,3.257548,-2.9225574,3.6384904,6.627976,3.451196,1436.730481240838,126.1914647960717,1631.7408673784714,111.44016895258311,0.00037918641,0.0008502452,3118.117726761891,0.009722709,0.0027770197,0.07054361223897912,0.009877410074376475
