mfcc_1_mean,mfcc_1_std,mfcc_2_mean,mfcc_2_std,mfcc_3_mean,mfcc_3_std,mfcc_4_mean,mfcc_4_std,mfcc_5_mean,mfcc_5_std,mfcc_6_mean,mfcc_6_std,mfcc_7_mean,mfcc_7_std,mfcc_8_mean,mfcc_8_std,mfcc_9_mean,mfcc_9_std,mfcc_10_mean,mfcc_10_std,mfcc_11_mean,mfcc_11_std,mfcc_12_mean,mfcc_12_std,mfcc_13_mean,mfcc_13_std,spectral_centroid_mean,spectral_centroid_std,spectral_bandwidth_mean,spectral_bandwidth_std,spectral_flatness_mean,spectral_flatness_std,spectral_rolloff_mean,rms_energy_mean,rms_energy_std,zcr_mean,zcr_std
-363.08954,4.6486,180.74133,5.24092,-38.705578,4.1401677,61.411236,3.91953,-31.932596,3.6529346,41.991566,3.4693656,-20.631086,3.5024989,18.016558,3.4425979,-13.464031,3.300238,4.9426217,3.0611975,0.63013107,3.200487,-1.8504472,3.0650604,8.25267,3.0017924,1221.1467394413266,87.12221752838163,1594.0222280016876,72.94263091839812,0.00022464745,0.00043839565,2603.369253915313,0.010950836,0.0008659934,0.049652878480278426,0.007093448943128516
-373.1151,3.8169847,187.91187,4.7193174,-34.347473,3.9478333,46.78708,3.676834,-39.73223,3.5209002,39.86705,3.6691008,-29.5374,3.5915828,19.265095,3.2302444,-17.712505,2.9128926,1.7223923,3.1458921,-3.3733032,3.027086,2.118031,2.8445885,11.620238,3.0251145,1213.2295993960195,63.38369510778769,1565.7027440514591,54.83402826555593,0.00021773748,0.00069182063,2205.2548012434745,0.010416101,0.0008738764,0.06184518198955916,0.0065969606016237645
-407.71875,4.0919147,198.15088,3.9524255,-11.608925,3.5194454,44.968903,3.4088953,-15.029738,3.2823212,25.22026,3.3894918,-9.086954,3.4783542,4.97996,3.2153394,-0.689816,3.1815896,3.888582,3.3447495,3.6835158,3.155478,-3.3107758,3.479953,4.4473343,3.4589214,771.8488059345918,59.71842280977077,1166.0109386643853,61.970348785030225,6.6891036e-05,0.00017051208,1358.8650236550175,0.011269461,0.0013928986,0.0317314838312065,0.005366298217406036
-362.5852,3.9071593,177.4255,3.6644707,-31.343187,3.6081614,49.166355,3.5856216,-40.167465,3.4329698,37.89595,3.3545709,-26.912903,3.2976747,21.544966,3.316155,-9.6234865,3.13085,5.7433114,3.039321,-6.631631,3.0038362,-6.7345924,2.94193,7.6450624,2.8217168,1304.158740321745,67.2355958348683,1665.6107477776022,49.1895919275318,0.0002260806,0.00029097602,2617.2084587079466,0.0106575955,0.00090302975,0.06327150703306264,0.0071623890368529685
-345.1124,7.480508,163.35162,4.7169495,-40.271606,4.5792227,67.37559,3.9332504,-30.902493,3.5247958,41.477596,3.3763332,-26.573278,3.4811542,20.419382,3.358879,-11.774049,3.0471604,8.368883,3.0348935,2.2784538,3.07918,-3.2642708,3.0958095,7.009584,2.9669135,1490.4339177370393,116.5873559531015,1807.725776186035,70.3592586653954,0.00032978723,0.00033709826,3418.4584473789155,0.010902546,0.0009389624,0.06511360752610208,0.01066052420592593
-356.4103,3.973473,163.68085,3.8299851,-30.9229,3.4613018,65.27883,3.5425303,-41.22319,3.4036484,32.750298,3.2723734,-31.600979,3.0143855,23.663607,3.2476795,-11.156194,3.4724174,5.5107284,3.2868562,4.840031,3.4320498,-3.9977212,3.3525827,-1.5786824,3.1096458,1489.6561713015813,74.98788021078782,1832.5883302857312,53.77206413893781,0.0002830254,0.0004213143,3447.435843695621,0.010965051,0.0009078463,0.06227115356728538,0.006794026223732402
-378.4274,3.420247,207.03899,3.441906,-46.2795,3.4593248,56.30349,3.2512646,-27.365005,3.0843198,29.595562,3.2659314,-15.206734,2.821282,8.823543,2.7304962,-7.0042224,2.9044654,1.1344888,3.0589368,2.2276752,2.9623914,-4.743073,3.1177676,4.309492,3.032452,967.9690767569974,46.78751832286542,1231.3883749017646,32.61270105466859,0.00010488858,0.00011202255,1849.3823978574535,0.011181254,0.0008546148,0.045629939457656615,0.005248351029290379
-374.2025,3.4972296,202.4829,4.863453,-44.46429,4.036901,57.71417,3.9070709,-25.222189,3.5754602,28.003874,3.3389237,-15.055819,3.1022084,8.234658,2.9696925,-6.461634,3.119463,0.63017863,3.0124762,1.5652295,2.8780844,-5.443413,2.8086662,3.2073746,2.8635428,985.364531322226,50.471421605830876,1258.8027345017392,52.866742001973485,0.00014644909,0.00065201306,1927.4465043140951,0.011508522,0.00077223714,0.04527760658352668,0.005173326702491014
-374.70026,3.9044423,185.33333,3.9907837,-35.75624,3.5351646,48.741676,3.609007,-40.798508,3.2484214,38.424103,3.3442657,-32.3827,3.1553438,19.573732,2.956799,-16.565512,2.972301,2.170989,3.2802525,-1.5092921,2.9005136,3.955508,3.081804,12.601194,3.1854465,1251.8770565073041,57.35333978408686,1591.9510032741055,45.09279622040874,0.00021571059,0.0004362707,2317.9169196816997,0.010119808,0.00082134164,0.06380510440835267,0.006742599362927441
-374.8413,3.3376594,193.96942,3.800699,-37.459698,3.3885543,59.78503,3.569262,-23.447062,3.2959569,30.5938,3.1591709,-14.560156,3.0656788,8.896132,3.0580535,-4.975251,2.881469,4.3712974,2.9424663,3.8344069,2.9299476,-4.071085,2.9703496,4.447474,2.7848387,992.4482215691544,53.33220493752406,1330.4164435788578,41.1339062145183,0.00012776602,0.0003552842,1989.223315599623,0.011782542,0.0010438089,0.04127959142981438,0.005948621375220344
-380.00037,3.4726229,198.89256,3.6531816,-38.091824,3.2070951,54.892887,3.196353,-21.043476,2.936092,26.971405,3.203513,-12.1953125,2.8996913,7.996664,2.9674296,-3.6833162,3.0734477,2.5631502,2.989929,3.493994,2.9171107,-3.5861657,3.019691,4.708128,3.0707793,948.6543304365603,50.83163285480493,1254.701429732152,36.15017133488632,0.00010994735,0.00023074445,1855.4276822614559,0.011337261,0.001027469,0.04210321200696056,0.0052492489297720725
-367.04816,4.427812,178.07907,4.445874,-30.705296,3.487553,46.916504,4.2216725,-39.640102,3.6210463,34.326176,3.2776856,-28.043343,3.6270807,18.282495,3.5776181,-9.856545,3.5014725,5.60612,3.017854,-6.593357,3.1324697,-8.075172,2.9031703,7.2852945,2.864454,1275.439461374959,62.240738483580465,1616.7038820722937,56.90498896351441,0.00023550258,0.0007963771,2467.375335339327,0.010661495,0.0010151819,0.06529940363979118,0.006282102427513683
-330.40317,10.091486,140.06078,7.9625545,-67.45305,6.4652386,87.80569,6.676362,-50.867043,5.196769,47.268135,5.077509,-39.16865,4.718657,19.814184,4.054553,-18.587406,3.3897374,7.6116304,3.5157268,1.0402259,3.748143,-11.555322,4.1117167,9.129335,3.6101227,2313.0842475512723,209.03573783207207,2017.7623489560608,88.51774215491018,0.0009153728,0.00047685884,4858.0105314675175,0.008477222,0.00068013277,0.16186126921403712,0.029885025296080933
-364.8439,9.691514,195.72186,5.9122534,-49.380913,5.0939345,64.202774,5.539419,-28.858427,3.766745,29.867945,3.7468157,-18.698488,4.4254856,9.410379,3.736988,-9.074828,3.7819257,2.6897318,3.0618103,1.8741305,3.1986132,-3.5309205,3.0370038,5.9652543,3.123267,1102.4225314006,93.81607758475845,1361.9172329739536,70.87100247933284,0.00016743252,0.0004613925,2280.6709732091067,0.011269833,0.0009921469,0.0515629531612529,0.00776147165162526
-377.61194,3.4796863,202.12415,3.9850373,-45.450443,3.5154274,57.907574,3.3641524,-24.18082,3.414319,29.64407,3.1396914,-13.695863,3.3181884,8.162222,3.1057453,-6.6118045,2.940393,1.3237916,2.9979415,3.2627525,2.8517065,-4.4034595,2.9741662,2.7812104,2.905956,986.0740741327525,48.467447711995796,1261.1530160067418,41.95715835992219,0.0001190809,0.00024195848,1937.613573539008,0.011121305,0.00076303695,0.04612954973897912,0.005511813005141533
-369.70847,3.2720182,194.61214,3.7721558,-42.01143,3.5804508,60.765762,3.218215,-25.065487,3.3808308,29.887783,3.0746694,-15.128678,3.0831022,9.466672,3.033183,-5.571675,2.8746204,2.162413,2.9791586,2.1895332,2.8456144,-4.993966,3.0511186,4.170167,3.0268548,1029.4863782079399,51.43223316003493,1335.8467000236267,38.6161902434049,0.00013124317,0.00025966016,2094.566143416473,0.011694239,0.0009077556,0.04457407373839907,0.005658149019621671
-330.2396,3.9299314,162.06294,3.40898,-53.892174,3.1405208,80.506226,3.2455204,-46.9923,3.1611207,42.137417,3.0002592,-27.816467,2.9407706,18.532518,3.0019548,-13.329184,3.1329744,6.780389,2.9276485,0.080610104,2.7124114,-5.7096877,2.7052977,8.372176,2.8765862,1726.580755007959,71.05172149502854,1855.4609258421779,34.265812902711446,0.00047554774,0.00033901198,3942.299827345563,0.010576237,0.0006374606,0.08893176297853829,0.009752175590924488
-365.96298,4.0760293,172.90175,3.979587,-24.117867,4.0781527,53.12877,3.8604174,-40.606968,3.739969,39.259468,3.3322554,-29.92067,3.2260234,15.318883,3.0774608,-15.202633,3.060869,6.6455765,2.9107583,0.46810544,3.2830052,-0.9533167,3.3556535,4.456714,2.8741782,1313.6595115258353,72.73742503104438,1734.5387161654774,50.438160914350284,0.00021835607,0.0003590853,2825.5459460194315,0.01110937,0.001121377,0.05698276174593968,0.005920534209767289
-395.2894,5.5441875,196.60565,5.7383184,-24.042841,3.484931,56.38318,4.173452,-23.307552,3.9393234,31.06826,4.3115664,-16.33357,3.9009614,7.366493,3.644701,-7.447217,3.7961245,7.5672507,3.0155735,2.1000223,2.8248687,-3.9690921,3.3881774,6.7815213,3.4227815,903.4444221373108,94.70331147468146,1303.403030200595,119.50626687294663,0.00010675265,0.00033446605,1693.978619852088,0.010997376,0.0010125837,0.04046163536832947,0.015359345151769345
-375.20917,3.6981595,202.46371,5.238449,-45.43929,3.9322429,58.180405,3.7856605,-25.682194,3.4395695,28.792156,3.092002,-14.573297,3.229006,8.317743,3.1398385,-7.131376,3.2413685,0.8322971,2.9565332,2.1693747,2.95451,-4.8774967,2.6803424,3.9569798,2.7820995,992.4074597048933,53.552958213105164,1263.7188618338628,58.488011949266685,0.00014229747,0.00062458456,1947.4309155669953,0.011307763,0.0009388248,0.04597774071925754,0.005621775843176495
-356.4491,5.6122565,170.68004,4.1954503,-30.857702,4.851148,54.246628,3.9501908,-40.563725,3.4217567,36.87659,3.5059438,-29.270313,3.1165423,17.156506,3.2947886,-11.102475,3.4154856,7.7259045,3.3497257,1.6437175,3.1247363,-1.783771,3.0544252,3.643605,3.2352602,1380.378917699575,81.99962505288161,1739.0383202641844,48.477253030515506,0.00027455745,0.0006825089,3034.4829656685033,0.010993396,0.0010555914,0.06086748658642691,0.007130893157150103
-339.88464,6.7285256,175.03136,5.831932,-49.527634,4.9613323,68.6937,4.005274,-39.989887,3.901896,39.327953,3.6982472,-29.046349,3.487251,18.217558,3.4893837,-16.124527,3.2565632,6.195615,3.1917748,-0.32317868,3.2461343,-5.6073675,3.1811965,6.912693,2.9761639,1452.344751211513,109.40998581244132,1708.609614425195,85.20279022216219,0.00038625166,0.0011776459,3211.9445375942573,0.011094755,0.0009454348,0.06751876087587007,0.008716337301705013
-366.58798,3.400569,192.18188,3.287406,-45.477425,2.9203954,63.389732,3.1056373,-28.509176,2.9062731,32.81608,3.1821125,-18.08321,2.8377964,10.755787,2.9011827,-6.8176208,2.9893165,2.652975,3.0721688,2.1809182,2.8280942,-5.0773196,2.8266864,3.8780558,2.756998,1100.5217197263319,51.20531591346451,1395.5874812826012,33.58996637933191,0.00014867037,0.00017451824,2284.4180503190255,0.011255639,0.00078080466,0.04822768633990719,0.006068180501507343
-372.7277,3.399237,197.37865,4.1380334,-42.90791,3.7241652,62.01925,3.6961966,-27.114391,3.5331404,30.082848,3.3774571,-17.463337,3.0901566,8.957856,3.0843422,-7.6217237,3.1368678,2.5574923,3.2046869,2.303176,2.8191133,-4.5429044,2.6756873,5.228001,3.1337602,1025.7929866458478,52.77695281967892,1327.202790664121,41.131773735115665,0.00014267008,0.00036519227,2063.340500833817,0.011460422,0.0008683383,0.04618166328306265,0.005237394393894556
-390.4391,12.075794,185.80945,5.8199034,-18.564476,5.7399955,49.805187,4.535551,-25.088549,4.7893205,32.02992,3.800748,-16.97911,3.4776115,12.327848,3.7988467,-5.737752,3.4880543,4.390912,3.2593565,0.15322822,3.263296,-5.7693105,3.465236,5.6655874,3.327,979.6374975887463,101.0765932569401,1408.1073465181128,95.57614230962685,0.00012463592,0.00027059152,1832.2457652080916,0.010937821,0.0018215671,0.03762711173143851,0.0071220151614545734
-370.1643,4.035511,183.68994,4.252127,-37.93617,4.1026893,50.95367,3.6418722,-42.971565,3.8917038,40.320915,3.322417,-31.662619,3.2408154,19.311691,3.1576004,-17.651539,3.1013262,1.2702147,3.2992222,-3.177734,3.334749,1.8387917,3.3003426,11.433418,3.4583576,1298.2309727631662,58.96171066362186,1626.8767461843033,49.666555376964844,0.00023620049,0.0004972721,2479.141157464472,0.010179874,0.00079452206,0.06656825514791183,0.006604532021093337
-364.19162,3.715808,168.927,3.3658652,-20.457106,3.8510692,49.43032,3.4575768,-37.86582,3.1457212,36.377243,3.1450646,-27.95066,3.2526915,13.838097,3.1740248,-11.94478,2.9485142,10.174772,3.0444753,2.5210273,3.0950203,-2.5040147,2.9250479,1.1849993,3.3351228,1323.1381261614565,64.19397500093662,1738.830535240365,46.47274880583833,0.0002107568,0.00027876676,2841.2836698810906,0.011170509,0.0013105511,0.05944795896171694,0.0063211054885281325
-365.48627,3.8070033,177.37123,3.5551023,-28.981071,3.1903183,48.3748,3.248362,-42.265404,3.2034855,33.817677,3.2268164,-27.14494,3.0401497,20.322989,3.0021913,-8.309504,3.056545,9.222667,3.1743698,-6.015156,3.4630332,-11.592905,3.3703609,2.0591302,2.96865,1287.9384891761922,61.95555903837183,1647.747254960981,45.86452539659945,0.00020618444,0.00020449563,2577.4644608287413,0.010666164,0.000948212,0.06365556119489559,0.006811296097255102
-368.6817,3.1411126,181.50299,3.9213452,-34.026543,3.4854503,47.00754,3.4886353,-40.063606,3.504006,38.092995,3.223597,-29.264488,3.1622293,22.344652,3.256786,-13.848335,3.1958582,1.9755732,3.4433093,-7.6601405,3.3450148,-2.9610758,3.0019765,12.065946,3.0588052,1280.5489694293187,58.969141590934115,1631.8466470513843,47.358993824084486,0.00022274339,0.00041017012,2429.9295447542054,0.010309997,0.0009403444,0.06425260114559164,0.006172843507110439
-393.69592,5.163406,196.50142,5.0540557,-25.26596,3.3945358,57.482944,3.6436584,-22.701965,4.2394924,33.460743,3.5376656,-16.674477,3.8661187,7.713832,3.2161782,-7.468374,3.332467,7.3948736,2.997571,1.6473805,2.847558,-3.3218482,3.3219137,5.9659553,3.3047724,903.4206201332619,92.94565387787989,1309.6756313794208,109.09798185052394,9.546156e-05,0.00017578782,1705.469656322506,0.0112686,0.0009013288,0.03866938261310905,0.012348831744707526
-371.19046,3.3919683,193.81772,3.0931087,-43.06371,3.0196269,61.502167,3.0578232,-25.045662,2.97484,29.945658,2.8858738,-14.853371,3.1447964,9.207293,2.981639,-5.7749686,2.838443,2.3249424,2.8904808,2.4551938,2.9557393,-4.320295,3.0009906,5.181427,3.0046027,1043.2456963568586,48.84465116936304,1344.983646387677,31.79096177510914,0.0001266587,0.00012557356,2142.903438134426,0.011348766,0.0008147548,0.044738344692575406,0.005797260488426101
-398.25806,5.045054,196.43091,5.9354024,-21.272501,4.02754,54.84506,4.0136666,-20.942974,4.214169,29.943935,3.803335,-15.295416,3.763816,9.198828,3.664409,-4.0642934,3.2910306,6.74682,3.4923418,3.1982276,3.0858316,-3.0901823,3.40424,4.4582124,3.1736972,868.4795438199066,91.19503960902092,1280.3420098572428,117.50926584956441,0.00010171268,0.00035573737,1621.2603434055975,0.01119848,0.0009926276,0.03719434273491879,0.01147581932300371
-354.00314,25.50455,178.84767,8.219064,-46.111015,9.487478,60.738354,6.199692,-33.50819,6.221659,29.57053,4.276586,-23.429768,6.555795,13.063806,4.164433,-9.559921,4.033375,3.1009192,4.991843,-1.520196,3.3962479,-4.9441853,4.837396,7.6472797,4.195943,1321.5736683413993,161.3798527691312,1545.8113740788824,120.46911799052064,0.00023578363,0.00010207721,2782.8042864522913,0.010509927,0.0025219729,0.06852251305104408,0.015222737394208426
-364.36682,3.4579601,191.46964,3.233899,-44.93538,3.163412,62.01994,3.0810103,-27.476187,3.2850711,32.32022,3.1287923,-17.504625,3.0409846,10.620323,3.225104,-6.3657227,2.8830392,3.2256312,2.902371,2.4249806,3.2264886,-5.338111,2.9468699,4.0571084,2.8244135,1099.3677270446615,52.346890442577035,1392.161635610151,31.04915352987093,0.0001517918,0.00019352367,2269.354800337152,0.011408576,0.0008222226,0.04825714182134571,0.005959751255534476
-367.94907,3.680395,192.76332,4.0907044,-46.21777,3.7277093,64.07743,3.5774138,-28.638937,3.4452372,33.20714,3.3179615,-17.83744,3.1050344,11.505564,2.8279767,-7.3828025,2.8251004,3.2346578,3.232885,2.5279577,2.9686878,-4.509108,3.0437832,4.64074,2.993771,1095.3801297670861,52.15474568738581,1395.1084209624883,39.337890099389654,0.00017370847,0.00043160297,2282.894238960992,0.011127046,0.00078745803,0.048556228248259864,0.00574585148983671
-368.69287,3.6195579,184.17624,3.6182168,-36.16956,3.6398056,48.840614,4.1613603,-40.586773,3.401288,36.655464,3.113471,-31.069279,3.2278728,18.022348,3.117108,-16.370842,3.0804768,2.919198,2.9467554,-0.6605649,3.021044,3.2174795,2.9477308,12.028502,3.3765736,1252.6169554900632,54.927962172296844,1579.5821867125571,45.793819456640776,0.00020145364,0.00033218935,2344.8459138449825,0.010654591,0.0008430672,0.06410985535092807,0.006797471850926437
-371.8943,3.5543482,178.6953,3.841766,-27.942833,3.3577027,45.05485,3.3889506,-39.001644,3.422223,34.990948,3.3022587,-27.20738,3.0495477,18.129772,3.050308,-8.9460125,2.9488473,6.1073294,2.845352,-6.907134,2.9213495,-9.534438,2.8940268,3.7818224,3.0629294,1236.2012307770988,57.89019037038587,1600.2465187835614,52.87316025052121,0.00020177168,0.0005116964,2320.2650880039155,0.010642788,0.00097050244,0.06011750471287703,0.005846792222759109
-372.24747,4.2091365,186.34834,3.6236522,-35.751568,3.0986452,46.952175,3.397758,-39.656837,3.173039,38.645973,3.355448,-28.992598,3.2711742,18.159647,3.053589,-16.863668,3.255056,1.1546496,3.2765427,-2.9395666,2.8554604,1.7496161,2.8850014,11.11522,3.4289618,1229.1614239194475,51.84836952620959,1560.2824870233287,48.01092240160828,0.00019212013,0.00017921925,2259.962127048289,0.01015942,0.0007491,0.06390479988399073,0.006239522599919419
-365.8306,7.6699524,199.21286,5.9470506,-48.25339,4.879543,55.23817,3.8724728,-29.334602,4.4322286,26.46301,4.475888,-19.380634,3.9665396,7.87251,3.3864148,-10.575256,3.410849,-0.9684319,3.2352188,-1.2247176,3.1009483,-6.947208,3.3833442,4.77067,3.134768,1073.8885166401794,81.94819609121352,1300.1145972291806,77.58521925928558,0.00014509303,0.00026449753,2096.039993746375,0.011159433,0.0008829576,0.05302439820185615,0.0070291956959941245
-372.06906,4.1540256,184.082,4.4674773,-32.098587,3.9364252,46.232494,3.8131106,-38.294617,3.6048074,36.296246,3.447027,-31.151226,3.6870153,20.2326,3.4677894,-11.963254,3.1453187,3.939753,3.0237277,-7.893932,3.0613892,-3.1677694,3.08822,13.030087,3.0177436,1226.7996394497827,59.365804034187654,1587.7657803020622,54.86359379424614,0.00022405178,0.0009523104,2231.709165639501,0.01052232,0.00089716405,0.06056840015951276,0.0064466307560188596
-343.31735,38.44527,164.4965,12.557525,-72.863,19.308119,67.07387,6.549332,-42.17124,7.809159,40.24963,6.8789186,-30.230795,4.7832346,16.612633,5.496797,-14.867593,4.122495,4.7085843,3.4734836,-5.049881,3.521529,-8.514546,3.1895382,8.015485,3.5568328,1758.6348422360936,346.5483629827184,1684.3723012086991,94.15899583740651,0.00060934015,0.0010402373,3545.1596147223026,0.008840027,0.0020822654,0.1067432660237819,0.03951221237376415
-371.33533,3.5057232,182.43663,4.2782784,-30.90139,3.9941034,48.441307,3.6963334,-40.57284,3.374372,36.67501,3.5695004,-28.335,3.3029535,18.947985,3.3212893,-10.696878,3.1851673,5.03683,3.2387958,-7.4109707,2.820438,-8.326254,3.0581307,4.1452518,3.051596,1219.9417098530625,60.77880098532583,1589.1013076956256,52.29434935499868,0.00021150833,0.0007081441,2302.229156848173,0.010850754,0.00097493955,0.05763984556264501,0.006238573428139963
-351.32922,38.147984,178.2643,12.544839,-58.8833,15.504512,64.52972,7.149397,-35.477673,10.3894,36.147804,6.4660854,-28.53097,4.743029,16.98797,5.7833524,-12.067437,4.456108,4.1941786,3.5944269,-1.7511833,4.4544716,-5.553975,3.4098043,7.705681,3.1496797,1451.4918240303846,321.6916579860618,1583.2842830647596,151.68153639561095,0.0004346796,0.0016088755,2945.852101761891,0.009792187,0.0021356493,0.07906191089037123,0.03082191194265748
-365.23557,3.5928853,192.162,3.4984636,-44.882298,3.0505428,63.222748,2.8815107,-28.232327,2.8266935,32.317413,2.6933663,-17.560621,3.2165399,10.733021,3.0258157,-7.574521,3.079836,2.7227616,2.9610882,2.2129982,3.2938883,-5.040441,2.9245358,4.0648828,2.8660107,1091.7119623872704,56.54630092854666,1391.725090580836,35.33126345775135,0.0001474737,0.00014324934,2270.8786116951856,0.011378109,0.0008885961,0.04860381017981438,0.006265116572279198
-375.89276,3.2591014,190.64795,4.1325626,-34.59468,3.651111,57.47456,3.4929104,-22.742239,3.141302,28.047192,3.3233905,-12.817813,3.3926618,8.899239,2.919068,-3.6800365,2.977632,3.381432,3.1205726,3.3702116,3.1104867,-3.6907957,2.9091542,5.1955633,3.0687,1004.916042313962,60.80587071408011,1342.157624643075,44.06231686075549,0.00013493879,0.0003300399,2029.5668458164153,0.01129121,0.0012230184,0.04218591393561485,0.0066655435775589056
-373.49713,7.800895,200.63966,4.480698,-46.041447,6.0638857,52.37317,5.151746,-29.033194,3.5884252,27.319479,3.4294376,-18.20378,3.0177865,6.606603,3.1434565,-7.398564,3.2889764,2.4161606,3.4973588,4.946383,4.1006975,-4.1405783,3.3769581,1.9500995,4.712439,1041.4056593166256,49.659146987708624,1265.2072888485518,52.53853891464836,0.000113347305,6.403586e-05,1951.6526224441704,0.011078429,0.0012952151,0.05730450623549884,0.01151530983505871
-375.90472,3.6244736,197.08052,4.101435,-39.318302,3.7591832,55.86969,3.9372375,-21.34828,3.3484087,26.870056,3.3896334,-13.373784,3.0563755,6.365547,2.8949127,-4.629593,3.1804655,2.115019,3.0580897,3.7584336,3.0189598,-4.366902,2.8584225,3.9292068,2.9094713,981.7489025100014,50.41327807194795,1276.7082636312891,47.14914803695938,0.00013491928,0.00048723604,1936.1147426950406,0.011242838,0.0009714326,0.04346042995939675,0.005442607433015018
-372.91544,3.5179179,194.4315,3.3555303,-39.96658,2.9583316,60.486214,3.1797888,-25.058027,3.0753472,29.290222,3.0283892,-15.261847,2.96716,10.097541,3.209986,-5.375796,3.2749026,1.7629646,2.894252,3.517441,2.7951212,-4.5534196,2.9446857,4.097405,3.0138872,1019.049068772946,53.734556909661336,1334.8006792416263,34.53390148083505,0.000119341654,0.00011725075,2069.260882667488,0.011458554,0.0009523732,0.04433616408062645,0.005688692559129815
-374.19714,3.5518992,196.79063,3.181779,-41.890892,3.1097538,61.268173,3.1971235,-26.617434,3.037078,30.035418,2.8657663,-17.28816,2.8565247,8.105467,2.824492,-7.4087644,2.7037463,1.7847898,2.899296,2.697549,3.058308,-3.980949,3.0279317,5.573831,2.8782992,1022.4927535567731,44.08748913645427,1325.8988569937335,32.44693950732393,0.0001229392,0.00017921711,2050.200750435035,0.011312963,0.000720281,0.045455472375290025,0.005117262376080356
-371.2389,3.5456033,198.66394,4.249318,-43.85076,4.1886215,61.727215,3.499818,-27.888794,3.599669,30.782673,3.364632,-18.353695,3.024514,8.499564,2.9478362,-8.490318,2.9841194,1.5335033,3.237934,2.3701644,3.0571246,-3.9014034,2.9078636,6.30932,2.9457974,1028.0806740306978,52.12200024439608,1322.553187089964,44.640273411834656,0.00014088894,0.0004296678,2049.9259647803074,0.0114885,0.00081951404,0.046538527769721574,0.005286873542325635
-371.10202,3.6304111,184.32251,3.938514,-35.18214,3.4607885,49.32306,3.7286828,-43.14733,3.430565,43.254246,3.5156286,-28.763922,3.5018277,21.686926,3.1031895,-15.699402,3.157691,2.9850953,3.1417935,-3.4011955,3.184811,2.427562,3.3543708,13.104112,3.1737409,1269.7711209764195,55.71439997003931,1634.7160212580075,45.3030307677887,0.00021678382,0.00039797294,2406.123114849188,0.010450283,0.00085468113,0.06281041545823667,0.007077423498783319
-368.47433,3.186778,194.75432,3.9480696,-44.949284,3.5061083,60.57454,3.2778141,-26.646896,3.1343584,30.909876,3.064557,-15.498174,3.1884723,9.470101,3.0079126,-6.896815,2.917746,1.714442,3.061553,1.8247585,2.971795,-5.054694,2.9271436,4.69773,2.9882371,1060.9873004698388,52.096076151392424,1346.7674622337258,38.024468760684684,0.00014527378,0.00030254447,2157.4420973209108,0.011373869,0.0007711779,0.04679003226508121,0.005426268487186664
-378.544,17.088821,185.24481,7.339343,-27.16319,7.755031,49.65422,4.8056436,-14.738668,4.425573,21.411316,4.0290465,-14.268263,4.3252764,8.873175,5.1253433,-0.30572465,3.8267946,-1.3646129,3.6997516,2.3025742,3.5456421,-1.0214254,3.721532,7.6363673,3.6271157,988.0041580019611,103.61199745821806,1319.9723126760678,80.16393362790474,0.00011707915,0.00016343404,1982.6784209142982,0.011083831,0.0028454165,0.04354653059744779,0.008706111358573344
-373.03067,3.360606,183.82756,3.288078,-32.924606,3.414298,44.76032,3.5640585,-38.884434,3.2161405,34.624798,3.0497313,-30.167189,3.2816708,18.212301,3.218864,-14.591065,3.1247866,2.2719924,3.1132188,-1.8868365,3.2556775,3.5970793,3.3058326,11.981407,3.1355252,1231.4725734419162,51.25316346939385,1558.7432794870442,44.305452699145384,0.00018534054,0.00023272086,2249.495291654582,0.010368247,0.0008538944,0.06506715849767981,0.006324232218912828
-364.48425,14.219885,185.45271,9.079079,-38.9507,6.2991447,47.69334,6.8874464,-24.715073,4.8511686,24.597702,4.613529,-14.572603,5.9077578,7.1293015,4.4420877,-9.033411,3.2770464,-0.3907438,3.3284206,-2.2690253,3.2024364,-10.554447,3.0305457,3.4443574,3.613488,1122.16627632382,136.94231518309803,1364.435908606446,129.59855825915034,0.00013658254,6.853674e-05,2203.556126286978,0.011245663,0.0015451896,0.05222116988109049,0.011233617706091317
-365.4426,3.3532395,192.28636,4.5634527,-44.21093,4.101798,62.76435,3.6726713,-29.250275,3.5643337,31.92777,3.296399,-17.510271,3.5363412,12.078427,3.0678604,-6.2094097,3.1014786,3.456872,3.0848196,1.0180259,2.8859074,-6.403265,2.9845235,4.27026,2.870097,1088.6258656790963,56.0590201253839,1394.1528683358565,50.03541294055615,0.00017316526,0.0005988931,2252.6927974550463,0.011439388,0.0009115486,0.04869444243039443,0.006036439160148844
-374.5704,12.968769,205.40288,6.2924976,-45.720108,6.986336,48.03672,5.0171876,-25.74006,4.0476832,24.240969,3.7508903,-13.012043,3.3026128,7.199427,3.7298782,-5.7836847,3.1879332,0.14237672,3.2586617,1.1888535,3.0946326,-5.8199306,3.167452,3.3014548,3.1549318,990.6245059953116,59.81336588961108,1202.158766279868,58.8543851069942,0.000108757646,0.000120801255,1846.084970000725,0.010943218,0.001428323,0.05014002682714617,0.007137233447451891
-386.67496,5.2083354,192.24988,5.117968,-27.06291,4.2200804,55.851635,3.7485628,-24.786531,4.477936,32.09209,3.728029,-16.944336,3.6444988,8.991455,3.5110855,-9.928019,3.1674945,7.3173146,3.1595137,1.7016602,3.1340935,-3.949898,3.1050997,7.437145,3.4654448,967.026976183802,82.48585244199602,1366.7575531709056,101.37484738707921,0.00011940645,0.00029282467,1846.6345413101799,0.011078011,0.0008625475,0.04295062354988399,0.013141954771401024
-376.63736,3.9665518,184.06166,3.5899208,-34.685345,3.294668,45.338295,3.2951558,-40.424065,3.4528275,38.286724,3.202797,-28.738314,2.9010735,19.79919,3.1744478,-14.0127535,3.0965304,2.45338,3.316325,-4.272596,3.2045488,2.5442493,3.0127356,12.730872,2.9791887,1246.6875499245557,55.32082314161469,1586.1685431623732,43.448653084417124,0.00020125251,0.00022567407,2284.0683231220996,0.009759942,0.0008187819,0.06332362057714618,0.006096123016182453
-372.54712,4.064534,198.07092,3.3423748,-42.548946,3.2876787,56.170372,3.1248658,-24.066254,3.513876,27.946241,3.0730429,-14.195308,2.801439,7.837638,2.8520322,-5.163662,2.953331,1.8576612,3.0583684,2.8025608,3.0291624,-4.760155,2.7989368,4.2225738,2.8286705,1005.7960504982428,52.24330210770047,1285.0869137171696,32.01873219167183,0.00011255702,7.347662e-05,1979.455934599768,0.011273264,0.0007922805,0.04587577943735499,0.0057671230401216056
-384.69708,10.597523,188.2041,6.959551,-27.988653,4.482928,52.47072,5.234816,-24.411104,5.3116517,32.84232,5.6196585,-12.059478,3.9172194,13.425697,4.596464,-6.122418,3.1817768,3.172936,3.2913895,1.922401,3.2289844,-0.7032589,3.562035,7.096487,4.0483766,1005.0924279510131,125.8958984304025,1385.1891684569266,123.13185105475729,0.00013071038,0.00028671045,1965.7416323774653,0.010930962,0.0021500424,0.041340768198955914,0.00819382886925317
-364.4676,4.1840167,195.977,4.0502014,-45.693787,3.6026466,60.36165,3.5958335,-31.219074,3.3894527,32.196236,3.3223658,-18.927511,3.199499,9.928766,2.9457953,-9.43667,3.1555624,1.779209,3.1262755,2.7027202,2.8494337,-3.207076,3.2466254,6.338378,3.1342955,1082.305410646036,50.271393917560445,1366.12208287751,38.42491066594535,0.00015529957,0.0002757545,2171.705970852668,0.011359632,0.00078123604,0.050016540385730855,0.005493437358725085
-335.8819,5.6607876,171.0605,5.584289,-51.85506,5.1355014,65.852425,7.4095535,-42.499817,4.101134,40.76932,3.8966005,-24.603193,3.141923,17.3381,3.4279475,-16.717075,3.5713499,4.2241025,3.2672179,-1.3385183,2.823656,-3.6691227,2.8577664,7.0493484,3.205982,1526.627796867366,105.52127424259447,1726.2759726667186,54.51431838721276,0.00039867652,0.0007645496,3381.2624619344547,0.010693777,0.00068429863,0.07565640407482599,0.011913934898512028
-369.49667,3.347619,190.2649,3.604088,-42.98031,3.5696688,54.02341,3.377092,-31.200415,3.0779696,38.809998,3.2680287,-13.024422,3.319167,12.694137,3.1386194,-12.207997,3.012674,0.5959875,2.7201333,-0.21715292,3.0216815,1.4911087,3.4129698,9.2879505,3.0946925,1115.2549516052575,55.68973446182804,1416.657931720311,37.081034287591386,0.00016458737,0.00024080572,2185.994824898492,0.010806309,0.00083876256,0.051918684744779585,0.006425360365167276
-384.80872,5.0996633,191.74919,5.288785,-27.243792,3.6737733,54.354465,3.9875598,-26.563574,4.0216236,31.874891,3.97018,-16.159195,3.5066884,6.38766,3.2075815,-12.007792,3.1224189,9.005008,3.2635658,2.8691723,2.9290628,-4.8683066,3.1087513,4.7853394,3.461868,990.8118998004499,88.01852462733002,1373.9417267628255,106.53858702113588,0.00013465903,0.00036378906,1867.5182510694606,0.010821491,0.0008083039,0.045423751087587005,0.01540238594069418
-376.3136,8.461273,183.2358,4.874608,-26.236242,4.753896,43.824844,4.1658087,-18.70924,4.3087387,26.685211,3.973468,-14.59842,3.3200903,7.749632,3.3035622,-5.021244,3.1562815,4.243827,3.2005754,0.8366546,3.0986168,-5.5516334,3.3210785,2.3730726,3.401096,1036.8999536208019,75.23505900844431,1362.1380334805967,73.48148164914295,0.00014370045,0.00041130674,1909.0858264754931,0.010961588,0.0022140392,0.049874927494199535,0.010487327068154636
-368.78677,3.5023427,194.23486,3.35123,-45.923157,3.0074327,63.639988,3.088304,-29.442959,2.842994,32.389565,3.0768888,-18.057926,2.9857223,11.688325,2.9416547,-6.6815896,2.915922,2.9542358,2.7880096,1.8929566,2.9210749,-4.974768,2.8946013,4.6445045,3.083538,1083.2354153920671,53.13721516202705,1381.2952497119677,33.97177161447228,0.00014633707,0.00015375773,2239.6030080843966,0.011118639,0.00077213196,0.04820616118039443,0.006255956132221456
-403.42874,6.364654,199.19055,4.934235,-16.758974,3.7139792,47.88071,3.8640246,-18.46152,3.508084,27.361692,3.4051392,-11.614337,3.3679974,7.5594025,3.3344595,-2.4082525,3.541761,2.3713524,3.1859252,1.1003101,3.2546942,-6.834041,3.4302375,4.263604,3.4171193,813.9458087365831,65.54911834136121,1196.1485877702976,70.08993213380485,7.1879076e-05,0.00018391981,1451.3678672418794,0.011295148,0.0011850167,0.03375258301914153,0.005144697363581158
-366.2332,8.840354,196.51282,6.4817705,-47.793087,6.7700887,60.788654,4.3958406,-32.411926,4.0255184,31.238056,3.8447871,-18.644215,3.6665518,13.912211,4.05651,-8.887636,3.763474,2.419693,3.4527197,-1.3111299,3.5090287,-6.0428944,2.9115062,9.034924,3.1873958,1105.2983318066658,98.53955078395656,1379.095775401386,107.75535009342657,0.00019577918,0.0009569172,2215.3219484121228,0.011172304,0.00076843216,0.053662222665313224,0.010940841300405776
-375.6153,3.607103,186.4727,3.0069246,-36.33678,3.1699421,48.708965,3.090584,-40.466316,3.23007,41.65366,3.167761,-30.519268,3.2655716,19.284014,3.0717454,-15.847244,3.1364639,1.4735574,3.60084,-2.0195587,3.0852425,3.349923,3.4809697,12.6668415,3.5646803,1236.1585520463584,51.42924385599986,1577.0908647409985,40.97233669184999,0.00018765309,0.00014297037,2271.9028127718966,0.010086639,0.0007393295,0.06225076131090487,0.00718331630012411
-373.55225,4.0376453,184.81503,3.5604877,-34.56921,3.3168519,48.748142,3.6073263,-40.55137,3.3628862,38.45441,2.9424045,-29.180286,3.2514105,20.075518,3.1094136,-15.379661,3.2787814,2.6826522,2.9967315,-1.5523046,3.0688179,3.1060426,2.9912913,10.797177,3.398554,1233.826437377575,54.89613822825896,1580.7376313049788,45.003764052444815,0.0001856054,0.00018426657,2300.0558521244197,0.010422036,0.0009507917,0.06203097810324826,0.006867357147021382
-328.81314,9.352982,160.31456,8.971377,-71.02958,4.571807,79.8441,5.548392,-45.267666,5.3359766,34.23377,4.358199,-29.721922,4.213429,18.850975,3.2339041,-12.2488,3.6744976,10.94693,4.1041274,-6.8732433,3.472265,-10.849889,3.3772793,11.088215,3.6312819,1873.569632754457,171.15736779302523,1769.5571643232986,116.21244380891416,0.000565867,0.00034138246,3786.9460103683296,0.00963071,0.0011465785,0.11653608069895592,0.016951080597260092
-395.36002,10.898646,192.5087,8.294935,-25.48151,5.522211,41.69663,3.9589374,-14.970764,5.0080566,20.734602,4.922567,-11.177155,5.282636,2.768218,4.548714,0.32371444,4.087928,1.9407305,3.5637274,2.7770112,4.1148334,-2.1252491,3.8658195,5.133548,3.3400025,921.7400467401825,127.07516495829324,1227.6781499472538,113.61894572668047,0.000110361834,0.00020674008,1751.0590944931844,0.010710644,0.0043379096,0.03875548325116009,0.013626861123282704
-356.26584,3.771014,162.44499,4.281681,-31.76051,3.207286,53.41407,3.6653264,-40.21633,3.308821,32.510876,3.1853204,-29.089752,3.0952098,20.411352,3.3879058,-3.8612802,3.3463962,0.48558944,3.0818183,-8.861874,3.2065308,-7.087366,3.465322,2.8964953,3.0675902,1497.5169645701524,84.1329505903961,1784.412198338832,58.928857116934985,0.00033092202,0.00059181574,3415.086077979988,0.009959822,0.001362351,0.07285813333816706,0.00730892225292411
-375.08423,3.3744595,200.3147,3.5799618,-44.647186,3.5513062,58.160763,3.4585195,-25.829073,3.042745,28.803335,2.8995032,-15.399039,3.3265939,8.843985,2.9550455,-5.8093753,3.0019453,1.9006124,2.9656215,2.5875847,2.9904344,-4.64258,2.7423825,4.187828,2.7989013,1006.6326182080039,44.118267240577076,1284.5835506244098,33.68906553021219,0.00012385231,0.00019064595,1990.1226141060035,0.011066844,0.0007149598,0.04606950587296984,0.005303471328800896
-348.04352,44.536037,169.82631,24.00731,-68.66147,20.62805,76.062904,15.773416,-39.264236,9.003966,34.79409,7.0687113,-27.461273,5.783911,17.727276,8.938003,-14.956535,6.7845774,3.7395225,3.50356,-0.30042464,4.114838,-8.1595125,4.155642,9.509784,6.190888,1706.1508998484678,522.019034738296,1605.749366762359,251.09485595033988,0.0005546428,0.00082982494,3256.1850280053654,0.009324368,0.0010711682,0.11000829285092807,0.04801542564420449
-375.4048,3.5294855,186.12265,3.7075777,-34.536015,3.4528663,46.792397,3.888791,-39.871525,3.2976742,38.43174,3.110385,-31.092123,3.1980524,19.223791,3.0685794,-14.511557,3.1690555,1.858776,3.0065453,-4.0229874,3.074289,2.7213295,3.222695,12.118867,3.1695833,1226.9819005843478,53.37249876913002,1569.9110669950123,41.837766290807984,0.00019925255,0.00032475532,2238.853592662413,0.01003147,0.0007395639,0.06364423216357308,0.006061107778040397
-378.9526,3.428485,193.50021,4.1943336,-36.020615,3.7141473,51.93366,3.5735195,-28.23036,3.5247412,36.89796,3.3909683,-10.917882,3.1018405,11.606966,3.1866686,-10.493357,3.2165878,0.9572391,3.0037649,1.2636377,3.1362882,1.5333935,3.0212872,8.92808,2.8424313,1021.0195137216159,55.40632329239813,1355.417982836461,52.283954535197275,0.00013998419,0.00031590235,1913.4074554089327,0.010974836,0.0009282483,0.04693504386600928,0.005980869358370693
-368.7643,3.3388784,194.00307,3.7590146,-44.933018,3.3900697,63.90681,3.0227783,-29.71956,3.3532386,32.110985,2.8939238,-18.69812,2.931689,10.338433,2.8621962,-8.467975,2.937347,2.7486985,2.9323924,1.7005923,3.034217,-5.222738,3.1338863,4.244757,3.1584747,1084.752660430759,54.653939405403605,1382.555920750242,36.56412342390328,0.0001453349,0.00018457168,2238.9535147186775,0.011322988,0.00082633435,0.04782437282482599,0.005789122812113987
-375.55273,3.3884726,198.43611,4.5593915,-42.53264,4.0161285,63.14822,3.829731,-27.455147,3.6190903,29.859814,3.41444,-17.387259,3.1184509,9.237098,2.8317564,-7.1547318,2.9430199,3.3671207,2.6843514,2.7410014,2.7110584,-4.7808623,2.9906464,5.33105,2.812389,1013.8768735196006,53.06911894382954,1321.4835136752056,50.36944401590305,0.00014552152,0.00053973956,2042.2819274760732,0.011383557,0.0008743038,0.04428631634280743,0.005411100447639872
-371.4845,3.372254,195.11551,3.5692801,-42.35236,3.4327068,60.219307,3.6266854,-25.515509,3.2849176,28.882122,3.1291,-16.272442,3.0997982,7.610023,3.050919,-7.3478937,2.8303676,1.5610087,2.8020709,3.022863,3.1946075,-3.5175304,3.028098,5.065861,2.763323,1037.1211556653247,49.43946625333955,1330.3637343507628,35.822153900103146,0.00014028754,0.0003290934,2097.089175337152,0.011287236,0.00083333784,0.0456050155887471,0.005457952465612708
-341.22275,7.7521048,161.63597,5.072445,-68.11946,5.5219684,66.95448,4.132083,-31.519243,4.2654114,36.071766,3.2496395,-37.39493,4.3381357,19.162918,3.5912807,-16.956799,3.5465395,7.0782657,3.3019826,-1.7147375,3.386174,-1.3462096,2.9543262,4.2433186,3.3997312,1735.6594423835218,103.40790313891371,1719.1263856007313,53.02182414858225,0.00047360072,0.0005316028,3393.5778553690543,0.009374753,0.00066610274,0.10875643488979118,0.01157059066054936
-366.4881,3.3095016,194.21556,3.4948127,-47.756695,3.3430676,63.311844,3.1697924,-29.05247,3.3385518,34.01407,3.1487234,-17.354734,3.031844,11.370318,3.2135677,-7.9893985,2.8814719,3.2087724,2.8538332,2.3857763,2.942915,-4.8571043,3.059345,4.4006615,3.0315707,1097.6483055273554,50.753575188215315,1384.9436560857878,33.98009541598071,0.00015812668,0.0002598584,2266.0573724804235,0.0111729605,0.00077620515,0.049043376595127613,0.005815701263974789
-386.5753,5.448103,193.36633,5.5926194,-23.96351,3.6861277,52.36586,3.8787034,-24.999527,3.9135127,32.048878,4.0941076,-12.572348,3.505527,8.139235,3.5401235,-8.93284,2.914964,7.8966317,3.1441975,3.0936253,3.1487162,-3.7310324,3.419064,5.1490827,3.4825864,940.352910676389,94.89018312705878,1339.239663882581,119.27778435596474,0.00012740442,0.00046002542,1750.2097570149363,0.01117156,0.00089811307,0.04231393198955916,0.017260959562665632
-397.326,5.4403076,196.42622,5.320363,-22.359797,3.9570012,49.598072,3.6855412,-12.991122,3.5967882,25.090904,3.8590512,-8.087079,3.5009117,7.0328794,3.498889,0.27219895,3.5838137,3.2895622,3.0489142,4.8201356,3.4825888,-1.9057695,3.1792789,5.2734036,3.0550346,830.1956649438654,75.49817874305522,1199.5741757179987,78.31659872239076,6.549069e-05,3.2568507e-05,1588.4109674086426,0.011596209,0.001519882,0.032236758628190254,0.005510576856497
-387.2263,5.5153756,192.84962,4.786852,-24.105345,3.2477877,53.718845,3.3861074,-23.152449,3.8295972,30.88122,3.5577002,-15.527451,3.4040618,7.0996423,3.6199455,-8.964823,3.1793752,6.9218416,3.1747055,1.4666301,2.9650183,-3.6877987,3.4131858,7.1410007,3.5865846,935.0548963409755,83.86504092248933,1333.6511633074372,103.58393021688148,9.988943e-05,0.00013370503,1753.0075745903423,0.011260502,0.00086835294,0.04139628045243619,0.013540025997641229
-359.2601,3.9295042,170.3727,3.4477663,-23.871212,3.2885983,46.479378,3.2801256,-39.809917,3.6053512,33.34479,2.8580563,-28.823702,3.23177,18.548258,3.022071,-9.758386,3.1407335,10.383453,2.9706428,-0.62899554,2.7670872,-5.299326,2.9816341,2.1831946,3.1930766,1347.6671277667804,62.88490291605975,1731.2890280514714,51.250191998409896,0.00022489458,0.00033420543,2807.7848005184164,0.010987687,0.0011372864,0.0649346088312065,0.005762653629986178
-368.51917,3.5407307,189.0794,3.5322118,-42.734264,3.0005543,53.78429,3.358722,-30.679325,3.2781758,38.513687,3.4308498,-13.207124,3.1253037,11.890328,3.1711454,-12.19274,3.2118645,0.85453546,2.9653323,0.03257891,2.7605443,1.2337879,2.8789573,8.580506,3.1356382,1123.6665845897471,53.56201858792336,1423.4577689298872,35.594599913637865,0.00016463827,0.00020837765,2212.8988385477087,0.010820406,0.0008979524,0.05139075188515081,0.006040229202914354
-367.53775,4.148914,173.31326,3.7209003,-25.52655,3.605332,46.492977,3.445581,-37.575684,3.26903,32.522102,3.2400632,-27.12336,3.2369094,16.437853,2.9354658,-6.8643026,2.9531054,9.140137,2.937993,-0.3408252,3.2453961,-6.1422014,3.1409185,1.1596624,3.3261607,1268.797233061192,61.53707224994883,1635.2702642514582,49.746698039480364,0.00020549477,0.00044062696,2526.679075732309,0.011119182,0.0015798018,0.061847447795823664,0.005919498331312821
-360.35614,6.2268276,173.71393,4.5846653,-47.93148,6.3986244,67.90911,4.7057004,-25.9909,4.258517,34.193886,4.8224077,-23.653776,3.5312982,15.991629,3.3085701,-8.828186,3.1437273,10.992168,3.3758242,3.5538514,3.4688592,-3.4183369,3.4028282,9.76988,3.126181,1330.1061558094545,77.50550374404328,1603.267256285146,64.93977970633394,0.00020480923,0.0003886052,2902.7357344837587,0.011362264,0.00061385956,0.05002900232018562,0.007030655178791039
-389.889,5.1696405,192.12624,4.573305,-26.179365,3.4239848,54.570877,3.3270197,-22.247503,3.752452,31.373877,3.69832,-15.263375,3.425912,8.400329,3.2438648,-8.07327,3.2932491,6.40594,3.0355198,1.5377036,2.9889565,-3.0034165,3.0477002,7.3849525,3.381672,944.1365356463785,75.08527284262708,1340.2393937882305,87.31751352641098,0.000103714985,0.0001170983,1800.8702395410382,0.010931655,0.0008838176,0.039820412195475635,0.008916675730873846
-406.93442,4.4613132,197.46944,4.402581,-17.346828,4.9075956,43.525566,4.070668,-14.700041,4.0716586,26.632305,4.792992,-9.6254015,4.476737,5.7735734,3.8301506,0.21195841,3.6173525,5.1705675,3.5674686,5.2811146,3.294623,-1.814297,3.3681843,3.516855,3.7295635,817.1747319091019,85.2101635219893,1185.604877057443,64.80283815473645,6.9504575e-05,7.924484e-05,1484.7168535201565,0.011107404,0.0025382934,0.03303092372389791,0.009603416777355338
-358.47855,4.31125,164.47238,3.867076,-19.66476,3.5609548,51.35246,3.2299948,-36.509956,3.272951,34.933926,3.1821244,-28.067793,3.3440554,13.389858,3.1489623,-15.541859,2.893124,5.2928934,3.0394976,-1.1098269,3.4892888,-0.37621793,3.4544015,8.170153,3.0930686,1386.5430333152972,77.78527195978926,1803.3870027616279,56.347646184575865,0.00027459333,0.0006227706,3156.8625040784514,0.010837389,0.0017827358,0.05773500942575406,0.006455837539870796
-372.3881,5.404003,189.3005,3.878828,-36.726818,3.6538718,55.223267,3.3129814,-29.464876,2.9643168,34.64836,3.2141616,-17.883736,3.6418605,16.013746,3.448924,-9.632539,3.2169404,3.8918881,3.368303,0.3077881,2.96379,-3.5645058,3.005527,6.4286947,3.222783,1082.4552759866338,65.06277337420218,1431.4709570293685,52.13343093330784,0.0001453171,0.00014495481,2139.381185651102,0.011169421,0.0011965325,0.04626323230858469,0.006217539185245328
-364.11093,3.1436336,192.40675,4.2647777,-47.003284,3.807007,63.274746,3.867221,-28.998087,3.6876743,32.9987,3.296354,-18.102285,3.1908872,9.959359,2.8615482,-9.063174,2.797563,2.0994062,3.0379536,2.2470524,3.0329502,-4.8290606,2.908222,4.9083567,3.019965,1112.771984952394,54.368289884627146,1396.1790854719318,44.2226384744375,0.00017944674,0.0005808659,2307.799811484919,0.011267868,0.00078695547,0.050161551986658934,0.006053966582703417
-368.2539,3.5052242,183.3716,3.4072895,-37.73492,3.6752348,50.07431,3.9536157,-42.675255,3.8507354,38.972317,3.363657,-30.238808,3.1478987,20.115057,3.0700328,-16.489681,3.1688457,2.4191391,2.928597,-0.975897,2.9615948,3.079808,2.9867792,11.522925,3.0871398,1292.4283530841763,58.80056472411706,1613.3696273872383,42.80164373971915,0.0002126385,0.0001842307,2469.5986010912125,0.010270472,0.0007199774,0.06764224731728538,0.007213886104602275
-366.2579,3.4297347,191.94945,3.4907405,-44.726086,3.4769783,62.14413,3.19973,-28.218433,3.1855743,32.807636,3.2298124,-16.753786,3.155005,10.709902,3.0459447,-6.7585864,2.8659558,3.1394293,3.079509,2.6690598,2.9482796,-4.3326664,3.0792472,4.912182,2.920027,1091.9526377386196,52.97772213758712,1391.0221322464297,32.73228229265671,0.00015598822,0.00023003634,2255.215829375725,0.011212157,0.00087708293,0.04860494308294663,0.006474321457264328
-365.58337,5.6121616,187.32877,5.286466,-37.58134,3.6926017,60.587097,3.774251,-27.614237,3.283775,30.961195,3.8010335,-18.644484,3.571361,11.174522,3.449211,-7.2178197,3.3122926,4.494337,3.343794,4.0226936,3.1358628,-2.4778874,2.9751558,6.3289294,2.9391477,1097.0377106161425,68.22863603210394,1433.3368198511346,71.66486424552005,0.00016270152,0.0003352271,2282.51953125,0.011371358,0.001020565,0.04685460774361949,0.005655847304511267
-370.81757,3.5870311,180.05797,4.4791446,-29.24653,3.9477615,49.012302,3.695111,-41.347946,3.581705,39.09336,3.6057134,-29.143942,3.2463033,22.021444,3.300751,-8.761112,3.1643271,7.360876,2.9376092,-6.582257,3.0725434,-7.862845,3.2494729,6.469049,3.118227,1271.4557390207535,61.13921233297106,1661.1562467321303,56.4787675471552,0.00025712236,0.0010964319,2479.141157464472,0.010472511,0.00090591714,0.06103628915313225,0.0066921239145695515
-348.05038,6.9062295,153.10338,5.3511386,-29.988792,4.4529967,71.88428,4.469677,-37.403767,3.5201683,45.558468,3.2697203,-28.644787,3.4720502,22.855146,3.1915004,-12.922518,3.022872,11.080309,3.1166427,-0.29093474,3.1040862,-3.5578594,3.0270813,7.4691024,2.901634,1673.245598729561,134.65669334522428,2027.6007911309193,66.57260497594233,0.00042136977,0.00092739816,4160.554578741299,0.010650334,0.0010013032,0.06909576203596288,0.012465956847607568
-369.8007,3.3167038,195.83748,3.7084875,-44.212536,3.3858635,61.246964,3.325157,-27.085463,3.3929553,31.130741,3.4209201,-16.70782,3.0405884,8.634619,3.0175188,-7.137388,3.0003076,2.107085,2.7608497,2.533643,2.828834,-4.317691,2.9998448,4.5044446,3.0122366,1050.478685607121,52.19029937861402,1342.512097687902,35.528016201112294,0.00014157669,0.00024366658,2123.3686761347158,0.011260809,0.0008664386,0.04750036252900232,0.005961440055098479
-370.05234,4.249374,173.12062,3.6228538,-20.497192,3.1038032,48.986298,3.3546886,-39.645332,3.2459202,37.48595,3.2613657,-29.065214,3.1861825,17.316969,2.9660525,-12.056205,3.2413504,9.628811,3.4802406,2.2088878,2.9726884,-1.5910513,3.0800543,2.5210147,3.0491276,1287.6688171129342,70.81608305641711,1727.5771004419346,53.00033364122985,0.00019349124,0.00021474676,2675.4630175101506,0.010896312,0.0012209101,0.05626110245069606,0.006672157183146858
-409.9792,4.2484927,200.02278,4.00199,-14.502808,3.2394347,46.31724,3.4171846,-17.885935,3.5264235,26.715403,3.5121522,-9.962123,3.3276875,7.065082,3.4129403,-0.12426382,3.3022208,4.200684,3.2105944,3.2369523,3.0035489,-3.5866318,3.1700997,5.4862704,3.1491241,778.7633690945555,53.682368360217346,1172.6591447813155,59.0477013760399,6.571261e-05,0.00014238629,1369.2818980205916,0.011318648,0.0012514951,0.030349342009860787,0.005672612624061647
-367.23233,3.391381,193.8771,4.658549,-45.71154,3.9875507,62.83452,3.7510545,-28.855482,3.7341447,33.069073,3.2347522,-17.380157,3.1138136,10.763292,3.1694639,-7.9605913,2.796868,2.5839136,3.0660903,2.827345,2.9000459,-4.4279013,2.9607587,4.406405,3.224161,1085.3443201457205,57.574601427824035,1382.0421836549447,51.922223426536675,0.00017280746,0.0006407968,2238.3539823810906,0.011257465,0.00080812676,0.04851657663863109,0.006198564131345711
-369.57547,3.3938775,189.60857,3.2920182,-44.165676,2.907077,54.560116,3.185206,-31.44059,3.0339687,39.736385,3.2829964,-12.910553,3.2139373,12.653533,3.2030344,-13.104276,3.2156086,0.57352465,3.2317183,-0.09828309,3.0967066,1.23049,3.1810997,9.150511,2.9545941,1129.9196493345999,57.78018598767227,1425.1226044721386,39.632229642469554,0.00015675688,0.0001079563,2224.3648945040604,0.010748418,0.0008432123,0.0532203904437355,0.006943127146658868
-366.92575,3.2302523,191.92754,3.488723,-44.530136,3.4182782,61.061287,3.543278,-27.08364,3.1957812,32.20056,3.3481917,-15.95812,3.4000182,10.86936,3.0288825,-6.923625,3.0345047,2.292395,2.9732077,2.7765965,3.0854323,-4.061203,2.9138684,4.986106,3.0751925,1084.5706029575897,52.55819943825885,1381.6978662485617,35.61794537299398,0.00015953796,0.00035560734,2236.030794572941,0.011166468,0.000814002,0.04832171729988399,0.006237790160102151
-370.9873,3.4924042,169.63283,3.7863543,-18.25635,3.4253056,52.369987,3.3775573,-37.6883,3.5707269,35.97229,3.2833612,-29.704815,3.362518,13.279929,3.1663826,-14.183111,3.028206,7.733639,2.9012675,1.8206005,2.9341767,2.219798,3.1815255,9.448586,2.9912934,1279.9963241830662,63.838465351618034,1739.9161036888001,50.205456883105036,0.00018942088,0.0004381248,2765.842517401392,0.011493798,0.0011396039,0.05120382286832947,0.00596909813881983
-363.5341,3.3218355,193.87892,3.30466,-46.543926,3.2347145,62.40271,3.2370539,-30.20099,3.2242022,30.491848,3.222022,-19.305264,2.9565923,11.1255,2.867622,-8.174876,2.9899533,1.7341378,2.847365,3.1265347,2.9470897,-4.6418395,2.9684205,5.0918546,3.0332856,1105.5188390701414,54.31887957432757,1382.3999350013726,33.800336706649695,0.00015725517,0.00019670103,2282.869258446926,0.011244066,0.00083072414,0.051806527334686776,0.005509668198926887
-372.67557,3.4703326,180.91432,3.4660244,-28.315016,3.047562,44.576958,3.7373998,-39.22756,3.35091,37.77215,3.408136,-28.511969,3.312442,19.383972,3.2158892,-12.357318,3.2409964,1.5498745,3.0008106,-7.6231527,3.2128735,-2.849072,3.3278494,12.823575,3.0941143,1243.361838520201,58.333035411975445,1618.6257521026382,49.06380197040684,0.00019109414,0.0001775749,2298.5820017945184,0.010288774,0.00093314674,0.06163332910382831,0.006729225459626614
-373.43158,3.2959685,202.39458,3.4831228,-48.321438,3.4697893,57.408596,3.298244,-25.823168,3.1114008,29.071804,3.0951426,-14.100889,3.039833,8.585163,2.9994876,-7.03245,3.1558022,1.4962677,2.8214023,3.4357371,2.884913,-4.8271475,2.9440024,3.4065347,3.0681703,1014.9034346398489,44.73671567484995,1265.8519020295075,31.33194399504765,0.00012220105,0.00018054357,1994.6940481801043,0.011122626,0.0007256697,0.048407817937935034,0.00525335354802211
-366.3523,3.2693114,192.61227,4.030541,-45.858356,3.9630911,63.737736,3.8176687,-28.915861,3.3932831,32.600693,3.3693988,-17.907085,3.081174,10.971834,2.9759312,-7.0405946,3.200126,2.7452621,2.9247482,1.2965392,2.9999173,-5.604921,2.9528947,3.9807148,2.6813836,1095.6194829597887,53.484021563961846,1393.4373871049818,42.91043372212996,0.00017855175,0.0005774734,2276.2494222194027,0.011242168,0.000801735,0.048992395954176336,0.005440637281451993
-362.21088,3.6416955,189.94537,4.004637,-52.952568,4.0988784,61.165485,3.7725577,-30.105238,3.5413744,33.405945,3.1844666,-18.2485,3.1918395,14.4067335,3.0238602,-5.8264365,3.0205061,6.317135,2.9769874,0.773599,3.0208719,-4.533418,2.9411845,5.6146526,3.0139565,1189.6617915130792,50.80581994242024,1431.4496456894497,37.02951285986842,0.00021692827,0.0004768078,2457.1333245722158,0.010425932,0.00074865326,0.05621578632540603,0.005917933112887582
-373.9572,4.0349956,180.54588,3.9275596,-40.382885,3.4386322,62.790844,3.528805,-26.077785,3.3759027,36.150364,3.4736624,-16.096592,3.4634113,14.548577,3.3923838,-4.1648855,3.267134,10.820848,2.8961017,2.9677331,3.0437422,-3.2533593,3.1107614,6.20072,3.1167893,1162.117303684301,73.32608891466663,1514.631896133487,70.3779779279174,0.00019610298,0.0004641251,2512.7399488834108,0.010445502,0.00091069675,0.05005959070475638,0.013652511719344918
-373.61624,9.961634,169.74045,7.2673564,-35.770252,4.6476054,50.37561,4.130528,-20.708218,4.3587117,27.48278,3.860445,-9.526621,4.180349,13.31646,4.706237,0.7180766,3.7511187,6.4536858,4.031143,1.3915344,3.920449,-2.8560586,3.711187,6.530252,3.9597647,1212.9995447825306,137.59794623517288,1507.151719871042,84.72554086411657,0.00022477382,0.0003700084,2572.9679682968385,0.0098501835,0.0032224208,0.052862393053944315,0.015270945908592353
-361.40585,3.401855,188.34767,4.009979,-52.569813,3.8353043,62.597214,3.7081456,-30.82089,3.2612689,33.658405,3.1062455,-18.648958,3.3122637,13.673559,3.166067,-6.8113837,3.1243181,5.622649,3.156608,0.551567,2.926873,-4.6999903,3.145815,5.27191,3.3038101,1206.1079456939606,51.205479919739716,1451.7061104427655,39.83481278418116,0.000226315,0.00066752924,2522.832076566125,0.0104108155,0.00067495095,0.056045850855568444,0.0064176195618924365
-341.10983,3.9201374,167.88644,3.6671798,-56.60234,3.3342953,68.03601,3.2471387,-37.54077,3.088858,37.477467,3.2363613,-25.504107,3.0267692,20.026731,3.004095,-10.418855,3.1597362,7.617261,2.7903912,-0.54239684,2.8343997,-2.5570037,2.9546652,6.9710145,3.0594919,1560.1252246607912,65.59622650069113,1722.6271373217805,32.75511563280106,0.00043400927,0.0006729328,3402.645781975058,0.009709336,0.00068263547,0.07767297165023201,0.00820582815140365
-357.23416,3.4988167,172.36931,3.3813217,-48.59522,3.2250023,49.271168,3.2645092,-39.85023,3.4431696,36.151096,3.1691515,-25.466978,3.2134838,20.343351,2.98815,-11.266091,2.8591793,5.167436,3.3178408,-1.5086044,3.1978893,2.8573534,2.8248003,13.590879,3.2271352,1456.448528342576,56.74675111444785,1657.5080113187087,40.803171893758595,0.00031446954,0.0003718215,2964.03791600203,0.009456417,0.00078698125,0.07655366335556844,0.007052355575790834
-361.23358,5.2438927,178.16563,4.601024,-50.772827,4.17097,53.662018,4.215672,-31.324127,4.7254853,38.377518,3.6069052,-11.11412,3.4592142,17.702126,3.6202068,-6.1756988,3.613541,5.2136292,3.202627,0.47124502,3.338192,-0.6316512,3.4383655,8.804055,3.2176788,1294.6682227034296,80.58859501832539,1522.1450520233357,52.67700295635718,0.00026885734,0.0007235227,2684.630866172419,0.009949963,0.0012888528,0.06320126703886311,0.010090902068119204
-370.15735,4.1129155,172.68079,3.5261645,-48.842644,3.2996776,52.091434,3.5061643,-42.135014,3.3296974,34.145912,3.1736386,-28.584715,3.2852228,20.053802,3.2351425,-8.599057,3.024989,8.345171,3.0217907,-3.380321,2.7949643,-1.4865881,3.103053,13.57472,3.042364,1448.1409155728397,61.172230548364595,1658.2758970895447,39.426059425559615,0.00029778466,0.00037597687,2995.913051950406,0.009021683,0.0008948776,0.0717932043938515,0.007456352387415501
-358.05533,3.4897647,186.96962,3.3598707,-55.33095,2.9176416,67.1815,3.0242841,-33.673687,2.897729,35.970448,3.149666,-20.756298,3.0995786,15.689166,3.1603706,-7.2587256,2.855919,6.6171885,2.7464623,0.7400116,2.8628304,-4.822669,2.7538245,5.604258,2.762038,1252.5663499856573,52.86960984991454,1496.9059714985467,29.594765380111205,0.00022327149,0.00025557805,2684.1562364051624,0.010495598,0.0006961916,0.05865832547853828,0.006431480604868648
-356.18338,3.7721336,184.0424,2.949621,-53.655834,2.9910173,65.04336,2.7773328,-32.15219,3.1288629,35.435493,2.8750668,-19.282188,2.956003,14.626481,3.0449936,-6.7400947,2.9713378,5.7175574,2.8377736,0.6447779,3.026146,-4.613219,3.0010593,5.183357,3.2468739,1267.7834354434556,53.587504276131675,1506.4639665128893,28.661261571979487,0.00021622507,8.532044e-05,2715.157054361224,0.010464423,0.0006632061,0.05882599514211137,0.006749103040054242
-359.49536,3.6650977,177.49681,3.3499362,-53.03113,3.2398832,59.110554,3.1062684,-35.458942,3.094916,42.820293,3.2212853,-16.959452,2.9313858,19.978228,3.1222138,-10.603686,3.0829551,6.1501746,3.1397645,0.062351942,2.8965359,0.042863365,2.8199515,9.498249,3.112428,1358.6203920282376,60.087624074897754,1600.0363370364407,40.91929895003372,0.0002702001,0.00030038645,2890.969912358614,0.009883871,0.0007104649,0.06598707584106729,0.006873236379061849
-355.27676,3.956028,186.87299,4.4810705,-52.45798,3.9904416,62.767548,3.946801,-32.83939,3.7010565,32.575397,3.4172657,-20.642637,3.3400402,12.988535,3.052958,-7.6254554,2.9821053,6.113911,3.064985,1.1940253,3.1356618,-3.6866827,2.9789886,6.202983,3.1369925,1238.152710741765,54.98176050401652,1474.7765574624866,42.05907882290292,0.00025472775,0.0007463082,2605.0179678436775,0.010572921,0.0008242513,0.059245169301044086,0.0070122532702099494
-320.67596,6.08702,149.72505,3.6741703,-56.642788,3.573462,57.925854,4.2248435,-32.028076,3.42429,24.437454,3.3081717,-20.870247,3.3241973,14.824352,3.1411514,-7.379687,3.335669,7.4885187,3.507595,-3.9555278,3.1673503,-5.4886847,3.4408023,7.6413307,3.4801161,1767.6027479359298,67.81815450032248,1728.5482112448883,31.771019906669263,0.0006200447,0.001004752,3627.4454280561195,0.0092524635,0.0013409904,0.1063490157337587,0.009701411559482712
-355.71188,3.1925468,183.39493,3.1907806,-51.667393,3.0430586,63.283,3.087283,-30.34653,3.402706,34.26477,3.057695,-19.026733,3.1304953,13.621291,3.1698956,-6.6487627,3.1627455,5.8151307,2.8178737,1.6687894,2.9791338,-4.171737,3.1693375,4.852955,3.224751,1252.281981788836,52.10300877435566,1497.3403063634748,28.74477554208256,0.00022941205,0.00031823665,2668.918122824826,0.010518732,0.00064152176,0.058114531975058004,0.0064284002495127515
-357.56967,4.1457124,173.04434,3.4668458,-47.350838,3.1921754,58.302402,3.2982788,-31.079031,2.9473166,40.109203,3.2192993,-15.460507,3.1865203,20.551075,3.2267454,-6.6767693,3.10046,7.918516,3.0523324,1.385299,3.206591,-1.0156664,2.979583,8.924435,2.8394306,1338.3704385710028,68.23063292271776,1620.4025557633925,42.30680432096275,0.0002656004,0.0003019336,2901.4867087804523,0.010147729,0.00096443994,0.058754622244779585,0.007541247797660123
-359.58688,7.7934666,186.30373,3.9963431,-50.99855,4.7924695,60.19138,3.6397347,-29.289677,3.564118,30.603867,3.2370224,-18.019909,3.1571724,13.806319,3.2602885,-4.1193223,3.0799096,6.122371,3.0540016,-0.050457027,3.2071261,-3.718596,2.8820295,7.7819104,3.1165144,1205.669827956837,59.59103552642338,1446.4333215657484,38.15512049358648,0.00020481905,0.00027324777,2510.591624673724,0.010509578,0.0009898155,0.056714263703596286,0.00704056813823209
-362.6603,3.3094537,186.4743,4.129201,-51.09607,3.5680025,61.143665,3.7673848,-27.982666,3.5472925,32.88704,3.2322707,-16.855295,3.2369275,12.8073845,2.8473408,-5.8639917,2.9902952,6.3204727,2.9596462,1.0956197,2.985569,-4.0302496,2.849177,5.193136,2.9265604,1195.971471871252,56.06241512364088,1446.7187847736102,39.17919732183339,0.0002193427,0.00054914225,2507.9187096686487,0.010381874,0.0007762379,0.053580653639791184,0.006518063237033283
-345.5397,4.2400546,174.78374,3.2121227,-44.966988,3.0037494,54.221252,3.1369128,-25.469168,3.094737,25.870422,3.1524537,-16.438694,2.8834727,8.7191105,3.104106,-5.7582927,3.0499363,3.4887815,3.117637,2.5889392,2.889625,-3.2102094,2.9390829,4.9480987,3.1335294,1278.815114148823,57.06728261416393,1495.4009052637225,33.46488642847843,0.00022873662,0.00010876781,2695.5473508193154,0.010475967,0.0012896218,0.062169192285382834,0.007909475489065974
-328.90536,13.691226,154.57286,5.736656,-65.54794,4.4503803,72.69612,4.813688,-45.82624,4.030792,41.15827,3.6410418,-25.912136,3.9087286,22.200562,3.4706204,-13.876049,3.6282098,10.359713,3.2554743,0.078931205,3.2662082,-3.590967,3.3182535,10.047465,3.3961184,1905.4000289191108,98.44042709281156,1861.2468362083202,45.49781663959977,0.0006961056,0.0006669777,4016.591876178219,0.00924749,0.0014917187,0.10755215886020882,0.013027659267880694
-358.32272,3.2172084,165.05928,3.0028908,-40.628853,2.909033,47.813206,3.1757843,-39.59406,3.3823798,31.186522,3.2022953,-24.977407,3.0832696,18.952787,3.2221267,-5.312799,3.0446794,10.379339,3.239101,-4.693773,2.9227216,-8.274225,3.165671,3.1937928,3.011417,1491.4253086967124,55.819827610878676,1712.912800366088,40.26035550347073,0.00032067698,0.00032341594,3192.6096197070765,0.009368377,0.0012835277,0.07465831641531323,0.006374167898838064
-357.13364,3.4960656,186.15785,3.26179,-53.4286,3.1091564,65.05296,3.0604,-32.954056,2.9270651,35.302776,2.8175452,-20.242662,2.894843,14.121556,2.9813802,-7.3780713,3.1776726,6.373153,3.1121805,1.2915738,2.9952896,-4.3967247,2.9230568,5.5960026,3.118625,1248.096057540638,55.689165432510606,1492.6937859588932,29.5006173631271,0.00022473698,0.00030269817,2658.9009366843097,0.01061047,0.00072652876,0.05856202871229698,0.006225752248767257
-363.7899,3.7768831,172.84933,3.7423012,-51.981457,3.6504798,49.690876,3.6730993,-41.827724,3.3401077,38.924267,3.2844145,-25.721624,3.2813594,22.01655,3.3445475,-11.154982,2.9661314,6.4394507,3.1912103,-1.8608736,2.9609854,2.306154,3.148929,14.233613,3.231556,1485.8707822659187,56.90922573210096,1676.6960764702062,40.56238941990194,0.0003728352,0.0007317232,3047.3978914406903,0.008643429,0.0007289998,0.078115936774942,0.006913899999622392
-360.4502,3.545546,187.06645,3.7036831,-52.866657,3.5589454,65.2054,3.9078248,-30.73263,3.3028216,34.416718,3.402053,-20.69335,3.123659,11.586725,3.0545719,-8.875935,3.0980198,6.274551,3.3356159,1.3141398,3.1105165,-3.9558096,2.962861,6.535049,2.9752586,1227.0516436634566,59.559469522784056,1471.3983314326292,33.08132354045814,0.00021736322,0.00044294354,2605.2677729843385,0.010548616,0.0008045997,0.056455961789443156,0.006437236148310484
-364.50342,3.6022024,189.53867,3.7794633,-50.20195,3.3441265,62.86777,3.2351208,-29.916605,3.0724998,32.916714,3.5027516,-19.579102,3.0420809,11.939576,3.1891465,-7.4377174,3.08613,5.101331,2.928513,0.46597838,2.9176712,-3.9858,2.9846659,5.7716084,3.0836318,1173.4831978049785,50.02143394254848,1434.6191807719094,33.43101941430298,0.00019944266,0.00041047652,2444.992794736079,0.010530658,0.0007331545,0.053469629132830626,0.0054936322084186
-364.86798,3.8425465,169.51457,3.3264055,-45.695667,3.0173342,51.46935,3.515122,-42.538,3.4930997,35.098484,3.357544,-28.870604,2.9305747,21.94223,3.0477724,-7.2243137,3.2752614,11.314705,3.1172812,-4.5606127,3.1534991,-5.832218,3.2647097,9.114442,3.0262127,1484.5877072886296,58.7903203174389,1712.7734385728907,42.55382684652101,0.00030717108,0.00048011774,3133.6306259969547,0.009480494,0.00095558644,0.07449857707366589,0.006270165352336471
-326.00308,15.119819,160.56877,5.5602474,-71.807106,4.2896447,67.58334,4.977309,-57.19433,6.177456,38.74038,4.0554996,-33.387684,3.614024,25.096346,4.1945696,-15.636617,3.3396,5.9968805,3.5918257,-6.4394975,3.7534943,-9.000211,3.3959486,5.8024116,3.0796373,1933.88742679051,79.99565731856815,1846.6926162103148,41.8141419225609,0.0008505258,0.0017604867,4076.99475919011,0.009107202,0.0013500454,0.11672187681264501,0.011340610133016876
-379.351,3.7823226,181.73044,4.0113125,-41.798412,3.5753522,64.302704,3.544911,-26.322912,3.504691,35.207253,3.2713916,-17.771408,3.6288247,17.285316,3.1890373,-1.8791963,3.0731885,9.873234,3.0875385,0.46672842,3.0654233,-5.4903693,3.0293949,4.061633,3.2375743,1148.6485050859424,63.87609248276088,1500.8442479652701,55.590693109352806,0.0001872847,0.0005270621,2466.0763486078886,0.010426427,0.00079157786,0.04624170714907193,0.007627414021285948
-359.80048,3.6752205,173.46295,3.7309096,-53.694878,3.4166024,52.73694,3.5034971,-45.691566,3.3431957,38.85857,3.0019925,-29.25885,3.3498962,22.943663,2.94942,-12.79435,3.0563164,6.9892545,3.2584558,-1.0743845,3.030593,3.6487195,2.9844136,14.271703,3.2057986,1520.3285630839362,57.918842788575624,1700.98444529284,41.935502627951216,0.00036812562,0.0005740939,3149.2184667742167,0.009101777,0.0007357637,0.0806627030162413,0.006278575733652221
-357.68402,10.307344,165.4509,4.855498,-34.803223,3.7827199,42.180016,4.365149,-18.884653,4.0575233,24.554554,3.5312586,-6.8995104,3.7327664,8.370743,3.0351934,-1.9717338,3.3558574,1.7295433,3.2422304,-0.8489023,3.1143973,-3.3175488,3.304512,4.681314,3.2058144,1266.108007238032,90.48413040298954,1502.050135257021,56.16631241888872,0.00022834197,0.0003035806,2617.4083028204755,0.009710547,0.0026193147,0.058696844185034805,0.009675991483314049
-356.10992,3.5820951,184.40796,3.6291173,-53.91266,3.4816675,64.597,3.5234756,-31.477879,3.037439,35.61737,3.06255,-19.374744,3.291446,14.146453,2.9421918,-7.018898,2.911607,6.1598964,3.1932218,0.735955,2.9040287,-4.9720707,2.9990444,5.0228877,3.154534,1265.0283762905888,57.03756598368806,1501.02276338922,32.02767402264062,0.00024898938,0.00044625494,2696.3467272694315,0.01041281,0.0007482992,0.05962016023781903,0.0067716875550671175
-358.96082,3.579171,167.14487,3.9323568,-41.37751,3.458377,49.533756,4.267853,-38.16619,3.4328053,33.179012,3.4994876,-23.807306,3.417397,21.771036,3.137402,-4.430749,3.057978,9.4023905,2.9621527,-5.907811,3.2873068,-8.642843,3.2967494,3.9918404,3.103279,1451.585456198036,60.390519063329904,1693.9667129384575,49.58613833376967,0.0003245172,0.0008747699,3062.261297310035,0.009733153,0.0010141559,0.07276410237819025,0.007318393767197806
-364.47165,3.764878,175.89323,4.355634,-52.66876,4.1090117,52.199383,4.0009656,-42.36091,3.768098,39.057724,3.789312,-27.295053,3.3491936,21.26182,3.3487191,-13.3167925,2.900617,4.9319415,3.200654,-1.7215104,3.028906,3.0353172,3.3868241,13.928296,3.584324,1457.0281764892143,58.475323843238755,1652.565510476665,46.80661848967569,0.0003642121,0.0010738061,2951.9973082221577,0.009012956,0.0007391723,0.07710085556844548,0.006662752517101626
-356.3752,3.4933949,168.02989,3.3398905,-41.66413,3.1376598,50.57838,3.525933,-42.323044,3.1992347,33.454144,3.0230212,-26.363905,3.2616346,21.380919,3.0494826,-6.711844,3.3018131,12.228847,3.0925057,-4.7988896,3.401598,-8.011171,3.1706421,2.9714859,2.8784232,1476.9491839486845,61.12661676908895,1727.5550294047607,42.783476412725456,0.00030127633,0.00039595767,3189.2372503081497,0.009927161,0.0010315651,0.07231547273781902,0.007301317491453293
-363.3028,3.45974,193.65573,3.6897848,-51.263027,3.239334,60.80669,3.3364277,-32.865208,3.0619226,31.228315,3.1825187,-21.00408,2.8514237,12.646033,2.7419667,-6.7730236,2.6958642,5.7937245,3.0302463,0.43672135,2.9026551,-3.945377,2.8788202,5.3923984,2.996391,1155.7454207738258,50.52390432022158,1405.030569621758,32.465128253931546,0.00018955719,0.00024127385,2350.4665295098607,0.010511644,0.00072039897,0.05509307932134571,0.006313999789209879
-348.02213,6.682746,176.09607,5.429637,-52.168926,3.729763,62.918774,4.112455,-38.04042,3.6439729,36.217022,3.5061662,-23.264278,3.5852084,15.12426,3.2952626,-11.545014,3.6525807,7.7727895,3.2505877,-2.2613692,3.6102853,-3.7331831,3.653417,12.028402,2.9117546,1404.1005509572424,83.10176511250366,1621.4652724500681,71.7573701832601,0.00031506686,0.00045255048,3067.4072832076567,0.010278779,0.0009050363,0.06807614921693736,0.007853565608911432
-356.75195,3.4976494,174.61774,4.0617867,-50.86354,4.147552,51.458126,3.93096,-44.942703,3.8210928,41.059914,3.3955953,-27.448547,3.3570554,23.741087,3.1878994,-12.914282,2.9842775,6.6415052,2.8165524,-1.9742258,3.006524,3.680114,3.2576501,15.20494,3.137204,1483.714276429055,57.06957698767367,1704.4207520675318,42.15626814319729,0.00035973042,0.0009534655,3082.270689077001,0.009736644,0.0007902813,0.07580254857888631,0.007024372902605137
-368.6542,3.6341736,180.42831,4.1644425,-46.312855,3.7680914,57.080147,3.3076456,-28.458572,3.3034096,36.756565,3.791367,-13.224471,3.0777416,14.945319,3.1783442,-6.0931764,3.0904346,5.1164093,3.2415671,-0.14324594,3.2277505,-2.204237,3.0357997,6.265892,3.1588836,1219.0298642743076,59.68449145501775,1502.0222791049252,43.27091918417864,0.00022479042,0.0006316819,2560.827438460702,0.01005375,0.0008287585,0.053289497534802784,0.006608189884181993
-365.23788,3.1010036,179.45647,4.4186764,-47.503887,4.0065036,57.876263,3.6638548,-29.121475,3.6498935,38.470345,3.1996567,-12.815133,3.1891978,15.558363,3.2985728,-6.693389,2.914094,5.870958,2.9394116,0.6601349,2.9838774,-0.0938916,3.038191,8.133483,3.2907646,1244.8345516350541,64.54783365610892,1525.184373262898,49.72611247252971,0.00027760764,0.000979132,2636.218629912268,0.009964582,0.0008519168,0.05491974514211137,0.006832598431653588
-347.69788,4.29578,154.45377,4.639628,-38.537865,4.033221,58.588516,4.2419467,-36.315624,3.4095435,29.743505,3.5925899,-26.931307,3.205619,20.192804,3.3343806,-12.608741,3.0717142,8.290397,3.4730666,6.748918,3.328506,-1.4457829,3.4116912,8.622436,3.1133368,1590.5777319125273,109.30301168782566,1822.156579491496,56.60666175405474,0.00032534092,0.0007337698,3512.4351412956785,0.011534842,0.0022866211,0.06813732598607888,0.00988372040821477
-365.11087,13.0118065,175.08972,6.845037,-42.39791,6.7530236,59.831833,4.014245,-22.300913,4.007003,31.615765,4.8394003,-16.813808,4.6839867,14.903039,3.654205,-1.162985,3.6124976,7.422296,3.091758,1.0571222,2.9613833,-2.1791534,2.9880888,8.658337,3.3075216,1212.9798154071307,132.3121914542616,1521.2168063667432,92.81882445890957,0.00019842987,0.00034043624,2586.132699209687,0.010932916,0.0013976236,0.048212958599187936,0.010732112698077141
-362.42798,3.4885597,172.98209,4.1089725,-52.089554,4.013137,51.587715,3.4268198,-45.36998,3.4068866,37.356968,3.4194834,-28.054258,3.3172412,22.583933,3.160258,-10.652167,3.1051464,7.444959,3.109574,-1.1911604,2.898893,1.9305284,3.058933,14.893564,3.1121845,1502.7551173295255,57.849653737375824,1690.3978977436275,40.7210447008711,0.00037202932,0.0008298337,3131.1575551044084,0.008967285,0.00065801584,0.0776208581061485,0.006786051179059774
-349.32312,5.1243777,177.30986,4.457051,-46.765667,3.7367415,53.834995,3.9528353,-29.926493,4.0296516,28.177744,3.3410687,-15.050666,3.3168573,11.7169,3.0552664,-7.244657,3.2002497,2.8378832,3.2141423,1.3625783,2.995198,-2.530337,2.9438226,8.661808,2.9974422,1280.0220328557655,65.26764761228736,1501.522415521721,50.01040532319038,0.0002787543,0.00092420925,2700.5184731184745,0.010490717,0.0009924922,0.061311584614269145,0.007002305541803637
-328.5364,7.309266,154.27795,4.545976,-85.22123,3.9741192,78.41511,3.890633,-44.493145,4.1000414,38.133503,4.1735783,-31.263157,3.7190218,22.02177,3.503435,-15.395524,3.3117785,11.100985,3.3987362,-0.8077758,3.018377,-8.542209,3.5984325,8.196605,3.516093,2032.8637662266694,76.75811802542505,1750.9545518525772,35.7071962005888,0.00088778336,0.0012053258,3875.9765625,0.008397415,0.000664278,0.13838638341067286,0.011183271810659189
-365.02597,3.1443737,188.9197,3.3894386,-49.45868,3.4902074,62.147068,3.482727,-29.195412,3.2981606,32.65384,3.1756213,-19.351524,3.1838384,11.658022,2.9652908,-7.1115775,2.9531107,5.084163,2.8886447,0.3280567,2.915805,-4.143846,2.9624727,5.153354,2.866176,1169.1982656952182,51.04577830515113,1432.767079320262,31.264550108913678,0.00018609925,0.00029246262,2427.1317271787993,0.01055954,0.00074292306,0.053604444605568444,0.006254621016185898
-363.11057,3.3671212,172.95052,3.6070569,-48.565304,3.5591657,50.656387,3.6852062,-41.673218,3.3064399,36.438053,3.3685994,-28.76367,3.544579,22.277424,3.3864093,-9.903343,3.1817048,8.550178,3.0768845,-4.4605923,3.0451348,-1.4327279,3.0226767,13.699844,3.02897,1467.4757617611426,63.949876833250194,1689.3545579383508,40.67906539319021,0.00032428832,0.0004481044,3017.820962786398,0.009120597,0.00077322265,0.07565527117169374,0.007299045806953145
-368.88007,4.2943244,179.75075,3.6532834,-44.80543,3.3496482,55.02286,3.1479487,-27.622429,3.1410186,36.660667,3.068668,-11.078338,3.1232097,15.572732,2.9951005,-5.4385,3.211159,5.298588,3.4916523,1.4912146,3.1649456,0.6019797,2.9715014,9.34276,2.979754,1203.9217733746914,61.57299657939592,1491.9370162209054,38.12640418280275,0.00019963198,0.00032825174,2506.644703451276,0.010234672,0.0010264176,0.05227441632830626,0.00792384797870427
-358.5441,3.5744352,185.34912,3.5762556,-52.354767,3.6827598,64.77338,3.262012,-30.793524,3.2674525,34.88223,3.1683302,-19.3791,2.8552697,14.111883,2.8440096,-7.034105,2.9154541,5.92608,3.0644133,1.7604256,2.7398374,-3.4908993,2.7758055,5.6760917,2.915003,1236.8075678600499,54.77283337523359,1489.7189137328846,32.88328713866882,0.00022667479,0.00038670356,2634.445013413573,0.010538331,0.0007555572,0.05757980169663573,0.007182267766485307
-356.33173,3.49156,183.72133,3.5002038,-53.34182,2.9947643,65.23784,3.054966,-31.61905,3.1340008,35.50257,3.0111687,-19.599876,3.1542447,14.630324,2.8571868,-7.1444235,2.8487844,5.778761,2.9034662,1.2356198,3.1224003,-4.681239,3.068023,5.1753693,2.9434774,1264.8281755144221,55.571611169062805,1509.200948649514,31.335411003617427,0.00022845855,0.00025959764,2707.5130170569896,0.010479746,0.00072672253,0.05862773709396752,0.007852330181638353
-365.4925,3.3270857,188.731,3.2929647,-49.70551,3.1378496,62.10643,3.1118655,-28.260971,3.2581563,34.053967,3.1666894,-17.275242,2.9549487,13.9491415,2.9276538,-5.65706,2.939806,6.359826,3.0751102,1.1106117,3.1092808,-3.895132,2.960366,5.6854725,2.9677763,1158.0166952498603,56.628869358497155,1434.4969898210709,31.021247668537605,0.00018381889,0.00021337246,2417.1645020664155,0.010546254,0.00083471823,0.05240016857598608,0.006398264594671932
-378.02,3.7684028,177.23979,3.4340305,-32.33743,3.0337012,57.160034,3.1683927,-21.134708,3.1266153,29.722038,3.6141338,-12.746118,3.5914223,12.243456,3.2655227,-0.8862526,2.8306139,8.34111,2.9171705,2.1503015,3.012894,-2.9196782,3.235953,6.713246,3.308492,1103.7172146793523,69.02515193408266,1472.8084279601187,51.418329603126836,0.00015494954,0.00021372478,2350.34162693953,0.010441693,0.0012111587,0.04320779256090487,0.008785527855784443
-364.45248,3.7848394,183.20749,4.0625806,-46.28597,3.573989,59.7493,3.417561,-25.188684,3.3661597,32.08694,3.1876466,-14.96098,3.2255225,13.173805,3.200835,-3.3980954,3.0917125,6.982048,3.0638392,1.9586833,3.1349714,-3.0520558,3.0365388,6.47691,3.0434792,1169.437040437165,60.0936183419595,1455.4205541178144,41.976180328896405,0.00020693145,0.0006186193,2470.722724224188,0.010670217,0.0009953731,0.050622643561484916,0.006551255860866304
-339.12943,15.473672,175.24228,5.8773975,-71.637054,7.8803167,61.701576,4.3722625,-42.377167,7.2057467,39.881824,6.069115,-25.39839,5.556655,15.739365,5.912976,-8.3231535,3.5397584,3.2605495,4.335692,-0.6679329,4.535614,-7.1101003,4.04788,5.1074944,3.6992147,1593.872242182569,128.84388810908015,1599.468434879528,86.4358893414586,0.00041455487,0.0002816565,3275.5199458925463,0.009382014,0.0012517319,0.093736405162413,0.01397258388663996
-358.98203,3.88142,170.78847,3.6908774,-51.45192,3.3555343,49.978157,3.4626706,-45.779408,3.364288,38.21275,3.1577547,-28.295479,3.4175928,23.691656,3.4891298,-11.082815,2.8488147,7.625786,3.2784853,-4.2812595,3.064173,-0.6730532,2.8273323,13.32822,2.8251007,1535.8138484996489,59.25441639044111,1726.5942201049925,42.3207551332166,0.00036640576,0.00070390094,3217.8898999419953,0.009267759,0.00082443847,0.07983681663283063,0.006159271036807796
-344.00525,3.287227,171.83484,3.6018443,-57.194252,3.2622523,67.5597,3.321325,-37.988014,3.5423217,38.657066,3.4652393,-25.600813,3.4642406,20.226404,3.1083927,-9.866043,3.1212747,7.723396,3.1763299,-0.5867723,3.2586787,-4.0399055,2.9271624,7.857346,2.7595344,1510.899490308521,65.1828527461827,1695.0194154431692,41.378291750418484,0.0004001331,0.00060802617,3294.979766350058,0.00977834,0.00059997675,0.0751953125,0.007202246845786209
-362.22507,3.2747633,182.78992,3.335495,-50.174038,3.2950354,62.188786,3.4658396,-27.74605,3.3630838,34.315453,3.1525974,-16.261543,3.0864494,14.061795,2.7975523,-4.709693,2.8293831,6.6817684,2.9700794,2.0173028,2.8026578,-4.082608,2.9069862,4.681315,2.9728627,1219.2858167104996,52.150862047414535,1483.2020865118427,30.029641357055148,0.00020979503,0.00032194224,2604.893065273347,0.01038798,0.00081467524,0.05396017618909513,0.006506569924274848
-335.5328,5.5104375,159.84357,4.1833277,-51.581623,3.1890342,64.78511,3.7884178,-39.422985,3.978128,37.460613,3.745101,-28.319916,3.406151,19.48178,3.2059438,-12.441878,3.1631668,9.863871,3.6258893,0.5037534,3.754196,-3.2754405,3.483366,7.275477,2.8779385,1683.9934071772036,67.72179741278468,1831.374918308425,43.96098835285561,0.00050641265,0.00058437535,3717.849908461427,0.009557617,0.000968089,0.0853755800464037,0.008479267058007084
-359.00116,3.6028755,170.11317,3.3580465,-44.39552,3.1885633,51.422123,3.1746745,-41.30696,3.2629998,35.533,3.121443,-26.347046,2.9963286,21.970873,3.0260963,-7.0294013,3.139651,9.906556,3.1468515,-4.9732633,3.2041,-6.985057,2.9504046,5.951224,2.8656473,1453.5652162820415,62.70157045503284,1697.0718207322109,40.55829995595076,0.00029157917,0.0002432798,3069.7304710158064,0.009764406,0.00096098846,0.07231320693155452,0.006984668194965335
-359.62646,3.829491,175.24213,3.6840317,-53.80884,3.3802288,51.60501,3.8281796,-45.57034,3.0089524,37.393764,3.1366496,-29.5782,3.1986125,22.652346,3.3158405,-12.322017,3.168771,7.0025992,3.0579762,-0.8118238,3.0520146,4.237,3.1183274,14.1623335,2.9020922,1489.2608358250784,56.15431385165904,1669.5219712157868,39.49932183037482,0.00034840795,0.00057773537,3020.843604988399,0.0093232505,0.0007155771,0.07921711861948956,0.0061702239667173805
-377.64105,6.687324,177.52914,3.4599762,-36.058353,3.5621936,58.77753,3.502344,-22.041157,3.3360875,31.855303,3.3690767,-13.595252,3.412637,13.870201,3.8724396,-1.0316896,3.3647547,8.743685,3.1803246,1.7099202,3.2645059,-2.5225651,3.1202626,6.7061934,3.2359757,1130.0870637798753,69.35953730542859,1488.2291813773882,47.16164343635547,0.00016163355,0.00020057353,2412.892834161108,0.010444947,0.0014832106,0.04480631888051044,0.008814072282738611
-374.7586,3.8131404,179.58527,3.8536732,-39.147358,3.5157483,61.41442,3.162684,-24.228798,3.3232396,33.258713,3.341401,-17.620708,3.3386252,12.16471,2.9704804,-3.0445983,3.0461106,10.531673,2.812836,1.4097996,2.9317467,-3.9757519,3.0522788,5.9249167,3.2596917,1163.9629462174394,83.2074932103692,1503.2465321596198,70.4679094042714,0.00018648928,0.00027384123,2489.6329733722446,0.010056001,0.0009775596,0.04945122172273782,0.011158053188028542
-358.74417,3.9313745,166.1187,3.8645642,-43.05749,3.4104521,47.74798,3.7437239,-41.860588,3.2013946,31.739222,3.1031947,-27.990063,3.299349,20.416735,3.1372142,-5.6016417,3.3170736,11.225838,3.5175788,-4.9880877,3.280089,-8.66826,3.1539948,3.1617208,3.242328,1500.9919650202469,61.90039354193033,1716.1677657108778,48.22925601007163,0.0003276178,0.0005604325,3167.0795343314967,0.009512784,0.0010257243,0.07516132540603249,0.006455709307701278
-363.57294,4.0934954,182.27788,3.3707006,-49.541397,3.3090084,58.747997,3.1205707,-31.756508,3.354585,40.594955,3.3982084,-14.227523,3.0822976,17.460186,3.298724,-8.667435,3.1233356,4.215156,2.9501238,-0.57743686,2.9009836,-0.7657169,3.1621847,9.180259,3.2721474,1247.8458538312027,61.11533440809625,1520.1327981705892,41.4842185901916,0.00020934215,0.00013923163,2607.7908049050175,0.010187268,0.0006875828,0.05804202617459397,0.006918493895355637
-356.42374,4.0209217,172.17624,4.1942797,-47.867413,3.448051,58.50753,3.4335191,-31.515512,3.4190338,41.48099,3.3918347,-16.616629,3.1905124,19.651115,3.1445673,-9.595993,2.941514,6.0607114,2.732314,1.0731932,2.853253,-0.51421,2.9558492,9.269778,3.2038066,1369.6023912171727,74.07903183130693,1638.8927917662315,50.07469145197617,0.0002927572,0.0005712393,2960.6905271171695,0.01004375,0.00081919803,0.0626053599912993,0.008348689178866024
-358.47977,4.056225,162.70432,3.7566903,-36.70468,3.849777,52.650913,3.5500214,-35.341465,3.3851771,33.58297,3.5441673,-24.5262,2.885923,18.33795,3.175188,-5.1840343,3.2386389,14.581761,2.9512682,1.2800328,3.0352635,-4.4971995,2.8547971,1.9973092,2.9540799,1458.3080700858736,58.12982879478812,1746.7862126384273,47.20363407279345,0.00030134467,0.00063680176,3227.8821055684457,0.010147923,0.0009320736,0.06389686956206496,0.006406842369205509
-356.93253,3.0954247,187.66223,3.4452002,-54.916645,3.359392,65.7787,3.2259238,-34.31073,2.8617883,34.13221,3.029184,-22.995287,3.0251782,13.049246,3.1791317,-9.219345,2.8349438,4.9044123,2.9684944,0.80279726,3.0354726,-3.9698822,2.9898412,6.2018027,3.0430458,1261.8566493512378,56.36887216315185,1487.480243594296,30.54354620385809,0.00023914696,0.00037951642,2663.2475461318154,0.010301731,0.0007085407,0.06143620395881671,0.006463216837554707
-362.93948,4.933997,188.79694,4.0069623,-51.39972,3.4966338,60.55968,3.263605,-30.70408,3.374097,33.163048,3.1655016,-18.33383,3.2195091,13.085108,3.1437113,-6.664246,3.2688627,5.295304,2.7445588,1.2242199,2.9816365,-3.291838,3.1197727,5.802442,2.957236,1192.1998161866513,53.66305910844334,1439.4576082745955,35.87483881655863,0.00020680181,0.00038219805,2467.55019893779,0.010364839,0.0008269625,0.05497525739559165,0.006478820734930857
-356.3326,3.587692,163.92169,3.3035355,-49.16243,3.3249676,52.00085,3.7475007,-41.800934,3.2321296,32.918137,3.2673087,-23.822687,3.4190223,24.310171,3.4198835,-6.7784915,3.1064932,6.303003,2.7691903,-2.4799988,3.2294073,-6.2407374,3.2098691,7.5167727,3.0523255,1565.0120636446297,62.71355977054246,1723.884886925876,39.69650796540985,0.00038948405,0.00065686065,3309.3435619380803,0.009046866,0.000986144,0.07994444243039443,0.007629216322980283
-361.8134,3.76671,167.23427,3.512584,-45.593494,3.1774042,49.789986,3.31695,-40.75079,3.178012,31.688469,3.046394,-27.281277,3.301444,20.670923,3.2745414,-6.356329,3.252002,8.997102,3.0261633,-4.283589,3.0824087,-5.1171327,3.1982758,9.330938,2.8710012,1483.158439946763,63.43887509518779,1685.1063840074817,44.01294223103847,0.00027583423,0.00017487632,3087.1418893198957,0.009715515,0.0010998312,0.07509561702436195,0.0063997751086384115
-377.00192,3.9429631,176.3725,3.4082944,-32.56165,3.3066106,56.796276,3.1093433,-20.095705,3.019175,29.692005,3.0073698,-12.7939,3.3354087,12.9292755,3.4381504,0.13025877,2.988572,7.4212613,2.9001057,-0.20416813,3.100558,-5.5654893,3.1094959,4.381269,2.996927,1114.9603175250243,65.47886067309034,1475.0063946918842,41.79245760393381,0.00015328123,0.0001615562,2365.080130238544,0.010347265,0.0012470796,0.043615637688515084,0.007043055496431549
-357.69714,3.9196424,171.80222,3.2510931,-49.983894,3.2342703,51.82528,3.2849846,-43.22974,3.170882,39.696823,3.0582032,-26.2973,3.0590985,25.53845,3.3444834,-9.451987,3.14154,8.10544,3.144629,-4.7732134,3.0489542,-2.7182388,3.0633042,11.862581,2.9631681,1504.3751762886748,57.18763441835997,1724.0491731037118,39.951475943285814,0.00033113736,0.00029357214,3162.633002827726,0.009328478,0.0007614247,0.07638032917633411,0.00682214456139699
-349.08423,12.101676,156.14937,4.544002,-79.296295,5.662264,60.586388,4.1870775,-43.35807,4.076617,37.819233,3.5507221,-32.745956,4.054804,17.382114,4.0486383,-12.015958,3.761899,9.714917,3.5280063,0.9647571,3.2072096,0.4163594,3.2852106,6.511613,3.0890508,1892.7534747934892,79.40616541368908,1694.7740278751016,47.6717356786684,0.00062431325,0.0011974657,3707.2082094692573,0.008181122,0.0008776253,0.12996664733178653,0.009144447272733367
-376.26367,4.3203816,179.3967,4.620422,-35.777008,4.071467,58.064026,3.6430917,-21.965107,3.449691,28.08218,3.5312142,-15.237966,3.293353,12.174798,3.5459127,-0.5024475,3.1074274,8.929034,2.9779227,2.9592197,2.9794402,-1.775069,3.1281273,7.7724032,2.9868772,1102.1651788287165,84.21403850663178,1455.2994624463827,57.12483737892968,0.00015191502,0.0002840845,2338.076194533063,0.011065556,0.001930659,0.04153336173143851,0.008780197201851851
-361.73587,3.5669622,187.54527,4.032453,-50.201984,3.6135154,61.52912,3.4337177,-28.306986,3.3456929,32.697987,2.9413204,-18.370104,3.0568118,12.292672,2.7444618,-6.4127064,2.8816962,4.9692087,2.7489114,0.71831864,2.9603145,-3.882975,3.0827613,4.546909,3.2633743,1183.9866914254242,58.59066183442068,1439.7593250966295,38.06133929832282,0.0002137766,0.00042630092,2465.326933185905,0.010463522,0.00079606037,0.05497072578306265,0.007239516063465872
-354.62903,3.6880033,184.53723,3.5026667,-53.766647,2.8992205,64.64164,3.1423237,-33.472694,3.1487148,34.098595,2.8136606,-20.744453,3.1969674,14.271872,2.921743,-7.314607,2.8841708,5.6237435,2.8563843,0.39806774,2.9130015,-5.365622,2.698874,4.4176955,2.7394583,1278.4223414852509,54.60764379994448,1505.5851752956594,32.61595351705656,0.00023760907,0.00029196113,2722.6761890951275,0.010454839,0.0007283884,0.06109406721287703,0.006547083370172197
-363.28253,3.530301,189.45425,3.5276113,-51.17583,3.288002,63.68721,3.0348763,-29.840836,3.2499375,32.865494,2.9306936,-19.750217,3.146031,12.820662,2.8275476,-7.6443453,3.1346204,5.144703,2.763068,0.41639334,2.8594348,-4.1361604,2.7721167,5.6404495,2.7813632,1177.2669785176945,52.01102921008465,1437.3173855940208,31.636467582696614,0.000190156,0.00022657994,2464.0779074825987,0.0105916085,0.0007206597,0.05446318517981438,0.006114892485741982
-360.0044,3.5036135,172.62906,3.4253035,-48.563046,3.155362,50.696205,3.6279802,-42.56693,3.24163,37.068764,3.0640519,-27.6422,3.3941703,22.662811,3.2367113,-9.232787,3.1039624,7.689002,3.0606582,-5.143949,3.2247882,-1.8796908,3.1272604,13.141402,3.109285,1472.2017187776073,57.49504468155128,1689.2435969951837,40.52932630125272,0.00032142233,0.00043520826,3043.500931246375,0.009437745,0.00080810755,0.07663523238109049,0.006615383136108798
-333.54282,7.60147,165.6269,5.135704,-76.38417,6.2215853,62.771606,3.5941653,-47.933815,4.267943,37.995644,3.4432538,-29.979925,3.1095955,18.15441,3.2063031,-10.306214,3.5271828,8.157053,3.1869824,-0.66448474,3.0181553,-1.8450906,2.8316097,6.8622346,3.0973632,1781.8090064318174,104.88320095106377,1678.0225510046669,36.73017247205953,0.0005804253,0.00073448085,3630.168304089327,0.009150017,0.00072109624,0.11393720091357308,0.012449381951640064
-355.06616,3.4308598,185.3827,3.6288416,-55.47047,3.6385956,65.21095,3.3755028,-33.83355,3.3574808,35.903168,3.224099,-20.12106,3.0701735,16.116266,3.2870235,-6.4985957,2.982267,6.6034765,2.7333183,1.0124623,2.82003,-4.8419247,2.9128516,5.5619235,2.7963374,1277.824263152124,58.863763959297046,1507.4783167839585,30.92540836877794,0.000246309,0.0003333548,2723.975175826566,0.010468779,0.00082601904,0.060617114994199535,0.007345866039788276
-345.23056,4.612963,168.26573,4.3233604,-57.75304,3.6707587,63.768345,3.996222,-38.155415,3.5327883,46.762154,3.6342149,-21.213522,3.4641209,24.085312,3.2120755,-13.548158,3.0413835,7.2605233,3.2084937,0.93924737,2.9590404,-0.72075,3.1305978,9.603367,3.1502724,1565.0083484179288,81.57024050549798,1747.072690818769,54.34762302528695,0.0004194855,0.00069909915,3421.730894721578,0.0098698335,0.0007056653,0.07758233939965198,0.008981828509898255
-350.3281,3.6266663,163.99168,4.080458,-44.114914,3.5158136,50.80309,3.822373,-41.61803,3.5681272,33.735294,3.2180703,-25.805613,3.0824165,21.979132,3.2468185,-4.0983253,2.9116614,11.0022135,3.10089,-3.9291313,2.992565,-10.301322,3.1054013,0.917191,3.1870732,1546.174599940624,72.21030968715729,1744.844384555732,47.17449424024964,0.00038522412,0.0011259447,3353.609032863254,0.010049159,0.0011302141,0.07699209686774942,0.006047156977312414
-353.18338,4.9147153,193.08481,5.158943,-61.100613,4.5840626,57.84144,4.434064,-37.817833,3.7875211,33.144882,3.6545012,-20.531857,3.5511546,14.809223,3.3985314,-9.617571,3.1589112,3.827658,3.0611587,-3.2805314,2.85439,-7.0532923,2.9250596,5.93486,3.0400386,1258.602583290974,65.39992209117248,1421.5662608466648,48.327710447322914,0.00025938268,0.0006082874,2518.660330717082,0.010353319,0.0007904363,0.06609696744489559,0.007445978580629351
-350.6322,4.990728,188.74718,4.7024417,-61.639683,4.6812267,63.50815,3.9558249,-40.67809,4.4578485,33.084175,3.607459,-23.723866,3.976156,16.298807,3.4032543,-10.17357,3.2732549,4.433068,3.1712565,-1.8040661,3.5163474,-5.278383,3.348628,8.862475,3.1637497,1333.5574837954587,63.30233386783568,1493.7182544978566,55.79074991322262,0.00027899875,0.0003597905,2771.238308439675,0.010127562,0.0006413577,0.069322342662413,0.006891533840714146
-323.6425,11.23359,132.82791,6.744698,-77.372505,3.9940763,71.44239,4.4496007,-59.266785,4.846326,48.83786,4.2306514,-36.053497,4.406039,24.815538,3.8573003,-20.9835,3.6028361,7.4565587,3.4221816,0.3871031,3.4371243,1.0262853,3.1051834,15.025122,3.3345315,2508.693605598303,184.71440124051827,2041.0974028232938,89.06365184662663,0.0013871824,0.0018734996,5020.683639066126,0.008129145,0.0007019858,0.17216728900812064,0.02065115730508866
-337.97516,5.681657,173.78027,4.334831,-64.80411,4.1634283,75.06337,3.8215058,-46.283726,3.6916978,38.37743,3.460108,-27.14585,3.4647064,18.75136,3.3970492,-10.419493,3.309743,6.5863633,3.2089026,-1.76892,3.0103626,-3.5107453,3.0621877,7.4387774,2.996579,1612.0289679162465,86.44253660936785,1695.6223803371004,46.19023043820033,0.0004462622,0.00053388876,3534.21814956134,0.009833896,0.0005521479,0.08670447542053364,0.010145998361200703
-347.9939,3.6205823,158.7237,3.5988674,-47.615192,3.429712,56.465366,3.656137,-44.96099,3.4645305,32.188545,3.6230423,-31.02843,3.3464882,22.974573,2.7796645,-2.5920124,3.3342195,7.0705504,3.1028478,-4.863196,3.0436966,-7.2871614,2.9486024,0.7167949,3.0633204,1682.5281371974684,69.21217752273633,1813.199308879089,42.488651661952694,0.00044575328,0.0006615348,3774.255909222738,0.009414476,0.0009230753,0.08771842372389792,0.007449629706239324
-364.81924,11.660825,174.66212,8.417089,-38.035995,4.8242135,50.98498,4.077349,-23.36315,3.7029872,26.51165,4.5538893,-15.317432,3.7584267,8.650296,3.5724058,-1.7093703,3.3289657,6.814137,3.0894537,2.0514781,3.096459,-3.4584684,3.4760864,4.3944044,3.769893,1212.598181565477,136.30032110211033,1480.195204940568,100.34418261445202,0.00024288063,0.00076195714,2507.7938070983178,0.010334168,0.0027222466,0.0528306717662413,0.011483439889572645
-354.26825,8.891308,186.77998,4.966401,-57.784622,5.00133,60.963512,4.6969385,-36.496605,4.5574856,34.655285,3.9963355,-22.13897,4.1296864,14.61087,3.5019853,-7.6317906,3.52616,5.9577575,3.916191,-0.30253077,3.4691212,-5.0189013,3.372647,6.8972588,3.3138626,1299.855055939449,72.14670750643543,1488.673895587673,48.23071424276957,0.00026432806,0.00039072486,2681.458340886021,0.010046461,0.0011529723,0.06576842553654293,0.007295711280967159
-373.9889,3.475761,183.8577,3.5652823,-41.25125,3.5228472,61.631397,3.6984048,-23.712852,3.370426,31.246798,3.3446908,-15.4876795,3.013134,13.195278,3.3924394,-1.9867394,3.0499074,8.050747,2.7818599,2.0843542,2.97014,-3.1174667,3.0179725,5.8319473,3.3312826,1115.3577916246136,57.96362952947095,1442.3290233999853,36.60997924519534,0.00015964881,0.00026087035,2366.3291559418503,0.01071865,0.0009937572,0.04509860788863109,0.006963634216351456
-359.96927,3.6985905,185.35487,4.608152,-51.51761,4.1300783,63.244343,3.6065538,-29.728367,3.5695536,34.01357,3.580836,-17.948885,3.2860498,13.620269,3.1135998,-6.68132,3.1753495,5.500774,2.9652016,0.4984418,2.9373324,-4.634605,2.8740752,4.9888015,2.8400605,1222.631409213142,58.37575004394021,1475.076438677003,48.00910143220015,0.00024010957,0.0007375639,2594.8758791328305,0.010445311,0.00078656664,0.05580001087587007,0.006751032788346076
-359.70355,3.886981,176.3924,3.9013987,-50.63918,3.4881895,52.13052,3.9061458,-42.908394,3.4699733,39.330143,3.434927,-26.921661,3.204629,21.371723,2.9400485,-14.054469,3.2237303,5.473832,3.1792276,-2.744697,3.2073796,1.8549873,3.477904,13.665236,3.194089,1446.373135195599,59.99213032961096,1666.8706247851337,40.43370560838604,0.00031054002,0.00037316105,2968.03479825261,0.009486803,0.0008516698,0.07320820040603249,0.0064250459500500325
-362.85104,3.432596,174.98247,3.6577897,-49.731262,3.5503995,50.29171,3.524144,-41.511917,3.094715,36.016174,3.5127373,-27.090458,3.28826,21.419777,3.1797717,-10.395328,2.9089975,5.70941,3.0816436,-3.197912,3.1397164,2.0596645,3.0849416,15.206961,3.140608,1437.966584256882,56.60524821750475,1646.6190613642596,39.50015508020475,0.00031561346,0.00052833173,2911.3540118365718,0.00919361,0.0007754249,0.07425840160962877,0.006272049079234533
-387.07962,38.50862,162.5459,16.582136,-60.67141,8.445519,61.956493,9.863322,-41.527817,8.142002,33.55691,8.5508585,-29.563307,7.609819,15.319712,7.0674353,-9.194344,4.952136,8.291656,3.7471647,-1.6750894,3.5069656,-3.539386,3.4685085,7.1269674,3.0803738,1724.3838124792653,473.0425609694199,1707.3522691755427,188.05365534515676,0.00065752986,0.00041151317,3566.6678373332365,0.005959234,0.002411184,0.10007499818735499,0.05409711062062924
-380.75436,4.3783374,175.51775,4.32087,-34.46953,4.00545,55.841488,3.656985,-20.714695,3.637039,29.353708,3.5432303,-11.406792,3.7986774,14.736329,3.7023425,2.1349504,3.2377992,9.23028,3.333092,2.090064,3.2870803,-2.2353709,3.5382683,7.1273327,3.2245913,1118.5375136948735,80.26003945109304,1476.5389304176322,56.24877479022247,0.0001949071,0.00075448747,2380.2932633048144,0.010441272,0.0014671229,0.042095281685034805,0.007949296554696696
-354.755,5.992248,182.8565,5.132496,-52.110344,4.755021,59.70932,4.2550035,-32.280773,3.767626,32.488205,3.4201374,-18.732176,3.1826186,14.940255,3.5971763,-4.4763308,3.1471,7.429088,3.3937306,2.0915174,3.0798466,-4.160188,2.700879,3.9039845,3.0524418,1270.98722255091,76.18145728258932,1497.4065246507635,64.23289815023227,0.00031263757,0.0015099769,2668.2436489450406,0.010378988,0.00097119645,0.061245876232598605,0.008283594338736867
-331.6769,5.7649093,166.17967,4.6166873,-79.872,4.962747,60.622314,4.065297,-51.285057,4.0812287,31.763882,3.8699954,-31.083174,3.1235242,21.246386,3.2067263,-12.051649,3.443002,9.174552,3.3739789,-1.6720002,2.8605623,-5.121837,3.534586,4.8327866,3.4767659,1795.697521819923,65.42087843293459,1668.776872577971,44.87979403167487,0.00069082156,0.0018698238,3557.7248132975637,0.008939786,0.00067627104,0.1109361405162413,0.009460124027099755
-353.32837,4.1397824,161.28209,3.8012974,-45.863773,2.9820173,61.43644,3.7894688,-41.389416,3.234633,33.23471,3.190048,-33.394726,3.375475,23.62054,3.496256,-6.683602,3.019007,4.392057,3.1978486,-5.5654664,3.2654858,-3.461732,3.212055,-2.2134027,3.1958961,1639.3859110883348,72.21489047757125,1830.7675544025565,51.82377854796244,0.00034780876,0.0003060039,3707.25817049739,0.009863765,0.00096648245,0.0761877356438515,0.007656208485765544
-358.5575,3.6272676,168.24054,3.7040408,-42.76866,3.9451125,50.052895,3.7357502,-39.178673,3.505991,35.650093,3.8042011,-24.62554,3.0982275,23.801289,3.8234308,-6.5772996,3.4941518,9.677415,3.1204607,-4.1645,3.241462,-4.034855,3.4631517,9.800099,3.0103488,1468.826645173111,60.793140479635106,1716.1825006110564,42.82656920802808,0.00032959605,0.000688936,3092.9373685832365,0.009618994,0.0008322841,0.07322066234048724,0.007482296110051157
-356.73288,3.6008997,164.8335,3.9021854,-36.745834,3.8146882,50.150253,3.840595,-38.635567,3.6265283,32.740196,3.311191,-28.382278,3.282828,16.948492,3.2963598,-9.8334,2.78149,10.97533,2.7280278,0.6081901,2.8571491,-1.4570285,2.9529846,5.378208,3.156671,1474.3200610830997,70.00294016936061,1749.1397420527142,52.099742812313984,0.00033976723,0.0011352447,3197.455839435905,0.010331791,0.001553622,0.06923850783062645,0.006066839391769354
-365.9952,4.4487157,182.52588,4.530428,-44.193523,3.086908,59.27559,3.0568447,-26.327038,3.141073,29.58825,2.9109771,-18.03352,3.317907,12.024151,3.4804397,-4.787677,3.2747886,6.1850576,3.2548876,1.9270331,3.1452136,-1.9298218,3.2418432,7.417868,3.014434,1180.0369866192232,77.8111615729636,1465.6211567257203,62.307348818069194,0.00016883893,0.000120585624,2477.5673850783064,0.010701872,0.0011640833,0.05080957257830626,0.008172929816234586
-361.46704,3.4654043,183.93047,3.8884284,-51.151665,3.704621,62.58694,3.30562,-28.681992,3.3313673,34.051712,3.1151521,-16.991598,3.1551208,13.824446,2.9021585,-5.616063,3.0165327,5.739568,2.7549078,1.6636126,2.8885863,-3.3692672,2.7742398,6.2731757,2.867821,1219.934048318922,52.83479209799941,1478.8672512500802,34.44737725353009,0.00022357733,0.00043985556,2600.4964947977087,0.0104474705,0.0007281991,0.054673905162412995,0.006215858846806703
-342.56656,5.4201965,162.13857,4.164651,-55.271553,3.5613527,72.92592,3.442383,-36.64443,3.5765953,45.840656,3.3443286,-29.340847,3.4055502,24.511017,3.388896,-11.616257,3.1960247,10.974232,3.170371,0.62532324,3.3129213,-4.5000825,2.9361668,6.8259015,2.978953,1667.834027120964,100.88445735872772,1854.5157414580465,56.90133663197405,0.00045794636,0.0005299218,3743.9295651464618,0.0099941995,0.000673301,0.07947655343677494,0.010405506263337569
-358.35043,3.3969793,171.4096,3.6931367,-50.570988,3.4268506,50.09488,3.6362097,-42.268513,3.2699332,37.202206,3.2003267,-27.984009,3.246925,20.544743,3.1362383,-13.322174,3.0306127,6.3566084,2.8456278,-0.37487018,2.8909104,3.71342,3.1826067,13.612479,3.0378423,1498.7232699877163,62.84381049029658,1688.084640133672,42.25894405789302,0.00033291112,0.00039814206,3078.3987093967517,0.009355182,0.00084538205,0.0791752012035963,0.007136477053696214
-381.05408,4.231522,180.13641,4.4981403,-40.278427,3.983129,64.31062,3.9518776,-26.3103,3.3700292,34.377373,3.3808045,-18.582348,3.3797374,15.854294,3.3907135,-3.5496726,3.1693983,8.096009,3.1004162,-0.92547166,3.101056,-6.071495,3.0817351,4.701218,2.9693727,1157.4592294490192,67.92149021866354,1510.0601287461823,63.73033083294204,0.00018185872,0.00046942956,2492.2059663210557,0.010374386,0.00074415654,0.04551778204756381,0.006365542263650594
-330.51254,11.595336,142.47485,5.78391,-76.181725,6.018918,76.79624,4.5109515,-60.766712,4.9586797,40.799614,3.7240593,-31.043503,3.7528362,23.207548,3.6826062,-20.068542,3.8940277,11.583586,4.243244,1.0059998,3.705921,-10.768222,4.072542,7.243406,3.4735587,2321.084402514146,147.37768908913975,1941.7736722908392,57.089901164012865,0.0011078573,0.0014115865,4660.814353429524,0.007896345,0.0009772095,0.1677965487238979,0.02391518272582921
-372.6374,3.4850578,180.98402,3.6832285,-53.15437,3.0536644,55.035465,2.9236226,-27.954136,3.2948656,37.68945,3.2238503,-17.035479,3.2400634,14.949864,3.1984127,-1.2972269,3.1233816,11.512329,3.0313048,-0.53735906,3.0128443,-6.6614585,3.0159626,5.901234,2.9280152,1278.7567437687624,59.9779678880124,1477.3137733195713,37.75950370340483,0.00021664228,0.00027995504,2529.351990737384,0.00934426,0.0007820574,0.07533805829466357,0.00917132324791372
-380.346,6.398323,176.71483,4.84134,-40.014256,4.2656994,58.723213,4.0243726,-21.686787,3.8641658,32.115746,4.125111,-13.617726,4.0335245,15.315267,4.244748,0.017908614,3.4998834,10.536561,3.1660814,3.551712,3.3425024,-2.009373,3.4047246,6.2950187,3.5040479,1163.5792331527623,103.77264362818575,1492.3118386772815,57.939617607022456,0.00019483206,0.00045637018,2485.4362470091355,0.010210273,0.0022567052,0.04662349550464037,0.012602503351906416
-371.8171,5.003003,178.40434,4.4093094,-43.287807,4.078924,54.822674,4.188737,-26.06121,3.7353241,32.293385,3.6202993,-12.925936,3.4074376,13.580758,3.250074,-4.9578605,3.427288,4.2499557,3.3291197,-0.9249461,3.2806299,-2.9218268,3.1799936,5.9969254,3.5661821,1208.9806960697856,76.16777686048334,1486.5288209135913,52.20335709096277,0.00024112547,0.0010956097,2520.983518525232,0.010087353,0.0015880599,0.05066569388051044,0.00960628107736588
-365.799,3.7376113,177.86423,3.3123736,-44.41119,2.941369,55.823032,2.9174187,-27.21578,2.9126318,36.484352,3.3928607,-10.941966,3.2507918,16.103273,3.2586286,-5.0969095,3.1538634,5.807745,3.164799,0.8648852,3.2364736,-0.80349505,3.103293,8.079158,3.2145283,1223.105849724285,62.93325207680927,1514.872148107795,37.564348686805,0.00020273603,0.00016762488,2589.580010150812,0.010066683,0.0009391314,0.053064049811484916,0.007771128865693326
-361.70963,4.0188837,187.40367,3.4210625,-49.047165,2.9837565,62.44195,3.276326,-30.808573,3.2933068,32.53041,3.3657045,-19.32995,3.0494344,13.330806,3.3306336,-5.667216,3.0582047,6.882991,3.0744045,2.2327921,3.057652,-2.9823766,2.8980577,7.2162113,2.9009976,1190.0841633924122,57.15291884532243,1458.534220568382,31.89390249197259,0.00019702739,0.0002627944,2504.9959895229117,0.0105957035,0.0009999215,0.05344583816705337,0.00664533803370398
-358.48337,4.423075,171.6601,3.6258445,-51.95202,3.0758505,51.539215,3.270735,-42.82208,3.212884,36.87011,3.1892679,-27.48674,3.1910803,21.529547,3.1439207,-12.709622,3.2578208,4.158125,3.2895963,-2.3084981,3.1532316,2.2259722,3.1233752,13.539418,3.2880425,1509.841042352612,62.714147620061134,1685.2563951277189,42.45442361441688,0.00034494812,0.00028098232,3110.6985140842517,0.009041972,0.00080826774,0.08027978175754061,0.007125201129973497
-359.51703,3.183858,184.82732,3.946718,-50.645256,3.8484638,62.75321,3.767014,-28.872292,3.261251,33.583775,3.5328894,-17.58769,3.2222316,13.647023,3.0244296,-6.070804,3.0279207,5.352814,3.030288,0.6841037,3.0642347,-4.1305513,2.887832,5.8951044,3.13036,1218.3473134057654,54.61892970681999,1472.9772207098479,41.22571123586695,0.00023649677,0.0006941064,2585.9078745830916,0.01046973,0.000729966,0.056281494707076565,0.005741878316426477
-327.2498,10.434706,159.87453,6.9542027,-59.040115,8.298208,68.558655,5.502226,-44.112095,4.4432235,34.753185,4.5318995,-23.54911,3.785061,16.616022,3.5622752,-10.594638,3.7556453,6.514991,3.5655355,1.1141609,3.3172984,-4.029987,3.4036546,8.405213,3.713672,1736.7580077982539,124.44984171549324,1764.2503113294124,99.73280904676342,0.0005618953,0.0011402175,3747.9264473970416,0.009922056,0.0013079703,0.09755202291183294,0.013440594123168318
-359.7523,3.8156404,176.06651,3.7435472,-45.331787,3.465888,51.05571,3.4897177,-42.545277,3.3390732,36.148785,3.2073348,-26.543995,3.3296876,23.24582,3.125577,-12.670334,2.9579327,3.9709337,3.2382104,0.42378473,2.8648798,3.5227022,2.9973152,13.21383,2.8443863,1401.8009645698378,57.978687239843396,1647.0949211356863,47.45324347159947,0.0002858238,0.00045489502,2823.972173633266,0.010001114,0.0008400734,0.0726530778712297,0.006921847155019289
-381.71182,3.705842,186.97002,4.0123477,-35.719322,3.8064985,64.11933,3.2907736,-26.933357,3.515003,31.244793,3.276148,-18.228138,3.3147106,16.808416,3.1934276,-3.2706354,3.0228286,8.852405,2.9210851,1.8413885,2.9337273,-4.4850435,3.0437226,3.4814034,3.0373166,1063.8178491903193,60.44246695238367,1443.5415732771169,54.163723185958304,0.00014155725,0.00023261427,2252.293109229988,0.010966064,0.00085977174,0.04242155778712297,0.006778065236139399
-339.65955,6.2751245,158.73767,5.4081984,-49.873123,4.360962,69.87023,4.2660627,-35.53239,4.1320624,43.4695,4.0177436,-27.337769,3.5051029,24.674946,3.2717185,-10.388357,3.186126,10.801783,3.0178375,2.7925467,2.8794382,-2.969358,2.9949358,7.469597,3.3908792,1662.4069730587712,118.65424335686649,1873.0941388858942,67.40113443950258,0.0004918568,0.0010580708,3774.530694877465,0.010322478,0.0008187415,0.07595549050174014,0.011360866374443177
-359.48343,3.3904788,187.5799,3.8834794,-48.364227,3.5978181,62.32702,3.575476,-29.965841,3.4100327,31.721617,3.2894554,-17.510431,3.1911106,14.348422,2.8209836,-6.6754675,3.0696406,4.494837,2.8375993,2.1835349,2.9702013,-3.7102644,2.896433,4.1600857,3.036953,1173.6744590132653,54.98508131588961,1445.675771505201,36.32862638046833,0.00020076634,0.00044897705,2488.858577436195,0.011147831,0.0009010798,0.05293943046693735,0.005918599758316214
-377.4393,5.1994495,179.3314,4.9234633,-35.121952,3.4770184,62.283184,3.2790906,-26.725216,3.658571,31.553541,3.4621086,-17.411903,3.7167091,19.202753,3.5151265,-2.9669368,3.2559824,8.8846445,3.175339,2.9416912,2.950617,-3.736827,3.1129208,3.7534513,2.9763618,1134.9309154661264,83.33891327777722,1515.9854831776308,78.01099270957059,0.00015642987,0.00023634668,2464.202810052929,0.01093422,0.00082240655,0.043527271244199535,0.006199525432502733
-362.78494,4.014498,178.58809,3.701821,-41.758907,2.9747658,58.654705,3.0566072,-31.004301,3.2385263,37.80997,3.4321923,-15.045135,3.4328334,18.9706,3.0580502,-10.662098,3.086463,3.8704627,3.0912127,1.080227,2.8959904,-0.0635055,2.9935994,8.75951,3.0302207,1236.8916351939556,70.19758251267487,1558.010464529508,50.63455532436212,0.00020365327,0.00016249657,2638.3669541219547,0.010602847,0.00090263766,0.054928808367169374,0.0071285095482298486
-357.49557,3.3994193,168.83026,3.819854,-35.28885,3.6144888,51.465885,3.4603086,-40.63527,3.0358126,33.368763,3.1232634,-26.164362,3.158242,23.714117,3.0676053,-5.887028,3.1278932,9.781523,3.089315,-2.8817878,3.0890534,-6.5780854,3.1434073,4.2009134,3.1717424,1423.9172777516405,68.00641957582829,1727.5199624634383,45.218165294117796,0.00027992346,0.00045529354,3048.971663826856,0.010314874,0.001074696,0.06946622136020882,0.007213924000721369
-368.375,5.369422,173.7313,4.471153,-33.029335,3.30068,52.429333,3.6966236,-31.84626,3.8788486,25.484652,4.164463,-19.438759,3.4207993,11.707455,3.1189966,-5.047798,3.3081317,4.1978908,3.1781628,4.012785,2.9670267,1.1004176,3.0989616,8.791608,3.1367428,1224.7797531859376,75.01544575971062,1525.7266687275985,67.25645046993797,0.00018393739,0.00036495915,2573.942208345418,0.011090036,0.0017647415,0.05266866661832947,0.005400120365301142
-337.2112,18.219248,167.47342,7.298258,-70.05806,10.711923,64.71775,5.6673265,-40.307343,6.024857,34.877747,5.4849114,-33.339085,5.971715,17.752733,4.858529,-9.305874,4.6251526,5.7762923,4.799417,0.08776629,4.670718,-4.6224604,6.455954,10.584139,5.200258,1670.7741961687739,134.7864997571489,1649.9318060553767,97.00836034634389,0.0004682463,0.00052380294,3357.580934599768,0.009539953,0.0018429811,0.09821703705046404,0.01718483258693655
-363.45404,3.615245,190.07794,4.224928,-46.525574,3.9447846,63.847546,3.606669,-30.592772,3.6698925,30.80112,3.1735,-20.005613,3.048523,12.552932,3.1508787,-7.704225,3.082214,5.001549,3.190652,2.4224632,2.7215354,-2.7382739,2.8451118,5.2170477,3.11507,1142.7488828248024,55.45500758757955,1428.7088683081295,39.6825234569481,0.00019054612,0.00050477334,2409.0957960230567,0.011174007,0.0007707555,0.05153463058294663,0.0059606014212554535
-370.91895,4.5442243,184.20824,3.8922508,-38.996365,3.4342914,58.279716,3.323219,-27.89712,3.6428602,31.702246,3.5832684,-18.335388,3.5947895,11.26599,3.3379319,-9.572859,2.876356,6.888204,2.9087403,2.0281804,2.9010134,-3.2917128,3.212919,4.514311,2.9424744,1144.0352913834688,78.15835647096799,1469.399364373409,78.92088255846853,0.00016319798,0.00018463207,2385.2893661180397,0.010603236,0.00092073047,0.051110924811484916,0.0154543543940203
-358.15656,3.5499783,186.55367,3.2599823,-47.349674,2.850899,64.12799,2.8783758,-31.35001,3.2660046,30.783922,2.9879942,-19.479658,2.943624,14.078789,2.994523,-7.14093,2.9320927,5.0659122,2.9755552,2.0535843,2.8170006,-3.3207855,2.9981418,5.253638,2.9073062,1190.3849975315234,54.35797147000507,1465.058560359387,31.459301788783158,0.00018181736,0.00016988916,2544.365279691125,0.011201384,0.00083811634,0.05397490392981438,0.005651434104500622
-380.73517,6.7491045,179.58595,4.5210667,-31.484814,3.368005,52.26969,3.3561897,-21.912846,3.1306396,22.979942,2.9442892,-14.209028,3.2111177,11.317392,3.4356933,-2.5110571,3.3258915,4.2480674,2.931996,1.1456678,3.3959286,-4.130018,3.2955859,3.3759253,3.3343575,1095.9569357027867,67.46314313907999,1418.5801110534992,52.3029291512121,0.00013741109,0.00014080181,2257.389134099478,0.010555142,0.002032076,0.04262434744779582,0.008989429088659679
-379.28473,4.2452927,181.6063,3.7248046,-33.12784,3.109145,60.256905,3.1668465,-25.317898,3.1538825,29.209984,3.1410694,-15.465448,3.0562708,18.03069,3.290337,-1.7017415,2.9726865,8.913729,2.7501993,2.5807147,3.0432553,-4.0114217,2.993071,3.6213331,3.179787,1085.3637648430517,68.4330666214131,1467.5853783601067,59.8696722742946,0.00014913044,0.00024219688,2319.5406530959976,0.010770241,0.000962476,0.043247444170533646,0.008126027106736804
-368.2004,3.2654474,191.89513,3.5330224,-46.38303,3.3818552,61.392387,3.5136802,-29.269932,3.4151201,30.641314,3.0670223,-18.488298,3.14671,12.604338,2.9879706,-7.069872,3.0136673,4.8843055,3.039372,2.13293,3.0621064,-3.329395,3.0488102,4.222094,3.0867176,1116.0881760166467,48.46553417819666,1399.467222411427,33.36276318731874,0.00016946859,0.0002726294,2311.1971613979117,0.010732046,0.0006963593,0.05104634933294663,0.005721277920713519
-350.457,3.5619056,159.91582,3.1706715,-40.57984,2.8541355,53.356846,3.2568114,-45.405197,3.013156,29.95535,2.9396622,-26.747503,3.0594602,25.363976,3.1017866,-3.2463012,2.839312,5.033733,2.9801188,-4.4140816,3.182948,-3.5595362,3.0508895,6.9577155,2.847196,1611.2297547911605,64.48928564431526,1803.1034371792873,44.65709578412599,0.00037146462,0.00022481025,3633.140985263196,0.009411427,0.0010380554,0.08225783062645012,0.006805572693688218
-358.40063,3.8047967,171.99,3.5282528,-44.873196,3.4804866,49.208263,3.2443032,-40.922237,3.26695,35.37966,3.2567964,-25.239595,3.3215098,22.133913,2.736051,-12.655254,2.9003713,4.7719703,3.095796,1.224945,3.1825674,4.517337,3.2014127,12.661298,3.4564686,1437.7482643153785,59.92881890700716,1670.2022499494376,43.45466329130461,0.0002898362,0.00033140276,2923.919210411833,0.009794582,0.000915181,0.07364436811194895,0.006681104481003999
-369.3908,3.689046,172.69653,3.1646206,-38.989677,2.9393613,49.433083,3.272475,-40.576817,3.2002592,28.13509,3.158181,-29.088552,2.8305132,19.137825,3.0043492,-6.647998,3.146703,8.858213,3.0483375,-2.7229142,2.6691031,-1.8122034,3.0708256,10.635561,3.218421,1351.8113994150408,55.76519310656914,1616.2794574417928,44.416096302569194,0.00018205814,0.00017447888,2725.673850783063,0.011036258,0.001107296,0.06398410310324826,0.005510552633783919
-355.74426,3.3607352,185.00414,3.5893586,-48.021782,3.5266354,62.496674,3.506755,-30.489256,3.1159363,31.294725,3.2332876,-18.250341,3.2302194,13.604687,2.9851131,-6.4423184,3.0270054,5.132237,3.001735,2.2728531,2.97302,-3.944536,3.2014213,4.2163405,2.9722037,1207.160712802761,51.02951219969781,1471.4373565669252,33.46303504586083,0.00021060035,0.0003779179,2580.0124732634863,0.01095057,0.00070167356,0.05535591284802784,0.005946263739273515
-360.7485,15.920297,184.75972,5.8208513,-46.744625,7.4195366,60.71339,4.273461,-30.06792,4.713392,28.380716,4.800891,-17.63004,4.565422,13.5837755,3.3807862,-4.775743,3.7988172,6.4525914,3.249479,2.5463119,3.442439,-1.933673,3.2047818,5.965217,3.030958,1193.405119771565,126.44323245570095,1454.7503345900263,68.16279715442637,0.0002083108,0.00057142886,2529.776659476508,0.010925141,0.0014544423,0.054266060034802784,0.011856086815459502
-373.80243,4.9166665,181.93503,4.05075,-35.74485,3.2789795,60.18625,3.3287268,-24.018185,3.6082735,31.827217,3.4948056,-16.887367,3.4016852,12.945333,3.3788626,-5.19555,2.9283438,9.5692835,2.987361,2.868462,3.0287495,-3.343468,3.1406472,4.6600137,3.0998302,1108.969978813154,71.0179123685738,1471.6118685405763,67.00240051729405,0.00016707434,0.00036610194,2346.6694913718097,0.010719728,0.00096148875,0.04601512652262181,0.00847225714317986
-360.54526,3.6106534,174.7275,3.9467196,-43.06373,3.4491155,50.565628,3.6986523,-42.862946,3.1897418,34.31423,3.3334258,-27.767443,3.265845,22.621552,3.1103027,-11.730294,2.9434617,5.294523,3.226682,0.49164343,2.9128382,4.564866,3.0638292,13.125417,3.295213,1402.56137481367,56.460753358814586,1659.628173940129,45.966427364026146,0.00026217347,0.0005311401,2835.2383854770883,0.010570267,0.0009093152,0.07056740320475638,0.005948458690594709
-363.1676,3.3735468,183.69653,3.720416,-48.416954,3.5577192,56.613594,3.2422748,-33.46474,3.4596093,37.030167,3.0989017,-14.338386,3.4267163,16.108133,3.1648674,-10.439044,2.9263787,2.615156,2.932852,-0.19909447,3.0334857,-0.34224185,2.9943988,7.675591,3.0213141,1236.6022384986336,63.491229482636285,1497.3198535171612,45.906406834562375,0.00021416403,0.0003046466,2563.2755288391822,0.010214241,0.0008077533,0.05727505075406032,0.008132110628033453
-384.12622,4.2819457,185.79199,3.4540856,-34.486156,3.033544,62.959736,3.1241145,-26.106987,3.2917051,29.474201,3.2078564,-17.341398,3.3202105,16.489138,3.1271434,-2.6644664,3.0063424,7.4768705,2.8326473,0.32931468,2.9790173,-5.9938674,2.8711784,2.481517,3.1277325,1052.774177311012,54.791107310922285,1431.1555253667698,46.683324106252634,0.00013370972,0.00018811888,2223.46559599768,0.010802752,0.0007519771,0.042292406830046404,0.006710988067860582
-365.59793,3.8887265,177.85947,3.379126,-43.055103,3.2168894,52.16225,3.2851102,-40.605934,3.3863683,35.09312,3.2262123,-26.238205,3.1549513,25.72251,3.1362107,-8.024408,3.011684,6.0203266,3.289715,-3.022575,2.983989,-0.71831083,2.9701712,11.761974,3.0672545,1337.015136650338,55.9818924311407,1627.7423096382877,41.5604573849801,0.00022232394,0.00015512452,2686.87911243837,0.010241679,0.0009210758,0.06480432497099768,0.007295159923426024
-361.92453,3.2720466,188.55669,4.086442,-49.2003,3.3400664,65.52596,3.475386,-32.53293,3.4592392,32.63177,3.1353068,-20.062601,3.1171908,14.838862,2.8550105,-7.1321144,2.8035662,5.3757215,2.962822,1.8024144,3.0919385,-3.8265626,2.8913386,4.5671105,2.6393518,1188.2735754599748,56.00174454643456,1464.0492571865,36.493447710089654,0.00022351272,0.00072732504,2540.0936117858178,0.010865984,0.0007691307,0.05418109229988399,0.005708135101929205
-362.97498,19.375034,184.11775,7.114214,-51.303413,14.955996,48.66737,8.83571,-26.608864,4.27831,27.070236,4.1516185,-15.822574,3.6144156,11.80072,3.1395113,-4.2327633,2.9340117,4.3412104,3.1742902,1.7841681,3.065065,-4.081877,3.357099,4.3429947,3.4051785,1232.9420038521102,80.47875466293411,1392.2862517986212,112.74399810267226,0.00019976891,0.00017813628,2428.1309477414443,0.010065004,0.0026237268,0.06639378806554525,0.01652127743843922
-368.3876,3.2256017,177.2315,3.5467913,-44.604816,3.29504,51.79154,3.7529159,-42.97747,3.287164,35.178825,2.9977221,-28.447542,3.1166277,21.865732,2.9254608,-13.820362,2.9257464,4.322521,3.16105,-0.5488491,3.0646248,3.9467683,3.120308,13.977467,3.0857453,1382.4851775681318,52.23104063281014,1641.2696269577264,37.16123683326978,0.00026206046,0.00040431548,2778.582579575116,0.009691431,0.0006991235,0.06922038138051044,0.006549116544571403
-363.1184,3.3062115,186.02652,4.7041616,-47.46973,4.0030026,62.319767,3.747463,-27.919025,3.4535844,31.655602,3.1726732,-16.49598,3.1093671,14.200398,2.928049,-5.836659,2.8773093,5.05112,2.8069103,2.7343733,2.8843467,-3.1759245,3.1518176,4.5996,2.9562943,1169.2298862778623,62.190805226106136,1450.1402528337112,51.776282558651424,0.00024024215,0.0012157396,2495.5283746918503,0.010863182,0.0008471569,0.05109393126450116,0.006592615348403679
-366.5535,4.6366615,184.21342,4.5555663,-44.37053,3.587191,57.099953,3.6146572,-31.30979,4.014475,37.763428,3.683385,-11.967315,3.6846464,17.657854,3.3425555,-8.959081,3.0417278,3.2042408,3.215195,1.1423475,2.878306,0.6409049,3.1547315,8.06607,3.0291402,1182.0786971877874,75.2235534754061,1486.2186859147635,59.6390903046856,0.00020160373,0.00042712415,2463.0287258918215,0.010549437,0.0008289432,0.053373332366589324,0.007060134702337075
-365.27887,3.3556662,190.61115,3.619219,-44.71104,3.0895612,59.155388,3.3132458,-28.077826,3.2902277,28.785904,3.064427,-16.22637,2.986438,13.453234,2.9430077,-5.297216,2.9271665,4.6473722,2.98945,1.510796,2.9228666,-3.8591235,3.0589933,4.2948246,2.8686004,1105.376113526631,50.25787208350519,1391.3499961341822,34.81379650662814,0.00016456144,0.00029444377,2287.365750978828,0.011059763,0.0008383067,0.04920198303364269,0.005976560009581422
-365.53156,3.8063264,187.84497,3.5602062,-43.438725,3.2790854,58.537968,2.9948084,-25.888115,3.315573,28.3189,2.8563159,-14.96671,3.2893531,13.450055,3.116364,-3.6589768,3.0771492,6.471094,2.9236598,3.2222586,2.8553188,-2.601898,2.9584873,4.960202,3.1027212,1106.397751715661,54.95369827719092,1402.0856345634716,33.91007034052068,0.00015925126,0.000206108,2310.972336771317,0.011064684,0.00092344114,0.04824467988689095,0.006352474870295067
-380.63806,3.8013713,181.73174,3.5945127,-33.8479,2.9984546,60.915115,3.191511,-25.813696,3.1921914,29.955887,3.252203,-15.807543,3.0630498,18.1217,3.169617,-1.8767977,2.9661508,8.74285,3.0846157,3.0730371,3.2007272,-4.233236,3.0057275,3.4565394,3.1249664,1088.0064182404403,63.35338693642346,1470.667557811606,59.00176352077225,0.00013313917,7.111796e-05,2334.329117423144,0.01079475,0.0008526237,0.04267192937935035,0.008217317614061052
-364.80466,3.3909118,184.5749,4.2432523,-50.35947,3.999425,57.642944,3.7235239,-34.011723,3.4987378,40.206768,3.5503986,-12.453859,3.4704404,18.063904,3.1608274,-10.812098,2.9276175,3.2365599,3.0247538,1.0551898,3.0988111,2.1341643,3.3672414,9.585976,2.9777844,1234.6904564324655,57.59249882202533,1496.6225536612415,47.946371570245276,0.00024021811,0.00076326414,2553.9827776065836,0.010333869,0.00072627375,0.060765525304524365,0.006882333286431271
-386.71338,4.6570153,170.5894,4.997682,-26.879217,4.4679193,50.360844,3.9079447,-17.235891,3.5632656,17.975988,3.8815608,-13.917753,3.4858217,8.406701,3.969573,-0.21522157,3.907995,3.5299659,3.517464,1.4771029,3.2953274,-2.8067365,3.7434375,3.8281736,3.4828777,1093.786180287227,108.57456086108787,1437.086801777704,68.38798365598595,0.00017825903,0.000817083,2299.056631561775,0.011102488,0.0034357263,0.03865805358178654,0.011146028186039316
-381.28137,11.588894,181.32883,6.9747686,-30.272856,3.9935207,53.505947,3.4034092,-23.453882,3.5749366,24.896471,3.1344984,-12.1303425,3.5573523,14.913893,3.2544403,-0.32706654,2.9877298,5.9258847,3.0823734,2.2483063,3.2102535,-3.3688703,3.368215,4.467961,3.5683005,1066.7325939327195,86.0707679530726,1418.420331458288,74.95101568930033,0.00014502255,0.00016335824,2210.950358450551,0.010441747,0.002428189,0.04376518090197216,0.006858813943369752
-359.0743,3.2008793,186.7999,3.2813714,-49.725925,3.4466271,64.02405,3.3357615,-31.740318,3.283539,33.198925,3.0014758,-18.549194,3.1257832,15.400079,3.0610273,-6.467699,2.743265,5.3647285,2.7931414,1.6340536,3.0730984,-4.697664,3.0974615,4.0511985,3.0084286,1198.5383248953165,56.375620094171545,1470.6883937966477,32.16419383541592,0.00020183228,0.00028129536,2561.2271266857597,0.010830162,0.0007488064,0.054535690980278426,0.006860023425874772
-366.29105,3.1460295,192.47284,4.0671816,-47.540634,3.7788088,61.984547,3.450119,-30.102749,3.4402785,29.823423,3.1023932,-18.907274,3.1807365,13.839776,2.7823915,-6.673497,2.9159951,4.4020185,3.088013,0.57839316,3.1430357,-4.6064906,2.6264966,4.5267086,2.7093496,1125.0763236498863,48.88923813735644,1400.0395476241913,38.611873788166996,0.00018716443,0.00045580266,2335.2783769576567,0.010807814,0.00066820806,0.05033035455336427,0.005462567799527088
-361.06467,3.5424368,187.13435,4.0828857,-50.149715,3.4324229,63.30736,3.864899,-30.191656,3.6681902,32.38747,3.1781814,-18.352524,3.2370167,13.772291,3.2979462,-6.76762,2.9540594,4.8066077,2.7873068,2.2066655,3.0891035,-3.5489697,2.999213,4.6569467,3.1832912,1193.8462768940803,55.30022009368874,1455.244492062362,41.055720710907934,0.00022603649,0.00073826977,2534.323113036543,0.010733387,0.0007593494,0.05367468459976798,0.005873595698253601
-360.876,3.6767752,169.3482,4.4762697,-36.94637,3.6128635,48.0502,3.6991127,-39.716766,3.6337333,31.981089,3.314994,-26.885065,3.3168952,22.679611,3.5218587,-6.7855945,2.9785383,9.909157,2.9059277,-4.2745175,2.9322062,-4.583488,3.1074321,8.927888,3.0402296,1414.1873757665473,68.66585549382556,1699.1626139151385,56.943196697045344,0.00029599114,0.0010741742,2925.5429438261312,0.010318003,0.0011955585,0.06956251812645012,0.0064234650518108635
-359.94543,6.741926,187.84258,4.0122957,-50.7713,5.8115664,65.260704,4.4490542,-32.430824,3.440052,31.965603,3.51708,-19.5624,3.5162563,15.332773,3.0090992,-6.6134934,2.9484746,5.9395247,3.1194837,1.7301164,2.829864,-4.0201726,2.921765,4.6238427,2.7989607,1201.7898965877826,65.10944646705609,1465.9354166159424,37.92312558272621,0.00021885277,0.00046349506,2569.071008102523,0.010712831,0.00078083953,0.0564412340487239,0.007835271090048569
-350.8374,8.499271,152.51912,5.278772,-32.880013,3.9673977,53.66556,4.9002995,-30.72094,4.523714,37.307404,4.0124636,-24.041346,3.2375743,20.446928,3.0474763,-5.068971,3.7251256,11.022103,3.1497037,-2.390318,3.1705582,-4.5254188,3.5985954,2.6646347,3.3817585,1600.0096918036684,133.21990913163063,1880.2551542907893,67.13615433209941,0.0003988906,0.00062813546,3691.2956220091355,0.0098687885,0.0025209805,0.07171050246519721,0.014982293341003436
-354.7711,4.1351275,166.72284,3.8643856,-40.663754,3.0784876,53.00378,3.4807544,-41.38846,3.6697023,27.295584,3.5827823,-22.086744,2.998217,25.61493,3.2091317,-9.244742,3.0473096,7.5493484,3.2565956,-0.6452236,2.861015,-11.158455,3.1587336,7.4685493,3.062246,1475.43971803893,72.24370965435176,1701.5017663317228,45.67584826242167,0.0003311144,0.00065224164,3119.7164796621228,0.009641337,0.0008917074,0.07389134099477958,0.00745262981348815
-357.90118,4.03977,167.3025,3.7236023,-43.94998,3.5583987,57.44573,3.2629516,-42.352695,3.124905,32.93882,2.9677339,-25.325312,3.5378876,27.238075,3.5412226,-7.0396895,3.189324,9.143453,3.361408,-1.4827325,3.1834009,-8.825298,2.9195006,4.9538093,2.9924142,1499.706873363275,68.87875174735606,1737.2170828849162,39.95726092888149,0.00030783672,0.00031102935,3216.9406404074825,0.0099033145,0.00090873014,0.07427426225348027,0.007375114292206607
-364.10703,5.333382,172.75085,6.387734,-40.137608,4.4941607,63.101078,3.2855835,-22.568205,3.201179,21.255833,3.4083993,-15.904471,3.5923843,13.922251,3.0977604,-3.4037225,3.5317051,6.558118,3.0386965,4.4717407,3.1265411,-1.8379352,3.36155,6.77205,3.2143457,1224.6492437236948,121.04267602542059,1504.9936981488413,59.356367210096565,0.00020950915,0.0005242656,2709.436516640081,0.010982309,0.0022821066,0.05014455843967518,0.01219923854220305
-357.70715,3.3667781,187.40614,3.5119166,-51.129528,3.6660697,63.708908,3.7399702,-32.413136,3.2428877,33.500603,3.1426435,-18.603765,2.9827082,14.516893,3.0201766,-7.8920946,2.991508,5.862351,3.058725,2.743591,2.932123,-3.7628727,3.216147,4.0646133,2.944283,1213.8471418787196,52.40862504978314,1469.9672464501102,33.22833131292604,0.0002189726,0.00043129682,2588.7306726725637,0.010830596,0.00073294877,0.05601412956786543,0.006562600508866651
-364.9952,3.4233456,186.2037,3.0686553,-41.95466,3.0600078,57.246727,3.1598358,-23.94177,3.0190651,27.597254,3.1431053,-14.172962,2.9354074,12.031403,3.402306,-4.129816,3.0774584,5.459803,3.2338886,3.0332105,3.2921727,-2.548366,3.1170113,4.9733186,3.1776013,1109.2649941279622,52.62052374180018,1400.1360835838768,30.30157713950636,0.00015970248,0.0002703802,2314.219803599913,0.010992205,0.0009687138,0.048038491516821345,0.006398902058604998
-385.15894,8.369528,178.09082,6.955117,-31.232721,3.9266028,52.169537,4.1181555,-22.848492,4.1085725,24.54584,3.4277651,-11.826456,3.631219,13.940947,4.2938285,-0.7344924,3.60276,5.227087,4.6384053,1.6911457,5.148099,-3.5354807,3.98803,4.198258,4.1628666,1104.0942302995472,99.06324226015543,1434.4021381863968,78.49655706941567,0.00015221899,0.00024792872,2284.917660600348,0.010311759,0.002677922,0.04369494090777262,0.009721730577375081
-379.9219,5.2312174,185.6818,4.7178082,-33.3094,3.9753299,63.563126,3.8707173,-27.7813,3.803231,31.769613,3.7207263,-19.431576,3.7281344,15.680313,3.4675474,-7.0115037,3.2702377,5.4075155,2.9308283,-0.023740588,3.0357656,-5.893182,3.1304884,5.58842,3.2905593,1080.9103537730452,73.24696176012468,1467.0142760100018,77.74021622406612,0.00016454986,0.00047347895,2275.899695022477,0.010854332,0.00078306155,0.04363942865429234,0.008551040872000837
-379.16974,3.6304104,184.26396,4.326177,-33.46359,3.5475516,61.11685,3.4487987,-24.805134,3.577095,29.937649,3.8441436,-17.096918,3.4944704,15.268639,3.3059824,-2.7085273,3.287229,8.84362,2.926843,1.7576613,3.1926823,-5.0410204,2.9132226,3.1569176,3.32684,1071.2951435753837,71.6830107960698,1447.784589435592,74.29644961784756,0.00014853159,0.00040338899,2254.9660242350637,0.010988029,0.00087743107,0.043556726725638054,0.009606689105467447
-357.9917,24.864431,157.62134,8.985186,-31.782837,5.6097903,54.318245,6.945764,-37.4179,7.145987,35.27833,4.7612634,-25.838694,3.718289,19.582865,3.1452444,-9.425176,3.2682118,8.447635,3.2865672,-0.3218604,3.4346492,-3.5727346,3.3263853,5.44811,3.2796876,1572.7882922782953,203.66983098736,1856.801274178475,104.9971846458651,0.00046206336,0.001368005,3610.35875643489,0.009452756,0.0036532332,0.07210135404582367,0.016357159243920717
-360.2374,4.1142173,176.09941,3.630191,-45.505394,3.0344431,51.53853,3.4836118,-44.023865,3.2451699,38.991074,3.4567046,-25.856285,3.269738,25.185198,3.3302095,-13.228251,3.1937044,5.2428513,3.0240028,-0.96969116,3.1857197,3.1849456,2.951055,13.911157,3.148779,1425.8637443453813,54.82839073487782,1687.254231493437,43.17939773524429,0.0002880675,0.00034640104,2928.115936774942,0.009856142,0.00086781767,0.07264288174303944,0.006882379162216896
-361.27615,3.3711069,185.84256,3.8706794,-47.484776,3.7502973,62.33618,3.396409,-28.41656,3.2697155,30.800686,3.0809398,-16.972448,2.948146,14.07488,2.9193232,-5.6280203,3.227994,5.3695893,3.2106993,2.365773,2.6966338,-3.1166387,2.7041306,4.6610894,2.7063272,1176.0816568318908,56.936652690130984,1451.337016045823,38.37023801929601,0.00020318048,0.0005567838,2505.495599804234,0.010928579,0.0008743685,0.05158334541763341,0.006065295267717743
-361.83395,3.4796033,167.38925,3.714026,-33.486156,3.4311168,56.72267,3.3465838,-37.243595,3.1618345,33.62315,3.4501724,-26.147245,3.2969775,20.308363,3.0616763,-7.802847,3.2237175,13.365053,3.2785952,1.3627596,2.9200506,-6.0194325,2.956814,0.49870208,3.0642016,1399.981336190108,60.71590149727821,1735.823696064711,44.29177542389053,0.00026005274,0.00048615143,3095.7102056445765,0.010608558,0.0010233456,0.060534413065545245,0.006271721043628065
-361.90765,3.467693,181.78865,3.9191983,-49.94326,3.4251664,56.350327,3.8129354,-33.094692,3.3231297,39.08852,3.3003356,-12.3777485,3.2894385,17.176651,3.4140756,-10.890949,3.19748,2.8878431,2.8704746,0.69768,2.8821456,1.8508067,3.1503375,9.266958,3.2184775,1260.2334219255536,60.07177917261763,1510.7710807041224,40.8001253397499,0.00024528668,0.0005835666,2614.910251413863,0.010228015,0.00077465444,0.060440382105568444,0.007020358568217657
-331.78342,6.6280236,167.09657,6.162786,-56.19136,4.09753,63.75918,4.583453,-41.407173,4.4540186,31.351812,5.1993966,-24.98809,4.118765,11.068439,3.9778838,-9.8351555,3.088438,8.6049795,2.8715386,0.55971175,3.0928278,-4.0954804,3.122604,5.116638,3.110778,1580.6399185508033,105.30627359912062,1677.6801957277664,85.61708196142176,0.00043662466,0.0008494907,3461.62477568518,0.010327606,0.00095777406,0.08333862021461717,0.009463279220734146
-362.65543,3.5660818,176.7871,4.018559,-44.9964,4.0515385,51.843098,4.094898,-42.125435,3.648957,35.98231,3.680331,-27.687357,3.3223429,22.797365,3.3813841,-12.251947,3.1453044,4.573772,3.1669247,-0.4138136,2.9469793,3.713281,2.955286,13.602734,3.4702365,1392.2110888536897,58.97927969843776,1648.050610819456,47.93155223480555,0.000291861,0.0006632281,2802.339048452001,0.009959263,0.00082001014,0.07161307279582367,0.006401770863218659
-363.71002,3.5605705,187.82697,3.7042325,-46.174843,3.2660167,62.381912,3.4209661,-29.406681,3.1726587,31.42807,3.1242146,-17.516556,3.3212788,13.863779,2.8943896,-5.950131,3.0852396,4.7543273,2.7388258,1.6523528,2.7115443,-3.7499382,2.8099449,4.1493073,2.925759,1150.4490211810205,50.30071915644117,1439.42327686906,34.770195156048274,0.00018578926,0.00036748138,2435.325335792488,0.010949028,0.0007473242,0.050308829393851506,0.005883284534359534
-361.8359,3.9167373,173.2527,3.6201339,-37.246677,3.620848,50.469933,3.4545298,-38.625072,3.1413248,32.08404,3.2285607,-23.380339,3.1162355,22.190636,3.1586263,-6.952335,3.27046,6.94005,3.0624168,-5.1323004,2.9695334,-6.3874335,3.2350917,5.245632,3.161137,1345.8139397381533,59.43748481884297,1641.3111290993104,46.07396956755575,0.00025862508,0.0005018833,2778.8823457439094,0.010229325,0.0010524606,0.06529260622099768,0.0068433390446068386
-383.8571,3.922425,183.8414,4.0804124,-33.674763,3.5312767,62.062927,3.0358782,-25.828678,3.5785382,30.40846,3.3285122,-17.365112,3.4080071,16.702705,3.1295753,-2.8478837,3.0726373,6.806764,2.8076425,0.24232185,2.9802577,-6.3609333,2.9435587,3.3345237,3.035196,1063.090671526885,59.21967807299653,1450.8887845213858,58.44031940085012,0.00013945288,0.0003054409,2250.894200442285,0.010832824,0.00078843115,0.04159907011310905,0.006279429948757018
-359.18253,3.4036756,187.02562,3.947035,-51.11509,3.5305626,65.86146,3.3949602,-32.15138,3.5067134,34.123486,3.3870447,-19.443405,2.9879153,16.258001,3.2473102,-6.5764723,3.0340707,5.49304,2.8614278,1.686332,2.7123723,-4.2446375,3.058947,4.7418623,3.0938454,1209.0470990704384,52.716585193148994,1480.139559116654,34.77964672411129,0.00021568238,0.0004782592,2596.6245151174594,0.010977529,0.00073935546,0.05450850130510441,0.006313624941553018
-364.96463,3.765116,176.06177,3.4673831,-48.531067,2.9170725,53.291874,3.0521848,-42.483753,3.303111,37.02221,3.3021178,-27.878613,3.0868657,23.421164,2.9803324,-12.629493,2.9227395,4.970671,3.1808343,-1.2800366,3.1905596,4.885809,2.9047658,14.737701,3.26991,1428.9668277252158,57.741383149098716,1659.4907287538344,43.028677976551386,0.00027794868,0.00017583571,2890.1455553944315,0.009402081,0.00083279575,0.0746039370649652,0.0068774773022513246
-379.77762,8.5665455,177.97153,5.592653,-29.224705,4.257029,51.575718,3.6945302,-20.683935,3.683554,24.372154,4.383445,-11.250934,3.9800007,13.344959,4.0000253,0.72536427,3.3769937,7.3916087,3.3977914,3.6887722,3.503072,-2.769688,3.940186,3.5011709,3.9824793,1081.9601002295221,101.00148056398515,1428.309914527493,69.61832032283792,0.00015719165,0.00029833388,2239.5530470562644,0.010480117,0.0027875183,0.044822179524361946,0.009983488745933314
-358.7675,3.3669581,186.52042,4.2444324,-51.414116,3.9083588,65.23128,3.5950747,-32.133728,3.343043,33.87695,3.2814527,-19.082272,3.2750454,15.290986,3.1514432,-7.052056,3.0401196,5.3963356,3.0924516,1.5917646,3.0689468,-4.8182354,3.049193,3.9393413,2.8308096,1223.6777584718895,62.396374797400654,1481.9404248369176,37.67489503814956,0.00023223467,0.0005638894,2619.5566270301624,0.010781609,0.00091187033,0.05591556699535963,0.006705693546802537
-330.70505,17.664898,161.1473,6.2061768,-79.232506,6.7559123,68.82058,5.522494,-49.278145,4.508415,31.45882,4.252805,-33.48109,4.3696423,18.131752,3.803362,-19.636715,4.754907,6.369081,3.597259,4.037039,3.5098283,-6.692031,3.6840408,3.1517968,3.7583575,1867.6241196084832,142.00558954565022,1701.7140800766538,68.16072555563652,0.00060501066,0.0005191118,3652.6008057207077,0.009145847,0.0010808107,0.117182968387471,0.016821816624969278
-366.7438,3.730942,180.60753,3.3493671,-46.994675,3.2639592,52.363277,3.1684978,-45.753597,3.2832794,35.7389,3.1135304,-28.78666,3.1700711,25.26089,3.045406,-12.546591,3.0006075,5.617881,3.0217998,-2.685772,2.8483288,2.1816633,2.7511852,13.384917,3.252158,1376.1587425237276,53.89705783441598,1634.4096291348897,37.92569069050144,0.00025487383,0.00024338417,2751.9533515806265,0.00976369,0.0007221428,0.07007119163283063,0.006878762055638675
-363.36917,4.7135534,183.11253,3.794122,-47.945072,3.1278276,57.566837,3.174842,-34.06843,3.2785373,39.324863,3.656855,-13.236425,3.3073606,20.218307,3.1543055,-9.29265,2.981243,4.537951,2.8999212,0.9518016,2.9486167,0.08097984,2.7494476,7.7760296,3.0201528,1233.76702483502,65.15494935886393,1514.525476109222,48.25130624168182,0.00020861672,0.00031092486,2568.396534222738,0.010556999,0.0007702807,0.05844533968967518,0.006340165226613382
-383.95236,4.6386223,185.41202,4.487323,-31.691193,3.7065156,62.940056,3.401494,-25.266376,3.7041876,29.969824,4.039338,-16.539951,3.720794,14.367781,3.1190634,-5.5212407,3.2364948,5.3631973,3.007217,-0.25319818,2.977482,-5.878919,2.9951565,3.4281514,3.0697155,1049.363458789169,73.77662666139862,1434.2106555857981,68.75752201374316,0.00013965799,0.00031373382,2212.2243646679235,0.0108510135,0.0007606731,0.04161493075696056,0.007859646426169514
-357.30826,3.4676547,186.43839,3.430665,-50.343613,3.0025733,64.99058,3.3288462,-33.243282,3.123542,32.69182,3.1306446,-19.783276,2.9058237,15.346371,2.8355172,-7.089735,2.9454517,4.853347,3.1123183,0.96133035,3.076631,-4.7011995,2.8497055,4.1478596,2.8507888,1223.1959612137773,54.28158473786428,1483.0288254674658,31.511454965175595,0.00020761874,0.00024972635,2620.880594275667,0.010912853,0.0008279703,0.056420841792343385,0.006655474314659521
-367.43076,3.5976007,178.94066,3.5239775,-43.526627,3.1588528,53.043613,3.2378602,-42.148693,3.5380328,33.098713,3.198794,-29.640862,3.2642148,24.276112,3.354382,-10.534739,2.8938832,7.0003147,2.905948,-3.9822621,3.082188,-0.8675777,2.940237,13.003997,2.8986633,1357.128707675725,55.85221343070526,1636.263437761935,40.60981432330693,0.00024257359,0.00031960665,2730.0204602305685,0.009874185,0.00081412494,0.06693078415023201,0.006452697206617861
-368.93222,3.6153214,180.71066,3.662563,-37.88671,3.4637754,55.107624,3.3539386,-26.733788,3.227229,32.3587,3.1241708,-10.689801,3.2085614,14.9186125,3.1663833,-6.1125484,3.1333494,3.8861942,2.7391224,1.4805266,2.9854424,-0.23415267,2.919052,7.243113,3.2503922,1143.3148212816964,68.45525556207195,1468.9238291332258,40.74872465945638,0.000171536,0.00019830091,2401.2019535781615,0.0106513845,0.0013271006,0.04869104372099768,0.007612061209803091
-365.36383,3.2860548,190.8399,3.4013057,-47.789406,3.0063975,65.11248,3.1317222,-31.328249,3.2016912,31.23781,2.9066842,-20.492432,2.850012,13.448362,2.9458632,-8.095831,3.011302,4.099782,2.9909682,1.3811938,2.9495656,-3.5064151,3.1891599,5.5285745,2.8652081,1147.3423257605305,50.45307324751047,1429.9474442174185,31.10385963471362,0.00017461639,0.00023686905,2425.25818862384,0.010944568,0.0007327164,0.05152103574535963,0.0057050450626407205
-369.13367,3.6589584,182.00555,3.4186978,-41.347492,3.1693041,55.520973,3.044098,-29.59715,2.8964815,35.166695,3.148791,-10.564222,3.2343583,17.447426,3.257701,-7.300467,2.9188275,4.2920413,3.0633373,2.5345502,2.9222383,1.8696032,3.0181434,8.829738,2.9019856,1162.996271077219,55.720771819806636,1481.697596484697,39.57911717327552,0.00016942692,0.00015670327,2439.2722570149363,0.010652246,0.0009145504,0.0500958436049884,0.006251536048263019
-372.6688,4.4889584,182.79155,4.21851,-37.246326,3.4646747,58.91329,3.3930423,-27.621708,4.2523994,31.32653,3.571137,-18.214195,3.3026562,11.486221,3.3510761,-8.554379,3.0990732,7.7699685,2.90399,2.687625,3.0114715,-3.4122362,3.3584433,5.534665,3.4488094,1141.2688671620645,92.62252753746023,1482.6097892507726,90.51016989515021,0.000171208,0.00034672316,2409.520464762181,0.01057032,0.0008552135,0.05150630800464037,0.018406034283655483
-364.7238,3.8293934,187.87277,3.4076338,-47.55775,2.990483,63.529137,3.0792053,-29.790054,2.9200516,31.93326,3.1151495,-17.857513,2.9615476,13.586474,2.9502568,-6.5389895,2.869725,4.776399,3.0927825,1.5450329,2.857127,-4.1314726,2.8906305,4.210619,3.1298552,1159.4445272078958,52.58791662767255,1442.3548143539035,33.14349072572928,0.00018057805,0.00026891887,2465.8015629531615,0.010893557,0.0008173269,0.05184504604118329,0.006571351664632882
-353.44135,3.58256,165.7971,3.621493,-41.62763,3.2743835,53.80739,3.3340538,-42.475094,3.0953727,27.320389,3.023851,-23.848269,3.1746283,27.962555,3.0378196,-7.5189514,3.1771505,5.271498,2.972985,1.3164818,3.2097788,-9.386468,3.192287,5.6858945,3.0133648,1502.9531107275989,65.44500391601404,1717.2806694915544,43.33485015559245,0.0003439413,0.00049131096,3155.5635173470127,0.009605018,0.0008657198,0.0760665150087007,0.007181669276062183
-383.3294,4.1403475,184.5985,3.9213576,-29.196314,3.3038366,59.215298,3.4870934,-23.941917,3.5434277,28.609324,3.4650989,-14.584413,3.4971368,15.762773,2.9947083,-2.3719997,3.259087,5.829328,2.9634454,1.5203918,3.1980276,-3.8914704,2.8964522,5.26049,3.2282255,1023.0964305417959,64.31333236819722,1419.6509812371012,55.03184035133106,0.00013789725,0.0003347007,2131.6372262906034,0.010825064,0.0009591664,0.039878190255220415,0.006307363280418565
-374.7051,3.8651059,180.09056,3.7514043,-35.007626,3.291363,60.295338,3.228966,-24.541695,3.1859932,30.23951,3.406742,-14.853577,3.257123,16.357237,3.042489,-2.7102523,3.023482,9.265762,3.0133376,3.9650002,3.2227542,-2.873589,3.1323445,4.73971,3.0054348,1115.277365031775,71.25487432688078,1482.6247919853938,60.20865911013394,0.00016027736,0.00027384152,2410.2199191560326,0.010774391,0.0010546799,0.04530253045243619,0.010491149980343778
-345.00003,4.088174,149.4869,4.202593,-24.68179,3.595823,54.864273,3.4060915,-33.9919,3.0581317,23.674322,3.275946,-18.550062,3.2199762,12.699991,3.3812776,-10.702878,3.493721,12.713034,3.3754668,1.8106732,3.3536391,1.1677566,3.77532,12.802311,3.1642442,1539.6957077889037,100.5084760719447,1821.8840985220552,59.27224875289764,0.0002841162,0.00035029172,3566.2431685941124,0.011730093,0.0029292924,0.06710185252320186,0.00955701880178995
-361.82266,3.5875742,188.54039,3.8163285,-49.268925,3.7202063,62.793648,3.301656,-29.957407,3.096726,32.581688,3.275334,-17.424406,2.8706703,14.288033,2.8624723,-6.972606,2.836169,4.6150637,2.8572116,1.9521499,2.891798,-3.3837786,2.958034,4.593774,2.9402657,1171.3005132488986,55.77601008769319,1441.2752268676682,34.246773850811614,0.00019145846,0.0003544825,2476.4932229734627,0.010963639,0.00083129207,0.05277062790023202,0.00582251638386664
-344.19925,7.878572,177.32417,7.389644,-55.085224,5.030407,65.853836,5.057134,-39.585815,4.6998553,34.451374,4.8750014,-20.958576,4.261353,18.003523,3.956051,-9.760038,3.5945342,5.8890524,3.1117857,2.4381862,3.686001,-4.493487,3.5979772,5.2298717,3.2668023,1405.8134592172203,101.15643357667909,1594.34032410019,82.61193191771737,0.0003487731,0.0010506435,3048.771819714327,0.010462035,0.0011484231,0.0712018289588167,0.009530876843291678
-362.35498,4.1380787,174.30742,3.5012949,-46.38419,3.2314563,51.381447,3.4848216,-44.17477,3.0658138,35.326305,3.083307,-27.934801,3.1536894,22.88985,3.2043824,-12.8110075,2.944114,5.386712,3.15433,0.71032375,2.9931095,3.9990854,3.1013274,13.250927,3.2627947,1440.5290942567217,58.70884854784773,1672.2831457935495,45.30507707086823,0.0002743741,0.00021362893,2939.232265534368,0.009690131,0.0007716439,0.07367835520591648,0.007019475669724046
-364.91257,3.2712169,186.19214,3.5202656,-44.5544,3.157339,61.571945,3.2350292,-27.89662,3.1837778,29.524584,3.014631,-16.311495,2.8024733,13.679725,2.8029592,-5.0296683,2.9476585,5.3240943,2.9028916,2.1362245,2.9243915,-3.8694046,2.9729502,4.730619,2.8849535,1145.2114481404396,51.848759374545416,1437.0135012514552,34.111585733260014,0.00018354469,0.00040978988,2436.449458925464,0.010853261,0.00081954704,0.04971632105568446,0.00709577035072305
-359.90787,3.6375916,172.5216,3.6768699,-41.920082,3.476341,47.48881,3.4805827,-40.407448,3.1714983,34.41543,3.3668013,-24.724686,3.3025527,22.452232,3.0672388,-11.762211,3.1309047,4.744186,2.9541938,-0.7761017,2.9670756,3.9529243,3.1144326,13.940557,3.2602725,1414.4662320651512,55.481602793003795,1670.9523485532388,40.53250145713875,0.00030123888,0.000608651,2872.1595852668215,0.009800788,0.000911163,0.07114065218967518,0.006738837141597162
-371.8417,8.627409,174.90578,7.4041824,-34.944183,7.3925505,47.723637,7.00282,-21.106253,5.2134633,20.969488,3.6299014,-12.612509,3.9631665,11.93161,3.8315938,-0.7384833,3.444984,2.6922426,3.7090673,0.16902412,3.6819663,-2.7420578,3.7862709,6.2537775,3.2926333,1151.0167706800225,168.54014560999323,1430.718662149494,79.12757845322695,0.00018123876,0.00010453615,2357.211268307715,0.010660262,0.0041085803,0.05055693517981438,0.015837759368693045
-364.89447,3.2752132,193.27637,3.4211748,-47.09242,3.1745732,60.501953,2.983577,-28.721872,3.0754282,28.974714,3.0209906,-18.228415,2.8430426,12.732194,2.8491168,-6.9381914,2.6869087,4.8639793,2.7659426,1.725302,2.9873245,-3.8230736,3.0038404,3.869523,2.8743346,1103.9860055217314,50.84667545921625,1377.209338782641,31.492422833208295,0.00016313186,0.00025112327,2272.727169736079,0.011072825,0.0008417607,0.04966873912412993,0.005777162627391432
-348.30127,14.218799,163.28558,6.3510866,-44.73944,6.0012574,69.4608,4.180883,-32.61424,3.642401,40.749393,4.5252333,-26.705635,3.9427965,23.067238,3.4893684,-10.072827,3.5326838,9.775403,3.2575767,0.83325094,3.0526626,-5.1563506,3.0022035,5.7545624,3.0019572,1531.8805793793185,164.5102743608931,1806.929248400607,101.06083528463546,0.0003407533,0.00022658042,3468.644300137761,0.010413612,0.0008744733,0.06762978538283063,0.013744465964036048
-366.9797,3.6118495,189.93358,3.4443069,-45.884445,3.3364108,60.59461,3.3388624,-27.757406,3.2907345,29.75034,3.0688179,-17.226011,3.094096,12.926521,2.7846844,-6.3254657,2.6800797,4.519356,2.9908195,1.9211346,2.9976807,-3.766395,2.8436627,3.830066,2.8268015,1122.3926904445907,53.76167150401829,1403.727194070613,33.51481311741672,0.00016744093,0.00020411087,2340.898992622535,0.01070746,0.00087197876,0.05009924231438515,0.005927759937701923
-369.00708,3.7845325,183.28232,3.696255,-43.021,3.023838,56.42204,3.1833453,-30.559813,3.2048264,35.931103,3.0119224,-11.304342,3.2293298,17.857214,3.0642328,-7.3048677,2.84319,4.565151,2.9053917,2.3094265,2.9150388,1.7603415,2.9380653,8.267761,3.1075194,1170.1919687993147,65.18538200018357,1481.1651215971413,44.234217449842745,0.00018962476,0.0003533581,2448.7648523600637,0.010529058,0.0010188739,0.0512627338312065,0.007434225162539915
-360.86014,3.265095,187.00792,3.2319179,-46.589634,3.1595027,62.625607,2.9601119,-28.614931,3.4382472,30.65055,3.159809,-17.493973,3.0539975,13.098458,2.9970145,-6.445367,3.0898633,4.861686,3.0503583,2.0557864,3.0337882,-4.3337965,3.2771635,4.15622,3.109966,1164.9083396597896,53.30220474490226,1441.25079783418,30.999656171828242,0.00017743524,0.00016836094,2476.4432619453305,0.010939044,0.0007762486,0.051540295098607886,0.005854013380639421
-371.22876,3.6611934,175.38805,3.3621433,-44.542362,3.181475,49.08047,3.3424916,-43.111126,3.283111,32.09349,3.2527237,-25.654524,2.938191,21.452353,3.0224426,-9.449947,3.0687964,6.1546855,2.9666255,0.98142153,3.017225,3.3085983,2.869658,13.338693,2.977102,1380.0399491786268,53.398559479584755,1614.8881045417081,38.303841900613776,0.00023931074,0.00032115926,2784.403039352523,0.009590645,0.0007726771,0.06961463167053364,0.005442536922717668
-358.631,3.6257646,185.0853,5.049197,-48.857594,4.0788064,63.92785,4.1929398,-30.784107,3.8019586,32.35166,3.2361913,-18.383615,3.395741,14.967534,2.8964238,-6.154972,2.694721,5.350581,2.8700376,1.6338358,2.918909,-4.617344,3.0731823,4.205102,2.8730745,1211.0796692828178,63.660882927344744,1480.8440382561057,54.40312589211232,0.0002650233,0.0010602477,2596.2747879205335,0.010846216,0.0008136798,0.055191641893851506,0.006827092918361243
-338.14932,4.239616,152.44145,3.432408,-46.609875,3.488575,67.70565,3.0214007,-44.169327,3.4418714,50.538948,2.9747076,-30.531332,3.3740048,29.241606,3.1904798,-13.579971,3.1609895,9.611521,3.158422,-1.618152,3.2604506,2.361313,3.27684,8.324952,3.3057456,1899.1823958086338,83.50493124803262,2073.951557933342,38.32565116803355,0.00057645974,0.00041342629,4498.465992513776,0.009619123,0.00068487076,0.0934520464762181,0.011018826228604528
-362.9939,3.79583,172.90411,3.3382287,-34.960747,3.335881,53.11666,3.8090699,-38.863735,2.9988184,31.667194,3.0314343,-25.324238,3.132089,22.926365,3.6233084,-3.645752,3.1884985,13.701854,3.1206782,1.4265732,3.447362,-6.5098267,3.3020759,0.7509207,3.22889,1340.1576421056127,64.27221957256913,1661.1313530383902,42.27626028518573,0.0002361303,0.00041361107,2814.0549095490137,0.010726787,0.0012912792,0.06383909150232019,0.006766494398933095
-361.37537,3.8618152,170.964,3.96375,-39.619434,3.4755378,49.01151,3.70072,-41.912937,3.2954867,34.48298,3.417481,-25.877747,3.3703759,26.058935,3.5325165,-7.26135,3.2491562,9.060677,3.070298,-4.4823136,3.277055,-3.5985126,3.1446319,9.576029,3.1965144,1430.0169047239256,63.59559143241319,1709.9806697348606,48.747769725080815,0.00029458525,0.0005778199,2962.4641436158645,0.010011721,0.0009932145,0.07248993982018562,0.007092150418202202
-381.37784,4.5542083,184.04329,4.3571067,-33.480343,3.7669065,62.179882,3.4000916,-25.23136,4.069098,31.858528,3.735482,-16.672285,3.388309,14.518996,3.3291767,-3.957532,3.2967622,9.572866,2.914265,2.4952726,3.1029932,-3.9175756,3.0748658,4.8983283,3.2402525,1066.6863171775194,76.52066382531443,1459.4216485181084,80.23993218968126,0.00015065017,0.00031893863,2257.838783352668,0.010764292,0.00088438875,0.043295026102088165,0.01068444878126813
-339.4256,7.761976,175.52193,5.495022,-54.890984,5.4305215,64.99177,4.57194,-38.105885,4.2070246,33.629234,4.3192277,-25.680193,3.469227,15.8852215,3.18167,-9.634409,3.1629648,5.5903535,3.0956755,0.66976845,3.0573506,-4.409501,3.3789773,7.046844,3.161388,1440.645736169234,112.69233731369633,1619.162155523296,67.01773062640802,0.00035708197,0.0006976206,3084.6438379132833,0.010624276,0.0008188264,0.07287059527262181,0.011235969006071399
-365.44467,3.47822,191.94604,3.1088974,-48.444897,3.2173562,59.793354,3.1613626,-28.15287,3.1703846,29.641432,3.0277886,-17.65911,3.1630757,12.874863,2.9507945,-6.9363365,3.1207852,4.8726993,3.0954738,1.535974,2.927148,-4.6491866,2.8690386,2.8158972,3.0876012,1122.944930085432,49.12870249777179,1385.553364994936,28.846858032698563,0.0001565814,0.00012082973,2312.4711676152842,0.010809702,0.0007801838,0.05201951312354988,0.0055700041701813065
-325.72577,9.685681,151.23874,5.4858694,-60.923424,8.36023,63.89872,3.620083,-44.86947,4.8460345,35.79003,4.9295154,-30.121937,3.972587,21.226755,3.5386877,-13.374027,3.25232,2.3936071,3.0657434,-0.47231856,3.373647,-4.7967253,3.209679,9.108573,3.3391001,1912.0497358434013,118.31238982746422,1880.5495834750427,106.5397947868475,0.00058737764,0.0007188856,4156.332871864124,0.009978842,0.0013569546,0.10531240936774942,0.01543980241466773
-359.88464,22.992756,170.19087,10.018813,-33.278313,8.518725,45.237194,7.587963,-22.756222,5.8116384,19.058,3.8910098,-12.917569,3.5018742,6.7905636,3.3148851,-3.489318,3.894236,1.5741557,3.3231237,0.25148875,3.335713,-4.0996366,3.4862926,4.0399585,2.944835,1232.830541346212,95.71822790151352,1473.4269380147427,107.95848496055757,0.00021376689,0.0002295113,2565.623697161398,0.010127956,0.0042128707,0.0579151410237819,0.009489557491519588
-363.0501,3.7336018,183.12251,3.8584743,-49.00841,3.2639737,56.576584,3.227878,-33.49401,3.272213,39.995403,3.184269,-12.140394,3.1468241,17.312237,3.1826024,-11.370407,3.1158006,2.6079216,3.1963797,1.140975,2.9340901,2.0874462,3.0659454,9.340111,3.1200924,1240.569497224295,60.184723935664714,1500.7786469646246,39.663658306040084,0.00021582548,0.000411096,2565.4238530488688,0.010463726,0.0008564515,0.06092413174303944,0.007128431227186875
-366.77664,3.5186315,175.53291,3.5469086,-42.37428,3.327408,50.362865,3.2573087,-43.858803,3.2102165,35.853245,2.9229941,-26.415485,3.2568676,23.95363,2.9032562,-10.751423,3.016339,6.7117033,2.9324884,0.6250892,2.9194744,4.2006598,3.0074449,14.4136715,2.9276755,1379.183915959192,54.45644680329186,1657.0556945743726,37.912540496619705,0.00022719926,0.0003105876,2808.5591964544665,0.010464033,0.0007611333,0.06701688478828306,0.005492685697491528
-365.53247,3.371793,186.90788,3.5472383,-42.02091,3.3664882,61.224342,3.2834234,-28.161924,3.1332984,28.496225,3.188484,-17.093378,3.3272457,13.752273,3.114549,-5.004726,2.9952972,5.3564796,3.126723,2.726225,3.1842694,-2.5038388,2.9132872,5.7234497,2.8927202,1122.7410771242203,53.59807913324352,1430.2139167202947,34.20926722330123,0.00016725597,0.00025059137,2378.819412974913,0.011043597,0.0009696289,0.04914760368329466,0.006105406807100067
-372.8813,3.5009887,177.44212,4.0883045,-45.274807,3.692848,51.68644,3.6833477,-43.707317,3.6297162,33.941677,3.5609236,-26.841654,3.311577,23.82822,3.3421097,-11.8609495,2.9989018,5.7464914,2.9559963,-1.1630478,3.1212072,2.437122,3.0461695,14.224527,3.0438752,1386.481510140837,56.183417049785014,1641.308090435273,45.86109687709656,0.00029464142,0.00071541645,2815.1540521679235,0.00908633,0.00076055835,0.06943789878190255,0.006008585851838201
-369.60367,3.4141426,179.0668,3.3869076,-47.722103,3.2685387,54.01797,3.3724306,-42.6429,3.0669043,36.726997,3.4633186,-28.550718,3.104114,22.905766,3.1838725,-13.819249,3.0119877,4.2455373,3.1647506,-0.80591434,3.2631636,3.6743424,3.264144,13.903943,3.0881684,1385.54973101969,53.26331696983633,1633.6093889784365,42.25774018809655,0.00027419344,0.00030196508,2789.349181137616,0.00923086,0.0007214943,0.07053228320765662,0.006529356264465485
-370.90973,3.7752192,185.26826,4.4174047,-43.804672,3.8815153,59.009975,3.817527,-30.569382,3.4894507,36.23162,3.5990674,-12.376903,3.325465,18.24658,2.9305222,-7.056044,3.1824949,5.147801,3.032667,1.5749952,3.2863636,0.30236518,2.950311,7.6129436,2.9661052,1152.1058762223552,63.80819117060381,1473.8714802021354,48.549192767477976,0.0002129706,0.00074369635,2428.3557723680397,0.010544102,0.0009595027,0.04813931989559165,0.006447838332069748
-372.5418,4.766038,182.36803,4.313234,-38.750137,4.151102,56.125698,3.6464396,-22.882828,3.6873102,26.205872,3.4235582,-12.692574,3.1197202,13.231747,3.1762562,-2.2079778,3.1510937,6.6285195,3.0293,3.4887815,2.9145958,-1.8414388,2.903517,6.0333457,2.9813242,1099.7359478437113,63.45879584157114,1420.9053870795635,52.90717680460601,0.00017476306,0.00060578645,2329.382975638051,0.011033827,0.0012650484,0.0425767655162413,0.007642276176860489
-365.2274,3.6690688,191.80911,4.5761056,-46.545635,3.7694576,60.658348,3.6112738,-28.576475,3.8727689,30.183832,3.039158,-17.925486,3.2445347,12.4494095,3.0451577,-7.1180983,2.861377,4.5303645,3.0972102,2.2186496,2.7852445,-4.322735,2.866263,3.2876327,2.9635494,1115.3299450491377,52.401896852274795,1392.6155600160457,45.37312334148481,0.00019298114,0.0006705655,2307.3002012035963,0.010978718,0.0008478583,0.05072120613399072,0.0052032466125090686
-358.52426,3.7626576,168.9159,3.8242884,-33.627502,3.7312725,52.861286,3.3036964,-40.050083,3.354824,31.28795,3.4587839,-26.738426,3.1576135,21.590986,3.2016191,-5.5912013,3.3112197,11.625229,3.0219643,-2.0741436,2.8645475,-8.656226,2.9408522,-0.458579,2.9910958,1408.3572484424635,63.14293682290112,1715.5394493603337,47.48051871701817,0.00028697297,0.00069842563,3032.2596999166185,0.010597831,0.001172235,0.06870717626160093,0.005706628863379826
-361.68628,3.7583656,169.40428,3.9741826,-37.548786,3.707823,47.383728,3.755943,-39.75097,3.5265777,30.74899,3.1548543,-24.641882,3.0997977,19.88701,3.0738118,-7.872494,3.0995688,9.020154,3.0010905,-2.3588228,2.973301,-5.2815504,2.8727973,3.7158973,2.7548373,1410.2566993690762,67.25304768899386,1675.5353715275598,48.71974975116042,0.00028856084,0.0006502473,2930.4641050971577,0.00983598,0.0012533399,0.07116331025232019,0.0062638526656898065
-366.59702,3.5403113,176.37595,3.259876,-45.50504,3.1046112,52.24583,3.3522525,-41.672962,3.006526,35.33048,3.2134435,-27.600042,3.433855,21.978706,3.137065,-13.186099,3.2067442,3.4186165,2.9324472,-0.850785,2.89421,3.6367252,3.0915725,13.461701,3.0343082,1399.7165020674333,55.446187852180685,1644.5666290148285,39.31893531630349,0.0002722126,0.00017625336,2826.5701470961426,0.009276885,0.00076692295,0.07180906503770301,0.007313152536950987
-352.31305,5.58789,165.92778,4.8780713,-41.999855,3.9441388,65.257904,4.0890555,-32.562485,4.4213595,38.61442,3.7213833,-23.939777,3.3710444,23.69959,3.2671223,-6.793764,3.4223592,10.848993,3.1353579,3.1523468,3.0982707,-2.9700627,3.0416996,7.2620077,3.1083052,1438.6820862590087,98.18454613804282,1756.754129911386,67.90172565687035,0.00031165875,0.000531183,3248.391107616734,0.010756451,0.0009607895,0.059267827363689095,0.008871241651731062
-362.7777,3.3838863,186.09404,3.5303903,-46.228424,2.9251075,61.882137,3.2961187,-27.318087,3.1236532,30.30419,3.021449,-17.065416,2.9768293,12.915194,3.052456,-5.9919324,2.783356,5.0896287,2.9079072,2.5866492,3.0028017,-3.3889918,2.985254,4.571929,2.9622993,1155.186860243675,51.656631377052555,1439.6041918390156,32.880052831107236,0.00018432601,0.00033530695,2458.00764256453,0.010941071,0.00080266746,0.05109506416763341,0.006365668884573152
-346.16794,16.158972,181.43213,9.159987,-58.136623,6.972039,67.20294,5.456852,-37.52768,5.8842335,32.37066,4.3904266,-23.431437,4.0604105,15.552926,4.2886105,-12.3868685,4.289307,4.720103,2.9270763,2.7625294,3.0557003,-3.8269365,2.872635,5.1343884,3.0912042,1389.7111044926305,192.35689382314806,1552.984598748113,124.5164442830728,0.00030734105,0.00042220636,2941.5304728284514,0.0104339635,0.000739351,0.07134910636600927,0.01627130986847404
-371.07736,4.036321,180.33759,4.598731,-42.787804,4.4317727,53.15897,4.1327353,-39.65912,3.9677753,33.583702,3.5506237,-25.908598,3.3368974,24.198515,3.3365185,-8.592419,3.6205015,5.5185285,3.5491228,-3.8594663,3.498372,-1.7358392,3.3831198,12.040333,3.2628176,1306.4915509064797,60.95852877213441,1596.4951025569585,51.603495223156116,0.0002753282,0.0008380902,2622.5542887180973,0.009718904,0.00084876915,0.06343011347157773,0.007484252716120684
-374.1634,3.378813,179.4789,3.9184334,-43.475132,3.7999256,53.643402,3.6787133,-41.99184,3.4549754,35.865715,3.3000143,-26.289692,3.5154605,24.96721,3.3314142,-9.479383,3.254108,6.1763096,2.819141,-2.9358284,2.9636192,-0.24918938,2.9348767,12.9361515,2.8458276,1331.6915337517257,60.19867605725324,1623.7364261642065,40.8638445116985,0.0002559984,0.00046234718,2698.4950514791185,0.009529708,0.0008252043,0.06453922563805105,0.007633380918485373
-362.5301,5.377167,179.32117,4.220667,-42.759434,3.1398892,56.16507,3.465704,-30.02854,3.1449304,37.6615,3.2676113,-13.227875,3.887808,18.413359,3.3007495,-9.206127,3.0125723,4.0191054,3.1139228,1.0264252,3.1153657,-0.50221455,3.2021098,8.003075,3.1798482,1227.8756891370779,78.63648037636501,1536.3212019974255,63.000662842664745,0.00020301304,0.00013804625,2588.0312182787125,0.010411021,0.00091359066,0.05404967553654293,0.0075221649020807005
-360.289,3.7375624,164.42517,3.9880672,-33.845577,3.2743692,59.7533,3.5908232,-40.555202,3.4053302,32.19254,3.1914792,-24.171114,3.215631,18.965538,3.1676364,-7.753654,3.2388823,16.149952,3.2541902,-0.7495599,3.3626919,-4.5894094,3.088336,2.9179869,3.2413173,1466.140747106426,71.25235023128084,1776.7584442773946,47.53237451087708,0.00028903267,0.0004946786,3402.995509171984,0.010255572,0.000980253,0.06408606438515081,0.007493387694170894
-362.59854,3.4385178,186.73807,4.2455106,-47.237606,4.2027907,63.485348,3.2622762,-28.48763,3.6405585,32.04001,3.5981472,-17.385113,3.2084122,13.980594,3.1795332,-5.803864,3.0895324,5.0627346,3.0965016,2.0058098,2.7830207,-4.290284,2.7299082,4.214171,2.8149412,1167.4844254385948,55.899283507550976,1450.649311923443,45.751690596682714,0.00020350862,0.00062846934,2490.8070575333527,0.010879447,0.00076601206,0.051142646099187936,0.006293388965309661
-322.16574,5.22074,137.94194,5.516218,-75.07948,3.4911573,83.28883,3.2295983,-51.95937,3.7884617,45.467854,4.288541,-34.92785,3.8988495,24.380463,3.1754277,-13.390091,3.221778,11.087374,3.0436335,-0.5411288,3.603214,-2.1544304,3.5650861,5.131667,3.7912169,2359.369370160313,135.08451844123456,1984.209921445115,61.68089168944572,0.0012026583,0.0016490156,4673.404532518852,0.008505541,0.00053298945,0.16169473245359628,0.01915581139744201
-360.77783,3.790932,187.97774,3.568224,-48.988354,3.0984416,64.26601,2.8919039,-32.33361,3.367339,32.438236,2.9830573,-19.45053,2.948316,14.001433,2.9712229,-7.4825463,3.0314708,5.83578,2.7969053,3.18129,2.8331892,-2.9302688,2.8253815,5.103647,2.9601343,1187.7860394809832,52.324826719990796,1461.9280308237446,32.00305502614724,0.00018866744,0.00023908634,2536.8711254712875,0.01086058,0.00084352796,0.054420134860788866,0.006705739865433986
-373.91037,4.436615,183.8993,4.636547,-38.416935,3.8445308,54.943687,3.954481,-27.228018,3.6162257,32.191555,3.527852,-11.675609,3.3784637,15.856327,2.9539838,-5.698221,3.160524,4.204177,3.2036161,1.368951,3.1216855,-1.4799513,3.4210958,6.4635525,3.2245364,1117.6437259904014,70.54101042867985,1444.592203956478,53.2241217571659,0.0001909172,0.00060364266,2311.621830137036,0.0104773035,0.0012874273,0.046287023274361946,0.006367973832288439
-360.63113,3.120175,185.12311,2.9841216,-47.179657,3.0745442,62.53056,2.9991674,-29.189228,3.0106156,32.624622,3.1397345,-17.324049,3.1130416,14.19151,3.0825949,-5.741192,3.028782,5.439631,2.899618,2.2461529,2.9218547,-4.2862277,3.0446184,4.326919,3.0562434,1181.1644148068974,54.36824007388048,1465.5223843797532,29.308800567017748,0.00018331163,0.00015022032,2526.1544849369197,0.010865088,0.00072777085,0.05316034657772622,0.006844751526833888
-377.4464,5.243113,183.01237,4.528958,-34.25337,4.076259,64.07631,3.6235344,-26.160694,3.614529,32.172577,3.5809257,-18.339758,3.6291475,15.914745,3.283392,-5.358119,3.221523,6.1995354,3.0962489,0.89171904,2.8607655,-5.874852,3.099052,4.241827,3.1294055,1101.9654858161305,79.34990206573029,1483.3093407914655,69.16842478200346,0.00016627573,0.00032859328,2365.279974351073,0.010754267,0.00081110385,0.04448570729408353,0.008025316427333427
-357.62668,3.3995616,186.96791,3.5335877,-50.791218,3.4237654,63.963875,3.3519986,-32.47661,3.3148913,32.106197,3.3720725,-19.73371,3.3239663,14.535608,3.0672257,-7.167659,2.7683368,6.2692113,3.0098863,2.6836007,3.0208025,-4.088619,2.9462771,5.10473,2.8041184,1215.1645585639133,54.44956508496271,1470.9613194015826,32.45247641671278,0.00021106408,0.000325194,2589.4301270664155,0.010775827,0.0007291047,0.05706659657772622,0.00635623356602353
