mfcc_1_mean,mfcc_1_std,mfcc_2_mean,mfcc_2_std,mfcc_3_mean,mfcc_3_std,mfcc_4_mean,mfcc_4_std,mfcc_5_mean,mfcc_5_std,mfcc_6_mean,mfcc_6_std,mfcc_7_mean,mfcc_7_std,mfcc_8_mean,mfcc_8_std,mfcc_9_mean,mfcc_9_std,mfcc_10_mean,mfcc_10_std,mfcc_11_mean,mfcc_11_std,mfcc_12_mean,mfcc_12_std,mfcc_13_mean,mfcc_13_std,spectral_centroid_mean,spectral_centroid_std,spectral_bandwidth_mean,spectral_bandwidth_std,spectral_flatness_mean,spectral_flatness_std,spectral_rolloff_mean,rms_energy_mean,rms_energy_std,zcr_mean,zcr_std
-388.1472,3.833159,195.27547,4.6904016,-44.12193,4.0701156,57.755157,3.8012595,-19.197506,3.5293128,28.966606,3.1539686,-9.516488,3.1417964,8.853486,3.1797013,-4.723067,3.0676432,0.87510806,3.1646037,3.6532462,2.8234258,-3.2833574,2.790214,4.668853,3.0193467,998.083226351359,53.11164875505167,1289.125953713788,53.16492399617887,0.00014010537,0.00045773687,2038.0102595707656,0.010235621,0.0009073739,0.04188003008990719,0.005919033015898033
-375.0664,3.9850965,163.71965,3.6496766,-38.6663,3.4966612,53.215034,3.7202137,-40.4682,3.2146194,35.4159,3.5388033,-19.87171,3.068725,32.465755,3.131627,-5.5057473,3.0989513,3.3329296,3.0719347,-2.7912812,3.265919,-4.524417,3.1664848,8.022394,3.1840706,1477.0208123614293,65.22930164086117,1765.641425078431,45.36061348357416,0.00029610496,0.00044552836,3202.676766875725,0.009013783,0.00084629876,0.06841941886600927,0.00844164811344444
-373.1893,3.929544,185.7231,3.0854628,-48.04606,3.2787945,62.121357,3.1300373,-24.492233,2.9296548,33.148632,3.1965759,-11.658246,2.85307,12.104252,2.7774663,-7.0236297,2.970541,2.2974315,2.9643962,3.704742,2.859267,-3.0605338,2.845329,5.410309,2.586719,1146.454139602055,59.98185238874932,1423.7819911102147,31.288444471020497,0.00016629827,0.00015439531,2462.8288817792923,0.010162834,0.00096248504,0.049473879785382834,0.007450066956162289
-372.13828,4.5719123,162.41057,3.5822346,-40.051765,3.4791486,53.823463,4.337481,-40.95472,3.4489396,37.81895,3.3204668,-24.107775,3.1560283,29.786804,3.2698195,-5.256164,3.3329914,0.7191012,3.0824418,-7.9129,3.4516,-0.8154516,3.0044584,10.2574005,3.2237718,1540.3790931224098,76.98590863537449,1799.25025129341,48.115880836145216,0.0003148226,0.000315649,3434.0462881561775,0.008896558,0.0010166774,0.07478180285672854,0.008425427481341136
-394.26868,15.637416,176.76993,6.0695333,-29.695269,4.8456917,56.32477,5.865846,-14.976116,4.6445355,27.501753,5.2812977,-0.5189903,4.319348,14.032944,5.129137,-1.4540347,3.7408915,4.973689,3.336677,1.9313041,3.2412856,-1.3333802,3.0223088,7.9518614,3.2954068,1006.6462844275586,103.98994473536096,1402.4410131142542,92.19186132003578,0.00012200239,0.00028965986,2211.92459849913,0.010515924,0.0023357696,0.03609655959976798,0.007383217761367892
-379.7012,4.3678894,173.19305,3.2639863,-38.865192,3.55207,49.475002,3.267102,-41.22546,3.1869037,42.423626,3.3952277,-26.06217,3.2171257,24.039457,3.1412494,-14.599331,2.9789617,4.5173764,3.3100777,1.2603172,3.1549559,8.106447,3.1060166,15.971492,3.094511,1407.2829209693887,63.42863386568836,1724.6869757860968,41.27106432387888,0.00024586174,0.00010337157,2873.7583381670534,0.008955621,0.000784316,0.07104322252030162,0.007411638450702132
-391.08582,3.6617415,182.30113,4.145844,-35.734135,3.5602837,53.53232,3.679716,-21.93969,3.1684308,38.879204,3.2490988,-4.9036536,3.4378881,16.018738,3.373261,-7.7740593,3.1018147,2.1290908,3.1235437,1.3813596,2.9017906,0.7084223,3.135922,8.917585,3.2257655,1056.7077238024908,70.27243060582444,1432.8321166510575,58.57680392377392,0.00017414973,0.0007283419,2166.210257758121,0.009887283,0.0010759863,0.0415107036687935,0.0070653024039943925
-367.83295,8.82921,163.76337,7.3310204,-35.139145,4.632917,68.795296,4.3243036,-30.189045,3.7702987,39.870678,3.4942195,-18.818779,3.1986876,21.174784,3.4276488,-8.495639,2.9265223,7.7213674,2.771692,1.3575836,2.9714131,-3.3770125,3.154785,10.332249,3.017675,1374.4741435955946,113.01564266167048,1755.3336423400826,78.49548512053215,0.00032635077,0.0012891834,3244.7439525630803,0.010161886,0.0016563244,0.05273324209686775,0.008797775168727403
-396.5583,36.79656,177.58038,9.038728,-40.13525,19.4512,38.04729,7.5008945,-1.806349,7.9448066,18.2609,5.7970495,-2.7856927,6.016583,2.394738,3.829317,4.9635,4.872271,3.6668975,5.0840783,2.104094,3.4945378,-2.8160312,3.9116323,5.4172554,3.2055712,1101.3845114101118,235.12320444113098,1260.5282627725337,112.91827558038486,0.00012903028,0.000122984,2119.7964626232597,0.008617963,0.0031690036,0.06078138594837587,0.03195975432982927
-381.18713,4.256905,170.6139,3.325254,-36.28675,3.0086074,46.97205,3.0683632,-36.78993,3.2341127,40.758217,3.1338482,-25.848852,3.2754025,28.334776,3.052174,-8.873363,2.82772,6.3408184,2.8483248,-4.6907783,3.2523837,1.0382597,2.853589,16.656975,2.9857254,1398.7674917989125,62.92231082788333,1739.5247565982118,47.951250374589556,0.00025030118,0.00020523454,2830.991698085847,0.008841969,0.0009458845,0.06935972846577726,0.006704469432299162
-381.2521,3.6773527,172.35574,3.4211042,-39.19918,3.5799942,47.289043,3.4578223,-38.161697,3.22086,39.608913,3.502708,-25.287848,3.3622177,24.131382,3.044225,-13.445254,3.066026,4.096936,3.2537057,-0.053949103,3.2635128,7.713208,2.9636774,17.183887,3.070061,1396.1016558204226,60.35042757791648,1695.5103334199289,45.87143413532561,0.00026439608,0.0003083305,2773.936203958817,0.008702272,0.0008291119,0.0741247190400232,0.007715638757557522
-405.76163,5.727682,179.72803,4.7561655,-23.572502,3.1886191,53.37138,3.5919356,-12.18711,3.733274,30.529577,3.7764554,-7.607654,3.8849323,10.092102,3.2075694,-3.9101367,3.1598613,8.976711,3.1269841,3.2635298,3.0992072,-1.7954433,3.4338958,6.97665,3.335987,948.6765435021719,96.85826587497209,1386.7338133736994,103.43841514920102,9.807512e-05,6.876266e-05,1940.8360598535382,0.009896324,0.0011756317,0.03486396099187935,0.01148270097423101
-373.74832,12.198693,187.27187,6.6556554,-40.163757,6.6650724,54.58475,3.7685416,-28.552567,4.310545,26.37622,3.3491096,-14.50733,4.9765606,13.865137,3.7534933,-5.393305,3.607815,2.0026062,4.3146005,-0.8344781,3.4218946,-2.6665616,3.431106,7.53846,3.9408646,1115.665880545879,108.78094857577332,1399.764351465383,67.85460769956096,0.00016701221,0.00017505027,2265.1081129459108,0.0101379575,0.0017212349,0.053002873042343385,0.014468765097023622
-382.25574,3.5852456,189.00455,3.1313477,-43.693172,3.0605857,60.762653,3.5325472,-21.893398,3.4674003,30.331614,3.280938,-12.007941,2.998377,10.248505,3.1749353,-4.567251,2.9309177,2.0576458,2.9862356,2.7642088,2.892339,-3.9082541,2.9388523,4.8157635,3.1418846,1065.9066671351695,54.30230712539354,1366.817592173158,32.54318680435845,0.00013305484,0.00011319856,2239.652969112529,0.010248007,0.00096833246,0.04428858214907193,0.006550810929650926
-369.1493,23.549753,124.93672,9.944312,-28.43977,12.615699,81.8187,5.782682,-42.62425,5.7170796,53.538723,5.3730745,-26.975454,3.7546477,28.59561,4.3373885,-14.53027,3.6136577,13.1966915,3.5778491,-0.78322566,3.2490957,-1.0047969,3.1380417,11.056015,3.2127855,2322.945791555708,372.11388421189076,2346.9582157508557,96.88805706262885,0.00074631564,0.00060458935,5411.353898546258,0.008109046,0.0014204867,0.1130841248549884,0.0450440117304189
-397.1992,4.350673,173.84944,3.9443114,-36.587185,3.6256816,45.49293,3.4728594,-37.82429,3.173933,42.1069,3.762024,-22.333696,3.2830842,25.342693,3.0205529,-12.006253,3.126114,4.133738,3.1288998,1.3645515,2.9446867,7.943749,3.2013447,17.142742,3.1616979,1348.0758916373065,60.403425013259096,1681.8142495884463,50.79625985375646,0.00026028234,0.00036992994,2663.522331786543,0.0077990885,0.00087597844,0.06734316089037123,0.006964691524271896
-370.4055,5.0047207,159.57521,3.6537883,-29.6147,3.6438394,46.983032,3.2998948,-40.18247,3.1990385,36.29282,3.317864,-21.948902,3.217127,25.028477,3.166627,-3.3648255,3.4561148,13.001949,3.166565,0.97264606,3.1284423,-5.17742,3.4159546,2.770184,3.4000087,1486.4408655506775,85.74751940601163,1819.78328963022,57.252321507819445,0.000278268,0.00037860064,3363.2515112927786,0.009807062,0.0015405724,0.06887711173143851,0.006905597265826184
-380.19904,3.7046432,164.35985,3.6497347,-26.53371,3.508318,45.91119,3.3794117,-36.94015,3.7645857,35.439575,3.3126574,-22.678808,3.3717618,23.991919,3.5046017,-3.3054872,3.1105545,10.409318,3.1084774,-3.7189577,3.2408338,-8.674198,3.2323415,2.0820253,3.341201,1389.4989005814605,71.3591840697072,1749.107755824106,53.662158507913375,0.0002551746,0.00041843893,2960.4906830046402,0.009203028,0.0013001463,0.06772834795533643,0.007739267362945374
-345.96973,25.491978,163.91336,11.123515,-62.018417,8.29469,63.325184,5.729981,-28.539858,7.334993,26.43464,7.018399,-10.538133,7.8192124,12.430744,5.6280513,-8.719879,3.9599254,3.3582873,4.816182,4.693656,3.6981442,-2.519367,4.133732,8.829041,3.6167834,1553.874085177817,246.0453883852516,1568.0651760410146,140.55641919155445,0.0004807322,0.0021196965,3240.4223236296402,0.00911623,0.0016362346,0.08947329067575406,0.02323047881573344
-392.0777,3.7073965,181.70175,3.3956866,-34.18025,3.2260587,49.800404,3.1107955,-20.680635,3.2257934,37.555138,3.5024881,-1.9176462,3.4900587,14.534076,3.2200592,-6.750476,3.2570114,1.1476355,3.118252,1.4440076,3.0894847,4.2212095,3.066424,9.72669,3.159223,1041.3971125427042,61.084649509960364,1405.6629123334858,44.021498319663614,0.00013257233,0.00018062588,2087.521638449826,0.009871669,0.0011078009,0.04251332294083527,0.006881468116284006
-373.702,6.2861705,167.7885,3.9736588,-31.644367,4.4099493,48.93013,3.9321692,-36.04849,3.997271,36.114845,3.546102,-25.581484,3.2654853,23.971418,3.5086884,-5.5248733,3.311456,12.224865,3.7440944,0.38797033,3.3318129,-4.9371886,3.3771808,2.7399335,3.2971966,1375.7031803580799,79.47536260406758,1732.6324998428504,54.25014303644317,0.0002508925,0.00043245172,2889.970691795969,0.009781147,0.001260647,0.06396484375,0.0076323446071015775
-404.8549,10.595344,163.0705,7.5155783,-37.454453,4.421595,60.536263,5.9221983,-17.85734,5.067227,35.512726,3.6422296,-12.452294,3.6509168,19.629545,4.285597,-2.1392567,3.0972962,7.671451,3.041949,3.3294675,3.4398665,5.6309285,2.951271,14.333763,3.6289527,1197.682268818416,133.66709012003048,1606.082023253377,102.55130477691608,0.0001235324,0.00025498186,2666.669876558875,0.010621775,0.0006462001,0.026167796548723896,0.007917652584153313
-379.26404,3.4758837,179.8306,3.3383381,-45.0929,3.0605266,53.367622,3.1344097,-26.092299,3.1643004,40.915405,3.3530056,-6.6210666,3.1003807,16.232794,3.243704,-9.324667,2.9541707,1.8851619,3.0530384,0.44850403,2.78838,2.4930716,3.1720686,9.827579,3.1493933,1183.4098589330508,61.11036213822369,1483.8059756029886,39.595207287875105,0.00018880588,0.00020146027,2444.4682039406903,0.0094477935,0.0008378462,0.05173175572795824,0.006737465700103244
-372.9173,3.7149596,182.8663,3.2640007,-44.53607,3.2105997,60.64436,3.4581141,-23.2107,2.9729762,31.654995,3.0806499,-11.203542,2.888467,11.349759,2.9476886,-5.255302,3.0562184,1.5448204,2.9756684,2.2060256,2.8844578,-4.401199,3.0238795,4.5833654,3.067107,1143.972916575914,59.564819929386694,1432.0135909060727,33.304783351034764,0.00017199546,0.0002801754,2455.6095132141822,0.010126906,0.0010166413,0.048894966284802784,0.007109673852704162
-389.55884,4.7599015,171.01984,3.662453,-31.627361,3.4992387,47.05667,3.3473723,-39.71593,3.3180578,36.759956,3.1389024,-25.738981,3.416537,26.0434,3.6125968,-6.7437315,3.436415,9.389205,3.1239233,-2.1247919,3.4063375,-0.8098487,3.16025,14.1756,3.1211748,1345.1600476971093,63.93535271457296,1707.151064196508,52.31295738072592,0.00020971769,0.00022724568,2736.9900236550175,0.009183212,0.0010859416,0.06384815472737819,0.007306652230162023
-374.16843,4.5314326,159.61855,3.5559573,-22.566486,3.4694614,46.68122,2.9242005,-34.71156,3.25614,34.406246,3.3414028,-23.580318,3.1380572,18.980244,3.112851,-7.93258,3.1890066,13.42452,3.1807337,5.8426104,3.221327,1.4883131,3.1508243,4.080558,3.3174913,1411.0298367901466,69.47519558056794,1800.9020008918237,56.24467880944862,0.00022760539,0.00021493371,3149.618154999275,0.010028029,0.0014176393,0.06341085411832946,0.0060586894777136845
-393.65933,3.5872767,176.76869,3.6207068,-32.84952,3.7634451,46.23384,4.0193815,-37.63825,3.4197721,41.05218,3.6319098,-23.995975,3.7790475,25.910236,3.4145555,-9.217388,3.1879027,5.005241,2.9613113,-1.2856997,3.2038772,4.1397476,3.0937433,17.519093,3.1112757,1251.617248494079,61.293908792408075,1625.0822358379162,51.92015557070262,0.00016637969,0.00029404226,2364.1808317321634,0.009990092,0.0010443913,0.06020473825406032,0.006993077286232233
-381.29944,3.5305603,194.45647,3.2886894,-46.198925,2.9117613,59.246475,2.8779726,-22.055532,3.1259217,28.28739,2.9462118,-11.562058,3.0452173,9.895496,2.966318,-4.0982075,3.1350105,1.6032308,2.8549206,2.9829352,3.14377,-4.134763,3.1550937,4.810426,2.9692044,1040.9248202521155,51.54235162208539,1314.7955807794594,31.501443455786557,0.00013093777,0.0001587829,2145.4264700551043,0.010168554,0.00086468033,0.04580893815255221,0.006126347129883385
-383.79666,3.9647534,168.66574,3.9641936,-31.60373,3.432969,44.660576,3.4074206,-33.674328,3.160225,37.340057,3.4141705,-22.526115,3.343704,26.972834,3.212965,-5.3834763,3.3222845,8.991565,3.2264392,-4.313673,3.2890432,-4.9465322,3.2825072,9.290884,3.2331958,1342.6917293136364,69.44677301975129,1701.8005006732292,55.14277311439368,0.00022683226,0.0003278452,2693.5738902080916,0.009235579,0.0011091905,0.06410645664153132,0.0074512762372079865
-365.17566,24.265205,181.70523,6.084687,-56.802612,11.786719,70.03098,4.275553,-33.78985,4.580228,31.492975,4.0076485,-18.698282,4.774325,14.465161,3.5146315,-8.4135895,3.5809429,3.747366,3.6666627,2.3281972,3.2892056,-3.288586,3.621753,6.113468,3.1222005,1331.3206952976548,124.08765875443837,1519.5067366298338,65.14788618059934,0.00030246426,0.0009903134,2876.431253172129,0.009441945,0.0019336308,0.06557696490719257,0.01609108490077438
-384.25012,4.1909456,174.09471,4.247074,-36.244415,3.5984757,47.406616,2.9387145,-37.9544,3.279755,42.4615,3.6189632,-25.106276,3.7051303,28.224152,3.3531015,-10.330944,3.1868382,6.1932864,3.4938464,-5.436922,3.1969647,0.6606427,2.953761,16.763767,3.0415783,1360.0856565563502,71.02479110075821,1717.171918286015,57.85894019104023,0.0002511374,0.0003737591,2715.8565087550755,0.008952618,0.0010745,0.06654899579466357,0.007773429185866351
-382.54105,5.472951,174.77809,3.8299758,-38.711536,3.7269292,45.647396,3.5438592,-37.7767,3.3431222,40.57017,3.2654521,-24.808508,3.651878,26.061708,3.3171296,-7.5123024,3.6015553,7.252882,3.461197,-3.9161546,3.446201,-1.2661889,3.99981,14.750629,3.922839,1346.7171727151824,63.82364604177897,1667.509089556589,52.654165629881696,0.00022601701,0.00023302692,2641.989128661543,0.009096816,0.0009930264,0.06824835049303944,0.007331870041957453
-378.46542,3.7592375,189.16606,4.100448,-45.070747,3.6970005,59.430984,3.349529,-21.626024,3.2163532,31.114151,3.2529397,-10.2967825,3.0644913,11.791466,3.2233613,-4.474458,2.8349714,2.644803,2.9693546,3.4201808,3.230719,-2.8655925,3.0621092,5.3807697,2.930144,1068.1252766477571,63.7051262277252,1366.95785998991,43.59113530246529,0.00015243991,0.00033218926,2242.850474912993,0.010413924,0.0010972128,0.04577495105858469,0.006621925507431451
-390.74377,3.8245153,155.94818,3.712327,-10.346292,3.6830602,63.980404,3.1208954,-39.808525,3.7525191,48.782528,3.6467924,-25.484474,3.4859483,20.664639,3.1597285,-7.273359,4.048651,2.0065813,3.5172362,1.6256331,3.1558356,-3.1367233,3.1969364,2.8778603,3.3050041,1469.3784173648264,104.18611097780884,1974.4602028531376,54.72375166277988,0.00024649655,0.00034934332,4094.705943662993,0.009506944,0.0012899591,0.05307991045533643,0.010315871293007971
-338.9172,5.6938086,141.64964,5.987877,-57.264927,3.4391053,82.02911,3.5356388,-39.503445,3.6700687,41.12168,3.8346186,-21.825453,3.6177583,23.482735,3.9060907,-14.743031,3.4023306,8.502941,3.1816828,1.60614,3.0421796,-4.947788,3.2582378,6.9978113,3.2552922,1990.9207617939983,129.5779045437321,1941.8732954935142,67.7793194940976,0.0006172241,0.0005090009,4259.752200097882,0.009055923,0.00094720966,0.11403576348607888,0.014648302830230591
-377.68552,3.9622972,165.53502,3.7582912,-31.88449,3.7240622,50.648945,3.5760624,-38.38341,3.3955972,35.15915,3.0281403,-17.426748,2.9203296,27.160927,3.269309,-7.5621705,3.1802037,7.435137,3.3888364,-4.2752857,3.1058135,-9.362255,3.5262465,7.688335,2.890642,1395.3812885449427,68.20227609303184,1729.0558152576743,48.502152536213984,0.00028927214,0.0007217635,3031.760089635296,0.009204983,0.0011035192,0.06580921004930394,0.007498412571631368
-386.79626,4.163209,172.17336,3.8271623,-33.758312,3.5083935,47.86156,3.4131646,-38.888786,3.2683775,40.07989,3.158476,-24.517443,3.1514027,25.389578,3.1847734,-10.051191,3.058407,4.5160446,3.1586993,-4.019293,3.138339,2.390503,2.8570626,16.89122,3.02643,1356.621837062444,63.35749204560013,1707.394357357752,50.78334914579465,0.00025705737,0.0005077377,2751.5286828415024,0.008841313,0.0009954466,0.0660097339037123,0.006664075392827806
-372.48376,4.3508773,170.71266,4.1121755,-38.36121,3.7538972,48.566116,3.8760026,-40.57793,3.4839256,42.360138,3.2273226,-24.61812,3.305657,28.047056,3.661879,-8.70016,3.3508637,7.1581035,3.5946662,-4.42897,3.0059109,-0.29081446,3.224475,15.053868,3.1138678,1434.2313829407726,69.94120257695752,1763.1500910303287,50.630961180963865,0.00029349065,0.00049155415,3023.0668707402842,0.009233809,0.0008657666,0.06869698013341068,0.008126039584422626
-384.99405,3.8350787,199.46431,4.5470695,-44.42419,4.0841866,52.09144,3.6358128,-20.593086,3.284487,25.308825,3.0131426,-8.018245,3.103114,8.050533,2.95558,-2.9963877,2.953867,0.8556775,2.8418753,2.795302,2.9067132,-4.23755,2.9233642,3.9654343,2.9340124,985.8331698655547,53.64651989808847,1240.5661646126005,56.62743404135925,0.00014255548,0.00067299913,1943.9086630836716,0.010122053,0.0009214871,0.04532178980568446,0.005726251681537962
-417.2795,4.3289843,194.25647,5.135783,-27.043814,4.36414,53.1503,3.515933,-11.025483,3.272194,23.10265,3.2579231,-4.32093,3.0818415,7.152378,2.917609,-0.06033002,2.760961,3.1393566,3.2100778,5.175083,3.4581988,-1.6069586,3.2968135,5.6209855,3.241838,814.5227072854811,75.09793175882538,1196.2633859109478,62.0154765279162,7.767192e-05,0.00019305764,1628.6795560832365,0.010347767,0.0018818548,0.02953138594837587,0.006690742706165957
-427.04587,9.589271,189.25967,9.838953,-12.051331,2.9154031,45.31094,5.1005177,-10.352137,5.6729293,24.916067,4.643286,-1.0462111,4.978208,10.11776,4.1964593,-0.88354576,3.132795,5.3263927,3.1928816,3.694612,3.1830144,-0.8086143,3.1289349,5.9977345,3.6383514,784.2794023610596,135.64194020308562,1218.5105916712268,163.39860784900782,6.178158e-05,5.7235546e-05,1490.7621379241589,0.010209584,0.0016025939,0.026233504930394433,0.007209297779635032
-376.58743,4.9014506,172.6001,5.1300273,-41.086597,3.7499142,60.033344,3.5979655,-26.97667,3.7278266,44.6339,3.3617942,-12.477528,3.5016537,21.246038,3.1580815,-11.579043,2.986768,4.056167,3.103922,1.3704503,3.109633,0.80317307,3.1080668,10.380873,3.008259,1259.617351299781,92.42042433650246,1626.4746301104108,69.77395738747173,0.00024619588,0.0007124396,2760.7464925319027,0.009899898,0.0010018168,0.04844860245069606,0.00841592584521375
-409.727,4.7479753,184.29585,4.3234973,-27.98563,3.4127178,59.376873,2.9143863,-16.564825,3.2945035,33.20852,3.3878531,-6.975926,3.9052627,17.720556,3.2446582,-2.5854974,3.153942,9.306456,2.8983378,3.5202742,2.673869,-5.0474186,3.1278915,3.1629534,2.9669914,931.048770802327,82.13847814562487,1375.062329372192,85.36001533624179,9.626643e-05,0.00013702289,1924.5737451964908,0.010254833,0.0010397773,0.03398596106438515,0.009633976697465086
-363.64038,4.882317,148.97064,4.29301,-32.956528,3.7209208,66.720276,3.6807535,-38.52253,3.3708396,26.620716,3.1230717,-17.888205,2.8847265,25.776026,3.6673443,-15.644176,3.3903685,10.55059,3.5623887,13.133,3.209075,-5.6195827,3.206306,5.3612113,3.1426697,1640.8026033132267,102.24877751352221,1867.9532568263514,46.20876916022146,0.00032268884,0.00020699918,3627.6452721686487,0.009656525,0.0015388004,0.07213873984918794,0.00922639899908306
-382.3456,3.3729544,169.29611,3.7740145,-31.94361,3.5271652,46.395103,3.5568347,-39.35468,3.3285012,39.146343,3.44923,-25.645988,3.2760465,27.411398,3.1391618,-4.675312,3.270602,10.140763,3.256468,-4.231481,3.3354857,-2.7594857,3.4127192,12.510826,3.28924,1389.7736900143861,65.76606090823266,1752.0356352718686,56.1999900674001,0.00027726832,0.0007347603,2884.400037159223,0.009053796,0.00096407003,0.06782577762470998,0.007274021040616004
-333.87128,10.3365345,166.6397,4.2403197,-84.729515,6.3713384,70.190605,3.5317292,-44.02486,4.4295783,37.176334,3.9153466,-33.605404,3.5324805,17.802305,3.416573,-13.243353,3.1700172,11.671422,3.1632013,-0.44077447,3.2374477,-4.340985,3.1904552,11.421365,2.9162776,1818.719720014029,86.09515024261871,1659.093223785839,45.850184425137634,0.00066166895,0.00076185405,3549.406302113544,0.0086319195,0.00077454967,0.11754549738979118,0.01272221909756446
-372.3182,3.3659744,188.68442,4.088033,-46.375477,3.4447322,62.57549,3.55137,-27.217627,3.0953557,30.567684,3.2523668,-15.973295,2.9953377,11.327836,3.060806,-6.886924,2.8239372,3.1012142,3.1028457,3.7386303,3.1054723,-3.5892103,2.873447,5.0710692,2.9303901,1125.8245002117364,58.79811440934645,1411.0014938175098,38.49944757038814,0.00019217897,0.0004692366,2388.6117744888343,0.0101613775,0.00083217345,0.050076584251740136,0.006238807751632607
-390.59467,3.3387668,182.81227,3.6257963,-37.953674,3.5084243,51.83904,3.484754,-24.513712,3.351265,37.88143,3.3303084,-4.0900407,3.3704538,16.788073,3.4352221,-7.592728,2.9144557,2.160226,2.9203541,1.1644478,2.9769883,2.1836295,2.7501152,9.222462,3.1975808,1083.1237711311057,64.23023635755459,1432.2296524669957,48.047827713455185,0.00016284922,0.00042364633,2207.353164425029,0.00951326,0.001068516,0.044390543430974476,0.007647356286393214
-387.09665,4.0997076,169.13649,3.5802574,-32.549377,2.9735923,39.922737,3.2620888,-37.449596,3.356216,37.802227,3.460965,-21.906708,3.2145574,23.95134,3.6995192,-11.031451,3.1875207,3.9719234,3.1441224,1.7957984,3.2386658,9.163006,2.9802523,17.455328,3.1728516,1362.9983769836435,64.45087562534434,1683.140656112402,51.770994336572976,0.00019504545,0.000120665376,2642.8384661397913,0.009252015,0.0010707875,0.06963049231438515,0.00727945142285401
-387.952,6.567583,167.67778,5.4520297,-31.154083,4.369011,57.731003,4.0367503,-19.447388,4.078461,38.770226,3.9009557,-12.865855,3.6584473,20.708063,3.7325227,-7.315071,3.520531,5.7284713,3.365737,0.6558731,3.3777432,-4.40804,3.6250112,6.297369,3.2493105,1192.916924664849,93.9981458077434,1614.86424976258,78.14284404158973,0.00018182062,0.00034973313,2608.0655905597446,0.0100157,0.001398753,0.0417055630075406,0.007732592962619469
-372.8625,3.6341965,183.44398,3.657496,-45.681915,3.2082798,60.769127,3.0153399,-22.5757,3.32114,32.616493,3.0115328,-11.692134,2.806161,12.034628,2.9212883,-5.045825,3.3194706,2.4340627,3.0018609,2.8644793,2.9355772,-4.5771837,2.8599594,3.920839,3.175121,1143.785140457728,56.288939876975064,1430.5795217170073,35.44518668176629,0.00017009057,0.00019169459,2448.0404174521464,0.010107617,0.0008350759,0.049075097882830626,0.0066701305340333035
-378.0704,3.5827913,184.4651,3.9856584,-43.20904,3.9545097,59.952614,3.4185746,-22.096174,3.4925363,31.305372,3.3766017,-10.2796545,2.9385536,11.803218,2.987693,-4.7349167,3.0737576,3.1909673,2.8988118,3.4418519,2.8562891,-3.8247201,2.9389079,4.836712,3.1010609,1105.0400823442872,62.94648092276638,1411.25353669702,43.1751285826619,0.00017757156,0.00044018327,2361.258111586427,0.010073396,0.0009875589,0.04609896135440835,0.007172396219890325
-381.90448,3.4485004,187.25041,4.007933,-41.92163,4.091956,57.652473,3.3415456,-19.337337,3.124622,29.94476,2.9994051,-8.339691,2.833514,8.80212,2.8549714,-5.202299,2.8243594,1.5150558,2.9680364,3.9482398,2.9841,-2.7457092,2.765681,4.967417,3.0939221,1057.5054730009074,58.09143140140763,1358.06202970396,46.583767576071395,0.00014720488,0.00031431424,2210.2509040566997,0.010119496,0.0010182518,0.0441469692575406,0.006295655954437191
-354.05917,16.066345,176.11182,8.558168,-55.960938,6.560156,67.93745,5.393092,-36.316605,5.9775643,38.656433,5.0003004,-21.933626,4.272721,15.755666,4.073491,-11.4728,3.7292798,5.905363,3.3479922,1.3032881,2.9984007,-4.3770156,3.1371884,6.8799186,2.9768512,1428.6450966948928,181.78175982906833,1623.2102087092896,117.75947774915365,0.00037915065,0.0010158941,3115.6196753552786,0.009589589,0.00088796334,0.0701153748549884,0.014459071404522067
-375.52145,3.8388762,161.94127,3.2123969,-30.875048,3.14703,50.98284,3.5430613,-36.735386,3.2631543,31.42323,3.384724,-23.300133,3.1144168,25.034939,3.2075202,-5.768721,3.4344866,8.104969,2.9593983,2.1281335,2.9257123,-8.881587,3.1186182,-1.9642881,3.277491,1431.56844050402,65.0003593676384,1744.380332312414,51.85021493779592,0.00024049773,0.0001744425,3058.439278657918,0.00951859,0.0013076855,0.06783937246229699,0.007081657410159448
-380.42456,3.3757727,187.64914,4.327676,-46.313,3.9682727,61.194057,3.3437023,-21.581451,3.7137995,31.545492,2.865039,-10.47276,3.094849,11.553391,2.923981,-4.471879,3.135031,2.3075597,2.965152,2.8091574,3.006192,-3.7090366,2.8047783,5.285802,2.9962137,1087.8628775798684,60.324047662806045,1383.6275919121183,45.582846737337896,0.00015808313,0.00032757636,2315.2689851906903,0.0101350285,0.00091609306,0.0466733432424594,0.006909683660452464
-370.53748,3.4293482,184.77563,3.5057921,-46.313217,3.254764,61.03785,3.2145903,-24.247953,3.1373885,32.266167,3.0046148,-12.488587,3.06295,11.557368,2.7251022,-6.318878,2.8844318,2.6635017,3.183804,3.1212776,3.1951857,-4.0746603,3.1545713,4.3933477,2.9685316,1147.444896168285,57.7642834196683,1427.6204343246968,34.71395692941303,0.0001785103,0.0002721366,2453.336286434165,0.010220975,0.0008516726,0.05014682424593968,0.006618455974422922
-362.85507,14.336657,180.56892,6.74145,-58.77768,5.8919435,71.09121,5.458473,-24.738943,4.6969028,26.080112,5.030637,-15.842851,3.6879313,17.076185,3.8391223,-10.474718,4.4822383,6.6368036,4.1847405,4.822578,3.4217901,-4.340117,3.3642766,5.673177,3.2837517,1315.6731383127994,105.23597734819514,1484.1708305194777,69.60301883287538,0.00023415765,0.00019980893,2833.989359773782,0.009890355,0.0016374616,0.06548519975348027,0.01180958320223674
-393.29437,4.0675964,184.97821,4.0962663,-38.02953,3.5117102,53.9557,3.1578841,-24.223074,3.113884,40.050537,3.406857,-3.8248885,3.4749475,17.439283,3.243764,-7.909056,3.253448,2.0411417,3.062402,1.64194,3.2045608,2.6679564,3.4008217,9.474913,2.982479,1050.8957615253275,64.96355628042495,1418.923406945582,57.40870864823877,0.00014737877,0.0003217466,2137.1329393851506,0.009842083,0.001006757,0.0427784222737819,0.0076292460997817
-373.84497,3.5615957,186.15913,4.4829497,-46.778168,4.5194864,62.779724,3.7310827,-24.99908,3.556483,32.005703,3.049688,-12.86491,2.8809311,11.543336,3.119715,-6.9700437,2.9976325,2.6223037,3.1428673,2.6369946,3.1757786,-4.0938635,3.0211344,5.555564,3.1247203,1135.1563226404658,58.372111203068826,1421.4658079283865,50.57990543185556,0.00019643882,0.000589704,2432.852264899942,0.010211827,0.0008844479,0.04914647078016241,0.00658709767270363
-396.80115,3.8660703,175.5024,3.5747445,-36.872765,3.0374837,47.99865,2.942515,-38.141422,3.2862315,45.3217,3.3795447,-22.446947,3.6030657,26.811821,3.2284393,-12.002474,3.1332452,3.793119,2.9519165,-0.87146574,3.2407734,6.497999,3.4312584,17.467426,3.2833307,1328.1630139841857,62.803224235510314,1688.5947181763522,48.066281446857,0.0002278462,0.00014391533,2641.8642260912125,0.008110389,0.00083347195,0.062428627102668215,0.008448437776990262
-378.0008,3.4369354,180.33913,3.4174564,-45.994305,3.3776207,53.27513,2.7898605,-27.354181,2.9624228,41.59003,3.1065805,-5.7949653,3.2265148,16.70583,3.149264,-10.640078,3.2579982,0.93977815,3.1475985,0.3859217,3.1798825,3.4289296,3.0484462,10.745588,2.972856,1190.7686644247638,58.636704342677696,1480.928226123161,38.160008020243865,0.00019753301,0.0003108719,2448.78983287413,0.0095796455,0.0008505504,0.05524035672853828,0.00768303616017906
-333.4227,13.569252,165.93512,6.1568255,-77.69952,5.960973,62.17325,4.660323,-45.268883,3.8883526,36.76929,4.3432636,-29.50046,4.181711,18.059633,3.7146862,-12.576301,3.5985684,5.9747214,3.3295798,1.5662283,3.536788,-1.7712793,3.4199646,8.490443,3.367285,1765.9695024000912,90.05065994592304,1670.704534188082,58.295465813216374,0.00062465144,0.0010503236,3542.961329484484,0.008858515,0.0013040047,0.10790675754060325,0.01066707551157062
-374.7284,3.308678,185.67336,3.92643,-46.407963,3.635989,61.45412,3.5100286,-23.721605,3.2423375,33.577587,3.0902357,-11.829102,3.2387147,11.804294,2.941221,-5.889869,2.777832,2.6893337,2.7581258,3.427122,2.9121616,-3.9047308,2.9668126,4.5760202,3.069649,1124.0644838290286,59.91070854064493,1419.9177651457635,40.13411447842761,0.0001698657,0.0002972407,2400.902187409368,0.010165475,0.00087278924,0.04738593931264501,0.007101738988510818
-387.1548,3.9754472,171.7053,3.3272214,-29.54525,3.2645617,45.167843,3.0957599,-36.641018,2.9746413,32.319546,3.1712468,-22.957674,3.1436868,20.772547,3.0154808,-6.4796586,3.0034885,8.10225,2.8762023,-2.4258394,2.9922776,-5.9388885,3.1232383,4.653573,3.0153823,1284.181485325963,60.3996192378913,1629.8140158037106,47.7750048535987,0.00018472451,0.00015454141,2557.604952146172,0.009354649,0.0009999886,0.06092639754930394,0.006976058364684519
-369.75745,4.3593373,153.1899,4.0205364,-30.247494,3.3903897,62.082287,4.0966825,-39.353474,3.2033892,33.19745,3.2405858,-29.413534,2.9277577,26.128904,3.233456,-3.3691268,3.2442048,5.025693,3.2891676,1.4413254,3.0610297,-2.266308,3.0615902,-3.8248656,3.1487799,1600.8134106217528,84.20172617058242,1895.9943619596477,53.58129490683206,0.0003284093,0.0010219058,3871.779836136891,0.009895848,0.0011362144,0.06972225746809745,0.007303275660863294
-378.02554,4.4787493,175.97937,3.9300568,-42.50913,3.606247,49.375786,3.3767292,-43.049046,3.348762,41.946995,3.363683,-26.213144,3.0998495,27.346025,3.2783165,-12.799254,2.9566388,5.746141,3.3022163,2.6048088,3.236356,8.933156,2.9334314,15.290089,3.2240632,1396.0985204603328,64.59629774495438,1699.0024979442048,48.786442342671464,0.00025701226,0.00031361272,2797.967458490429,0.009159227,0.0008093201,0.07080644576566125,0.007552013006571813
-435.4119,18.454924,183.68068,8.076883,-17.123283,6.2018495,40.58203,4.324728,-7.15623,5.437672,24.355505,4.0307946,1.1158274,4.0662193,8.466535,4.511185,0.40941867,4.3471823,3.6919262,4.12275,2.390177,5.585554,-1.981172,4.2896137,6.7005033,4.536444,842.5423968197047,101.8145728982154,1230.3945564170679,94.16435882528724,7.973463e-05,0.00014050904,1601.8504839762181,0.009287442,0.003432591,0.031984121229698376,0.01374466738498967
-368.07944,8.227561,169.226,5.8668885,-31.16509,4.3649907,70.35702,4.8560243,-34.511185,4.7087874,35.722473,4.429634,-18.843134,4.5135055,16.913733,3.7967777,-9.41575,3.5683653,6.2726216,3.7400389,-1.7546477,3.404133,-5.1788063,3.685763,10.165992,3.5341678,1307.3769534985577,111.05128351737281,1701.0268919468056,94.91936526504921,0.00022222864,0.00026308701,3129.5837827182427,0.010397703,0.0013610369,0.05324644721577726,0.009911082085517392
-404.1835,8.475738,188.87859,4.02702,-33.06012,4.548609,49.99303,3.3562975,-20.107723,3.6623178,31.756496,3.8822932,-4.13208,4.2230997,15.125544,3.7310987,-4.828121,3.3633049,1.755433,3.08839,0.64257133,3.2236333,-1.4875981,3.451325,6.0746617,3.2862313,963.9605135829618,74.20798656222884,1319.5316340313623,47.43871519864896,0.000102388716,9.1825685e-05,1888.2520777443447,0.009782116,0.0014217439,0.03705952726218097,0.006812085018416516
-346.44797,20.257961,169.1782,9.299478,-58.511772,7.591675,67.56783,6.014174,-40.52462,7.0176697,37.59573,5.60098,-21.537422,4.294186,17.030525,3.605354,-7.4949956,3.437985,7.3250184,3.5195181,1.3668207,3.2776372,-1.6703557,3.3986192,5.704737,3.9162111,1564.6856251685238,207.502989718493,1680.6303530905298,118.68507856766122,0.00039410198,0.00017350136,3414.436584614269,0.009417451,0.0010188178,0.08217739450406032,0.01864937705453925
-379.75327,3.6458411,167.17662,3.7251427,-27.791912,3.7184658,47.015472,3.818663,-39.235844,3.3768265,38.09065,3.2037857,-22.96968,3.39517,25.909336,2.908414,-5.153728,3.5469503,9.805252,3.3023443,-3.3133397,2.945467,-6.890624,3.2733405,3.9803722,3.1454954,1377.682431224325,70.17015801703249,1752.4802857352795,55.008585562984905,0.00025442833,0.0006197095,2923.0199119054523,0.009554216,0.0011348746,0.06559509135730858,0.008095231450594802
-380.2327,3.7680123,173.03003,3.686047,-35.48195,3.2718775,45.306103,3.284938,-36.09205,3.3481178,39.038635,3.4263659,-23.316275,3.2413726,23.636892,3.1660366,-11.555163,2.8801653,3.2577488,3.2675717,0.84253806,3.3811915,7.5212574,3.2788887,15.969686,3.561972,1342.8612240323018,61.94844334575304,1664.7824948362638,48.54656606889915,0.00024096125,0.00034867466,2623.0039379712875,0.009073064,0.0008543703,0.06858708852958237,0.007829731648094865
-382.33533,4.342329,169.11716,3.9021258,-35.39382,3.4801438,48.074383,3.5470607,-38.897545,3.4641209,41.97393,3.2317584,-23.76614,3.5501003,26.276836,3.1978269,-8.651873,3.4739735,5.6460752,2.956204,-3.6315055,3.1779919,1.3507123,3.2477326,16.71699,3.3413343,1402.7709757885852,71.95864445493905,1744.799410094457,48.072974586726716,0.0002732713,0.0006039823,2940.1565445548144,0.009024149,0.0010265055,0.06799231438515081,0.008472911709893017
-379.5268,4.5643907,193.46767,3.7551749,-48.652145,4.531788,57.43477,3.5484607,-21.127098,3.758095,28.016937,3.2998712,-10.712902,3.2051578,9.057514,3.020863,-4.731641,3.1888518,1.5795938,2.9251993,4.332516,3.0811505,-3.187526,3.1877239,5.4762497,3.133298,1065.6652103419858,61.14376219305429,1315.6441961694397,36.88410647977818,0.00013587844,0.00016127845,2191.790304161833,0.010101573,0.0008678296,0.04798524506960557,0.006980936415048952
-383.62204,3.648525,182.68816,4.7284536,-46.227066,4.3280854,54.571465,3.6330566,-27.159359,3.6263585,43.304825,3.5283263,-5.7764015,3.4121537,16.540453,3.464738,-10.976431,3.113756,0.87220204,3.0603373,0.73635614,3.13629,3.7317126,3.036872,9.662043,2.9887092,1163.38489849819,62.532606863304984,1460.6303798929212,55.27471765206888,0.00020732557,0.00066218915,2363.131650141386,0.009581911,0.0008444097,0.05473734773781903,0.007745281320178494
-411.1889,6.945967,186.0047,5.71608,-25.30415,4.111504,60.830624,3.993717,-17.813492,3.6917653,35.426098,4.3264117,-9.71813,3.7898507,18.304276,3.5658119,-3.9187732,3.1430395,5.113628,2.9098175,0.06855125,3.0419245,-8.537519,3.1049292,4.034914,3.0054543,920.364942428889,91.45511109935357,1373.04069036233,97.46521643373931,9.758504e-05,0.00019234809,1861.4729666654582,0.010311032,0.000895599,0.033962170098607886,0.006107081808620824
-379.44412,3.9009616,166.72755,4.1482105,-28.890614,3.637319,47.672276,3.7321756,-37.00978,3.2776208,38.91705,3.751696,-22.464323,3.392712,24.965002,3.225757,-4.9675055,3.4226754,12.805365,3.4535964,-0.1094722,3.1134834,-5.3499355,3.425639,3.1601658,3.1128216,1371.9495979514677,77.38514287360931,1757.2605264930367,59.16091761352622,0.0002392195,0.00041362233,2943.1791867568154,0.0096623,0.0013162346,0.06372806699535963,0.007177690521964437
-428.88528,6.1432734,193.04001,5.032805,-14.433286,4.038846,47.661636,3.7851872,-11.669635,3.9147012,25.105465,4.097743,-2.7346187,3.8204005,11.887381,3.5598392,-1.1959428,3.5194006,5.376136,3.2633502,2.5398808,3.1353128,-1.1522017,3.4146008,7.251777,3.5835218,765.4975873729187,68.39724016290505,1196.9321023034781,83.79490937195597,7.0687485e-05,0.00023134607,1399.058670787413,0.01015482,0.0015812236,0.026691197795823667,0.006033988426321324
-423.47498,4.8645153,194.20775,4.6459837,-20.476425,3.0121202,58.088177,3.306192,-14.759942,3.5829852,31.136,3.52359,-7.13179,3.9077919,11.759283,3.4510028,-5.9356704,3.29097,3.4047856,2.9396183,-2.639659,2.7803905,-5.097462,3.032794,6.188106,3.3517098,812.6546490338197,74.94790509510517,1249.9217783783351,95.50302081644496,6.7607776e-05,7.3207455e-05,1540.223555775087,0.010160368,0.0008181233,0.030635966502320186,0.009341915519056032
-376.5166,5.0581656,174.78383,4.5433373,-40.87386,3.4456623,58.27296,3.5939796,-27.516985,3.309943,44.999687,3.507175,-11.381129,3.3424852,21.500164,3.1640415,-12.311986,3.3842103,2.4794903,3.1636345,-0.29358444,3.1224184,0.51125133,2.9078057,9.949268,2.8826244,1239.7215316948586,82.48129310661533,1599.8277132466442,66.01446925798021,0.00021289907,0.00022565777,2662.5980527660963,0.0097726425,0.00089479465,0.051741951856148494,0.007569521251334711
-396.0343,4.387686,173.01569,4.7057543,-33.792454,3.6965904,43.158318,4.2064824,-38.76386,3.6485476,38.319927,3.9878368,-23.486738,3.8994331,25.76692,3.3384738,-10.260345,3.2255075,4.9166136,3.1451287,1.1693981,3.200979,8.062677,2.9862738,18.36107,2.9467015,1325.9127493208264,64.19038649839976,1661.5580206713094,57.65938258504713,0.0002292043,0.0007705105,2545.68924693663,0.008884919,0.0008878968,0.06673479190835267,0.0071771980520989685
-384.58664,3.51251,189.27718,3.6759324,-41.21981,3.5928433,57.988644,3.2113523,-18.845688,3.4775033,30.088503,3.1136043,-7.5881367,2.8857145,10.988196,3.0781233,-2.78971,2.8784535,2.8925345,2.9548702,4.0497165,2.7562475,-2.336186,2.7911823,5.1142645,2.9278178,1018.2702152268417,55.02038542196413,1338.9816121458073,38.8031643269248,0.00012653237,0.00027435384,2128.5146620323376,0.0104610855,0.0008759241,0.041082466284802784,0.006163274801005623
-383.70068,3.898159,171.05707,3.6276047,-32.302773,3.3648477,47.44592,3.5740201,-37.617092,3.3274543,39.121605,3.1235702,-23.272411,3.3436756,24.344122,3.2649765,-6.794577,3.0404546,7.6215935,3.0885713,-5.558463,3.1337597,-6.227003,2.9349792,7.456203,2.8392477,1330.8759921109295,63.07737001977325,1684.7164770857908,46.6268252547156,0.0002261116,0.00037459127,2694.772954883266,0.009377656,0.0009335263,0.06370994054524362,0.007054709972159865
-383.2891,3.4177403,181.36642,3.8361337,-41.963634,3.5891914,51.94379,3.4136448,-25.237125,3.4431503,40.814323,3.5386934,-4.2195277,3.0111368,16.683838,3.3110213,-9.39633,3.3599818,1.3407421,3.0696504,1.2635416,2.9283276,3.2015536,2.887166,9.705351,2.983033,1135.2899348079143,59.51698696743097,1451.0546759352442,46.75639442530015,0.00018935309,0.0005789565,2299.3314172165024,0.009727009,0.00085855165,0.05241376341357309,0.0070486554437698915
-414.31964,8.847947,182.31764,7.8254137,-23.527199,3.967641,61.471096,4.305308,-15.193228,4.7419386,35.268738,4.6779585,-12.00999,4.5878744,17.71877,3.8624218,-4.1604977,3.2477257,6.5917053,3.157345,0.9016593,3.0325398,-5.1810327,3.322605,6.4194856,3.3046339,934.6793669031491,124.39341020096846,1412.8007212074674,144.18936328074352,0.000101729776,0.00017086221,1951.4277978175753,0.010058947,0.0009319567,0.03274996374709977,0.007322019466215096
-381.89703,3.8051682,174.97049,4.0221586,-34.039944,3.7189958,43.48656,3.9104278,-36.77868,3.8585346,37.66066,3.4944818,-24.342182,3.371811,22.76632,3.1184094,-12.464659,2.8778892,3.7408094,3.203794,0.96454275,2.956233,8.909579,2.9825084,15.59385,3.126981,1312.0509734670536,59.328026108523666,1642.0618347400266,51.31281061011584,0.0002493916,0.00073405006,2495.3285305793215,0.00925944,0.0008986521,0.06698516350058005,0.008150753605680102
-389.13037,3.82437,181.87247,4.012535,-36.25704,3.458377,53.629017,3.6823177,-22.82682,3.4023435,38.805355,3.3126075,-5.660247,3.8544686,15.262045,3.1279974,-8.433423,3.0186932,1.5310544,2.8429446,1.7756447,2.869676,1.7118983,3.2349446,9.344964,3.075416,1075.9714300928263,67.8552680599146,1442.2688707053192,52.80269402361045,0.00015670653,0.0002594057,2205.954255637326,0.009761098,0.0011342579,0.04316021062935035,0.007366757825046458
-364.4001,4.32732,162.17525,3.83422,-39.78695,3.76143,48.86567,3.8784127,-41.0912,3.5123994,37.32679,3.7835398,-23.044357,3.2943046,30.34983,3.4365149,-0.54006463,3.4974005,2.9725566,3.151208,-7.822251,3.3028045,2.6972132,3.052643,7.520349,3.2181878,1552.199508494762,74.46451244820807,1808.852247117763,47.20481629462589,0.0003344809,0.00044972825,3503.8918054850637,0.009059643,0.00089669245,0.07623645047853829,0.008424756733037412
-344.26178,3.4673707,158.62555,3.4461658,-51.253407,3.207523,68.463295,3.0635338,-37.80193,3.0118663,42.669937,3.0105598,-25.008873,2.8448846,24.637308,2.8497276,-13.538988,2.9418917,8.251173,3.0880685,-0.5365358,2.9632463,-3.1931458,2.9336004,8.398797,2.9781933,1685.1096309031507,73.80209705869743,1872.0814300530878,36.73839604362693,0.00048888166,0.00043143335,3780.9506869924594,0.009340341,0.00076666765,0.07877075478538283,0.009883309142787318
-381.2847,4.1566544,174.0792,4.578903,-41.75685,3.9905233,49.928852,3.814343,-38.94979,4.38756,44.882145,3.4659545,-20.939035,3.5614572,26.817034,3.3853881,-12.213289,3.089677,2.4463542,3.1997924,-1.8546805,2.986199,2.8462317,3.378447,13.872763,3.2294617,1384.5050645040528,75.03540221159062,1694.969718294741,53.410319460177384,0.000285925,0.00048846705,2839.4850728683296,0.0085853785,0.0008745845,0.06886238399071926,0.008528814869877685
-384.85095,3.580122,193.84128,3.541827,-43.21166,3.0397742,56.344612,2.9741154,-19.127325,3.2708738,26.799757,3.0036829,-9.115101,2.8565412,7.7127585,2.99161,-5.1858234,2.7753825,0.8505957,2.735138,3.2591248,2.8275287,-3.6988297,2.9854684,4.0770707,2.7890677,1011.6660028407175,56.14215561705888,1289.177145418051,35.59121256911141,0.00012084819,0.00020796461,2063.815130601073,0.010192455,0.0008952204,0.044596731801044086,0.005878597564893068
-384.4357,3.4668584,181.69896,3.7155616,-43.265762,3.4294515,52.862118,3.5080652,-26.001318,3.21318,41.358173,3.2388859,-4.7344785,3.0664146,17.349432,3.2093537,-9.46834,2.9538243,1.6725805,3.269328,1.4092157,2.9973717,3.6040199,3.0408413,9.684112,2.9825804,1143.9994110983641,61.666072624314516,1455.6669732772566,46.600553522617744,0.00017861379,0.00040005348,2322.763139410528,0.009598913,0.0007658428,0.0533189530162413,0.007836686743034327
-385.69278,3.4125235,198.01794,3.8283048,-44.786995,3.3784866,56.76045,3.3702283,-22.09558,3.0439665,27.251379,3.2695382,-9.456852,2.9202278,10.420323,2.8842552,-3.0386243,3.0992029,2.1407905,3.0173018,2.4115362,2.8860288,-4.645818,3.1279564,4.7721004,3.1279435,992.7288123039554,49.312925326559,1272.935368801412,38.05004579408686,0.00012355964,0.00028939082,2004.1117019830338,0.0103175,0.0008320841,0.04369154219837587,0.005518840834982827
-340.0058,13.373829,156.43507,6.884008,-63.704258,7.091763,82.08659,7.0898237,-42.84178,4.4333105,37.304012,4.1613255,-25.557224,3.849015,20.248264,3.4669719,-15.371901,3.5222988,7.9028296,3.7169647,0.15388924,3.6373813,-4.9943895,3.3165705,11.548683,3.4216728,1853.289399442423,176.61410723871546,1810.4199082755647,61.921041557764234,0.0006055698,0.0006137487,3828.363702689965,0.008905708,0.00091381464,0.10890597810324826,0.021532114116372764
-366.90723,3.9972463,150.29756,3.8324351,-33.393135,3.366026,55.942886,3.6037989,-39.097675,3.6409135,31.877254,3.1449828,-24.822578,3.3021386,26.974823,3.305499,-2.254069,3.3167884,-0.9477218,3.0925877,-4.538753,3.2454045,-0.2410937,3.2052262,6.6341844,3.1046984,1658.4896503992475,81.1947272294708,1881.3907849027376,49.09166665344853,0.00040542256,0.00132721,3933.7065305068154,0.0089699505,0.0012994232,0.07940518053944315,0.008699273024780447
-376.5631,3.5428843,158.29938,3.784391,-28.03878,3.7213998,55.049534,3.312874,-35.064724,3.3385532,38.8538,3.4557815,-21.825348,3.3697515,20.632092,3.5216327,-8.104922,3.325992,15.471947,3.4400017,3.1308668,3.3933268,-1.3126917,3.2974534,3.0467412,3.082842,1450.7808731985635,72.51390419749168,1835.4842766261554,51.82701836201578,0.00026501386,0.00064271805,3414.1368184454755,0.0100341,0.0013166002,0.06069415240719257,0.0066024056907185505
-383.8705,4.459704,172.53416,3.9662776,-40.07456,3.78057,50.303074,3.9716296,-42.37697,3.6581323,44.49952,3.2607436,-25.105,3.3626904,29.715206,3.5595744,-10.997149,3.2857454,6.534234,3.0045264,-4.7135077,3.2143223,0.20885909,3.1543694,15.129135,3.073119,1442.5710823310615,67.73006327324242,1774.3215253581704,51.975638307787236,0.00031404872,0.0004969912,3050.720299811485,0.008322087,0.00081346143,0.07004060324825986,0.0070400637063052765
-412.14328,5.4573135,187.03299,4.9221954,-23.845446,3.8248723,57.31763,3.801316,-13.692185,3.9922087,32.321205,3.5432458,-9.944657,3.606211,8.763301,3.2717519,-4.8075514,3.0123773,10.042822,2.8220847,3.9988654,2.9046397,-1.298116,2.8564434,6.7007713,3.150049,892.4172724380629,87.69744638826053,1331.290323539092,103.07817022156749,0.000100491285,0.00026212938,1776.863965523492,0.010010061,0.0010122845,0.03450143198955916,0.011594960543162312
-429.3468,10.830465,189.1006,7.1574764,-21.092363,5.921782,47.498722,4.324325,-8.850468,5.6373525,28.179197,4.5525584,-1.9901438,5.5794497,12.6144285,4.3261833,0.3291573,3.7022858,6.3520565,3.4908252,4.526718,4.114046,-0.99503815,4.509986,5.3497963,4.003263,818.1501457738611,117.61715787548667,1230.9452392322223,106.91850554940477,7.681437e-05,0.00020041318,1590.7091747027262,0.009991353,0.0025907215,0.029488335629350347,0.008150671565293305
-427.41205,5.4546776,184.72466,4.6799326,-17.464998,3.5699308,51.475094,3.422132,-11.301876,3.515083,26.785555,3.7838655,-4.3368254,3.422716,13.415119,3.706843,-1.3648725,3.3032205,5.6706786,2.9830043,3.9267063,3.2126586,-1.0670055,3.191861,6.9669857,3.2068458,827.0703762877977,78.42441269892511,1286.0421356357785,78.1089823128372,6.503149e-05,4.5505953e-05,1621.585090088457,0.010256212,0.0016508759,0.02462704828886311,0.00720501115102826
-396.61664,3.757454,182.71584,3.756981,-33.299957,3.3475811,49.85726,3.086302,-20.10019,3.3439057,37.49903,3.44579,-1.2111701,3.6884115,14.769214,3.3984506,-7.947515,3.1543767,0.4308888,3.0667882,2.2392833,3.1725624,3.6666121,3.0868142,10.89631,3.4900036,1017.1633212233427,67.36174852496288,1388.9547109707594,53.305538233982915,0.00012553428,0.00018684957,2018.3006339725928,0.009922223,0.00129799,0.042210837804524365,0.00722879487020456
-387.68286,3.431168,163.10742,3.532307,-14.653402,3.1910818,46.28123,3.17845,-35.69594,3.198474,31.194122,3.2966142,-25.714256,3.4136722,17.545895,3.1655836,-8.816328,3.1438358,11.749893,3.1715794,7.402192,3.1490405,8.899591,3.1064053,8.94421,3.0706904,1298.5171511823203,68.3827664806416,1749.5250662210608,60.401312399889086,0.00018263175,0.00049531675,2763.3694465088456,0.010455106,0.0015745639,0.05521090124709977,0.005906895006145023
-385.51028,3.702212,171.54492,3.659326,-35.812233,3.6181366,45.31272,3.5800164,-37.969707,3.0807946,39.86805,3.564677,-23.439985,3.41521,23.915087,3.0805116,-12.187554,3.2914538,5.013742,3.590309,1.0516691,3.4460957,8.8790655,3.3166165,18.61018,3.2191513,1358.1647572796057,63.87890666416866,1682.969075600961,47.9413122914634,0.00021734554,0.0003066425,2686.3795021570477,0.009254952,0.0009525764,0.06664415965777262,0.006590031399871348
-383.15045,5.0520167,172.97118,4.3483176,-36.840393,3.792328,45.32514,4.371968,-37.729053,3.3723743,41.69307,3.6753798,-22.437183,3.4660602,26.808771,3.2416048,-9.478111,3.2433405,4.442374,3.0634296,-5.5343547,2.8466785,0.7856553,3.1875927,15.064135,3.0963347,1369.93523551143,68.65065497595194,1705.6746916168154,57.08855408872197,0.00029252557,0.0007549657,2746.1828528313513,0.008586567,0.00095942756,0.06857009498259861,0.007630087708992733
-373.35608,4.9560885,159.75708,4.063937,-32.041332,4.1351395,56.311447,3.7258677,-38.152534,3.475887,35.55002,3.5113447,-21.307981,3.3177943,25.397526,3.3589287,-7.0149045,3.788534,13.287071,3.4334207,1.0864953,3.4598377,-9.181257,3.3369937,-0.48327693,3.030667,1480.0741688610096,82.67869929856437,1811.89388728516,51.52208983758855,0.000308721,0.00089663797,3360.0040444641822,0.009597312,0.0012932967,0.06577069134280743,0.00726886700112967
-346.46115,3.9632387,159.64827,4.403889,-47.55837,3.8657806,69.12985,3.4451356,-37.2886,3.639254,42.430927,3.3455439,-27.249063,3.5737662,22.170027,3.2212071,-14.836822,3.3100226,8.49573,2.9125764,-0.05461722,2.8071418,-3.4803944,3.041645,8.423855,3.3186133,1653.681397703629,73.99952681603752,1877.749653324615,39.60699173582838,0.0005253139,0.0011392894,3752.1481542742167,0.009356012,0.00083243113,0.07764011745939675,0.009761460101431571
-354.70462,6.151878,155.82037,5.103238,-49.928062,4.4956465,73.86721,4.1955366,-29.521803,3.689551,48.98515,3.6355958,-25.18127,3.4241416,25.483183,3.3130212,-12.420638,3.2030427,8.824617,2.967759,0.58458084,2.9901817,-4.3743043,3.2085557,7.0861435,3.1944578,1660.5848083552514,116.62206969132565,1897.7922745070355,67.97803619403744,0.00044550328,0.00064545317,3803.632993764501,0.00952265,0.000798091,0.0728366081786543,0.010822903197877883
-367.5931,6.262209,152.69751,4.853776,-39.01358,4.6218038,68.262375,4.1136737,-24.410877,3.595541,45.281197,3.5922482,-19.98564,3.3439548,23.45563,3.4753194,-8.462497,3.4690273,9.38895,3.2525418,3.4348285,2.9290133,-1.5979596,2.9320266,8.967245,3.141869,1526.06528136684,118.95602069445572,1870.2368763990235,69.16423127905989,0.00033572334,0.0008120157,3608.0605491408064,0.009985978,0.0013500239,0.05513612964037123,0.011488831939738472
-383.8595,3.770326,171.21606,3.952365,-27.193563,3.6486208,46.934998,3.527794,-37.94903,3.2476695,35.860546,3.2389684,-23.736763,3.0062938,23.93856,2.9243083,-5.093118,2.8156118,9.562347,2.8173044,-3.4709241,2.9699244,-6.460764,2.9652293,5.663623,3.1892884,1299.2581130349793,65.27806009793075,1685.9843114552323,53.36086053851765,0.00022571052,0.0006989658,2639.0913890298725,0.009687375,0.0009152543,0.06009937826276102,0.006907782253857904
-390.11996,3.561867,171.21451,3.4180806,-34.084373,3.5503008,44.479073,3.1117098,-37.300053,2.989258,37.98518,3.077904,-22.696314,3.2284267,23.863997,3.1693366,-11.43363,2.966782,5.645447,2.9540372,2.1066835,3.2108858,9.500577,3.0367086,18.344456,3.1569185,1330.818920357268,59.451477175446215,1663.8169245423724,44.541105617685616,0.00018510876,0.00025177933,2604.5932991045534,0.009570367,0.00092291966,0.06501617785672854,0.005129873202087622
-368.7173,6.4545417,160.82541,5.1619873,-41.652416,4.39648,71.30557,4.182966,-26.528164,4.038365,46.992313,3.57569,-22.519505,3.717415,24.174911,3.1476572,-10.279192,3.162486,8.4910345,3.2675908,1.3002863,2.9458559,-3.9240644,3.021047,7.432559,3.1167347,1463.133744796885,123.16975802383146,1819.2719820019574,76.18172438630677,0.0003168491,0.00048653196,3405.4935605785963,0.009792758,0.0008489271,0.057140235281322505,0.010524571197772883
-385.66132,3.9100788,172.90988,4.5189595,-31.371893,3.914616,47.5945,3.5773222,-35.812256,3.5837538,37.557602,3.4740725,-21.477613,3.050472,24.621548,3.510653,-6.7115564,3.1136746,6.115765,3.0636446,-5.4137974,3.0506272,-5.773529,3.0281324,6.51738,3.272485,1287.2076372575088,73.25660430345313,1650.4594285715386,59.775809088465536,0.00023578704,0.00075167685,2574.266955028277,0.009433888,0.0011807731,0.06205137035962877,0.008039402322354507
-382.6506,4.5674543,172.1838,3.5526102,-37.036213,3.548274,46.680622,3.3642404,-40.765408,3.307626,41.13563,3.215901,-24.594885,3.3038754,25.691578,3.289658,-11.670001,3.0657806,5.864421,2.9342887,0.46479043,3.372826,6.759419,3.3565865,16.651606,3.1771839,1395.7276171384854,66.1044424206444,1721.6688616757299,49.08022156687653,0.0002384378,0.00014326046,2837.811378425899,0.008916229,0.0008671822,0.06944696200696056,0.007555849347851622
-412.27393,5.3866425,187.73775,4.8618727,-21.097456,3.8895655,57.308372,3.8909724,-16.820288,3.7768579,31.743795,3.7376814,-7.705984,3.5614839,9.647273,3.3055437,-5.6864634,2.7620018,11.746514,2.929714,3.993627,2.784418,-2.5850272,3.0326033,6.2679305,3.1320796,880.2403167202531,72.20600658415867,1329.9384921266087,84.19520906308982,9.3449155e-05,0.0002156952,1714.2627972737819,0.010150865,0.0010612303,0.03248939602668213,0.007134690955712258
-364.3139,4.8168173,163.67271,4.809367,-42.588875,4.182612,60.508152,3.7504933,-28.220413,3.394475,45.57562,3.4981918,-14.15794,3.2259114,23.142382,3.2033262,-12.088524,2.9943445,5.1993084,3.140252,1.986769,3.060905,1.5295055,3.1105714,11.036999,3.2608542,1413.730662464935,97.39997102894148,1742.9032583721014,66.61247486970625,0.0003256914,0.0008263198,3193.0592689602668,0.009784516,0.0010279233,0.05696010368329466,0.00878256130875046
-374.40387,4.670711,185.64856,4.8859935,-42.72464,3.8527381,61.51025,3.4818175,-24.985458,3.7169778,30.63586,3.5985754,-12.566926,3.5835702,12.028351,3.3423238,-4.8550777,3.1903362,3.5049655,3.1577697,2.5650125,3.1534853,-3.9938903,3.1622794,5.462236,3.32278,1108.8425675739413,74.33665343576386,1420.189046466194,57.36211434887624,0.00018797521,0.0005154751,2373.5235439928942,0.010272227,0.00093957206,0.04755927349187935,0.007366488469085348
-389.72125,13.219733,194.94377,8.230628,-38.83769,5.7434826,55.214005,4.4623003,-16.542774,5.238971,21.454199,4.1810646,-10.673099,4.2763124,8.750423,4.256811,-2.4976356,4.715326,4.3604546,3.4602473,4.4712567,3.6066318,-0.90991616,3.542309,5.380175,3.1928694,967.517856742647,102.89302735680484,1265.2265386145352,104.70032704884535,0.00013449365,0.0004914547,1995.793190799014,0.01028084,0.0014721386,0.041437064965197216,0.007106327406690213
-436.48746,4.8179746,194.00653,4.2353864,-11.723798,4.265757,47.80056,3.0959818,-6.9053693,3.415421,24.632195,3.6302776,-2.9065378,3.5185323,9.013043,3.314144,-0.97183645,3.0901458,2.943228,2.868765,1.2707688,2.9830093,-2.3560553,3.213033,6.4700336,3.2706532,724.7432317093248,64.36474437907863,1154.188529386626,80.30059336178758,5.3527503e-05,0.000107354805,1325.091368637616,0.01025369,0.0014661537,0.02443218895011601,0.006199450695284551
-425.5037,6.825667,193.25069,5.386849,-18.037777,3.7139616,51.828346,3.956401,-13.371556,3.6658754,29.951975,3.970683,-7.776791,3.8417451,13.234787,3.6882603,-2.9703832,3.5370486,3.9732912,3.3543236,3.4688213,3.2228734,-3.5003405,3.1077647,7.15289,3.3988473,799.1316650789013,76.71229563193438,1240.4348794220507,92.8733158700791,7.3922725e-05,0.00015366593,1504.5014206605279,0.010018021,0.0011372389,0.027808240284222737,0.005408809399894676
-383.0021,3.396544,182.2307,3.1654568,-44.392982,2.8264992,53.351048,2.9439256,-25.700031,2.9776192,42.726326,2.9774325,-4.340832,3.067181,16.032682,2.9509811,-10.5546055,2.8642335,0.78760695,2.8759246,0.9553693,2.9995594,3.620911,2.9654353,9.7479105,2.9948475,1145.0328115634752,60.230645265287556,1450.9193477434826,38.9352609745397,0.00015452366,6.431718e-05,2325.0363661905453,0.00972961,0.0008024644,0.0535070149361949,0.008126069120134229
-373.40646,3.7556982,186.7802,3.1816194,-47.962486,3.0285072,62.194393,2.7647107,-25.871311,2.9599845,32.214355,3.0304482,-13.033735,3.3614957,13.142907,3.2523553,-5.116813,2.883422,4.7878776,2.955998,4.3941054,3.1483974,-3.4510067,3.297574,5.9453545,3.0251114,1137.8891121047093,60.21067375659217,1420.9875291552423,32.5183559983004,0.00015733691,7.310119e-05,2433.976388032918,0.01020222,0.0009270675,0.04859248114849188,0.006565725026561999
-384.79944,3.8797185,196.06181,4.016612,-45.689556,3.5105617,56.16571,3.728367,-21.667788,3.6889794,28.263987,3.075976,-10.938566,3.1717968,8.20272,3.1137133,-5.0682592,3.1680348,1.3268946,2.9846954,4.0700693,3.206198,-3.0836782,3.0786252,5.509304,2.8617115,1019.4914021575207,54.61365260303349,1288.3395433053595,39.167998052009864,0.00012481985,0.00019286133,2050.825263286688,0.010077707,0.000926509,0.04711290965777262,0.0069285193518453985
-383.62454,4.149179,172.63596,4.4086027,-41.00853,3.5168204,51.541744,3.6503155,-40.39595,4.097442,45.23662,3.5679386,-24.237991,3.703151,28.131603,2.999841,-13.059771,3.2592297,5.2056293,3.001209,-0.22597346,3.091405,5.8407836,3.0517848,17.088142,3.1990266,1419.685762782682,65.81250433541496,1751.2104908372253,50.66134893939815,0.00029030401,0.00049131253,2967.760012597883,0.00860539,0.0008229601,0.0684670007975638,0.008410252887871892
-386.3754,3.4632864,173.17441,4.135484,-36.22254,3.656627,45.539635,3.6637783,-38.75629,3.6554167,43.87467,3.5006602,-23.26209,3.2946749,25.9255,3.5014083,-13.669011,3.2384806,6.0473733,3.3057973,1.4188607,3.1064882,7.3373175,3.3965008,16.528717,3.3589723,1369.2214591475827,64.13145709020625,1717.2296909828954,46.84907867945158,0.00027218706,0.0007917725,2727.697272422419,0.00890603,0.00088980317,0.06761845635150812,0.007557529459298027
-380.8034,3.731707,192.61493,4.4233418,-42.920864,3.6279235,61.767048,3.4968383,-25.261988,3.353836,29.757948,3.2428513,-13.3262005,2.8925169,12.043811,2.739601,-4.985702,2.8906548,4.0972548,3.1159072,3.657139,2.9358916,-3.0732908,2.9223404,6.1665635,2.7904444,1041.0880630110453,62.17926500811149,1358.4557133178691,48.409153856018484,0.00016649369,0.00063340005,2178.051021425464,0.01045689,0.0009929534,0.04416962732018562,0.005948807356702565
-404.7277,9.22498,182.05515,6.6981816,-24.577038,4.2981515,58.93461,3.9472349,-18.92531,4.1630964,34.687992,4.128198,-11.878247,3.8876104,17.836012,3.4809074,-3.2076323,3.5934985,6.8729024,3.549977,2.2082071,3.130388,-5.6741796,3.34038,5.2109547,3.119495,971.7144896947098,120.93912583336794,1431.508302707638,120.8920697697416,0.00010610198,8.3491344e-05,2013.0797065327727,0.010136783,0.00090143125,0.03411624492459397,0.008353981299372537
-388.89087,3.6691797,193.64441,3.9067771,-43.34917,3.3550828,56.69109,3.2011092,-17.767294,3.3147848,28.177172,3.1175325,-7.4904,3.0580032,9.354977,3.1062386,-2.789065,3.1976054,1.8295139,3.136656,3.3940098,2.9847193,-4.0945783,3.0273516,4.342503,2.9070487,993.6999583232202,57.916125181958904,1288.939642070113,41.601261530921846,0.00012813871,0.00033393802,2042.1570249057424,0.01021708,0.0010421482,0.041690835266821345,0.006378814481525447
-388.45407,23.41378,195.38478,7.1683106,-44.535473,13.555111,51.282463,4.832635,-18.756586,6.955957,23.863005,5.219533,-6.145303,4.5263143,10.122157,5.151374,-2.1847885,3.5527937,3.4240105,3.4872088,3.1146028,4.1017966,-2.6287358,3.8621228,5.9997888,3.3009806,1010.8309845630903,161.58332618834245,1260.1802103359921,104.3887471233814,0.00014059985,0.0006013564,2022.0976721106438,0.0099724,0.0011937072,0.04667447614559165,0.01710115788358354
-350.2718,8.100834,152.23802,5.4837136,-47.787575,4.7589936,69.64811,4.0298767,-28.873724,4.2011905,47.559834,3.4924366,-23.279646,3.540758,25.325764,3.4365246,-10.347985,3.1554782,9.8964615,2.9225771,3.227732,3.0355895,-1.9950345,2.921564,8.39409,3.0839438,1680.1575427422717,135.1934118417334,1912.9030156567492,71.73278651385793,0.00046014466,0.00073612644,3867.1584410346577,0.009675864,0.00087877375,0.07347216683584687,0.012468079248269526
-373.4739,3.3183358,189.35934,3.6723564,-46.800327,3.2463064,62.699318,3.3267684,-27.195185,2.9808743,31.18852,3.0449173,-16.124966,3.202706,10.886315,2.983557,-6.714268,3.091534,3.4912581,2.994594,4.291386,2.8072193,-2.5350513,2.7062967,5.647912,2.944737,1119.3273676452368,56.04816180897551,1405.0971578626707,36.68430856004218,0.00017029306,0.00033797367,2370.1511745939674,0.010285973,0.0008691935,0.049332266893851506,0.0065394670257602665
-373.51807,3.5273855,181.36745,4.4120746,-43.299213,4.002612,60.152534,3.687276,-21.23684,3.5831249,31.536924,3.492668,-9.391871,3.0865672,11.420664,2.9995291,-4.0528345,3.0913079,2.2415607,2.9293895,2.512483,3.0470448,-4.1619935,2.933452,4.886086,3.2886448,1132.581877942164,65.09034411075089,1432.7690121821533,56.77116308633296,0.0002069914,0.0009257484,2448.2652420787413,0.010240453,0.0009690962,0.04753095091357309,0.007297591635141862
-404.52588,6.357266,186.30405,5.280082,-24.789904,3.6597378,53.715424,3.7106586,-19.0619,3.6276581,31.916298,4.104652,-8.009629,4.2034874,11.651444,3.4433398,-4.264203,3.3148158,10.994188,2.7866168,3.3458138,2.9640088,-1.955426,3.3564765,7.0966644,3.2552254,937.607344234002,105.8445419591994,1370.2755021424537,125.41444259389955,0.00010643477,0.00021055313,1866.7188746193447,0.0102170445,0.0010967964,0.03745037884280743,0.021145890218748385
-382.31476,3.4897578,167.91937,3.8837137,-31.708626,3.7172506,44.972324,3.9867651,-38.57793,3.3926475,38.644203,3.580079,-23.490267,3.4145052,26.455917,3.1921158,-7.980326,3.2004943,7.2052627,3.0341232,-4.180133,2.9939969,-2.4359038,3.1386783,11.803904,2.9529834,1400.416699040386,64.64044739762303,1742.1481614197362,54.00205428896528,0.00024963176,0.0004494859,2879.8036225710557,0.009103259,0.00090492785,0.06997149615719257,0.007802112475125848
-374.7967,3.7657046,185.14194,4.0517325,-44.639084,4.1404586,62.401375,3.8377714,-25.02721,3.4648004,31.584396,3.2047937,-13.124755,3.1585736,11.992178,2.9168577,-6.376512,3.0503745,2.6413999,3.0550408,2.2810068,2.8232312,-4.224358,3.1068802,5.2327332,3.1458442,1128.8506507921263,60.92380352884329,1427.1463689379746,47.02507790146153,0.00017686306,0.0005040043,2422.435390534368,0.010403197,0.00096618774,0.048439539225638054,0.006879578127279478
-371.29642,3.5454228,185.37354,3.232485,-45.59592,3.0128727,61.906006,3.250786,-24.67324,2.9254966,31.663279,2.8770957,-12.110437,3.064726,12.149529,3.121467,-5.84044,3.1439078,2.8965902,3.0438302,1.8835737,2.9223168,-4.4990816,2.9774268,5.489068,2.9790502,1132.7568324187507,56.6964659453617,1423.0080770159777,33.70416052419063,0.00015867168,0.0001267615,2428.9553047056265,0.010363162,0.000874829,0.0484384063225058,0.007044819098353938
-421.4138,6.1558843,189.52803,5.9398503,-17.780687,4.0041428,58.23389,3.982873,-16.477392,3.5354369,32.53093,4.0614057,-12.47011,4.0079937,11.494905,3.382851,-6.877405,3.0665271,4.314388,2.8934152,0.42916304,2.8369691,-6.715331,3.3232677,7.258756,3.219057,856.1477288304688,84.75246980304273,1317.4788029894617,107.14355032375317,9.858312e-05,0.00040707923,1634.4500548325116,0.010116457,0.0008496034,0.03131344257540603,0.009038130641401597
-379.82504,3.2031019,189.73764,3.165408,-45.090836,2.9558907,59.93546,3.2616944,-21.66743,3.1230311,30.169146,2.707967,-11.273503,3.1831894,9.757426,3.0814173,-6.200995,2.9594388,1.3319584,3.0723631,3.3478904,2.9050515,-2.6655512,3.0142102,6.9901114,2.9042945,1069.8220351319721,51.53937391244437,1358.3483786848833,33.035758397855666,0.00013766173,0.00020051055,2237.7794305575694,0.010278695,0.000870622,0.046060442647911835,0.006310797621189331
-385.6348,3.4786687,176.98524,4.346596,-37.55328,3.6324155,46.57867,3.6841977,-38.554695,3.4000869,37.353832,3.5154068,-26.500465,3.258839,24.391191,3.1381102,-12.739049,2.9326322,4.217045,3.0705624,1.2638098,3.1263058,8.869486,3.1497602,15.648911,3.3702266,1320.935716428364,56.52171732329756,1640.9634527045403,49.95271565473984,0.00024248009,0.0007028619,2551.7844923687644,0.0090354895,0.00074080797,0.06691152479698376,0.006796108275882328
-379.21564,4.309672,188.38916,3.4087398,-40.872574,3.3328874,56.950005,3.3214333,-21.50421,3.241853,29.609818,2.8843024,-9.342775,2.8628232,11.109037,2.8860223,-2.902308,2.8599455,2.3394852,2.9420435,3.7390528,2.8017993,-3.7936723,2.8110902,4.863782,2.702634,1047.0095750236535,59.8761940800481,1357.535244822802,36.395334928590245,0.00013522079,0.00017810319,2174.4038663718097,0.010378683,0.0011347008,0.044245531830046404,0.006673626474694784
-360.54166,4.6265407,175.66075,3.8987901,-64.075485,4.3429165,65.66302,4.0013666,-26.642176,3.370138,32.61082,3.3440027,-15.608418,3.1744578,8.141935,3.453061,-9.853539,4.0088677,14.615919,4.2017813,13.2061205,5.4647703,-2.0329833,5.396092,-2.4643657,4.2615695,1412.4914494710126,70.9521892285591,1487.5470946287307,36.645945175623446,0.00026836805,0.00035084062,2916.774783388921,0.009358689,0.00075146847,0.07983908243909513,0.00980829048032428
-379.30066,3.6246967,185.9557,3.3179514,-43.180767,3.2278013,58.237656,3.1808152,-20.140568,3.3466575,30.020487,3.2051158,-8.94736,3.272841,10.640203,3.1855388,-3.345218,2.9911318,1.8284763,3.028187,3.814669,3.2453544,-3.384249,3.113629,4.4617867,2.9020894,1078.2085450616999,56.17348114845183,1376.1804512202805,34.074944724200314,0.00014498804,0.00023806989,2279.9964993293215,0.010358286,0.0010767385,0.043839952508700694,0.006590671542402166
-379.0401,4.0641146,188.52827,3.1667464,-44.77447,2.9226584,60.43806,3.0919423,-22.048498,3.1503446,31.210754,2.948461,-11.372784,2.804455,9.85251,3.0923176,-4.7754564,2.9843383,2.4691653,2.9965131,2.9612858,2.7145214,-4.5272503,3.0695975,4.388045,2.8021405,1078.7654525747562,55.892674709872914,1374.102222477149,32.473837035622864,0.00014384584,0.00014833885,2269.1049951964906,0.0101397345,0.0009515523,0.04548832656612529,0.006030766762064986
-333.03635,9.634129,124.5859,7.172939,-78.13551,5.2005067,79.27677,5.3862658,-39.384308,4.3403153,44.302334,4.6124773,-31.36698,4.164645,27.903513,3.832551,-12.293922,3.8887584,12.849417,3.6048012,-0.65863866,3.846881,-6.5761623,4.6130633,11.727505,3.5865972,2456.731115908052,154.3608157822534,1956.7819468916487,46.22685635800982,0.0012335131,0.0006712952,4743.200088819605,0.007389394,0.00082353083,0.17585488870359628,0.02479542358689406
-373.9909,3.5582416,185.65068,3.4541907,-42.67926,3.3257856,57.983242,3.3482466,-21.166424,3.4112844,30.313324,2.999277,-10.913237,3.149103,10.078473,2.987103,-4.875527,3.0377293,2.3109932,3.0721147,4.1718416,2.9647617,-3.5449157,3.0054836,4.410439,2.9926727,1094.212318914632,64.18812472689544,1388.4006756459685,34.96073803286818,0.00015184382,0.0001673265,2296.808385295824,0.010270448,0.0011085499,0.04725338964617169,0.007544912869747268
-378.01163,3.7067738,187.8145,3.4477708,-44.979763,3.33364,60.291374,3.3290634,-21.398985,3.270918,30.41376,2.9817178,-10.7945795,3.2733736,9.957749,2.903037,-5.3762927,2.974281,1.6902121,3.071502,2.7175725,3.0628836,-4.193462,2.942992,4.6920357,3.0716493,1087.3274933812706,59.898583412101566,1374.7935977424854,34.4604198437068,0.00014449356,0.00017184998,2295.73422319098,0.010282835,0.0010093293,0.04678436774941996,0.006713752384791558
-332.87924,6.738456,165.47604,5.3119793,-84.52816,5.483166,67.033844,4.960162,-46.938858,5.460295,38.9141,4.2060122,-28.317156,3.9099312,20.184647,3.8840294,-11.836524,3.6481454,7.2186956,3.9644094,-1.3742135,3.0548494,-8.103526,3.8353765,10.120278,3.3380127,1829.954184447043,73.31253190675253,1659.4303307565929,59.87595578122614,0.0007142742,0.0016145984,3590.04959849913,0.008565513,0.00073350046,0.12006167524651973,0.010193914257173971
-385.5731,3.6482172,175.28435,4.7061567,-40.41496,3.773264,47.603218,3.967505,-38.0392,3.6076155,42.213707,3.6610353,-27.497036,3.5478194,23.033348,3.1860952,-14.696869,3.2180848,3.9584496,3.4111364,3.0682042,2.9188464,10.33325,3.020327,17.02473,3.3444617,1370.3183451875184,68.00517135027951,1674.382956077874,56.590247021869494,0.00029030553,0.00093327044,2664.4466108069896,0.008696686,0.0008408508,0.07105001993909513,0.007764619216930955
-411.69946,15.137039,178.52141,7.5635276,-20.037895,6.133482,51.37174,5.3852468,-12.6339,4.98864,28.101965,4.8800387,-5.391896,4.458529,14.076088,3.9487736,-1.0505486,3.6085951,5.5688744,3.168136,3.283838,3.3715923,-1.658748,3.2687557,7.192636,3.7431908,923.3646431054027,142.1750367652831,1370.9252166818528,128.14560313933956,0.00010002555,0.00017065994,1899.2435039334396,0.010245142,0.0017359807,0.030983767763921113,0.010559128090522677
-373.1551,36.808193,185.45244,8.330719,-52.259583,14.005415,54.9404,7.7875376,-22.766863,7.766209,25.953304,5.6710844,-17.320967,6.3889327,13.1331,4.2870655,-3.4132433,3.9772804,0.7268205,4.8025312,3.4354486,4.2326813,0.89412725,4.3286543,6.2501664,4.646509,1210.3206103762905,152.2809755431451,1388.9856431857286,96.70920503461679,0.00020637593,0.00029933336,2417.938898002465,0.009486933,0.0029275652,0.06197093423723898,0.017614984271314513
-382.8609,4.0823455,165.01022,4.5879135,-27.710833,3.9291291,60.67057,4.666609,-40.424507,3.5856297,39.76575,3.720339,-23.004251,3.630559,22.187737,3.6512275,-9.484501,3.8402863,16.90507,3.3953645,1.7659981,3.4608245,-3.2674713,3.425058,4.076896,3.311692,1398.5039895913649,78.63952627758924,1817.8704935822104,58.34395212769203,0.0002712135,0.0010184584,3314.689391948231,0.009874428,0.00088931475,0.0548936883700696,0.006741790126605877
-364.04053,3.9371872,150.56627,3.7971735,-34.953613,3.3914056,58.122627,3.49282,-43.688908,3.3099434,37.30287,3.1929116,-26.585796,2.9266787,25.260197,3.2588296,2.1737928,3.270144,4.6795034,3.508918,-6.6987457,3.2656703,-4.8507357,3.4635966,6.0868077,3.0409622,1708.403098067372,88.9713987308005,1917.5779953552155,55.090510933876175,0.00037918863,0.00035217922,4147.364867314385,0.008987926,0.001067739,0.08083603719547564,0.007423228971737874
-384.6609,4.0131197,175.61307,4.05459,-38.111877,3.8918087,45.746094,3.8257947,-37.204533,3.8057606,38.96607,3.507378,-25.812454,3.7915003,23.64041,3.128587,-12.319927,3.0794892,4.3393245,3.1915927,1.8319035,3.21729,9.336584,3.252628,16.661842,3.3253188,1338.376616072321,59.19337912830591,1652.3572340275514,51.97655271869214,0.00026296906,0.0005935374,2575.4660197034514,0.0086994525,0.00080357585,0.06843074789733179,0.007567776133383799
-395.27023,4.3016367,172.16782,3.2089064,-36.795906,3.5415943,44.273766,3.3402965,-38.777084,3.1213908,37.55995,3.3095067,-23.286074,3.0971208,23.788157,3.1846957,-10.75732,3.083254,6.077906,2.9879687,3.0034134,3.0099776,9.426077,2.9248035,18.234818,3.046573,1337.3799729046427,53.49180325182797,1650.4856630142917,39.56691072852437,0.00018366362,0.00012274964,2606.242013032918,0.008980713,0.0008384057,0.06623518162703017,0.006011296113313541
-360.65887,4.896334,134.1058,4.7065177,-25.425856,3.4838898,70.2254,4.3153496,-32.974472,3.2464893,31.567574,3.663215,-29.1257,3.5414026,25.948511,3.2700434,-11.255801,3.3897808,-5.069617,3.1756012,11.149174,3.2810261,9.700012,3.4357316,6.1046576,3.2881095,1871.5546288660687,133.19327626308987,2058.906862445001,55.097598298432054,0.00040252527,0.0008169774,4667.409209142981,0.010346961,0.002098006,0.07979829792633411,0.014024543878978678
-405.90677,3.5562363,180.52379,3.7357688,-31.793943,3.1920035,53.857014,3.271177,-12.358964,3.2111292,26.239079,3.1236825,-4.262592,2.858564,9.8900585,2.9510162,0.62469405,3.0520964,2.2277083,3.1297853,6.794618,2.92731,0.11189762,2.9195912,6.60866,2.86956,955.2374681930271,67.20382207827775,1341.7803478898236,47.440063570894615,0.00010638025,0.0003789768,2042.9813818699247,0.0104894675,0.0018419194,0.029448684019721578,0.007742096384611242
-407.26923,6.2847633,185.95107,4.780105,-25.444338,4.173471,59.283615,3.717019,-18.768953,4.1806965,35.07636,4.022771,-12.34175,3.4289484,17.092363,3.3689952,-3.4895573,3.241009,5.041302,3.2549894,1.1329015,3.0894072,-5.9768424,2.9238884,5.959335,3.2226105,937.8435038447901,78.49358149209937,1391.286339057738,80.88383532327596,0.00010210421,0.00012243236,1901.9913604807134,0.0101279635,0.00085745804,0.03415249782482599,0.007283611069482336
-382.771,3.4955025,169.76913,3.2633085,-28.149422,3.1272178,45.006943,3.0711071,-36.632435,3.1807685,36.344788,2.9650724,-21.773096,2.8230383,23.524246,3.087787,-7.0635943,3.1704283,7.598749,2.7989511,-5.805134,2.979339,-6.5738835,3.1467772,7.1594186,2.8635333,1310.666866881241,60.19179749079392,1678.8969278225306,48.85600562939311,0.00019228098,0.00022253631,2631.247507613109,0.009831004,0.0010713347,0.06373826312354988,0.0074265300915839095
-378.35455,3.7752192,170.98782,4.1444545,-37.076492,3.9451299,50.43246,3.8614242,-39.905922,3.7733223,42.288372,3.7830753,-25.160297,3.7376702,27.326777,3.5686753,-9.18146,3.1812356,4.6887207,3.1465719,-4.7857127,3.3060973,0.71211267,3.0179677,16.65218,3.1122785,1409.2301612082758,70.43187906542093,1745.5900577338307,51.17031522823068,0.00030225943,0.00083307084,2960.590605060905,0.009072293,0.00095068465,0.06811353502030162,0.007722186371852343
-415.4257,6.568525,187.32327,5.7154703,-24.918015,3.9839363,59.74102,3.638396,-15.078367,4.163285,33.205658,4.2934456,-7.6978145,3.759525,17.73249,3.6438007,-2.7868834,3.4254608,5.490795,3.0101986,0.36196586,3.1205754,-6.923735,3.1308596,2.2491124,3.3651407,885.3273788972537,77.03986065564811,1331.762550508223,98.2392701571647,9.225701e-05,0.00021648016,1780.9357893162703,0.010257663,0.00081588863,0.03216311992459397,0.005860258781790016
-413.48056,37.951714,194.10675,16.762611,-28.75835,14.298593,31.599163,9.779066,-8.059902,5.4783225,15.127145,4.236821,-2.2512429,5.9049582,3.519046,3.5814152,0.5430659,4.129139,-0.03286506,4.453937,1.3595752,4.3486714,-1.7675741,4.347176,5.4050546,2.9688857,887.5989775659466,73.24519292153082,1135.4896655340963,128.49212187392163,9.278344e-05,0.00029544428,1681.6882069315545,0.009649677,0.004552531,0.03960289479408353,0.01195089295593838
-435.8241,4.2614655,191.94437,4.779253,-11.128725,4.0279036,45.23251,3.2529976,-8.85059,3.3261557,22.795876,3.5370717,-0.3896161,3.7076805,10.216645,3.4077125,0.058363575,3.1266627,4.737777,3.1326122,3.1075408,3.0553055,-0.9737346,3.4099855,6.257421,3.3783455,739.4611419855663,71.79720286236254,1170.9516747053456,87.74977361490838,6.610319e-05,0.00026184687,1344.3263644685326,0.010071338,0.0017829369,0.02472674376450116,0.006889028662656825
-409.48123,6.3867946,184.8419,5.3920746,-23.425762,3.8923078,57.376133,3.9268682,-15.96239,3.8308227,33.711445,3.9175508,-9.843212,3.7920449,16.000628,3.3834095,-2.317812,3.2563505,5.456962,3.1698792,0.91731495,2.931109,-5.9451776,3.111528,6.337622,3.2951758,914.1501697045629,88.08689271385187,1369.6837234322938,93.23207748831811,9.804895e-05,0.00016542614,1846.5096387398492,0.010266811,0.00096082606,0.031901419301044086,0.008119771952322928
-377.26022,3.5534346,166.21039,3.6698587,-31.68009,3.659488,45.30257,3.5230415,-37.760002,3.492857,39.659306,3.2842681,-23.190289,3.37524,26.490725,3.3315797,-7.3432026,3.236967,7.604194,3.0085447,-3.1610389,3.2779136,-2.6873946,3.1967044,11.318731,3.0740929,1420.5414970896773,72.79660937869399,1766.2536386615368,54.18879197227219,0.00025802242,0.00045614495,2987.7444238507833,0.009356938,0.0010996707,0.06997602776972157,0.008547206432821721
-380.47263,3.4752104,167.522,3.4725554,-28.048094,3.0074034,43.243355,3.3824291,-36.445065,3.5079775,36.047062,3.037725,-23.360975,3.0924604,24.973932,3.1369464,-5.073538,3.0401087,8.510803,2.9607317,-5.611829,3.0454905,-5.183946,3.0398748,10.40233,2.9673052,1363.716477932529,64.31753077283874,1722.1464767053817,56.04166435309293,0.00023642207,0.00033243475,2768.365549322071,0.009302712,0.0012718958,0.06818717372389792,0.007376800421738212
-379.75702,3.8234088,189.34839,3.1538007,-44.616108,3.1071103,60.714146,3.215684,-22.418877,2.9484646,29.226398,2.8051803,-12.766633,3.0671828,9.257379,2.8597791,-5.83422,3.017217,1.0405972,2.954276,2.4735053,3.2611024,-3.9309146,2.8169358,6.3433886,2.9639733,1077.6269269643556,58.7649781014308,1362.3195986694257,31.984299107924386,0.0001343347,8.005357e-05,2254.4664139537413,0.010196005,0.0010073336,0.04699055611948956,0.0064799967617504926
-374.26678,3.4138272,184.1094,4.1262274,-45.33527,3.3861287,62.047955,3.0291693,-24.134521,3.143216,31.95425,3.2688231,-12.463139,3.437673,12.664962,3.1569417,-4.246958,3.081317,3.6693788,3.1924973,2.2874184,3.0214646,-4.9313626,3.2142498,3.588549,3.160554,1136.568102824495,64.94146923117647,1434.7073133056701,49.566683685039315,0.0001785788,0.00031082323,2447.6657097411544,0.010150828,0.0008935638,0.049809219112529,0.0073005770432120155
-372.15225,14.329815,185.71707,11.851865,-44.60354,6.5337543,59.777763,7.817986,-26.274525,6.805096,29.807552,6.1408677,-15.693053,3.849264,12.967964,3.9373174,-7.9293404,3.8250687,2.1982079,3.4379842,0.12815556,3.6044319,-8.911079,3.2496634,5.807153,3.4328573,1165.9079824163612,204.61547256168532,1430.8760456164214,162.47311867803447,0.00018661402,0.00032221907,2451.637611477668,0.010215825,0.0008846163,0.052348055031902554,0.011629553326337692
-341.92328,19.534044,170.63101,7.8729744,-80.63883,8.818867,54.53667,6.628111,-47.210583,6.0352073,36.769527,3.8051965,-35.951702,4.3580503,23.661434,3.9606862,-8.825128,3.7313797,11.980058,3.222712,2.9739428,3.488888,-3.695096,3.1112404,4.256848,3.0455856,1719.8980034627436,171.7195982710647,1637.9648451839605,69.83672192266822,0.0005491372,0.00069201505,3264.1787925065255,0.008666032,0.0011912133,0.10598988544083526,0.01925882770731885
-414.42523,5.394941,187.51428,5.0498757,-23.583416,3.3925009,54.590427,3.686442,-14.917024,3.6566768,34.636086,3.6942673,-5.1344924,3.5014122,12.33722,3.4121099,-6.1653695,2.926106,7.916839,2.9625566,2.194047,2.998377,-0.92222816,3.1131577,5.57515,3.4024255,884.1889093637494,85.27329734980998,1327.5159661072082,99.41430787632036,9.1938244e-05,0.00018296266,1727.2526645881671,0.0100691635,0.0010717729,0.03296861405162413,0.012373399142203801
-373.7452,3.5473478,182.92725,4.4090977,-45.78663,3.9002352,61.707993,3.8617883,-22.874968,3.3765302,32.8685,3.2450938,-10.898993,3.0788283,12.237956,3.258618,-5.131056,2.9496567,2.5876446,3.156714,2.1996758,3.314972,-5.169717,2.9883106,4.1753106,2.810518,1144.8641942786985,64.2638073533197,1437.8412875500492,52.70258273126979,0.00020015515,0.00074152503,2472.0466914696926,0.010242647,0.0010625735,0.047526419301044086,0.006992741043320801
-385.94278,3.5206575,197.73572,3.9036522,-45.519257,3.3839204,56.062794,3.219358,-20.704273,3.4492247,26.70128,2.9776754,-9.59859,3.0463293,9.867339,3.1460834,-3.1428354,3.0886643,1.6035609,3.1580048,2.7940228,3.0133643,-3.3424687,3.1818864,5.6634145,2.9607928,999.9720948976659,50.30392374040256,1269.8670007836415,38.00002294508109,0.00012366245,0.00023436021,2022.1726136528423,0.010188831,0.0009055263,0.04349215124709977,0.0063475590941690155
-361.39166,5.0488524,141.52283,4.8574553,-37.75067,3.4997108,76.10948,4.3742685,-35.544373,3.336568,33.34377,3.4690883,-27.013885,3.3942552,29.971804,3.2890391,-13.419131,3.3686693,-4.378179,2.9303267,5.283173,3.0517874,8.171532,3.166466,5.9735394,3.4138293,1860.9275514252097,121.00616223865384,1999.8392111196117,46.91637435471865,0.00051691465,0.0011602247,4394.6719565690255,0.0089570675,0.0011224212,0.08569505872969838,0.01318893713305083
-373.99402,4.224883,162.33238,3.7130156,-31.362705,3.359746,51.167385,3.9097946,-38.13147,3.5311406,38.75489,3.3790083,-22.190939,3.3158584,26.226934,3.4535854,-3.83024,3.1565964,14.785462,3.3459744,0.74755025,3.0721853,-5.8742895,3.113298,1.5404522,3.3483155,1456.4293724433298,70.474732501822,1810.1425521426495,50.11139524744857,0.00026848546,0.00030382277,3287.260787503625,0.0095335385,0.0011565693,0.06738167959686775,0.007521849580442078
-380.3262,4.4030547,173.53781,4.150137,-34.852486,4.3124843,45.82703,3.8080463,-36.352253,3.4715223,35.05725,3.5978277,-20.605406,3.1658416,23.667686,2.9336307,-5.084166,3.1314862,9.085115,2.9309392,-1.3604829,3.0722458,-5.1037626,3.0784833,3.8013935,3.331995,1293.7417838120816,66.81016532065533,1619.8435399553905,56.71667264879098,0.00023371856,0.000625248,2571.144390770012,0.009579454,0.001004585,0.0635728592662413,0.0072783525508012615
-340.95172,11.107103,144.27383,4.4893703,-49.954136,4.9430814,68.89787,4.0025086,-25.95827,4.5498605,45.861504,3.3984857,-21.753916,3.4566066,24.563795,3.463435,-9.445558,3.297469,10.296644,3.2042427,3.366767,2.8311238,-2.0077653,2.991745,8.383827,2.6910357,1798.5727766826346,130.94682405035795,1937.938196641109,58.56626166882646,0.00055252487,0.00087051635,4031.7550482163574,0.009550958,0.0011756596,0.08307578668793504,0.015343336041255094
-378.17902,3.6778767,187.05615,3.452519,-45.737156,3.057153,59.86512,3.2076163,-21.002062,3.294665,31.381657,3.007104,-10.617976,3.0099797,10.833772,3.1629653,-4.861684,2.9889572,1.7234288,2.9256897,3.5707426,3.0899053,-3.3031347,3.0117905,5.0287323,3.1021304,1092.4724493685485,56.32468671420392,1382.0807761721032,35.17915953987296,0.00014744917,0.00023496448,2312.04649887616,0.010373414,0.0010343266,0.04467037050464037,0.0074648831402205715
-383.9089,3.47411,194.90733,4.6905174,-45.95394,3.9183145,56.544617,3.6059968,-18.486238,3.5366733,27.746696,3.3268104,-7.226874,3.126371,9.5917225,3.1773434,-3.2214112,3.0643551,0.95824176,2.9749033,3.138153,3.2388766,-4.379263,3.1580274,3.3481858,2.9505067,1009.9878708062641,61.65875843091807,1283.6564426070956,56.27413002261051,0.00015518021,0.00079421257,2075.805777352813,0.010306661,0.0009587909,0.04377537703016241,0.006547170802017131
-378.4608,3.709265,189.39078,4.0321894,-44.380814,3.563488,59.938534,3.51068,-22.403091,3.556875,30.34207,3.2373695,-11.647329,3.2088122,9.574194,3.0466328,-5.4423766,3.076518,0.68302035,2.9918294,2.1203797,3.1807103,-3.7934573,2.9625666,4.8291383,2.8417466,1077.9416607010862,51.012550428373046,1366.1846607892753,41.35473710977978,0.00016635761,0.00043240632,2249.9449409077724,0.010204362,0.0008614146,0.04681948774651972,0.006259745513477704
-375.71658,3.3297043,186.10773,3.4858892,-45.617073,3.4934742,62.537357,3.334626,-24.875086,3.3024645,31.254265,3.089053,-12.984039,3.1158402,11.665089,3.26631,-5.8986564,3.0562186,2.4535265,3.1176398,2.3573575,3.0924063,-4.3059254,3.0236614,5.2360063,3.1454663,1125.944801166143,58.56401409830866,1417.0097932631247,33.054440953234405,0.00016545701,0.00022336784,2411.4689448593385,0.010135651,0.0009322131,0.047635178001740136,0.006603309173238094
-382.9419,4.60184,167.07414,3.6246738,-31.226799,3.3788307,45.594032,3.6394937,-38.44979,3.4709895,40.841045,3.2988696,-23.787632,3.2799401,25.619457,3.1562872,-5.8957343,3.2186258,10.633279,3.3231137,-4.6182475,3.1772082,-3.1035156,3.3354163,11.465075,3.1881354,1393.244719514592,69.113178070734,1757.0406545919027,52.340444594073254,0.00021217766,0.000116497504,2915.975406938805,0.009457769,0.0009838052,0.06590777262180975,0.007850670980908272
-404.36127,8.449845,187.82207,4.1165657,-34.01126,4.1042624,45.525078,3.996229,-17.520256,3.922891,32.176968,3.8449807,-2.3401933,3.4574285,14.797858,3.680223,-5.2437315,3.5579584,-0.3952508,3.6742756,-0.44923514,3.9070954,-2.6592026,3.8359046,6.88483,3.7746253,972.7151803563904,65.86429811341587,1308.6163966783022,48.87298312469212,0.000105441715,0.00015885926,1875.786801225348,0.009789235,0.0017039977,0.03851757359338747,0.008045387828771393
-366.95096,5.8403735,162.83911,4.3611164,-42.907383,3.820539,59.90916,3.5840006,-26.526846,3.9197176,46.23881,3.2529657,-12.272432,3.4181566,23.475647,3.2541022,-10.998103,3.1798286,5.158963,3.0662718,1.8813188,3.2143748,0.49443144,3.2330112,10.198879,3.0783217,1401.0554909096288,97.03975698607165,1727.3825740434074,60.99635414850547,0.00028728272,0.00047017555,3148.019402099043,0.009821728,0.0010947776,0.05707565980278422,0.009950405782582834
-383.49548,3.8001053,164.00464,3.8682425,-25.40712,3.3953915,56.24086,3.6855412,-37.997574,3.5189006,39.49223,3.6808891,-24.791464,3.400031,23.204979,3.249779,-7.5053134,3.3480103,16.06292,3.4091625,4.415727,3.564212,-2.046917,3.1586142,3.2988956,2.9992273,1385.6619479954668,67.31086802179631,1820.3279457050683,51.10730798684406,0.0002241916,0.00038422926,3211.1201806300755,0.009895557,0.0010201242,0.05443599550464037,0.00706067114743173
-384.05695,3.6910286,164.69914,3.2479186,-29.194874,2.93262,56.079277,3.2248852,-36.70567,2.8219254,44.400223,2.8275633,-25.276955,2.985843,23.019472,3.0822606,-8.814533,3.000996,15.401311,3.1174748,3.8948472,3.2385938,-3.0752053,3.1187851,2.2650623,3.134731,1396.7543046356886,65.83804028016677,1820.5537851849792,44.33691628721935,0.00020672978,0.00010571535,3210.0210380111657,0.009822385,0.00087840273,0.05661116951856149,0.006536120044625404
-387.8484,5.723418,180.80516,5.589675,-36.7126,3.4330237,52.565907,4.031148,-22.764278,3.6089094,39.68255,3.5840871,-3.8546238,3.6428468,16.053057,3.765847,-8.172253,3.1583261,2.1472046,3.0275495,1.8240615,2.7676382,2.6929572,3.2694695,8.969262,2.9576437,1088.786261874467,103.88938370507252,1450.5285990918865,87.19546130718888,0.00016185189,0.00032791798,2236.4804438261312,0.009770572,0.0009760539,0.04381276283352668,0.008338157509881336
-408.93347,7.3908567,188.67291,5.626427,-24.164734,3.9801562,57.934998,3.8738084,-18.856998,4.4465528,32.54546,4.030163,-8.794693,3.7629044,11.330394,3.4754956,-5.742069,3.2266045,9.621305,3.1036339,2.8889568,3.1264608,-2.1440988,3.0491347,6.0448647,3.5008643,908.6240208808005,86.72541222866575,1346.5513414334112,101.4005500183993,0.000118160744,0.0005017753,1788.9295538174304,0.010008777,0.0008947572,0.0353624383700696,0.009683173918591116
-387.72195,5.6714296,162.71632,3.507436,-20.140871,5.134126,46.111732,3.561146,-31.702087,3.4937582,35.42101,3.3420315,-21.86942,3.4692478,18.520506,2.9713953,-6.383337,3.0597036,13.594201,3.1933563,6.7628036,3.047388,2.9612694,3.1316738,5.925031,2.9938307,1304.4977087565712,69.14837121677544,1744.7013657759087,55.990723042791664,0.00018274799,0.00022314172,2811.0322673470127,0.00993873,0.0013998961,0.05135789769431554,0.006701989891696414
-380.25464,3.6797981,167.74507,3.5272884,-30.54479,3.3749537,46.88566,3.2964942,-36.872128,3.1871881,39.839046,3.1746383,-21.22791,3.114949,24.932257,3.5085804,-6.070431,3.4489863,7.813615,3.097015,-5.022578,3.2329202,-5.8817935,3.1848512,7.917059,2.7359755,1356.4056568901372,63.85509021272082,1719.6904678284582,49.29083915706665,0.00024090019,0.00046575078,2825.0962967662413,0.009560834,0.0011010731,0.06507622172273782,0.006927420024279339
-390.28436,3.6959922,200.97964,4.648394,-42.555748,3.8863761,55.749763,3.5677335,-19.03238,3.2568278,24.07241,3.305064,-10.613398,3.1418548,8.183514,2.9854941,-2.9729018,3.0051687,2.0112908,3.0472405,2.7422009,3.0856075,-5.8688006,2.9457946,1.7267865,2.883246,952.4921883646504,54.739922462299965,1226.4350630651527,48.92915140366224,0.00011539161,0.00030678202,1901.341867114994,0.010311841,0.0009501272,0.04278748549883991,0.00623855264924915
-392.6447,3.5512671,175.04575,3.9163334,-32.499416,3.3985379,46.991707,3.8236666,-36.350002,3.526754,42.350964,3.139559,-23.726854,3.1811612,25.32029,2.8747554,-9.912677,3.2019832,3.617844,3.0658674,-3.0746021,3.2388015,2.9327345,3.2822428,17.95844,2.885394,1282.41520407345,67.27687356529522,1663.8710107318025,48.85693212405183,0.0002112717,0.00054296793,2501.7235421802493,0.009196632,0.0009766828,0.060823303364269145,0.008734319613896273
-385.79742,3.4731214,181.10666,4.3126926,-41.13756,3.9607248,53.59981,3.6048815,-23.300205,3.5105813,40.31,3.274963,-5.4071813,3.2704067,15.5053,3.35144,-8.037991,2.8994944,3.03758,3.0203917,1.7385515,3.0003202,1.7352712,3.168273,8.995021,3.080183,1115.9660336708764,63.93579198278527,1457.0227398731727,55.17199802328197,0.00017698924,0.00052472856,2308.649148963167,0.009763174,0.0011024476,0.0440416092662413,0.007305738050457472
-421.54288,13.600126,185.33855,6.905201,-16.636467,5.553277,41.443844,4.3100486,-6.1429358,4.98858,22.884647,4.9864306,0.004073955,4.863856,8.995008,5.081878,2.6420927,3.7300098,7.387624,3.7123766,4.1621284,3.7081873,-2.1889064,4.2711973,3.4566212,4.869399,832.621164797382,105.8717311414244,1221.9602048626455,103.09120957758267,7.204222e-05,7.007644e-05,1591.5335316669084,0.009778255,0.00295212,0.03406979589617169,0.010429623635401647
-393.7999,20.76085,193.61545,10.868943,-42.205467,10.138405,55.61975,8.241077,-16.167845,5.355243,27.879795,5.236802,-10.627122,4.262703,10.595497,4.152055,-3.7472403,4.1466146,3.5340114,3.6876566,5.2952876,3.130747,0.5096502,3.8748493,8.363427,3.397929,989.6377705510065,190.8445974848287,1281.6926849467989,124.48544216431836,0.00015540837,0.00096980744,2016.7018810723607,0.010319211,0.000977917,0.04183697977088167,0.01732743627347066
-381.20233,3.7367852,188.90913,3.4182262,-43.248703,2.7588413,59.803146,3.1192908,-21.451014,3.0392156,30.206131,3.0376039,-11.779642,2.942759,8.779178,2.982291,-5.520923,2.8169425,1.3955806,2.8079646,3.804809,2.8104198,-2.7392726,3.139084,5.145543,2.9213846,1060.542873647026,51.32784025792798,1359.7814805092958,34.1520220658722,0.00013357475,0.00014360424,2217.9948634171983,0.010308303,0.0009242506,0.04429084795533643,0.006376356854072571
-372.31467,3.669912,185.4111,3.9810572,-46.102413,3.482728,61.351566,3.465602,-23.037926,3.194148,32.49547,3.3031685,-11.552169,3.2361643,11.697271,3.295306,-5.274663,3.0495565,3.4250941,3.228067,2.703563,3.0840237,-4.660482,3.0716372,4.102935,2.8191893,1123.7964578703093,61.840159731187846,1415.4419650463985,40.45436437730147,0.00018347242,0.00056272245,2400.6274017546402,0.010316081,0.000881437,0.048759017908932716,0.00648513830782002
-379.63528,3.8255587,169.33812,4.3208747,-33.751377,3.8455784,48.51983,3.9835024,-37.5249,3.8627548,40.70303,3.393725,-23.049023,3.4705794,26.96002,3.2417762,-6.525026,3.0234654,8.177558,3.079583,-4.329915,3.1625817,-4.3444333,2.949227,10.349023,2.9060037,1376.0335115756689,68.30322525104283,1734.3924646301436,56.900461143114526,0.00028110459,0.0009849865,2879.4039343459976,0.009434795,0.0010237908,0.06487569786832946,0.008328032648208031
-380.48724,3.4267972,187.30302,3.3485553,-42.022537,3.096137,59.036934,2.9120526,-20.378222,3.2492337,29.37231,3.128325,-10.251765,2.9513667,9.318087,2.9605944,-4.976618,3.04853,0.92313385,2.8436835,2.9113605,2.876455,-3.249105,2.8387282,5.6390967,2.7942617,1066.2761923219532,58.21992587206655,1365.802698847963,34.97855294273192,0.00013685279,0.00015899798,2241.6763907518853,0.010278201,0.0009971899,0.044162829901392114,0.0061880662456673015
-372.71063,3.5150275,184.05037,3.7222981,-46.48267,3.6198237,59.831696,3.4810238,-23.985807,3.4821734,33.14683,3.2500234,-11.216738,3.160056,12.615363,2.9721978,-4.496452,3.0059528,3.3472784,2.9797976,3.3203413,3.0198073,-4.6325245,2.8720658,3.7115383,2.8969805,1143.82548868329,61.63319214471306,1430.6133277100648,37.88549601917652,0.0001857404,0.0004077727,2438.7476662195477,0.010225161,0.0010147244,0.04839875471287703,0.008257040109380862
-379.08206,3.8010058,169.6694,3.5807643,-37.962795,3.3235993,48.50197,3.6782846,-39.40219,3.4146783,42.525833,3.3855317,-24.102644,3.2174776,27.202864,3.37425,-8.280306,3.2140307,5.7059994,3.1764421,-3.9677022,3.0645823,0.95096254,3.1121101,16.185474,3.0654972,1420.3769606025792,68.97961930990485,1745.7729955182012,48.30609447271351,0.0002660289,0.00035889176,2978.4766531322507,0.0089858165,0.0009008507,0.06954212587006961,0.008161672882362869
-327.92917,6.6572137,156.15935,4.8196645,-75.26832,5.652335,72.07637,4.5560045,-49.993702,4.07149,35.020428,3.644866,-28.42095,3.7190526,22.832993,3.3214052,-8.475302,3.1217682,9.663614,3.2047305,-2.7072704,3.4493752,-4.346771,3.0016696,8.521569,3.4395006,1951.1467883555026,95.31106710113616,1782.2065203946468,51.70320801977959,0.0007607417,0.0011307766,3979.870520501015,0.008722105,0.0006793489,0.12156050609048724,0.013091911828522198
-384.21622,3.6290238,190.92159,3.7522304,-44.89384,3.6333075,62.404373,3.6937952,-22.62089,3.3542163,31.524029,3.1215222,-12.927135,3.0554817,9.756965,2.8225448,-6.8367023,3.0013294,1.9839522,3.0851853,3.6271977,2.7425494,-3.1116035,3.108458,5.980176,2.9418952,1055.6166054963262,51.85993659316496,1359.9278617553648,37.27061920022839,0.00014309004,0.00029889625,2214.922260187065,0.010296723,0.0008207364,0.04486522984338747,0.006309247903455713
-383.57504,3.3163307,191.0201,3.3117774,-42.305378,3.0587232,55.994205,3.0694125,-18.366798,3.11676,28.05597,3.031477,-7.708987,3.2862716,9.822948,3.0519557,-1.4045743,2.9607706,2.1632361,2.7591782,4.101188,2.7437127,-3.815812,3.0500128,4.197736,3.2887764,1012.8546006568519,53.6005808623951,1312.0743029232056,33.0169951378378,0.00011843047,0.00012744314,2089.2452939203886,0.010361036,0.0009825956,0.042491797781322505,0.006863708749863005
-379.8187,4.849773,176.63776,4.089144,-44.209892,3.253064,57.717915,3.5671751,-30.059593,3.3391044,47.025196,3.3627074,-11.598488,3.4740727,22.379128,3.5730848,-12.965147,3.0240242,3.6631625,3.1213934,0.78390014,3.102672,1.4860218,2.8258052,9.9591055,3.0383832,1254.9234430262663,79.29853837241664,1594.0793437405662,63.644690074387505,0.00021663863,0.00025016698,2652.006314802059,0.009531003,0.0008062911,0.05652620178364269,0.007421021240803397
-393.2932,6.685234,180.52393,5.657451,-27.679964,3.6800413,49.03644,4.001549,-19.082855,4.146662,29.303852,3.9730592,-7.834603,3.867319,7.8075356,3.2771704,-8.227089,2.9371877,9.202814,2.9921677,5.8405304,2.7053452,-0.46404117,3.072015,7.1488442,3.29985,1030.817455826395,115.2538608089215,1410.1789440219147,117.65932561093474,0.00013273023,0.00021655603,2077.204686140516,0.009850991,0.0014279373,0.04333694351798144,0.019864649097025223
-379.83618,3.6009316,164.56352,3.3547003,-25.765083,2.933929,43.59297,3.1837392,-36.980198,3.2542577,36.129013,2.9776804,-20.714506,3.2366104,24.640665,3.1270516,-3.246231,3.1399343,10.187749,3.1579146,-1.0937574,3.2337713,-5.691352,3.2380474,3.0445974,3.0740798,1378.3915632628693,70.3478005723945,1745.3565424979518,50.28056841484014,0.00023542922,0.00023233455,2917.8239649796983,0.009188936,0.0012277163,0.06717549122679814,0.00755817647093539
-387.32544,3.3582082,192.85432,3.1528997,-43.201916,3.3677773,56.09597,3.3292797,-16.964615,2.993892,27.306673,3.4118245,-7.347732,3.162339,9.350862,2.769812,-2.5923803,2.865775,0.9989629,2.8403213,2.597824,3.0390637,-4.3345857,3.1311636,3.97885,2.9949067,1001.1476834822668,51.80499712086925,1290.119160030617,31.82437288690041,0.0001163431,0.00014284415,2063.740189058875,0.010140793,0.0009488715,0.04174181590777262,0.005847546873044026
-407.48883,5.533012,187.75685,5.509686,-22.354445,3.6596775,55.327915,3.833739,-18.69601,4.06183,31.594482,4.1152325,-7.240001,3.7652967,10.500743,3.2756398,-6.6644683,2.8472242,10.660453,2.9932137,4.743448,3.0307143,-2.9469104,3.2835546,4.186798,3.0882182,913.9975700227171,104.6354751510541,1346.4698799107111,127.42701080714228,0.00010098826,0.00022709699,1777.8132250580047,0.010114752,0.0009066372,0.039363852233178655,0.02003398896024631
-378.41452,3.4903865,189.6672,3.9938447,-43.641315,3.6191375,58.77318,3.6027865,-21.457848,3.2866104,30.665518,2.991563,-10.961624,3.2692704,8.990853,3.184714,-6.3392506,3.087455,0.50312597,3.115805,3.6241882,3.1721172,-2.818152,3.1046839,5.375245,2.7378914,1061.7975183950828,52.65610010764612,1353.6252451624084,43.10995846927823,0.00014880106,0.00042238375,2201.632626703886,0.010580732,0.0010273854,0.045396561412412995,0.006165192644838441
-380.49097,4.125965,156.01834,3.6516693,-13.989609,3.5387583,47.555767,3.1789439,-32.330723,3.5738354,35.14011,3.869926,-20.755072,3.8186321,15.261773,3.439976,-11.077328,3.2313042,5.605939,3.1708484,1.7165804,3.1681294,6.001817,2.9827843,12.5410385,3.1424932,1379.7875831784338,77.86456502717728,1830.4352432123496,58.8432543335021,0.00021979185,0.00038753756,3233.2279355785963,0.009962545,0.0017064658,0.05543861477668213,0.00651512625874481
-381.69788,3.7227523,174.51506,3.9171977,-38.237392,3.459231,47.699215,3.8208683,-38.51702,3.5175073,41.11842,3.275862,-24.648804,3.1745744,25.053202,3.234381,-11.883676,3.1760652,4.5501385,3.3552306,2.2602654,3.4683473,8.808834,3.0911815,16.235018,3.182704,1351.9469769812508,64.93804364947596,1673.1422483812119,49.50759941645473,0.00025950995,0.00063125003,2658.4512874311195,0.009151924,0.00088409666,0.06841602015661252,0.008837586724329625
-389.26334,3.427478,198.77982,2.9100695,-45.17144,2.9066458,56.91071,2.9129264,-19.725258,3.006529,27.139242,3.0236046,-8.717366,2.9631457,8.547961,3.0424862,-4.0289555,2.8852234,1.4069567,2.8323243,3.0334094,2.908761,-4.9732976,3.0654135,2.6809366,2.9944174,980.8114345049966,50.560916624583776,1254.0087999542482,29.34587472520129,0.0001015797,6.516659e-05,1980.7799018452727,0.010267089,0.00091702293,0.042291273926914154,0.00591464042256627
-379.667,4.06418,188.08394,4.707787,-44.631325,3.975926,61.541256,3.962228,-21.698114,3.3223941,31.578234,3.3792768,-11.16956,3.2736428,10.982119,3.0798378,-4.4424057,3.184353,1.8454456,2.929371,1.9581766,3.050279,-5.2858787,3.1678214,4.0763335,2.991197,1081.3985377246254,69.08893216426192,1380.9261229391839,56.61515720575329,0.00021157168,0.00132524,2284.6178944315543,0.01028179,0.0010283416,0.046382187137471,0.0061696009447213245
-401.35144,3.9796064,176.14131,4.115383,-34.10542,3.544623,45.299797,3.1573892,-35.66023,3.3634214,39.582558,3.3870811,-20.691544,3.614441,25.410124,3.5112739,-10.263776,3.0513873,4.799365,3.1889417,0.4338985,3.3642402,7.607958,3.2702997,17.35623,3.129763,1254.0637146237834,68.04170646127513,1612.9616783781887,52.64188111243227,0.00019416527,0.0003841309,2386.8631385042054,0.008761652,0.0011923964,0.060304433729698376,0.006737710865759889
-388.06738,5.0305033,172.94156,3.943639,-32.45353,3.1317759,55.727726,3.4786186,-21.469854,3.2886238,39.522545,3.4516919,-8.234345,3.2783792,19.800753,3.1739795,-8.076309,3.2227676,3.573832,3.2298508,1.3040191,2.9602726,0.09433722,3.1712737,8.46997,3.433733,1135.8065029803151,75.88436721865224,1549.8007343687373,57.64831661473556,0.00015892363,0.000103636055,2444.992794736079,0.00981241,0.0011449787,0.04112891531322506,0.007605655044235862
-336.3617,15.878181,156.05661,7.146704,-65.49579,8.695692,72.41736,4.598276,-42.05374,4.508608,43.04063,4.742711,-20.25739,4.7445827,20.219957,3.4739938,-14.236908,3.8573382,4.427711,3.1903203,1.9038416,3.5727031,0.111361265,3.1845162,13.741836,3.2307835,1815.682512527168,107.73897958454302,1800.0937314203463,86.05462558758276,0.00068530993,0.0020391557,3881.0476068554235,0.009156413,0.0016682203,0.10178115030452436,0.012258121934929785
-393.0432,4.194546,183.75015,4.810808,-36.05892,4.086098,53.613216,3.771169,-22.305426,3.8180401,38.729374,3.4477575,-4.4576635,3.16292,16.53912,3.1355424,-7.0693803,2.7541876,2.4098895,2.70929,1.2977881,3.0297456,0.7742534,2.9299076,7.9801965,3.1809175,1042.3693540588438,67.83362536386133,1419.4936406602887,66.39452508306852,0.00017981608,0.00080121565,2127.5404219837587,0.009882843,0.0010943728,0.040478628915313224,0.006384833399591061
-388.22833,3.398287,193.92812,3.7170265,-42.36982,3.9837768,56.793865,3.4479997,-17.886951,3.2380838,27.554611,3.2591832,-9.2085495,3.2626984,7.6668816,3.18238,-4.073552,2.9724054,1.2648065,3.269234,3.7786965,3.1858423,-3.625455,2.748788,4.0704384,3.0118241,990.7879046036692,54.13160219760134,1285.393669677905,41.34875743682827,0.0001263191,0.00028846157,2022.5972823919662,0.010229197,0.0009826119,0.042151926841647334,0.005980332415550503
-353.68472,3.6440098,143.89597,3.7712593,-38.60885,3.7361765,64.05355,3.3864994,-37.03807,3.0348313,54.746525,3.1306086,-21.60314,3.1336727,28.695896,3.475648,-13.835684,3.1468441,9.381962,3.008334,-1.8840146,3.0441675,1.7778218,3.1346073,8.3334675,3.0183067,1891.6927216184506,103.00728495394713,2133.0294254125483,37.190319236174766,0.0005385293,0.00069580664,4589.594907827001,0.009186491,0.0010098432,0.08441261238399073,0.01397145189590973
-330.4377,4.7624507,143.55852,8.70594,-85.37417,4.7921114,72.97369,6.600432,-45.57251,4.582128,45.948673,4.880009,-26.024313,4.200044,24.071426,3.8861747,-14.770881,4.514278,4.4448686,4.51838,0.96340513,4.5018764,-0.42553225,4.614355,16.09717,4.205375,2162.9702272573127,146.2274813859487,1807.4215356688046,58.56627170830773,0.0010844291,0.0026509818,4207.667828270011,0.008089142,0.00090633996,0.145535002175174,0.019564397008907473
-380.1229,3.4982529,186.45409,3.618299,-41.30877,3.5014496,58.33061,3.348725,-19.452188,3.1768703,28.591616,2.9729168,-10.638681,3.2556603,8.053312,3.0676389,-4.8126717,2.936926,1.0483027,2.9852057,3.878157,2.9225287,-3.090626,2.9508142,4.9423013,2.9377491,1062.0555388710854,60.13437146840423,1361.2639367598517,38.37990591199452,0.00014091999,0.00028298085,2224.4398360462587,0.010456116,0.0010796826,0.04428405053654293,0.00624922697087553
-384.48965,4.0424566,166.24486,4.218185,-32.55525,3.615111,46.700035,3.775521,-36.129288,3.6326947,37.878025,3.4530091,-23.466291,3.4368234,25.020388,3.6179433,-4.4841375,3.2148576,8.659926,2.971085,-4.162275,3.273526,-4.636293,2.9710062,11.31248,2.9830573,1378.9241352998765,74.27192944164544,1721.0635099842175,60.48178337484541,0.00025090875,0.00068954204,2863.6412299702724,0.009257267,0.001091125,0.06654446418213457,0.00796367711511109
-353.0158,25.498098,155.55025,12.383379,-51.722565,12.222363,72.20133,8.254155,-31.25105,5.9234653,37.83641,4.407939,-22.842314,8.284663,22.930758,7.3698225,-11.376556,4.5473595,9.125361,3.7301009,1.4819676,4.048522,-1.9254183,3.4531825,8.388773,3.7402208,1679.3672655217783,332.86297573135437,1810.2464255672721,141.0245649759414,0.0005074817,0.0010003592,3636.987984429379,0.009127542,0.0013624243,0.08624678255510441,0.035130121199811085
-387.91312,4.029918,172.46442,4.147794,-32.080803,3.6967363,47.88534,3.875541,-38.67385,3.5945847,38.02225,3.4102728,-23.645338,3.480481,24.143871,3.5278623,-7.5148516,3.5129457,7.504775,3.0709298,-5.321942,2.771397,-5.3283257,2.9776924,7.9686756,2.8166862,1313.1718340302493,65.6585317684425,1673.7961272743078,54.67889632706057,0.00021821646,0.00041786596,2647.235036615429,0.009360619,0.0010290539,0.06242069678074246,0.007299996164202529
-420.65125,7.835099,186.77934,5.796158,-24.347212,5.3367004,44.197388,5.1121774,-8.449307,5.044519,28.857721,5.798796,-2.5152702,5.091387,9.779327,4.714838,0.34359786,4.7724967,10.484255,5.133297,6.4589944,5.214623,-1.5326991,5.6166186,4.8440795,5.7253942,868.2341232005933,92.32054272151365,1246.775366438563,93.97137136798116,7.683612e-05,0.00012639808,1676.0675912666763,0.009959579,0.0022873506,0.04040612311484919,0.014922721587431265
-372.18256,3.718218,185.48088,3.4852908,-45.89359,2.9672012,60.934254,3.1930585,-25.020666,3.2039485,32.336716,3.3374963,-12.154491,2.8601494,12.424474,3.0906725,-5.9710226,2.9963026,2.1927855,3.0817416,2.345125,3.1901202,-4.369689,2.914158,5.375447,2.758434,1133.2994324036135,56.47570423444711,1423.345956561836,35.333739922961776,0.00017412964,0.0003203651,2418.8132159947795,0.010351539,0.0009860805,0.04884511854698376,0.006841861552298918
-350.16998,3.4757812,141.30342,3.8640444,-39.909946,3.671058,64.95589,3.4192622,-39.4076,3.4113424,55.524208,3.4999998,-22.427517,3.6353202,28.44998,3.0074763,-13.554345,3.0532446,9.849299,3.0565598,-0.4852855,3.0131605,3.1747673,3.0142703,8.543547,2.9351804,1978.650870204041,99.51751060239307,2166.2629541276547,36.50363967969271,0.0006412941,0.0010707934,4729.585708653567,0.008974927,0.001058041,0.09104462732018562,0.014080709058609095
-340.29727,13.646392,165.02046,6.5942945,-100.30748,7.9755483,65.6846,5.7290316,-41.210526,4.4957705,35.546627,4.546384,-24.775518,4.0444717,19.725006,3.4477062,-10.551354,3.7217638,6.9135127,3.2235963,0.8567442,2.9893932,-1.3416524,3.6577225,11.600024,3.2616584,1863.661373063979,106.39322737002824,1532.5717123727618,68.65820430632299,0.0006465082,0.0011307995,3412.7129291437063,0.0081993835,0.0011452629,0.1324782935759861,0.014783781127622731
-457.55792,59.822716,171.96643,21.940592,-32.16627,16.521242,55.18712,12.706071,-18.427166,12.602062,30.73665,10.066866,-8.964044,11.733971,13.271209,8.5477495,-4.8442073,5.066488,3.5435627,5.2189355,1.6320928,3.667815,1.855732,3.2948835,10.208833,3.1065695,1194.3414816976397,646.2122230752257,1456.8502357273262,262.55272131593716,0.00033087708,0.000814026,2411.768711028132,0.0056171804,0.0026432648,0.05304139174883991,0.06442652462380412
-385.00662,3.3060057,193.75055,4.001685,-44.230423,3.7177496,54.5188,3.3898234,-16.20438,3.4361563,26.345936,3.0650294,-5.9218264,2.9621987,7.63513,3.110873,-3.340456,3.1605613,-0.27709326,2.9561932,3.0754476,2.8450544,-4.5965915,2.95453,2.0018003,2.9238727,1005.3778275703384,49.82994654485647,1271.4916743274573,42.02336039885666,0.00012486038,0.0002498117,2055.771405071781,0.010074808,0.00089409965,0.04409938732598608,0.006830152627588142
-396.54416,5.5923357,183.37416,5.257791,-29.844872,3.374084,49.014973,3.9022958,-19.279755,3.570091,31.132006,3.9366472,-6.9127827,3.8697977,9.06333,3.4279866,-8.300275,2.99635,9.269879,3.3123329,5.227268,3.0695531,-0.1876375,3.3451438,8.163763,3.3428435,1006.7003588093577,106.24325901362697,1387.4270950787147,115.19150606955418,0.00012008052,0.0001891076,2003.7619747861079,0.0099763535,0.0012276795,0.041499374637471,0.0217984928961347
-380.3536,3.5649216,187.70966,4.2576494,-43.19872,3.6856427,59.38853,3.8190215,-20.732775,3.3613434,30.179407,3.28826,-10.634857,3.0296783,9.646178,3.0614529,-5.2455273,2.972299,1.6696726,2.927181,3.3221133,3.0147448,-3.5241401,2.8801696,5.4590816,2.9418273,1070.7269126562064,61.961732419073584,1369.3275953003615,47.38070615563472,0.00017957645,0.00067798333,2249.1205839435906,0.010243706,0.0010124057,0.045946019431554526,0.006426767453986263
-418.124,6.4306097,186.9678,5.872021,-22.038898,3.971478,60.486614,3.9360409,-16.689306,4.393983,34.05442,3.7900274,-10.826119,3.6887796,16.265123,3.4361491,-3.9197743,3.0725625,5.124755,2.879543,0.3511672,2.9016373,-7.831007,3.0845037,4.036362,3.4123116,883.1326337224378,89.89764888515685,1350.0422111573314,101.51207192704771,9.3293485e-05,0.00028509053,1756.0052362782772,0.010301979,0.000767355,0.031689566415313224,0.0070801156269945245
-382.91003,3.4857426,191.99014,4.275823,-43.9498,3.9383807,56.106632,3.5395982,-19.340517,3.2605495,27.54266,3.2654786,-8.673242,2.8981345,8.709828,2.827846,-4.0138454,2.7352042,1.3083017,3.0504298,3.866904,2.767445,-3.600762,3.0497296,3.9539852,3.263938,1031.7813827984257,58.986999054699716,1310.6698591280335,45.803372674932554,0.00015417903,0.0005137357,2121.8698452907483,0.0100938855,0.0010044754,0.04383542089617169,0.006932569648555587
-387.54474,3.448853,194.65332,3.5807946,-42.483105,3.3726132,57.166363,3.43882,-18.265488,3.2959948,27.016132,3.057111,-9.470489,3.2407262,8.368208,3.013894,-3.8888829,2.9299016,1.5124387,2.8557498,3.5617766,3.061641,-3.6478796,2.9485204,4.49846,3.0141194,985.8681889580232,53.92151041555293,1281.0563602643485,36.68749847950919,0.00011700388,0.00021641853,2016.3021928473029,0.010398318,0.0010394668,0.04242948810904872,0.0061090666654665705
-374.64676,3.3882794,182.51036,3.346,-44.058395,3.2136314,60.18839,3.3490562,-21.86894,3.2548785,32.558044,2.896857,-10.148846,2.8322535,12.226348,3.047227,-3.8767405,3.1046197,2.8154664,3.0061507,2.8829184,3.077801,-4.1553288,2.999062,4.871308,3.1443353,1126.1705955826187,64.52738143305343,1429.3705605855819,34.927595308330005,0.00015998744,0.00022114115,2420.9115791763343,0.010480556,0.0011352961,0.04543281431264501,0.007206357552775837
-395.19662,26.067978,170.11775,22.30873,-32.179653,9.102268,60.57506,14.715767,-12.570908,7.9730544,21.370337,4.4776316,-9.841045,8.498568,13.654748,5.405174,-3.0111887,6.066055,2.4206984,4.5936027,0.57385755,3.567489,-0.38940266,3.572554,8.569063,3.486494,1167.183498939067,363.8628654296419,1464.0636845688625,297.22406956246436,0.00015680461,0.00025230486,2535.122489486659,0.0104009705,0.0022485917,0.041715759135730855,0.017650479770305323
-348.3732,11.411502,163.7666,7.487832,-51.69046,6.4633994,67.525764,4.114716,-37.098038,5.1266136,39.798878,4.924249,-31.139275,4.169603,22.299105,4.157576,-7.901434,4.693266,4.593086,3.4357882,-3.828985,3.4149399,0.6761557,3.4709373,12.723336,4.2010946,1623.7548194425467,128.11541845278083,1786.7378554160775,90.1936220952979,0.0004767205,0.0010348015,3589.9246959287993,0.009393645,0.0014279342,0.08619240320475638,0.013921337077951347
-381.8607,4.2495437,190.01697,4.9745407,-42.10127,4.066851,53.071663,3.7449555,-16.810898,3.5698385,25.873346,3.2419877,-6.2363515,3.1774437,7.864318,2.9736607,-2.317389,3.0882378,0.9092739,2.8178136,3.3474886,2.9781463,-4.2680883,2.9600387,3.288247,2.802819,1028.4289687472697,65.94412071357412,1302.1488418226447,64.40030901799152,0.00017400176,0.00090220396,2106.656712224478,0.010139766,0.0011048219,0.044362220852668215,0.006761807486922785
-340.836,11.144773,164.3119,5.092134,-76.5803,7.368668,71.71777,3.4737725,-27.53672,3.5560403,35.398495,3.7988446,-22.423512,4.1935754,18.540644,3.1765485,-9.744278,3.7541635,3.9723852,3.3096058,1.2127583,3.069452,-2.350779,3.1481855,11.851665,3.159381,1681.6939812500204,111.26296482314746,1603.756954986948,45.58784069271226,0.0004917235,0.0005854788,3295.304513032918,0.008868579,0.000674238,0.10152398129350348,0.014708308371041406
-377.81744,7.397532,163.88197,4.79006,-38.276855,4.2012696,71.73401,3.7625751,-25.587612,3.7154422,47.100323,3.7281728,-19.60534,3.2938485,25.335844,3.1361277,-9.3168335,2.9126103,8.000835,2.898852,0.5199277,3.0019019,-5.57647,3.0306928,5.262388,2.90233,1362.0457466242538,110.25502573381432,1771.9570668930676,80.798667646469,0.00023296634,0.00019058542,3189.062386709687,0.010010124,0.0007316553,0.049991616516821345,0.008351898815587244
-367.35065,4.3106036,159.51651,3.997504,-41.977436,3.2750504,59.00708,3.8774283,-44.62569,3.5098643,37.60851,3.3316321,-22.139338,3.4721184,33.06531,3.3699942,-8.9309435,3.3753302,-0.42590263,2.9443674,-1.6649756,2.9775238,-3.8089755,3.0392556,9.705874,3.1552956,1614.108032749099,73.63137953313387,1847.2048936455533,47.3409314912628,0.00040562413,0.0008448193,3674.0840478175755,0.008826739,0.0008833317,0.07733989812935035,0.007733960863419635
-390.1188,4.080714,191.6027,3.3352091,-38.193943,3.0538747,52.786045,2.9708374,-14.376976,2.9378324,25.638855,3.1573896,-4.6591287,3.1454992,8.923088,3.0062099,-0.8773987,2.9807463,2.3737388,3.273507,4.0556273,3.1546714,-2.5649202,2.989343,5.0799828,3.0362194,959.3440456760893,53.04294229571838,1270.5752885323996,35.10508979808712,0.00011097245,0.00023421638,1961.7697306409514,0.010302598,0.0010491906,0.03951339544663573,0.006391317777287831
-383.0858,3.7532365,160.20367,3.4578567,-25.109211,3.3348944,53.308804,3.4490483,-36.35972,3.4676728,40.696346,3.124867,-23.165283,3.3010464,21.99052,3.4814968,-7.507391,3.339316,15.641039,3.2615564,4.640318,3.1927552,-1.9311453,2.9782329,2.5799255,3.053065,1420.8855716682826,64.33619640172137,1840.453052201366,48.66575563547853,0.00022826194,0.00034550283,3324.5317144902842,0.009806421,0.001050525,0.05831052421693735,0.006150519523447961
-329.2211,4.4159718,142.07845,3.5076885,-55.981625,3.6358957,78.70433,3.6054277,-42.59622,3.5632293,44.57725,3.475803,-23.529278,3.294953,22.616924,3.0342677,-11.597019,3.1706686,7.169362,3.557086,1.9175731,3.0916374,-3.6714337,3.091529,9.969918,3.0707715,2034.2396417849302,78.79709279318175,1981.2809125970975,33.29379437984274,0.0006971469,0.00037990353,4434.940545243619,0.009314009,0.00074037915,0.11046598571635731,0.01373330485224775
-372.44635,9.741732,185.13008,4.2119265,-50.596428,5.530887,63.55217,3.6339056,-25.700497,3.798576,34.505756,3.492284,-13.422616,3.5331867,13.09917,3.15091,-4.979005,3.3718874,3.3916674,3.0560248,1.6551273,3.770896,-4.206284,2.9725516,5.4210696,2.8973444,1174.4684664038434,94.01391180546464,1444.1054250568736,51.19514131820126,0.00019513036,0.0004015369,2523.6564335303074,0.009973671,0.0008965402,0.05160373767401392,0.009443644712519354
-391.09595,4.0119686,193.93912,3.413916,-41.21459,3.3317182,55.08958,3.4913166,-17.797878,3.0788422,28.571878,3.2099764,-5.5578494,3.1140163,10.033414,3.0385556,-2.009604,2.9123416,1.9578608,2.891092,5.2320924,2.9509702,-2.1666448,3.0249434,5.261632,2.7200253,966.365991405146,54.214864485300716,1278.9281786413596,34.7992141455851,0.000108737644,0.00020850162,1973.7104163645593,0.010516485,0.0010850414,0.037815173651392114,0.005756245028403901
-388.6211,3.700032,172.35883,4.0762687,-37.510883,3.2824721,46.298023,3.5862389,-39.160583,3.152936,41.885387,3.6657424,-23.70081,3.5370927,25.762066,3.2650607,-11.822023,2.827696,5.2797346,3.2552488,0.06423991,3.127942,7.4101844,3.1518788,17.77974,3.0324013,1373.453204262136,63.72868415528743,1702.3993518000736,48.68850571983158,0.00024322268,0.00031479014,2753.5521044808584,0.008646869,0.00085050927,0.06739754024071926,0.007182426986204275
-384.68533,4.1584697,193.51585,4.633078,-43.683884,3.968195,55.67444,3.6543999,-19.797564,3.3482099,27.499826,3.1547523,-9.081759,3.294303,8.92039,3.1357844,-4.072224,3.0400264,0.7608051,2.9287677,3.4742286,2.7520087,-3.695599,3.1785626,3.9570656,3.0196867,1016.4897797711957,62.66409268635824,1298.775812977101,57.85644607724322,0.00016123823,0.00079177093,2076.505231746665,0.010124135,0.0010896951,0.044329366661832945,0.006870579755881035
-389.27628,3.6705148,154.98668,3.1744535,-16.958597,3.3679323,52.20057,3.3882482,-31.804176,2.9303942,37.143494,3.135884,-22.389286,3.2356176,18.29787,3.4569445,-9.651879,2.9339333,10.615603,2.946511,6.7115355,3.209332,8.201439,3.4151487,13.787388,3.0390944,1369.9745865347904,73.02319835430144,1836.1444264517247,55.1900987545952,0.00017652506,0.00018645929,3231.0796113689094,0.010475119,0.0014970026,0.050933059019721574,0.005581371199919758
-358.5427,16.547968,178.57477,10.369535,-54.01756,3.8366323,66.20256,5.0751157,-31.647305,7.0877624,32.20863,6.425308,-18.093271,5.611,16.119003,4.153222,-6.5212655,4.006445,3.4662263,3.8484457,-0.95683986,2.980539,-4.910683,3.132355,8.414742,3.280564,1346.656724903109,199.70247804153797,1545.93388885739,158.7254136511731,0.00029276003,0.00062052003,2932.4125851943154,0.00991494,0.00085040956,0.06405321019431555,0.014687242488083218
-339.00677,29.713804,139.46126,14.657305,-55.05889,7.130769,67.60332,5.83265,-39.284622,7.8437185,37.581856,7.6433306,-25.441004,9.2153015,20.309813,7.5513144,-16.01335,6.7853184,5.029297,3.8673837,0.07957841,4.258514,-2.0324028,3.666662,9.459708,3.7148795,2059.5264815224373,402.75446653106326,1951.7865494081989,212.85989013032156,0.0008024048,0.00073728303,4390.225425065255,0.007973302,0.0017539932,0.125492812862529,0.04216701493655444
-375.8262,3.8155432,160.27809,3.278105,-29.802908,3.1810617,55.134323,3.0954425,-35.22998,3.1496086,40.32011,3.2327607,-23.16952,3.1245406,20.57818,3.4744308,-7.8767595,3.3616092,16.67389,3.3666518,5.0661316,3.5203447,-0.40027803,3.2853582,3.9156468,3.2647862,1443.1030408877057,71.98202203565405,1825.2666277317192,48.203148009216754,0.00022887623,0.00015828879,3359.6792977813225,0.009985924,0.0011983068,0.05955331895301624,0.007141175971505379
-386.8444,3.5367765,193.91232,3.897732,-43.28878,4.08778,57.29013,3.5211763,-18.075489,3.320265,27.636969,3.0993154,-9.33436,3.175843,8.405824,2.9577954,-3.3939738,2.7917416,1.00814,3.0462084,3.5047734,2.9396155,-3.3643258,2.941257,4.6687846,2.9290884,1000.2387686280504,54.116834435555425,1291.502385665621,46.38557254453647,0.00012777204,0.00038977183,2055.421677874855,0.010360092,0.000982824,0.04152429850638051,0.006172885507196482
-373.1681,6.3542767,167.40204,4.2819467,-40.74932,4.090316,56.532013,3.2852178,-26.156218,3.822885,42.62819,3.6035538,-10.592887,3.2189763,24.096718,3.7033331,-9.126714,3.2636542,4.6015334,2.8710465,2.146097,3.1375663,1.206179,3.160904,9.434871,3.4589274,1307.3412909715776,87.90495053571254,1656.9830716338463,61.9221520118935,0.00023123896,0.00021440188,2858.770029727378,0.009713799,0.0011744385,0.052430756960556844,0.009163907148387437
-382.54944,3.592546,167.41039,4.151048,-26.94969,3.9146216,44.63341,3.3501842,-37.744305,3.649888,35.807804,3.532163,-22.774069,3.2278838,25.316431,3.0312822,-4.4477587,3.1602886,10.250589,3.4279425,-3.1425462,3.1425788,-4.0585394,2.8033733,8.218366,3.3973837,1352.7167054487102,74.033113103562,1727.447494633859,59.06618007810069,0.00023572022,0.0004854246,2796.54356918866,0.009508669,0.0013000558,0.06578655198665893,0.0071302570540068356
-431.62994,14.490948,186.18091,9.689859,-20.875334,8.716775,46.97377,5.0895505,-9.047624,6.191254,28.780127,4.9548526,-0.5909153,5.025727,11.733294,6.133338,0.9898468,4.29898,7.244689,5.759143,3.359447,6.453681,-1.1599174,4.4715633,6.957531,6.8299136,847.8557747203502,173.3952428234304,1245.6986118372877,129.93722141064762,7.834522e-05,0.00024820952,1653.2354014102377,0.009822143,0.002649448,0.03443005909222738,0.017750981869860644
-372.81924,3.2677505,182.16281,3.1629994,-45.117714,3.301101,61.5566,3.544743,-22.94643,3.5041356,32.828785,3.070025,-11.257099,3.0714543,12.653093,2.9869773,-3.9606667,3.1221821,3.010048,3.0244546,2.9496608,3.103648,-4.1577754,2.886677,4.4909315,2.9914782,1149.0669983400726,61.57896351667279,1445.26042989707,33.52969058986017,0.00017264156,0.00023635464,2487.034999909368,0.010271301,0.00104055,0.047782455408932716,0.006766492502131575
-381.08795,4.3659964,176.9789,3.8468893,-38.44252,3.2253282,54.447155,3.3143685,-25.593428,3.5285223,43.074226,3.0793753,-7.2859206,3.2346473,20.140905,3.4933543,-10.958642,3.1552603,1.7216457,2.9420729,0.32697904,2.8079822,1.3637174,3.184735,9.744557,2.8358772,1165.5349255546478,76.96543565077654,1533.0332599707904,60.434381491649546,0.00017257051,0.00014127487,2442.9194120685906,0.010010005,0.001015313,0.04843727341937355,0.0072812630005377795
-339.11658,16.944214,155.48996,19.315302,-64.511314,5.7963085,62.577545,10.24022,-49.891666,5.103038,43.368294,6.6079216,-29.103252,5.833765,25.8151,7.78748,-14.833148,4.544688,9.4861765,3.8430874,1.1987894,3.670814,-2.8639178,3.554383,14.540275,3.6041605,1887.7729655926157,295.0425750814449,1860.9975768696474,205.45603718990142,0.0005469363,0.0007514112,4005.975157700116,0.00896235,0.0020749078,0.11711952581206496,0.025181941214529734
-378.78183,3.769565,192.07686,3.9351716,-47.774063,3.5692332,61.599277,3.5311084,-24.783215,3.118194,32.14082,3.156667,-12.224951,2.9397972,11.333024,3.0457592,-5.867074,3.2041512,2.1622782,2.9334295,4.208188,2.9056962,-3.5238924,3.0897973,4.6207976,3.073339,1080.650025534338,54.8188916154426,1364.38106791604,39.73107616882094,0.00015741232,0.0004433551,2261.5358994344547,0.010247879,0.0007666572,0.04698602450696056,0.00610704776246814
-349.57657,9.267238,167.11615,6.722845,-58.88537,6.955522,61.411144,8.706837,-30.12236,3.6256986,43.217754,5.5754266,-17.417809,4.4550877,18.549433,3.572441,-10.463801,3.8019512,4.786142,3.4070868,-0.026620746,3.3674822,-3.6946282,3.2332568,7.4570227,2.9683254,1510.4170134770623,128.82641524658865,1656.835949859225,60.09807245692633,0.00043369294,0.0011663638,3178.970259026972,0.009297442,0.00078619854,0.07565187246229699,0.01297293584888026
-341.86118,12.790798,142.374,13.043609,-62.842064,5.170372,71.12723,6.8389306,-40.794518,5.958524,44.065857,4.759245,-25.483406,3.4538393,24.598066,5.018823,-9.683732,3.9146683,13.334478,4.3024387,-5.991515,4.643624,-3.4088182,4.1225657,13.72113,5.4111857,2069.102177008973,220.49714113277773,1944.269490011011,119.13366284350383,0.0008415017,0.00082092354,4270.244016005656,0.008139084,0.0020705159,0.12442108649941995,0.01907089540705705
-384.451,3.257751,189.89015,4.4242296,-43.643326,3.7528503,61.81573,3.6216083,-21.347599,3.4382625,31.069412,3.2657032,-10.660238,3.1857245,11.124028,2.923832,-4.6275334,3.105698,2.5743608,2.9406555,3.4164932,2.9237187,-3.6390755,2.8203628,5.13317,2.8273795,1043.5631386483003,58.54718014321231,1359.3082357353996,49.73504943307421,0.0001519742,0.00050134206,2204.8301325043503,0.010225043,0.0008857959,0.04311716031032482,0.0057864715164671525
-380.62836,58.666317,154.63931,38.70753,-44.22888,12.995333,69.77747,18.758238,-31.21898,16.812782,35.51094,15.272394,-20.454868,13.773947,20.126993,12.840323,-8.718338,8.798103,7.345605,6.9692287,2.3066747,3.8110418,-1.5701896,3.232449,9.400297,4.0168815,1832.9821150157966,986.7036486517841,1735.2999227562154,487.77459935106407,0.0007541768,0.0013552384,3679.6547024543215,0.007930754,0.0016077275,0.10942824644721577,0.08666360331533159
-373.98218,3.437493,183.75775,3.325891,-46.60054,3.2055974,62.615616,3.0358512,-23.691704,3.1545887,33.059597,3.0343077,-12.023741,2.9619527,12.02327,2.896225,-5.860147,3.1225257,2.5577033,2.9903636,2.4288604,2.797874,-4.3417277,3.001141,4.909259,2.9347394,1145.02992358772,56.60862080845203,1436.2644898373512,33.24064243287744,0.00017173086,0.00026803,2472.746145863544,0.010160628,0.000913739,0.04857662050464037,0.007245422617799547
-366.09027,3.9314494,154.42978,3.9532971,-46.07702,3.6559494,62.7857,3.9515128,-45.146355,3.4424312,39.072163,3.3335023,-23.823603,3.5263572,32.176785,3.350614,-10.825609,3.2831469,-2.2605073,3.1597025,-5.9842067,3.0833998,-3.1522665,3.0880425,10.945879,2.9040573,1732.5174306388085,80.94592890817972,1897.2588251467926,43.269862137086676,0.00045325418,0.0007539516,3984.1172078922564,0.008541744,0.00094787474,0.08503797491299304,0.008700859941560243
-384.9486,3.5440958,197.36522,4.7311416,-46.712723,4.135907,56.60062,3.9228625,-22.257998,3.2551868,30.457836,3.019543,-8.433146,2.8045952,10.281352,2.844447,-4.389418,2.7966475,0.9502016,3.2759092,3.929648,3.2145278,-3.6513557,3.1112165,4.684979,2.9701426,1010.8550622206802,58.86986192692364,1287.2255855572491,59.36417520786642,0.00016738244,0.0009428192,2040.2085448085847,0.01015268,0.0007745716,0.04555403494779582,0.006041746593674569
-427.18466,7.7948074,191.9399,5.934261,-16.333136,4.259862,51.905117,3.9218693,-12.624753,3.9682062,28.141285,4.2638955,-4.554807,3.82239,15.410256,3.6164677,-0.669938,3.2809565,2.230011,3.4739304,1.284001,3.3866606,-5.679123,3.6546366,4.3254566,3.3825285,788.4635211160083,80.0155212847494,1230.5113106869342,93.29788952140447,7.55128e-05,0.00025476006,1471.2773369525812,0.010218437,0.0012876242,0.026560913935614848,0.005644779868370606
-379.7988,3.8895893,167.01631,4.4635134,-30.50445,3.5083768,46.83302,3.6808577,-36.81634,3.7094579,40.116737,3.3040044,-22.893385,3.4086664,25.834578,3.187394,-6.077476,2.947992,8.379601,2.8471177,-4.8882008,3.0302486,-5.1520505,3.0064144,9.219581,3.244805,1391.3584569936452,74.81153815710253,1755.9899933926288,63.93998827923654,0.0003004048,0.0012476767,2938.50783062645,0.009272883,0.00097089366,0.06674951964907193,0.007501929540126172
-377.9172,3.7844846,159.07349,4.26484,-22.531082,3.4192708,43.489414,3.4895687,-34.431248,3.740714,31.49043,3.5640502,-23.268345,3.3719409,20.704258,3.0831375,-4.1447067,3.0570235,13.57359,3.075164,2.9761784,3.0976925,-2.868458,3.21464,3.9485,2.8741014,1406.940419551754,75.288336969578,1776.1788004093044,63.137997677277426,0.00027921624,0.001242932,3032.9091932823376,0.009943708,0.0017066388,0.06713697252030162,0.005935248262498021
-376.06247,3.463432,168.88618,3.9008567,-33.55381,3.4330568,47.708553,3.3817337,-40.71844,3.5107203,38.392418,3.2789705,-24.028028,3.276868,26.457354,3.2938514,-5.6241865,3.4654567,10.695164,3.1019108,-2.5043151,3.0762098,-5.099728,3.0155752,5.6610875,3.0809777,1404.8192274225137,67.44204688035894,1744.991610414494,51.229369011835175,0.0002732949,0.0005561352,2967.809973626015,0.009399159,0.00087427354,0.06786996084686775,0.006686748813247955
-379.6436,8.903119,187.13522,6.218245,-44.089516,8.2228565,61.704636,5.764984,-20.591167,4.7017283,29.427452,4.671236,-11.3303385,3.5429144,8.55544,3.7335563,-5.535266,3.4629633,1.2138431,3.331798,3.471446,3.1323824,-3.4090364,2.941496,5.74393,3.3829665,1094.3054759808824,102.4768625121297,1380.0800160623194,90.41740986126605,0.00020031375,0.0012368892,2323.812321001305,0.01032017,0.0010538156,0.047091384498259864,0.008631253429034251
-414.42807,7.106717,190.42928,6.135143,-26.789974,4.580819,49.05649,4.7592945,-13.208856,4.410735,29.869839,4.952297,-6.2993402,4.7504315,11.448729,4.4921613,-2.972522,3.93274,10.406564,4.256481,7.5929413,3.783133,-0.39141938,4.1066236,4.011669,5.0352383,883.4883193731176,88.2351472610622,1275.359103982232,109.13968630503122,8.517829e-05,0.00016186587,1708.9919088058296,0.009915164,0.0014524509,0.03770868075696056,0.011765852952264387
-380.6219,4.3090034,160.69756,4.407378,-27.470943,3.5626895,52.717995,4.1211057,-34.61339,3.6781864,40.4828,3.4719355,-22.81405,3.5973425,21.931255,3.5246754,-5.639703,3.503086,16.54935,3.2285273,4.944058,3.0025144,-2.5577765,2.8668513,2.2734854,3.0922232,1406.4735953067861,72.96635027886511,1811.3508575538474,58.87117851617076,0.00027955073,0.0011242421,3220.263048778277,0.009907968,0.0010608889,0.05690572433294663,0.00607968747797345
-425.01855,13.50149,185.09499,7.609165,-14.9843445,5.560385,45.475113,4.059058,-5.9671516,5.4899464,25.205608,4.1566296,0.35147995,4.405971,8.388312,4.3217244,0.95856905,4.1158648,7.585842,3.4773827,4.968764,3.6671042,-0.30065662,3.6758633,5.5128217,3.8518655,806.2583393985766,114.66681922405587,1227.5578095245698,111.13214082577512,7.453299e-05,0.00015758126,1556.585792488399,0.010048578,0.0026382166,0.0296865936774942,0.009630998564707376
-373.06354,3.5247233,184.32185,3.835292,-45.572968,3.4704137,60.82518,3.567904,-24.71705,3.4371061,31.565111,3.175805,-11.920595,3.2614899,12.441456,3.225688,-4.248598,3.125516,3.4505153,3.037228,2.45748,3.113303,-4.878872,3.174189,5.366041,2.8450491,1142.8331643476,57.14371066899789,1430.3614230674418,39.30729558267226,0.00018584404,0.00044431043,2447.141118945766,0.010203032,0.0009453107,0.047982979263341066,0.006826656752571162
-383.76474,3.257165,197.15242,4.3246303,-47.82537,3.8723187,58.37267,3.491802,-20.17477,3.2752628,27.815464,3.2562268,-9.225231,2.9561796,9.459553,3.3219354,-4.1224647,3.0523844,1.1492268,3.0006313,2.6723838,2.9333084,-5.0652933,3.1446629,2.8937762,3.1737943,1020.1794099624909,51.486093230494745,1281.5414558584546,46.15183529533671,0.00013801601,0.00041691912,2091.2437350456785,0.0101528475,0.0007907806,0.04563560397331787,0.00577728370474317
-378.88275,3.5528936,163.53261,3.6099162,-21.896484,3.3945005,46.678986,3.2694235,-36.196953,3.081492,36.575085,3.1259804,-23.962286,2.9611337,19.668394,3.2102098,-9.582458,2.8202975,11.753008,3.070266,5.0457287,3.0376492,2.778483,2.869844,6.222236,2.977223,1364.137832524811,71.95734296967613,1778.1386229647846,58.200953091061656,0.00022504035,0.00043985303,2968.35954493547,0.010132931,0.0016396699,0.06093999238689095,0.006234163048495064
-393.75095,3.8002248,175.40633,4.498638,-39.261425,3.5704641,47.930416,3.8374834,-39.103584,3.8511608,44.552376,3.3519895,-23.341265,3.3821347,27.002848,3.3115008,-11.607537,2.9912848,4.386964,3.0479484,0.65352297,2.980992,8.034787,2.6957445,17.713625,2.9550092,1351.940467789816,67.67626885830049,1685.4082417383513,51.38094879735555,0.00031773016,0.0014218201,2682.1827757939386,0.008190232,0.00081952004,0.06812712985788863,0.0072564024238990135
-383.8871,3.9582653,177.14471,4.7449327,-34.019306,4.195284,46.710037,3.7149568,-35.23037,4.1088667,41.99797,3.7738445,-25.455282,3.5914686,23.638899,3.1880019,-15.723211,2.9081151,4.0835376,3.1124225,0.48915917,3.010943,8.29718,3.2425714,15.156293,3.435889,1298.1568185826343,65.70809281459738,1663.4345868375985,58.62122161814789,0.0002573824,0.0008723472,2465.8015629531615,0.009317487,0.0008412059,0.06441234048723898,0.008493665898993322
-391.72318,3.684209,173.3661,3.3749056,-32.753296,3.317763,48.01963,3.1084266,-34.829933,3.058946,39.833435,3.0487344,-25.993256,3.0350916,26.23734,3.2582817,-7.360117,3.0541484,4.383676,3.2396793,-5.5121098,3.1796064,1.252925,3.1166954,17.95747,3.1216044,1304.165500364809,62.07766928647926,1675.8614885776376,50.04366392643388,0.00019211642,0.00020779662,2544.715006888051,0.009231645,0.00096373516,0.06341765153712298,0.008144119367424955
-348.70605,9.77272,162.46698,9.171923,-61.107018,5.0844326,73.46358,4.865869,-25.429298,5.102061,25.981312,3.591854,-13.679751,3.6595209,18.294653,3.0168672,-3.831441,3.0126095,5.7674036,3.3217669,5.0859447,3.1661541,-2.2623763,3.3724344,9.6693325,3.111505,1539.90348538488,149.816148572609,1605.1742215102247,70.36650154001164,0.00045617888,0.0020301582,3238.29897993402,0.009679104,0.0017678799,0.08101843459976799,0.01653461328049718
-400.69894,6.1633873,180.92426,5.905928,-21.037594,3.739173,45.774097,4.111056,-26.447937,4.342774,24.719337,4.41533,-15.23959,3.702497,9.849138,3.1895897,-3.6519597,2.9376411,6.1019387,3.254475,6.5607724,3.1749024,4.308059,3.0235817,10.032402,3.2219424,1015.567957523432,82.01548476558007,1380.8874194204896,98.50787266546867,0.00013867267,0.00079051306,1879.1092095961426,0.010803861,0.0017034957,0.04681269032772622,0.005236284895255526
-385.2035,3.3829002,183.03633,3.3027606,-45.192993,3.2691271,54.47589,2.9629087,-26.01901,2.8706417,43.683266,3.2467227,-4.3498707,3.1805315,16.305807,2.9524555,-10.780781,3.0865655,0.91398126,3.0525484,1.0756863,3.2068188,4.241759,3.0933728,10.603273,3.07828,1136.7449391129423,64.11605638868588,1445.2331737360034,36.762149494524856,0.00015294804,0.00012007842,2305.5265847049013,0.009853662,0.0008940175,0.05415843423723898,0.007431809316956065
-346.78027,7.4701176,158.65712,5.4380994,-103.58348,5.0516014,66.19653,4.254064,-29.935856,4.307676,42.064106,3.8160906,-24.299816,3.3363357,20.556908,3.6630268,-12.925189,3.5808463,2.4152987,4.1117845,-2.5140474,4.120273,-2.187883,3.0403101,13.745539,3.2652183,1904.8189158097148,79.62237705666362,1512.3769348337414,33.71369354486489,0.00060258823,0.0006746668,3357.406071001305,0.007882343,0.0007132282,0.1386560143561485,0.012261392543807863
-363.52695,14.047468,180.66653,7.832066,-48.80316,6.0006404,61.278748,4.5988803,-31.045803,5.752439,31.987698,5.038546,-13.855675,5.048205,14.972222,4.2668505,-5.070138,3.7580757,4.628704,3.4833539,1.8306024,3.3763585,-5.4887776,3.3752806,8.15508,3.3955767,1258.5051499114993,138.59577613075635,1503.9150697227515,120.98000670949881,0.00022649502,0.00037302618,2732.1438039261893,0.010204828,0.00089369994,0.056315481801044086,0.010999666599355069
-386.3365,3.688529,177.41766,3.9093752,-38.379494,3.41154,46.44174,3.6005907,-38.909298,3.0470815,39.751976,3.447786,-25.811607,3.2871022,26.01384,3.1271195,-11.146364,3.1905224,5.933386,3.440835,1.9559401,3.294207,8.920598,3.0936935,17.073929,3.4364097,1315.9278671029292,68.62948756438851,1642.86438672127,51.28347010802666,0.00021283337,0.0003201517,2508.1185537811775,0.009345082,0.0009850286,0.0667959686774942,0.008409048421507515
-386.42175,3.497642,194.64832,3.9239166,-43.82441,3.5462244,56.72207,3.4611,-19.822107,3.355594,28.407345,3.1508288,-8.455638,3.1839776,9.641825,2.8427198,-3.7232556,2.9941452,1.0988945,3.1772368,3.4760716,3.0289254,-3.7682734,2.6804454,4.2064953,2.800144,1002.3442422890025,54.87539281959904,1291.5138374908609,39.483625303302084,0.00011982483,0.00018240839,2046.453673325116,0.010212181,0.0009469094,0.042609619707076565,0.006054654922905892
-381.13034,3.3430965,176.27216,3.8798969,-38.512787,3.6262329,46.93239,4.20042,-39.470387,3.7537138,40.317387,3.3655677,-26.962343,3.5535977,24.311756,3.2267287,-14.055987,3.386198,4.730207,3.1561508,0.69170374,3.3770087,8.430042,3.3473828,17.248602,3.6058345,1355.4194886060575,56.94068629669355,1675.6089017624581,43.249976095635354,0.00025099778,0.00050448056,2623.628450822941,0.009132392,0.00077544607,0.07003947034512761,0.007107390574680176
-392.672,4.2009654,184.60223,3.579916,-35.48729,2.9151096,50.47437,3.1909382,-20.769041,2.9625251,36.805645,3.2215812,-2.4176402,3.5395274,16.109077,3.2292235,-5.220488,3.185767,3.0997386,2.855994,1.8640257,3.1401896,1.1185377,3.1715677,7.635699,3.2294402,1017.9238712245262,63.63577570690289,1384.2457339059533,44.300983905427806,0.00011668069,6.76725e-05,2040.2085448085847,0.010087928,0.0012256044,0.039213176116589324,0.007098033679263724
-422.6651,3.8540165,192.12622,4.1650925,-16.441301,3.5005498,47.39308,3.2274768,-13.685817,3.4795895,23.749031,3.5712485,-3.3223188,3.6889534,13.749474,3.3544302,1.0739454,3.3140233,6.03055,2.9252033,3.037562,3.037079,-4.0241294,2.9619715,3.787256,3.3389745,795.5603321885194,67.53306311832118,1215.0733159640038,73.55778310801465,6.9706985e-05,0.00014401431,1467.3054352160673,0.010213471,0.0015130044,0.029364849187935034,0.006689587803986725
-370.281,3.7926838,159.15431,3.864171,-35.84679,3.707865,62.53133,4.1320486,-39.74552,3.8338757,30.407299,3.14515,-21.65262,3.3139591,29.652693,3.1945338,-10.377887,3.6242511,13.845069,3.163372,5.6944504,2.858762,-11.147169,3.0860562,2.5260086,3.1579294,1535.6000360954424,72.8353700441463,1820.2314272662613,50.806382852831725,0.00034775282,0.00084185885,3377.8151509933296,0.009381188,0.0011302858,0.06996469873839907,0.007601927580401004
-385.9198,6.0779843,195.45746,4.573893,-44.451637,3.825527,55.047764,3.6676526,-20.268566,3.753249,28.067926,3.2635348,-8.473309,3.1199632,8.456055,3.1240566,-4.3417535,3.002975,0.9332328,3.0141056,4.1462417,3.1522222,-2.4202092,3.173087,4.843915,3.0985332,1006.6344457325038,54.732743915142684,1282.3706290522302,45.76186365644603,0.0001309419,0.00040340066,2029.1921381054235,0.010215697,0.0010390116,0.043270102233178655,0.006603035886705183
-354.80264,6.4155035,151.10757,5.26899,-46.378548,4.585591,72.2843,4.3209214,-26.272608,3.8899596,47.35459,3.66433,-22.170696,3.634898,26.275812,3.4400263,-9.675174,2.8955777,10.49611,3.0657098,2.681736,2.880238,-2.8030107,2.9739904,7.041095,2.8330598,1658.5323924367842,129.9268866402303,1912.2056610237719,76.30901755774629,0.0004324389,0.00089939946,3825.890631797419,0.009853177,0.0008293067,0.0692577671838747,0.011660210978303326
-381.63293,3.149136,188.81664,4.432742,-43.59117,3.733741,60.492832,3.7087798,-20.612389,3.4266915,30.748804,3.183532,-11.486798,3.0543942,8.941926,2.66458,-5.815297,2.960219,1.1477494,3.0674798,3.736685,3.1234486,-2.7925591,2.9204922,5.3820534,2.939335,1064.118692215497,63.81341357225108,1363.3122775412385,52.82068454445833,0.00017878902,0.00088975485,2234.4320416727087,0.010313293,0.00093486975,0.044793856946055685,0.006324186759133217
-373.3976,7.814063,191.23457,4.2308784,-47.61774,3.8584263,57.924053,3.1938827,-24.270351,3.7163007,29.223381,3.238152,-12.683904,3.6880531,9.248553,3.538293,-6.3134956,3.1299052,2.1470993,3.092601,4.371727,3.2371473,-1.9615451,3.243759,5.934622,3.1046348,1096.6192821924344,68.53555131388674,1355.0133186357496,47.51931699807134,0.00017035201,0.00040135012,2259.7622829357597,0.010189103,0.0009767637,0.050970444823085846,0.007212005815694517
-374.99448,4.4393034,155.70027,3.3299367,-33.74939,3.8457046,54.490166,3.4566672,-37.640274,3.4470341,31.606901,3.2584915,-20.111717,3.228628,30.630804,3.4210591,-6.696731,3.1933887,6.266454,3.3240592,1.7263479,3.184466,-12.710068,2.953157,3.3248441,2.899711,1538.6971696563742,74.08212229182202,1806.9976480694468,46.89596121723564,0.00028712786,0.00028152272,3355.4825714182134,0.0091859605,0.0013925808,0.07372480423433875,0.00805125554409793
-386.3648,16.77313,196.58519,6.3677626,-47.23669,8.308156,55.844757,4.3732233,-19.47784,4.0355163,27.525982,3.6440551,-9.0865755,3.3186533,7.981484,3.2842925,-5.05916,3.4179716,2.4849005,3.7378888,3.7881854,2.8566165,-3.5220883,3.438977,4.9009266,3.1349857,1021.1455007274213,126.50317980137154,1272.7788171391874,71.91886034883511,0.00014273827,0.00048033067,2057.9946708236657,0.009951596,0.0010251047,0.04738027479698376,0.012486236455164092
-390.9942,10.211445,181.34149,4.444598,-34.97338,5.0540757,51.45279,3.6326122,-22.086039,3.9028645,37.002686,3.9891846,-1.9570843,3.265088,16.18303,3.2452016,-6.566934,3.397835,1.7472134,3.3478742,0.8840808,3.1720054,1.9939234,3.3388534,7.9706726,2.8979306,1058.5313237712585,86.3983181043505,1423.2114729211428,69.0434642005148,0.00014653527,0.00028762993,2165.3609202798725,0.009840788,0.0012134477,0.04266060034802784,0.0089633851045515
-366.9284,31.885582,149.17326,26.945774,-42.116516,8.09951,70.67019,14.969053,-35.831364,12.349812,47.08417,8.54752,-13.082041,10.602919,26.116404,6.913919,-10.761285,5.648838,5.045265,3.5494983,2.1263578,3.292897,-1.1649122,3.8380225,13.061619,4.1489396,1814.1065921382792,643.7070208519364,1887.4700860942114,382.07990379509226,0.00055106566,0.0004329145,3965.1569977160675,0.008915011,0.0013787783,0.09196567756670533,0.045084592067786027
-393.44562,3.370656,180.67537,4.620753,-38.72553,3.863939,52.763195,3.3900204,-22.338625,3.374132,38.941196,3.6513839,-3.6229324,3.4144456,16.999882,3.408881,-6.207049,3.3386416,3.6163,3.1134353,2.0665643,3.1686478,2.1444619,3.285123,9.1577215,2.9981687,1083.4510449657544,78.58237733232984,1444.8030181211193,63.567074261404315,0.00017595946,0.00074764364,2241.0019168720996,0.009732288,0.0013344546,0.040050391531322505,0.008518923239470568
-383.9474,2.9049606,183.32077,3.9370687,-45.010708,3.1252983,55.823418,3.6499841,-26.437082,3.2450905,43.01868,3.430318,-5.0049,3.5687113,17.069132,3.3318837,-10.506612,3.0602746,1.3909993,2.8346875,0.8658222,3.2477002,3.4152849,3.163864,10.163353,2.980994,1134.3991839956468,62.14455713779174,1455.9409531667875,44.33550219085394,0.00018497674,0.0005577035,2339.4501228066997,0.009894099,0.0008918885,0.04955658171403712,0.006924927272482241
-384.12244,4.088695,173.04126,3.7173984,-37.45338,3.680144,45.030968,3.528975,-36.936916,3.4943166,39.491238,3.1145384,-26.939835,3.3068428,22.334988,3.2224898,-11.983627,3.1873467,4.258928,3.3538423,2.826662,3.1841133,9.426744,3.4909976,16.810526,3.611234,1361.197162441973,61.020779229518844,1669.4278040809984,49.36877897873636,0.00024127658,0.00035132328,2641.289674267691,0.008763068,0.00091554224,0.06831859048723898,0.007874387287407294
-378.36856,5.8362722,186.17244,4.264578,-43.69113,4.0154266,62.177658,3.6372313,-24.528698,3.4184215,31.209307,3.3188322,-11.164347,3.0438452,13.351629,3.0316288,-3.5292616,2.9985123,4.1733522,3.1821759,2.9590573,3.1229436,-3.7117255,3.1678743,5.0868692,2.7492762,1097.176653012403,70.50220496746314,1413.4491503917782,48.97566187782058,0.00017263267,0.00040936965,2361.2331310723607,0.010159724,0.00079525,0.04658950841067285,0.006179218428286285
-373.11346,10.379178,186.03923,6.906935,-43.620403,6.170622,54.090405,4.618052,-20.927046,4.6246305,28.452387,4.618083,-13.907093,4.6434107,10.807733,4.170109,-7.4380403,3.644646,5.452775,3.7245426,2.6899374,3.3706105,-1.3062925,3.492888,6.6025925,3.2525234,1122.7135898716185,118.15651847174288,1395.0444368759522,102.47133914841099,0.00017004994,0.00021702185,2295.3844959940543,0.010103236,0.0009830915,0.05004033135150812,0.00900492414308384
-404.53687,22.543291,181.63805,5.895628,-28.201044,6.5907435,49.682587,6.1823936,-12.119705,4.643622,24.251146,5.6392746,-2.7568092,4.199462,11.529081,4.289238,2.111626,3.235362,3.4126117,3.5307887,2.3052151,3.881859,-0.58754575,3.3774314,8.479449,3.5753841,951.8261345651371,96.73271300952904,1323.989153124707,91.14109868789978,9.964056e-05,9.985003e-05,1982.5784988580338,0.010066928,0.003537338,0.033852278494779585,0.008499337393527064
-383.25873,3.5608392,159.37463,3.387333,-25.490393,3.551959,56.880646,3.6456711,-35.14005,3.2371562,38.34958,3.4130266,-18.51236,3.5041673,20.700739,3.7231777,-7.5445867,3.4731839,16.638842,3.8565767,1.7181311,3.3042114,-3.1853466,3.1432042,4.177086,3.004495,1400.2046516846597,67.66901743779624,1811.5529491695945,49.68075513070413,0.00022212269,0.00034080932,3333.3997969837587,0.0098114535,0.0011598688,0.0559597502175174,0.0069972114589373
-372.30307,3.4562204,182.00493,3.7667122,-43.882553,3.8203337,59.574482,3.357496,-22.107136,3.2954764,31.626095,3.084548,-10.406462,3.2294536,11.557884,3.2277794,-4.8042545,2.9889724,1.759426,3.1492085,2.5292249,3.0653188,-4.6072683,2.6703813,3.9688911,3.1731303,1142.1879588386955,62.453649200519244,1432.6488821198147,39.36405651975497,0.0001783825,0.00036696662,2449.0646185288574,0.010324781,0.0010372455,0.04776999347447796,0.007316547703571406
-378.09332,11.953841,137.60635,7.099582,-14.70997,6.325459,72.7349,5.100119,-36.35233,4.496988,49.232147,3.6860974,-21.629465,3.6152723,25.698904,3.534897,-10.9881735,3.2551968,10.96954,3.4217513,1.3104022,3.1687584,-1.2148108,2.9779649,10.102671,3.4233665,1782.3349734680735,223.9710082373015,2193.191384151565,111.9823488505366,0.00035569223,0.00036642523,4686.544282917634,0.009633661,0.0014483245,0.06517138558584687,0.01965743562683077
-372.43555,3.2672772,181.81758,3.6814272,-44.688843,3.5928402,60.621742,3.3210027,-22.410084,3.514573,32.098263,3.2021368,-11.463344,3.0979733,11.781171,2.9972978,-4.1450853,2.9014897,2.6916685,2.9941356,2.9783168,2.9824245,-4.4763103,2.9788716,3.6846607,2.6434507,1151.5487426240422,59.814861579863894,1442.1549449405993,38.30349040382866,0.00017808334,0.00029009886,2482.263721722738,0.010162381,0.00091428607,0.04896860498839907,0.006931019700274043
-385.22974,4.453932,164.28378,3.602361,-25.8775,2.7667246,45.940174,2.9625337,-36.068996,3.3104537,37.1513,2.9950676,-19.450089,3.2890112,21.301407,3.1414406,-6.506255,2.8473008,9.294472,3.3103871,-3.4865096,2.930651,-6.731554,2.9275825,3.406038,3.1502287,1347.833538109269,69.08119096912121,1719.991637812798,55.55917976093004,0.00019649387,0.00012072271,2867.338346052059,0.009596985,0.0014533811,0.06386741408062645,0.007285971769595042
-373.72928,3.5722904,182.94008,4.111541,-42.740215,3.250093,59.60456,3.6307797,-22.520546,3.264899,30.654425,3.2970414,-9.577795,3.118847,11.386483,3.0032077,-5.1705937,2.8850973,1.4508277,2.985591,2.191651,2.968365,-3.8063726,2.883715,5.823632,3.0835083,1121.173558314455,60.87239981319236,1420.166201805171,44.85633197313412,0.00019526022,0.0007189547,2403.8748685832365,0.010185771,0.0009353236,0.04900938950116009,0.00639123684851788
-377.0062,4.6090946,170.41447,4.3361464,-39.865784,3.2955716,57.793453,3.5622425,-25.398958,3.4570105,43.49979,3.5540228,-11.153783,3.2137334,21.84916,3.1951904,-9.619165,3.2319925,4.87264,3.0909474,1.7207624,3.035321,0.9953441,3.0323029,9.83546,2.8641477,1257.7646749962528,84.38407972458202,1629.3615438431673,59.17931492551356,0.00023648067,0.0005450724,2749.705105314675,0.0097680725,0.0011928575,0.0481381869924594,0.007724862979258764
-372.3362,5.183002,162.76492,3.6671762,-32.933376,3.8760703,49.17814,3.943642,-36.256268,3.3642948,30.577604,3.3392231,-22.079296,3.2115793,24.122244,3.2281446,-5.599537,3.2623663,8.609214,3.1198747,2.1308675,2.9767616,-8.112026,3.4303963,2.267679,3.1382818,1428.5503604032738,70.84134236412056,1721.1334871311362,47.49369437822433,0.00027965772,0.0006621957,3022.19255274797,0.0095264595,0.0012725666,0.07005872969837587,0.0076457984808682815
-414.85226,4.8845296,186.94403,4.705761,-24.123638,3.5627124,59.814255,3.4609046,-12.7231245,3.3783724,33.144455,3.4205122,-7.99298,3.580097,15.006141,3.3284688,-4.7157636,3.0694726,4.9479976,3.1063457,1.0803231,2.8197703,-5.1829996,3.0941434,3.9709082,3.3614242,878.1005178934915,75.23187420679791,1327.524848927823,84.48773846674098,8.667597e-05,0.00014777725,1778.0130691705338,0.010180856,0.00097216485,0.03184703995069606,0.007542766109034383
-384.41373,5.1347094,202.43419,4.6164455,-46.274082,4.129997,52.759026,4.1672597,-22.367931,3.5190966,26.521074,3.031747,-9.09433,3.1139474,7.7833858,3.0540416,-4.500861,3.0684953,0.57811135,2.7516625,2.8194466,2.9687274,-3.6656072,3.0152056,4.593139,2.8426018,982.8658729728575,55.178503831545825,1228.3427701527319,46.329123442546816,0.00012389792,0.00041550357,1914.3317344293794,0.010392439,0.00094151543,0.044791591139791184,0.007108716467424575
-404.36624,17.104261,176.55615,12.358588,-25.959112,6.5749807,62.386036,6.455908,-17.981129,6.0983267,36.953983,6.409483,-11.560698,5.3628125,19.881031,4.788161,-5.0882874,3.7516868,7.1650653,3.542263,2.6416116,2.9894164,-3.7449458,3.086367,4.6436453,3.4205797,1043.5194296644052,243.21559752146905,1503.7898314627105,219.1376288273254,0.00014628645,0.00037531496,2265.0331714037125,0.010290976,0.0010055545,0.03641830408932715,0.012296647081131899
-350.6007,6.5440106,154.71628,5.033517,-48.370388,4.140958,71.39366,3.4828508,-30.318897,3.9870126,47.57069,3.9138377,-24.435764,3.4417536,26.713947,3.3967478,-9.41197,3.008456,11.106693,2.930705,2.2035358,2.9527633,-3.022322,3.073462,7.398123,2.9971116,1661.104244003384,129.48024467385812,1905.4960510535313,77.45362115120759,0.00040291826,0.00032485492,3823.6174050174013,0.009929515,0.00087102747,0.0717014392401392,0.011909381963726786
-372.33743,3.4802701,188.95015,3.7120326,-45.102787,3.1563962,62.8842,3.206407,-26.566706,3.1855078,29.57345,2.995708,-15.904262,3.1659164,10.780996,2.918545,-6.4135737,2.7164483,3.314239,3.0179732,3.7300344,3.054651,-3.181761,2.9900725,5.807427,3.1478298,1114.2836789170744,57.520076022815594,1401.8779909279094,36.35832137681748,0.00016400525,0.00023473526,2362.082468550609,0.010389762,0.0008840566,0.04871143597737819,0.00638473268853814
-374.78125,3.2622294,184.4966,4.8400893,-45.782555,4.396104,61.197903,3.50742,-23.430992,3.4347498,33.390175,3.6167483,-11.194995,3.1842012,12.935366,3.0943608,-4.4667516,3.2774596,3.1588864,2.902745,2.6609595,2.7013295,-4.56445,2.9850705,3.984392,2.9167216,1130.595429333558,67.80457738665154,1428.4495247724026,58.67669834040743,0.0002075764,0.00084448344,2422.5602931046983,0.010149394,0.00096476264,0.04728624383700696,0.006516745778374379
-410.13284,12.517564,192.59846,8.3279705,-22.854527,6.180143,48.55474,3.817895,-7.531768,4.223473,20.318756,4.0656815,-7.885281,3.595907,10.921793,3.620713,-0.27484718,3.257032,1.9771364,3.2138505,3.2080681,3.1001241,-1.2813729,3.7637436,10.198111,3.4933283,825.3030138196083,113.05071131317834,1198.370004535941,96.9332742080624,8.032032e-05,0.00021506828,1642.5437413899363,0.010799189,0.002196952,0.03140294192285383,0.007993464089936968
-373.5414,3.5312328,184.42311,3.7184136,-46.17801,3.2257035,61.58118,3.544851,-23.324423,3.3659909,33.088642,3.375583,-11.433569,3.0088654,12.332531,3.026408,-5.2896357,3.0216012,2.2571855,3.006383,3.2959223,3.020156,-3.3640866,3.1265051,5.36253,3.0589895,1135.0838312379888,57.18885002952831,1427.6755575794582,37.260556944983215,0.00018158797,0.00039547446,2437.398718459977,0.010245183,0.0009269806,0.04788215088457077,0.0067898717347633294
-335.93765,9.488539,148.37561,6.8031297,-57.38446,3.9626906,81.26064,4.8843594,-48.68022,5.368507,43.30459,3.841428,-23.81283,4.1692386,19.408865,3.6723661,-16.108143,3.6224184,9.990965,3.8137228,-2.2703304,3.2867165,-3.4070747,3.4478014,9.871664,3.2756832,1954.5072527467364,156.63403359314964,1922.3013595669825,92.49009221822062,0.0006124772,0.00036978253,4176.841873912413,0.008797776,0.000874349,0.12277044663573086,0.022401058443775372
-365.2842,8.499247,142.08583,5.104278,-42.2069,4.1970525,64.81304,4.7741337,-20.691841,3.8527033,42.29413,3.7280505,-17.407976,3.8654828,22.919718,3.3416092,-7.436647,4.1143255,10.395671,4.4844637,4.3449926,3.2588274,-0.7985773,3.850641,10.131954,3.7284203,1689.809158926263,156.71088912258642,1910.9760019056137,67.05464176058433,0.000431197,0.00052065577,3826.565105677204,0.008966108,0.0023989019,0.07086875543793504,0.026735221468221066
-349.5648,23.553196,164.28175,23.971525,-51.59649,8.0975485,64.34941,10.0537405,-38.33606,11.79773,33.84137,6.0849934,-16.639898,5.9206276,19.089203,5.248865,-11.28497,6.203444,9.462022,6.5611,-1.9312882,3.2721264,-7.01183,5.69542,12.944155,5.8334827,1644.0909078350608,496.86801098324463,1699.1071597192438,291.03081304010726,0.000458587,0.00031570139,3398.69886075261,0.009479106,0.001855915,0.09455322832076567,0.044495037323880035
-412.25507,5.952799,188.75703,5.7701025,-24.505234,3.5785787,58.452496,4.0925403,-16.869734,4.0797014,31.607985,3.9187307,-10.425334,4.030956,11.536475,3.4137275,-5.264039,3.2311132,9.132578,3.4025176,2.764167,3.086822,-1.091275,3.2823265,7.4444966,3.265208,901.4331846859969,89.9987197001136,1338.6794151898907,107.39088617189655,0.00012626014,0.00064389675,1792.8015334976799,0.009875986,0.00095447147,0.035168711934454755,0.010713949317074211
-383.73917,3.586706,194.46988,3.6035826,-44.700714,3.2807775,55.624947,3.2329614,-20.65664,3.1378825,27.977596,2.8400884,-9.156173,3.0333688,8.983784,3.038067,-4.4611177,3.0906427,0.95810694,3.185784,3.3577623,3.0769205,-4.491493,2.956545,3.3238883,3.001376,1019.265907233538,52.32979105467275,1294.7505692800974,35.28847033256966,0.00013184683,0.0002542672,2070.360025286398,0.010154352,0.0010178777,0.045021570475638054,0.006120995420276321
-377.3795,3.7484555,189.15259,4.2501235,-44.97495,4.1037292,60.328297,3.6303692,-24.603611,3.421191,31.850212,3.3977146,-12.192083,3.0143898,12.039044,3.2936087,-5.5309315,3.183457,1.6219021,3.2527049,1.9818408,3.1176221,-3.7862506,2.7416327,5.587543,2.7864337,1094.2316566584145,57.316912797227126,1387.6419537217953,45.21590388899473,0.00018081519,0.0005056992,2286.8411601834396,0.010088962,0.0008457771,0.048176705698955914,0.006188487274525633
-387.2435,4.018542,175.77972,3.6502683,-39.184357,3.0901003,49.355717,3.1038353,-39.51482,3.1165972,39.519756,3.200803,-27.440817,3.2886345,25.746515,3.104518,-11.943305,3.200351,5.4558005,3.198976,1.8779396,3.2122352,9.450435,3.1762886,16.982925,3.556699,1347.5821916686511,63.81473121129609,1669.6198383276526,50.31036015932661,0.00022078013,0.00016926392,2641.9391676334108,0.008976878,0.000911787,0.06746211571925755,0.006994273276958245
-322.82468,5.8949585,140.51723,5.1872225,-61.660057,4.023374,62.486988,4.221796,-45.449173,3.1370919,43.899063,3.5940828,-16.392426,3.507597,18.808607,3.7890375,-15.456025,3.4194627,2.514785,2.963649,-6.274935,3.4926484,-4.795902,3.5368898,11.953282,3.0732195,2073.6206760103323,104.57503419955025,1916.1545312596256,45.39833323791437,0.0007928,0.00051591214,4295.324452128045,0.008804227,0.0011294101,0.12374247752320186,0.014775663247498383
-377.8474,3.7361207,166.82928,3.5831351,-27.264235,3.0052335,46.076702,2.8174307,-38.119728,2.761341,37.167473,3.1646297,-22.332947,3.2472665,23.92811,3.2087798,-4.6857324,2.8431892,10.073538,2.9249349,-4.428192,3.0370789,-7.9695497,3.267757,5.2254806,3.0496619,1362.1688183326396,71.6840400865905,1733.8434368813423,50.99380742901752,0.0002046614,9.697179e-05,2876.131487003335,0.009806529,0.001171881,0.06402375471287702,0.008055884504321794
-388.7986,3.8859568,166.33118,3.4207313,-30.32897,3.1269457,59.236496,3.4657266,-34.86526,2.8831215,34.14425,3.2082365,-21.853188,3.1648862,26.667425,3.2791536,-12.847564,3.4636137,6.6686783,3.3220072,2.7460914,3.2137935,-11.21546,2.8678746,-2.932778,3.1964016,1347.2131603157181,66.12660150864798,1730.2764216276175,44.804911635243236,0.00018200655,0.0001541751,2935.460207910383,0.009905273,0.0009049128,0.05304139174883991,0.006617043871882112
-381.00726,4.0582914,172.05579,4.1982603,-29.780209,4.1186595,44.8093,3.9605927,-40.441475,3.438352,35.929535,3.4566777,-25.398582,3.585249,25.215816,3.3127875,-5.3526344,3.0194206,9.867584,3.092526,-3.986098,3.2917852,-4.386818,3.019391,9.070381,3.1612573,1334.514159234415,63.949072556975445,1699.9781857208593,57.80255502015222,0.000250731,0.00079894246,2689.3771638449825,0.009502528,0.0010650337,0.06528694170533643,0.006958613083723583
-377.89893,3.375253,168.15604,3.4280066,-29.88314,3.5184731,43.700962,3.4749818,-38.39426,3.2336102,38.010265,3.0714846,-23.292515,3.1115472,24.80557,3.515128,-5.213304,3.2115974,10.808583,2.764792,-1.4471449,2.8755987,-4.2798495,3.12841,7.8912077,2.9415557,1378.994793362688,68.68365571246377,1737.9991135663474,50.434056126347954,0.00023952282,0.00037512436,2867.713053763051,0.009420302,0.0011070172,0.06619779582366589,0.007295327411042128
-437.02625,9.113436,194.60165,4.954214,-14.543504,5.100828,46.1235,3.7032945,-10.199376,4.101232,23.853834,4.0531754,0.1339655,3.7612565,12.522919,4.110717,0.6608006,3.3606925,5.4888625,3.495228,3.6853745,3.582104,-1.0456586,3.7426631,6.39409,3.5952947,735.682795395267,77.78938672142696,1155.8939035371604,75.56472397855264,5.209071e-05,5.5392167e-05,1338.880612402117,0.010091945,0.0018499005,0.025928753987819027,0.006547158647884346
-379.04367,4.2987046,173.91667,3.5016932,-32.34843,3.4367106,45.906593,3.2004642,-40.089417,2.7532313,37.30848,3.1679964,-22.770678,3.1590664,27.062346,3.049186,-4.811032,3.1079013,11.896894,2.9330924,-1.585032,3.2377064,-5.884188,3.4224627,3.2185755,3.0365992,1316.1820364198063,61.12033366033786,1674.9601959770164,46.419186460405896,0.00021030693,0.00019446596,2643.737764646172,0.009597079,0.00091391534,0.06406453922563805,0.007995170391239575
-380.35693,3.5075433,179.85004,3.3870187,-43.15755,3.2413514,53.62094,3.126128,-25.509611,3.1086912,40.350246,3.0747187,-5.425821,3.289224,17.641228,3.007711,-7.654137,3.0169544,3.3206184,2.9200263,1.3086104,2.8907697,2.2327616,3.1768916,8.778901,3.0128665,1154.1998812400943,63.13621157589475,1477.5035901031758,41.45689474276741,0.00017710446,0.00022155506,2398.554019087152,0.009764563,0.0009025886,0.04876808113399072,0.007886092401069736
-386.47263,3.567595,193.31938,3.6022053,-44.79782,3.8525212,57.97355,3.4536471,-19.187128,3.226214,27.829123,3.8699355,-8.36724,3.1072443,9.543247,2.9538484,-3.56837,3.153091,2.5353584,2.917539,3.8395538,3.0834098,-3.5144207,3.2304606,4.604799,3.062788,1016.9405858099013,57.23334009274248,1303.955102819214,36.319537103807164,0.00012460531,0.00022730186,2110.4287698484627,0.010136597,0.0009918587,0.04305598354118329,0.006376794031644501
-385.9321,3.9212065,174.7617,3.5457833,-38.10598,3.4821737,48.418915,3.5869017,-38.217636,3.4624557,40.680668,3.5456173,-25.962835,3.3668327,25.534164,3.2848473,-13.438737,3.032157,4.2944694,3.2648408,0.520436,3.1732254,7.6259665,3.0565221,17.073862,3.3157177,1355.828102160094,58.43095267661546,1687.6867736279837,46.114879395200425,0.00024636835,0.00039938278,2674.663641060035,0.008832906,0.00085043383,0.0672955789588167,0.008464381108347737
-373.55365,3.541055,186.39143,2.9063003,-47.826885,2.8384457,62.120144,3.1232154,-25.16456,3.2600722,34.729427,2.8500934,-11.902182,3.0097127,12.893996,3.3199825,-5.9841604,2.9408786,3.2276382,2.698385,3.261449,2.785484,-4.7294736,2.8506343,4.7065935,2.920093,1131.793445689145,54.8648451341394,1424.1612822732554,30.4056609664333,0.00015649929,7.7736666e-05,2419.687533987094,0.010250546,0.0008170686,0.048677448883410676,0.0063659723209608015
-410.7259,5.6118426,190.2876,5.402453,-25.162317,3.896638,57.754574,3.8265882,-18.22668,4.133741,31.428387,3.8479366,-10.088811,3.9787955,11.09833,3.5060508,-5.703928,3.2929468,8.29649,3.0937068,1.8900054,3.0574267,-0.9055753,3.3848853,8.94759,3.3137922,899.9970148938455,89.49680277275426,1328.848768959458,108.69981489519581,0.00010367151,0.00031006784,1778.7874651065836,0.009999874,0.0008770965,0.03498518162703016,0.010583649578740088
-381.4873,3.778396,190.00858,3.2450204,-43.6928,3.2910173,58.87297,3.149935,-21.378576,3.1403978,30.83376,3.0297258,-11.216085,2.8010936,8.9286995,3.0220325,-5.440647,3.0684848,1.6666856,2.8610506,4.233208,3.1449242,-2.3780494,2.826602,4.958798,3.0640721,1055.0007594786728,56.18783671250204,1350.768079204246,32.69891381187267,0.00014147598,0.00025144182,2185.670078215632,0.010283057,0.0009624292,0.044558213094547564,0.006262152986416584
-385.11594,3.829554,197.0235,4.209763,-45.311184,3.3886871,54.609684,3.3523974,-19.071661,3.377581,27.545637,3.1757586,-7.7534294,3.3055513,8.265533,3.050135,-4.942088,3.0384898,0.6530664,3.0652437,3.5890303,2.718702,-2.5582411,3.039663,4.839477,3.027305,997.988396712842,56.84919171477334,1263.2068676103656,45.75928134756339,0.000117892334,0.00022390594,2008.0336426914153,0.010245559,0.00094611826,0.04545094076276102,0.006297083873066518
-381.9121,4.298464,173.73521,4.3632655,-36.18045,4.0434055,46.13963,3.912771,-40.53233,3.814799,38.188725,3.6776474,-26.034086,3.2192419,25.49588,3.073455,-9.869859,3.030729,5.501473,3.230021,2.5415852,3.1887662,8.700585,2.7962725,15.825703,2.8834817,1363.61404702869,68.59417126488262,1685.650865090867,58.26235829222445,0.0002575004,0.0007743225,2690.1765402950987,0.009277501,0.001067685,0.0684488743474478,0.007684010180889296
-354.71194,30.09718,168.73357,18.797728,-60.681843,9.2171135,68.80754,10.983099,-36.760372,7.0640826,37.524986,7.2982154,-20.037714,8.179465,17.69056,5.750847,-10.96169,4.9043546,7.3368483,3.7457705,2.5070045,4.376338,-3.6522293,3.898608,10.130377,3.6382012,1593.3917537616774,429.70557834620604,1653.329614406801,182.54115804422383,0.00059676194,0.0026288342,3375.9915734665024,0.008813537,0.0012426901,0.08969873839907193,0.04534186872437029
-377.8677,3.852319,169.9391,3.5739741,-38.70981,3.308624,46.412975,3.2771285,-37.66544,3.2783835,41.33774,3.4370785,-20.434708,3.2382202,26.792044,3.191357,-10.146061,3.1468341,3.7829108,3.0777173,0.40915978,3.2193296,4.929577,3.0809088,15.6284485,2.856573,1398.525886108524,60.913962514921,1705.962345804232,43.90894610121909,0.00026121936,0.00029741,2856.0721342082365,0.008882184,0.0008055034,0.0692464381525522,0.0077233601917739685
-377.18158,59.67646,163.2628,32.628063,-60.4173,20.763403,68.68363,17.560986,-34.349007,16.599302,33.341576,12.26155,-15.980404,9.386951,19.438297,10.525465,-5.754688,5.810414,6.0417385,4.077917,2.324911,4.453686,-2.029776,3.54725,9.098897,3.9614854,1700.4033669487362,776.8194161892952,1586.236964886047,322.1249054129609,0.0008011914,0.0037456325,3288.9344819460557,0.007818244,0.0015886677,0.10730405307424594,0.07702294494460107
-363.75204,10.09273,174.30083,5.9836707,-49.50811,4.564449,63.7109,4.2321944,-27.904362,4.5270762,32.272804,4.570244,-11.583948,4.323907,9.024564,3.4465227,-3.1689572,3.014322,9.144229,2.9111886,1.732996,3.500818,-5.720625,3.3234546,7.074593,3.2383368,1302.7838464779518,120.17858232356546,1531.175148959568,81.11251461931057,0.0002169792,0.00022366268,2918.348555775087,0.010102262,0.0008676985,0.058814666110788866,0.009709919168970387
-379.8172,3.320861,180.88638,3.337015,-45.112213,2.9365401,53.69268,3.1762557,-26.257582,3.0796666,42.05067,3.1147873,-5.9158955,3.4778867,15.89232,3.0998037,-10.940901,3.2537649,1.2370331,2.919526,1.2480414,2.7478337,4.223046,3.153191,11.072579,3.0603745,1169.7008906505491,57.33601301501567,1471.215430111533,38.340820074834184,0.00017284899,0.00017472853,2398.154330862094,0.009694701,0.0008026317,0.05228121374709977,0.007981138298080935
-424.52206,4.230885,191.903,4.6825366,-16.067265,3.9936655,48.959854,3.4323876,-11.359309,3.4973378,26.919998,3.7030969,-3.4227872,3.5382514,13.576201,3.69058,-1.0416698,3.5086634,3.960672,3.2457387,0.90930927,3.178887,-4.5932565,3.4013586,4.5371523,3.3594089,786.3383844585259,62.414421476715205,1219.635001392876,79.47574958910107,6.69432e-05,0.00013972011,1460.7105795026102,0.010240564,0.0014032105,0.027961182207076565,0.00643347510239892
-422.73666,7.7121854,189.65251,6.296339,-22.19868,4.69728,59.276974,4.2549043,-13.124567,4.250287,34.00303,3.6927407,-7.17387,3.7789044,11.760011,3.5313308,-5.5577307,3.3313107,5.2895803,3.1860507,0.21288306,2.9888885,-3.9043722,3.5189548,6.0756345,3.3220923,846.0717643473225,100.93465051727875,1298.7472073913334,119.44972007674905,9.532361e-05,0.00041550267,1677.9161493075696,0.010149142,0.00084365654,0.03082176261600928,0.009238010720465515
-373.38925,3.3982027,182.5363,3.543934,-44.97136,3.5427568,60.292774,3.529481,-22.159609,3.1004744,32.941647,3.2715971,-10.414848,3.1310453,12.203049,3.6051502,-4.363705,3.4056945,2.1383393,2.9933646,2.610429,2.8071334,-3.9948719,2.8108172,4.982664,2.9630113,1138.4452779792045,59.42424077197383,1433.4119843327442,39.19917951868639,0.00018225319,0.00053096295,2444.068515715632,0.0103075495,0.0010409765,0.04765103864559165,0.007581743604789397
-385.49377,3.1275308,173.47057,3.474586,-33.89241,3.749561,45.08692,3.4314246,-38.180595,3.1341622,36.310616,3.235279,-23.944996,3.421968,24.909056,3.0018337,-11.630348,3.01804,3.2153807,3.0460277,-1.3481408,3.0729015,6.068912,3.2289674,17.14464,3.3631945,1332.1348623538804,57.9209660721869,1663.8813468734168,47.79034779074591,0.00021550668,0.0002772028,2593.4769703451275,0.009104672,0.00089509046,0.06775553763051044,0.008408864958754127
-437.5019,4.90364,194.2446,5.005768,-13.699381,3.7067544,47.256664,3.8207424,-9.745994,3.9693313,24.748278,3.9055476,-1.0373509,3.7299538,11.320808,3.4740524,0.16669898,3.3685238,5.4381833,3.1971116,3.8555295,3.0169902,0.048648585,3.3280387,7.3276963,3.9974453,729.6915888460179,70.54062550283234,1162.2155868093037,77.91958383146486,6.511178e-05,0.0002453486,1334.4091003842807,0.010185548,0.0016068493,0.024427657337587005,0.006998583716637757
-387.77963,3.2551155,198.44945,3.9498477,-45.972702,3.3425262,55.4835,3.4636676,-19.253473,3.2532163,28.486256,3.2906644,-8.457036,2.9563923,8.063975,3.063652,-5.3090634,2.8905861,0.583521,3.0349414,3.7756364,2.9692504,-2.7757027,2.9138815,4.4791727,3.0327709,985.5017202160757,52.94098659119043,1256.33932677131,40.40325715712721,0.00012702237,0.0003768924,1977.257649361949,0.01018038,0.0009279672,0.04353406866299304,0.00634391968370877
-384.07547,3.2642415,182.84589,3.8659987,-45.839935,3.4715173,53.909595,3.174926,-27.949331,3.3543754,43.77961,3.3736398,-3.752419,3.1782956,19.125109,3.1543558,-10.442077,3.0551872,1.80043,3.012937,1.8759998,3.1239545,3.4767902,2.9516716,9.596364,3.0643487,1154.6386663496553,63.174696698970656,1457.8636733769372,51.83547054647329,0.00016733943,0.000266436,2344.096498422999,0.00987924,0.00083439075,0.05730563913863109,0.009440318451123303
-387.66302,4.0429626,174.82071,3.9912286,-35.64751,3.9509614,47.26189,3.8144107,-35.632233,3.5600057,42.26295,3.7688591,-21.386728,3.580925,27.81559,3.681953,-8.158587,3.333839,5.432841,3.3092647,-4.2625203,3.2619176,0.8958412,3.27754,15.857404,3.3074887,1297.9768848677177,70.11844956547448,1666.6159469477354,52.06438803659519,0.00023183657,0.00045970562,2570.5448584324245,0.0090870205,0.0009863124,0.06210121809744779,0.009098697643388786
-383.66614,3.506398,177.14806,3.3944778,-37.311977,3.4634588,43.97859,3.3160665,-37.622498,3.5437047,40.180386,3.4615479,-25.24072,3.2526388,22.829569,3.399342,-13.708148,2.935476,3.5905101,3.0187628,0.7122848,3.0742524,8.2427225,3.0494874,14.921565,3.3413503,1317.736081958441,60.247414798102476,1631.4449698327107,42.64114468862779,0.00023073237,0.00042452538,2468.6243610426336,0.009064555,0.00087643083,0.06979136455916474,0.008776624767844183
-380.1071,3.86756,172.74025,4.280051,-38.17123,3.591635,47.136257,3.5868106,-39.815998,3.4841642,43.08612,3.8106995,-22.96898,3.6058366,28.67507,3.2322173,-11.405598,3.0739532,4.698731,3.1052067,1.0257847,3.1910462,7.4026036,3.253237,17.158752,3.082216,1377.1691223385615,69.89531087797394,1715.121967121355,52.66875597107933,0.00026588858,0.00090875145,2768.415510350203,0.009556556,0.0010894227,0.06695910672853829,0.007465024296951749
-380.32056,3.4481928,159.71506,3.9100387,-27.028276,3.340738,55.905487,3.287822,-36.179203,3.2345448,41.028183,3.657443,-23.170027,3.243144,22.775665,3.1056828,-7.2867026,3.0061345,15.525254,3.243675,4.0301986,3.269557,-2.5176275,3.2924309,3.3661175,3.3701446,1435.5003229893437,72.7128662639877,1846.584359288081,58.98515227519264,0.00024442785,0.00060528575,3384.9595780162413,0.010068474,0.0012481933,0.05748010622099768,0.0075086751362253585
-386.09918,3.547885,195.76468,4.425313,-45.273247,3.5299675,53.995735,3.3872688,-17.129772,3.1586165,28.82619,3.1843088,-5.555206,3.0194173,7.801952,3.0389962,-5.095872,3.0056021,0.9733816,3.2731106,4.1172476,2.8993936,-2.6900072,2.6109724,3.6272933,3.0158045,992.8118589228854,55.36288742186005,1263.9051465658133,51.09541770761165,0.00013478153,0.00053605554,2000.014897676189,0.010366652,0.0009713952,0.04278975130510441,0.006579547155288082
-395.8732,4.7982917,157.75482,4.4463754,-14.343899,3.8218553,47.096012,3.7081678,-30.84597,3.6479435,36.602814,3.307074,-19.601768,3.6174297,17.848732,3.180856,-7.651421,3.3004043,12.28679,3.3620195,5.6286964,3.4512,4.26785,3.4844859,7.626866,3.140045,1311.545473273868,92.94403462656095,1792.716401576105,65.43457257997123,0.00020494963,0.00042849494,2950.5983994344547,0.009733283,0.0024783001,0.04956791074535963,0.011512436655387544
-378.76193,3.8236747,171.57338,4.621764,-35.6024,3.6618707,47.523857,3.8465083,-37.795036,3.6757722,41.22944,3.5883417,-24.372225,3.322022,25.122091,3.3239472,-12.301141,3.0304077,5.177937,2.9915857,1.0253118,3.1852374,7.832399,3.1606076,16.612686,3.2992394,1386.304504025833,66.35099078171866,1722.0181406129275,57.298427850574,0.00032253767,0.001333812,2796.318744562065,0.009202851,0.0010407969,0.07018788065545244,0.008370691056757085
-370.65714,3.9982915,159.31145,3.7740946,-36.480587,3.2413568,62.687435,3.92487,-39.158905,3.3187418,30.358776,3.2191143,-20.948507,3.5587187,28.827135,3.0748496,-12.075718,3.4735022,12.611763,3.365991,5.7271647,3.0612419,-11.8859415,3.024495,2.048433,3.240691,1535.1308635725384,84.24428547734007,1809.3124267741414,48.57815389209441,0.000324766,0.000499051,3359.604356239124,0.009169055,0.0011087885,0.07024112710266821,0.008128960573071303
-421.6421,6.9842415,191.24876,5.854923,-24.65741,3.603584,61.446136,3.6799438,-16.801226,3.8196366,34.955376,4.2685704,-11.900624,3.6881304,16.545815,3.658295,-4.026867,3.1781893,6.29745,3.0790403,-0.10162766,3.157022,-7.972802,3.088805,4.030622,3.1735587,858.4545234540608,83.52934081217717,1315.5413086653602,101.59588647275841,7.832573e-05,0.00016385136,1695.9021194351799,0.010389111,0.00076871616,0.029691125290023202,0.005613917404954751
-388.21793,4.3238153,184.43887,4.032673,-37.993523,3.5050187,50.068176,4.239644,-26.526564,4.3239574,37.676414,3.2421606,-2.6530902,3.4838703,17.764847,3.911283,-6.0771675,3.79657,2.8206623,3.1283307,0.6982668,2.9204981,1.0551573,3.7989779,7.999767,3.7093642,1072.4857744466533,62.747276627129054,1413.865633582443,47.05442201846991,0.00014802121,0.00022574104,2138.3070235462587,0.009877712,0.0010159771,0.0465883755075406,0.007380102657307771
-384.1828,3.4752414,182.15886,3.1211207,-43.50606,3.031594,52.37704,2.980469,-25.370403,3.2926373,42.21884,3.259064,-3.5216641,3.2050858,16.631416,3.0808542,-10.030268,2.8463225,0.7905263,2.788137,1.0457189,2.9980514,3.8062232,2.8496382,10.67823,2.9215662,1131.8156299701172,59.19701336287969,1442.1330227289716,35.26332680618851,0.00015978674,0.0002046744,2287.365750978828,0.009784651,0.00090403156,0.05414483939965197,0.007341857743665817
-376.38986,8.263653,162.47984,4.486835,-26.917051,7.1168313,53.5774,4.1653533,-34.215904,3.9388397,41.567265,3.8715725,-22.378498,3.9900134,21.028545,3.4724205,-13.412478,3.536478,9.445773,3.5139968,2.326903,3.3920937,2.2207615,3.2794693,13.6741295,3.358213,1401.8173156565772,91.70779659522762,1815.8269840823039,65.06775762135592,0.0002536906,0.0007324295,3180.2442652443447,0.01009621,0.0012888302,0.0587931409512761,0.009784077567560279
-383.73502,4.0244484,195.18115,3.5821996,-44.715588,3.5168893,55.27089,2.9556491,-17.678118,3.319439,25.433517,3.1153398,-8.084847,3.1757884,8.693485,3.0287902,-2.290953,2.9778397,1.0960702,2.8531718,3.5432553,2.8453944,-4.132417,3.0614786,3.159416,2.9397893,1004.9101918797778,58.09779983002628,1269.891243416235,34.10161884451309,0.00011235771,0.00012122216,2054.5473598825406,0.010347196,0.00109166,0.0432531086861949,0.007406601837016121
-358.26913,4.635399,145.90906,4.057785,-39.461643,3.3725333,65.924065,4.1467614,-43.39641,3.5010324,32.892387,3.2520847,-24.39826,3.2679534,32.961315,3.1600344,-7.523574,3.0979185,1.211142,3.184056,-0.67698056,3.2575076,-5.0771284,3.5028694,5.9549007,3.3694425,1818.3539372205473,88.03741939389658,1959.479346903341,47.61441542242307,0.00048835785,0.0007082041,4237.169815382105,0.008860227,0.0010017994,0.08806282627610208,0.009410940741184027
-372.6637,3.5216057,183.96864,3.094476,-45.009773,2.903853,60.003017,3.034989,-23.117758,2.7952964,31.23337,2.9079266,-11.847862,3.0718338,11.066472,2.871163,-5.762708,2.8503435,1.5390431,2.777852,3.4241314,2.8057745,-3.0580914,2.8419166,5.691035,3.1206129,1137.8597082717718,54.52501788027515,1421.1117213211523,30.83695107082245,0.00015619093,5.7413636e-05,2426.7819999818735,0.010105593,0.00085858157,0.049043376595127613,0.006829146471168088
-377.08624,4.2903795,160.92165,3.176472,-23.964748,3.1207104,48.225544,3.0028489,-36.84063,3.3204682,34.860394,3.1949697,-21.413395,3.259171,22.303894,3.028031,-3.6129932,3.0664823,14.057931,3.3162942,1.3126563,2.9169354,-6.1843424,2.8725085,0.009772228,3.1542842,1398.6504223155075,65.30924260710785,1772.7661763998688,50.311627426805025,0.00021402226,0.00022652719,3103.3792234628772,0.0101559125,0.0015356715,0.06619213130800464,0.006367456430652749
-380.91736,3.688633,188.66104,3.4847162,-44.09817,3.20677,60.23489,3.044655,-21.935776,3.3387668,29.718216,3.0163772,-11.956422,3.0384226,9.230754,2.9738011,-5.607654,2.7367167,1.3040987,3.0987613,3.417174,3.0970175,-3.118345,3.1381145,5.2417383,2.7969253,1073.7959620602855,56.0206227746518,1366.214090855447,34.71927525616571,0.00014237645,0.00018347352,2258.0136469511312,0.010170591,0.00095030636,0.045627673651392114,0.006054043751930674
-339.51376,23.569715,162.14809,5.2932997,-61.894966,5.37503,64.99756,4.6131067,-40.920227,7.2549105,33.901917,4.531068,-20.250143,5.3059535,18.41242,6.1006656,-8.354286,3.7602835,6.5936418,4.117972,-0.47571403,3.925178,-5.5061936,4.1811113,7.3307285,3.4197202,1676.2633924174404,105.317833522495,1709.5086500890739,62.74526060732304,0.00050991896,0.00077112037,3590.249442611659,0.009284618,0.00206991,0.08990039515661252,0.013159890560515664
-412.40155,11.710837,180.75723,7.8766446,-22.678028,4.3341603,59.52716,3.9662473,-13.683791,4.720704,35.10866,4.830036,-11.083637,4.817743,16.649733,4.066322,-3.9130487,3.5208912,6.515215,3.2028213,0.5168684,3.0125353,-5.29759,3.046291,5.6147976,2.9968169,939.5636778424257,144.3345575345515,1413.0232106219892,148.23958701479143,0.00010054807,0.00014153395,1956.5987642292635,0.010080279,0.000887984,0.03228887217227378,0.008966088988110507
-374.06546,5.3326726,150.88374,4.4464293,-30.138721,3.6351311,72.57327,4.6931186,-46.045708,3.960798,34.853306,3.421378,-14.128975,4.003948,23.38739,3.264702,-18.975023,3.0727637,18.588589,3.3638263,5.4277897,3.32218,-4.876522,3.344928,10.633624,3.2312021,1645.784096832212,104.56527423552167,1938.586270982254,51.91592822147895,0.00030279774,0.00048685193,3783.7734850819315,0.009981574,0.0010989063,0.06812033243909513,0.00863437229929622
-407.5621,4.2969265,182.61945,4.601705,-27.131422,3.684966,56.22423,3.5541775,-15.469309,3.4219372,31.739695,3.5899942,-5.6416736,3.9490695,17.281727,3.4299557,-1.2482967,3.0820453,8.871263,2.7559643,3.2827866,2.9734316,-3.4960985,3.155645,4.5687,3.2201505,934.8652288148792,77.88338411093808,1373.100303368401,85.12536006381524,9.863783e-05,0.00018860922,1926.6721083780453,0.010426498,0.001041384,0.032702381815545245,0.008648999660396462
-352.3651,5.3381157,173.10187,6.228616,-67.22466,4.5667076,68.79881,5.0204926,-26.535063,4.1199193,31.511204,3.610586,-16.136547,4.6288795,12.4039135,4.029105,-10.12376,4.861296,11.289297,5.4032607,3.954405,6.913063,-1.4386773,6.7599607,9.358595,6.091892,1476.217533924637,107.36760065056683,1527.954726731134,54.27959419936137,0.00033437784,0.0005689409,3107.3011641712587,0.009429271,0.0008257706,0.08276423832656613,0.012258915562533817
-382.39218,3.6757357,188.67657,3.2257915,-43.23739,3.2096698,60.244816,3.091526,-20.889954,3.1253626,30.924047,2.8146615,-10.075058,2.9315112,10.428242,2.9896507,-4.52353,3.2029734,0.970913,2.9338934,2.1622858,2.9059181,-4.610852,3.010742,4.047804,2.968246,1055.852162269079,59.66239171857924,1361.590133786854,34.8421914892764,0.00012173084,3.605363e-05,2220.4179732816124,0.010353301,0.0009913514,0.04353180285672854,0.006182674544032215
-387.8905,3.9809072,197.54034,3.4004,-45.759506,2.957511,56.21541,3.081114,-18.663565,2.9670959,28.324675,3.0374033,-8.291222,2.928912,8.853827,2.767114,-4.477324,2.8894806,0.9346005,3.0285826,2.8250387,3.032686,-4.3054976,2.9319127,3.5944338,2.8345077,989.326391717486,50.95505904447892,1261.4113881998708,32.31263798828471,0.00010453812,7.8502584e-05,2004.2865655814965,0.010268376,0.00096061203,0.04363036542923434,0.00623172499050576
-395.30786,3.72505,185.07024,3.651566,-36.096603,3.3228045,52.82566,3.0877683,-22.201487,3.256041,38.67521,3.2588158,-2.8432229,3.1049619,16.241264,2.7843058,-7.5740614,3.041421,1.9491986,2.9496515,1.6475848,3.0067,3.0611265,2.9536524,9.257734,2.9364533,1022.5725859014881,64.29562806861829,1393.1094836273885,47.50813415368141,0.00012195763,0.00013713462,2052.948606982309,0.010121405,0.0011330205,0.0413067811049884,0.00744500065669332
-387.34097,3.385853,193.14355,4.161926,-42.82061,3.5190797,56.399548,3.4329166,-17.818762,3.2436345,28.013018,3.3857932,-7.574866,3.0888343,9.615747,2.9475574,-3.7494442,3.0257256,1.0295935,3.0293834,2.973408,2.868333,-3.5983317,2.9909606,5.3020253,3.0172276,1000.837930232775,59.68518819361613,1295.1380024643963,45.228675511973464,0.00013568666,0.00039033435,2055.8713271280453,0.010207013,0.0010604443,0.04162172817575406,0.006121215583608253
-375.08163,5.2250834,150.56659,3.7582717,-16.797323,3.781219,53.69997,4.425971,-32.46988,3.467378,30.435438,3.6539056,-16.063484,3.5957024,17.042356,3.4987226,-11.2929945,3.5781846,12.667735,3.4346485,6.717547,3.5544076,2.2945886,3.4612057,15.583404,3.1866868,1416.2796649559496,91.4685435937199,1826.5623392144416,56.38640019842872,0.00017935694,0.00013898866,3341.3436004567866,0.011486302,0.002291135,0.05523695801914153,0.005952256022304099
-382.57562,3.8649144,170.14815,4.247662,-31.260826,4.1351933,49.14402,3.8137927,-37.778904,3.6435752,39.17161,3.5264723,-23.547176,3.6554587,24.822002,3.3296907,-6.612066,3.324199,6.917305,3.167514,-4.012919,3.1249826,-3.172225,3.3939857,10.837349,3.0787416,1346.265843083276,67.31627188004884,1717.135845397545,54.002699632707795,0.0002583947,0.00069218804,2809.0088457076567,0.00932656,0.0009791086,0.061823656830046404,0.008281201082126873
-400.56497,10.144122,188.58484,4.060604,-34.86999,4.706486,47.49793,3.3952055,-20.07618,4.056739,31.734642,3.6170833,-3.7325952,4.380405,15.413592,3.6014042,-4.023416,3.4932163,2.0989132,3.0760076,1.4347036,3.0645025,-1.0641026,3.1361773,6.8881297,3.7168045,982.9948276595197,86.67981888999556,1320.2376893692026,52.74949033142512,0.00010816455,0.00014296523,1916.2302534984049,0.009904253,0.0015782053,0.0397411089762181,0.008490914513700504
-351.44757,34.898895,157.85669,6.6204886,-66.89795,12.486773,51.596912,6.027516,-28.794025,4.6989546,39.34647,4.297672,-16.424782,7.6805277,18.203466,3.7744699,-13.455175,3.94445,3.5113742,4.9786243,-1.9546353,3.7414947,0.013962146,3.6708934,14.840122,4.839899,1654.629214098463,140.91297328526235,1643.8878885856036,66.4154690138263,0.0004996175,0.00095317647,3294.555097610934,0.008549338,0.0024508196,0.09574844112529002,0.01852112153241268
-387.4969,3.5410304,176.41359,4.534088,-39.902275,3.776588,47.25813,3.732571,-39.4142,4.3594446,41.459892,3.2602706,-28.234926,3.6062937,23.7589,3.4493418,-13.590314,2.7546945,4.3655715,3.019103,2.5663896,3.055527,9.240288,3.2782829,16.902147,3.193385,1354.9418349110622,60.78393816212283,1665.1206515970375,49.79740505327154,0.0002736488,0.0007278076,2614.885270899797,0.008699283,0.0007394171,0.06967240973027843,0.008138772475031118
-389.65778,5.000643,186.55803,4.3722553,-37.215115,3.153284,48.865185,3.4140716,-24.328405,3.7612143,37.345505,3.4479704,-2.8085697,3.3596604,15.416062,3.4844136,-6.8607197,3.3408327,2.1311548,3.1701663,1.5109707,3.1585877,2.2285547,3.4396327,8.429717,3.542444,1039.5485054200265,61.20567535156463,1376.4206279293,49.39523039978054,0.00013389192,0.0001932437,2021.7979059418503,0.0099984575,0.0011207449,0.04647508519431554,0.007134100347818142
-378.30743,22.328852,186.74142,8.0136595,-38.14682,7.4448977,53.11677,4.6762877,-19.409357,7.989863,24.69394,5.5178094,-10.2075615,5.115958,8.494477,4.1186543,-2.1545222,4.2841606,5.727041,3.9075825,3.0325794,3.3970926,-2.4562643,3.4574983,5.843219,3.160977,1057.2014948236858,168.73889389735564,1348.1962318863775,131.64121686328855,0.00014245627,0.00014759916,2186.294591067285,0.010293122,0.0014226423,0.04630061811194896,0.012610027770098347
-435.26776,12.7318535,192.21869,6.632553,-16.325268,5.784711,47.268803,3.964148,-10.48637,5.4227138,25.195122,4.5147624,-0.2436711,4.440831,12.719599,3.8919098,0.6921745,3.3477077,4.956263,3.3990645,3.2340672,3.4174917,-1.0145377,3.6415036,6.479698,3.650732,763.9570442263279,114.91852960301023,1184.8778398850495,105.45443391465575,5.6607565e-05,5.3525455e-05,1429.18517075116,0.009977066,0.0018574499,0.02607489849187935,0.006819716086589106
-433.8956,12.882351,195.75725,7.0557303,-17.205074,6.188355,48.43373,4.736824,-12.40608,4.6674,26.939938,4.1176972,-1.2300919,4.2469206,13.309294,3.9681325,-0.43315277,3.4265718,5.3080826,3.1685634,3.3514798,3.2517774,-1.7445745,3.3928747,6.312297,3.8141797,756.022613123433,96.06684168102993,1178.7354509673985,110.24924570482837,6.471062e-05,0.00016799348,1394.637119797709,0.010098198,0.0015162412,0.026320738471577725,0.00696266357066693
-386.85114,3.8648837,193.44875,4.4433885,-41.101555,4.056676,55.605286,3.4915104,-18.129072,3.3168652,26.460018,3.1985648,-7.666484,3.0648975,8.305183,3.1845427,-3.239834,3.177208,0.7941774,2.8566296,2.8659832,3.1372864,-4.231951,2.8885381,3.9223905,2.860993,990.0272903676895,56.276880962157605,1284.276358337007,50.12746519426156,0.00013352737,0.0003959274,2018.1007898600637,0.010317614,0.0010772211,0.04184717589907193,0.006140302787215179
-420.20578,6.6832337,189.85811,6.0618653,-19.490143,3.9149766,57.09517,4.26893,-14.011365,4.544837,31.193964,4.1778264,-7.818981,4.536287,11.472801,3.9554226,-5.892247,3.4037235,3.9775033,3.0060794,-0.36668703,3.0646794,-5.6097016,3.3202953,5.679802,3.2783191,842.9581588398152,90.29430684213935,1289.5598475950233,115.25347908961959,7.3337185e-05,8.581403e-05,1631.502354172709,0.0101739345,0.00082983146,0.03127265806264501,0.009709813687739086
-339.9522,30.465313,145.30704,11.465646,-75.39334,14.483944,78.7108,6.723137,-52.72495,7.5746307,43.35305,7.2274375,-31.70202,6.199294,23.750856,4.5779457,-9.577967,5.4472723,5.6982846,3.4894648,3.8524852,3.7118814,-4.166565,4.2924995,9.608582,3.3204353,2207.60831306507,332.09210789839204,1886.2460847810275,147.94691317722155,0.0010058931,0.00094493106,4467.665018670244,0.0076862727,0.00166943,0.15013232308584687,0.042967741881215646
-378.39725,3.5416493,189.92683,3.9030287,-46.135845,3.4455762,60.46228,3.7347348,-22.73228,3.519041,29.722254,3.1416588,-11.855024,3.0496247,10.147366,3.1607223,-5.419782,2.7487047,2.99235,3.0548518,3.5998673,2.7701454,-3.886853,3.0672574,4.767815,2.7528422,1079.5830373249391,62.075122957653655,1363.2751367094795,42.63041078100218,0.00016903278,0.00059987075,2267.905930521317,0.010296961,0.00096936664,0.04657817937935035,0.006542984525177488
-370.22647,20.475557,191.02318,7.67088,-55.457523,9.674076,54.31665,4.627589,-24.802242,7.860373,26.469847,4.757279,-16.05992,4.364293,13.158738,4.0235596,-2.949391,3.8378005,4.2923393,3.144871,2.1852555,3.6675694,-7.969239,3.6507602,2.233431,3.4733422,1169.1845582674648,165.81122305551065,1343.9975523575426,112.1672699007054,0.00019357464,0.0006476216,2347.144121139066,0.010223337,0.0011991916,0.05888830481438515,0.015499900310992428
-415.0016,16.686708,188.03444,4.2311916,-30.778395,7.0854645,47.087166,3.7992682,-13.767764,4.1777744,30.96874,3.6508064,-0.54461855,5.9343114,13.886634,3.9794278,-4.5057573,3.8488257,0.030781863,3.5873535,1.1670926,3.8653474,-0.17819585,4.193845,7.4348927,3.7896764,918.6680711225193,107.76537660937058,1274.3090812642545,60.7204785587848,8.84899e-05,0.00011887662,1774.6157192575406,0.009871779,0.0018534943,0.034713284875290025,0.010475642537803727
-421.97797,5.90338,189.25891,5.0112753,-18.466293,3.3576217,54.27896,3.6875558,-13.264112,3.7742484,28.887445,4.1814246,-8.145352,3.9271529,9.315893,3.544961,-4.331152,3.3927455,9.669308,3.0849988,4.187189,2.9441378,-1.6283894,3.1536803,8.75102,3.2061996,834.6654343240825,93.39467007600754,1288.1722220443783,117.32018106002917,6.7577465e-05,3.8318245e-05,1627.5054719221287,0.0101090735,0.0011056063,0.030732263268561485,0.012635004070456306
-378.53027,3.3888211,187.2764,4.2315464,-43.13998,3.6432297,58.810604,3.499521,-21.454323,3.4106874,29.298868,3.0699322,-10.270443,3.1563866,9.119115,3.2954094,-5.186092,2.9135606,0.9694185,3.0120983,2.1828518,2.9292405,-4.6956825,2.8592288,4.635907,2.7271264,1080.12975240921,63.39178605372352,1370.0362936245092,46.670900882559536,0.00017272224,0.0006705763,2267.1065540712007,0.010277075,0.0010892372,0.04661556518271462,0.0068875056265244395
-377.39914,3.0624495,186.22705,3.6825805,-45.031277,3.2560577,63.20023,3.3166173,-24.297998,3.276442,32.581482,3.2060077,-12.333961,3.0171318,12.541889,3.0718577,-5.333393,3.047172,2.844018,2.9395013,2.1219463,3.0200713,-4.3690896,3.1622128,5.554505,3.1345978,1108.5000748783073,58.66375922998634,1416.3748973459642,37.14923640477307,0.00015713676,0.00027031373,2380.3182438188805,0.010369547,0.00091007916,0.04606724006670534,0.006705439362832121
-377.19092,3.9291492,168.14613,4.037432,-29.197842,3.3295465,45.85512,3.044718,-39.61972,3.2971826,37.320446,3.1065285,-26.001785,3.2338045,25.176754,3.1184897,-4.9198446,3.01313,10.875464,3.096415,-1.092866,3.273409,-4.207246,2.9672954,6.9862885,3.0284584,1385.577822427354,78.0546961839206,1749.053339519151,60.08433659044075,0.00023545152,0.00036098226,2904.184604299594,0.009740019,0.0011467794,0.06661810288573086,0.006930841742327862
-379.45673,5.5636554,166.62463,3.85888,-34.972183,4.585978,45.70466,3.6433935,-34.09482,3.5224519,36.405712,3.2913013,-23.363258,3.5126371,24.074022,3.366223,-3.5877388,3.3004937,8.786135,3.2565346,-4.6634965,3.1765351,-5.8133197,3.2504008,9.992638,3.2462049,1381.4170760764375,76.68938302244602,1690.5459699029514,57.697297008204316,0.00023122161,0.0002700396,2798.741854426479,0.009326051,0.0012555697,0.06889523818155452,0.008242965354068722
-374.44766,3.431982,184.85127,3.5585885,-44.578327,3.2810142,60.26965,3.4117434,-22.320864,3.176255,32.094154,3.1248171,-11.7736435,3.1273236,11.80318,3.1283734,-4.9550304,2.8823032,2.2278063,3.1293461,2.9267867,3.1779864,-4.44202,3.1103642,4.1685634,2.9466555,1121.311700990338,57.28005149894489,1414.804596880907,36.19724844468241,0.00017002565,0.0002979729,2383.640652189675,0.010200364,0.00092834246,0.047694088964617166,0.006465738120879244
-350.24448,6.1178074,150.95721,5.2498946,-47.878643,4.9012623,69.7556,4.121164,-28.844212,3.7657259,47.60784,3.747089,-23.415579,3.2787046,25.40995,3.0776744,-10.075505,2.865212,10.169362,3.0496988,3.299228,3.0780559,-1.6894735,3.182135,8.765864,3.2724857,1697.8431900702967,125.52131351878299,1924.6964388899985,71.34589183684245,0.00045623185,0.0007796543,3913.422353085122,0.009725468,0.0009386025,0.07444533062645012,0.012593228204355164
-380.99323,4.252502,190.74858,3.7922673,-41.565617,3.6170268,58.774902,3.4646583,-22.520342,3.0242379,28.941866,3.2032743,-11.321314,3.1382244,10.903222,3.2279415,-4.632388,3.112547,3.1009023,3.1096454,4.0685053,3.0091996,-2.2211375,3.1155727,5.8011875,2.914614,1041.2606119089623,59.393301736689615,1350.4943758706231,39.63567377286747,0.00015537531,0.00045952617,2158.890967136746,0.010283905,0.0010139908,0.0442432660237819,0.006434019710623785
-360.7015,20.066124,186.43054,5.929838,-53.51136,5.945213,55.683224,4.560383,-25.329317,5.062161,25.852957,6.0954466,-13.339465,5.332904,11.930258,4.5389977,-5.5939217,3.856352,1.1006469,3.8007963,-0.75296474,3.2743394,-2.583713,3.4675345,6.283901,3.9038324,1220.3694670466225,106.80609386952618,1395.7515938149272,82.19234997734205,0.00020231573,0.00030475584,2507.893729154582,0.010049206,0.0016299566,0.06266313805104408,0.010887094298042316
-382.45267,3.541436,191.98328,3.741332,-42.061802,3.4046214,53.353737,3.238835,-15.647041,3.139102,24.4866,2.814423,-5.354465,3.066219,6.4553456,3.0846772,-3.380788,2.8603427,0.32211146,3.149187,3.7113822,3.1160848,-3.871071,2.8843923,3.4064517,2.9295118,1004.7912235982055,56.58156960505661,1275.4346513018318,38.552248330005504,0.00012314299,0.00025608038,2055.5215999311195,0.010233926,0.0010993241,0.04360657446345707,0.006820041099975836
-380.6192,3.6133685,166.19511,3.6597815,-26.914337,3.3986194,46.827717,3.3010154,-36.194103,3.1613843,40.84537,3.2114573,-21.305077,3.3335986,25.521362,3.3758655,-5.6716223,3.4043255,7.7047215,3.2409227,-5.4065447,3.255255,-5.2132516,3.2910504,8.662225,3.0780995,1372.1905638671321,71.25424002500127,1766.8337007066475,52.69138578255481,0.00024910583,0.00041068034,2940.880979462732,0.009331772,0.0011092557,0.06321712768271462,0.00774198879392048
-389.5194,5.616157,181.2129,3.9439476,-40.24219,3.80803,47.82191,4.001369,-22.925194,4.474258,39.374546,3.8037732,-0.8244919,4.0327783,16.817625,4.291223,-6.159648,3.699655,2.5184114,3.298706,1.1838111,3.9021225,2.28441,3.9276762,9.906519,3.7236595,1097.9827125268253,79.26651088822742,1414.8651002103668,52.722862958853355,0.00015789617,0.000356795,2173.804334034223,0.009703734,0.0016729629,0.050674757105568444,0.010344047845483486
-388.08707,3.8622954,167.2358,3.7421403,-27.685005,3.522221,47.3229,3.373223,-36.955467,3.2596374,38.634567,3.1562238,-20.669865,3.2050807,22.165304,3.2045207,-6.902026,2.9387832,9.815172,3.1346295,-3.7555087,2.8406923,-6.431685,2.8338068,3.1859422,2.9757698,1332.8031605520057,71.34229186764327,1712.4359093176097,53.96340773829968,0.00021180639,0.0002989327,2803.887840324101,0.009408495,0.0011490105,0.061675246519721574,0.008075246428721343
-378.89465,3.6974611,189.49902,3.484579,-44.19438,3.3411632,59.82361,3.1732395,-21.97997,3.0241685,30.025549,3.005902,-11.314397,3.0158122,9.922134,3.122052,-4.7018356,3.039634,1.3396695,2.873369,2.2767766,2.8399112,-3.8923752,3.0271964,5.095092,2.8272817,1069.2551261193144,59.15634405556311,1360.3200978586049,35.40960982571847,0.00014395888,0.00026238294,2234.0323534476506,0.010423638,0.0010327584,0.04575342589907193,0.006132460012627052
-385.22968,3.684502,174.52025,3.725087,-37.480587,3.283931,49.652134,3.5653324,-37.885414,3.4173207,42.013294,3.471036,-25.498755,3.4234786,24.699709,3.0493655,-13.70419,2.9049118,3.5493877,3.220453,0.6274869,3.2680366,7.9605975,3.252994,16.571373,3.3201838,1351.9378455735516,57.774373028077065,1690.519117110543,44.48141062913272,0.00025375508,0.00056094385,2685.455223136601,0.008933808,0.0007924662,0.06757653893561485,0.007939595950765349
-379.4723,4.3853993,172.31224,3.7200947,-38.68109,3.2685153,47.76037,3.331965,-39.25436,3.319758,39.48068,3.4881577,-24.242605,3.1565406,24.46025,3.1715925,-11.831484,3.0389957,5.8164916,3.305449,2.849726,3.5046976,8.379609,3.0424852,16.032866,3.2582054,1383.7107337703612,64.17662193032274,1692.3788467566133,47.702948429102726,0.0002454205,0.00027216543,2787.4007010404584,0.00910078,0.0009138067,0.07075773093097448,0.007778959553386632
-384.03073,3.83875,160.13994,3.5903172,-24.826544,3.0419865,53.166477,3.0746884,-35.926075,3.3815656,41.529785,3.2650197,-22.665308,3.4018714,22.32025,3.254986,-7.017375,3.2890127,16.501862,3.3076687,4.937701,3.190464,-1.8488655,3.2872288,2.6837387,3.1985257,1413.9522676836343,68.21365581898408,1841.0048474925954,49.93675296822053,0.00022821075,0.00039141867,3309.4434839943447,0.009833571,0.0010439235,0.057718015878770304,0.006717519675158443
-361.20807,4.863625,148.2398,4.476484,-35.28134,3.1615894,60.988815,3.5366044,-40.7133,3.3914528,32.520878,3.1615772,-28.207127,3.0569937,30.107338,3.1997683,-1.7039427,3.6379433,5.023063,3.2912638,2.142342,3.6641207,-1.4678103,3.816316,-2.5015447,3.436936,1742.0460207369124,96.65466000669723,1947.7197296226243,58.31705133411604,0.00039501154,0.00055941415,4177.066698539008,0.009468275,0.0014493203,0.07944483214907193,0.007692481176213834
-379.87387,3.99545,186.46211,4.1624126,-44.036026,3.6847641,58.313854,3.5716188,-20.202137,3.5708466,30.24489,3.2589204,-8.711448,3.0373359,10.618708,3.0490193,-4.203084,3.0213447,1.390013,3.0966716,2.9760492,2.9592183,-4.2310143,2.8419578,4.359189,2.8810482,1082.7137966744301,59.045506746128105,1373.9762300940872,44.312627814520354,0.00015866902,0.00036092437,2286.2416278458527,0.010190568,0.0010578885,0.045137126595127613,0.00745860352127807
-385.4451,3.8205957,184.02269,4.519151,-44.94341,3.4589355,54.413525,3.6490967,-26.397785,3.570834,41.761482,3.8624334,-4.478945,3.6536493,18.759846,3.4018335,-8.766346,3.2175486,2.5539575,3.1395254,2.0586646,3.2534,3.225467,3.3613787,9.542969,3.6442592,1123.0786224715328,67.46724229007039,1446.492021304545,57.54822666302213,0.00018978489,0.00065252505,2311.59684962297,0.009686489,0.0009872356,0.049816016531322505,0.008111111099997305
-421.19815,6.300802,185.54272,5.4412746,-19.12595,3.8909326,58.594265,4.147267,-12.123169,4.1636233,33.365257,4.0573745,-7.6593404,3.659263,10.37512,3.5974529,-4.348861,3.2316616,10.092263,3.009875,3.2571192,2.9144638,-2.8966188,3.439565,6.1807942,3.4671924,853.2776983401859,90.79679865600609,1328.3557488172917,117.04611216826623,9.046609e-05,0.00033677832,1698.9497421512472,0.010160666,0.0011131159,0.031220544518561485,0.011173121350566261
-395.34012,4.89172,184.0191,3.906304,-35.09158,3.80428,51.253353,3.5295515,-20.655909,3.429964,35.927883,3.4909906,-3.7260098,3.4242237,14.933889,3.194517,-6.3094926,3.0500774,1.6543438,3.1874354,1.0067574,3.2161088,0.5594147,3.4702373,6.724438,3.3180892,1027.3915721023754,62.938190641176476,1390.2663993665738,46.75715349664332,0.00013366934,0.0002661529,2076.130524035673,0.009775868,0.0012102397,0.038297790385730855,0.00695824344954851
-356.38867,30.201664,181.84082,5.2443275,-57.722992,7.805987,60.798805,5.0948443,-39.31291,7.995184,34.504543,4.320168,-19.261597,5.9358773,20.454943,4.4985523,-8.617864,3.8915157,4.597841,3.374393,-4.051555,3.2205815,-10.395793,3.7312355,5.87391,3.8221507,1374.3449622108233,123.40805505429006,1549.0690421547067,71.41022717586851,0.00029870088,0.0003762016,2877.680278875435,0.009708128,0.0021356773,0.06871170787412993,0.012774642142919799
-377.417,3.3951297,188.95758,3.7485826,-43.546593,3.3326364,61.072525,3.1136956,-23.301477,3.2867658,29.480774,2.9429505,-12.591688,2.8083122,10.952644,3.0168123,-5.1872916,3.1081254,2.4365902,2.8486845,4.417234,2.8435292,-2.6659086,3.2534876,5.680275,2.9876726,1072.4533612301047,56.4386602485624,1376.8534518180343,38.04857707327771,0.00015582197,0.00034210872,2271.003514265516,0.010288039,0.0009060529,0.04541355495939675,0.006309983451542118
-379.41144,3.5708847,166.80177,3.7228332,-27.124592,3.347234,47.572163,3.3512692,-38.506104,3.3525772,37.979626,3.0861785,-21.710524,2.917729,25.654041,2.9228497,-3.7199285,2.7494552,9.143174,2.8799236,-5.3870244,3.060745,-6.132054,3.0835824,6.1204505,2.8980954,1364.810783078138,67.24543615566681,1744.8568081809008,52.91013754928111,0.000246795,0.0005783949,2910.754479498985,0.009594301,0.0010034224,0.06468083852958237,0.008047899214709407
-383.73297,7.6493382,171.1958,6.5238447,-43.0754,4.6795273,67.731445,4.7533283,-12.5650215,4.478562,23.949278,3.6423128,-13.985619,3.3474267,13.107641,3.2435443,-2.2315016,3.8351498,1.4375515,3.5015256,2.665969,3.7127807,-2.520705,3.3298438,7.8211374,3.201034,1177.6354318183492,102.77184199305532,1469.6587520742794,72.96158566469364,0.00015082097,0.0001896688,2618.7572505800463,0.010511783,0.001911285,0.045188107236078884,0.00985558425709946
-383.51523,3.4813235,175.67043,4.2385554,-39.805,3.8091693,47.089867,4.16636,-39.072,3.3972926,39.923805,3.3261752,-24.217838,3.5467,24.867949,3.235295,-11.640615,3.155159,4.329388,3.162548,1.9872491,2.9025834,8.7216835,2.8729007,15.465058,3.4135456,1350.5237216800083,64.08073913383278,1655.035145261721,51.74481265521114,0.00028874766,0.0009050859,2637.392714073376,0.008776616,0.00080307445,0.06927815944025523,0.007903066315862387
-347.71722,34.463932,143.78896,17.210327,-49.888554,13.113578,73.19203,9.63992,-31.024624,9.223684,45.815956,8.412667,-18.716732,7.1521544,24.579384,6.5164495,-8.799956,3.9815662,8.737059,4.2057414,2.7138548,3.222908,-0.38108468,3.1994731,11.664538,3.7894711,1846.1613469856397,398.284904919291,1923.6077235848525,250.05356901816273,0.0005990068,0.0010726496,4089.534977251305,0.00964837,0.0016035355,0.08912209070475638,0.030778604627629966
-380.93735,3.569854,187.4545,3.3994668,-43.371067,2.9886205,57.913918,3.1452796,-19.628494,3.222337,29.905624,3.028856,-8.284103,2.9642003,10.410263,2.9497218,-3.7917163,2.975748,1.9896045,2.857773,3.38726,2.8297496,-3.607083,2.9284234,4.8437,3.161683,1057.5805175807486,56.54152921559096,1357.9969211530515,34.45872480405579,0.00013687219,0.00023258264,2223.715401138341,0.01041983,0.001083162,0.043295026102088165,0.00743718747744751
-393.7518,6.281341,165.2232,5.968985,-23.029827,3.7591321,62.73266,4.4226875,-19.347376,4.4406114,32.169987,4.1174536,-13.451845,3.806218,16.812609,3.8371065,-7.280334,3.6988652,8.401169,4.0268188,6.281909,3.4740705,0.7558499,3.485192,10.378655,3.773399,1083.1440908194697,116.97695070525081,1557.6095694795374,88.67699533584874,0.000120298195,0.00019458715,2432.7273623296114,0.0105977515,0.0021259175,0.037238525957076565,0.01004557032061276
-406.5859,7.591983,184.21712,5.062178,-25.730705,3.958685,60.128952,4.4462633,-18.641117,3.8627388,34.765484,4.205245,-12.565157,3.9984324,16.273815,3.405638,-3.8299005,3.4529238,6.122059,3.1109047,2.682709,3.1710813,-5.877769,3.0934992,5.8602667,3.3881218,956.9744970116495,88.29720363958587,1413.0621371195168,97.73007581536558,0.000105731524,0.00014826635,1973.2357865973029,0.010149203,0.000927859,0.03566379060324826,0.008848975466938856
-374.98904,4.651618,187.0273,5.041899,-43.156197,4.177963,58.539062,3.56606,-20.871395,3.8227212,28.503248,3.4134219,-10.317739,3.2439075,9.225679,3.036284,-4.2766595,2.7155786,2.5198655,3.0182252,3.8490262,3.031197,-2.9996748,3.0567558,5.1615734,2.8298512,1078.4256868541027,67.47701521148062,1370.8201557108437,67.43722811014337,0.0001775009,0.0007147551,2275.325143198956,0.010411679,0.0008912957,0.04611255619199536,0.006384288013160764
-384.18314,4.227178,182.99556,4.1444473,-43.700253,3.7671392,53.070972,3.3980122,-25.281042,3.5464787,39.96584,3.629943,-5.4026566,3.6595697,16.416681,3.303046,-9.181345,2.932825,1.3138947,2.9181013,0.941275,3.0594687,2.7328982,3.5248303,9.036206,3.1906853,1129.4281584540681,62.41074726045375,1441.624362604517,49.87327616830447,0.00016825221,0.00028131384,2303.827909748405,0.009667793,0.0009596016,0.05073140226218097,0.007734417716933348
-369.91074,3.848969,164.2657,3.7891064,-34.225014,3.5197313,48.466347,3.3854246,-40.437817,3.369416,35.753536,3.6454825,-24.725136,3.5431685,23.660965,3.4905353,-5.498914,3.4523497,11.150409,3.3730588,-0.25943062,3.5045912,-3.4584446,3.2133472,6.5353713,3.037609,1459.462876319961,71.78220634538475,1765.591654036063,52.20218170106323,0.00027946552,0.00040986013,3177.521389211137,0.009690162,0.0012029543,0.07005306518271462,0.006841087321728532
-435.78568,5.3834505,191.27405,4.6020975,-14.879366,3.4599874,47.347107,3.630928,-10.152185,3.7763815,23.835468,3.8932319,-0.8263763,3.6332896,14.437774,3.6131363,-0.13275671,3.3148758,4.264001,3.4429498,4.322711,3.4592078,0.062281776,3.675112,6.3964553,3.7554355,756.0886659960232,65.11983575667885,1193.8759240801844,75.70642123534465,6.072116e-05,0.00017261857,1398.5840410201565,0.01044171,0.0016386493,0.023733187717517402,0.006441857362368149
-359.95114,6.826696,153.45541,4.766086,-42.9296,4.116644,72.2963,3.6487973,-26.06539,3.293115,47.741623,3.3005064,-22.17706,3.2052186,24.98301,3.572735,-10.5459,2.9779172,9.617469,2.9925065,1.1112684,2.8127656,-4.160383,2.8506615,6.453814,2.9157417,1588.356055167747,127.77942226468015,1896.0388107287042,72.42532409643435,0.000352147,0.00040109555,3723.5954266966355,0.009923466,0.00083561917,0.06293616770591648,0.012383577116479487
-402.58472,9.293191,186.29987,3.6766915,-32.31774,4.4592066,49.735817,3.0227559,-17.770477,3.8049715,30.36669,3.3630023,-4.3593307,4.235642,15.047185,3.698295,-3.5435112,3.7450378,1.6570036,3.9941,0.52099925,3.3634744,-2.555469,3.573337,6.1045403,3.4857478,969.7630537431522,73.17564174600076,1326.496679704894,47.52627704762483,9.8710356e-05,9.798017e-05,1925.7228488435326,0.010088144,0.0013541095,0.037042533715197216,0.006739729381084273
-393.2477,4.4046955,180.83798,4.677057,-35.059673,3.8559802,53.274765,3.8910384,-22.697842,3.7680106,37.698345,3.6539934,-4.369384,3.4117513,16.998165,3.6044822,-5.7629538,3.6305106,3.7703402,3.2443175,1.84525,3.1496074,1.780308,3.2529018,9.100588,3.0467403,1059.6920052137914,77.95049245639683,1443.81866580171,66.63486007130695,0.00015943871,0.00049134356,2193.4140375761312,0.009853844,0.0013908624,0.03975583671693735,0.007962687981392616
-378.92953,4.3589,188.34665,3.1860688,-44.172234,2.9781017,59.168213,2.8959558,-21.403105,3.278347,29.589285,2.9076898,-10.741745,3.139457,9.874025,2.9373426,-4.5431147,3.1506171,2.3003898,3.1984575,3.158271,3.2291732,-3.6343915,2.9792943,5.01287,2.96608,1071.1604393456678,59.06757871018825,1364.5595427438354,32.04480934373617,0.00013786291,8.235217e-05,2249.645174738979,0.010113398,0.0009350909,0.04584065944025522,0.006865610398184465
-386.08252,4.2233534,178.48271,3.718158,-38.47936,3.3728862,46.53378,3.161294,-36.43073,3.1305358,38.698837,3.199854,-25.32722,3.254343,26.160791,3.5107484,-11.090873,3.159184,3.7253387,3.2311082,-0.2669157,3.0558174,7.8767624,3.26462,16.349613,3.5429184,1296.1045852525071,62.93309085692599,1619.5788241151809,50.13483140664915,0.0002117712,0.00021534495,2450.5134883446926,0.009026369,0.0008875694,0.06618533388921113,0.007806577449096879
-375.35107,5.087446,169.62564,4.083406,-41.353863,3.4642959,59.15517,3.1226149,-25.370392,3.336865,45.29627,3.268238,-10.903996,3.1749413,21.744406,3.1408455,-11.899408,3.1061869,3.5219195,2.9878721,1.7068107,2.9449546,0.9947498,2.9870923,10.566733,2.824201,1281.1470377835228,87.8042069258879,1637.389694236772,59.10218502778547,0.00020288069,9.1702095e-05,2808.359352341937,0.009976263,0.0010007594,0.05151990284222738,0.007928458728599397
-373.28012,3.5005047,184.3508,3.251182,-45.616108,2.933381,61.61251,3.1981692,-24.005125,3.1250231,32.228085,3.1004913,-11.654063,3.0257938,11.184776,2.9077265,-6.010263,2.9295683,1.5355049,2.9774516,2.2491527,2.8511322,-3.905903,2.9331377,4.7068853,3.0533807,1141.5545578433405,59.24663984643209,1426.6808288512673,33.20298664678466,0.00016365244,0.00017956563,2451.8624361042635,0.01023106,0.0010269444,0.048386292778422275,0.007558169169013336
-373.83746,3.5717547,184.65152,3.5947134,-45.92023,3.7025135,60.17831,3.4341495,-23.39488,3.406141,33.267883,3.0401964,-10.796184,3.3987489,12.128057,3.0111082,-5.3427,2.9759994,3.0271409,2.783079,3.2490575,2.8219006,-4.3658247,2.825694,4.668067,2.8530538,1131.458105777829,61.356819454706006,1422.6178498490642,36.434402314088665,0.00016980906,0.00026204222,2413.767152153422,0.010257002,0.0010061408,0.048444070838167055,0.006632981916767584
-349.1485,3.4183335,166.85593,3.6366706,-56.38142,3.6136265,66.74252,3.2493973,-32.203075,3.1801827,38.18149,3.134704,-22.094633,2.8798182,21.507584,3.0478544,-11.583609,2.73636,7.351439,2.9359047,-1.4764426,3.1297646,-1.0735947,3.1428497,6.618531,2.9300668,1530.5960237582663,73.36491450224773,1710.6664444574428,32.50068944816327,0.00039663765,0.0003881068,3292.506695457512,0.009333822,0.000749306,0.07439548288863108,0.009161859986409688
-382.4744,4.2893677,181.3861,4.708943,-46.299835,3.8562703,54.77833,3.780319,-28.36852,3.426898,44.554184,3.3682692,-4.905003,3.7392719,19.05146,3.7151828,-11.008005,3.0893517,2.146603,2.9987187,1.5456418,3.0034668,3.5739062,3.0851827,10.111185,3.0523884,1179.511588051378,67.24989296706514,1483.503143971738,62.628529972841555,0.00020527294,0.00063061586,2418.688313424449,0.009767103,0.0008027659,0.058116797781322505,0.007616519638175467
-332.2985,9.367809,122.67017,8.37474,-73.26822,5.409894,83.9864,4.9442954,-53.7454,4.9097624,51.24981,4.122681,-37.608124,4.279067,29.142202,3.8261178,-17.010204,3.8085616,10.737821,3.6836872,-0.95711756,3.5794055,-3.2902486,3.4253597,11.590111,3.2533677,2738.2039623774626,204.91176655291994,2121.5818185336843,59.626940094288614,0.001902848,0.002481795,5334.438895736659,0.006977693,0.0006993414,0.2023251703886311,0.030735259800978784
-380.07098,3.5778134,187.11855,4.6555805,-45.03135,3.8283987,59.467957,3.635118,-20.6331,3.5120208,31.364016,3.388375,-9.292416,3.265792,11.40197,2.9942846,-4.3342185,2.9464328,1.583799,2.9609342,3.5960424,3.1621575,-3.9102693,3.004552,3.9908326,2.8930168,1084.255269288788,64.7097570565175,1376.9935306898283,51.31165438157352,0.00016690615,0.000545268,2291.4125942575406,0.010261337,0.0010337391,0.04509634208236659,0.006398086863701202
-337.15506,11.083417,162.3088,6.597164,-74.93927,5.7557178,70.302704,6.5728803,-44.4315,4.1759763,39.316578,4.2854557,-19.305439,4.532137,19.726128,3.6271188,-12.595199,4.0031347,6.383951,3.2398095,-3.48423,3.2467217,-1.4968534,3.405483,10.0580015,3.3745465,1800.7580155772403,146.17822424891315,1700.2326979901536,57.27577641913139,0.00054656883,0.00040091935,3700.8131978683296,0.008947813,0.0007439591,0.10906685034802784,0.017791955540565427
-386.6943,4.1545095,198.80887,3.431283,-45.978928,3.0635154,54.697147,3.0789278,-22.862268,3.3152225,26.869108,3.3916657,-8.408855,3.0914385,12.735383,3.0176387,-1.9175128,3.2312012,0.70876575,2.8651233,0.9776763,3.1768508,-5.7867785,3.0589263,3.1808116,3.0783029,998.6776459435561,52.47515350794377,1264.130365866696,31.68490570639959,0.000110620604,8.4830455e-05,2007.5590129241589,0.0101283,0.00087060273,0.044015552494199535,0.005805935900791999
-334.9778,16.738844,160.8267,4.3950787,-67.42107,5.7457476,74.740105,3.657849,-38.868523,3.8372657,35.003094,4.8203707,-30.464062,6.3542786,20.639977,4.562393,-11.230994,3.6391945,10.293685,3.6129537,-0.75619286,3.244204,-2.8609502,3.4089983,8.989742,3.1912425,1778.9496396142054,100.84082639881358,1762.4326864530165,63.2672705790511,0.0006130808,0.0009169573,3695.71717299884,0.009113037,0.0011731702,0.09993338529582367,0.013419584641260033
-398.98746,3.4063048,183.41911,4.122423,-32.652126,3.1191177,48.800446,3.651141,-18.752638,3.4834552,36.726128,3.4200613,-0.33987108,3.3348086,14.438898,3.2010045,-6.69993,3.4272048,0.6582834,3.043798,1.9809103,3.160201,3.4712338,3.0430932,9.28552,3.4361272,1001.1479195922473,67.59488011028415,1367.9694436860573,53.411810338294906,0.00013571426,0.00043901196,1962.6440486332656,0.009929744,0.0013512106,0.04158094366299304,0.007724533002547179
-374.46988,3.5940957,184.84499,3.4307666,-45.482624,3.0806208,61.734116,3.1775773,-24.336079,3.3878734,32.104504,3.0973926,-11.668137,3.024341,13.284583,2.957342,-4.965286,2.8730867,2.0212924,3.1945193,1.9525589,2.9416158,-4.358259,2.905601,5.673635,2.7051752,1130.5719004001394,58.520564893637854,1425.721963376117,34.72153202840785,0.00017033175,0.00033841637,2427.9311036289155,0.010296465,0.0009480383,0.047549077363689095,0.006615580444261112
-374.81912,3.4293199,184.97182,3.1690829,-45.843094,3.015188,61.148327,3.0913193,-23.777733,3.1713169,32.80352,3.017712,-12.112587,3.0838513,11.71057,2.8608074,-6.0522304,3.0011652,2.1343994,2.9127896,3.1041055,3.0205574,-3.4420254,2.857846,5.6888084,2.7879455,1127.0109946010734,57.47802421818654,1420.8333123834075,31.83030231401228,0.00015399672,8.633189e-05,2406.522803074246,0.01020919,0.00089978206,0.048779410165313224,0.006863585519984119
-382.6347,3.8846135,172.39798,3.964842,-33.02079,3.7093916,44.08269,3.360836,-38.888195,3.042712,42.032543,3.1523588,-21.877258,2.9444685,24.788813,3.1682065,-11.555505,3.1449313,5.7449355,2.9857688,2.819374,2.9602163,9.945055,3.2398138,16.36778,3.2187235,1341.3659919005772,67.70424964631735,1693.804805208674,50.50666977732738,0.00021699448,0.00037187964,2652.031295316125,0.0095880665,0.0010792175,0.066419844837587,0.006906367609677292
-382.37042,3.4533596,195.60188,3.464797,-42.78139,3.3380203,52.933575,3.4403467,-23.156439,2.9720318,28.277828,3.3441951,-8.1175995,3.203542,9.646309,3.110665,-3.4355383,2.9130797,2.0871673,3.0057619,2.6099703,2.9324288,-4.6794972,2.9995022,5.818627,3.2062762,1008.6285137117545,53.308185554421776,1286.7743427484957,34.1071934961031,0.00012166924,0.00020679641,1987.5496211571926,0.010443536,0.001035377,0.04343437318735499,0.006211737317557568
-387.98492,3.7450607,194.44968,4.2191415,-41.298206,3.9137893,56.13835,3.6528735,-18.505278,3.488568,27.101753,3.2675748,-9.31267,3.2095485,7.149602,2.9633877,-4.2224703,3.0860527,1.1576424,3.196905,4.1321507,3.1017323,-3.2182271,3.057564,3.8660107,2.8430417,987.6684069198826,58.26715172070424,1280.2773074197212,49.977216544152675,0.00013530943,0.0005738263,1998.8907745432134,0.010357807,0.0009952763,0.04206695910672854,0.005606072218935507
-378.95114,3.6117659,168.12444,3.6231005,-29.434542,3.0872302,44.42676,3.34995,-36.865288,3.2079835,38.70021,3.2895856,-24.076122,3.427189,24.838614,3.459493,-5.853248,3.5088844,8.268222,3.4957125,-4.725878,3.1672957,-3.4769297,3.2627628,11.229805,2.896972,1365.4247394415888,71.978452616506,1730.697670285568,55.03860299454478,0.00021783003,0.00020247436,2797.6427118075694,0.009647135,0.0011774388,0.06614908098897912,0.007962912187207833
-369.5203,6.819347,157.81758,5.5596666,-38.13435,4.6727896,69.38049,4.2728653,-24.085688,3.6516507,45.768353,3.7424052,-20.493587,3.6467533,23.188702,3.0606809,-9.324673,3.3081152,8.940008,3.3385658,1.9159615,2.9534972,-3.014028,2.9906769,7.3166656,3.0331779,1448.4900088875033,120.02445148595307,1824.3169016402605,82.47764148634559,0.00029509616,0.0005145137,3402.595820946926,0.00989832,0.00080817885,0.054440527117169374,0.010447603324930717
-342.96872,29.36349,168.71474,12.135086,-75.66474,12.4514065,61.549793,7.9631433,-40.151672,6.989493,33.734375,5.095481,-21.672903,4.899511,18.882717,5.136119,-3.7733753,3.7341554,8.717689,3.782649,-0.0730035,4.3135676,-4.7191577,3.5728097,9.229206,3.5108995,1667.3096810482268,253.63908135121835,1584.6831293000648,123.48290512150172,0.00055582274,0.0014587789,3311.3669835774363,0.008760032,0.0014069458,0.10122829357598608,0.023437560018379888
-399.1364,4.639265,186.11534,3.6396196,-31.216974,3.4522133,48.258686,3.5541782,-18.338493,3.3039546,33.3419,3.477481,-1.2874483,3.5298333,14.158342,3.2213037,-5.6694207,3.1903744,-0.05277976,3.2833548,0.26390672,3.480427,0.1902932,3.372296,6.3836083,3.3562565,970.819237834536,64.23025962519012,1333.1942570479332,45.23429688114197,0.00010608129,0.000107917855,1890.9749537775522,0.010028326,0.0014101355,0.0388676406612529,0.00722813613124112
-380.3427,3.754582,172.5222,4.074495,-41.09068,4.0346465,49.740818,3.828455,-39.438667,3.4505847,43.07151,3.416788,-25.807505,3.5366766,26.620274,3.5489893,-8.852547,3.012161,7.4941897,3.3492782,-2.7647715,3.147389,1.8716553,3.1688068,17.348679,3.1989458,1404.2102835682765,71.50237438999763,1722.7050658628098,52.03335476241387,0.00027450168,0.0004362768,2895.3415023201856,0.008968654,0.0009472307,0.06875249238689095,0.007406407752776966
-357.7019,5.964883,149.8807,5.0039864,-41.513603,4.6935754,67.47478,4.1606483,-24.900623,3.743628,43.217934,3.5276985,-20.29901,3.4735289,23.353708,3.3773284,-8.388607,3.076147,9.990919,2.9812362,3.172101,3.1044168,-1.7584231,3.050808,8.514138,3.0622241,1600.0953831490017,127.75279048167538,1886.4731620265864,67.77843253830943,0.00040400226,0.000916676,3718.324538228683,0.00996197,0.0013991846,0.062400304524361946,0.01275317726070692
-392.43265,3.2372065,186.28296,3.2691908,-35.796932,3.0330935,56.543324,3.1562207,-17.994137,3.2022698,26.373432,2.909691,-7.816201,2.884633,10.445432,3.148265,-1.3463616,2.9048238,3.9412642,2.8400557,4.6924734,2.990333,-1.746691,2.6965039,6.772228,2.9177015,993.619423707845,52.10664411756866,1342.3038882315443,34.58594495502482,0.00010607002,0.00013095785,2090.744124764356,0.0105002,0.001096489,0.03561847447795824,0.006165735762409696
-402.80814,3.6873195,183.06398,3.8998282,-34.66271,3.424512,50.45672,3.3498743,-17.020006,3.2795236,36.476288,3.1554408,-1.8415961,3.339164,15.5878725,3.3101647,-4.6737266,3.3809988,1.9435633,3.3442652,2.9198842,3.3336034,2.912112,3.4196446,8.240301,3.207015,993.4029680019738,63.56732501389727,1368.4807587381108,46.28821116556414,0.00011235889,0.00020457631,2004.986019975348,0.01003463,0.0012613373,0.03704819823085847,0.006697834844275015
-372.0456,4.294653,166.22096,3.690349,-27.4556,3.342908,49.911198,3.2849677,-39.944206,3.1214626,37.75545,3.2156615,-25.140457,3.1456008,20.864012,3.1354625,-8.589261,3.1773264,12.587132,3.1434574,5.348018,3.20452,2.2446742,2.9695442,5.263605,2.993962,1396.8506473683635,76.98535982534642,1780.458738337522,55.203173638314624,0.00022597684,0.00011510471,3106.2519825804816,0.010017285,0.0011516695,0.06285913029292343,0.006374998232083827
-405.19308,7.2225857,189.29059,5.4681883,-28.336626,4.158141,47.90771,4.2373276,-16.472994,4.379494,30.741875,4.916916,-8.276013,4.4954033,10.050082,4.632328,-5.6967874,3.5066047,9.407228,3.7139642,4.3458176,3.6201499,-1.8224967,3.8653564,6.1412435,4.4413524,930.2316613472034,75.35755130593975,1307.2286493741685,93.85218861615625,9.616514e-05,0.00012863171,1766.6469352704466,0.01003471,0.0015172906,0.04010023926914153,0.008110751896398842
-334.59235,12.688297,169.19116,5.554321,-66.23591,5.641716,66.45089,3.9796314,-51.550728,5.631881,36.106327,4.8319726,-30.152836,4.2448516,24.962055,4.4820013,-12.557597,3.2444746,7.0264273,3.1667933,-3.525214,3.2181275,-4.574822,3.090448,6.657952,3.3177733,1720.9253227724942,124.3354425640501,1756.8732279506114,80.1933238140916,0.00059902744,0.0011940108,3666.2901274289443,0.009296766,0.0008307609,0.0965720617024362,0.012772985082643823
-364.33173,52.85671,171.05061,6.997604,-71.11724,21.714567,58.398777,6.1867495,-37.54686,10.040818,29.98831,4.6414766,-27.367493,8.204176,17.764326,6.3110123,-7.4381537,5.8247933,8.195299,6.160433,1.3154193,4.448592,-1.9487598,4.354176,8.352141,3.2692096,1566.8272596747497,238.06574294067653,1561.8776672496872,94.23527433603354,0.00041303108,0.00055030634,3063.9849527805973,0.008553947,0.0031277023,0.08783964435904873,0.030089184787538827
-375.17075,3.625227,183.28165,4.1003604,-46.25928,3.8950152,63.17965,4.7890625,-23.89677,3.724125,32.197464,3.7133245,-8.813203,3.795147,12.262684,3.3308947,-6.2008705,3.3882892,2.938032,3.166463,3.2053149,2.747673,-4.085235,2.7829852,5.44773,3.113933,1146.252322152757,73.6097179994851,1436.0450451246684,46.46422024386367,0.00018706053,0.0004805677,2520.5338692720416,0.010161688,0.0009369753,0.04856415857018562,0.008404495011549575
-383.0426,3.8824615,172.66992,4.002564,-37.91896,3.563715,45.779255,3.825436,-37.43008,3.5512583,40.56211,3.4702616,-24.029112,3.306584,24.925041,2.8469841,-10.500242,3.119181,5.5545673,3.4639883,2.3748066,3.2897558,9.084913,3.1295636,15.887279,3.4154809,1365.3586162177062,64.76970817116357,1677.595580800399,53.605832798568095,0.0002555322,0.0006120944,2667.5691750652554,0.009089787,0.00089614093,0.06966674521461717,0.007410833342104626
-346.09818,34.906998,170.21085,5.4521675,-58.14977,8.198734,67.31637,4.2027335,-47.26047,9.816452,34.048485,4.652997,-21.46452,6.6435375,21.975317,7.610889,-10.017217,3.7966535,3.6297848,2.9655757,-2.9908204,3.393848,-5.5515714,4.564669,8.514666,3.1243355,1599.712993977661,190.84248224598585,1703.3187448278002,108.35057967019263,0.00045848722,0.00058220763,3505.065889646172,0.009231402,0.0019462429,0.08452023818155452,0.01762805770534917
-374.41824,3.4742546,183.88493,3.4455874,-45.89292,3.5385711,61.43564,3.2416267,-23.556168,3.4725018,33.00297,3.3239784,-11.773088,3.1409333,13.200754,3.1324198,-3.7404196,2.9561162,3.6803758,3.154521,2.46272,2.9961367,-5.305502,2.9789367,4.6491833,2.768256,1133.6450547746379,57.173474788363166,1432.6158671104604,33.675833774988575,0.00017379003,0.00026773402,2434.0763100891822,0.010121173,0.0009650143,0.04868311339907193,0.006782889265360038
-386.98026,3.54504,174.01514,3.734569,-36.290855,3.6132681,46.190514,3.5273523,-37.56756,3.3235216,45.173233,3.475973,-21.819798,3.6567378,25.739145,3.539659,-14.468478,3.129626,3.8463554,3.2451706,-0.8352941,3.0705585,6.2529078,2.9865866,15.960405,3.1174412,1362.705827731523,64.67460710746626,1715.383419204496,48.99523187781516,0.0002553389,0.00030154453,2724.524747136021,0.008399757,0.0007748223,0.06722307315835267,0.009254713909344937
-411.48682,6.323366,187.18768,4.9132915,-30.257242,3.6030235,53.116947,3.8880596,-8.603602,4.3665943,24.835535,3.5977576,-2.0750399,3.5883179,8.313738,3.2174258,1.3508066,3.3397658,3.0204601,3.0162895,5.3043,3.2482874,-0.977518,3.1035075,6.2409687,3.1955566,867.3802355249567,100.59697596222478,1249.5458769043114,73.31209790759569,8.567621e-05,0.00022947414,1813.5103796584976,0.010569402,0.0024206783,0.029105414370649653,0.008413563060907608
-386.8684,3.749942,194.79565,3.733155,-42.572823,3.614715,56.859955,3.5224154,-18.382616,3.3467858,27.017221,3.1383038,-9.502582,3.1880972,7.4099736,2.824034,-4.124203,3.197433,1.1518686,3.0038903,3.5263412,3.067656,-3.911852,3.0284803,3.657965,2.6366398,992.8521878014452,53.44488541022183,1279.3884350997407,39.76486447549655,0.00011456249,0.0002073858,2017.9509067756671,0.010397303,0.0010100617,0.04158887398491879,0.006506155275865333
-367.22607,6.27135,160.3798,4.6772623,-31.514128,5.464818,51.698067,4.2749214,-37.967705,3.6891592,38.611683,3.7084217,-23.951838,3.4909606,22.80879,3.1711235,-6.47875,3.3920662,12.36287,3.576694,5.460857,3.260544,1.9207838,3.257457,5.781811,3.1509917,1476.040978936174,104.40472188657142,1827.1082148963992,57.83741157430114,0.000288926,0.0004360564,3394.3272707910382,0.00998924,0.0012112897,0.06246827871229698,0.008356810174890312
-381.84235,3.5951624,186.26738,3.5611696,-43.47876,3.2355208,59.214943,3.2711365,-19.3191,3.4585965,30.244259,2.9529853,-8.951851,2.929563,10.597736,2.8487275,-3.5200212,2.939903,1.8321947,2.7953122,2.8704824,2.9427712,-3.825091,3.0582538,4.8687243,2.8677716,1068.9156586213876,56.60927293000779,1372.0972430323259,37.26938195023554,0.00014442593,0.00030045377,2266.806787902407,0.010277772,0.0010753489,0.043119426116589324,0.006689517966299723
-378.83875,3.4732258,194.05267,3.8930633,-45.8589,3.7014568,62.40146,3.6546164,-25.384638,3.6162024,28.196745,3.0682878,-15.22003,3.08647,9.128965,2.8484085,-6.7641864,2.9601927,2.4220195,2.974822,3.6361434,2.8732915,-2.6942024,2.7564504,6.2171035,3.032901,1065.6589144012532,50.611549132416,1344.354426184386,39.94205878018007,0.00014904767,0.00034941413,2216.296188460702,0.0103123505,0.00072928093,0.04733722447795824,0.005690196327699695
-368.35687,26.98783,180.81163,5.4436183,-43.394848,9.486531,52.825825,4.356405,-27.611835,9.648509,24.667908,4.189812,-9.425505,4.065783,10.925643,4.7801676,-2.917076,3.731888,2.1019635,3.3114305,1.5291437,4.7342916,-4.867988,4.1637363,3.7135253,3.1219993,1191.1466885581244,114.97772592354923,1421.6212089819958,64.13377992271565,0.0001975126,0.00020974461,2502.9475873694896,0.009674138,0.0024796869,0.05674825079756381,0.012259193320057333
-412.8249,4.514073,189.614,5.798239,-21.812546,3.858752,53.155506,3.9618342,-13.761176,4.047673,29.017923,3.7789268,-9.766897,3.4558797,9.878864,3.2298558,-5.2007165,3.1945682,7.864277,3.1180084,2.6235824,2.7703693,-0.7118815,3.07779,8.127021,3.3520157,871.2674216721741,88.44141133211622,1302.2721470093802,113.5020430773808,0.000103981394,0.00035773602,1706.4688768851508,0.009999052,0.001032394,0.033682343024941996,0.011318950910633905
-346.48056,7.4794908,149.41495,4.9020452,-50.01973,4.9927135,72.31195,4.1254907,-29.078716,3.5960295,49.019196,3.5932667,-23.145624,3.4686291,27.669455,2.9909632,-9.837228,3.275512,10.654052,3.149236,2.3548362,3.2161481,-3.494014,2.9715362,6.850142,3.042678,1748.3516456429072,127.1564187961404,1945.4145697991075,66.55959090071984,0.0004853187,0.0008173718,4002.802632413718,0.009944889,0.00093512743,0.07762199100928074,0.015117769277900726
-385.27048,3.3475301,193.7772,3.7172558,-43.35241,3.694812,57.06046,3.4974432,-19.870407,3.3542101,26.832823,3.2783027,-10.300725,2.702634,7.7185473,2.973437,-4.3097315,3.1064508,1.5124345,2.9819245,3.9894583,3.1239529,-3.1926293,3.1107223,5.1450014,2.9865606,1013.2560606321747,53.906168032382254,1294.9327062840678,38.211006410799286,0.00012936736,0.0002781862,2068.1117790204466,0.010207121,0.0009938366,0.04435655633700696,0.006154757954233745
-374.85596,3.3758469,184.40416,2.986279,-46.37268,2.626651,61.70081,3.057573,-23.601606,2.97213,33.142635,2.972776,-11.638801,3.0379562,12.981119,3.0501378,-4.561593,3.0091856,2.3621752,3.0895224,2.1943622,3.097796,-4.847671,3.083535,4.2438264,3.027748,1134.3175912072093,53.679964125510025,1428.4008851441313,30.882052638518612,0.00016171459,0.00013424018,2435.9748291582077,0.010102586,0.00084445457,0.04825147730568446,0.006089275822518987
-373.3215,4.228606,156.09523,4.331218,-33.43735,3.5630033,67.86686,4.2668896,-46.387608,3.4666746,36.428146,3.2750359,-17.329405,3.0876563,27.319382,3.4579089,-15.542998,3.507468,20.689438,3.2851331,2.1074276,3.3274083,-12.61599,3.1382072,7.4944034,3.2310257,1621.5965265516559,91.75031575279075,1918.58350135405,51.648442534969746,0.0003492907,0.0009820175,3680.9037281576275,0.009632533,0.0010044718,0.07231660564095127,0.008131087211068826
-364.57733,19.343842,185.20755,8.57891,-52.064575,8.249258,64.05641,6.986701,-32.195717,7.3544116,30.761938,4.9720325,-16.182417,3.9606595,11.7164955,4.063488,-7.383593,3.6446478,3.9653316,3.201626,2.42785,3.1297543,-4.2285542,3.2446144,5.641189,3.179529,1251.3005432632804,174.21224279924007,1463.651652112271,108.07330433625246,0.00028638286,0.0010561112,2680.10939312645,0.009885654,0.0012392887,0.0589834686774942,0.014764879694928077
-408.19186,3.8888545,183.73941,4.321821,-28.15074,3.6050222,58.385124,3.102696,-16.673088,3.2323992,33.043236,3.4166236,-6.1711807,3.49544,18.105482,3.1998765,-1.7652942,2.9236152,9.894887,2.9598162,3.9052875,2.9156485,-4.2377386,2.9881039,3.790913,3.3067915,930.5436066890549,74.34521585687682,1374.8206746251817,80.4863381962554,9.652609e-05,0.00017441018,1917.0795909766532,0.010465341,0.0009809142,0.033647223027842225,0.010317327242129536
-337.82562,7.746985,147.65215,6.895117,-45.381466,7.141932,67.99635,5.374889,-39.54501,4.0965586,44.911762,4.178422,-24.85361,3.6281276,22.43353,4.198265,-13.913643,3.9956825,10.069561,3.4372742,2.1767392,3.8836212,-2.029806,3.1077492,8.780111,3.6260715,1853.8218234087688,173.52664034425277,1997.3851793349659,101.93257901704686,0.0006256397,0.00096672104,4279.6616698085845,0.009524681,0.0012813293,0.09102989957946636,0.017173547907687787
-371.50137,4.4446507,186.41982,3.533263,-45.465332,3.353332,59.475216,3.259225,-24.97174,3.30312,30.684273,3.0644915,-11.87239,3.180011,11.558385,3.4062908,-4.911079,2.8770545,3.412346,3.122366,2.9689884,3.2603095,-4.162529,2.9381714,4.6076055,2.7936146,1120.9437312114806,56.54907283128347,1404.906424664762,36.629797707982746,0.00015798578,0.0002192237,2370.65078487529,0.010396041,0.0009015145,0.048501848897911835,0.006061124930166177
-384.74826,4.113444,193.5891,5.067296,-44.43111,4.0967793,56.634235,3.945449,-18.11857,3.5994933,28.200306,3.243456,-7.4814243,2.9141026,8.693264,2.856759,-4.4560366,2.7689571,1.1851895,2.9300687,3.2937965,3.1030316,-4.2743855,2.9411771,4.5075197,2.8941936,1009.7042777750619,63.27534363888202,1294.4343891516316,65.6905418335105,0.00019094521,0.0012535607,2074.157063424449,0.010172987,0.0008834138,0.044391676334106726,0.005499674959133566
-343.51328,24.022528,143.42227,18.660988,-69.78261,6.9452696,74.9974,11.791202,-44.42943,9.908289,41.406666,9.450885,-25.623886,6.4743085,24.364954,6.760057,-13.224682,4.6779943,12.475274,4.8520637,4.2092366,4.9088573,-8.653808,4.4114246,16.13138,5.2563763,2199.6475668805374,456.233175284486,1902.3667856444458,237.2751511218198,0.0009032241,0.0012447684,4497.866460176189,0.0077884495,0.0010126983,0.15047559273491878,0.04804191592665015
-387.86847,3.8533382,195.09381,4.647516,-41.49276,4.007166,56.33406,3.9927132,-18.272858,3.3826423,27.106684,3.262085,-8.760997,3.0897381,7.345597,3.139178,-4.829633,2.9250767,0.23864876,2.9603918,3.649503,2.7085776,-2.616612,2.8897123,4.787546,3.0078628,982.6913294503954,60.56557864892448,1274.4075239938597,53.50731569775978,0.00014219039,0.00060206733,1990.6721854154582,0.010405829,0.0010815696,0.042238027479698376,0.005749575478693824
-412.46912,5.3653293,186.70651,5.2065578,-21.80566,3.550347,57.36972,3.6813664,-14.8274555,3.984842,32.402264,3.7074075,-9.514222,3.583665,7.5557084,3.501467,-4.852533,3.233893,12.521918,2.9464827,4.243086,2.9182506,-3.2866096,3.0763648,5.4610305,3.4216993,890.6478472749168,91.18971725721995,1336.2831512116213,108.23765506737527,9.37574e-05,0.00019072383,1756.7046906721287,0.010117285,0.0009107674,0.03474274035672854,0.01136494441447558
-379.73682,3.5206983,189.53854,3.1847787,-44.08271,2.8882036,60.25978,2.8330398,-24.068085,2.964876,32.329285,2.945893,-11.453133,2.823395,12.927504,3.0553427,-3.8780446,3.1374946,2.7873857,2.7264287,4.0353484,2.689081,-3.5219595,2.8850126,6.0004644,3.0834877,1059.7743075611972,57.01645200476229,1377.8614428009398,33.500552765019684,0.00013292684,8.5835934e-05,2229.111192176624,0.010423099,0.000858826,0.04440866988109049,0.006043911540678706
-390.8951,3.4643297,182.29675,4.257499,-35.690567,3.6685185,52.15108,3.1423843,-21.636538,3.4442737,38.231075,3.0818586,-3.3454573,2.9797015,15.532282,3.325455,-7.3043942,3.1811821,1.9285843,3.1790748,1.2768285,2.9778497,2.1599224,3.0865285,8.547708,3.1542065,1054.1914316996329,61.64869049079462,1421.3213564657349,54.38526752583583,0.00015787756,0.00052456005,2144.277366408063,0.009832333,0.0009707838,0.042494063587587005,0.006948768652769468
-374.91547,3.2599769,185.7149,3.6016018,-45.760273,3.496722,62.627174,3.5083444,-24.814035,3.2902975,32.14697,3.1316237,-13.593953,3.0976672,11.0922,3.1873996,-7.3256154,2.8988578,2.1484826,2.9425862,3.7277293,2.9305234,-2.0518842,3.003028,7.0838757,2.8954685,1127.276327720928,55.662869880697244,1422.2008459690917,35.23385443587372,0.00017252124,0.00034557452,2416.16528150377,0.010327315,0.0008527097,0.04768502573955916,0.00616999993566737
-372.79605,3.5526557,182.34589,3.5574315,-44.61791,3.550597,60.028667,3.2178462,-21.920797,3.349696,31.837152,3.3171742,-10.970192,3.0194385,12.265291,3.0025938,-3.7443514,3.067841,2.4731622,3.0119793,2.497298,2.926916,-4.7219563,2.9254096,3.8766086,2.9566703,1142.6277956780673,62.03244890110099,1432.171925232307,37.15971899597989,0.00017701859,0.00032932436,2447.041196889501,0.010196317,0.0009704364,0.047856094112529,0.007170840118170896
-351.30725,3.4996686,146.40598,3.7030468,-41.254864,4.1667686,66.94965,3.9791434,-40.71732,3.5956008,54.472195,3.478172,-25.825352,3.8787553,29.361296,3.2102454,-13.289347,3.3559222,8.557326,3.0938563,-2.7041423,3.4315455,3.465169,3.266352,10.9567375,3.1572933,1919.0385387142253,87.86336506532436,2134.6990564241523,38.27223008818667,0.00061090814,0.0010576973,4630.113301642256,0.009035412,0.0008238585,0.08773881598027843,0.012591012935996588
-333.31113,5.212284,122.67153,4.594944,-65.205154,4.1982636,83.18179,3.4784868,-51.234127,3.4007325,53.12864,3.274482,-33.568295,3.1094673,29.835651,3.1229393,-13.060422,3.2647686,12.233759,2.8857574,1.4505247,2.930802,-4.143027,2.8721416,13.275959,2.8746269,2654.2106412053486,113.32888382125127,2166.195586183535,29.862918329393803,0.0014411004,0.0009918185,5343.581763884861,0.007453955,0.0005827891,0.17797681627030162,0.023558006587546663
-434.9444,5.651014,194.50357,5.450393,-13.384627,4.148564,45.150135,3.5402095,-6.6070113,3.675837,22.563496,3.777467,-1.7038609,3.812387,9.943878,3.6014829,0.028368372,3.6295934,2.5329015,3.382447,2.2516944,3.2523775,-1.9284365,3.3341951,4.948489,3.5198374,734.6692660877682,68.76364420435382,1142.5497398873456,86.34543061864406,5.7892295e-05,0.00017284097,1350.6963955553945,0.010038289,0.001428271,0.025677249492459395,0.0061207448438014315
-403.3325,4.769178,182.06047,5.542219,-28.981493,4.002945,58.943497,3.8243015,-15.55896,3.7715952,33.556576,3.7352083,-8.382126,3.477905,15.89989,3.4521394,-4.193236,2.9506817,8.576056,3.002187,4.7560945,2.9769633,-2.4614494,3.213912,6.0852876,3.2947848,968.9622285787358,96.90566595675887,1407.0927253204286,105.70062978797573,0.00016221301,0.0010651796,2041.1328238290314,0.0102097215,0.0009581014,0.03583599187935035,0.010815696560348165
-358.82657,5.5376344,162.5878,4.693204,-50.041363,3.52695,62.914375,3.4493186,-30.718567,3.3181038,48.801884,3.2932208,-15.983489,3.427415,25.096985,2.9886525,-12.724706,2.8919094,5.5812063,2.9845273,1.6540262,2.921128,0.095944494,2.9462242,10.933454,2.8552864,1510.1483929920598,105.9776059744036,1772.3700808850808,61.75950286315714,0.0003197833,0.00015895219,3381.362383990719,0.009684963,0.00087147247,0.06697836608178655,0.009961446589877583
-379.7463,3.9070623,159.10747,3.9363177,-23.63616,3.4117725,50.25599,3.6732044,-34.326256,3.6075323,36.052654,3.429934,-21.63967,3.3138485,20.712152,3.6137898,-4.7865934,3.7832751,15.126966,3.2463355,5.658215,3.2032228,-0.71895164,3.184418,2.2736254,3.4055624,1396.1900378227265,76.81268626781589,1794.3916972637019,56.539437860440934,0.0002477881,0.00075424975,3169.4027221396464,0.009927139,0.0012755312,0.05971645700406032,0.007103114361586133
-413.65793,5.2951245,188.39186,6.0940876,-16.94402,3.2609415,51.505283,3.8798683,-12.964658,3.9070027,26.450848,3.8672175,-9.064551,3.7228014,7.4813046,3.470176,-4.613313,2.9574375,8.784291,2.7338545,3.0280263,2.7604249,-1.9937057,3.185017,7.050223,3.2614603,855.1155126851215,104.6233503914021,1290.5131476388817,126.3409450056428,0.00010033678,0.0004356976,1657.6319718858758,0.010114656,0.0011235151,0.03354866045533643,0.013084663444721506
-420.60593,12.427614,196.07722,5.932337,-34.3532,4.2917876,44.420433,3.6445029,-9.808578,3.9639955,26.541279,4.0598564,-2.5274875,3.8702137,11.4113455,4.194595,3.5160651,3.3952217,5.961666,3.1089642,5.505566,2.90254,1.8833152,2.9374855,8.501789,3.2563188,842.8012048133849,85.24325867895438,1190.5635779196432,81.8166079733034,7.63991e-05,0.00031829308,1687.3088225964327,0.010576142,0.0018836436,0.026078297201276104,0.007739158903720495
-388.24957,3.5844173,194.0868,4.5689955,-42.02295,3.532942,56.40439,3.7059543,-18.56779,3.324637,28.146404,3.1127021,-8.405925,3.1567228,8.466768,3.085241,-3.5993695,3.012697,0.72332805,2.911673,3.390411,2.7843041,-3.317428,2.8979042,4.4097304,3.113985,986.810772412465,57.06950347512453,1285.6733598044907,51.303937827079395,0.00013097138,0.00050089683,2010.2069474151683,0.010393059,0.0010704377,0.04181772041763341,0.006242646605845054
-436.09317,3.8841572,191.69191,5.051038,-12.32849,3.5776417,44.968636,3.590672,-9.66783,3.4576237,22.793547,3.9092894,-2.0597532,3.3880332,8.559815,3.3983564,1.1545476,3.1997712,6.0363173,3.2266977,4.1872964,3.1526875,-1.2869927,3.084681,5.7528024,3.150245,751.4379156537419,70.9798792265354,1177.877853384637,86.17231730093667,6.391204e-05,0.0002307253,1386.4435111840198,0.010144857,0.0018044254,0.024110444460556844,0.007256092180129515
-374.04324,3.6611207,184.19919,3.6905766,-44.194836,3.7641387,60.764874,3.4793918,-22.362835,3.4425905,31.315765,3.2719214,-11.599495,3.136192,10.367632,3.00225,-6.3349757,3.0453646,1.953075,2.9410381,3.1421475,3.219226,-4.055971,2.9221404,4.6897416,2.9917424,1124.472636225491,59.90671177148507,1415.8763108414526,40.93594868993832,0.00016697499,0.00035741445,2402.725764936195,0.010295614,0.00096658646,0.04787308765951276,0.0065745883735311905
-399.02142,6.066284,183.59401,5.2508793,-27.194061,3.649891,52.169987,3.9025877,-17.603601,4.051722,32.25356,3.625346,-8.793607,3.576093,7.5148025,3.3097408,-10.583917,3.1181147,7.0671144,3.015603,2.9992516,2.9962356,-1.3974476,3.0581548,7.223674,2.98577,983.2493568582139,103.16755406799896,1386.3342418124998,109.91771017943738,0.000120631375,0.00024657534,1950.4035967408643,0.01000132,0.0012673854,0.040339281830046404,0.01684909024636863
-382.10556,3.3122215,167.95813,2.969144,-25.68856,3.1394289,45.036762,3.171801,-39.061405,3.006989,36.83006,3.257779,-23.003714,3.0938725,23.185076,3.1022651,-4.2751555,3.2225218,11.690593,3.2000237,-0.18532535,2.8913546,-2.6362495,2.9311469,5.0230308,3.160221,1329.5468417774089,61.69822508857963,1719.3713151729578,48.66051930983459,0.00018719897,0.00011586056,2762.1204208055397,0.010020799,0.0013494992,0.06299621157192575,0.006749160090483383
-369.67673,46.491905,172.99422,17.842794,-55.878117,16.45594,62.833797,9.474319,-29.22061,9.707262,36.617252,8.696424,-14.762727,6.122607,17.545168,9.010039,-7.291853,5.324769,8.493592,5.567765,4.4990754,5.065772,0.4087586,3.7043908,10.467036,4.2597866,1423.7250632961716,416.56919209833336,1562.4805747537648,237.1422168292732,0.0004122781,0.0016744628,2928.3907224296695,0.0091996025,0.0017028779,0.07294763268561485,0.03339098166375084
-377.06708,3.4625697,186.60927,4.565955,-47.560677,3.9897215,64.072014,3.8030145,-25.06074,3.5333967,35.063507,3.496081,-12.276028,3.1989594,14.365093,2.976932,-4.5721846,3.035917,4.227288,2.849016,2.804614,2.6748648,-5.2928805,2.9898894,4.661507,2.8113236,1123.6439799936238,64.73792326984665,1429.8327561802444,51.08887996605623,0.00020445295,0.00079199654,2423.4096305829466,0.010145248,0.0008943044,0.04787761927204176,0.006398726551743083
-385.8604,3.8732057,165.12982,3.9639063,-26.662386,3.5753202,56.46875,3.5317888,-33.688,3.6229174,40.155445,3.404448,-23.164566,3.273065,22.695578,3.3458877,-6.7904553,3.2115057,14.986668,2.958355,3.3139846,3.1542373,-2.3522422,3.0298543,2.4513738,2.9483428,1329.205224891635,62.979763381161334,1771.633606483744,51.35695852849556,0.00021240045,0.0004429549,2983.148009262616,0.010047042,0.00085098087,0.05167057895881671,0.006256908820900368
-392.12744,4.1211605,186.61757,4.175645,-40.157246,3.407491,53.67084,3.1193159,-26.025246,3.2922056,40.599876,3.2719893,-4.807124,3.2296627,16.876574,3.217877,-10.058343,3.0365233,1.4260591,2.991035,1.3062437,3.0922701,2.9320695,3.2387629,10.116234,3.295897,1068.909383966827,65.31990490900029,1411.5977215684693,54.35449342636761,0.00014091627,0.00018797522,2134.0853166690836,0.009785289,0.00091966556,0.048072478610788866,0.006923371534882608
-385.82254,3.5924711,194.9349,3.9175067,-45.44235,3.9001534,57.199898,3.5775216,-19.45439,3.2397208,29.031477,2.9676323,-8.616878,2.9910865,9.9185705,3.1089728,-3.2296152,3.2256532,1.0302637,2.7658398,2.7070525,2.8209558,-4.151397,2.815225,4.4898586,2.98994,1009.3035023994119,54.25979138139705,1292.1596518581928,41.68552062294729,0.00012397263,0.00029036275,2064.41466293866,0.0103239175,0.00093036063,0.042895111296403714,0.006358809782860586
-368.93796,5.516663,158.28462,4.8280272,-38.419,3.9248168,67.245834,3.9368625,-26.205975,3.7086568,44.711617,3.785338,-19.232943,3.0676796,25.096388,3.230243,-9.104008,3.2260902,8.162985,3.206094,1.5890443,2.8974833,-3.041517,3.3240886,8.232164,3.2534373,1454.3976808249913,112.70469466895585,1826.2817045713011,76.99790023724643,0.0002965024,0.00044652904,3404.993950297274,0.010010821,0.0011856392,0.05274003951566125,0.010530329556120538
-340.9384,22.776056,156.66682,6.473694,-76.74299,9.19974,59.769684,5.0275235,-45.701366,6.2980213,45.964153,4.570372,-35.872818,6.2239513,19.575819,3.9094176,-8.42502,3.5776305,10.27204,3.938368,7.414171,3.6536334,-0.39440265,4.095661,6.6742983,3.8604038,1916.2899515376196,159.65770970758254,1776.3118770580377,99.5261671817043,0.00067146687,0.00082322035,3991.1367323448376,0.008453325,0.0014524253,0.12210769830336426,0.016595371584757577
-392.82678,3.6243968,184.68681,3.7964737,-37.04101,3.076336,55.32236,3.3991575,-23.73929,3.0694547,39.073864,3.3106043,-5.776819,3.4862285,16.482859,3.3492215,-7.497853,3.0072057,2.8844745,2.8869953,1.3207079,2.9605498,1.1127009,3.2204218,8.552908,3.1927805,1048.6429342941942,62.60764130646832,1425.2082055502153,47.4464933101621,0.0001401406,0.00019965018,2152.645838620215,0.00987897,0.0010255668,0.040598716647331785,0.0069146176315836244
-366.42816,4.3767753,155.91217,3.7989898,-36.717514,3.4437222,58.591854,3.5868073,-38.851074,3.1493258,31.157042,2.9354894,-23.424974,3.0144434,27.955418,3.33288,-10.556374,3.047447,8.554713,3.3416758,5.4111147,3.196186,-13.115808,3.323927,2.6526976,3.2097917,1591.027036785842,83.38270651959748,1825.6711646361766,46.868291780119435,0.00032049493,0.00025726907,3465.821502048289,0.009258749,0.0010882758,0.07616847629060325,0.007516625568848651
-335.3467,6.58858,136.22397,5.2116847,-74.34873,4.162714,74.2124,4.734458,-32.1909,4.5043297,38.822063,4.0354733,-22.243406,3.089941,21.816103,3.4039745,-11.435442,3.8693643,9.379007,3.9192617,2.746255,3.5667272,2.8089669,3.7700155,12.866311,3.396041,2102.2149063713873,87.2693557962734,1833.8179721160122,35.94443720839149,0.0008942268,0.0018805371,4087.0119453306265,0.008195857,0.000950038,0.1281018887761021,0.016258350360402827
-330.9412,6.701076,134.39977,5.470651,-69.64257,6.0426235,81.57186,5.531283,-49.091927,4.897753,54.323162,4.374016,-27.811022,3.6693306,25.36902,4.123197,-13.556192,4.030444,11.715766,3.7388327,-1.2652172,3.216629,-5.642757,3.7568514,11.284196,3.2477574,2360.7067824745322,117.66655130076101,2039.9915603745853,69.12455188884941,0.0012697687,0.003726118,4808.299308475928,0.008027178,0.0007313917,0.15598263486078887,0.01826900566401181
-369.28473,6.70261,158.54324,4.3133116,-22.274788,5.344519,53.534023,3.9220998,-37.20242,4.412476,41.985527,3.6243162,-25.31424,3.646376,19.95802,3.4008675,-12.684119,3.628386,6.9796076,3.439907,-0.20013703,3.9259832,1.1126323,4.78336,8.630923,3.847815,1496.6177306982916,89.87853523888688,1913.9731406698158,64.29055000789535,0.0003015673,0.0005221973,3649.478241462442,0.009813368,0.0017233986,0.06281041545823667,0.010240486315922209
-372.5857,3.2816246,184.74529,3.4933765,-44.096863,3.3832526,61.495655,3.424101,-24.831161,3.1323605,31.694107,3.1749718,-12.996418,3.1629932,11.952173,3.0760262,-5.8440957,2.9399617,1.8316461,3.0972612,2.221073,3.1485918,-4.0905066,2.964261,5.0261416,2.9228039,1133.036331149963,58.1385755139838,1428.5288664945947,34.794984103540486,0.00016902204,0.00023509566,2421.2613063732597,0.010333285,0.0009237818,0.04837949535962877,0.006633140196338333
-329.59088,12.385366,154.80067,8.100717,-85.73605,3.8327262,70.51509,5.8588443,-44.026955,4.6111426,39.290466,3.1605945,-26.910683,4.2977343,22.407532,3.6505134,-10.89904,3.284466,9.192652,3.1422064,-0.32407564,3.4368474,-5.4152045,3.4437916,8.402493,3.1573303,1972.832576863533,116.82812723187071,1716.9597575855353,37.600593933299685,0.0007778875,0.0008589019,3821.119353610789,0.008545952,0.0011087303,0.12924951964907191,0.01569166342675482
-443.22934,12.009895,179.73872,7.6360955,-19.492464,4.0325923,39.033703,3.8145852,-1.728534,3.8819892,18.22903,4.7563004,1.8305812,4.155717,5.1234035,4.417192,2.8627715,4.058061,2.0473819,3.945164,4.6536546,4.247113,2.857915,3.64403,7.6232815,3.2315202,857.318730696348,145.38664756888247,1224.7917582845075,104.54252789580164,0.00011711632,0.0003858287,1731.9490012325987,0.009133662,0.006095632,0.02683620939675174,0.013462306845141376
-359.80524,22.289888,177.9007,6.8325453,-65.697784,13.311731,48.71953,5.3314514,-28.265574,4.4845605,36.18779,5.0792313,-15.394586,5.0674405,10.715361,4.5114355,-3.163787,5.3398805,5.782573,4.796181,3.2273457,4.094168,-0.8838328,3.740343,12.911261,3.8132303,1377.1317503566588,113.97076780832114,1455.140899832739,102.21300503865247,0.00025734314,0.00044949574,2686.3295411289155,0.009495045,0.0016240504,0.0728320765661253,0.018722255705193633
-379.75934,3.6048856,166.00789,3.2116125,-32.433876,3.2141662,46.99402,3.4591498,-38.935688,3.4998426,39.34992,3.438046,-23.123383,3.110004,28.122404,3.4229393,-5.8049116,2.9374285,9.282269,3.09805,-3.3333101,3.412312,-2.2112849,2.857257,11.258954,3.2006702,1427.846646180248,59.37321156165707,1776.672312909155,45.40047928886347,0.00025116783,0.00020750595,3047.4228719547564,0.009063017,0.000904284,0.0692419065400232,0.008400214923916285
-382.43808,5.5369425,190.72328,4.0277467,-49.09114,3.9387448,52.988255,4.227631,-21.167236,3.512553,29.868671,3.7376435,-10.251169,3.4014297,9.72515,3.497294,-3.2339416,3.2770908,3.6808348,3.2654061,6.330777,3.6410627,-1.8089036,3.558503,3.0139637,3.808844,1085.1879837384536,56.25915243434727,1318.3604126371467,41.44313387534788,0.0001315324,0.000170808,2154.9690264283645,0.010128338,0.0012048783,0.0537132033062645,0.009340955537967634
-337.8463,6.1963673,161.58398,4.0170765,-81.075676,5.002863,60.280975,3.403404,-44.710182,3.7861595,40.614025,3.9567723,-34.080143,3.4661222,17.28688,4.7018723,-7.064513,3.707153,7.941707,3.360886,4.9100575,3.0833008,0.3234372,3.2768037,8.2118635,4.255915,1839.993754068678,72.95393510045706,1679.6503503359163,46.07328063784487,0.0006230565,0.001114508,3697.340906413138,0.008616621,0.00068271195,0.12081165712006961,0.012014969331634125
-335.55865,18.759079,128.10535,6.6483364,-77.30523,3.0935466,83.20215,4.7031274,-46.46949,8.307563,45.60297,5.8758307,-29.0065,6.463568,28.28382,3.6734972,-11.570039,5.4091563,9.977589,4.276235,-2.852072,4.2636185,-3.5725515,3.326129,16.491564,2.8697052,2458.6474411355894,221.0097694254431,1973.6116349375618,102.3656666389635,0.001144762,0.00086974126,4765.482707366589,0.007820778,0.0010034727,0.1663181101363109,0.03731567264288463
-358.8681,31.796999,154.46135,9.226838,-52.531414,12.657309,65.967674,5.3753204,-32.703228,9.519126,38.730618,6.405392,-16.512537,6.748047,19.177063,4.7388363,-6.20125,3.9512951,8.844238,3.3853786,4.483062,3.8034964,0.54490256,3.81497,10.328549,3.7621813,1642.3685537098806,241.41555711549248,1775.1892365136719,144.18268549749675,0.0004170597,0.00037057736,3650.452481511021,0.008779392,0.0029647194,0.08185451711136892,0.026399220137324323
-384.5504,4.122742,195.0226,3.9964252,-43.5569,4.0988283,53.379623,3.9147902,-16.73117,3.1589074,25.072756,3.1871624,-6.650503,3.1384258,8.109387,2.825652,-1.4921228,2.9741766,2.015946,2.9299195,2.3657608,2.9780123,-5.738422,2.9056354,2.5635953,2.8759022,988.464411217731,56.10152667339234,1257.7831035907204,43.913463982260645,0.0001253384,0.00039857475,1996.0429959396752,0.010452903,0.0010819247,0.04302199644721578,0.006321934061283551
-364.67618,5.0156054,155.28479,4.222665,-32.166813,4.378988,59.722004,4.441492,-39.29641,3.4876318,32.62594,3.7151155,-23.64424,3.5339878,25.644499,3.6827943,-15.179724,3.480622,10.859722,3.504069,10.5587225,3.5331676,-2.1210756,3.0327506,3.1320825,3.4325252,1578.0772113144933,83.25780415723578,1880.928719239552,46.65354433702384,0.0003508319,0.0007822018,3577.509380437935,0.009630851,0.0009433533,0.06888730785962877,0.008261608919688626
-392.52988,4.1204276,157.82869,3.9533665,-17.934296,3.976422,55.14297,3.503465,-33.31425,3.5416346,38.81142,3.2867882,-22.167894,3.4590104,19.198168,3.2910705,-10.153961,3.161019,9.723868,3.11442,7.7679667,3.0073867,8.774101,2.9607878,12.940478,2.9703934,1337.7550960685674,81.04189199656385,1816.5399934291265,59.324736107170196,0.00018808474,0.0005480777,3137.1278979662125,0.0107164895,0.0013855061,0.049072832076566125,0.006558480833029655
-380.40155,3.818426,175.15155,3.4782968,-38.725143,3.6619532,48.670547,3.39826,-42.44042,3.6031063,40.502094,3.3946517,-26.361107,3.1637168,26.571608,3.0945847,-11.634728,2.903707,5.529197,3.2983031,1.2668366,3.225515,7.37758,3.1881943,15.886359,3.244837,1389.091872616471,59.77423659538218,1706.345959700026,45.23411115882129,0.0002646967,0.00029977603,2793.0462972194027,0.008802136,0.00073491037,0.07008138776102088,0.007151353726602909
-378.59604,4.196538,175.6978,3.8093183,-41.969048,3.0418546,55.139465,3.226403,-28.041382,3.3923037,45.00284,3.1821902,-8.613762,3.236273,20.54872,3.3425162,-11.63069,3.135122,3.0951045,2.8155665,1.7248632,3.1785367,3.0201373,3.217778,11.00679,2.8727627,1225.1122556638716,74.5850986115843,1565.6214708022248,55.481559526850035,0.00019376975,0.00014418876,2579.21309681337,0.009735073,0.00092106493,0.05517011673433875,0.00833310408678224
-328.50726,5.4542828,138.63922,4.322827,-78.0677,5.420601,81.60686,4.0387855,-50.88645,3.9600568,46.73655,4.350781,-30.72167,3.775619,29.214535,3.420475,-17.699974,3.3583667,10.402738,3.1224508,-1.1381234,3.3084905,-5.601909,3.1988456,10.491732,3.2532706,2350.6298216663417,82.18953217860415,1972.5664297478968,50.05173168295538,0.0012500571,0.0015750228,4643.452896153567,0.007920127,0.0005298997,0.15846255981728538,0.014314412958012486
-375.85925,3.5020177,188.50562,3.2818377,-43.20061,3.0067809,60.797962,2.8712316,-23.114616,2.9534228,30.020025,2.8178856,-12.276078,2.8329709,10.825336,2.884673,-5.2161465,3.0954363,2.3681567,3.04559,4.641021,2.9733741,-3.0589807,2.735601,5.132614,3.0695457,1074.8682344991837,54.68388028253932,1379.2067884014505,32.365644060396484,0.00014070839,0.00013756473,2274.3509031503772,0.010458293,0.0008682181,0.046170334251740136,0.00629459576253845
-373.7331,4.9299464,166.39543,4.7078443,-37.03111,4.2267303,54.59211,3.7641232,-24.0813,3.7896035,41.578815,3.4101512,-8.585771,3.4492388,21.36267,3.2818801,-8.559733,3.0134976,4.4561577,2.9505825,2.4443748,2.9374175,1.4959232,3.1615953,9.735661,3.0435007,1272.627006740118,94.48726328610567,1641.4518961195245,68.0557332657515,0.0002587117,0.0009165296,2797.542789751305,0.009970823,0.0012965183,0.04906263594837587,0.009510260053473048
-384.99185,11.197185,166.86227,6.0908947,-32.51228,4.07682,58.918915,4.577934,-22.128416,4.2125688,37.28388,3.6128857,-15.550623,3.7742448,19.859411,3.8386014,-8.035939,3.5864973,5.153303,3.41005,-0.80468744,3.3993943,-5.341094,3.7226121,6.6974263,3.4637384,1242.3203622731419,99.15709785326926,1640.1012648456478,79.24134374345289,0.00020876298,0.00037131496,2741.286672074391,0.009808592,0.001742,0.0443395627900232,0.008248771877576644
-390.99203,3.183684,184.92177,3.5971894,-37.396656,3.4705656,51.04506,3.2178664,-23.881044,3.4263895,38.071545,3.2062392,-3.819702,3.2034051,15.950818,3.237714,-7.9076295,2.9830089,1.741003,2.7732499,1.5761079,3.032922,3.512162,3.2283704,9.954602,2.917491,1052.360855903741,62.00352912350325,1401.1979032174231,45.77496349568453,0.00013474647,0.0001670055,2089.345215976653,0.009958786,0.0010725041,0.04463864921693735,0.007683091120216826
-372.9167,3.4634001,182.60524,3.3976278,-45.720917,3.3635051,61.161285,3.104825,-22.326765,3.3001618,32.64349,3.0137205,-11.67105,3.0582688,12.528825,3.0818422,-3.739553,3.2971022,3.0733488,2.9711084,3.1186857,3.03797,-4.3233786,2.9768007,4.3530307,3.185339,1144.4937266269876,60.62484867635701,1435.993920947704,32.68876979624124,0.00016797913,0.00020065742,2457.0833635440836,0.010350746,0.0010605754,0.04798977668213457,0.0072250783347135505
-338.13055,11.511423,154.4152,6.764338,-74.33541,4.88347,73.142105,4.6760287,-37.246365,5.7284956,36.108006,4.4655266,-30.190464,3.8016846,26.389044,4.162506,-17.813416,5.113456,15.319708,3.5896075,6.1216693,7.425298,-6.953126,5.234309,6.0241947,4.9855933,1919.019080132571,136.97027454749994,1778.8657279977208,73.2066068189925,0.0007562001,0.0015001957,3675.807703288138,0.008575168,0.0009223398,0.1221756724912993,0.017436808415583864
-378.5758,3.9882686,153.11162,3.1176705,-21.420841,3.1159005,60.788074,3.146685,-36.68786,3.2572367,47.80185,3.361372,-22.215548,3.4271607,23.403019,3.014001,-15.525217,3.1533475,5.295234,3.1027157,-1.28818,2.8935337,1.0138345,2.8728828,9.711243,2.9338725,1570.974201701461,83.80390348297809,2013.1999121968038,46.45180501776961,0.00027961642,0.0002188715,4056.3858350855567,0.009520584,0.001206313,0.05896647513051044,0.009862120819412325
-368.40976,4.6506186,161.57245,4.5755696,-43.652153,4.1636243,59.727894,4.186413,-45.753277,4.1135254,39.7324,3.1698918,-24.386393,3.5340288,33.87557,3.7315102,-8.741524,3.5760942,-0.7800072,3.2428212,-1.4695455,3.19206,-1.8410834,3.2481298,9.029062,2.7318556,1620.08293632769,84.75866364608389,1851.7986114984708,54.94779947233301,0.00040196427,0.0007819207,3702.361989740429,0.008754624,0.00096245995,0.07789615356728538,0.008776003237506574
-341.5844,36.784492,154.6692,7.136868,-76.62924,14.941981,72.331894,7.8489876,-49.59022,8.249206,36.468777,3.8236184,-29.395206,7.246284,24.871555,4.152751,-13.106348,3.335581,9.545016,3.4822166,-2.4908366,3.1113472,-3.9383006,3.5308864,11.697381,3.652999,1969.9402230987378,250.05258492386443,1786.8778381249083,74.2924005139911,0.0008160561,0.0012798618,3911.7736391567573,0.008169952,0.0014806611,0.12388748912412993,0.03109666942732253
-383.2251,3.4686334,190.26204,3.1168988,-44.962223,3.0387492,61.14315,3.154605,-21.99942,3.2353408,31.288025,3.24172,-11.071454,3.0674121,11.144946,2.8631048,-4.9672194,2.8574393,2.1570866,2.9543648,3.1207845,2.944098,-3.5642827,2.7407615,5.472452,2.7056806,1060.6568121052396,58.679454090638956,1360.2872222658611,32.09470564661933,0.00013979919,0.00019083664,2227.962088529582,0.010144853,0.000953782,0.044423397621809746,0.006516132054984174
-385.67203,3.3700094,195.4131,3.4968193,-44.81262,3.218693,56.97849,3.255243,-19.214,3.2608168,28.874887,3.0055737,-7.249883,2.9095607,9.973814,2.9754102,-3.6889863,2.75159,1.3422589,2.7322502,2.7025208,2.9661558,-4.5145826,2.9761205,4.270761,2.8748171,998.9886378972162,53.78340119430804,1284.3698422005596,35.13889942280355,0.00012008944,0.00020992346,2043.9306414044374,0.010342934,0.0009482778,0.0428747190400232,0.005706177679033258
-369.5266,16.741673,178.12837,13.518782,-38.75921,5.7892036,51.180897,6.971473,-19.160805,6.642798,24.906952,4.973988,-7.959611,4.884975,10.817779,4.5115347,-1.9827533,4.8321505,2.0291874,4.037606,2.020333,4.070812,-3.0765123,3.2750514,6.97949,3.5404136,1156.0014276223667,205.97258415616457,1417.4852800956464,177.41757157760694,0.00023187864,0.0008738629,2431.453356112239,0.010110032,0.0020982916,0.052179252465197216,0.013364496633421864
-376.43314,3.7661052,191.37456,3.919462,-46.80879,3.5204942,59.711346,3.594673,-24.96427,3.528089,30.703285,3.5593047,-12.105217,3.2050471,10.198381,2.8801322,-5.398212,2.8250766,2.2256935,3.072851,3.8617811,3.0338724,-4.289541,2.887731,4.393147,2.8780658,1088.0977149924724,56.74178033243025,1361.884951231066,39.36478526224765,0.00016666258,0.00046885837,2258.563218260586,0.010209731,0.0009294226,0.04790367604408353,0.00654164677581836
-382.21774,4.4804816,177.08002,4.228832,-43.10522,3.5336523,56.62556,3.2993739,-28.207813,3.1598022,46.8608,3.8155034,-9.720225,3.1708052,21.513523,3.435651,-12.15086,2.9205554,3.4107652,3.108049,1.5887238,2.7711372,1.90567,2.9140582,10.128842,3.081825,1218.3449994633565,77.41585392483965,1568.2494560282628,61.15962045305348,0.00020590491,0.00039955374,2562.1264251921402,0.009765901,0.0009433691,0.05207162666763341,0.00766672941014697
-377.47278,3.5323505,163.39113,3.2655568,-26.157093,3.4502015,49.865696,3.426128,-37.29812,3.291031,37.66994,3.5821598,-25.312479,3.123818,20.80592,3.377276,-8.346844,3.1853886,14.6477375,3.055275,6.081121,2.9708714,1.3363854,3.1985834,4.3642707,3.210199,1407.5196128768523,68.21641052752224,1802.8595692231831,48.6235738280258,0.00025407123,0.00043666715,3152.490914116879,0.0096913185,0.0012254136,0.06169677167923434,0.006998070756313103
-421.14493,7.9976025,189.44757,7.2701597,-20.306282,4.2232475,47.322643,4.6674023,-10.695993,4.711907,28.640766,4.8867016,-4.7877383,6.2235203,7.6229916,5.979934,-0.6700698,4.814032,10.837714,3.6428735,4.4349723,3.9576097,-3.2638333,4.261339,3.7509918,4.925467,850.3747624428978,96.73001981355331,1247.1576312955906,113.23851598425003,7.543559e-05,6.872042e-05,1614.7654097484049,0.00981186,0.0023992318,0.035891504132830626,0.013001804640043134
-374.36172,12.559695,179.7553,5.60113,-40.57197,5.8227973,54.614822,4.0286655,-21.092245,5.053701,30.650814,3.6236691,-14.037003,3.4669561,10.6278105,3.354884,-3.5551245,3.3417883,7.7962246,3.2769701,4.1187615,3.339105,-3.0570488,3.3060513,7.7771335,3.3434756,1141.21773009506,119.63312867600213,1445.9798038234592,79.62460668906076,0.00015724778,0.00011671728,2378.394744235789,0.0103696035,0.0012144132,0.04872049920243619,0.01193929164167893
-382.2081,3.2433107,188.15973,3.3660705,-42.230896,3.3057907,59.801544,3.2013152,-20.510237,3.151471,29.210476,3.1322951,-11.862624,3.1228073,7.651504,2.8526468,-6.002551,3.0083404,1.4192984,2.8822773,3.8153577,2.9237633,-3.6906376,2.94842,5.0594444,2.7620234,1061.0135344977493,57.20756049404048,1358.0457234235876,34.20661581773765,0.00013539611,0.00020522009,2217.2204674811487,0.010284861,0.0010125886,0.04431463892111369,0.006358210488232561
-372.6271,3.3346694,183.29553,3.3028808,-45.256443,2.982816,61.199074,3.3246713,-23.321093,3.12495,32.27953,3.0455878,-11.167677,3.3072484,12.363793,3.2288682,-4.843425,2.891406,2.763346,3.0548055,3.1416163,3.0181658,-4.434288,2.9653914,4.49003,3.0508459,1142.55967786248,59.374672305872096,1433.5565500423966,35.160575418949605,0.00017083697,0.00030276092,2459.581414950696,0.010301604,0.0009599084,0.047550210266821345,0.006870961017532418
-392.4238,3.463769,181.80518,4.3073254,-33.55885,4.0501485,51.787567,3.3232493,-20.660875,3.4739633,37.205822,3.3359697,-3.3745582,3.3360796,14.902252,3.126591,-7.066773,2.9267333,1.7483311,2.9555259,1.7647984,3.0060925,1.6868309,2.9387472,8.997696,3.2666872,1038.7902060599872,68.54498142619022,1416.0811937499182,60.15333814885287,0.00014813775,0.00041215256,2112.027522748695,0.009922058,0.0011183168,0.03972751413863109,0.006571027241959273
-382.22397,3.294979,167.53874,3.6510403,-28.150866,3.1962624,47.645374,3.7752807,-37.118366,3.468063,39.362926,3.389208,-22.50793,3.0115542,23.989305,3.0350776,-6.6811557,3.1521032,7.387758,2.9506688,-6.001209,3.022247,-7.4943438,3.2155561,6.972453,2.9485013,1357.6238643748459,69.61322571659252,1735.1657268191998,51.72084623216426,0.00023596459,0.0004024919,2860.069016458817,0.0093809115,0.0009797098,0.063978438587587,0.0076451503228199625
-366.21988,4.096656,158.1909,3.747099,-41.9994,3.3449936,57.08885,4.014764,-43.404037,3.5804436,37.212627,3.0753827,-22.34961,3.355934,32.585087,3.3182428,-8.090978,3.232626,-0.90020263,3.0886092,-1.0201519,3.0686657,-2.850501,3.3827078,9.290793,3.1711593,1631.3191699365768,74.17776419307921,1848.0124288009545,47.03641159209316,0.00039275215,0.00041103165,3699.963860390081,0.008574768,0.00079188275,0.07923637797273782,0.008640918737900457
-341.19684,10.232689,154.21173,5.382348,-72.604065,5.2135634,61.7418,7.139974,-41.410713,5.497607,42.88411,5.801693,-28.928482,4.03252,17.45309,4.219631,-11.706895,3.4314418,9.279055,4.814507,7.1713376,3.3989704,4.783128,3.745411,10.853281,3.9872715,1875.0742197667676,106.45797120391941,1762.783012954936,54.31105296452949,0.0005944937,0.00033086792,3848.0483477740718,0.008542339,0.0010427572,0.11665276972157773,0.01240745279927531
-363.60202,4.2675624,153.24095,3.521715,-33.03137,3.2699044,61.612484,3.6104822,-38.300064,3.1991768,34.422764,3.0523634,-27.882519,3.2362807,26.435638,3.258913,0.36590087,3.222934,5.996198,3.3600152,0.28844887,3.141874,-1.5253973,3.1540732,-2.1628509,3.0930083,1611.130216494815,79.20608421132428,1880.4206964564046,46.37766892798758,0.00031784453,0.00033963684,3885.5940604154584,0.009865537,0.0012922576,0.07265194496809745,0.007527444405467171
-334.94836,16.976295,159.6438,5.581212,-84.790695,8.230816,61.93337,5.3617735,-43.775578,4.8533025,40.09592,3.7561836,-29.29198,4.0109086,26.071762,3.717296,-15.219498,3.6574402,2.0129607,3.6093512,-2.6535378,3.1338048,-2.2861884,3.1769302,10.578746,3.3107135,1878.8885685754858,130.90420497635688,1693.799393645176,63.4278062338805,0.00064181816,0.0008053883,3625.8466751558876,0.008588613,0.0010008677,0.12069383519431555,0.018218901825249476
-341.11514,4.0898447,162.33768,4.5695605,-63.34412,3.5547125,78.07581,4.2000833,-41.109215,3.770889,38.170868,3.7590551,-17.462006,3.9818966,18.41685,3.3177705,-12.490518,3.367219,6.321519,3.2238858,-1.1326518,3.3328931,-2.9637642,2.970635,8.381124,3.0888336,1716.5683186358876,80.43675618125451,1743.7036281951823,38.878537807397485,0.00054071686,0.0011656571,3660.269823539008,0.009278804,0.00069666584,0.0946393289588167,0.010974778869717186
-394.61588,8.20645,179.31146,5.034856,-26.385944,3.6244023,50.24139,3.9290814,-28.96107,4.3294125,30.602713,3.8040385,-15.286373,4.04273,13.580875,3.325097,-4.7918777,3.166478,4.4892755,3.3406873,5.636329,3.2381828,3.1523302,3.129,10.266916,2.8094616,1075.8849927836955,87.62676555362822,1457.154487081949,79.63351209037779,0.00011629018,0.000108582324,2128.040032265081,0.010545413,0.0014912129,0.04459899760730859,0.006491795727763942
-386.42096,3.1566727,198.04706,3.950149,-47.278378,3.731897,56.327953,3.5797958,-19.44807,3.0205762,28.79847,3.1173406,-8.435165,3.2026968,8.41883,3.123737,-5.1814637,2.9407687,1.5105388,3.1156552,3.813971,3.1047328,-3.800873,2.9796925,3.2103329,3.0254056,1001.6058507696453,53.13692964424831,1265.842109243137,42.13395331381665,0.00013061514,0.00040614817,2022.6222629060326,0.010185735,0.00088110915,0.0447247498549884,0.006014408277857802
-380.607,3.6790998,185.95686,3.385393,-43.109646,3.0369473,57.419216,3.2122228,-18.794863,3.2135382,29.65907,3.2463217,-8.205231,2.9864671,10.27881,3.02307,-3.4888356,2.9300673,1.5643166,3.2785811,3.8122303,3.1494083,-3.1565936,3.050741,4.4938374,3.0826178,1066.2804260579605,58.87004173357157,1365.2488329048847,34.67368840273943,0.00013177379,0.00017119445,2251.3438496954755,0.010447448,0.0011623778,0.04224935651102088,0.006999681402444379
-367.58453,5.3459854,169.42769,5.1304345,-46.083652,3.6903691,62.18494,4.0903673,-30.129908,3.722636,47.812943,4.006452,-14.8983755,3.6180584,23.909918,3.4883804,-12.1016445,3.5561118,4.877976,3.164655,0.46431595,3.1867115,-0.04275364,3.1945965,10.256184,3.2195222,1375.7096332088743,97.00421670195603,1701.8698458861372,69.40480061425798,0.00031951454,0.0008153574,3062.7858881054235,0.0097279,0.0008969634,0.058407953886310905,0.009239481076010778
-410.77908,5.951573,185.53186,4.987227,-21.999731,3.2480826,55.541058,3.640643,-13.951625,4.121382,30.045174,4.144812,-8.436068,3.9192946,9.311493,3.6525667,-5.357723,3.1267972,8.60262,3.2085629,3.834896,3.134842,-0.8319128,3.1732414,8.117675,3.544304,897.4969121180085,91.17660160677818,1338.0376989286108,113.04502747223277,8.602483e-05,8.379063e-05,1794.1754617713168,0.010079921,0.0010771411,0.03452295714907193,0.012808015104989494
-379.10556,3.9851015,167.8251,3.657719,-31.116522,3.6498384,48.59191,3.2205691,-39.557915,3.3245418,39.69161,3.419483,-24.196308,3.2442374,25.683487,3.1814837,-6.6994667,3.2547565,7.897433,3.1392198,-5.041446,3.431024,-3.3102517,3.478179,11.83795,3.0520737,1397.1447715294912,72.20421190606262,1759.8716183566385,51.63233282239609,0.00024672103,0.0003300815,2982.723340523492,0.0094569,0.0011110975,0.06581600746809745,0.0077822497967362176
-369.59305,63.304478,154.89465,30.836246,-56.35396,17.427267,70.8433,15.004047,-37.191555,19.165861,37.40165,14.313542,-22.83087,12.681848,19.585535,9.162289,-8.592717,6.6266546,7.35464,4.951999,2.7556102,3.8088474,-1.6454934,3.4479754,10.148143,4.163182,1879.7071665840747,825.7114068435156,1733.5233900904866,382.9259914940658,0.0009851559,0.003755608,3741.956104535238,0.0077866516,0.0015997855,0.11944650884570766,0.0771100485552775
-379.65378,4.0096602,164.46843,3.768228,-33.011135,3.3886569,46.99335,3.5220153,-36.43447,3.1993515,37.880833,3.420462,-23.752113,3.4928324,23.732458,3.4383874,-5.132002,3.1743832,8.767544,2.9186585,-4.738384,3.137014,-5.4005694,3.1922657,11.341457,3.0449467,1426.3135956127308,76.49371597826227,1749.6459460403937,55.71950754257262,0.000260763,0.00027884435,3029.586784911543,0.008938243,0.001154432,0.0691456097737819,0.007698610204980786
-369.31192,4.6302576,162.92477,3.480112,-31.441193,3.5580394,46.79055,3.6300848,-38.140392,3.5591507,39.21052,4.100394,-21.816908,3.1580567,24.032698,3.464341,-4.5375056,3.6846015,11.884023,3.2208676,0.9094577,3.141031,-5.960313,3.3094301,0.95979786,3.101989,1444.861080022892,70.96128091894288,1781.4412913380515,46.93562479824573,0.0002556622,0.00018785769,3183.117024361949,0.009679507,0.0011835232,0.06707239704176333,0.007986924980039925
-332.67896,5.832165,131.56223,5.1375,-89.26755,4.821619,82.75063,4.6709423,-44.994377,4.4497256,45.8184,3.5262904,-25.744913,3.9312549,26.578352,3.63529,-12.254136,3.3028233,9.726021,3.3649719,-0.8621747,3.4844394,-1.4066055,3.6273897,12.198657,3.2236295,2402.8267945138978,83.36501197475911,1854.3143035773,36.403379093136714,0.0013375807,0.002729978,4419.277762924159,0.0075378097,0.00046742955,0.17356869018271462,0.016247168461337762
-341.4062,3.0650308,153.70581,3.6736681,-47.54406,3.5789506,71.26566,3.263744,-39.62357,3.504847,45.482975,3.3482957,-28.408384,3.225447,24.787518,3.102011,-15.123488,2.9933162,8.4195385,3.0073957,0.2759438,3.0027072,-2.7029772,3.1454842,8.636746,3.0674717,1783.4594084949658,77.99031785753499,1972.847291601848,34.877869481544465,0.000554355,0.00068755995,4151.686496247825,0.009479097,0.0007625981,0.08436276464617169,0.011506128751190675
-385.48782,3.8313828,195.17937,3.2231371,-44.73357,2.9889376,55.51311,3.0306032,-18.106323,3.2147725,28.036583,2.9844377,-7.6706567,2.8961616,9.373094,2.8717806,-3.228507,2.8845005,2.6037097,2.891084,3.5419078,2.9138412,-3.3498318,3.0424435,5.9100785,2.8976533,995.1135284363883,53.430289080097026,1277.8743252855259,32.344500175236,0.00010420004,5.142101e-05,2023.4965808983468,0.010446868,0.0010755719,0.04224935651102088,0.006425886686408716
-412.16995,6.230721,188.15593,5.698796,-23.007238,4.3202267,54.919262,4.1685023,-15.0173235,3.9109545,28.866247,3.86832,-10.175587,3.7603393,11.769272,3.9112523,-4.451524,3.3890135,6.7209682,2.9530313,2.1682549,3.032617,-0.9658713,3.3183558,7.865294,3.4077487,892.1734809696441,102.02841676080762,1325.4123473395512,125.8354113919672,0.00010309303,0.00032682423,1780.7609257178074,0.009891052,0.0011494168,0.03429864232888631,0.012241522923695186
-385.3581,3.698542,192.90146,3.2503011,-41.989025,3.0505605,56.179016,2.945691,-17.79873,3.1761796,26.909557,3.0918224,-8.60861,3.2006721,8.051771,3.029211,-3.2803068,2.947573,0.88202965,2.9911497,2.3374767,3.0785758,-5.2584143,2.9611764,3.1319656,2.883893,1004.0049567212436,51.77257843351292,1290.4352587024214,31.750381908997834,0.00010861186,6.0638045e-05,2050.500516603828,0.010283136,0.0009380333,0.042547310034802784,0.006252118675749372
-377.46317,3.7852278,172.0942,4.1786957,-33.68757,3.622769,45.22797,3.6805892,-40.669502,3.6606452,37.45217,3.6344063,-23.286228,3.573256,27.396137,3.4770224,-4.748391,3.281689,13.134778,3.2269697,-0.5832944,3.3637447,-4.953339,3.15357,4.0989914,3.0543118,1352.3852146609213,71.19936727413221,1696.1419156712043,51.20232943487278,0.00024798745,0.0006189199,2728.0469996193447,0.009695481,0.0010847932,0.0678597647186775,0.007375126996171537
-387.37543,3.6816115,196.91766,4.279866,-44.753044,3.583858,56.62197,3.4196615,-20.95444,3.542384,28.630482,3.1859634,-10.382796,2.9432898,8.5253315,3.2577612,-5.267397,3.3764777,0.97073877,3.0233135,3.9037387,2.6778643,-3.179044,3.223837,4.395734,2.7951229,997.7461080877113,52.578735958996965,1280.117577060866,46.52657155327885,0.00012942897,0.0004237624,2012.155427512326,0.010177643,0.00088132237,0.04402574862238979,0.006077883294038432
-375.5833,5.304532,164.56892,4.2539363,-34.63561,4.624506,60.684986,4.55845,-35.533066,3.9643137,47.0469,3.9710598,-27.39489,3.4620557,23.686838,3.4677854,-12.252338,3.3206794,11.56185,3.4930618,-2.694395,3.6110992,-4.051488,3.2065403,3.9004674,3.4775305,1481.399244569564,76.89734729927567,1880.7800667124577,49.90377970241783,0.0003251739,0.0008155128,3478.236817539153,0.009305826,0.0009125914,0.05991244924593968,0.008758496169718038
-371.81424,5.0692706,164.69972,3.8899014,-30.646881,3.6193619,52.14009,3.4500735,-38.35925,3.2959015,37.218,3.2194538,-24.188618,3.1227133,22.733662,3.144666,-5.392433,3.241513,10.962453,3.0225139,-1.1870806,2.9336212,-8.39146,2.7639554,1.1354733,2.8945231,1420.1999324026044,72.74397733485603,1769.573134157556,52.34431890037134,0.0002705299,0.000542966,3157.611919500435,0.00983371,0.0010522779,0.06362270700406032,0.006145093834131127
-393.4859,3.60574,180.9156,3.748628,-38.626877,3.172535,52.895805,3.096186,-22.09779,3.2349162,39.101616,3.4401848,-3.527426,3.4166214,16.986803,3.4671068,-6.135481,3.039243,3.6608717,3.018849,2.1585221,3.151771,2.2027574,3.1371648,9.242512,3.2021391,1074.9420738206231,68.86793207863629,1440.0378733968753,48.42638777107026,0.00014179543,0.00028028674,2223.8153231946058,0.009957915,0.00135366,0.03963235027552204,0.007763275069376946
-373.70233,3.8054614,185.24554,3.7833445,-45.926514,3.6782825,62.19823,3.5243754,-24.345474,3.100968,32.249775,3.4007435,-12.540182,3.2098906,12.195678,3.016575,-5.383064,3.159336,3.5878787,3.135116,3.0654962,3.0321972,-4.0055456,2.9921124,5.0818305,2.9698212,1127.8608881301404,59.108493388194454,1425.4579456909764,37.85032674383872,0.00017454899,0.00032296986,2425.7827794192285,0.010303389,0.0008441954,0.048072478610788866,0.006269606306235915
-369.70645,3.2978864,181.75282,3.9172468,-45.689255,3.395991,60.68482,3.4101324,-23.652775,3.630774,31.350714,3.0902312,-11.741095,3.3874857,12.156825,3.3253582,-4.590604,3.0630422,2.8557656,2.952989,2.785966,3.2878242,-4.996581,2.9317944,4.4958434,3.1275315,1168.5030034216948,60.72147305497222,1447.1066545308063,38.97420902834114,0.0001915432,0.00038126798,2519.434726653132,0.010247176,0.0009449983,0.05031109520011601,0.007546387754433868
-346.2984,7.05059,146.60417,4.820886,-50.63765,3.9453511,71.768875,4.1970754,-29.313608,3.6811798,48.249832,3.6479657,-23.414055,3.4074674,27.255836,3.3494167,-9.198626,2.9607563,11.159599,3.0006418,3.2781422,2.8205264,-3.050703,3.012752,7.5855193,2.878292,1793.9622053213545,130.27212734351937,1959.5829086700187,61.17340728761956,0.00056086766,0.0013022803,4086.9619843024943,0.009601546,0.0011475687,0.08067969656322506,0.013427014409020156
-368.00137,5.402833,163.19986,4.4097123,-40.315807,3.5467885,57.48694,3.3944638,-25.318495,3.2108748,44.34335,3.4160707,-10.898264,3.2005112,22.41746,3.2542856,-9.913218,2.890047,4.7323833,3.0065544,2.8446138,3.0699441,2.027828,2.9269075,10.537607,3.1189177,1356.0211922341819,94.90226876165755,1703.271790575669,62.93996490543508,0.00027650798,0.00063326856,3037.230822215777,0.0099944165,0.0011843765,0.05233672600058004,0.009705998144995578
-374.08447,3.7662332,163.87482,3.893923,-39.219482,3.5057933,53.08089,3.6744583,-41.006172,3.3870568,38.980995,3.3085432,-23.46869,3.3873875,29.729866,3.3523185,-2.980784,3.0718591,3.9361212,2.8738327,-8.0602045,3.0887146,-0.99095714,2.9498634,10.927197,3.2245095,1505.986688312981,76.51436369210512,1790.8709713437431,46.523374311130375,0.00032164107,0.00052850385,3363.5512774615718,0.009011171,0.0011782766,0.07363757069315545,0.00919707913844625
-389.16205,3.8109593,176.42679,4.1277924,-40.02642,3.6539478,48.55709,3.666313,-40.925426,3.2118921,40.45998,3.4982464,-28.162663,3.5531125,24.257137,3.2560012,-12.8916235,3.1785998,5.6755095,3.2001805,2.5195181,3.1663291,10.040019,3.1515846,17.356407,3.1621375,1360.640712317741,68.35900175414419,1673.299183408113,52.12912790800737,0.00026434925,0.00056723657,2660.799455753335,0.008613814,0.0008434641,0.0694299684599768,0.007834102078588591
-375.6612,4.7737584,159.95255,4.5164356,-29.882496,3.7856562,47.037277,4.0853753,-36.151108,3.5238576,34.31147,3.7694943,-21.881617,3.528782,23.041199,3.5085676,-2.7921367,3.328854,11.213621,3.0964873,-0.62254965,3.002353,-4.936092,3.2013323,4.8934517,3.2500355,1437.2265855020987,83.53238307862034,1762.3718393634613,66.05628548541725,0.00030488038,0.0013629883,3136.1786384316997,0.009831887,0.0016544901,0.06946055684454756,0.006979202093518662
-381.23444,4.096602,164.30907,3.421482,-18.330605,3.311841,45.445023,3.3351655,-35.59829,3.1794248,36.22752,3.2841449,-23.635263,3.1637444,17.442911,3.0849214,-10.048233,3.1576285,10.475072,2.8364074,5.778243,3.1109958,3.9327002,3.3324513,6.035597,2.9525518,1325.0499152720954,71.18395338965587,1754.9015465336656,55.07405253278879,0.00018664569,0.00017682838,2830.192321635731,0.010310981,0.0014874003,0.058802204176334104,0.005802617702146112
-414.38507,5.501154,186.17882,4.745513,-23.964745,3.0569873,57.358093,3.3631103,-13.199494,3.6571066,34.32183,4.0532265,-6.4051766,3.6751034,11.736233,3.069822,-4.3173923,3.245443,8.215047,2.7586448,1.5929157,2.906225,-2.121543,3.0878868,6.2565403,3.1532986,882.63589505695,82.31525975660516,1331.3683775588952,96.47416654483779,8.082174e-05,5.7828987e-05,1771.0185252320186,0.010174822,0.0010200745,0.03226734701276102,0.009250891299678717
-385.38727,3.9065354,166.62079,3.725619,-31.713255,3.1970348,44.945213,3.3987904,-37.363575,3.26093,36.48551,3.0694516,-24.635807,3.2698479,24.214231,3.1642003,-5.5486083,3.1551433,8.652835,3.2468934,-2.9028258,3.1403635,-2.2121,3.3748875,12.61488,3.3894632,1376.0734891691286,70.59799749086281,1717.7159531872521,51.34183441626014,0.00021408415,0.00022794394,2820.200116009281,0.009313818,0.00096799864,0.06613435324825986,0.007480824545170373
-389.83282,3.2797203,177.09169,3.4281473,-36.92223,3.8497307,45.65868,3.5891383,-40.10624,2.9424086,36.205753,3.1393778,-25.401089,3.3630548,25.304844,2.9899423,-10.472131,3.0738592,4.855825,3.232473,-0.6240501,2.992518,6.391522,3.1586072,17.814024,3.3282585,1304.2073323329798,55.1733125160453,1623.1198707326862,42.69672267897602,0.00020081433,0.00033273533,2473.7203859121228,0.009222658,0.0008490951,0.06569705263921113,0.007558376846508648
-380.16248,3.447821,190.01007,3.7848897,-44.309147,3.5939465,60.940514,3.7037847,-23.154058,3.5825672,29.206142,3.3011193,-12.68693,2.9314983,9.306667,2.935949,-6.476275,3.1011734,0.69579816,2.9541519,2.3740416,3.06876,-3.1156802,2.9337773,7.402038,2.9123218,1072.2827869983175,53.23099269161475,1359.8853261031938,38.699457700122856,0.00015355487,0.00034027084,2240.7521117314386,0.010254005,0.00090595445,0.04793653023491879,0.006364059925992926
-367.3908,4.5094776,189.9434,4.560376,-47.41394,3.7236228,55.599915,3.873224,-31.362827,3.749245,31.790113,3.7523801,-14.631879,3.360201,12.31819,3.3767283,-8.863396,3.122565,0.20316394,3.1635027,-2.7859488,3.0810816,-7.3848643,3.2328146,4.986472,3.095326,1154.471644931709,61.42173917301457,1404.7977353832935,52.28098917625637,0.00019162302,0.00034800847,2344.8708943590486,0.010219497,0.00088834116,0.052950759498259864,0.006882726390970489
-381.92404,3.4101155,189.17699,3.9491458,-41.60412,3.9712892,53.702682,3.4126372,-15.232237,3.2249377,26.928745,3.0280964,-7.097951,2.9662395,7.5235677,2.9800537,-2.5718873,2.9524062,1.4961226,3.1754863,4.3587904,3.0628476,-3.850109,3.1546326,3.8062387,3.034786,1021.1959964039696,57.10326652393396,1306.2146649150438,46.05826981800964,0.00013466353,0.00036678006,2095.5653639791185,0.01024973,0.001074267,0.04362356801044084,0.006430508671777279
-383.19043,4.1244373,175.19229,3.6003962,-32.440605,3.700857,46.760036,3.521003,-37.709915,3.3054419,40.970394,3.2850165,-22.35095,3.2908444,27.123133,3.4289875,-8.994422,3.7484639,5.711759,3.5802696,-3.7304592,3.3213,0.8449445,3.5567713,15.115742,3.624998,1292.5120824767398,65.59711190476165,1675.0987986119708,48.45453839107219,0.00020197479,0.0002604101,2564.599496084687,0.009672437,0.00092052895,0.06109180140661253,0.007348919684921087
-387.64468,3.7693744,176.34401,3.4007,-37.048035,3.3306916,48.764965,3.2915335,-38.66727,3.5315032,40.885532,3.3263173,-24.916994,3.2136917,25.75635,3.3890152,-12.089386,3.2386782,4.9172173,3.3013985,2.1870515,3.075092,8.4702835,2.9523351,15.052102,3.2635665,1316.5827578766139,61.76015688892208,1656.8018298691086,43.25213211290289,0.00021088481,0.0002665479,2563.450392437645,0.009257541,0.0010063825,0.06456414950696056,0.008134536230551853
-379.8719,3.3284965,188.0343,4.15864,-43.57533,3.7712073,57.942516,3.7162843,-19.453922,3.4010677,30.346327,3.0012221,-10.42811,3.0270195,8.6808605,2.9600987,-4.9237156,2.760361,2.2544494,2.7729638,4.636701,2.7294753,-2.4243906,2.9250867,5.0885334,2.8324287,1059.631859114706,60.737973035513455,1357.2630757680301,46.46506666330543,0.00015069656,0.00041536108,2209.15176143779,0.010376652,0.001152975,0.04495699499709977,0.007226506248906293
-440.91592,4.347447,193.4058,4.406474,-11.832519,3.6214247,48.124752,3.5443778,-9.112392,3.4398298,24.412027,3.9777694,-0.9760384,3.6336205,9.342351,3.2971394,-0.73547363,2.9942677,5.3996,3.2179337,3.8097844,3.121321,0.20829728,3.0252705,7.3538623,3.2213445,723.7617759400863,70.01591924862706,1163.151082770208,83.11576935864538,5.5519657e-05,0.00016348418,1321.4691940980279,0.010328052,0.0018419316,0.023000199390951277,0.0077300105188963615
-342.70847,13.522266,157.46092,6.686494,-70.32284,4.5288005,74.42176,4.9257493,-26.481522,5.666846,32.75011,4.3445573,-19.163383,3.992984,16.142183,3.6215594,-10.039761,3.3354597,6.053668,3.8372157,4.3902726,3.390703,-1.5275974,3.6458342,9.994526,3.4758914,1710.5079939979487,125.9174720190878,1654.5973441538329,58.46279754276958,0.00054160634,0.0014536609,3463.823060922999,0.008954518,0.0015426876,0.0987336408787703,0.016257945934620443
-379.4486,3.3935277,186.34319,4.1363845,-43.594193,3.8810484,58.974724,3.4989188,-19.855698,3.4065237,29.935947,3.13792,-8.7081,2.9119084,10.312317,3.1256413,-3.688994,2.852032,2.1428187,3.0824828,3.594083,3.0703306,-3.5878963,2.8856053,4.50063,2.9666486,1073.0347136967196,60.62606902117492,1372.9809258447926,46.136137188304616,0.0001593598,0.0004589234,2276.274402733469,0.0104289865,0.0011817014,0.04441206859048724,0.007304220723429444
-384.35742,13.950058,197.09465,4.5306106,-50.09211,10.865582,54.165928,5.358142,-19.670792,3.659664,29.171904,3.2078624,-9.547443,3.292509,9.495577,3.4079907,-4.756589,3.0742695,0.788714,3.1830194,2.6604333,2.7510328,-4.2493997,2.946313,4.6770053,3.419699,1039.9241868491847,83.6599776232579,1271.846440275789,45.522647414395166,0.00013755655,0.00030645484,2066.762831260876,0.009862998,0.0009773393,0.0492223752900232,0.01229265072629052
-387.24768,3.688796,198.11797,4.7977686,-46.644176,4.4134283,56.35215,3.7953205,-18.844078,3.4078891,27.821762,3.23131,-7.799602,3.081573,8.45664,2.9341455,-4.362854,2.7963626,1.5951853,3.01341,4.0334387,3.033836,-4.1688137,3.360764,2.3951383,3.1701038,991.5840714993966,57.28979596107342,1259.8224834707391,60.799824037241024,0.00014381291,0.0006833911,2010.756518724623,0.010229905,0.0008705643,0.04356692285382831,0.005801555681285202
-348.4306,16.018963,170.15451,7.4108305,-56.49168,5.6375732,69.68447,4.3666477,-37.98288,5.0877957,32.745583,4.1093435,-26.460398,4.8679223,17.569359,3.8016226,-12.807869,4.1452084,5.012602,3.05822,3.4385533,3.2134638,-4.3247285,3.0268734,7.638563,3.153641,1526.4743122674506,130.5960556852562,1669.4676932761383,79.85427104407987,0.0003955376,0.0007654007,3260.9563061919953,0.009588102,0.0016850358,0.07745885295823667,0.01300316762145879
-404.36896,4.140333,183.62361,4.095511,-29.25861,2.99704,58.700153,3.042521,-17.417576,3.4686494,33.269142,3.3738728,-7.6483927,3.373277,17.922235,3.2257934,-3.029217,2.9855125,9.307571,2.7652256,3.8293881,3.0131135,-5.0748057,2.9499445,2.4340186,2.9974537,962.9141472180812,75.97396050474066,1395.0044575668098,79.92565387065726,0.000109344066,0.00020103133,2004.5363707221577,0.010183556,0.0009304649,0.03566379060324826,0.00900193536853737
-377.84985,3.9401786,165.04349,3.6779115,-28.77652,3.1813912,43.049053,3.6797636,-37.126095,3.1599169,36.39444,3.0310972,-23.43168,3.289352,25.404284,3.1924841,-5.3175993,3.0163271,9.052386,3.0559483,-5.6402683,3.188567,-4.7620163,3.3071518,10.196854,3.3105147,1412.197947777104,67.85807543223436,1761.3395384784783,54.891022071114804,0.00025426285,0.00029811927,2952.3220549050175,0.0091659995,0.0012387641,0.06969280198665893,0.007458178473880652
-382.33505,3.9887998,166.87338,3.6097274,-30.57196,3.1291978,45.438995,3.02824,-37.11709,3.1588724,38.039955,2.7886267,-22.040546,3.0479279,26.886017,3.3274055,-5.808836,3.3636372,8.951936,3.2923489,-3.5035758,3.4807534,-2.7536027,3.1095312,11.758127,3.260454,1385.0365190168186,70.12810136715058,1740.9494093095027,53.17192472290722,0.00024602123,0.00028425857,2888.0471922128772,0.008985053,0.001121276,0.06705766930104408,0.007855428433779881
-375.03122,3.4960337,184.51851,3.9308693,-46.603603,3.4444718,61.415623,3.2785225,-23.873785,3.316145,33.794834,3.152166,-11.533523,3.335126,12.7963915,3.1045046,-3.9324255,3.0593204,3.783493,3.0257766,3.5165522,3.0620437,-4.03942,2.8839223,4.2974653,2.8876932,1134.5313059228165,59.252297415142316,1430.591381682451,39.83120017003914,0.00016935648,0.0002784862,2430.5290770917923,0.010203191,0.0009789283,0.04757739994199536,0.006897649809324794
-387.82367,5.3630877,193.08632,3.5781524,-42.785294,3.1291447,56.26555,3.2707586,-17.046507,3.0162823,27.827736,2.906213,-7.882048,3.1559958,8.723257,2.8930478,-3.2604456,3.0838804,1.7226276,3.1678498,3.849074,2.9625921,-3.3868926,2.7665749,5.1365705,2.9707413,990.9289594774214,57.50387593796138,1288.5647738358641,37.18763920703705,0.000112991635,0.00017686943,2036.486448212732,0.010360027,0.001136784,0.04047749601218097,0.006581960893677378
-357.9213,4.448311,147.10901,3.210589,-36.598454,2.7501657,60.82045,3.471953,-41.83123,3.3302488,35.841652,3.4964817,-26.51196,3.277899,31.326176,3.3655481,-4.98921,3.5971587,2.6121688,3.228165,-1.191261,2.9865472,-3.2391548,3.288955,4.4623246,2.8783603,1794.0608819050524,79.18743782991473,1983.0747836696012,43.38215335023955,0.00045252932,0.00037869578,4305.191755184164,0.008895189,0.001114256,0.08504930394431555,0.008902249729688614
-384.06836,3.3613307,193.96346,3.1783943,-42.526917,2.9580703,55.679188,3.3088746,-17.481304,3.165195,27.096537,2.839316,-9.039637,3.085275,6.6249967,3.1779587,-4.671787,3.0799088,0.94564825,3.0652132,3.817329,2.9609122,-4.0609336,2.8978877,3.94273,2.8462176,1001.1632901605933,54.19474613817226,1280.8350040791393,32.5258155009254,0.00011792254,0.00016630875,2031.5902674557715,0.0103369625,0.001117788,0.04387960411832947,0.0064558928081444285
-374.8309,3.7691846,188.53801,4.730213,-45.520504,3.9146328,61.62956,3.852154,-24.145288,3.4807613,30.881,3.2261448,-13.356193,3.1412556,11.856152,2.9113908,-5.434824,2.977908,3.9691398,3.0162785,3.5680792,2.768943,-3.5900035,3.0319395,5.1063185,3.0312345,1096.4145195212966,62.061644346759266,1393.6607109091321,50.08023595494515,0.00017150969,0.00045379045,2322.063685016676,0.010396484,0.00093170046,0.04698829031322506,0.006206379621810944
-389.22986,26.42516,194.52187,10.156054,-49.818935,16.587065,47.53931,8.736346,-18.083298,4.5254097,22.160776,4.163917,-10.424968,3.682996,11.780708,2.9633555,4.72682,4.1288915,7.838415,2.959803,-0.23596092,3.48694,-11.2735195,3.1606064,1.8356804,3.041769,1079.4026747355633,237.49330273206272,1241.011624459836,69.97124356174288,0.00013360301,0.00018257173,2049.7760816959108,0.009220718,0.0015081676,0.05765457330336427,0.02683320800169732
-372.82635,3.6189127,184.0005,3.477327,-43.887844,3.0802126,60.937782,3.0229619,-22.984112,2.9910367,31.509983,2.9641745,-11.977883,3.108654,11.223858,3.1291316,-5.14534,2.943262,3.0969288,2.9530542,3.456459,2.9760327,-3.4404614,3.0795126,5.584005,2.9255216,1122.3360684663514,60.30435310279772,1422.1738226025864,36.47433254529022,0.000153495,0.00013337676,2403.6750244707077,0.010469915,0.0010166145,0.046340269721577725,0.008012899959689368
-333.17917,19.603,138.60875,7.3537693,-64.62815,8.133113,82.80621,5.3053646,-51.679974,5.334981,48.442993,5.6269426,-32.175426,4.769568,22.695929,6.562105,-14.070226,4.593009,8.894617,4.5371246,-0.7716489,3.4604685,-3.627707,3.7774537,8.823151,4.2085686,2315.548451476675,174.3250820576135,2037.8692148742764,67.22969385252827,0.0010525981,0.0010479203,4758.113455717083,0.00812701,0.0010966107,0.15166627392691415,0.02189544910897191
-373.40488,3.7350872,181.98804,3.54391,-45.08874,3.319304,61.307266,2.8617926,-22.455658,3.297667,32.32884,3.2370007,-11.043726,3.0506117,12.09903,2.974854,-4.2668886,3.173597,2.734337,2.8683565,2.5666416,3.0098052,-4.8097267,3.0232348,4.0211883,3.1414347,1146.766843447364,57.80215874157077,1440.3400620177895,35.03792528995972,0.00017351258,0.00026953444,2477.492443536108,0.010198703,0.0009584477,0.04847352631960557,0.00701721370696248
-384.32364,3.6698349,175.97224,3.709035,-36.7555,3.5883498,45.666836,3.8860147,-37.637394,3.4940848,38.38642,3.2433927,-25.638233,3.2711215,23.457285,3.2655544,-13.077221,2.7768476,3.8825753,2.8793137,2.024812,2.9226022,9.643452,3.248467,16.61835,3.222198,1325.4524373570398,60.2985384357339,1648.6045932727063,46.394692876236356,0.00024300696,0.00051597075,2551.9843364812937,0.008982351,0.00085844746,0.06635980097157773,0.007644768050005114
-380.64413,3.4941785,188.90796,3.5926468,-44.67337,3.428841,60.39935,3.211088,-21.542759,3.1496818,30.392784,2.9535944,-12.096886,2.9230142,9.913605,2.9151511,-5.328647,2.8669677,2.2019324,2.8000553,4.242963,3.0305288,-3.1884153,2.8904111,5.3825903,2.9241443,1071.0140240095654,57.14198299418976,1366.171225385351,36.02305040786191,0.00014504214,0.00024476732,2249.1205839435906,0.010267448,0.0009319613,0.04547246592227378,0.006452798249233669
-381.42938,4.345488,176.58287,3.8349562,-43.116253,3.1087003,56.985264,3.1253433,-28.910805,2.9579394,46.772568,3.186786,-10.376512,3.4053686,21.509521,3.4464958,-12.727761,2.9384716,3.6725357,2.8808463,1.1770599,2.9421594,1.8049462,3.2778146,10.756151,2.961039,1234.0405144230754,73.68841346135456,1580.3289788451148,58.768306634510104,0.00018865814,7.0335635e-05,2604.74318218895,0.009593846,0.00074337627,0.054616127102668215,0.007923716777435592
-354.61502,4.368299,133.48746,4.138461,-34.9044,4.040794,71.532845,3.9589307,-37.95739,3.7674706,28.4831,3.6079514,-22.035625,3.2704802,28.50933,3.2107298,-11.417706,3.1269562,5.713321,3.219687,14.573009,3.0105934,2.3594306,3.0818431,4.401855,3.036962,1931.3686885902287,113.42777339354726,2013.5573740957627,37.655020274982036,0.0005261548,0.00094136887,4454.625190327726,0.009311515,0.0014900954,0.0875054379350348,0.012874609071998583
-376.79944,3.7825608,178.9492,3.472691,-37.616203,3.287867,54.197006,3.2264419,-16.210196,3.2521396,28.243143,3.1549075,-5.8999267,3.3129685,8.411388,2.8632655,-2.8745384,2.9899812,2.932253,3.3051455,4.4866304,3.0421472,-2.670789,2.8941236,5.584551,2.6913733,1077.1154317340759,68.1349613744438,1396.7561451535166,39.22674997485404,0.00014405785,0.00021416458,2293.7357820656903,0.010593682,0.0017533654,0.04244534875290023,0.007863553517900497
-386.14972,3.962427,152.76607,3.695825,-14.931214,3.7363484,52.995564,3.6957078,-30.804792,3.2308052,38.11021,3.4833193,-20.364124,3.407515,19.870052,3.3829317,-8.394673,3.2341692,10.887924,3.0795312,6.2916117,3.0451128,7.763665,3.7081046,12.532535,3.4623315,1383.422337627221,95.5359002040052,1866.615879031807,65.90506732031501,0.00020546629,0.00064110773,3341.5434445693154,0.010799247,0.0019050607,0.049582638486078884,0.006624491009245864
-392.56732,20.16805,172.84308,10.983174,-28.661589,8.790461,64.19137,5.1624928,-18.496094,5.3826795,38.799633,5.1080875,-15.427947,5.385707,18.358768,4.339977,-7.568543,3.8663573,6.5940666,3.4142134,1.4992077,3.0523221,-4.856316,3.2433603,7.526795,3.3889673,1120.780272865926,244.18067483495017,1564.4557540461199,183.07584326271154,0.00020285998,0.00080953847,2451.962358160528,0.01031403,0.00086743105,0.04159113979118329,0.015276846933690882
-392.04358,3.5745366,187.64577,4.1405835,-39.223717,3.5642083,57.243347,3.8699613,-16.587301,3.0818326,30.212397,3.360051,-6.299245,2.9844506,9.590975,3.0103438,-3.3405292,3.2420182,2.507715,3.238713,4.0919256,2.9584434,-2.2927837,2.9843767,5.4190035,2.8437371,993.8418486544865,66.35948710090399,1332.0652012346025,48.37030235680334,0.000147992,0.0007093099,2077.579393851508,0.010459763,0.0012542347,0.03740619562064965,0.006267663074624392
-379.10974,3.4902694,186.27547,4.301134,-44.526745,3.5996747,60.262814,3.8030455,-20.391445,3.3336062,30.054499,3.4040177,-9.193819,3.231178,10.712838,3.0457919,-3.7951565,3.0985696,2.0552104,2.9495108,2.5789459,2.840259,-4.373554,2.9060469,5.2533116,2.9663162,1081.3337267912702,61.37578951945787,1379.101446313449,48.40122745393189,0.00017619025,0.0006273893,2303.253357924884,0.010319731,0.001028399,0.0451257975638051,0.006874059641621719
-363.26624,33.05662,173.33336,16.189627,-54.807575,15.184704,62.128517,8.625474,-23.083094,7.414303,31.754786,6.6839623,-12.022074,6.1605144,15.508789,5.869771,0.20117338,3.243116,6.729849,4.2827854,-0.4605313,5.251825,-4.196346,3.9940085,9.05946,4.3330894,1353.7405600315867,339.2572379903216,1492.939900580659,198.53757974794007,0.00027402825,0.00021989761,2824.1470372317285,0.0097084595,0.0013274607,0.06893602269431555,0.02620248483999941
-377.94092,4.201416,160.81503,4.1690955,-24.233242,4.037304,45.216297,3.7874947,-38.136242,3.4092908,35.412273,3.6898484,-22.838455,3.2677586,23.332575,3.4506269,-3.4676409,3.3983681,13.175806,3.3569667,3.0540333,2.9214885,-2.9822032,3.0506194,3.3505561,3.4225183,1419.2642343287116,79.87473912808478,1791.0791073772396,61.21128631591982,0.00026004665,0.00071841356,3124.8624655597446,0.00991255,0.0013739776,0.06680389899941995,0.006866906904033332
-393.54315,3.6316886,179.3399,3.7963707,-38.25496,3.2648733,51.902027,3.2424014,-21.212946,3.390054,39.349087,3.1812017,-3.2610555,3.5423758,15.465663,3.278302,-6.75146,3.3166082,3.2936943,3.1253552,2.8369641,3.1203034,3.3146005,3.0527227,10.058177,3.1103044,1085.0870482524624,69.74415222016876,1447.4087304816194,49.49417745679572,0.00015012895,0.0003107687,2245.7232340305973,0.009900909,0.0013314162,0.03978076058584687,0.009025166270585971
-384.10382,3.540074,173.81627,3.333358,-38.37404,3.3574378,50.437,3.273202,-38.469185,3.4081974,43.822483,3.040223,-25.05535,3.306138,25.517818,3.0767276,-15.008017,2.917627,2.878532,3.1574974,0.8967126,3.5815043,7.6679564,3.2566578,16.064072,3.6758134,1371.1788298114952,58.90278102773875,1708.3523636942405,45.67917930288253,0.00023472232,0.00021292463,2754.076695276247,0.009033979,0.00075491896,0.06755727958236658,0.008043420281411426
-408.11594,5.9888234,186.61679,5.57721,-24.054338,3.8050501,55.49111,3.5398955,-18.61708,4.304283,34.125164,3.918588,-5.811998,3.643249,11.370772,3.3956914,-7.237321,3.019878,11.180995,3.016101,5.146099,2.9189582,-1.9378858,2.8436306,5.461232,3.4673004,920.4507376982186,94.57358881974683,1363.8338711465058,115.97416529340357,0.00010736584,0.00033253303,1804.8421412775522,0.010189717,0.000967961,0.03728384208236659,0.016515186754904723
-373.63873,4.8517323,172.38185,5.0900135,-42.102196,4.076683,58.49997,3.9494736,-26.770159,3.7861497,45.2637,3.4896936,-11.944091,3.6461468,21.227068,3.5102916,-12.874682,2.9898598,2.6160386,3.0577662,0.69607085,2.889378,1.2950219,3.1304588,10.843165,3.1839583,1275.0084021486566,93.12316801110134,1623.062417198569,70.37688736747243,0.0002486523,0.0005465932,2752.9525721432715,0.009815658,0.0009893439,0.053060651102088165,0.008347980900629597
-336.78433,10.711976,152.28625,4.5712714,-74.28266,6.9559474,81.7361,4.24308,-40.27561,3.9273849,34.696415,4.176891,-26.138504,3.308901,25.386047,3.8256004,-14.20838,3.6452634,15.010483,4.11828,-4.744858,3.294065,-11.486935,3.9708116,9.915001,3.1402674,1979.385407580207,83.64157257144684,1791.4799144999265,55.6698440594618,0.00077597296,0.0012939367,3769.4096894939094,0.008515438,0.000762889,0.12738476109338748,0.013684496988092409
-403.00064,5.126237,181.10378,4.6013823,-29.308306,3.6074862,46.059155,3.6415668,-17.295803,3.7317564,31.428581,3.586185,-0.12641662,3.647901,12.620047,3.4057133,-4.2607455,3.3041773,1.0377429,3.4035013,1.6079093,3.2716196,1.4549007,3.2274024,7.3198705,3.684382,994.4958412204891,78.93230180404068,1361.07273467528,64.1968997142896,0.00013728825,0.0005146026,1969.7385146280453,0.009817081,0.0019239739,0.03725212079466357,0.008945618920720676
-383.59485,3.505163,161.88174,3.8228734,-27.701445,3.2495015,56.62897,3.9130611,-37.340218,3.5621173,41.02971,3.27,-23.139755,3.3000298,23.85009,2.9007194,-6.860995,3.168083,16.003374,3.4738066,4.2244215,3.2400165,-1.9056342,2.9965012,3.864805,2.9049582,1411.1937006685012,74.23180683848075,1829.9876425819148,52.79559427251026,0.0002599788,0.00088795065,3309.5933670787413,0.009943554,0.0012102933,0.05638232308584687,0.007800999205115061
-383.08252,4.46913,168.7245,4.0105267,-29.192213,3.9216757,44.46565,3.7079933,-34.567528,3.399733,34.121357,2.9183617,-21.786406,2.984528,20.676147,3.2496223,-6.0106974,3.2582304,8.708418,2.9821677,-3.2688303,3.0477726,-6.1395183,3.232157,4.1715455,3.2270782,1308.2799807352455,68.34634084088734,1654.4689683865695,54.22619511344977,0.00020548655,0.00047186686,2618.107757214327,0.009775179,0.0011751581,0.06289991480568445,0.007464669422818052
-387.68576,5.08956,172.47122,4.2479973,-32.127007,4.163196,48.95094,4.0319605,-33.63921,3.7899084,35.973816,3.536941,-23.567394,3.6038277,23.941078,3.8385327,-6.7090225,3.2429597,6.122935,3.237356,-2.9778943,3.291812,-3.2727206,3.1501117,10.582142,3.0599625,1272.122923025371,70.52469105785057,1641.1500807920038,54.73728898289347,0.0002064272,0.00042217065,2557.0803613507833,0.009583137,0.0011027028,0.05706319786832947,0.007941095152481524
-372.94788,3.4758942,184.23564,4.061578,-44.265816,3.3719158,61.32167,3.3813875,-23.110666,3.2568521,32.73616,3.0862906,-10.067212,3.0140712,11.6332655,3.1176798,-5.428123,2.9249048,2.5473435,3.0776107,2.867466,2.6807199,-4.0599766,2.975582,6.0025954,3.0266166,1118.3912672835866,57.41517737387419,1422.373978490251,42.17379538354677,0.0001867291,0.00060357153,2404.2495762942285,0.0105133625,0.0008887904,0.04711290965777262,0.006267528330302048
-435.7645,6.4994683,190.57059,6.401137,-13.750417,4.7217307,47.390316,4.623815,-7.2582793,4.196525,22.590868,4.1811333,0.4122084,4.261907,14.277602,4.1382427,1.0483997,3.5652552,3.2260714,3.7227428,3.9751575,3.4884155,0.22938964,3.7268343,5.847944,4.305642,751.1501733078175,88.81730564845309,1182.4142912589475,104.37568989203362,6.757833e-05,0.00028385498,1408.7011492169374,0.0101937475,0.00211747,0.025941215922273782,0.007000413891841478
-372.55704,4.866923,154.96863,4.2353034,-21.827427,4.0599055,59.920628,4.239682,-37.39889,3.8294792,51.19203,3.7538962,-24.113531,3.357844,24.150944,3.479974,-13.633911,3.7718787,10.905074,3.2691603,-3.0388582,3.3323574,-1.1415639,4.1235747,5.1125574,3.5015893,1596.7989254686622,93.7334304489326,2050.4506326148553,56.67522375770063,0.0003791154,0.0011486739,4145.516309273492,0.009477509,0.00095084147,0.06445425790313225,0.010997783297929567
-373.16736,3.5193033,184.78172,3.63731,-46.396263,3.4641323,61.797962,3.0820107,-24.822102,3.152999,33.079205,3.3602157,-12.892658,3.0816944,12.215256,2.931364,-6.3757935,3.1511848,2.550342,3.0483158,2.0989544,2.7366602,-4.958614,2.7976923,4.513666,2.7727783,1148.2765194832646,60.741666041567406,1435.1127182360292,37.54703724774479,0.00017934716,0.00028507606,2455.9342598970416,0.010124654,0.0009101308,0.05015928618039443,0.007031625017735467
-353.2619,13.374125,152.15047,7.4314766,-60.452816,7.323838,66.58927,5.5392046,-39.607426,4.358333,43.019215,4.839529,-26.404987,5.5920687,19.288324,3.8726099,-11.9117155,3.627579,8.247986,4.1818347,3.809998,3.8836815,-0.4136315,4.6053076,6.899451,4.2568626,1824.148839187482,134.28329434367373,1812.0370721878871,99.74831865964815,0.00057746936,0.0017011128,3868.332525195766,0.008528502,0.0015267405,0.11341606547273782,0.021417302129488423
-336.65256,27.498985,156.17104,5.889971,-63.862675,9.275739,71.379715,5.083877,-37.08386,6.0318384,37.301933,4.3151445,-27.307886,4.927515,20.179026,4.4530635,-12.729492,3.5056531,8.015559,3.3939395,-1.7844771,3.3496184,-8.511472,2.8170462,7.504614,3.811526,1800.6640069228495,110.4718864785422,1790.7360859363364,55.56090161434793,0.0006861334,0.0015312077,3746.377655524942,0.009004957,0.0020738475,0.10143674775232019,0.014640928449271102
-380.11807,3.575403,168.53754,3.4831777,-29.96652,3.715834,49.500626,3.5742705,-40.05861,3.2296662,40.40258,2.9760168,-22.89484,3.1836472,26.324982,3.4166667,-4.918918,3.4478939,10.832665,3.1454747,-4.064185,2.9430754,-6.67653,2.936926,6.441592,3.1533754,1377.5254250222065,71.36007675613493,1755.8463475836515,48.98067600726748,0.00023793321,0.0003247882,2963.5383057207077,0.009577915,0.00106328,0.0642627972737819,0.007835143483629313
-382.08105,3.6364663,171.42043,3.7087567,-39.193764,3.8800373,48.100067,3.816806,-38.84489,3.8163705,40.40787,3.39405,-25.1424,3.4267375,24.555195,3.1196327,-11.789739,3.0998235,3.3637877,3.2700696,-0.091168076,2.9850037,7.81259,3.057372,17.319262,3.1142845,1405.3353283302372,68.88064406915336,1703.7152532008392,49.18615576040432,0.00026548913,0.00031628768,2827.2446209759282,0.008728512,0.0008419168,0.07254318626740139,0.008946749429496003
-397.65082,4.1550717,173.82574,3.6720228,-24.355974,3.204424,42.16086,3.3149176,-13.104994,3.4579022,31.251514,3.0491838,3.5090466,3.4762552,11.571742,3.470237,-3.0825543,3.213456,0.6574696,3.2878728,2.4980044,3.0340545,3.4862862,3.1342869,8.357276,3.3217425,1006.6221208264212,83.05190199798756,1388.468925058759,60.62478100307686,0.000116183866,0.00010049126,2008.6831360571346,0.009797602,0.002787703,0.03872376196345707,0.009062117011007786
-367.44238,5.162102,163.80283,4.3495684,-43.782845,3.6656008,61.74573,4.051624,-27.662914,3.382389,46.207123,3.6950366,-14.163675,3.579175,23.589436,3.147206,-11.607734,3.0378747,5.5558577,3.2879953,2.1648855,3.2564905,1.4630498,3.1760175,10.977304,3.2271745,1407.8531693650004,94.16770131712116,1739.1524102016124,61.47399404966689,0.0002927619,0.00049948867,3180.8937586100637,0.009784402,0.0010268433,0.056966901102088165,0.00929314783829326
-334.37,14.838639,135.26012,7.1207147,-78.701836,5.151607,74.96146,5.5858545,-47.73257,4.0116596,47.363956,5.4884567,-22.345695,5.3791447,31.984276,4.880892,-14.95861,3.4393768,7.521864,3.44711,-3.5737078,3.9074,-3.991125,3.8469992,18.817747,3.5131497,2297.7458444022213,157.47527939812622,1927.8607725484276,82.95194523615186,0.0009953552,0.0008804236,4516.077254930395,0.007898189,0.0011659384,0.15662499093677495,0.020256860319068298
-379.70956,3.7722573,187.61815,4.197338,-43.803673,4.119431,59.43297,3.5234902,-20.797703,3.1397862,30.065042,3.1504571,-11.459052,2.9231665,8.979116,2.968408,-5.479694,2.8076642,0.93971825,3.1055825,3.5648274,3.0261207,-3.0472422,3.0944717,5.621178,2.9018722,1077.6970446474193,57.59548826862762,1370.2578717903898,51.533528259317315,0.00016006545,0.00052123686,2264.383678037993,0.010320453,0.0009536341,0.04426252537703016,0.006183846701045937
-386.87994,3.1486573,194.03906,3.7116997,-41.225216,3.3935404,55.99083,3.3551407,-17.979692,3.5004883,26.220663,3.0757394,-9.355527,2.921816,6.554309,2.9139147,-4.075407,3.2391887,0.48948964,3.0229638,3.5458567,2.8002257,-3.0358434,2.913971,4.6205096,2.71177,987.6007131406727,49.937681199293166,1277.6211232489673,39.85140482172471,0.00011867334,0.00026495618,2006.384928763051,0.010389766,0.0009736973,0.04250425971577726,0.005838946035156586
-381.17142,3.4089696,185.15541,3.7579803,-42.827976,3.241328,58.195286,3.2156737,-18.563894,3.0552545,30.740166,3.208485,-8.678185,3.051324,10.253745,2.7384489,-2.4924583,2.9301171,3.1535785,2.8375175,3.8417325,3.0129247,-4.45512,2.9940379,3.3527634,2.9094453,1068.5083284763164,60.31824363410279,1375.5094819402532,38.76226878839073,0.00014879547,0.0003402143,2255.6904591429816,0.01027271,0.0010859908,0.043408316415313224,0.00663758170706182
-372.60904,8.182617,162.47781,6.1988716,-33.535484,5.024919,57.696114,5.623807,-35.61523,5.498847,47.298653,4.3584776,-26.413963,4.1919556,23.268198,3.4432826,-8.948664,3.5654366,11.06753,3.1717916,-0.5320867,3.64986,-1.395817,3.513539,4.2764783,3.0696049,1500.2832278049575,154.97202233297034,1866.6574951172336,98.61327478484233,0.0002875882,0.0003594232,3458.3523283425175,0.009517459,0.0010241759,0.06622951711136892,0.010139779482843751
-399.86038,10.321285,184.46324,7.287081,-31.460499,5.621985,45.83696,3.8019154,-18.993992,4.6835017,31.56536,4.838768,-4.1550994,6.0658355,15.119741,5.336395,-5.4987435,4.403688,2.2031605,4.310814,0.9482844,3.772506,0.019603826,3.7686307,7.3211746,3.5277534,1012.3598309516966,138.37261407872796,1366.555277285816,160.1808777613051,0.00011770263,0.0001101817,1978.28185043866,0.00974639,0.0015023954,0.04154129205336427,0.009132073479211453
-375.18518,3.7724164,166.22981,3.896649,-29.442263,3.758193,48.137886,3.8449223,-40.97795,3.2443798,39.08061,3.119383,-24.813042,2.767355,26.559862,3.4570618,-4.4784856,3.2583737,12.307173,3.2067363,-2.4666517,3.0209668,-5.2997184,3.1011114,5.7943525,3.2854972,1434.3449935030771,76.4667593426488,1802.9239068336065,57.207800230714724,0.0002777461,0.00057434075,3163.5073208200406,0.009467524,0.0011616541,0.06703727704466357,0.007586369915881646
-375.69867,7.3891845,181.26367,7.020885,-34.989075,3.958521,56.025658,4.8460684,-17.006683,3.9556034,24.90513,3.3414054,-7.946851,3.8141584,6.905714,3.1827295,-2.665231,3.4408193,1.0719907,3.233543,2.8032684,3.2654605,-3.6015358,3.1346533,5.1700068,3.0375042,1069.4305968520266,114.17526580612946,1376.1507973746072,86.46045912519112,0.00014109495,0.00015232684,2269.4047613652842,0.010308633,0.0016799844,0.04728624383700696,0.01097669476518311
-379.9343,3.4515524,170.60318,4.297552,-32.354374,3.465902,45.320435,3.9239697,-38.08161,3.497862,39.00262,3.4648821,-24.37552,3.5154474,25.777412,3.2705615,-7.518548,3.1498199,8.408027,3.3246832,-2.5958362,3.1469386,-1.221536,3.0859706,13.793583,2.9474256,1354.7597508361239,65.77502158734144,1710.2060734172828,56.71297621891712,0.0002410305,0.0007144121,2725.8487143815255,0.009776558,0.0009220773,0.06631561774941995,0.0068758428834605765
-372.3219,3.882525,182.64026,4.2774944,-46.893826,3.9352942,61.342,3.4337282,-23.457466,3.5296032,33.51534,3.0932796,-11.788641,3.1213262,12.573309,3.1432657,-4.734189,2.9961305,2.4814632,2.9110703,2.5265033,2.9697366,-4.6024528,2.8880742,4.2043505,3.1724226,1160.9420391454164,62.161615259385634,1445.9103009561795,43.930506465416315,0.00019501703,0.00045857066,2498.526036379785,0.010236735,0.0010079605,0.04876921403712297,0.007604743222516923
-392.67276,3.741287,182.83716,3.8256853,-35.45835,3.1099677,50.894043,3.400134,-21.455772,3.2020109,38.207317,3.3458745,-2.4844468,3.33164,15.605269,3.0951388,-7.0134077,3.0065715,2.259883,2.9767747,1.8358432,3.2177062,3.2305424,3.3100102,9.636485,3.4522247,1042.2277358403376,69.67823057772775,1409.0006508135864,54.725769075835395,0.00013721759,0.00027616514,2098.912752863979,0.009962323,0.0012197938,0.04162172817575406,0.008543923401187491
-384.7194,3.775754,173.7418,4.0820246,-36.949203,3.90145,47.13573,3.5458403,-39.061974,3.637223,46.09746,3.394722,-20.198315,3.4040174,27.87566,3.3073256,-12.315156,3.3001761,4.186491,3.0771644,-0.4610939,2.8809545,6.8914437,2.9574125,17.000395,3.1470692,1351.4157302405754,69.32632763806683,1712.0812057057697,49.35556265527701,0.00024816266,0.00048563743,2734.2421671077436,0.009118196,0.0009419198,0.06365102958236658,0.00874960474184142
-367.3175,6.1722064,153.97075,5.4596653,-38.985107,4.3543587,68.10787,4.21106,-24.328732,3.639058,43.241196,3.8056183,-20.03642,3.5043917,24.152275,3.482268,-8.074226,2.9938436,9.965868,3.1120389,2.7437334,3.127317,-1.8135546,3.2851114,8.656615,3.1386843,1502.9988763321687,129.86475531500525,1851.2174120896213,75.13614773132247,0.0003800252,0.0014829701,3515.3328809273494,0.009999862,0.001549407,0.055730903784802784,0.01185426703334391
-352.0594,11.372939,161.28769,7.0900106,-66.967125,6.164171,77.579185,5.1971674,-31.377937,4.495722,40.121872,4.503044,-18.282486,3.859435,13.676409,3.8090584,-2.8266683,4.6156673,5.5843315,3.9900172,-5.277636,3.981273,-4.5829268,4.755293,8.9396105,3.7341986,1694.1421230054084,166.6396576285796,1669.2247868524248,68.17355477792003,0.00043846766,0.00055304385,3630.79281694098,0.008840051,0.0007002806,0.1019612819025522,0.019660659341375994
-385.31982,3.8556716,197.37576,3.5243468,-45.706482,3.2776253,58.58746,3.073463,-23.08433,2.7514038,29.222717,3.0330727,-9.509113,2.9492266,11.257974,2.9784863,-4.253084,2.9418683,1.4045773,3.1229696,2.0573282,2.933015,-4.6139746,2.9725318,5.8508554,2.9655914,1007.0852362538441,51.37798202305998,1292.7652113087147,34.30297420098272,0.00012199172,0.00020815052,2050.475536089762,0.010290573,0.00080633874,0.043472891893851506,0.0064595484098764816
-419.89102,5.2317886,185.80441,5.143722,-20.034266,3.96357,56.469574,3.4069982,-10.013889,3.7600715,32.48658,4.07943,-7.15616,3.5703282,8.059747,3.24654,-3.3350637,3.4954925,10.4011755,3.1471915,3.8553302,2.7478871,-2.282093,3.1351705,5.1016006,3.603775,848.5856881511733,86.33351292391059,1304.306894604645,100.10892379571959,8.009913e-05,0.00016782677,1683.0871157192576,0.010148925,0.0011971495,0.030298361368909513,0.008986945738327685
-382.02676,4.9120626,171.66087,4.3141727,-32.936142,3.5347004,46.28096,3.4310653,-38.79219,3.4935002,40.187847,3.5154197,-22.218397,3.4481952,29.082405,3.548717,-6.733163,3.314347,8.241867,3.080053,-2.9905398,3.1814966,-2.2357333,3.4164937,11.585678,3.4220676,1349.851435792957,74.99157368587959,1712.1821028725233,56.96787404789733,0.0002246599,0.0002624311,2730.9947002791473,0.009466479,0.0012124201,0.06633374419953596,0.007477279455087237
-372.04184,3.599096,182.83131,3.6695654,-42.834843,3.4664712,58.615677,3.317062,-21.904034,3.2146547,29.509197,3.1732435,-11.459432,3.1453466,9.63439,2.8297646,-5.2138953,3.1252177,2.2762647,3.0524583,3.2613275,2.8711627,-3.7260578,2.9240294,5.1427097,3.0988963,1126.4689248270963,57.88674243324628,1414.9777019845044,39.34920429770048,0.00017101924,0.00032989687,2395.4814158570184,0.010332668,0.0010145069,0.048344375362529,0.007030140724688193
-374.00732,3.612078,182.5643,3.6443217,-45.139084,3.2651012,60.861805,3.4530845,-22.302626,3.2291882,32.125534,3.2068121,-10.974188,3.2529943,12.51442,2.9087043,-4.0641017,2.8684764,2.9120324,3.0701954,3.0882525,3.2011683,-4.11069,3.096071,4.3960824,3.052168,1138.9706703415875,58.13337211761586,1433.572798658091,35.273778663441625,0.00017265025,0.00031420286,2451.2878842807427,0.0102326935,0.0010484116,0.04724659222737819,0.0071690047548217855
-373.32104,3.614923,181.43933,3.3044538,-45.459534,2.8577116,60.922493,3.021053,-22.203917,2.9901216,32.806904,3.1899812,-10.629871,2.940619,12.935923,3.002101,-3.5685167,3.120892,3.2750983,2.9869587,2.715087,3.0862288,-4.8404665,3.033594,4.2753634,3.1611443,1152.1825248270097,63.90249298597519,1444.0978610227435,32.93281894464588,0.00016625122,0.00014517932,2491.4065898709396,0.010223705,0.0010689459,0.04805888377320185,0.007689219788590458
-382.82172,3.5988626,184.04124,4.0536485,-46.220993,4.118938,54.9558,3.9436455,-29.007584,3.3698866,43.76625,3.3380992,-5.1413646,3.2361038,18.282152,3.4249845,-11.36015,2.7131073,1.6657872,2.8992846,1.2225823,2.9144244,3.64274,3.0225306,10.450991,3.1715953,1158.1429744845905,60.82192012273925,1460.023699446329,57.14161622004289,0.00018443202,0.0005471118,2351.8404577834976,0.009916619,0.000842558,0.05814625326276102,0.008877269330188188
-384.15524,3.808612,173.72934,3.9590983,-35.56602,3.409294,45.69324,3.648704,-36.7056,3.371119,39.810036,3.5302067,-25.00995,3.525791,23.702211,3.1212373,-12.564358,3.1933618,3.3614333,3.4349473,-0.536352,3.2102485,7.7653556,2.8907936,16.354633,3.0864542,1341.9723277636176,62.946567720322044,1676.522252187093,46.853772649224815,0.0002500991,0.0005704511,2618.432503897187,0.008922617,0.0009040027,0.06727178799303944,0.007719176136735982
-380.77856,9.046424,192.04503,4.491381,-42.551804,5.3617864,59.124332,3.3490803,-22.722042,3.5548937,27.958698,3.140814,-12.205602,3.0998876,9.784925,3.1461189,-5.0076084,2.9583867,1.849625,3.1939385,3.3857813,2.9462268,-2.7601588,2.9148993,5.9051476,2.7974234,1040.6183430219419,94.72699424099831,1334.8719350557922,50.96702675473172,0.00012768185,7.375493e-05,2150.9971246918503,0.010215885,0.0008000906,0.045629939457656615,0.007545701291093388
-372.31464,3.710255,183.85216,3.4768703,-47.116875,2.924711,61.17879,2.9415922,-23.678165,3.0927033,33.48892,3.002332,-11.957497,3.1801746,12.575565,3.1498373,-4.781022,3.1872947,2.8775065,3.248917,2.8906431,2.763211,-3.9748642,3.049471,4.6165485,2.9734676,1152.3742960574402,59.367685539808875,1436.195793218041,34.244021647492,0.00017034715,0.00018333852,2467.675101508121,0.010205651,0.00090157334,0.04916346432714617,0.006834347796111393
-386.2282,3.3934352,198.1825,3.9857748,-45.126472,3.5958462,55.48415,3.6069107,-20.368095,3.35054,27.532795,3.4217327,-7.8986154,3.2313902,9.384013,3.0282574,-3.5011985,3.186645,2.2802002,3.1537068,3.4381566,2.9926596,-5.2003126,3.0479107,3.742472,2.9401243,986.4561976242584,54.13052949553099,1260.5836897427102,41.92364175982322,0.00012548505,0.00035860055,1979.4309540857018,0.010315741,0.0009624282,0.043643960266821345,0.005862764843191621
-385.29556,3.5188794,193.6014,3.9210804,-43.23139,3.341195,56.035305,3.2764573,-17.735138,3.4442608,26.456484,3.0186996,-8.10792,2.8244374,8.386898,3.0608659,-2.5982187,2.9150667,1.3244094,2.923589,3.1214807,3.1339936,-4.4342422,3.1066558,3.47078,2.8935037,1006.9472850870234,53.52612870124215,1286.0456428778152,39.72069610877197,0.00012143137,0.00022190847,2065.9634548107597,0.01019905,0.00095219945,0.04260055648201856,0.006736404736704737
-384.62146,4.1752005,174.0255,4.0406823,-30.100794,4.056748,49.999886,3.7191656,-36.46383,3.6440468,40.65411,3.4339325,-21.718348,3.2061975,25.053457,3.10801,-7.3129916,3.2426033,7.123955,3.2321172,-5.3101306,3.1391327,-7.147998,3.0186436,7.6663785,3.0981817,1275.2719227949049,65.29620340642516,1670.1960297793598,52.76164879316121,0.00021034674,0.00040995746,2587.0569782301336,0.009727817,0.0010118411,0.0577134842662413,0.007809746441850802
-372.6956,3.2922359,184.90012,3.9818044,-45.033707,3.39357,62.3032,3.3734906,-23.307028,3.2192748,32.305824,3.1364338,-12.074647,2.987427,11.683818,3.1174984,-5.6332197,2.981461,2.817521,3.0408707,2.7852528,3.0563724,-4.2859597,2.753534,5.70825,2.928155,1124.1772158941594,59.95490433517656,1423.0559730476061,40.43846472978798,0.00018512999,0.0005798798,2413.9420157518853,0.010545782,0.001037293,0.04658271099187935,0.00695353922783352
-360.27725,11.726051,181.27994,6.69377,-49.423786,4.91281,60.87861,4.114657,-30.77312,3.5139616,26.374702,3.6151123,-8.493543,3.9696324,12.442791,3.262116,-6.011198,3.057207,1.2999364,2.9514112,2.1468942,3.1989822,-4.2128325,3.148542,5.7664876,3.2192097,1244.1374598571308,69.06399151772696,1456.3939829082158,60.818494117101636,0.00020949799,0.00025910282,2737.864341647332,0.010088925,0.0017536125,0.05910582221577726,0.007157328015820272
-392.6316,5.0551896,182.06432,4.251166,-35.30086,3.7093716,48.338093,3.2318292,-20.389275,3.4193168,34.269695,4.0434957,-3.6130579,3.5921903,12.816972,3.9642832,-6.3377857,3.148695,1.0647197,3.2020972,0.8289805,3.2896252,0.6573878,3.1705868,7.4134684,3.5259542,1055.0515043740616,68.74096721739278,1390.9345781457694,56.971404950611564,0.0001425568,0.00031175205,2101.5856678690543,0.009747346,0.0015352475,0.04261981583526682,0.008549521774450656
-379.03534,3.657405,187.02446,3.0711558,-42.787323,2.9814553,62.811176,3.2818875,-23.763908,3.4175308,31.337465,2.8055575,-12.574569,3.0134406,11.536282,2.9067273,-4.5551915,3.1234603,4.3650556,2.8346145,4.1322227,2.9568825,-3.1454835,3.0427887,5.397521,2.9913728,1079.717249694621,56.79529541206896,1402.9594896946128,34.11101721943456,0.00014863066,0.00018934194,2313.9200374311195,0.010345795,0.0009943951,0.04485843242459397,0.0075883952494193545
-404.1448,4.2171135,167.83421,3.090423,-21.657463,3.4167917,52.618706,3.2726748,-34.70675,3.3158329,34.969463,3.6929681,-24.477398,3.5026479,20.064772,3.3068871,-7.7464814,3.2900822,9.902464,3.2337296,-1.1985501,3.1131277,-8.612223,2.9203699,-0.61151576,2.880271,1233.6573207835595,53.429704857006186,1676.2103037501286,44.95903819368243,0.00011661802,0.00013864163,2569.5706183838456,0.010864486,0.0009227101,0.04708005546693735,0.0063848454606884875
-380.77762,3.7336407,187.65944,2.962305,-42.15428,2.7232113,60.077576,3.104988,-20.928617,3.1492443,28.955761,3.0575514,-11.474478,3.0220342,8.621572,2.773204,-5.3705735,3.02777,0.8310453,3.0587635,3.3494027,3.0983145,-3.2068777,2.911403,5.345594,2.8952649,1062.7256833387758,52.27212955137093,1363.910818408637,32.20137091535119,0.00012708936,8.486542e-05,2239.5530470562644,0.010401488,0.00094234623,0.04540902334686775,0.006444005996373925
-403.07922,4.153461,191.95468,3.8973992,-38.146248,3.5132399,46.62804,3.5986297,-17.861685,3.420067,32.52154,3.3872862,-4.972288,3.5033689,14.301588,3.235991,-1.7102892,3.119329,5.9334574,2.9805973,0.22233,3.2510865,-6.409393,3.080711,3.0687377,3.2044404,980.1966358805564,64.56346749070073,1275.597620081575,44.244118728368896,0.0001088986,0.00022761876,1799.796077436195,0.009721194,0.001216509,0.04815857924883991,0.00822969048188581
-384.5014,3.6600945,175.63698,4.0231843,-37.559036,3.7342591,46.56821,3.9528904,-38.53984,3.0901117,36.737797,3.3887677,-25.88225,3.5239763,23.113564,3.2431872,-10.142175,3.1391487,6.179786,3.0711706,3.15175,3.2832706,9.861959,3.1708806,17.658129,3.325928,1315.1785990448218,63.058303457619076,1622.6241177292115,50.843575476722584,0.00020350028,0.00041830706,2508.5432225203017,0.00980974,0.0008543845,0.06710071962006961,0.0060242136574218605
-338.71906,6.5395703,176.5214,4.310576,-66.28396,4.01719,60.855106,3.6295328,-44.544872,3.341052,37.057915,3.3921735,-26.270107,3.3762026,22.363888,3.6000464,-10.08571,3.2287397,2.9269483,3.2500458,-1.8193591,3.3878407,-7.1713724,3.0898285,4.111057,3.122214,1553.1656821009988,78.28633575200824,1632.0088909771202,45.27774656623517,0.00040491202,0.00054392766,3180.4191288428074,0.009668207,0.0006413319,0.08574603937064965,0.00893335332939652
-378.70596,4.267792,164.87706,4.440147,-31.782228,3.386604,42.49505,3.2991319,-35.599457,3.7735157,35.783142,3.4942732,-22.392714,3.1887193,23.186022,3.4511325,-6.445851,3.0376785,6.0191145,3.263463,-3.0845373,3.9734375,1.8084238,3.6683009,16.922007,3.0327542,1392.2321146715094,73.91241329946892,1711.3490092262584,59.57178213954328,0.00025918544,0.0007539439,2842.033085303074,0.0094900355,0.0013573109,0.0692419065400232,0.00822028860716592
-392.44305,4.665303,185.1823,3.967505,-35.218777,3.558873,55.713787,3.2706654,-14.685171,3.413618,27.146898,3.3309011,-5.844477,3.240132,10.001326,3.2276802,-1.0993277,2.963099,3.084869,2.9078088,4.787176,3.0781186,-2.4279635,2.8916106,6.628682,3.3173945,977.2848402165548,59.68827021508616,1330.789096498779,45.67133667129132,0.00011760921,0.00033012437,2054.222613199681,0.010548909,0.0011536859,0.035746492531902554,0.0059901447224497435
-331.39963,19.077936,129.74968,13.949939,-69.85182,9.224358,75.18095,6.9895587,-53.92211,6.301057,50.733055,6.947362,-35.566525,4.2146206,31.760721,3.9169438,-17.238813,3.9742615,13.196366,3.949869,-2.7921205,3.617693,-3.1991084,4.567257,16.933628,4.5915527,2608.1600578592097,287.81292242847263,2153.1062609081305,161.0169165077653,0.0016597352,0.005116016,5400.162628244635,0.007648603,0.001405956,0.18428482091067286,0.028954786481526534
-359.40665,5.5056157,174.0661,5.054783,-43.349197,3.3034277,66.62099,3.2298675,-32.520596,3.5108588,36.342445,3.711522,-21.092463,3.7126255,16.169226,3.577509,-10.496466,3.0530193,5.0264907,2.8302255,2.5350733,2.9707305,-2.3686593,3.228136,7.419503,2.982506,1326.0748847114655,85.22338610795674,1632.8947866398748,75.3580753287886,0.0002553875,0.00020806049,2965.411844275667,0.010171503,0.000901504,0.0575208907337587,0.008197552887805154
-382.4723,3.887021,168.15982,3.537525,-31.531065,3.5566096,45.98984,3.7566679,-38.217995,3.3386912,37.399788,3.4785218,-22.759207,3.5798354,25.840305,3.078956,-5.610005,3.0462916,8.39977,2.9862578,-3.13465,3.155978,-1.6924108,3.198503,12.359591,3.276239,1376.624413740626,70.7217486512307,1723.992569846975,50.43287249657829,0.00023536237,0.00029088758,2850.5764211136893,0.009272059,0.0012951149,0.06701915059454756,0.009091989422505678
-372.8567,5.366409,190.32372,4.096975,-48.17906,4.102829,58.63851,3.6245508,-24.791346,3.9569385,27.230165,3.5736017,-13.93515,3.360766,12.008615,3.36062,-5.6082363,3.176762,2.2777882,3.0687304,1.4883595,2.930492,-3.0959504,2.8270226,9.662304,2.7713776,1109.637733988264,62.1911527999604,1366.8234071378056,43.40437754789367,0.0001572929,0.0003129935,2326.0855477813225,0.0103615895,0.0008337067,0.049563379132830626,0.006435103802600013
-377.55112,3.7449982,186.81874,4.022969,-43.92357,3.7820842,60.248676,3.4273305,-20.815626,3.5816398,30.617245,3.2288985,-10.956616,3.2058654,9.599948,3.2601695,-4.7199388,3.0045605,1.3999505,3.004722,1.8622375,3.184145,-4.621389,3.0646315,4.8837857,3.0714786,1088.2462587386628,56.823254797640764,1381.1758742328739,40.19252235654716,0.00015827609,0.00028585547,2292.3618537920534,0.010182377,0.0008984876,0.046428636165893274,0.00672941675974361
-342.384,8.528916,175.03395,4.802415,-96.120514,4.6885457,59.878407,4.7804236,-41.48657,3.9068525,29.60557,3.53844,-23.928913,3.5774198,17.459734,3.2888408,-10.628261,3.286522,9.495673,3.1039295,4.1504397,3.1784759,-9.576768,3.3588367,11.163509,3.1696377,1700.2989437459428,76.27203621698906,1459.7265390407874,40.78700587302152,0.0004421606,0.00041821157,3157.012387162848,0.008583735,0.00081933715,0.11830907410092807,0.011325452256032795
-381.72626,6.077508,164.64542,4.6881366,-30.176508,4.9157524,50.55263,4.3324323,-35.50673,3.738205,36.721985,3.8361392,-22.726461,3.8617775,21.504858,3.1736865,-3.8383005,3.8965216,13.868116,3.3448994,3.6948378,3.4095917,-2.1704135,3.1052186,2.3260047,3.161748,1355.266875847703,82.30678188137689,1724.6985830437634,63.279240100429085,0.00023856078,0.00082667964,2928.165897803074,0.010037823,0.0012454971,0.059734583454176336,0.0060638013376180565
-370.41742,3.4209719,180.22687,3.5885403,-44.08585,3.2698793,59.536873,3.4449973,-20.855585,3.3705568,30.839998,3.0331383,-10.229303,3.1055021,10.973403,3.2230566,-4.0475135,3.0759215,2.4716814,3.0721495,2.7656522,3.0073776,-4.623525,2.8775032,3.8675404,2.5989723,1153.0813717402182,63.7740975750114,1438.4207113756877,36.8395684973704,0.00018824122,0.000456565,2487.0100193953017,0.010381745,0.0011923565,0.047631779292343385,0.007409956437943553
-359.6558,25.897419,181.50766,10.191267,-62.689857,10.700261,63.38588,6.5473948,-35.001984,6.140653,36.242054,6.753834,-20.078533,5.736998,14.8885975,3.6477394,-6.981457,5.3263245,6.644323,3.6231947,-1.7826706,4.800077,-7.660108,3.9940493,8.076119,4.0293202,1396.968698229444,240.10500314241474,1515.6169635614158,102.38483344918362,0.00029242467,0.00028824114,2874.907441814095,0.009358147,0.0018259492,0.07466624673723898,0.02558710964996378
-404.60083,6.0155945,185.33359,4.982786,-25.956818,3.707469,54.87027,3.675426,-17.965752,4.061511,33.869904,3.9115355,-6.724637,3.9897692,11.103015,3.6882741,-6.8745747,3.222545,9.653671,2.9166758,4.031664,3.0378163,-0.68078417,3.1849394,6.420803,3.2293043,944.7157515254365,98.69984113766974,1374.7503043758998,111.33195778331316,0.000116378986,0.0004102819,1883.955429324971,0.010086781,0.00097137137,0.03634013377320185,0.01567140312419791
-375.26242,7.012783,149.0833,4.891183,-23.291294,4.0055547,59.248703,3.7775557,-34.37259,3.5475476,52.836246,3.8154745,-19.06245,3.540291,26.102144,3.382177,-13.670946,3.5335763,7.1788297,3.015032,-3.077669,2.9641159,1.0726651,3.5007029,6.587142,3.9294834,1640.0929956498574,105.83106636509002,2076.2688617080016,62.13827008247132,0.0003431546,0.0006558951,4277.938014338022,0.009547626,0.0014382439,0.05925876413863109,0.010588233406422069
-382.23926,3.5360832,173.87935,4.312708,-37.597046,3.6178286,46.238422,3.7743838,-39.819687,3.0982802,44.193752,3.1818268,-23.282673,3.3460813,26.401731,3.7204218,-13.60271,3.0805306,6.2721076,2.9006114,1.1712053,3.4057312,8.404807,3.2235847,16.621187,3.206713,1378.0518430021325,68.01946730911898,1717.8951323990493,52.94680547571148,0.00029272985,0.0011375899,2753.826890135586,0.009117877,0.0008523165,0.06801950406032482,0.007459825010526916
-379.8619,3.5132115,185.28918,3.3742218,-43.68152,2.9679184,58.60462,3.0811102,-19.281013,3.3679109,29.736513,2.928501,-8.745142,2.9323473,10.26173,2.990029,-3.352958,3.0497036,2.4829705,3.1173341,4.4085536,2.7960305,-3.3987904,3.0182023,4.716625,3.181519,1075.2146922037045,61.12593981879989,1375.2435093370518,35.17279095216814,0.00013623187,0.00011874953,2286.6413160709108,0.010301932,0.0011241583,0.0442274053799304,0.00754036495357137
-397.42017,5.855762,185.4244,5.1887603,-30.83652,3.010448,53.5899,3.524316,-19.579983,4.4129186,34.354073,3.9449375,-10.535915,3.473501,7.687472,3.1283653,-11.385017,3.0575948,7.6259103,2.6747203,3.035513,3.0030189,-1.858086,3.1790626,6.3806815,3.4045956,1013.846496688706,111.35100915718466,1397.9631394968872,120.66655450933997,0.00011593819,8.399875e-05,2022.1226526247099,0.009783567,0.0009277081,0.0439430466937355,0.018137806320003672
-384.70395,3.6087558,194.34299,3.9061258,-45.94587,3.4776497,57.702988,3.2647235,-19.019491,3.0536506,28.177107,2.8756866,-9.999674,3.1062062,9.128559,3.0276277,-2.8016076,3.0007613,2.777445,2.856162,2.8059218,2.970061,-4.623366,2.9888537,4.335557,2.8161092,1020.2651105305157,57.75322069526473,1297.7519776728875,38.93980461758334,0.0001344136,0.00032418952,2091.893228411398,0.010209402,0.0009645285,0.043838819605568444,0.006652016684529918
-386.1464,4.054548,177.58156,4.25944,-33.173595,3.7484233,43.596577,3.6985195,-34.247204,3.501889,40.013855,3.5201743,-22.588755,3.717793,23.909405,3.1880174,-14.053733,3.136794,3.6532953,2.913603,0.8824385,3.0317106,7.265239,3.424445,15.3160925,3.4416666,1267.2041552604214,63.727021576735346,1623.5795218734122,53.097831292502065,0.00022060804,0.0005383993,2375.87171231511,0.009191338,0.0009518388,0.06318880510440836,0.008964309779600933
-381.95847,4.0826674,171.8424,3.8972988,-38.648777,3.5474746,48.79441,3.7736204,-39.006878,3.1612382,44.15342,3.484839,-21.936028,3.484645,28.861158,3.5183008,-11.7201,3.354794,3.6727762,3.3440719,-0.9777663,3.26457,4.536899,3.4542663,15.012308,3.6598868,1398.9932425998545,70.57344294194789,1734.5689389117385,45.146453456814086,0.00026981172,0.00022456904,2876.656077798724,0.008609102,0.0008157044,0.06829933113399073,0.008574995521157227
-379.2624,3.9467816,172.46838,3.8149357,-37.37,3.2560875,46.522377,3.3367932,-36.248753,3.801233,41.92841,3.4199944,-23.898325,3.520424,23.644377,2.889976,-12.526125,3.2625844,4.382905,2.9977446,1.1861587,2.8832607,7.3076,3.2557533,16.272848,3.4063554,1370.9107140468884,64.99670814195763,1687.6649288951066,53.04130384770422,0.00024454898,0.00030187034,2705.789361586427,0.009143936,0.0009950177,0.07082004060324826,0.00896998575016667
-373.18112,3.5233066,183.73546,4.080214,-45.511463,3.374939,61.4049,3.3882592,-23.457598,3.3319092,32.42759,3.3874137,-12.200564,3.3039188,12.153406,3.066089,-3.9861822,3.1078868,3.4711914,3.0598722,3.410908,3.0200481,-3.9819274,2.976623,4.3042026,2.7727513,1140.5213986878985,67.01500271165962,1432.7113887315807,40.65872704869377,0.00018652658,0.0004650454,2443.7187885187063,0.010281527,0.0010596315,0.04840102051914153,0.0065040840052923675
-377.92648,5.0704303,165.30508,4.0381074,-23.431368,4.1823144,47.98476,4.711645,-39.062885,3.0884778,39.913067,3.9089334,-25.480238,3.1118271,21.051216,3.1920366,-10.464291,3.4021711,11.329982,3.1942003,4.9594784,3.2169547,2.5234115,3.2753968,5.7438846,2.973459,1391.5580082210236,64.92686441501942,1813.4180982417845,61.41834447165567,0.00022785751,0.00034877416,3092.187953161253,0.01004978,0.0011475066,0.06037014211136891,0.007191006586656216
-356.05325,4.189025,142.52997,3.5305464,-36.124516,3.509412,65.0771,3.488144,-39.835167,3.5491202,53.548298,3.9358928,-20.4829,3.494383,29.7426,3.5014222,-10.732496,3.4446316,10.682039,3.0863104,-1.4231099,3.1761782,0.53905463,3.1219552,7.8684554,3.1025414,1895.4294961986386,102.52921539604252,2143.6562196676277,37.62913405475592,0.00048153603,0.00029986977,4614.200714182135,0.009316232,0.0011793119,0.08139795714907193,0.0160828527128297
-340.13895,13.482041,161.65372,6.09795,-82.356476,7.464509,74.634735,5.231831,-33.045555,4.48983,34.91952,3.6826413,-21.296043,3.8622282,21.870518,3.8447354,-9.593966,3.6740696,5.8692856,3.3443954,1.2514477,3.211688,-5.2862387,3.3340306,7.7798443,3.2148664,1788.6926024588686,117.59790749073939,1621.3679198565246,59.22950355501273,0.0005523617,0.00044786677,3442.53966293866,0.00858439,0.0008694093,0.11246442684164733,0.016673394302616728
-382.56946,3.420536,190.49188,3.3928304,-46.082832,3.2780218,60.53822,3.5487123,-21.923342,3.1668534,32.132915,3.18226,-10.10164,2.96196,11.677494,2.8796787,-4.367175,2.8885877,2.8790693,2.938011,3.2170043,3.0883067,-4.0445356,3.0926468,4.505858,3.0219083,1061.2188161573338,52.54549935725409,1357.8453554018097,32.82276349006051,0.00013821838,0.00020516627,2223.2657518851506,0.010186017,0.0008256869,0.04456727631960557,0.005745049300507264
-390.81882,3.8414009,184.07051,3.430406,-37.060284,3.1325078,51.084614,3.2959247,-22.632137,3.5009303,39.516903,3.4743576,-1.9368739,3.3083665,15.382312,3.0183382,-7.6275134,3.1332445,1.5239267,3.153714,1.2931268,3.0135052,2.808741,3.264469,9.260808,3.3043008,1044.8132848766015,62.853020080578595,1400.7496520766338,43.749409982847496,0.0001249664,0.0001278481,2081.126626848898,0.010110971,0.0010590679,0.043873939602668215,0.007701745131930295
-381.3156,3.7790387,187.78925,3.2203722,-41.910187,3.257656,59.441643,3.1575866,-20.401846,3.0841024,29.363205,2.923876,-11.006943,2.9123864,9.521157,2.955475,-4.5015364,3.0674424,0.9762998,2.9674702,2.6619246,2.9455745,-3.8249364,2.864539,5.4106774,3.0179408,1054.7853646363662,53.90193791710473,1360.069694974026,31.642656434919623,0.00013228848,0.00015584115,2210.4257676551624,0.010421823,0.001059492,0.043642827363689095,0.006819717592187695
-397.8623,6.249847,184.13217,5.2906523,-28.7472,3.1794941,53.14548,3.6699536,-21.300364,3.9676712,33.408787,4.2070327,-9.854244,3.7491224,8.838315,3.4045317,-11.0145645,3.285136,9.491868,3.0772872,3.9239442,3.1968691,-2.6684475,3.182691,6.368077,3.5414028,1013.4363379681365,109.89438286608359,1414.0248075187108,120.20999460647329,0.00011917963,0.00012765691,2023.3966588420824,0.009836801,0.0010205462,0.04402688152552204,0.02009811340476357
-342.03842,16.953451,169.86014,7.373325,-90.55583,9.634289,62.145973,5.333502,-37.014355,4.383683,37.276203,4.540309,-25.290634,3.9277115,15.170245,3.9354908,-10.943813,3.3592544,8.18709,3.6973646,1.2296253,3.3855367,-6.2460146,3.2837477,11.147909,3.3315015,1729.2644073255592,97.45048445512543,1529.739275424813,93.1954520293235,0.0005510946,0.001093116,3269.1748953197507,0.008607962,0.0016208491,0.1148265298723898,0.01417492129534492
-354.146,7.630887,114.66361,5.944954,-63.436405,4.3440413,94.34089,4.801085,-57.263123,4.3799386,50.33291,4.026781,-31.959198,3.5083063,31.080078,3.7967944,-19.743513,3.7007031,14.849556,3.7794695,5.4498963,4.2275887,-12.165448,3.4774964,19.288916,3.5580835,2856.086764258086,138.82568421554592,2169.6876372488755,36.40181563631912,0.0014035898,0.0018773013,5531.809937373115,0.006530691,0.0005471402,0.2288543630365429,0.028308195394548062
-371.0778,3.6838527,160.29147,3.5795972,-28.32325,3.2594311,51.662785,3.5051415,-39.588154,3.3653893,40.204597,2.863573,-25.1206,3.0510104,20.968113,3.0765116,-9.513312,3.1348236,14.833069,3.1506283,7.098899,2.974776,2.4750903,3.0531588,5.51974,3.3480477,1487.5186268672037,78.74173235499765,1854.9508851288597,51.15909717705369,0.00028220733,0.00052811985,3476.83790875145,0.010100471,0.0014588085,0.06612982163573086,0.006554351518316162
-336.01544,8.964238,150.55292,7.3129897,-66.557594,5.5718083,81.75466,5.7212515,-41.413692,3.8252351,38.78159,3.6779041,-27.469156,3.402972,24.241608,3.5367765,-19.609821,3.7733538,9.255675,3.371995,-4.3671885,3.373064,-5.341833,3.204624,13.261123,3.2884438,1984.7467901973505,156.09367208341928,1877.8809389482158,55.99623434216643,0.0007664294,0.0009187375,3978.7713778821058,0.0086362455,0.00077045267,0.12119797708816706,0.020870272256253354
-402.99634,4.751073,186.66966,4.820436,-33.645515,3.9850764,49.631245,3.5944676,-20.772549,3.6352243,36.98098,3.6626883,-2.0551462,3.6165867,14.536999,3.2936506,-8.503811,3.0870905,-0.6389851,3.0435302,0.42709213,3.1637444,2.2863007,3.0253186,9.910252,3.1372876,993.0854744883338,66.90134608182925,1351.1532478959311,60.0936652651514,0.00013439031,0.0004047222,1913.3075333526683,0.009769502,0.001235159,0.042349051986658934,0.007764230097665461
-374.34293,3.472558,184.40587,3.4039502,-44.92959,3.0820153,60.579674,3.2571952,-23.180136,3.1189108,32.43518,3.0477738,-11.428421,3.081885,12.242635,2.8661945,-4.5965824,2.991202,2.5738685,2.9738696,2.99778,2.7020028,-4.611398,2.9880266,4.210652,3.0501196,1126.2946128979945,56.22032238921382,1422.5421928025078,34.2010138447016,0.00016889123,0.0002964052,2408.321400087007,0.01020035,0.00089873327,0.0477575315400232,0.006719265000055724
-379.2846,4.557412,175.68983,5.2571263,-38.493366,3.7916124,54.571968,3.880665,-26.153215,3.5109706,42.625877,3.5880003,-8.383949,3.4837544,20.62252,3.2291281,-10.406446,3.0183263,2.8751886,3.0601158,0.931322,2.8966224,1.429197,2.9058676,9.863227,3.2373233,1188.8089788236525,89.46323546605724,1555.625148782147,76.6463358271443,0.00022278294,0.00071268744,2513.06469556627,0.009895385,0.0009556436,0.05037793648491879,0.007071564472283987
-382.42474,3.5514615,172.47258,3.9076316,-35.93222,3.9283442,45.94041,3.7863226,-39.52834,3.6140623,44.719788,3.5944755,-21.396519,3.4084342,26.500511,3.2908657,-12.076895,3.1815553,4.135907,3.3215015,0.4986405,3.6112704,8.6322365,3.0187874,16.75093,3.159736,1373.023550332068,60.974071211331896,1719.1152275118152,47.71064557277326,0.00026195732,0.0005657102,2770.838620214617,0.009046663,0.00086435006,0.06750856474767981,0.008429317317119947
-384.69556,3.8890073,195.69754,4.3366013,-44.296837,3.4199288,56.100616,3.3416598,-21.508139,3.4170768,26.868431,3.2884521,-10.967845,3.5930822,8.127569,3.1967564,-4.515066,3.3446813,2.039668,3.087578,4.3582587,3.1895576,-2.2674422,3.2484934,6.447932,3.2848368,1012.9484304392472,54.62795040740703,1285.8354786316618,42.087413124229954,0.00011835937,0.00013382337,2042.4567910745359,0.010249974,0.000953528,0.0454078904437355,0.005997010718808367
-386.19025,3.9426138,174.86786,3.9527676,-40.95753,3.7546253,47.58615,3.8454661,-40.571926,3.3714635,40.626442,3.5397625,-29.030397,3.1930861,24.54263,3.115289,-11.52491,3.0873759,6.292561,3.2420914,1.790164,3.3531399,9.599197,3.2755141,17.74714,3.6027565,1390.6452624304275,62.38936381558344,1693.336691979167,51.119886045994235,0.00026960138,0.00042508208,2735.8409200079755,0.008529245,0.0008331104,0.07062404836136892,0.007852457835661308
-372.12158,3.241752,185.15709,4.876756,-46.25578,3.9825304,61.766357,3.8521986,-24.22303,3.5128963,33.447987,3.4751084,-14.138493,3.3182616,10.726314,3.1812081,-6.7173586,2.9687107,3.1346023,2.9022484,3.3788443,3.07102,-3.701788,3.077549,4.9906764,2.9847505,1139.3561007617207,65.3497269977609,1431.706497196429,55.564382759691576,0.00023794641,0.0011168254,2424.084104462732,0.010285125,0.0009096961,0.049877193300464036,0.0066315696171600795
-374.03223,3.594398,183.92235,4.2635055,-43.378952,3.6051488,59.88592,3.4671624,-23.502987,3.2994196,29.42004,3.2172627,-11.30172,2.903634,10.398665,3.2036703,-5.7986665,3.085226,1.8524561,3.0372245,2.9533083,2.915071,-3.515117,2.8666186,5.6174335,2.6609008,1130.4953924085592,59.76031786868874,1417.0543917203015,48.40610986833229,0.00018680203,0.00062717387,2418.063800572796,0.010158398,0.00096359814,0.04791727088167053,0.007250404267271352
-382.23077,3.502476,188.35349,3.645759,-42.371773,3.3337913,59.440254,3.4582098,-20.68815,3.3552606,29.877583,3.126318,-10.582749,3.181167,9.732924,2.9009373,-4.873406,2.819155,1.092832,3.029086,2.7116125,2.889196,-4.773001,2.831452,3.8952005,2.8430438,1059.237520030007,54.75763837364411,1361.1779762885485,39.04402713359074,0.00014716653,0.00032630688,2218.894161923579,0.0103246,0.0010283649,0.04368361187645012,0.0068378466839846535
-389.83823,3.5019412,197.61803,4.459083,-43.347546,4.0868244,56.350136,3.4530764,-18.082056,3.4336374,26.507147,3.274311,-7.7356663,2.9434977,8.392823,3.0124993,-3.466833,3.1422904,1.4927706,2.9730394,3.5773618,2.8553295,-3.6333368,3.013155,4.062039,2.9692316,965.8550854453016,55.226609696645184,1251.5126205486142,48.8263906104765,0.00011962701,0.00035791492,1956.898530398057,0.010344294,0.000979092,0.041713493329466354,0.006051627506731132
-337.22867,29.12459,163.50151,7.285963,-68.65291,10.402194,69.52194,4.940556,-49.008266,9.997675,39.23177,5.2785683,-34.362865,7.3334284,22.745672,5.592851,-14.407849,5.2858915,1.5002278,3.9143937,-0.29679623,3.6143966,-0.9490849,3.3877337,9.217231,3.1394954,1828.1733298652262,214.89634987888778,1798.3191336560033,138.3281993582667,0.0006097955,0.000349427,3927.0866942792923,0.008878538,0.0012269581,0.10757141821345707,0.02144950443401248
-371.47592,5.5711794,186.56378,4.657655,-47.7654,4.226967,61.460423,4.62526,-25.962769,3.5009875,33.14275,3.4926171,-13.744641,3.4187443,11.783087,3.0954094,-6.9537163,3.0786679,2.7284007,2.9810276,2.827355,2.999207,-4.168585,2.9731698,5.459228,3.0507774,1150.5477497707234,66.26428507671075,1426.5036243015475,56.77322283211585,0.0002019429,0.0006853741,2440.221516549449,0.010194365,0.0008136498,0.05080617386890951,0.007112394737179819
-394.11914,44.668064,144.83311,33.8893,-25.460398,6.989593,71.30994,17.013233,-33.914154,15.266271,43.42619,14.077551,-18.636469,12.4682865,27.171236,9.931989,-7.1143966,7.3339224,11.678584,5.683292,0.48501834,4.0690064,-2.3807843,3.1166015,8.083001,4.028725,1873.747169275133,872.8482484454222,1982.5683738665973,539.5255526975124,0.0005611138,0.001124982,4173.469504513486,0.0082424795,0.0013713297,0.08896461716937355,0.0671216518231736
-336.7616,4.970455,122.00265,3.919326,-64.96901,4.36592,88.30919,3.3197076,-57.362797,3.7080083,55.327938,3.7254436,-34.20483,3.7734246,30.551916,3.3411016,-14.540578,3.2988033,11.636052,3.103786,0.4748552,3.0892544,-4.344426,3.0216436,12.896735,3.0592551,2772.8562084453056,97.09339176524654,2188.638242761926,40.87209373781799,0.0017126566,0.002167686,5449.998753806554,0.0071412777,0.0004940305,0.19800427784222738,0.02321686331264465
-387.05267,3.6814682,174.72006,3.3576567,-34.66771,3.431717,43.995945,3.3983903,-39.226482,2.872233,38.73163,2.9121807,-22.918621,3.1416714,26.203152,3.3567402,-8.990835,3.134486,8.183597,3.1030784,1.8933668,3.0362453,6.479254,3.1383994,14.287814,3.1466827,1313.3235314677868,58.624621519739314,1648.5243997566236,44.219045947876914,0.00019084287,0.00022666944,2508.7430666328305,0.009453379,0.00083259644,0.06737941379060325,0.007540138736860059
-372.33047,3.6915286,179.09349,3.2788289,-39.590862,3.0056677,55.590027,3.1722915,-18.434603,3.1151764,29.230524,3.312952,-7.673602,3.1374717,9.686053,3.1027567,-2.491854,3.0504644,2.6581867,3.0905998,3.9501727,3.0364184,-3.6623611,2.9102695,4.078863,2.849856,1116.1646008918076,65.7287902206381,1418.228328498175,35.273546679454725,0.00015137263,0.00010009639,2383.016139338022,0.0102343215,0.001251279,0.047351952218677495,0.0070712444853920295
-397.9731,15.440527,186.73932,6.9538164,-29.414072,5.572743,52.19081,6.8277807,-15.711921,5.1534257,27.086096,5.1994796,-3.3300705,3.9370747,13.402295,4.007078,0.4768146,3.6026359,3.0068355,4.0358477,1.2659365,3.2389963,-0.95555735,3.896922,7.814941,3.9725795,936.9121789380526,91.50484335831446,1315.0091834851057,104.64901338388377,0.00011716198,0.00049176574,1944.8829031322505,0.010558241,0.0021769528,0.0357408280162413,0.006815199676805759
-344.81384,3.4520137,157.53693,3.8290143,-46.551968,3.3542259,67.58359,3.3317776,-35.686264,3.227176,41.289536,3.0647054,-24.132086,3.2417004,20.946205,2.93853,-13.21436,2.8464103,7.0779943,3.216139,0.11736901,3.0611017,-2.165355,2.963877,8.472751,3.2690842,1641.3640636462085,79.0401791615355,1859.1590210803008,36.15331474687058,0.00046650696,0.00084511586,3739.158286959832,0.009688629,0.00094487274,0.0733203578161253,0.011243734441592471
-359.13248,6.8518033,151.50917,4.3741283,-41.977352,3.8819776,69.7079,3.6849718,-26.069326,3.4849167,46.030098,3.486194,-21.086262,3.582979,24.204548,3.2544968,-9.24477,3.089943,9.922915,3.0774424,3.0399594,3.0190492,-1.7491281,3.0017796,8.7490635,2.9615128,1599.7497952995031,119.88628166975188,1898.3297955953194,62.31087843272798,0.00035204054,0.00023945281,3753.99671231511,0.009879667,0.0011360769,0.06315481801044083,0.012537663249260398
-391.7783,4.44616,155.33226,3.7866325,-16.088062,3.7788532,52.919037,3.5331113,-30.385138,3.1662796,38.45046,3.7484443,-20.923403,3.4802608,18.468098,3.277363,-8.72737,3.0751698,10.941775,3.1832373,7.5809937,2.8962638,8.3271475,3.442714,13.612046,3.1822286,1336.9651195027357,75.8050487313291,1821.9039374400318,67.16198952971196,0.00019915932,0.00090983167,3130.8078279074825,0.010954307,0.0017235499,0.04810306699535963,0.005617888778616248
-393.98444,4.018216,183.92265,3.9128368,-35.559856,3.2248895,51.428474,3.230761,-22.139797,3.5261848,37.537224,3.433134,-2.0600264,3.7225933,16.9042,3.5098119,-7.0237055,3.1044462,1.3226757,3.0505848,1.3948343,3.2036927,2.8401306,3.5491252,9.28088,3.1658478,1032.0571104474482,64.27147480698584,1399.7302258679997,51.78598981047538,0.00013401636,0.00023269645,2083.924444424304,0.009852601,0.0011452071,0.04231053328016241,0.006745590086534797
-373.13522,4.0927615,158.06364,3.4577117,-22.210127,3.3463023,49.029255,3.372467,-36.7042,3.1269822,36.075356,3.4904957,-23.633402,3.1930785,20.597479,3.3071651,-7.277351,3.0476785,13.376708,3.0400813,5.5072856,2.959081,1.4081235,3.2513254,4.0190887,3.1916678,1448.8193651657161,76.65537008665103,1842.1052814478653,51.36052832172855,0.00024072292,0.00026120132,3358.0805448810906,0.010134507,0.0015544931,0.06404641277552205,0.0064323626018162276
-363.8761,3.271566,178.05183,3.8644204,-42.710655,3.9757967,64.03388,3.5754836,-30.01482,3.0165503,34.350266,3.2009003,-20.105694,3.3666306,14.34264,3.1938226,-9.780394,3.1484277,4.8478518,3.1124582,3.3243833,2.968748,-2.438465,3.0552428,6.530158,2.9209447,1249.2149103439735,63.00068584739489,1561.0122255177316,42.52722650429606,0.00024742665,0.0005672737,2729.6707330336426,0.010194613,0.0008987926,0.052838602088167055,0.007269687832334242
-388.19934,3.4886281,195.42162,3.985156,-42.985615,4.182091,57.314114,3.5073245,-19.071926,3.293375,28.208313,3.2277164,-9.149202,3.1352468,8.098535,3.0590937,-4.800268,2.8929093,0.6352587,2.9908695,3.4657102,3.1748657,-3.6824148,3.2237356,4.393949,2.9409544,987.8914255023915,56.26421908323603,1280.5009508984128,41.32869931459572,0.000117566626,0.00020706636,2008.6081945149363,0.010331341,0.0010015809,0.042150793938515084,0.005971985575644008
-381.7316,3.1878395,189.4549,3.4676673,-43.141838,3.76601,59.004105,3.2938142,-20.824495,3.5158408,30.632658,3.3495986,-10.972271,3.0155463,8.395448,2.978142,-6.189957,2.9666107,0.78359413,2.6690173,4.096413,2.8997526,-2.1687458,2.8955083,5.3736596,2.8078809,1049.147809086644,49.3824613369649,1350.308930950811,37.1430391651415,0.00013574639,0.0002270777,2181.1236246555973,0.010373025,0.00085597433,0.0437527189675174,0.006078504103531805
-363.58597,4.240045,155.40753,3.8652558,-33.308067,3.2412393,52.669456,3.7072408,-36.889774,3.2681653,31.833128,3.1579368,-26.528923,3.3264453,31.290337,3.1680458,0.94611305,3.397765,3.5005896,3.5563903,1.2995598,3.129974,0.9792951,3.255158,-4.0562453,3.0220091,1585.3300358505462,85.52620737737902,1851.058885677253,54.81854487115464,0.00032566325,0.0003305055,3624.7225520229117,0.009494073,0.0013558802,0.0756767963312065,0.007667773460858348
-373.19565,4.920071,166.9343,3.859225,-31.524248,3.4383645,48.06648,3.4514232,-38.7148,2.9315064,37.84628,3.3880212,-23.6005,3.3210206,25.07832,3.1276708,-3.4877245,2.9730678,10.947628,3.036525,-1.8807455,3.2774937,-6.8072667,3.3260527,5.4261847,3.0342414,1402.8504711371154,72.6227630546635,1748.0348061578127,52.7417930835882,0.00024177862,0.00020307218,3013.849061049884,0.009555659,0.0010191774,0.06691265770011601,0.00772289055226247
-431.11447,7.738639,191.91129,6.2650433,-13.445543,4.7280087,48.927303,4.26,-9.976406,4.4129777,26.339384,4.301754,-3.3306181,4.2201858,13.05016,3.986027,-0.7903751,3.3042505,2.6000364,3.178016,2.2024627,3.184035,-3.7712226,3.2435896,6.9384465,3.7275581,758.7542851390185,86.14014374559929,1196.9374453239134,99.2494344871655,5.5423236e-05,6.645084e-05,1400.9571898564386,0.010376316,0.0014321373,0.025523174666473317,0.005038113087086886
-372.63434,3.3357425,182.25867,4.431864,-45.34361,4.1488824,61.344513,3.8006256,-23.345821,3.5658405,33.586246,3.3173096,-10.395813,3.2700403,13.1770935,3.080167,-3.9679546,2.820791,2.981373,3.0783892,2.313036,2.9988506,-4.428058,3.1584358,4.401828,3.0631118,1146.212688352382,67.49189986062578,1446.3044525807386,55.83730832748942,0.00021734039,0.0010667607,2479.440923633266,0.010441083,0.0011042043,0.047866290240719256,0.007722647079633331
-387.67398,3.8506408,172.4189,3.3261979,-35.333088,3.1892354,46.152878,3.2740955,-38.52315,3.283582,41.285328,3.4306817,-25.40398,3.1885777,24.729712,2.9617352,-11.863883,3.2112637,3.5593703,3.345449,2.2241669,3.376463,9.326717,3.3165455,17.569212,3.4063447,1363.1304058900128,59.352714515470765,1695.3036651241698,50.15953796623186,0.00021569728,0.00014013489,2687.7534304306846,0.008864716,0.0008352055,0.06831405887470998,0.008850099322883682
-338.8887,7.2722993,122.394,5.2545815,-87.19903,6.2188907,87.24823,4.300883,-45.767056,3.651001,46.815174,4.1909523,-31.211018,3.29533,27.093424,3.5544364,-13.169604,3.1560445,10.41882,3.1238427,-2.0707703,3.293813,-0.45637894,3.1068287,14.36802,3.0680935,2583.534989577431,93.9234813415464,1921.5373224371476,34.23689689220808,0.0015480192,0.002614568,4713.8729653059745,0.0070593175,0.00068239495,0.18708535745359628,0.022893907366181007
-383.05167,3.3440018,192.046,4.4167647,-44.557564,3.8418024,55.62985,4.0326905,-18.636927,3.4645522,27.644093,3.039057,-7.8280125,2.9948795,7.851571,2.7251441,-4.455736,2.95218,1.5204953,2.95736,4.640143,2.8626482,-3.1429067,2.8933284,5.4519506,3.0256727,1032.5221435810304,63.89303070943424,1305.20869311904,51.96414125923199,0.0001545906,0.00064975454,2115.824560886746,0.010128192,0.0010591281,0.045226625942575406,0.0074567813255680265
-344.6669,11.760753,166.92934,6.597504,-59.84969,7.079503,74.53884,4.6541343,-39.40391,6.321605,38.795433,5.150074,-21.136446,3.9549959,17.080456,3.8132792,-7.612732,3.6198533,10.20605,3.2647257,-1.8389667,3.3902314,-6.7920575,3.449909,9.997075,3.368316,1606.221346349141,136.82600238889881,1714.9587262072816,84.74134768278967,0.00046874947,0.0010832599,3565.094064947071,0.009616189,0.00088383065,0.08295569895591648,0.013038880752104317
-379.37192,4.2743945,174.53473,3.8220816,-39.1431,3.6382422,47.52994,3.8994427,-40.99141,3.380772,38.226234,3.6484878,-25.748478,3.0237784,24.533144,3.2523336,-12.413074,3.4337702,5.7367554,3.044618,3.8612132,3.0432718,9.0249195,3.1789973,16.427856,3.3567379,1371.679900521482,63.765536383275276,1674.6348061778788,49.300830686385396,0.0002506341,0.00034227688,2726.72303237384,0.009092924,0.00078338064,0.0700145464762181,0.008269852521909845
-379.89197,4.4800797,168.21199,3.1661222,-36.112175,3.3526735,53.528645,3.3660243,-40.6156,3.1584964,37.071346,3.0390155,-23.842754,3.0803235,30.5256,3.4584785,-4.9682617,3.0677865,5.1783633,3.0423026,-3.8230581,2.9096768,-5.412298,3.1080954,6.2135262,2.887157,1420.6404828961695,64.61995201411865,1744.126357945816,44.160768791916816,0.00024644076,0.00013904112,3028.2877981801043,0.009108101,0.000991233,0.06926796331206496,0.008408726366932047
-358.8343,3.072345,146.32944,3.733929,-38.642815,3.4704971,63.530373,3.3549554,-44.96167,3.457713,60.65116,3.5327282,-26.159124,3.340619,29.154755,3.374314,-11.895821,3.026867,13.976091,3.0738473,-1.547071,3.1356068,-3.8686624,3.105056,5.5156374,3.1806893,1964.487725001273,85.34152392777146,2179.4686605855827,36.253837630243325,0.0005882644,0.0011073934,4794.435123169229,0.00872717,0.00078153604,0.09520464762180975,0.012029593623555936
-411.7101,7.0993066,188.97633,6.903896,-20.898586,4.4894896,58.693146,4.224306,-20.278975,4.479661,34.614998,4.886328,-13.952915,4.2956467,14.051602,3.987256,-8.485781,3.4265685,4.7277284,3.0065303,-0.13028738,3.223527,-8.358722,3.2384171,7.821258,3.5478344,913.893081353107,104.34564671050047,1375.8846642923063,134.83959997474233,0.00012356749,0.0005249687,1777.0138486078886,0.010067727,0.00091586285,0.035400957076566125,0.01068983695129864
-382.70123,5.2624216,166.54926,3.9791107,-29.957159,4.2978926,45.255337,4.0082974,-35.58505,3.58705,35.741917,3.5095465,-22.956388,3.3538053,23.075846,3.1239514,-4.550753,3.262325,8.438229,3.061491,-2.4411716,3.0934682,-4.359965,3.0993924,8.546466,3.3567426,1356.3697082095366,78.13087487418738,1697.879255345699,54.715718442644516,0.00022672514,0.00030610597,2775.5599373731147,0.009345466,0.0011869527,0.06593269649071926,0.0076641182424651575
-383.63986,3.618571,172.83566,3.624595,-30.873857,3.9171684,47.919373,3.4799664,-36.592228,3.12054,38.605297,3.4157128,-20.592777,3.09584,24.933676,3.1535263,-7.034113,3.352201,6.6899424,3.2261298,-5.781488,3.493555,-5.197636,3.3253486,7.633794,3.056828,1285.2228400102392,65.89749866314577,1661.8602657022248,51.372212197889084,0.00021692412,0.00048684,2592.2279446418215,0.009628194,0.0011095646,0.06058086209396752,0.008382841379772866
-426.97998,4.9273767,192.94667,5.6705394,-12.787262,3.4295628,45.94189,3.71145,-10.740357,3.8233588,25.64696,3.8178644,-2.1480448,3.2902145,10.035565,3.610071,-2.1225982,3.627977,4.9728727,3.070343,3.1123285,2.9188063,-1.1448327,3.2046442,6.183604,3.4633741,762.047026170627,77.67646270049946,1194.910964299168,108.58873055955291,8.831825e-05,0.0005275577,1389.4161923578886,0.010313468,0.001470418,0.027136428726798143,0.00760370925351677
-362.59433,12.282832,184.62602,6.6250443,-51.70199,5.8029327,63.032837,4.0335093,-30.05007,4.42992,31.209337,5.011745,-23.095325,5.0297337,13.030493,3.9418697,-8.516725,3.4376376,5.1656575,3.7100902,2.3093,3.4485738,-1.9638904,3.3436515,6.770571,3.3959463,1250.5297215380447,104.704123323635,1483.9957714115453,90.19697815900894,0.00024081113,0.00041661528,2611.9875312681265,0.0100825215,0.0012268557,0.05916926479118329,0.008575729649640944
-375.09564,3.6648366,186.34198,3.2487423,-45.537647,3.1473997,61.25149,3.0396261,-24.709753,2.867744,31.30199,2.6724443,-12.910621,2.9408324,10.304754,3.0432787,-6.5601854,3.0503833,2.26064,3.2524884,3.7534451,3.2340333,-2.5638645,2.8709207,6.1316247,2.7851768,1120.843732405322,56.475293207411944,1406.684181135037,33.4922005421275,0.0001488041,0.00012625722,2380.7179320439386,0.010376282,0.00095364486,0.04825374311194896,0.006936854412281563
-388.35086,4.359803,176.8379,4.356149,-36.424374,3.1679611,54.8123,3.0760663,-24.888382,3.067176,43.31987,3.2021863,-8.23759,3.3552718,19.786797,3.025762,-10.720774,3.139435,3.050549,3.2970984,1.754729,2.935009,2.7145758,3.100705,10.376887,3.0420313,1148.045554751143,83.34817162223213,1536.0638896502653,66.09006492835984,0.00015724148,8.341197e-05,2400.0028889029873,0.009831039,0.0011097372,0.044909413065545245,0.007935190134715843
-379.8436,4.250563,167.56645,3.5394833,-35.37917,3.4615602,49.13931,3.4242516,-39.361855,3.3110108,40.287228,3.5661945,-22.201801,3.350588,27.576288,3.2840889,-7.0014896,3.3694623,5.732807,3.3457541,-4.294547,3.2811701,-1.6336842,3.8833005,12.749619,3.8018286,1419.737294414983,68.25926803398015,1750.5460654369977,49.49444217426751,0.00026175202,0.00024269825,3024.1410328451275,0.0089625595,0.0010106666,0.06821549630220418,0.008149546379156627
-372.0266,6.087628,154.36035,5.1139402,-34.909676,3.731366,65.90199,3.899682,-23.148151,3.6066573,42.254757,3.4288208,-18.234735,3.3317082,23.934248,2.9041224,-6.738908,3.0141308,9.436299,3.087328,2.543135,3.0553584,-2.5314555,2.6748188,7.7307954,2.9997244,1443.2970149719158,122.20690051244452,1831.0240182110856,71.93941424875086,0.00028256275,0.00044444407,3403.8198661361657,0.010067451,0.001433935,0.05060225130510441,0.011859425982917489
-374.77365,3.276067,184.7284,3.378918,-45.967762,3.089911,61.224945,3.2194996,-23.812428,3.1040745,33.16581,3.039223,-11.4382,2.9541295,12.010303,3.0792198,-4.931733,3.2120833,2.731469,2.9779413,2.5540822,2.897746,-4.7455845,3.1489868,4.120517,2.8457682,1137.195939926179,59.56272451371917,1426.4452189230724,33.56201876375713,0.00017579064,0.00039821965,2433.3268946671983,0.010194181,0.00096970546,0.04722846577726218,0.007181022657350582
-369.7533,5.9519486,157.14037,4.954145,-37.753647,4.06323,66.74852,3.941033,-22.895784,3.576396,42.4984,3.5889797,-18.164686,3.5467443,24.175695,3.273113,-8.016581,3.24105,7.9005075,3.2577443,1.9623702,3.2899132,-3.6472476,3.3418834,6.587176,3.3329315,1434.0623535273594,113.6501858298672,1800.5246906788893,71.49865893710809,0.0002820829,0.00038300702,3318.0118003190255,0.009897573,0.0012215023,0.053931853610788866,0.010165965850653755
-347.56967,8.017362,152.04857,5.504775,-50.49981,4.6836724,70.37662,3.9754686,-30.973839,3.90762,47.493248,3.7684205,-24.012236,3.3584754,26.112827,3.3731196,-10.422091,3.2035816,10.743482,3.3478541,3.4633882,3.074854,-2.2674959,2.8832805,8.411949,3.1461463,1722.6970893254977,134.1306141008478,1920.2933926727924,68.71853032842743,0.0005236398,0.0012229824,3926.1873957729117,0.009645747,0.000844476,0.07751209940545244,0.01304627833295934
-374.82468,3.488013,184.72432,3.5907393,-47.282528,3.4683814,60.79509,3.1444957,-24.165478,3.3774629,33.740387,3.0500932,-10.863805,2.9646137,13.204607,3.2489157,-4.8100777,3.191057,2.9619312,3.0728176,3.7702,2.9838402,-3.45651,3.113032,4.903591,3.052662,1137.3743283605506,59.338818010614375,1428.1273269712083,35.32816826103846,0.00016866787,0.00027099552,2439.2972375290024,0.0102083,0.00095773634,0.04805661796693735,0.0070594698610568175
-331.6798,5.88633,159.5879,4.618675,-85.359375,4.132755,66.96746,4.9590597,-46.486378,4.0720863,33.82102,3.3038244,-25.336472,3.739559,28.455133,3.7420611,-6.7113357,3.4356563,7.5350327,3.2685425,0.6836297,3.684746,-8.015906,3.3126874,8.566375,3.3935845,1892.4915483027942,84.73923159692137,1671.1715691341374,40.55288944336002,0.0006563955,0.0006614526,3625.147220762036,0.008655515,0.00060802564,0.12227196925754061,0.015138573075303696
-377.7976,3.5043795,189.4893,3.9177113,-43.086826,3.2792273,58.603065,3.1311061,-23.809921,3.0930192,29.8313,3.1182933,-12.616267,3.3272834,9.977739,2.9261193,-4.8206296,2.9335248,2.407563,2.9150584,2.8661094,2.9252722,-3.6576862,3.1802247,5.523902,3.1115496,1071.5065265739727,59.37405289808762,1368.6004373735664,39.272142973197596,0.00015029602,0.00026052585,2217.295409023347,0.010228072,0.0011109052,0.04641050971577726,0.007476372405366058
-360.7442,6.2144313,154.45113,4.4938684,-42.548813,4.216064,71.41003,3.7003756,-24.836555,3.3097878,46.85253,3.2750046,-21.555828,3.4750266,23.915482,3.017119,-10.996027,3.0851078,8.580649,2.9138138,1.4075919,2.8990288,-3.8346534,2.920432,6.715481,2.8796635,1554.3289144897585,110.7083376946676,1869.536515611882,65.09421643404909,0.00035378628,0.00047371906,3624.2729027697214,0.009880889,0.0009501519,0.061594810397331785,0.00998597515726568
-388.5298,3.7361906,170.17606,4.2495427,-29.000675,3.5975947,44.793602,4.0354414,-37.29134,3.3325875,38.802376,3.4656065,-24.182842,3.4980445,25.8528,3.195463,-3.9956987,3.0562737,9.770087,2.936165,-2.420494,3.082901,-3.7718492,3.119301,9.349683,3.1715426,1318.524624939831,68.90566049560086,1699.8902911648058,60.95558664844608,0.00024642196,0.00093321863,2635.04454575116,0.009503485,0.0010594319,0.06355813152552205,0.007641687512726809
-384.6543,3.80995,192.38322,3.506533,-43.77662,2.904682,55.655407,3.434249,-18.091116,3.1487179,27.591797,3.0918946,-8.309355,2.9700637,8.4830475,2.9192054,-2.43429,2.9991195,2.437978,3.1017156,2.8906052,3.0884805,-4.1922016,2.8704839,4.9736137,3.0546832,1016.939186447342,56.811412441247704,1300.1171418719612,34.36329425515611,0.00012278142,0.0001977324,2078.953322125145,0.010217529,0.0011042235,0.042978946128190254,0.006779333615468195
-373.58423,3.930839,183.19293,3.3339717,-45.46163,3.294936,61.886414,3.3461847,-23.296503,2.970338,32.66993,3.0905492,-11.416462,2.8642614,12.986553,2.9213436,-3.7325957,2.8202674,3.7469513,2.995173,2.8999085,3.0897753,-4.6795588,2.8551815,5.1595383,2.8252552,1134.547543809635,62.67133896386576,1435.6069007612098,33.267724460338584,0.00015778001,0.000110961904,2450.613410400957,0.010328883,0.001033422,0.0477597973462877,0.007223329070533479
-332.6472,8.568699,152.58661,4.3340135,-79.76972,5.2629905,68.25806,3.3248806,-49.441784,3.340584,41.92347,3.4364443,-26.336748,3.327221,23.203941,3.1723716,-12.647169,3.2197316,9.541137,3.007976,3.609529,3.0920556,1.2134483,3.4191203,10.035448,3.1274078,2004.06807637364,90.14579724638588,1796.2223883361119,47.00767954259707,0.0007500046,0.0003946429,4038.0251572469547,0.008363104,0.0007500757,0.1275886836571926,0.01384166229592244
-352.31104,17.52897,166.81956,9.034948,-54.423668,9.498628,68.181526,7.2236137,-32.61037,4.740635,34.519672,4.5843797,-16.75272,4.793053,12.036466,3.6782112,-4.7194805,3.4938898,10.401578,3.8347375,1.7683367,3.2065682,-5.1019025,3.8363113,9.007758,3.7880151,1490.1173938120512,226.32778693021814,1631.2748143361734,91.21537878360581,0.00033986554,0.0005968553,3273.096836028132,0.0098810075,0.00086716743,0.07415644032772621,0.025655561945981814
-331.45627,6.9564233,121.87124,4.728833,-55.31539,4.5179853,83.458176,4.4034657,-49.95402,3.894447,50.21203,3.9134693,-30.601595,3.608203,26.359938,3.6965053,-13.552543,3.385423,9.722266,3.197865,0.27188,3.2847939,-3.9591582,3.22259,12.472004,3.1010978,2592.0584803616052,115.36305891518042,2187.223365183765,40.87051419614885,0.0014975475,0.003615016,5303.088350583672,0.007828114,0.00093711994,0.1676368093822506,0.02229236203669673
-333.49738,5.1201506,153.88316,4.605683,-78.12281,5.2746744,75.54757,3.6687937,-36.34215,4.0036535,38.55293,4.170881,-18.854906,3.430828,22.88138,3.6483464,-5.0101895,3.2208173,10.313696,3.130202,-0.051026452,3.6733866,-4.837365,3.1740708,7.6492996,3.3029048,1875.8776281750943,88.19350251693244,1714.0554398314725,32.28263313135435,0.0006526039,0.0010193072,3754.5962446526974,0.008906453,0.00063066,0.11500779437354988,0.0138670245958582
-385.0356,4.9144325,199.90097,3.449808,-46.30539,3.5371232,53.141033,2.9837017,-20.264439,3.2281737,26.2782,2.8437903,-7.88006,2.876873,8.666242,3.224731,-3.338484,3.128208,0.76462734,3.113556,2.8674364,2.8730907,-4.1762066,2.7614594,4.1698303,2.9095235,989.8256922907601,55.37285321742777,1239.5042697319257,32.14845413196974,0.00010684591,9.724886e-05,1964.5675482163574,0.01025444,0.00096949545,0.04406540023201856,0.006461448632559721
-385.41663,3.4911427,188.53119,3.743583,-41.023926,3.2538095,59.410442,3.280569,-19.3557,3.2882833,29.355713,2.9582307,-9.283595,3.0526729,10.269701,2.6599965,-3.6334333,3.0462244,2.168837,3.1099622,3.5706785,3.023925,-2.9600244,2.8355148,5.498369,2.5398366,1031.8023445745976,57.07873786767021,1347.9126025532687,38.973032824649664,0.00013424475,0.00026386153,2165.7356279908645,0.010270703,0.0010505714,0.0416002030162413,0.005733991756611487
-384.26654,6.3485565,163.46123,5.0577397,-35.776913,4.113609,65.96222,3.5036528,-19.796556,3.8455765,32.312485,3.9600985,-15.45537,4.234999,16.16916,3.7751703,-5.937993,4.0752063,9.240866,3.7222807,7.163988,4.1216288,1.5443621,3.939626,10.872994,3.5280836,1210.6861990306147,105.92631297040309,1597.5605074373348,72.60612157503996,0.0001572266,0.0002098284,2776.159469710702,0.010371556,0.0019161023,0.0434502338312065,0.011304134703187791
-329.35703,8.15438,150.55212,4.5023065,-79.70666,6.2655168,69.920296,3.7789335,-47.799465,4.3251796,45.60634,3.7706337,-28.123516,3.6069949,26.80012,3.5324113,-12.693493,3.350197,5.5384293,3.2438307,-3.085745,3.647854,-4.588648,3.4238896,11.112286,3.5812535,2057.6831617545654,94.46650939314517,1837.7719095205214,56.248149494827445,0.0007617811,0.00052364403,4170.796589508411,0.008651746,0.00079799356,0.12981597121519722,0.016333074633900626
-383.4877,3.4935231,193.64252,4.270811,-43.924885,4.0574574,57.066425,3.6232283,-20.08975,3.228374,27.06553,3.0126233,-10.339771,3.2939165,8.145365,3.0976858,-4.2286415,3.1324296,1.5488364,2.9002512,4.1638284,2.7325408,-3.3570695,3.0193272,5.121724,2.9990282,1021.7499567210627,53.458970860475944,1300.6883148093277,47.11462997725106,0.00013231115,0.00030246604,2089.520079575116,0.01027427,0.0009060267,0.04437015117459397,0.0062247989153890945
-374.26813,3.5757556,182.57544,3.5438292,-45.237755,3.5775998,59.949028,3.1002197,-21.749868,3.3977277,33.50247,2.9640722,-9.831012,3.065644,11.939186,3.12946,-4.348549,3.0310585,2.8060422,3.0593455,2.5119328,2.9867454,-4.419644,2.8106701,4.347649,3.1194177,1136.0643172765162,63.8178873012468,1429.725407422532,35.359132985678194,0.00016983412,0.0002860164,2430.9037848027842,0.010279101,0.0010703536,0.04679456387761021,0.007874117203479714
-386.913,3.668686,192.16574,3.2345066,-41.348694,2.8873973,55.098217,3.0333586,-16.03747,3.1308339,27.417421,2.8647573,-7.509694,2.8998225,7.1670628,2.9700613,-3.7263098,3.0968127,0.7237386,2.9279997,3.8498743,2.915668,-3.6134286,3.0055523,3.6353416,2.8608608,994.7142709893842,54.03098150282351,1285.2972918888067,32.50220884388754,0.000106514126,9.044864e-05,2030.6160274071926,0.01033708,0.0010582992,0.041978592662412995,0.006147581281106634
-384.9552,3.8008695,193.32794,3.4491558,-42.4128,2.937217,55.80384,2.9217107,-17.406958,2.9693437,27.304546,3.1219325,-8.532759,2.9592335,8.189768,3.1236095,-3.873568,2.9783661,0.596483,2.8896685,3.5621884,2.8889909,-3.2810028,2.9277325,5.040536,3.1530638,997.7364186432003,53.37198670145578,1285.2598436972214,35.43621170047531,0.00011570774,0.00023513135,2038.9595191052783,0.010584218,0.0010716604,0.04170443010440835,0.006036284157959862
-386.58624,4.634385,175.63232,3.8930814,-36.48449,3.4149106,43.970417,3.1086628,-35.088997,3.37289,42.511383,3.4853797,-20.872551,3.4438639,24.383896,3.392708,-12.9552,3.358926,4.381641,3.7868958,-1.0619123,3.613224,6.6114902,3.0997558,16.292767,3.0663576,1312.0457104242935,63.681308270159164,1648.980652871485,49.311477341230116,0.00023445093,0.00040139683,2511.415981637906,0.008742457,0.0008059137,0.06586925391531323,0.008348880574327748
-412.26123,6.456158,187.27863,6.0293384,-23.838905,4.0797257,59.58095,3.8747356,-16.881598,4.459937,32.876915,3.9200976,-11.037628,3.872343,10.058454,3.462633,-5.2489753,3.0439835,12.079632,2.9839618,3.0027769,2.8643477,-3.5890205,2.9534523,5.7202177,3.5385776,913.083293146186,105.13671062262684,1359.9655720972423,125.01368436008556,0.00012041962,0.00046905427,1824.551766875725,0.009939807,0.000967946,0.03616906540023202,0.013698828198810615
-390.45428,4.6810784,168.80746,3.676197,-35.57212,3.0857153,40.979485,3.2018447,-36.29789,3.8375084,37.69114,3.8757699,-21.14692,3.2888744,22.835238,3.2311583,-10.345884,3.2391083,4.988184,3.186352,2.7619345,3.2945366,8.274003,3.4223113,16.23114,3.3130462,1367.1391642775795,64.575387706909,1668.2236393534918,60.455747962958384,0.00022416572,0.00020036618,2684.655846686485,0.00873615,0.0015841109,0.06827554016821345,0.007761540608188005
-379.9035,3.7744048,168.9814,3.4583166,-33.723118,3.2223475,46.531548,3.3748178,-38.73351,3.3942552,40.906467,3.13229,-23.459108,3.1723924,25.312721,2.9646568,-8.578603,3.1321604,5.496778,3.044503,-3.4370754,3.0497003,0.91402656,2.9121668,15.759662,3.2067914,1399.7057186108543,68.51712001129873,1741.8645315469073,52.0638312815072,0.00024461775,0.00019199056,2926.0175735933876,0.009066661,0.0009770913,0.0672819841212297,0.007225964708495858
-357.40408,5.4154997,163.22687,4.5817447,-51.69868,4.114414,63.405544,3.964687,-32.57143,3.6928275,50.428726,3.551821,-16.08875,3.7584796,25.712845,3.1212714,-14.187561,2.983541,5.157713,3.0590296,1.1539768,3.0045485,0.72027177,2.945286,10.545892,2.8506339,1529.1250880699718,97.32739601861483,1781.0998431736514,61.347085391126214,0.00037762694,0.000704939,3429.749639736804,0.009656596,0.0008375911,0.06997036325406032,0.009992913730041216
-376.0749,3.489353,191.37656,4.8110204,-46.510628,3.5780742,59.18618,4.192048,-25.570763,3.6487966,29.509014,3.3916137,-12.328588,2.9735434,10.608084,2.7218435,-4.28628,3.1101274,2.903695,2.8806548,3.6796873,2.9921892,-4.09206,2.9528852,4.979773,3.168073,1091.1914589197806,61.41142482935457,1362.7303630483145,52.13599938216402,0.00020278979,0.00092859135,2263.2345743909514,0.010134372,0.00094662263,0.04796825152262181,0.006542208863973255
-395.68518,51.726074,170.14883,28.981775,-54.650658,17.875225,69.79419,14.869897,-31.102903,13.992276,35.798622,12.310751,-17.720852,10.609946,15.501658,8.892337,-8.705297,6.3341784,4.90361,4.241227,1.9814646,3.6267772,-2.60242,3.2752435,8.438153,3.909831,1533.733086491142,752.6076462593636,1561.3288319396017,275.8729598119835,0.00046657262,0.00054580247,3080.696916690835,0.007290672,0.0023905896,0.08835171657482599,0.08047696595906946
-418.37762,5.892221,188.83284,5.03985,-22.392406,3.775222,58.704628,3.8561242,-13.403762,3.745317,31.914377,3.9228058,-9.154027,4.03613,14.903838,3.4902625,-2.5471961,3.4231567,5.060093,3.251626,-0.5194836,2.784248,-5.670603,2.902671,4.0758715,3.4731054,857.4850482568448,82.18404354292902,1310.6439547533507,100.12857040353231,8.1246275e-05,0.000133691,1712.0395315218968,0.010192264,0.0009232246,0.03154002320185615,0.008398072075315309
-378.1344,21.955713,186.69441,8.421888,-38.065823,7.7067547,53.105427,4.8309817,-19.308594,8.168506,24.614346,5.5574665,-10.171825,5.0575285,8.320082,4.069458,-2.1127083,4.1562834,5.8972535,3.6691623,3.0259786,3.2508337,-2.5361905,3.521187,5.604026,3.1284719,1058.3587015182375,170.57786607094178,1348.6301703547715,136.48931629377475,0.00015915232,0.0003612517,2185.3453315327724,0.010233361,0.0014268805,0.04730890189965197,0.013460012245106852
-378.78604,4.2987776,170.6015,3.1757238,-31.476902,3.557127,47.32567,3.239872,-36.753994,3.3281236,38.169064,3.48034,-21.846296,3.36967,25.043736,3.3631175,-6.506643,3.0913632,7.3693175,3.3873024,-6.269947,3.3697405,-6.4424677,3.0694768,5.3847013,3.2675183,1336.4318171924292,62.131174294688556,1698.3183702033027,43.99673222035919,0.00023203493,0.00031560985,2747.0321903095996,0.0093882,0.0010130338,0.0631831405887471,0.008014703652111347
-384.6138,3.910369,194.78618,4.4348016,-43.86651,3.785125,56.850983,3.8366148,-19.841883,3.5345228,27.830078,3.1117716,-8.640246,2.7270331,9.402385,2.9200401,-3.1207051,2.9501288,2.31794,2.5599225,5.3428764,2.7882078,-3.0716777,2.9436421,4.2232385,2.7434738,1004.1326687855602,55.63734403170744,1291.4740696672172,52.41763489201321,0.00014370664,0.0005588396,2050.87522431482,0.010360634,0.0009443636,0.0431590777262181,0.0058437065379903265
-392.12964,3.289158,186.53908,4.1746397,-38.63197,3.398136,52.491074,3.6871092,-24.495668,3.4584208,39.630688,3.4726932,-3.7897289,3.2466235,15.889647,3.10483,-9.13455,3.1726184,0.9665077,3.2541986,0.8594725,2.9396317,2.9080892,3.3269746,9.872331,3.207178,1048.803959525114,63.46487310668202,1396.233279590202,52.29204157323007,0.0001591448,0.0005101664,2077.1047640842517,0.009957639,0.0010689608,0.04549512398491879,0.007444116225652411
-383.29065,3.8208795,176.99709,4.3067517,-36.665916,4.354426,48.42559,4.114376,-37.918453,3.7194982,38.46591,3.591062,-26.234179,3.2099113,23.756907,3.1345813,-13.638909,3.1985083,4.148599,3.1791296,1.052382,3.0069454,8.365046,3.4310198,16.490639,3.43365,1311.2859765062412,66.8162932354614,1650.0482954489037,46.79675703929727,0.00024822413,0.00075821526,2549.3364019902842,0.009378002,0.0008867848,0.06351394830336426,0.008720204078875636
-403.64435,7.199056,197.74413,7.595499,-28.807423,4.3381124,48.693382,4.013609,-16.06925,4.414018,25.35101,4.253112,-6.694812,3.877284,9.648408,3.4313605,-1.680297,3.4476533,2.8254054,3.192723,5.4993916,3.3035033,-0.17025332,2.9947944,6.8116994,3.0398583,860.774715040761,92.35966168451996,1211.618927342835,101.72264650498983,9.63986e-05,0.00028700585,1652.1362587913284,0.010488094,0.0015118105,0.03273523600638051,0.0064442742762979245
-386.92676,3.9682086,146.87123,3.7673645,-29.348335,3.60524,71.27455,3.6395335,-35.26132,3.3350947,35.99454,3.4221323,-26.171322,3.2318556,27.314383,3.1053987,-7.5324383,3.042654,3.751421,3.2268367,13.056067,3.206778,7.769547,3.264361,5.6847086,3.0736942,1608.3748747784748,88.49097996255058,1948.3916112798727,49.377771602208256,0.00024965528,0.00048375299,4030.4310809708527,0.010078168,0.0011214762,0.054702227740719256,0.008680980084487068
-380.2376,3.2205122,189.03244,3.2829113,-44.476906,3.4883971,61.30298,3.2511148,-21.52852,3.3219078,30.662386,3.1470695,-12.049415,3.131823,9.849573,2.8458087,-5.5914583,2.8535967,1.3719586,2.779348,2.9101071,2.9141858,-3.7836013,2.9207222,5.1078587,2.5140889,1073.2209440853348,55.805098949815644,1368.5479225826577,33.96458783832471,0.00014691756,0.0002539957,2262.185392800174,0.010271771,0.001014196,0.04494340015951276,0.006449461813054343
-364.53903,4.0824027,152.62599,4.29794,-38.734974,3.743126,60.720844,4.3475266,-38.88206,3.5179572,33.33187,3.3756478,-23.3416,3.2571502,31.0346,3.219107,-5.3913283,3.2341986,1.0397208,3.257034,0.05963064,3.176672,-5.8044233,3.1832693,1.5350593,2.9207718,1654.3413793467425,85.41012136405084,1861.7000415277478,48.654026958277754,0.00044926876,0.0015631791,3769.484631036108,0.009171572,0.0013240776,0.08060832366589327,0.008512818980575211
-370.66016,3.446558,185.72002,3.4767144,-45.773975,3.4817264,62.388424,3.3147519,-25.613857,3.29558,31.864403,3.2553442,-14.245272,3.1650074,11.505114,2.9661777,-6.6788445,2.8939264,3.03016,3.1150506,3.6695917,3.0379066,-3.3027966,3.1033967,6.194943,2.946637,1137.5068667118046,60.742594691349474,1427.4543906605702,35.35772921170714,0.00017275279,0.00033214065,2435.450238362819,0.010645154,0.0009899511,0.0491170152987239,0.007106997074780657
-385.61615,3.350521,170.01575,3.213324,-30.72223,3.1524632,48.638577,2.948399,-38.48027,3.286775,39.96375,3.265354,-23.050074,3.207167,25.2247,3.3918104,-6.8857684,3.3569438,7.8438487,3.0967999,-5.332267,2.9716697,-5.4277196,3.073414,7.9443564,3.143177,1332.8619578994226,67.38940110707794,1707.8025808582672,48.28821866807472,0.00019458869,0.000109198445,2745.683242550029,0.009625151,0.0009888038,0.06252718967517401,0.00809728531673216
-381.08392,4.529329,176.51501,4.823046,-42.403893,4.30199,55.846714,3.5699139,-27.82937,3.6788366,45.441406,3.5029213,-9.621019,3.6712456,20.88387,3.3732562,-12.128687,3.231507,3.057498,2.9352913,0.99258375,3.326227,1.9533125,3.2034056,10.050544,3.0509534,1221.5060186824737,71.67451894635708,1566.0149263789108,65.75296079252678,0.00023683177,0.0008972047,2561.9265810796114,0.009637516,0.00076353445,0.053502483323665896,0.007602696077317162
-379.22137,4.305012,162.85208,3.6926885,-27.356901,3.2619767,47.286877,3.9585478,-37.554203,3.2491877,36.405426,3.2329454,-23.713808,2.952403,23.836058,3.1867816,-4.29793,3.4399593,12.375729,3.2381916,1.8480104,3.053767,-3.8983512,3.1626523,4.1142282,3.2121043,1404.2302144155778,75.3236551180018,1775.5484163468593,55.85373048338525,0.00023414097,0.00033783753,3066.458023673144,0.009694288,0.0012561346,0.06408719728828306,0.006999187226748734
-333.217,6.2791553,144.23763,9.191936,-62.64798,4.421189,70.38264,6.1591473,-36.02399,5.3664227,38.268227,3.8238966,-27.504107,5.8707747,31.023699,3.7097337,-12.944822,3.446224,12.742294,3.9212615,-2.9314084,3.9498236,4.3883166,4.302627,6.151627,3.5566165,2046.9318809024367,189.8801226507537,1998.7817241851017,130.36967121758414,0.00078276044,0.0014027671,4263.199511039008,0.008852291,0.0008405594,0.12289393307714618,0.022216858681840857
-404.7202,10.218577,187.7616,4.2425685,-34.64506,4.2389307,45.55628,4.538566,-16.098175,4.8596168,30.137707,3.7830698,-0.021639548,4.342281,17.048784,3.7502456,-3.8036606,3.8243003,-1.5219908,3.603981,0.5487612,3.3213491,0.22612707,4.3297997,6.0200877,3.6655777,965.267343324426,77.80937787199228,1294.3914653228703,52.16892430962844,0.000104170766,0.00022680553,1904.6143144576565,0.009849483,0.0018198072,0.03974450768561485,0.008656493484747204
-376.83505,3.5825474,160.58788,3.5979564,-22.44688,3.2761,50.301624,3.3753695,-37.3472,3.5669203,38.409874,3.278206,-24.297514,3.236737,21.148273,3.3204234,-9.001485,3.2876952,14.116297,3.25028,6.2176,3.1506,2.304675,3.0991566,4.733862,3.203051,1427.096549373139,69.7215884285072,1847.0218697529513,52.820815248254455,0.00023635589,0.00032483577,3307.544964925319,0.009921618,0.0011537183,0.060673760150812064,0.0067468651417402145
-380.84854,3.4364424,186.72615,4.010147,-43.362793,3.7100625,59.62218,3.40474,-20.101522,3.6895754,30.916265,3.2995818,-9.399795,2.9194205,9.691109,3.0528574,-5.074577,3.1550407,1.3754399,3.0289404,3.7496574,2.7094696,-2.993282,2.9949367,5.1480093,3.0312572,1070.1586401842267,58.13854645426553,1373.660067310423,41.89513803068061,0.0001501004,0.00032988383,2262.0854707439094,0.010362159,0.0010784948,0.044073330553944315,0.0068907996491056524
-388.35663,3.8917263,164.48253,4.1686263,-23.865326,3.356642,46.701603,3.673414,-37.12142,3.4563417,38.120506,3.1802502,-24.029488,3.2709022,21.676888,3.8390942,-4.996661,3.735145,13.805284,3.1401339,6.2064466,3.9077594,-0.07666794,3.931254,4.101823,3.430696,1338.0078666816585,75.97893810250486,1753.2675865583399,60.83931391912348,0.00024069597,0.000901859,2874.4078315327724,0.009851478,0.0013709216,0.05845666872099768,0.006304021537593167
-400.51306,3.8571262,185.20682,3.9028814,-33.827152,3.6790905,51.73566,3.194072,-19.789455,3.1794877,36.718895,3.4798737,-3.0150397,3.711882,15.748909,3.2648146,-4.149169,3.1398926,3.4685204,2.8088896,1.0051773,2.9719667,-0.77065665,3.0983841,6.6611757,3.2868664,988.506755622264,61.722407909276704,1372.710766280492,55.55027340972467,0.00011074855,0.00012364688,1979.480915113834,0.010026629,0.0011276571,0.035974206061484916,0.006512723222982062
-345.99457,29.781128,132.75047,23.9489,-79.420715,8.557271,85.03505,14.637137,-45.767128,10.004315,41.199284,9.290924,-29.247986,7.9672236,26.91929,6.9238787,-8.5682125,4.566741,10.544492,3.5590065,-1.4176441,4.1694956,-3.3810005,3.1628873,13.316147,4.0227394,2410.8473381959056,497.88976243363385,1863.411583906971,215.29756804702643,0.0013011364,0.0016540294,4503.387153784803,0.0070496597,0.0010075178,0.17817847302784223,0.05089734591372566
-380.62695,4.222109,169.23035,3.552158,-29.05185,3.9535463,48.37625,3.1987689,-38.735622,3.30312,38.730488,3.6064215,-25.735964,3.3510988,25.036457,3.3705792,-6.5888104,3.472937,14.449244,3.6040518,0.5017157,3.2351327,-4.324599,3.315945,3.171253,3.3982768,1366.038033866291,69.08125210405015,1757.3440928855396,51.54847066378092,0.00022348158,0.000295929,2872.259507323086,0.0097514065,0.0011750255,0.06457321273201856,0.006621695631505612
-391.90515,3.4261687,185.73572,3.9347036,-37.917904,3.5366273,52.13234,3.213985,-24.529015,3.0902674,38.963486,3.3866272,-3.639657,3.3275445,15.896207,3.0025823,-8.571927,3.0054688,1.9164343,3.2038567,1.7103648,2.9862497,3.2679489,3.041208,9.919355,3.2495396,1049.742566789661,60.82220524561643,1399.6057891080422,47.41131840898539,0.00014402822,0.00030300458,2083.2999315726506,0.0099557135,0.0010797052,0.04606384135730859,0.007884060030065691
-379.66806,3.4802473,185.93758,3.4395344,-43.381454,3.193887,58.39965,3.1894445,-19.412855,3.1855025,30.322292,3.0772607,-8.742525,2.9018905,10.226449,2.7978938,-3.5440428,2.9841301,1.8124564,2.7654681,3.8705556,2.6396475,-3.2718313,2.9549074,4.8600936,3.2194123,1075.61013910436,61.33594012259945,1374.188476002604,35.4186784042272,0.0001372477,0.00012729979,2274.0511369815836,0.010257416,0.0010584302,0.04388980024651972,0.00700678982125671
-370.42343,3.9927006,184.2632,4.4646688,-44.529533,4.2952046,60.800114,3.7384443,-23.939253,3.5851688,31.557642,3.5615377,-12.884319,3.1477766,11.372098,3.0423708,-6.8037047,3.1796045,2.002932,2.8200498,2.8556283,3.0868168,-3.6354246,2.8675733,5.434423,2.9736261,1138.8642213090125,63.19822699905688,1429.714609269795,49.2779185399415,0.00018963373,0.00047471147,2428.655538536833,0.010430348,0.0010008077,0.04940250688805104,0.006392880927289388
-383.70605,4.7990193,200.61841,4.3858347,-45.347847,3.8325093,53.379566,3.3443494,-22.43514,3.5061915,25.599644,3.7225027,-10.0027485,3.6765387,7.605661,3.3848453,-5.100523,3.2150218,1.4984366,3.0808847,3.9750376,2.811933,-3.4992902,2.9783053,4.503781,3.0116453,994.0415109666764,57.4083590284367,1245.9623059950504,55.31253437097465,0.00012214015,0.0002292169,1955.2248359556265,0.010228339,0.00090610824,0.045738698158352666,0.005683440688725207
-338.45047,12.760193,150.32584,6.698387,-63.643364,5.3387246,78.04682,5.3557086,-31.495813,6.0444555,34.66036,5.402635,-22.606594,4.0905943,21.783258,3.9044359,-10.6824,3.7116897,8.924649,4.2628284,-3.0897923,4.0213075,-4.8371334,3.7468257,10.831539,4.172004,1840.9307280774908,173.92500380973524,1785.7943479149465,67.30975994673706,0.00059328135,0.00069060613,3733.3128466683584,0.008969236,0.0010842266,0.10816959106728538,0.020838879017998753
-348.59476,11.487839,126.94855,8.048575,-68.02524,6.039857,76.95279,5.991686,-45.18967,4.515508,46.30587,5.4913864,-25.548735,4.365012,31.206999,4.356698,-13.352996,4.3064127,10.291071,3.9886963,4.469376,4.101618,-0.2786324,3.9135952,11.7677,4.1487794,2247.760254384645,224.42381252670947,2000.585736305845,84.66061852742686,0.0005911049,0.0017768376,4647.524719946346,0.008599174,0.00094308844,0.14025227486948955,0.023448494379705084
-410.8977,5.753047,187.5224,5.3611417,-24.035284,3.2990077,56.28663,3.294935,-16.60865,3.842364,32.320415,4.363126,-6.8900685,3.8259037,12.483651,3.3340306,-5.689697,3.0014226,9.893018,3.065412,4.1751065,3.233076,-1.7489011,3.2266622,5.3218384,3.2214375,902.4115704982747,100.2317107358925,1342.8056660489121,122.73352952044961,8.767669e-05,9.478059e-05,1788.7796707330338,0.0101433555,0.0010508215,0.03589716864849188,0.017365324208620934
-385.75305,3.5504527,194.66945,3.5316944,-44.6094,3.0411978,56.91002,2.7491958,-19.611773,3.078135,28.282524,2.9992952,-8.986899,2.7994542,9.221845,2.975622,-3.8536515,3.014489,0.66690993,3.0452416,3.2266684,2.930723,-3.3160834,2.9071083,4.915483,2.9107034,1007.4586514847708,53.55397675875206,1291.7582562517957,34.18131015558401,0.00011943567,0.00018018634,2063.665247516676,0.010331802,0.0010405054,0.04281240936774942,0.006059128605000458
-373.25876,3.4224281,185.27222,3.4241602,-46.91864,3.3237658,61.328712,2.997946,-24.79734,3.293543,33.38083,3.1274471,-12.409341,3.1765594,12.602942,2.8878508,-4.549748,2.8716576,3.4930997,3.0233967,3.2467296,3.0301747,-4.1551414,2.899572,4.5227976,2.8542123,1141.7999764400254,59.017204409887995,1429.3107741900947,33.20454178408435,0.00017674237,0.000331323,2438.6727246773494,0.010243647,0.0009282747,0.04803282700116009,0.006923764163145267
-346.0019,6.6989293,166.649,4.79355,-55.444653,5.830034,68.08416,4.2952495,-34.412632,4.2605014,37.84304,3.8629813,-16.69777,3.3689542,12.464325,3.3171284,-8.220532,3.5620387,7.902111,3.4281552,-1.4409819,3.2577107,-2.6322107,3.2400916,9.658014,3.3910751,1519.6824028310998,103.39577574692872,1671.5638055628488,49.29764422338198,0.00036488,0.00046623172,3416.1102790566997,0.009817351,0.0008781645,0.07463452544953596,0.01211139068077971
-379.9727,3.5538008,187.36626,3.1714365,-42.969334,3.1633363,59.505497,3.262174,-20.022493,3.065978,30.384348,2.803017,-10.063788,3.2511752,9.300096,3.1079152,-5.200695,2.857821,1.4590328,3.023741,3.5490882,2.8644285,-3.0128727,2.8527317,5.415831,3.0692255,1066.188812763962,55.42169928068587,1366.627093161397,32.371270924759244,0.00014397017,0.00028692218,2242.5507087441997,0.010379413,0.0010294847,0.04466470598897912,0.006545634889798619
-373.999,3.3624148,186.58824,3.871514,-47.18739,3.228571,63.728184,3.627654,-25.546974,3.3014703,33.60046,3.233238,-14.005859,3.0479434,13.15561,3.1098902,-5.6169243,2.9113736,3.1445663,3.052017,2.4057722,2.897117,-4.206087,2.7958,5.029647,2.970072,1130.482397850719,59.64113007377735,1429.6391303424475,37.35918432407191,0.00018213017,0.00044396037,2424.608695258121,0.010354541,0.0008777292,0.048178971505220415,0.006613390129645958
-383.33868,4.078827,164.43236,3.3810332,-26.509075,3.2020934,44.3783,3.4186864,-35.691578,3.1911042,36.42508,3.296965,-22.3369,3.494886,24.228464,3.293888,-4.785265,2.9828563,8.960837,3.2989924,-2.3912091,3.115196,-1.3024144,3.4529586,12.903626,2.9540663,1364.9788134808823,62.0864406300675,1735.2422158608388,49.93622182363094,0.000228702,0.00040186473,2841.033864740429,0.0093256375,0.0010868331,0.06499125398781902,0.008113079791216912
-387.41776,3.3698986,193.24063,4.2422986,-42.93464,3.7027242,54.525757,3.513889,-17.46811,3.528675,27.896347,2.977202,-6.419017,2.96505,9.149894,2.983611,-3.2205296,3.0241354,1.7312065,2.7300339,4.3342614,2.881555,-2.2711487,3.0889618,5.218055,3.0342681,990.7213260455934,61.06051756214133,1285.6435146960716,48.76778786893786,0.00013130355,0.0005252609,2024.8705091719837,0.010366776,0.0011492728,0.040739196635730855,0.006509976655176808
-378.49472,3.7691686,173.61507,4.0030737,-38.109127,3.4376674,47.095825,3.4505537,-39.79451,3.1166031,40.093803,3.25434,-24.191633,3.2291775,25.195272,3.1572993,-11.780267,2.8384335,4.2783256,3.241628,2.89162,2.9814177,7.3955646,3.106216,15.850598,3.2524116,1365.0914365963663,70.61279854889271,1673.5720965891262,57.58199374020416,0.00023358405,0.00020056618,2710.4607177167923,0.00925979,0.0008737204,0.06935859556264501,0.008013244169244515
-378.95615,4.0463314,158.46008,3.478027,-23.743235,3.5908403,50.676304,3.8351076,-35.490974,3.9651303,35.944916,3.6280022,-19.661932,3.1907253,20.871605,3.0046763,-3.5778573,3.16675,15.633223,3.6060107,2.538206,3.7504406,-3.2844198,3.4337914,3.143136,3.0900438,1408.2362017980174,78.6774986280455,1800.8391671995573,51.183592758227,0.00022887827,0.00030149776,3272.297459578016,0.009769715,0.0011970091,0.061313850420533646,0.008619620799771134
-383.4408,3.4253774,193.84088,4.1221147,-43.7949,3.5822778,55.851845,3.2786617,-18.338722,2.9973307,26.884617,3.039854,-7.254981,3.2148907,8.084386,3.2450104,-3.9433398,3.007517,1.7371421,3.2070045,3.4468954,3.03448,-4.490221,2.7667549,3.970463,3.062979,1006.2058283525793,55.969342450778,1286.147738046015,46.23831686397952,0.00013550693,0.0003661316,2055.8713271280453,0.010274558,0.0009922282,0.04347402479698376,0.006214381904549811
-361.59244,4.9946156,159.80695,4.820316,-71.301346,4.2615495,52.137257,3.957431,-35.838593,3.8875003,38.48293,3.2368302,-14.878513,3.2198408,14.370321,3.2282968,-13.0919895,3.1486785,7.487344,3.3363721,6.9011393,3.2425451,7.5176578,3.4361644,19.040815,3.2802157,1647.9838009575742,68.18445957436207,1580.5996149880045,45.625880585953745,0.00036566253,0.0009402981,3278.667490664878,0.009107288,0.0009954176,0.09996510658352668,0.008265393861076066
-397.6599,5.6048193,188.25888,4.678518,-33.684742,4.005794,49.88002,3.5136948,-21.584864,3.505128,34.68552,4.2210884,-4.944872,3.705391,14.976941,3.4001918,-6.1822114,3.244047,1.4235082,3.214393,0.41738522,3.1313624,-0.8697422,3.1546452,7.292552,3.4752054,986.699336635612,67.58901019149525,1348.3857320946167,61.43701128930929,0.0001452725,0.0005376731,1922.425420986804,0.009993007,0.0011919439,0.038306853610788866,0.0071124685430249855
-436.64368,5.5949655,189.82198,5.1840944,-11.451516,4.0475907,44.422268,3.9260864,-5.68326,3.8117847,21.801256,3.9411678,1.6330436,4.049519,11.683129,3.7001674,1.5292805,3.2441373,4.413959,3.349552,3.8069243,3.2170625,0.17846163,3.8762023,6.3480296,3.5010107,731.1305986135139,74.28174135338169,1162.783191433798,80.39854970178759,5.9851456e-05,0.00018305566,1350.5714929850637,0.010355352,0.0020828634,0.024519422491299302,0.005941451693068727
-376.61673,9.4655075,180.90874,4.3702416,-47.860046,5.920716,54.57806,3.577465,-22.325682,3.4390137,36.89917,3.5195959,-5.063832,3.2600958,17.081385,3.1377375,-8.68175,3.310829,2.9563699,2.985595,2.807865,2.8818486,1.9626851,3.0115168,9.51967,3.2635608,1165.973087916647,75.75984366823036,1443.8247806770862,48.621738920104406,0.00018539872,0.00034700218,2438.79762724768,0.009940842,0.0011145778,0.05216905633700696,0.00845804037171877
-440.36633,4.41035,192.28172,4.757191,-10.86868,3.7388618,46.9822,3.3893015,-9.889915,3.5327787,24.642408,3.598803,-1.0851852,3.8375454,9.112146,3.2917035,-0.9519849,3.162309,5.615126,3.1488361,4.3885927,3.0931282,-0.2331849,3.4619434,6.8932714,3.4064236,729.6215461699044,71.24358128206516,1175.0817879930921,88.13647279799582,5.1757543e-05,8.39095e-05,1327.4395369598317,0.010355968,0.0017292771,0.023274361948955918,0.008310135379720666
-378.59158,4.895201,161.34537,3.7864795,-18.084621,3.9804382,40.63187,4.0333204,-34.360542,3.2636464,31.544262,3.5673466,-21.080078,3.3191032,14.071055,3.2762697,-8.248085,3.2321,9.096657,3.2248178,5.852723,3.269154,5.3151503,3.0265365,6.317609,3.2131956,1330.2189741178754,70.03016551864054,1716.226392576174,56.85763589811097,0.00021343917,0.00052220555,2803.2883079865137,0.010147814,0.0015311835,0.060128833744199535,0.004992330182949437
-393.67676,19.904411,174.33646,11.95469,-29.828564,7.439514,63.918858,5.9477353,-21.766445,5.475656,39.532784,6.2099075,-15.017082,6.2399397,21.197842,4.9313116,-6.075666,4.610462,6.389688,3.5416877,1.1791955,2.9631426,-5.0972,2.9579554,6.5164924,3.139036,1139.6655437826842,239.20665538067715,1579.7503468730506,217.89613340699515,0.0001816713,0.0003549939,2529.8765815327724,0.010001513,0.0009407173,0.041920814602668215,0.012928462314671388
-373.24274,3.155435,189.231,3.4373217,-46.452393,3.5358737,62.83727,3.5270793,-26.93749,3.2028434,30.577602,3.2585962,-16.546436,3.1706164,10.689929,3.0458338,-6.385065,2.9425635,3.6208298,3.1921647,3.4778552,3.0788925,-3.3801672,2.849028,5.465307,3.0572426,1120.4461790303785,57.04515356930187,1405.146816456133,34.79125134159246,0.00017751857,0.00033101992,2371.3752197832077,0.010221835,0.000846218,0.05015702037412993,0.006480027858097687
-378.78342,3.3637016,189.45851,3.6538494,-44.462334,3.1137435,59.02853,3.1086726,-21.959333,3.3266177,30.697437,3.2990863,-10.98385,3.1046166,8.998548,2.9819648,-6.3552585,2.8405857,1.2208623,2.963372,3.582135,2.9381456,-2.9572861,3.0888839,6.2354546,2.9150739,1067.1031342280246,55.557386739518236,1357.3318757913128,37.74575625102734,0.00014670758,0.00030313458,2216.6459156576275,0.010356933,0.0009423154,0.04581913428074246,0.006703836327157319
-430.71237,8.145938,201.98851,7.58608,-30.35448,3.950069,34.0442,5.607151,-22.355274,4.7754707,14.955669,3.8329742,-7.6683855,4.031675,3.609069,4.112471,-0.4402786,4.1281433,3.1329832,3.8593605,4.4161816,3.2971013,-5.2757945,4.098796,-3.581031,5.0836706,893.4117014585029,53.96057402802197,1071.6629056459537,101.43055103709709,8.221522e-05,0.0005149632,1466.5560197940836,0.010180099,0.0028153663,0.05624977341937355,0.008808578373752783
-380.7827,4.193013,175.21524,3.9626548,-39.54203,3.5877821,48.32487,3.447664,-38.656025,3.4823377,40.104977,3.3727782,-27.491737,3.2502315,23.264246,3.3219352,-12.686227,3.2600133,4.948109,3.1400554,0.30026492,3.4686382,7.3162417,3.494146,16.255835,3.27819,1369.0845957917475,69.23008623122868,1678.8073991281597,53.0691354784456,0.00026026324,0.0003436078,2699.8689797527554,0.008831997,0.0010050364,0.06884652334686775,0.0076354966553715
-390.76886,3.5520246,181.48726,3.6657567,-38.041935,3.179591,52.60943,3.1930084,-22.69528,3.5705063,38.570335,3.4417934,-4.3850565,3.4380336,15.508535,3.4218822,-7.3456545,3.2034068,2.4198742,2.9974928,2.0522654,3.2192883,3.1063955,3.087291,9.524027,3.2293663,1080.9165277433517,71.52319801526099,1438.059375530189,50.13301902025616,0.00015172521,0.00023148589,2227.262634135731,0.009701456,0.0012738141,0.042959686774941996,0.009128116413773901
-376.0209,20.297245,189.28493,12.608184,-45.534885,12.710094,48.18907,9.345935,-23.475222,5.014381,26.210777,5.4496794,-8.911787,5.202793,11.361485,6.025419,-1.8713325,5.3579054,1.2684423,4.1009507,1.4381628,4.7705717,-3.6596243,3.3295994,4.47502,3.7146552,1118.8742905984989,114.89040067245394,1335.2171414734457,158.02373981418776,0.00018691775,0.00058713986,2250.3446291328305,0.009795518,0.0023504167,0.05512026899651972,0.013035493492650648
-399.08212,6.5643263,186.74217,5.6984043,-23.911121,3.611846,54.12504,4.012182,-22.941591,4.3360753,29.732834,3.8776047,-11.637102,3.9156578,10.402315,3.4300065,-6.835106,3.2507277,10.653961,2.9107907,4.616354,3.0263693,-1.4841646,3.1016102,7.9087796,3.5357,967.7959486103758,115.15005549385569,1389.6757277276026,132.40090887396872,0.00011581259,0.00023271397,1915.4058965342228,0.010191125,0.00096591836,0.04118782627610209,0.018955934203845923
-363.10983,34.70143,174.61412,8.725403,-56.10796,11.63149,57.14856,6.344179,-26.41542,7.191442,32.793987,5.3447013,-17.455439,7.439986,12.7555685,4.983338,-8.859776,5.2602835,4.637557,3.7577505,2.008139,4.2432404,-0.6884622,4.290045,11.548979,5.4352417,1366.809169770703,204.65730954123453,1506.0848784171199,111.19530348865149,0.00027253362,0.00034557414,2800.115782700116,0.009518298,0.002154209,0.07269272948085846,0.01920720301876796
-372.48636,38.439938,175.26273,10.391113,-45.287457,14.033985,55.85398,6.51906,-27.756086,8.957427,28.204344,5.2296286,-13.711968,7.734195,12.23934,5.0911946,-7.668634,3.6002882,2.0380306,4.7498817,-2.336381,3.179727,-8.973821,3.5873938,3.786637,3.1501186,1278.2069812568243,268.3721000233294,1488.789154014685,148.4344410526567,0.00023883305,0.00035323531,2673.2147712441997,0.0095760375,0.0021261873,0.05957371120939675,0.02293952651422126
-387.26825,4.116969,174.0824,3.6939898,-37.03931,3.2963865,45.74492,3.6944993,-37.601933,3.2931547,42.477478,2.9824886,-24.65097,3.0793636,24.313934,3.1314447,-12.928699,3.1089754,3.5241113,3.1034634,2.5508113,3.1592333,9.575725,3.2310748,16.92306,3.2028148,1347.2681669544395,66.80792886065049,1676.6377363253005,49.8254917850079,0.00022824749,0.00033949412,2621.130399416328,0.008924977,0.00086186227,0.06728311702436195,0.009133756072423508
-384.68503,3.8617575,163.28613,3.5453687,-28.873814,3.7240376,57.99644,3.3532076,-36.76201,3.3339252,40.36702,3.0921376,-23.890072,3.3111413,22.709213,3.3603373,-7.557411,3.2164483,16.239809,3.3664773,3.1746507,3.1633415,-1.962133,2.998051,3.7143242,3.1839004,1393.3516600070545,62.652341233585574,1812.785024318707,43.32794373126618,0.00022624525,0.0004103616,3254.661216647332,0.009926922,0.0009678281,0.05362596976508121,0.006781256464426232
-386.60825,3.5887277,196.50127,4.484936,-42.039246,3.8598242,56.84055,3.6813793,-19.871094,3.1094534,26.749233,2.9250414,-8.75443,2.93235,8.7369375,2.963441,-3.2611766,2.6433449,1.9895141,3.1158955,4.956091,2.9425824,-2.6170485,2.8648727,4.924183,3.0202727,976.7178971138574,55.48737958156746,1272.5431843231822,53.00548871622021,0.00013540093,0.00056020904,1985.9009072288284,0.010388861,0.00091733586,0.04216892038863109,0.00538582887817677
-351.66373,7.032351,153.40596,5.515046,-49.77714,5.4256325,74.12061,4.2415695,-29.212368,4.0941067,48.98501,4.1424055,-24.774761,3.3952398,26.741896,3.5476658,-11.143429,3.2853646,10.16276,3.1117857,1.2264985,3.1099393,-4.4373136,3.1141214,6.6627483,3.0432591,1691.6299918189206,115.24222103307264,1919.7410074326208,68.39743893486997,0.00053722213,0.0018571268,3881.52223662268,0.0098035475,0.0008055581,0.07214667017111369,0.011340521064222796
-382.5027,3.241095,173.9565,3.3282595,-36.545143,3.734448,45.53474,3.970225,-38.79992,3.291226,44.187096,3.2435627,-22.63868,3.3030062,26.041471,3.7054706,-14.135352,3.6813858,5.632924,3.262781,0.2072492,3.1544383,7.3650575,3.2887478,16.628094,2.9374537,1367.491980075564,58.23301889512273,1711.8258486333816,44.36511365751665,0.00025879577,0.00057049,2710.011068463602,0.009087013,0.00085399183,0.06913088203306264,0.008184611771806034
-374.95334,6.4605045,170.964,4.8615074,-41.892014,3.8049202,57.05651,3.8371031,-27.723785,4.1065993,43.846878,3.6496024,-10.824844,3.3678129,24.335585,3.333119,-9.865656,3.2190242,3.9221675,3.342307,1.1590997,3.5689514,0.95649046,3.5401201,9.554273,3.34536,1284.6183120096755,89.71909349771629,1634.1120301604378,63.59383078176476,0.00024746722,0.0005050754,2778.6075600891822,0.009705103,0.001155383,0.05304818916763341,0.007997416701439075
-379.78323,3.5467904,188.63638,3.6036017,-45.57895,3.264882,60.87332,3.5268998,-21.961939,3.1095905,31.104506,2.9496696,-10.746703,3.1289718,10.859762,2.9551358,-5.5204644,3.2110417,1.6833036,3.1879096,2.515789,2.9214919,-3.8699317,2.7547944,5.8043714,3.0185122,1081.3554520264129,53.648798709089455,1372.874360686295,35.320221641506,0.00015058505,0.00027167244,2279.8216357308584,0.0102816,0.0009651717,0.04501250725058004,0.006454391251451702
-350.98743,7.9128027,152.15343,4.8129635,-48.227657,4.5938034,69.67472,3.8038342,-29.212038,3.6174312,47.581738,3.6397493,-23.286022,3.3836462,25.368324,3.219796,-9.678942,3.0836785,10.837388,2.8504882,3.8433642,3.073069,-2.1012025,3.2172346,7.9251747,3.3238995,1679.8662081390569,134.72927222709214,1910.7742572425673,67.23382835394611,0.0004239724,0.00036186518,3864.210740374855,0.009797772,0.0009746657,0.07215233468677494,0.012260834295739615
-368.96686,5.1505203,152.17804,5.433441,-34.720448,3.9096968,68.01926,4.0964966,-36.495182,3.505186,35.170517,3.4304357,-29.80096,3.4564803,29.971981,3.4821205,-3.0662687,3.2351081,5.8027763,3.2627473,1.4021881,3.4285798,4.633657,3.3828106,-2.497221,3.0858903,1654.8574315555995,119.97005919152153,1936.9739996907429,65.32156412191124,0.000346662,0.00056007097,4001.9033339073376,0.009556513,0.001050635,0.07142614377900232,0.009380992740149748
-383.3289,3.6408455,169.77814,3.3874724,-26.973597,3.1924503,49.158978,3.2656975,-37.193283,3.129251,37.995518,3.0889938,-22.393703,3.1886525,24.18663,3.0123777,-6.7559533,2.9753008,6.2961125,3.027675,-5.707204,2.7589977,-6.9316125,3.0015264,7.0998535,3.2385278,1309.3101228417167,68.81295344585115,1699.2992349060812,50.215024671272495,0.00020517752,0.00024981823,2713.908028657918,0.009724913,0.0011156978,0.060909404002320186,0.007848401803605444
-369.3103,6.9095254,189.05093,5.2444816,-47.081234,5.398052,56.57435,3.8980315,-30.02877,4.10156,30.915228,3.9341927,-14.883468,3.716761,15.068679,3.3276854,-6.997095,3.10215,1.3946576,3.0440502,-3.2979887,2.7850533,-4.639193,2.9896588,7.0715785,3.163027,1152.5293791180982,87.0517072064828,1415.474269872608,77.37133997305916,0.00017578973,0.00022445546,2364.6304809853536,0.010232696,0.00076272635,0.054010023926914154,0.008645851478143115
-392.979,3.8115454,183.2849,3.3174062,-33.19628,3.1428056,52.011646,3.0189462,-21.075535,3.350448,37.069527,3.3838854,-2.7738125,3.4283938,15.632614,3.1829028,-7.040462,2.7725198,1.1986812,2.8725023,0.69938105,3.0493658,0.6318073,3.0767903,7.9222794,3.333747,1021.8755525555677,62.665335551049985,1400.5251347474639,41.53620240844518,0.000121427096,7.625286e-05,2065.763610698231,0.009968203,0.0011503426,0.039398972230278426,0.007038334107254982
-335.91516,13.262514,155.84888,6.821494,-72.85402,7.95237,75.491936,3.9675236,-38.376343,4.7352786,38.086063,3.9793718,-28.596334,3.4584854,23.202887,3.434121,-12.775175,3.810106,5.453412,3.411332,2.6897566,3.708388,-4.4523406,3.8201647,6.80023,3.4006302,1875.2890949524337,139.67619155233857,1764.286828558756,52.82094553818598,0.000669941,0.00071303785,3774.0560651102087,0.008552635,0.0010874637,0.11675359810034802,0.01919463357360629
-380.1656,3.8076744,169.12213,3.6365376,-29.905285,3.140257,47.56318,3.3501024,-36.767704,3.332863,39.647385,3.2612877,-22.217995,2.8785079,24.238232,3.1893034,-6.984864,3.3385785,7.5533304,2.997432,-5.080297,3.2196312,-5.5378604,3.1146367,7.690056,2.6696835,1337.9940161928432,69.87353975599521,1714.8348060088167,51.52668050554803,0.00022174492,0.00038994587,2780.8807868691997,0.0096567925,0.0010047372,0.06220317937935035,0.00886291748509737
-364.9156,5.3381352,147.5641,4.543724,-35.394547,4.1267314,74.356285,4.35834,-35.62474,3.7163334,35.12964,3.5716991,-28.063854,3.3123088,30.156578,3.5030403,-13.124608,3.6025949,-5.4532003,2.9430335,5.647148,3.170736,10.2118435,3.0674534,5.3051543,3.424538,1751.6481343542953,105.27241060038942,1973.8176767322382,46.55420517893671,0.00042189212,0.00085997925,4254.980921911253,0.009432846,0.000987127,0.07739087877030162,0.010272521422426255
-388.9949,4.3543954,168.40605,3.7480438,-30.755814,3.435711,47.258095,3.1679835,-37.660236,3.0812807,38.132175,3.0639133,-25.459337,3.0619318,25.065256,3.3525844,-5.4761167,3.0355215,9.520608,3.1051724,-3.4738832,3.0019033,-3.682781,3.097218,11.577943,3.1842022,1358.2352321021688,68.27438701504576,1721.6147439171632,51.19636723911663,0.00022617145,0.00034906995,2789.0244344547564,0.009110979,0.0010385887,0.06487343206206496,0.007744643476651493
-385.40045,4.211906,166.0046,4.148529,-24.596737,3.47674,42.730694,3.528676,-32.66311,3.3512518,34.261246,3.7199893,-21.997078,3.4021173,20.797583,3.296152,-2.0089312,3.5801811,12.632042,3.43146,0.72985005,3.2902935,-4.2872214,3.2763822,0.9640545,3.3594522,1299.1268048887375,66.91402944390155,1680.9824189971448,59.05148491227205,0.00020118065,0.00038146347,2626.051560687355,0.009700205,0.0013748469,0.06040866081786543,0.006994938993838008
-410.13004,5.5532627,185.3891,5.8531313,-23.369196,3.4651191,54.31069,3.9757023,-17.452171,3.903704,31.260605,3.664612,-8.307285,3.5039954,9.026495,3.2909727,-7.6074815,2.7613225,8.77143,3.0877259,3.2680924,2.861086,-1.6926267,3.1727889,8.442195,3.2949708,928.5666252083956,102.31294941741496,1360.6251176062015,116.34398921443022,0.00012226313,0.0005890474,1834.5439725021752,0.010026837,0.0012651604,0.03567398673143851,0.013936485873873743
-391.6784,3.4607303,182.3564,3.535892,-35.902443,3.675358,50.88865,3.2161422,-21.589037,3.141824,38.146152,3.2904272,-2.221604,3.337029,15.451602,3.192875,-7.34869,2.972191,1.8330288,3.0014749,1.8936347,3.2491786,3.4964197,3.0823965,9.849701,3.2571037,1049.333423107868,67.3823555217862,1412.2793491001453,49.5378196139676,0.00013258385,0.0001693714,2118.0478266386312,0.010018608,0.0011655424,0.04287811774941996,0.008522863318786898
-384.29785,4.279486,172.64062,3.5733666,-33.198948,3.131233,49.568054,3.35061,-40.889164,3.4687274,38.617687,3.1531754,-24.755243,3.508639,26.914988,3.1775484,-5.2652516,3.2915602,9.999311,3.453375,-1.2754651,3.1449046,-1.1674684,3.4264033,12.572809,2.9533098,1329.2002560368098,59.94947432180368,1695.4090467001326,46.712844032402366,0.00020672032,0.00032385273,2724.7995327907483,0.009834995,0.00083601853,0.06265407482598608,0.006924422571899613
-423.17944,8.595127,192.20885,6.975671,-18.620415,4.572343,49.631916,3.7472637,-12.080831,4.395838,26.704817,4.3382845,-5.34138,4.5625386,14.721914,3.9518876,-0.8986899,3.315551,3.0889366,3.42245,0.6523529,3.5320275,-4.262942,3.5039816,3.767833,3.365624,809.1490478581318,97.22256220755308,1229.6066550456821,111.52902581470312,7.271519e-05,0.00014820384,1528.6076167343388,0.010241022,0.0013469597,0.029030642763921113,0.0063340410480867875
-381.4126,3.5577338,190.83751,3.6696956,-43.733578,3.647506,62.434097,3.4335234,-24.358664,3.34281,30.963612,2.8996603,-12.573636,3.0656025,11.9290495,2.8989985,-5.286387,2.8636491,3.3267655,2.8563364,5.088746,2.896291,-2.9460673,2.976114,5.043281,2.908784,1051.3820904970478,54.761372641917845,1370.1409746354989,36.16868992708587,0.00014592386,0.00026497163,2222.9410052022913,0.010383953,0.00090964895,0.04405520410382831,0.005835875335474494
-384.63828,3.354076,182.83289,4.0944495,-45.371277,3.9218524,53.74182,3.466611,-25.759886,3.7698493,43.104496,3.6135519,-4.5607843,3.258657,16.634665,2.9639966,-10.752787,3.0733495,0.8267457,3.1029348,1.06223,3.0864904,4.3531394,3.057791,10.760076,3.0806699,1141.8717605128356,59.48788410498195,1445.6116947512182,47.07535355877875,0.00017803404,0.0004542646,2305.3267405923725,0.009851639,0.0008311513,0.05380043684744779,0.008256262720257555
-387.6491,3.9871924,193.10674,3.6298704,-41.066296,3.1723495,55.841892,3.0797327,-17.424637,3.0321972,26.506254,2.9219766,-8.97941,2.9148345,6.9265804,3.1102254,-3.720843,2.849434,1.2742717,2.9668188,3.7114344,3.0564032,-3.4267657,2.9725275,3.8729637,2.7470014,990.7079885891383,51.01594809939843,1283.0268844816992,36.417210276640844,0.00011716895,0.00021546114,2017.9509067756671,0.010293819,0.0009068656,0.0423887035962877,0.0056256684351948544
-399.45984,9.879991,178.0047,5.010045,-29.32387,4.9975924,50.631348,3.7042203,-16.225733,4.228279,34.659306,3.9072595,-4.373233,3.8476467,17.000132,3.4732559,-7.340552,3.181397,0.18776356,3.558426,0.67081213,3.525118,-0.95098084,3.7680469,8.159696,3.299511,1025.1562944978566,84.8050363877127,1418.4093560055103,62.05131130720675,0.00012090844,0.00017647709,2087.546618963892,0.010069535,0.0016822341,0.03811765878770302,0.007723491306835334
-384.63074,4.1666656,168.52545,3.5978186,-28.19887,3.3151944,51.925785,3.4662764,-37.361206,3.256862,38.73685,3.2041464,-22.74708,3.212738,24.901112,3.0801587,-4.7983456,3.1039407,13.856999,3.1781228,2.6703598,3.4013813,-2.8616486,3.3011725,1.392132,3.2654085,1320.2228071477816,69.53301401331609,1739.1390124723687,49.58005108580351,0.00020171543,0.00026032358,2859.1697179524363,0.009940147,0.000993649,0.05296208852958237,0.006763830765700353
-381.15472,4.0868006,165.90364,3.6943908,-26.991123,3.977836,42.85556,3.8186119,-35.87618,3.756286,35.336685,3.3962967,-22.460484,3.238706,23.773727,3.5389345,-4.7040067,3.0577757,10.951264,3.0666015,-2.698165,2.8852637,-4.8177724,3.029048,7.9559608,3.0520012,1366.073630710377,67.12750371375506,1731.6081954121817,56.751143639870854,0.0002719298,0.0010987164,2819.7254862420245,0.009456915,0.0013759668,0.06646629386600927,0.008379428088762764
-422.9981,7.5877175,193.1117,5.3279347,-18.433088,5.3034725,51.951828,4.242227,-12.3691,3.895647,28.579563,4.126713,-8.05267,3.8604624,13.335093,3.571822,-2.8697214,3.400593,3.7636805,3.2171369,3.658994,2.768951,-3.5309424,3.2168047,7.055782,3.281391,800.5854506612155,73.80744155115735,1234.3087414254323,82.15636912344334,7.1172835e-05,0.00013790227,1513.519386238399,0.0101491865,0.0010800804,0.0284211408787703,0.005137239913372544
-400.1414,41.989563,186.12857,16.429684,-39.315247,19.003609,33.774567,12.2913065,-23.467281,7.345769,20.18343,5.3256397,-8.668489,4.4186573,9.736865,3.718696,-1.968185,3.6747384,0.8475926,3.584571,0.4706479,4.3860064,-2.7269797,3.6328819,7.387408,3.2076359,1101.990465394775,82.9550941328792,1300.459373160195,178.10499992646174,0.00017454279,0.00021285696,2068.986097012761,0.008327038,0.004955924,0.05548166509570766,0.014662079957607339
-431.83,5.0806956,193.92929,5.0371637,-11.928833,3.9409597,44.047493,3.309099,-9.3022785,3.8435278,22.784771,3.554728,0.31751955,3.8387835,9.740341,3.3488438,0.24398355,3.1689517,4.946922,3.289836,2.9059029,3.3380284,-1.234695,3.5204048,6.218689,3.5038972,733.2796522575547,69.52164532439855,1151.6533092826228,83.31635191676698,5.522004e-05,0.00013136672,1329.0133093459976,0.010412265,0.0017353874,0.025459732091067284,0.00757546835057315
-325.55618,10.203501,140.4204,5.338999,-76.5561,11.4799595,73.72928,4.076454,-41.44622,3.9227045,48.746494,3.4613883,-26.203129,3.496458,25.591927,3.4027479,-14.929227,3.2066972,9.049461,2.9471526,0.5474523,3.1539867,-3.4735937,3.3141758,9.965503,3.0717795,2177.492469924017,114.38492398566386,1910.2257923864772,67.44191478375552,0.0010252473,0.0012903892,4389.650873241734,0.008403623,0.00071452395,0.137202499637471,0.020763708168963425
-373.47446,3.2004735,184.1437,3.6042137,-46.324226,3.5015295,61.426113,3.3111694,-23.803986,2.9910202,33.581306,3.0132315,-11.526258,2.930808,12.678006,2.9417796,-4.867776,2.6776097,3.210858,2.97425,3.1703343,3.1507568,-4.382072,2.9870005,4.5771365,2.699687,1143.2004282252233,57.01383633565583,1434.4905726331576,34.996800171725596,0.00017452716,0.0002935252,2456.3339481220996,0.010233798,0.0009007362,0.04818576892401392,0.006237775962847275
-372.25516,3.4136722,162.18997,3.3865633,-27.226177,3.2325284,47.30084,3.5437253,-37.631084,3.404028,38.43996,3.2121856,-22.535713,3.172401,23.390062,3.1066747,-5.2197075,3.0012195,10.64619,3.1163158,-2.4955568,2.955509,-6.0119624,2.6009462,4.140288,2.8318596,1433.637382180271,73.0773990012249,1794.648483747823,50.674050970786574,0.00024990898,0.00034791257,3176.3972660781615,0.009934193,0.0012911006,0.06882613109048724,0.0073798656149366955
-391.35187,5.653992,183.63182,5.2023797,-35.837593,3.883082,50.864033,3.893652,-22.787191,3.589402,38.720387,3.9910038,-3.749717,3.5209584,15.819654,3.6361518,-8.630322,3.068098,0.46226087,3.0394766,1.7268218,3.6030562,2.7886815,3.253282,10.299523,3.2680724,1053.5502690857068,83.90779497757332,1407.8343159476797,75.94186293998041,0.00015822983,0.0004427997,2091.6434232707365,0.009925022,0.001221543,0.04727491480568446,0.007696503479749153
-330.34125,16.94768,139.96375,6.6901374,-79.887634,8.72486,75.90461,4.7048225,-50.373432,5.72318,49.61882,5.00242,-26.765587,3.6420007,30.39994,3.5653377,-17.274773,3.3203487,6.6150484,3.2661948,-1.1545163,3.5162153,-1.6870757,3.9465258,13.518065,3.6319685,2294.105130476383,152.75881266499863,1948.8629450356905,57.538554368943686,0.0011399098,0.0009599033,4593.416926479118,0.007944086,0.0012184863,0.15279917705916474,0.025066054902664434
-356.4825,6.5142875,154.2509,5.0639052,-50.123425,4.857318,74.20172,4.7981057,-28.320362,3.7044451,48.78888,3.5507,-24.020697,3.7749436,26.914957,3.2979624,-10.836788,3.1869383,10.644614,3.2290711,2.4244967,2.8896942,-3.3439598,3.043273,7.3210692,2.9660609,1658.6349174586155,109.89813608863244,1900.7357157572008,62.75018294966351,0.00047389342,0.0015872078,3796.1388395446634,0.009765982,0.0007004246,0.0695239994199536,0.01104008039673155
-366.46423,4.570352,163.42876,3.7587962,-34.17383,3.9289284,49.6033,3.4785619,-42.55583,3.4344292,40.202763,3.216291,-25.476082,3.2001193,27.09211,3.4097362,-7.312075,3.2806833,11.093724,3.0780752,-2.714566,3.429675,-4.630619,3.3080335,7.38321,3.081342,1516.0906904683025,82.82587439982665,1844.3236773561987,52.3844378540056,0.00028019238,0.00015034618,3423.6793748187356,0.009691584,0.0010452119,0.07171843278712298,0.007361386617095034
-384.38232,3.6862438,163.99608,3.2946815,-27.786457,2.8839464,56.752823,3.001786,-36.389275,3.0415113,42.547318,3.2941093,-24.721165,3.3498154,22.430027,3.4329162,-8.025497,2.9261003,14.72859,3.2103784,2.8832233,2.921577,-3.6485307,2.796447,1.6872799,2.881912,1386.021947804325,65.44809709435856,1809.2844422621893,48.08561177948939,0.00020079325,9.925568e-05,3195.4074372824825,0.009870486,0.00090130244,0.05569804959396752,0.006589201673275006
-369.1018,4.095064,148.56294,4.458559,-37.702232,3.791106,71.26074,3.939082,-40.339073,3.3487778,36.784897,3.531976,-25.331053,3.137745,33.701096,3.298124,-8.546136,3.238373,11.050467,3.1420736,10.944593,3.6362095,-2.796998,3.8530517,-0.32283908,3.068877,1722.2959174476262,96.16413031030383,1973.3658244848996,51.49997393637609,0.0003737261,0.000689394,4097.703605350928,0.009647011,0.0008704996,0.06882613109048724,0.00895597065292554
-378.39102,5.5690627,171.0853,4.1407757,-37.086643,3.4757042,45.195057,3.5513418,-36.98797,3.491471,36.646893,3.0889614,-23.15272,3.2949932,22.784937,3.0935135,-11.289444,3.0559304,3.5069351,3.0676618,2.2860403,3.3430026,7.2171288,3.640016,15.858439,3.8144588,1371.5200863673363,70.92121381891012,1667.5765064081081,57.056253601415186,0.00027257018,0.0005895196,2727.1976621410963,0.00884257,0.0011582775,0.06946622136020882,0.008249754247323642
-393.15643,4.1186414,182.85757,3.7376804,-35.56006,3.6801293,53.779922,3.3361268,-22.353865,3.3488867,38.561775,3.2439058,-4.5121055,3.4990168,15.802704,3.3285115,-7.0566835,2.9354322,2.6730049,3.0301242,1.923141,3.0559652,0.9108769,3.1767485,8.822888,3.227219,1046.4092362481804,73.54895766495633,1424.483795882207,52.25593202669743,0.00013572039,0.00016122608,2141.829276029582,0.009885998,0.001161328,0.04045030633700696,0.007366102189175295
-371.04553,3.174373,186.10722,4.5374813,-48.70705,3.8111331,62.96915,3.651287,-26.05597,3.655986,34.24944,3.3116076,-13.312464,3.4090528,11.864705,3.0914824,-7.2880588,3.148873,2.4759054,3.0225837,2.7821424,3.0088236,-3.4706845,2.9593332,5.1575074,3.0681686,1162.4526556272554,58.68948218572383,1436.3648889837582,46.29124932830838,0.00021844743,0.0007300758,2486.435467571781,0.01013439,0.00081491214,0.05135676479118329,0.006573455823853277
-401.70114,3.6037602,175.5228,3.8908246,-35.29316,3.6333117,46.15936,3.6258948,-37.29316,3.3630655,39.81202,3.441885,-23.555588,3.7026565,24.521606,3.4812262,-11.273303,3.1486793,4.8047156,3.123568,-0.07488787,2.8491077,7.109227,2.9407551,17.61093,3.0737643,1292.450679571911,58.630963287937284,1636.7149874871286,49.23443040359333,0.00021604373,0.00045685118,2482.688390461862,0.008373952,0.0009035969,0.06352074572215777,0.005945199745559305
-372.86508,3.7724988,184.51646,4.6508183,-47.43501,3.9743156,61.41847,3.487857,-24.06255,3.4323807,33.886463,3.225604,-12.185102,3.1470196,11.835799,3.0731847,-5.303744,3.1398232,3.3715458,2.8999581,3.1173575,3.0478516,-4.237021,2.886282,4.824488,2.978054,1149.1697848525475,61.37803682551611,1434.0263206811758,49.58104778381266,0.00020699618,0.0006649506,2457.1333245722158,0.010120454,0.00091614196,0.04899352885730859,0.006919046330561552
-373.82773,3.415895,185.86551,3.885653,-44.650585,3.6666486,63.119328,3.419255,-25.007622,3.322914,30.798061,3.3220031,-13.566079,3.1506805,11.7350025,3.114551,-6.007667,3.087325,3.2208824,2.9324095,2.6876671,3.154391,-5.0034156,3.1264975,5.154361,2.8142667,1126.4629072410833,63.165672596560526,1421.70843264014,38.66148190277509,0.00017009354,0.000310618,2420.2620858106147,0.010364493,0.000979799,0.0480486876450116,0.006987829356343527
-418.91757,5.3643565,185.65712,5.989232,-20.751743,3.5693934,57.84075,3.6489394,-12.385591,3.8588114,34.165833,3.873215,-6.9977574,3.785856,9.255107,3.378873,-4.702752,3.0711012,10.251232,3.218542,3.8912334,2.8235567,-2.768689,3.0284913,5.308383,3.662129,867.7685182140499,103.86776209748818,1330.236715750974,123.2758977459472,9.4101975e-05,0.0002834191,1729.9755406213746,0.010089492,0.0011088181,0.03270917923433875,0.013347059859064397
-381.06793,3.851273,168.1207,3.4179456,-31.303972,3.123394,49.509254,3.3714292,-39.859287,3.1234796,41.96277,3.0840628,-24.258749,3.2210255,27.756418,3.214525,-5.4737673,3.216014,9.942592,3.144223,-5.37281,2.957377,-5.907166,3.0461085,9.107168,3.0400825,1404.5172415358525,69.62515242055707,1781.5795877391708,49.778946986318346,0.00024637717,0.00030220702,3026.414259625145,0.009325485,0.00093662494,0.06655352740719257,0.007018439233014401
-380.67865,3.3012118,180.8493,4.134577,-45.729866,4.006628,54.4883,3.5679626,-27.139921,3.699194,42.232334,3.5377762,-6.532631,3.578851,16.794046,3.077713,-10.306068,2.976337,1.5078682,3.1345968,0.8872661,2.964251,3.7735531,3.0755756,10.579113,3.0340216,1178.7312401791983,69.82578011765428,1482.6764919636933,50.7319186581087,0.00020442271,0.0005315008,2432.502537703016,0.00958182,0.00096483866,0.05219398020591647,0.008950438657379224
-373.70773,3.358923,184.44284,3.6227002,-46.297535,2.9626532,60.89758,3.0269322,-23.369423,3.0819542,32.20782,3.1200063,-12.083983,3.1030142,10.8203125,2.9504807,-6.4767814,2.980612,2.2702188,3.0560784,3.8890383,3.0772314,-2.676889,2.9820342,6.169318,2.9350343,1137.013034230809,64.25916084679429,1420.8631980292566,36.24320689498609,0.0001641289,0.00023790917,2428.105967227378,0.010263414,0.0010170967,0.04945688623839907,0.006940510775201089
-373.55087,5.57876,167.21246,4.9984217,-39.863674,4.2336464,56.839283,3.5905156,-24.534056,3.601892,43.444748,3.487686,-10.214207,3.5601716,21.28507,3.1976027,-10.717052,3.1105871,3.9242375,2.8898072,1.9849828,2.8172781,1.8211435,3.045005,10.446665,2.9784884,1295.97214889166,101.28056480593396,1650.1744371503905,69.94265384322628,0.00022944766,0.00028409687,2844.805922364414,0.009911639,0.001187246,0.05123214544663573,0.010397467093126481
-383.97333,3.8329303,171.98965,3.4326804,-34.65935,3.3057454,44.47739,3.3074336,-37.314064,3.3869765,37.76048,3.157148,-22.2307,3.0412838,24.47571,3.1505072,-9.123982,3.259241,5.2683864,3.2355714,1.153974,3.26923,7.805206,3.334176,17.835745,3.4731636,1327.811448877279,61.47637306457945,1654.6499019042876,49.82926930571213,0.00019968346,0.00020668152,2595.9000802095416,0.009576199,0.001127096,0.06589644359048724,0.00794408882962302
-380.96332,3.9916673,164.60564,3.7214758,-29.760849,3.528756,45.75911,4.1064754,-35.163513,3.6203613,36.075157,3.351197,-24.097448,3.5099227,25.384335,3.4735456,-2.9398282,3.4342747,10.672514,3.5529025,-2.3199656,3.2637095,-6.0950465,3.3393462,4.6886554,3.1068695,1402.1482534642983,63.57063534108754,1749.0612537087645,53.50794131831114,0.00026887265,0.0006977677,2925.492982797999,0.00917834,0.0012345612,0.0683616408062645,0.007349965573604834
-414.4845,13.18607,184.90381,8.529141,-22.287945,7.602169,44.353554,4.3719625,-13.153798,4.857149,27.006847,4.255778,0.4511063,5.081481,12.738934,4.1851563,-1.232092,4.488227,5.203771,3.8283157,1.560317,3.4183414,-2.7053506,4.4626303,6.883048,4.986171,899.1311671809337,143.07731423164756,1285.6774472355553,132.95849379379007,9.71053e-05,0.00028268917,1719.5087052276683,0.009927574,0.0021714293,0.03800096976508121,0.013206964316313258
-370.3248,3.3704488,184.05804,3.6952446,-47.555,3.2390163,59.84285,3.0562315,-24.000393,3.1838074,33.426693,3.1525276,-11.29839,3.2977393,12.043155,3.2060158,-5.67985,2.9698787,3.0289116,3.0464618,3.76736,3.0350995,-4.159022,2.8672712,4.0369706,3.3216379,1162.0705417263655,59.33737131673965,1432.7748870268335,35.42204894188574,0.0001829984,0.00023255573,2479.765670316125,0.010000899,0.0008176879,0.052204176334106726,0.007185707806487183
-377.3993,3.5913136,191.24504,4.3616533,-47.600014,3.6427696,60.16206,3.4040918,-23.606947,3.1200566,30.830378,3.237021,-11.877424,2.9754727,10.433972,2.7986422,-6.5448546,2.7784157,2.2912443,2.9742877,3.5138435,2.8974693,-3.5884945,2.7867038,5.1484203,2.9680235,1082.8625031183094,57.79957684250991,1360.2689533653142,44.178902665448675,0.00016974076,0.00049563026,2258.862984429379,0.010251983,0.00087385013,0.04770655089907193,0.005933954542150057
-384.17242,15.471353,183.22446,12.742415,-34.656322,5.591344,51.132206,7.452219,-15.593896,6.258407,23.324455,5.4188867,-7.0881567,5.5970674,7.9420114,4.2893596,-0.07749647,3.9834876,2.563139,3.8036423,5.0874524,3.4568667,-1.3741812,2.9068804,6.377748,3.5020165,1040.1199791837416,231.94556462418015,1341.1332825071545,183.16936806273858,0.0001539991,0.0005385536,2166.53500444098,0.010345293,0.0012447572,0.042410228755800465,0.015884494165106233
-387.36588,3.3191755,197.35416,3.8555129,-45.87683,3.173631,55.649807,2.8934588,-17.492273,3.2785578,27.531164,3.0485635,-7.5691614,3.2248895,7.426573,3.3003526,-4.550922,2.9821677,1.2807919,2.748902,3.829573,3.0194094,-4.5328,2.7875738,2.859286,2.8110814,985.434100941783,53.902494269478716,1254.16297672953,36.39438881226005,0.000113760856,0.00019554596,1990.7721074717228,0.010307743,0.0010200551,0.043329013196055685,0.005694549962305262
-338.34933,14.557366,149.37427,10.282537,-79.13167,9.398309,76.87809,5.9995475,-42.270336,5.031158,43.481705,5.8826156,-29.652536,5.715366,26.577583,5.619296,-15.314713,4.4785004,4.7912636,4.661421,0.51969594,4.024033,-0.8968081,3.6125388,12.202791,4.060153,2058.576841801495,215.1538448078911,1822.8665158730566,105.498751898135,0.00086697546,0.0013096044,4115.314867767546,0.008140383,0.00097330165,0.134738435324826,0.026083830781270165
-372.77255,7.4714513,171.58963,9.406413,-56.668034,4.4979267,44.120758,4.887246,-21.225702,4.163988,16.914253,4.8118854,-19.4253,4.0919237,4.9116945,4.406597,-9.987788,4.121638,-5.5075574,6.398588,2.9088879,8.887301,10.420301,9.007089,17.547579,5.305784,1327.5441645099281,95.48021093434329,1370.0810632111047,98.03605057161916,0.00021710501,0.0006268418,2517.985856837297,0.00967044,0.0016256315,0.07175695149361949,0.00786068558996511
-371.84042,3.7352786,185.60753,3.1885366,-47.14574,3.0910912,60.623207,3.1827748,-24.840391,2.9369817,34.053364,3.0700061,-11.443372,3.064971,12.376986,3.0236776,-5.920187,3.010272,2.917599,3.1319745,3.4396338,2.9711626,-3.202831,2.911634,4.690705,2.8945448,1136.1424307195155,56.72444930924305,1423.8545210056661,30.554507469793784,0.00016311562,0.00013893476,2412.6430290204466,0.010292177,0.00088824704,0.04908189530162413,0.007265014971781804
-427.48663,8.306577,198.12619,7.4866037,-28.303986,4.239284,36.9831,5.784276,-21.46399,3.3215525,14.520182,3.827857,-9.89267,4.413972,2.4570765,4.406582,-0.85459626,4.144513,5.1411653,3.9906976,6.0571923,4.3385353,-2.758809,4.1983027,-0.09712783,4.2251635,906.1280819305671,57.09552523387845,1121.304951799467,83.21646710150162,6.812891e-05,0.000104560575,1543.3461200333527,0.009336609,0.0020507032,0.05316601109338747,0.00782439349397207
-378.62564,3.8028815,171.70728,3.3802717,-37.076454,3.1754205,46.61685,3.2285235,-40.541492,3.2438607,43.70043,3.0858684,-23.125385,3.2984266,25.785664,3.2043195,-12.9037895,3.2431743,4.9401956,3.5334828,0.31095013,3.7317824,7.290157,3.8700933,17.703066,3.033345,1395.607663000944,64.51293168472732,1726.552909529597,44.07763372630817,0.00023775604,0.00023263157,2848.5280189602668,0.009414956,0.0010380927,0.06909802784222738,0.00727049886166138
-388.7707,3.5491507,177.6242,3.6811752,-33.658375,3.5104227,42.65633,3.719337,-38.145695,3.4106386,35.261593,3.4290688,-25.42058,3.2034907,23.283287,3.3268027,-10.770231,2.8683712,5.486907,3.2561123,2.724781,2.7395756,10.036147,3.119154,15.574527,2.992515,1264.6286903145265,51.63366781406953,1592.0905528191877,45.4747518323337,0.00018550243,0.00055332447,2332.0558906431265,0.009958222,0.00081138156,0.06458794047273782,0.005935453259496799
-388.86002,3.7607045,172.0062,3.6615078,-30.953884,3.512837,48.081318,3.4372973,-37.000935,3.4169567,39.190456,3.291053,-22.199594,2.9407725,23.688076,3.0516198,-7.8742595,3.070686,6.9635067,3.0107634,-5.24827,3.1314287,-5.023985,3.1008368,8.224547,2.93919,1289.0902376483582,61.25964844267248,1664.6079636070356,50.49715408690963,0.00019780028,0.0004030417,2591.1038215088456,0.009684011,0.0009144377,0.06017868148201856,0.006902853065512806
-340.5606,7.474008,162.932,5.590139,-51.5448,6.3073277,68.02805,4.439825,-37.32969,4.699772,41.01779,4.5383935,-26.004944,4.354583,20.827608,3.7732182,-12.565965,3.4640694,9.188692,3.0418684,0.030438878,3.1280718,-4.9368033,3.2602973,8.813583,2.9596422,1617.7394223252345,110.33607512358027,1810.8856272747648,86.3340653817116,0.0004914886,0.0011599321,3612.3072365320477,0.00987476,0.00080183137,0.07873563478828306,0.011604023341254613
-380.08032,5.4464636,174.86533,4.1396623,-36.58949,3.9030776,44.378998,3.770973,-34.01143,3.4445138,42.66831,3.719675,-21.091644,3.4235084,25.937754,3.417193,-12.717928,3.4520245,5.1021166,3.2178864,1.2071756,3.384504,7.150584,3.7239158,15.715531,3.5684493,1313.394291515629,72.15760744947268,1663.808643578223,50.05774986154413,0.00022397908,0.0003336892,2534.0733078958815,0.009412239,0.0010960808,0.06380623731148492,0.008278944954839879
-365.088,14.013596,182.65198,5.321148,-47.19203,9.823081,59.531708,5.2379255,-28.809597,4.198999,33.428947,3.5822895,-19.593363,3.8033314,17.391432,3.4726546,-9.515743,3.1635592,5.3387628,3.208785,2.5256314,3.4979362,-4.057583,2.9808517,7.605534,3.3015883,1227.701309230353,94.76937016034579,1501.103790042629,63.71148534623822,0.00022528364,0.0003249379,2575.8407274144433,0.009970333,0.00094541896,0.05619086245649652,0.01169766180924784
-386.0141,3.6702085,193.83495,3.0888114,-44.09295,2.8852837,57.966724,3.039353,-19.316528,3.0063465,27.952957,3.0696402,-10.223381,2.9138775,8.754522,3.1174634,-3.444491,3.0363688,1.8455261,3.0570412,3.7255297,2.980298,-3.5417538,2.8904483,5.324477,2.900971,1010.3089220109833,48.7676877431662,1298.6184713852942,30.241766383824746,0.000112228336,0.00012090507,2074.531771135441,0.010340271,0.00092099566,0.043127356438515084,0.00618529690409987
-376.52625,3.9323037,169.775,3.9228437,-31.409107,4.0166183,48.716293,3.6473951,-37.46733,3.670252,38.634663,3.2376902,-22.359678,3.4346304,25.706188,3.3328786,-6.4868665,3.171,9.753116,3.3108795,-2.9855373,3.0155835,-5.0721216,3.215065,5.62485,3.1621633,1359.4180259126542,71.1536236539074,1729.339495468083,50.905256846839,0.0002575303,0.00055211503,2858.4952440726506,0.009560798,0.0011025738,0.06447238435324826,0.007968220845388353
-340.958,3.347282,156.55257,3.9104545,-47.50971,3.5864704,67.05096,3.8911529,-36.84936,3.5263302,42.555813,3.407739,-25.805674,3.414655,24.044199,3.1916025,-14.873397,2.9813533,8.667721,2.8007166,-0.8002145,2.8105328,-3.052315,2.8708582,7.917537,2.8918402,1703.681759313608,72.32414479896148,1913.4810373443665,36.77177302396073,0.0005797567,0.001541668,3865.4847465922276,0.009513072,0.00078469794,0.07953319859338748,0.00980508923050343
-386.5155,3.5279748,194.975,3.1263802,-44.162586,3.172167,55.889183,2.8675313,-19.911604,3.1785297,27.339643,2.9398015,-10.63791,2.987711,7.43222,2.7778625,-4.7939444,3.2348843,1.6648109,3.057777,4.7916813,2.7781632,-2.4014068,2.7954507,6.0355215,2.724803,1010.2939571973661,47.75819104926081,1284.5124804259774,30.265257330896087,0.00011046893,8.0334394e-05,2042.0820833635441,0.010190951,0.0008205122,0.04434636020881671,0.005601598037192558
-434.20163,5.7024207,194.64621,4.132114,-14.929867,4.3229237,47.046375,3.4767413,-9.180142,3.8211217,22.052557,4.238621,-1.2665387,3.8102207,13.138786,4.3908067,0.15124539,3.6873555,3.5371518,3.7796738,4.0141935,3.523032,-0.6784443,4.156268,4.355507,4.2877226,745.8873769194149,64.23326610906771,1158.310562087589,63.810302401133875,5.406341e-05,7.140084e-05,1373.8283515806265,0.010134383,0.0017170043,0.02691324680974478,0.006637592342074608
-380.07925,3.400793,185.68875,3.4930637,-43.702793,3.389919,58.364567,3.3246903,-19.53725,3.1816468,29.346502,3.0030203,-8.612893,2.9782717,11.556913,2.794316,-2.8350782,2.7824287,1.8717234,2.906704,3.6044512,3.0310855,-3.606719,3.1098206,4.6606774,3.108409,1078.6792100508146,60.463777619719814,1375.2273348232309,37.147107452338936,0.00015255724,0.0003516985,2292.4617758483178,0.010393188,0.0011290243,0.043756117676914154,0.007186649577489662
-339.18408,6.2872167,172.96085,5.011962,-64.49488,4.9408007,58.233215,3.866528,-46.912937,3.7003703,37.893654,3.3202288,-22.041555,3.5329103,22.068954,3.6640732,-8.996207,3.3197882,8.003694,3.108022,-3.2184129,3.1817305,-5.9211073,3.0338616,6.246633,2.8924255,1583.5163013970412,93.65122341704905,1660.564775061259,39.93652065465391,0.0004611827,0.00060762925,3329.302992676914,0.009403453,0.00080798357,0.08801864305394431,0.010196083125786595
-359.79074,3.819031,143.96477,3.6693494,-41.577778,3.708613,80.908424,3.776944,-41.437828,3.365238,35.61675,3.1291203,-30.305857,3.4792674,32.6513,3.0460958,-19.299911,3.215717,0.10952957,2.9470704,8.146347,3.0929952,3.6947348,3.5767412,11.048354,3.328799,1926.9163061156555,93.81263786956053,2040.0384201391398,36.60644265949594,0.0005394144,0.0005194263,4497.9164212043215,0.008752839,0.00085170486,0.08999555901972157,0.01102148222792199
-382.30472,3.761512,188.12938,3.2643914,-42.98416,3.2118273,59.71726,3.1767612,-21.010046,3.0754564,30.290936,3.272534,-10.971102,2.8789597,8.933882,2.9346876,-5.7447205,3.120624,1.1558837,2.8721242,3.7458258,2.8515415,-2.5766897,3.0783737,5.4106784,2.9470174,1063.0743879704626,60.88586602683677,1363.3373048259507,34.54459839435659,0.00012995167,9.436333e-05,2229.1611532047564,0.010278512,0.0010955689,0.04420474731728538,0.00653336445358636
-384.6867,3.343207,193.8973,4.254281,-44.360683,3.563735,56.96542,3.6480293,-18.202843,3.4147534,27.852808,3.076325,-8.91984,2.900708,8.099646,3.0455537,-4.315134,3.0848386,0.6207796,3.289385,3.311945,3.1186602,-4.0119467,3.0913048,3.581869,3.0155346,1014.2224291810508,57.996484738833864,1292.1496386621893,45.96327884289624,0.0001361126,0.00038504406,2080.8518411941704,0.010208349,0.0009718623,0.04452649180684455,0.007027954331180895
-389.51413,3.7344992,199.35893,4.282972,-45.882122,3.2065516,57.824028,3.5589566,-19.676216,3.259874,27.325012,3.3129442,-9.18978,2.9461927,8.748262,3.0040781,-4.124327,3.0032487,0.52717036,3.2697496,2.0361977,3.0096235,-5.5596094,2.9651167,2.4017847,2.7961977,982.5535031217747,48.82835294480124,1253.6851912150908,42.96067241818379,0.000121332414,0.00039006188,1991.021912612384,0.010168617,0.0007426557,0.04202504169083527,0.005334616501841767
-356.3523,6.641179,113.91837,7.26036,-61.621475,4.339129,92.8084,5.5694537,-59.686226,4.9081144,49.7284,3.861137,-32.512566,4.2875705,31.67948,3.7392118,-18.514318,4.1853156,14.553987,4.8844457,5.4659643,3.9799225,-7.740259,3.4037275,18.418575,3.9532328,2949.358053207592,185.96994772299777,2199.36308317199,51.176175014195486,0.0016342134,0.003649288,5616.668743655742,0.006447336,0.0005556026,0.23564385150812064,0.03558444107235212
-345.5857,30.691975,158.65411,12.123698,-50.798786,10.45179,54.336975,6.8943753,-32.311867,6.7669153,26.078241,4.4055967,-16.43199,6.1579895,8.653578,4.7732725,-10.3693,5.3769417,2.6304905,3.735986,-0.44147563,3.8730092,-2.534618,4.4223986,10.112937,3.7981868,1585.6810439794428,203.57970116727176,1646.1454142672976,142.16789000498989,0.00044290128,0.00054515,3365.1999913899363,0.008892228,0.0032809696,0.08578229227088167,0.01722452427827522
-361.61655,3.399089,148.7101,3.8028994,-36.613266,3.4780822,66.15839,3.5726585,-45.33756,3.2988348,40.450996,3.5647047,-29.32158,3.0215259,24.766815,3.2191024,1.2594569,3.264253,7.407998,3.4550934,-2.5431411,3.4305398,-4.0610867,3.4432387,2.8473027,2.8860166,1783.8755145050027,89.01941555780898,1973.3337883033075,46.5400298469459,0.00042375523,0.000806999,4353.828816070911,0.009376856,0.0009481309,0.08232807062064965,0.00812565750583473
-381.29163,3.7283282,187.15767,3.9094658,-44.917698,3.4357357,60.008034,3.2486625,-20.939875,3.3073776,30.322102,3.1948278,-10.48754,3.0117307,10.771995,3.0617292,-3.535614,2.9740248,2.8257062,2.8658028,3.3556302,2.9612935,-3.9256454,2.953807,5.1088495,3.1441252,1081.65901155385,61.631696986774145,1376.5132372583237,38.386360132356806,0.00014967377,0.0002799234,2288.2150884570765,0.010275821,0.001103531,0.04478139501160093,0.007096255268357896
-343.55035,3.62189,158.9371,4.014062,-47.275738,3.7652147,67.562584,3.6428435,-37.727863,3.579211,42.213856,3.388826,-27.268543,3.3759482,19.979652,3.2755497,-15.070199,3.1641364,8.28379,2.958219,-0.08445489,3.0054233,-2.3570516,3.0238523,7.8407454,2.9597342,1665.4610665527814,75.32217721458922,1878.1279526763171,37.90546416299533,0.0005119558,0.000933524,3803.6579742785675,0.00954299,0.00090770295,0.07740673941415313,0.011167053701221315
-322.46985,7.464335,141.4231,9.839224,-76.89641,4.2033787,67.36182,6.503189,-49.537285,3.876203,51.71632,5.31322,-28.97176,4.2036643,26.248018,3.784576,-16.180971,3.6809309,10.243456,3.3563786,0.7553205,3.1910315,-3.025186,3.1650805,13.262782,3.277019,2254.5342631183116,244.40085710209752,1962.3335903443406,102.0392912787839,0.0010920515,0.0010461978,4596.339646624855,0.008417258,0.00073404436,0.1453492060614849,0.025357624355843936
-413.58453,9.218945,183.29419,7.184409,-23.712135,4.478551,61.021984,4.304347,-17.843094,3.8836699,35.246143,4.297943,-11.057481,4.6384134,19.597548,3.3822486,-3.4925208,3.561752,5.696057,3.28251,0.15687147,3.3106701,-6.773241,3.190459,3.547704,3.1013658,930.3762026471788,112.43706076576724,1407.8490701339947,128.63554904287773,9.358e-05,0.00012810665,1917.853986912703,0.010334203,0.00089681114,0.03168730060904872,0.007629673392493952
-378.01312,3.605563,166.21999,3.6373293,-33.030098,3.5568779,45.587406,3.7352524,-37.47086,3.3983579,40.436203,3.536842,-23.336777,3.537976,26.603842,3.0109665,-6.872544,3.040466,8.604458,3.0574656,-3.5329018,3.194383,-3.1611476,2.983342,12.659646,3.2367508,1421.217868760452,68.2193559778607,1762.2922244285057,53.066038377565164,0.0002650278,0.00051647733,2978.176886963457,0.009389112,0.0011254989,0.0706149851363109,0.007437560919463358
-375.18497,7.4905972,156.73364,4.8204966,-28.733047,5.900908,57.331806,5.1849732,-36.650097,3.554533,36.115135,3.8779383,-16.55744,4.5328298,17.720919,3.4632447,-8.211263,3.963392,14.089949,3.4548361,3.493367,3.6164215,3.890144,3.794043,13.968077,4.0671973,1442.736333461883,108.0194495849899,1799.718221087231,60.068492890643256,0.00026752704,0.0006980066,3424.9034200079755,0.010330873,0.0018348045,0.05735208816705337,0.00914600971221029
-394.84436,4.399864,182.22495,4.2983513,-34.707474,3.50702,53.044147,3.3242495,-21.521267,3.626779,38.62935,3.2497904,-3.7967803,3.34224,16.323763,3.4496508,-7.2618723,3.1490512,1.5986456,3.0138512,2.0081785,3.303033,1.7384744,3.0952346,9.768346,3.1885679,1039.8591221034349,71.40874827136128,1422.6927458735697,60.54405241866894,0.00013740288,0.00021861098,2121.245332439095,0.009842651,0.0010955379,0.03970372317285383,0.006940287198049828
-332.53107,11.075538,151.40916,4.41714,-80.4497,8.025324,68.65385,4.533262,-41.40066,4.3646603,40.55438,3.7672584,-34.184437,3.6714795,21.486107,3.6983235,-11.148104,3.4328785,6.543533,3.370243,4.9932356,3.4963381,-0.49140212,3.3325734,10.580281,3.1229858,1984.8323107518554,106.15216350580631,1776.0837593735926,57.79651700792795,0.0007017731,0.000514119,3968.279561974333,0.008615675,0.0009569081,0.124507187137471,0.017417144431245972
-376.48773,12.484564,198.84625,6.7890596,-50.553825,5.2783422,55.564316,5.2167177,-23.310719,4.8430157,24.906487,3.7335448,-13.087992,3.638082,8.834188,3.4206722,-5.0897284,3.8198478,1.5717317,3.1701262,2.9331493,3.381636,-3.9629312,3.233843,6.3990717,2.960422,1055.5802309865978,94.45717995340189,1275.0938817434296,78.89560541759984,0.00015432421,0.0005020021,2109.904179053074,0.0101884315,0.0011176834,0.05064756743039443,0.007417530451173701
-391.33926,3.198296,181.65343,3.981059,-37.55806,3.5086305,53.038574,3.3799539,-22.364386,3.285384,39.225773,3.2148707,-3.3087041,3.5885885,16.007624,3.1057365,-7.3640327,2.8971088,2.4517229,2.9632008,2.1944125,2.8540666,3.3408732,3.137009,9.529333,3.313063,1065.8028478739893,67.99685806082962,1433.0358494540035,51.049623330895706,0.00014201978,0.0002369696,2196.8863290313225,0.009996753,0.0011228756,0.04138041980858469,0.008614672741947826
-380.38864,5.7668433,164.20555,4.519279,-26.62263,5.4190655,55.0929,5.4029045,-38.93113,4.5378475,37.79219,3.5199594,-19.884003,4.177155,18.159857,3.9083378,-9.048553,3.884633,14.387534,3.7818727,2.9794211,4.20886,5.0580773,3.8616154,7.952458,3.8070598,1385.2189561268385,94.25131931667372,1776.5182259492694,59.78680128119253,0.00026176413,0.0008052525,3238.7985902153423,0.009734252,0.0011700152,0.05810886745939675,0.007992435124035059
-389.34976,4.012634,175.58846,4.1153903,-33.770233,4.081336,42.655388,4.026345,-36.207703,3.9701538,39.35238,3.638039,-21.522831,3.2508895,26.016953,3.2831507,-9.843371,3.223412,4.1444,3.2024465,-0.12645449,3.6062677,6.3993287,3.545213,16.775352,2.9000719,1285.8151143716643,64.92994432650316,1635.2408212346877,51.11656161710187,0.0002130206,0.00039792235,2438.47288056482,0.009127231,0.0010234584,0.06357625797563805,0.00894836618181304
-382.13855,3.5552459,189.52931,4.5497117,-44.24738,3.8296447,59.674366,3.7153864,-21.51863,3.6344175,31.44974,3.2514853,-10.320127,3.1756532,9.999404,3.0442584,-5.6260085,2.9218354,1.6560602,2.9512823,3.8530817,2.9552298,-2.76407,2.7897568,4.4726887,2.6435592,1058.534477940414,63.695071675666405,1359.589256449521,51.844616904839626,0.00017674798,0.0007235063,2213.5733124274943,0.01024633,0.00090765813,0.04434975891821346,0.006638106089580673
-378.721,3.791874,186.20152,3.1981087,-42.672184,3.086159,60.949226,3.3101442,-21.069773,3.0609953,29.787878,3.0485065,-10.589133,3.0058558,10.80018,2.9574285,-3.809641,2.9532988,1.8109589,3.3117397,2.1277099,2.9789066,-5.60615,3.1103396,4.364601,2.9689422,1082.116278571998,56.91015487902069,1385.292993319908,33.091246034881934,0.00014605517,0.0002199087,2307.27522068953,0.01025914,0.0009191193,0.04445738471577726,0.005897297846820235
-384.5463,3.49026,182.11372,3.1805615,-44.10504,3.04191,52.781067,3.271503,-26.381296,3.1040742,41.12293,3.1260011,-4.0924664,3.465446,16.544285,3.2225711,-10.293078,3.2195642,0.34775254,3.1250355,0.8656122,3.0276415,3.9315777,2.9759734,10.60606,3.4501925,1148.0058726777377,57.73996758384333,1447.1506185710061,39.82349118406618,0.00016263759,0.00014980762,2328.6335602160675,0.009556508,0.0007560639,0.054409938732598605,0.007872024350259077
-345.9807,19.987032,164.8985,8.261253,-62.678917,10.3017435,63.962307,6.423959,-37.54047,5.914011,42.415833,6.7091475,-21.968536,4.772547,19.54532,4.575344,-10.11772,3.615193,5.037301,3.3104906,1.0628374,3.108316,-3.3135061,3.3775918,8.265945,3.2502449,1640.663135955342,180.88494216487845,1716.3548766706535,124.92939046623401,0.0005072815,0.00074633496,3509.237635495215,0.008828586,0.0010592239,0.0872142818300464,0.018301425714315294
-413.40274,5.424996,187.90797,5.3955564,-18.274405,3.7384346,52.45859,3.44273,-13.480172,4.2939763,26.96489,3.2762759,-9.556817,3.8961732,7.7991996,3.2739735,-5.0992665,3.2885325,8.404399,3.0351896,2.569222,2.9181256,-1.5382094,3.1146975,7.9227924,3.1016538,866.1393451065431,95.73756434738755,1301.7824978173333,112.59454167072069,9.423197e-05,0.00023230391,1683.187037775522,0.009946862,0.0010942654,0.03375598172853828,0.01267174937889725
-358.23096,6.9387774,185.61789,5.4715943,-56.19382,3.8692434,58.79769,3.730939,-30.53318,4.057914,33.05715,3.5603106,-16.900478,3.5133486,11.845598,3.393951,-7.748062,3.0996501,5.814563,3.2003887,-0.05400975,3.3897736,-6.4987526,3.353289,9.524464,3.0123973,1258.023967958788,84.39266214344745,1452.534462217497,63.22406124363235,0.0002495742,0.0005581487,2617.882932587732,0.010054493,0.00085150887,0.06212274325696056,0.00839780110501069
-392.72244,3.7584162,183.08015,3.9433472,-37.246475,3.4507058,53.17124,3.2307742,-21.215881,3.2179463,38.390015,3.44011,-3.4666722,3.3597767,17.785254,3.2317386,-6.406287,2.9457676,2.2025812,3.2286513,1.9049901,3.3563647,3.069143,3.266371,8.601608,3.365104,1044.0507221196121,66.20150741311251,1414.1928351711254,49.210086447459084,0.00014269115,0.00037924724,2145.2765869707077,0.0100485915,0.0010870262,0.04158207656612529,0.007624874058534231
-373.8309,3.595438,184.38799,3.5806785,-45.8098,3.0892963,61.422028,3.491233,-23.478779,3.13448,31.981796,3.1113126,-12.368466,3.2368937,11.465866,3.27417,-5.971607,2.9977129,2.1459801,3.049581,2.862987,2.8060837,-3.9606557,2.931282,4.766794,2.8382397,1139.0010080960212,59.76068441902562,1425.4633774003785,37.496832360497926,0.00017911363,0.00039692692,2441.020892999565,0.010151757,0.0009619574,0.04907962949535963,0.0071385872388914145
-390.1126,3.6695282,177.31241,4.547929,-37.60596,3.5472085,46.137524,3.784568,-39.801296,3.424085,43.42398,3.5691786,-24.680504,3.5024242,24.85071,3.4704306,-14.041595,3.286751,5.792284,2.9079773,0.7367347,3.0027683,8.577137,3.0197184,16.998667,3.2580945,1334.2122883029429,66.06444827033327,1675.3394941858426,56.366709036770786,0.00025781136,0.0009519093,2570.5198779183584,0.008878664,0.00086594076,0.06677784222737819,0.00606581559129809
-376.52908,3.8772652,162.96158,3.0377154,-32.087116,3.1539202,50.42717,2.9209933,-37.118057,3.3292465,32.32344,3.1486115,-23.140217,2.9565744,26.816286,3.307594,-4.744286,3.321434,7.461479,3.0763838,-0.078314885,2.907971,-7.5560427,2.9601452,2.637561,3.0107932,1427.84400143578,66.75684229634959,1741.0379467469602,49.98495764548275,0.00023901773,0.0001661094,3027.013791962732,0.009454367,0.0013628852,0.06966108069895592,0.0069567337216752175
-382.7185,3.8019636,174.10052,3.9638257,-39.45778,3.8779001,46.717514,3.7844539,-41.168774,3.9604852,40.65867,4.157514,-25.366528,3.4506705,25.379452,3.1846554,-12.093719,3.2537403,5.769923,3.3058455,2.9511204,3.2220933,8.511554,3.048455,15.435035,3.2244878,1381.593544289226,62.77248960066416,1687.2429607497224,52.73106894148055,0.00025661223,0.0005230072,2737.914302675464,0.008964399,0.0008357747,0.0703192974187935,0.008087826644080767
-380.1135,3.7034225,187.94908,3.716164,-43.472294,3.1084924,59.518986,3.273283,-21.046522,3.2519202,30.33571,3.1710885,-10.9719925,3.0967948,9.335464,3.0281656,-4.849375,3.0227358,1.4613668,2.958122,3.9329243,2.7882414,-3.055474,2.9221096,4.9231706,2.9164133,1072.1379672079436,59.50243828935572,1367.7436708531548,39.08442908150749,0.00014548273,0.00024565606,2248.046421838747,0.010247118,0.0009801725,0.04538070076856149,0.006725823872498086
-373.86774,3.4880083,186.20984,3.3354313,-47.190796,3.0657287,62.945484,3.064978,-24.904636,3.1836216,34.330708,3.03461,-12.142816,2.8839524,12.259172,3.0023775,-6.495543,2.7905214,2.518868,2.9931104,2.281172,3.0158672,-3.7562165,2.9888415,5.581075,2.855064,1129.4781288810002,56.88936746700428,1425.7271243808214,33.2700463944767,0.0001718413,0.00026582807,2423.7593577798725,0.0102720605,0.0008837233,0.04886324499709977,0.006540956704875983
-356.751,4.291336,163.29448,4.4143376,-52.430313,3.9466116,62.687164,3.7970986,-31.89752,3.500824,49.70871,3.7177017,-15.874193,3.4024863,25.663448,3.0462987,-14.060698,3.4723558,5.0422797,3.1653044,1.3483405,3.0374315,0.49838385,2.9180655,10.380038,3.1169918,1530.2854520021067,89.79172425975715,1771.1410908623318,57.6839764952719,0.00037388588,0.0006267898,3395.4264134099476,0.009554099,0.0007446059,0.07100130510440836,0.009837366282924328
-431.77295,8.103077,191.83414,4.92404,-15.392265,4.0155377,46.058956,4.360822,-9.384557,3.9988606,23.94829,4.011636,-0.18960108,3.9664197,13.432137,4.877151,0.069434516,3.9471154,4.2025642,3.2245188,2.8477976,3.285715,-0.95067537,3.98987,6.169762,4.646737,764.8596303156862,80.79550904487094,1184.7085636092097,84.05833544651374,6.27788e-05,0.00014260998,1414.996238761601,0.010140462,0.001876815,0.027609982236078887,0.007709465165209435
-381.37332,3.6207619,166.06172,3.9247875,-31.149696,3.2492313,45.85755,3.579331,-36.109737,3.4750996,38.60672,3.206298,-23.601345,3.4632645,25.391432,3.1731384,-6.3123856,3.2131083,8.520889,3.0347884,-3.3723805,3.268274,-3.4324813,3.310414,11.509079,3.1235662,1389.0553559740533,69.21819336715272,1741.6901380306506,53.94240730661251,0.00023252652,0.00033499784,2880.453115936775,0.009485162,0.0012014677,0.06771475311774942,0.008736027835960196
-377.23944,3.300124,189.34674,4.1396503,-46.54584,3.7415912,58.99668,3.4667091,-22.578104,3.548678,30.359022,3.2851942,-10.986745,2.8909516,10.114967,3.036677,-5.6483502,3.0522249,2.6507416,2.8514004,3.8565106,2.8759713,-3.473022,3.0244722,5.312244,2.8403096,1082.6580199843859,56.44056226784643,1364.6283158902772,41.947429217934506,0.00016887928,0.00045674123,2266.7068658461426,0.010252941,0.0008848325,0.04778698702146172,0.006017888877569933
-382.2105,4.065745,171.8776,4.406542,-37.84363,3.9856298,46.119263,3.72326,-38.51259,3.4459448,45.538647,3.1769063,-21.66169,3.261136,26.3467,3.2218769,-14.255739,3.1782582,4.8255305,3.2422245,0.16623718,3.2741241,7.557211,3.164912,16.741394,3.6718745,1399.7279346833575,74.23134593523994,1734.2112484965598,53.3969260908509,0.00028903133,0.0006493487,2837.7364368837007,0.008780751,0.0009665442,0.069833281975058,0.008580263390059645
-373.29843,4.996179,165.33632,4.6325684,-41.066742,3.471664,62.50858,3.4193106,-26.766785,3.4971197,46.080585,3.3076596,-13.467864,3.495845,21.230047,2.975601,-12.257409,3.0267518,5.2482,2.9805138,0.41002527,2.985402,-0.2706965,2.7594209,10.085417,2.842305,1360.743641874514,93.93553246233807,1715.0943360348563,63.874002288576136,0.0002701734,0.0004972001,3098.0583739667923,0.0096502835,0.0010131864,0.052725311774941996,0.008165559160534422
-386.44284,3.4831595,178.08527,3.6045434,-38.03825,3.562491,45.324265,3.7804334,-37.312515,3.550726,36.671654,3.4320652,-25.912848,3.3139508,22.062332,3.2166853,-13.133361,3.3359146,4.478215,2.9655178,3.3624017,3.1582465,9.874849,3.0915642,17.099829,3.1626084,1294.4497020470146,57.32688358668604,1600.4644169416345,45.056793401015575,0.0002158372,0.00033763747,2436.249614812935,0.009014727,0.0008508825,0.06792773890661252,0.008545001162831144
-393.65274,5.319835,183.23247,5.0447783,-36.236164,3.9866412,51.425755,3.6512978,-22.134209,3.7655263,39.8541,3.6686077,-3.9659812,3.98231,16.634317,3.3625536,-8.764201,3.0560784,1.1746019,3.3262343,2.041163,3.2610164,2.7501326,3.1724303,9.973695,3.3593202,1050.266889608259,79.91613941202783,1414.3184914521096,70.21051991613719,0.00014469094,0.0002950479,2090.918988362819,0.009947743,0.001181115,0.04440300536542923,0.007554443249718001
-387.57883,5.23064,182.2021,4.103557,-37.2073,3.3760302,49.21885,3.233652,-22.566145,3.3080404,35.494358,3.4046178,-3.866386,3.7728257,14.083936,3.276938,-6.739498,3.0268884,1.2550505,3.2006571,0.43172318,3.1444092,0.780732,3.5178602,7.303004,3.399385,1080.439011667085,68.33052662248552,1410.0324576837686,53.56376407555686,0.00014259602,0.00017026962,2171.730951366734,0.00981644,0.0014416676,0.04447437826276102,0.0086056640354792
-378.43222,4.0663753,161.77364,3.531996,-25.385433,3.5156982,46.383373,3.4597497,-34.945652,3.3933868,33.09953,3.2246544,-23.762648,3.1437154,21.590082,3.2416222,-5.004588,3.0763764,13.852788,3.2557707,3.1098075,2.9816658,-1.8560818,2.905165,5.6421375,3.109386,1382.3131614171696,71.77328937059565,1760.3402579352912,54.648825988512385,0.00022530466,0.0003669164,2971.382187137471,0.010049785,0.0015671799,0.06273224514211137,0.007140285723069408
-384.07278,4.090041,167.83006,3.8950582,-32.004753,3.8302846,47.7891,3.799815,-38.774498,3.6748445,38.37015,3.6367226,-24.248129,3.5245845,27.604689,3.2884285,-5.80989,3.1831758,9.569602,3.1122904,-3.1088517,3.4330103,-2.4478338,3.240842,11.891944,3.132948,1394.7671988930092,65.16993240010167,1750.7374459345049,54.29672893984089,0.00025237576,0.00054917944,2918.748244000145,0.009112836,0.0010466964,0.06760259570765662,0.007649960927901206
-363.81003,33.51122,163.36847,24.666243,-46.23964,6.918689,70.12858,13.338588,-37.65527,13.727428,42.26874,9.679034,-17.318014,7.6098347,17.47478,7.4769135,-9.430876,7.4565163,5.297541,4.2514668,2.9550147,3.2123458,-2.6953664,3.1084228,8.353238,3.6226838,1626.952211216849,567.9518397144908,1748.271248634116,352.2448253511767,0.00045317668,0.00060316955,3512.6100048941416,0.009283962,0.0010483658,0.08199159839037123,0.04132812834739548
-385.41196,5.2301693,178.76205,4.3261847,-39.896282,3.5383964,50.866074,3.7216163,-21.89517,3.5778415,40.9914,3.556591,-8.851546,3.8571258,16.394348,3.4245934,-3.4253287,3.240616,7.7607584,3.0803692,0.08194031,3.1652536,-5.874785,2.9387975,6.118388,2.9207528,1144.7857610314727,72.84642137363154,1460.2212545132522,64.4091755835364,0.00016540164,0.00032719126,2234.656866299304,0.009876238,0.0009112708,0.05719461463167053,0.008035755947531725
-376.76346,3.0327308,190.40999,3.799029,-44.660084,3.8058553,60.316486,3.2297542,-25.328085,3.257338,30.758715,3.3736124,-13.559835,3.106231,11.880016,3.080148,-4.2677474,3.0338035,2.7961504,2.8801816,3.3278944,2.849381,-4.2342587,2.9804695,5.5564117,2.8765583,1084.8883329988246,54.97987812701755,1378.8154396164591,39.443129259587415,0.00016866048,0.00046328257,2261.5358994344547,0.010227141,0.0007707437,0.047782455408932716,0.006221049521800275
-383.36838,4.4461627,163.11551,3.4245892,-25.086254,3.1456149,54.122044,3.191959,-37.63968,3.0003173,38.43345,3.3264904,-22.144508,3.4352503,22.3452,3.2287512,-6.0728326,3.1767788,16.20704,3.2389717,3.8075805,3.2733595,-2.4350839,2.9032533,2.9548,3.413631,1369.8224847589986,71.97054804783744,1791.0398060518075,50.63920773184766,0.00020271172,0.00016923848,3159.135730858469,0.009907965,0.0011522938,0.0558657192575406,0.006605492338217876
-380.69278,4.3712883,167.78445,3.7841597,-35.33486,3.6090982,51.34776,3.4516203,-39.23144,3.4747994,41.69292,3.3726788,-22.953074,3.4125912,27.755598,3.5833392,-6.263572,3.2359238,8.734094,3.2469146,-3.8977568,2.9988713,-3.0963178,3.2600448,11.256168,2.8877525,1417.9521153625535,73.1629677646279,1765.9806570765275,50.80543076454129,0.00026297217,0.00029673032,3068.681289425029,0.009095826,0.00095016765,0.0668140951276102,0.008565404618552694
-361.04663,5.4198556,145.40636,5.116109,-75.34828,3.9783437,67.66894,4.2129006,-42.44512,4.087317,43.664272,3.8546696,-28.591452,4.116614,21.785324,4.093982,-7.0609603,3.6469676,11.2871,3.6139219,3.1987271,3.1235883,3.724517,3.265514,11.607735,3.4233403,2019.3592101944453,97.82739282454693,1785.2855221859138,52.18884365454498,0.00062670483,0.0006186321,4035.277300699681,0.0075408476,0.00081295037,0.134268280524942,0.012980388810110158
-360.707,5.5257096,162.43152,4.3073177,-49.514065,4.186415,63.627064,3.9746966,-30.093016,3.3265102,49.242855,3.1195073,-16.139832,3.17282,24.840845,3.353703,-13.477893,3.2383525,5.2573423,3.0574057,1.6174827,2.9409337,0.43577543,3.2295327,10.401696,3.0116577,1505.6959186071927,94.4137124834337,1775.9769117980065,52.20146286085299,0.00035088108,0.00050536543,3375.0672944460557,0.009599898,0.00095948996,0.0663076874274942,0.010259688859124353
-417.79654,5.7624173,190.23087,5.098251,-18.942036,3.5139213,53.107826,3.9117587,-15.043646,3.6472795,30.085224,3.8897517,-7.583255,3.318773,13.681615,3.4956903,-2.3838656,3.5104828,4.5799437,3.0531843,2.8154,3.1654334,-4.192953,3.2156456,5.2828903,3.4135478,834.6437453815553,73.89580948360657,1280.426256964278,87.72305745214368,7.0948394e-05,4.3119835e-05,1599.0776469148782,0.010293744,0.0012066249,0.029540449173433875,0.007572159107247259
-372.10547,3.8039172,183.88351,3.0846627,-46.77966,3.0640004,62.116787,3.1691644,-23.895426,3.2369354,32.639076,2.9989743,-11.755447,3.0233042,12.144249,2.834302,-6.1957474,2.9890714,2.2944653,2.913002,2.564547,3.0651076,-3.8772647,3.0231686,5.483076,2.9451277,1152.3008114437341,58.349473493384,1435.5234860429323,31.535070713218914,0.00017080078,0.00017708416,2479.0412354082077,0.010198747,0.00093155174,0.048897232091067284,0.006574512824230632
-401.0781,6.937149,186.1922,5.454338,-26.091362,3.0256076,54.46736,3.9597065,-20.10452,4.0202355,33.293472,4.2167807,-9.468767,3.7215583,11.179279,3.3702126,-9.011623,3.0845008,8.533919,2.7169495,2.7595,2.9526718,-1.2697325,2.9851592,8.7,3.4689837,965.3554332936968,114.78974991212587,1391.8674824741408,131.55852643988396,0.000106601314,0.00014492088,1925.4980242169374,0.010161647,0.0009815394,0.03941030126160093,0.018327677040383426
-389.75034,3.5401106,190.42061,3.834549,-37.617172,3.4523072,52.044544,3.0795867,-13.375349,3.2661033,25.248423,3.3127632,-3.9918034,3.0322218,8.77534,3.0883567,-0.40801996,3.0251331,2.3938894,3.1980188,4.3915415,3.080905,-2.2545545,3.018569,5.0200295,3.0626833,956.5592343202343,57.67839361606503,1271.3199644655388,43.39293674763595,0.00011562104,0.00032568938,1960.895412648637,0.010551041,0.0012558189,0.03775059817285383,0.006614540096446336
-371.3437,16.177162,137.56476,10.663478,-25.137535,10.00542,73.01351,6.8403826,-36.737946,5.2611904,49.048813,4.78751,-21.63133,4.421178,27.468243,4.386726,-10.285747,3.5387921,11.962365,3.6403933,0.44365206,3.561297,-2.4002807,3.3982587,9.659262,3.4919045,1874.9361458885458,298.40678085679275,2169.3240989648825,140.19310650532168,0.00045435698,0.00061386573,4673.429513032917,0.009266741,0.0015238384,0.0731458907337587,0.025606767483986357
-380.2619,4.4702487,174.1466,4.32183,-41.576694,3.66677,54.934166,3.6213057,-27.645334,3.3701837,44.931164,3.2772653,-8.889328,3.4444735,21.452604,3.3382647,-11.539611,3.1398697,3.513232,3.255794,1.3029429,3.2265756,2.218907,3.0439336,10.114287,3.2086902,1240.1602658016127,77.33134917863882,1584.0515319920296,61.99822412701269,0.00021730788,0.000397506,2622.504327689965,0.009586564,0.0008859981,0.0544031413138051,0.007874592166863143
-380.21042,3.8802452,169.3485,3.8291779,-28.827374,4.309989,49.160164,4.0976233,-40.493183,3.3315165,36.48057,3.6170075,-22.115726,3.4802713,25.088154,3.3171499,-6.5401807,3.341154,12.540859,3.2322252,-5.072744,3.342714,-8.081697,3.3276062,3.7229784,2.9983442,1357.605455764839,65.46271625761273,1736.0843605177838,56.30598714541848,0.00024665945,0.0005725913,2921.945749800609,0.0094881905,0.0010580657,0.0622065780887471,0.006840037364868105
-377.621,4.0022373,187.19008,3.5438337,-44.014534,3.2534933,58.784847,3.2592473,-20.828392,3.3253365,31.059364,3.1782603,-9.282729,3.0010579,10.081996,3.359058,-5.5555506,3.0615306,1.366562,3.059535,3.4111288,2.6567657,-3.3644028,2.798417,4.6702127,3.2019439,1078.1070726919222,61.22340439275334,1373.3073257841768,35.21563030473052,0.00013975945,0.00013227828,2270.1042157591355,0.0103711635,0.0010681753,0.045747761383410676,0.0068544418237527095
-387.44086,3.7269716,194.84253,4.655028,-43.970917,3.9724867,57.667538,3.996331,-20.117352,3.5490305,27.637367,3.371357,-9.934433,3.0197659,8.55424,2.9792566,-4.48938,2.8737717,1.3563426,3.279584,2.3055923,2.871629,-5.0474324,2.8513174,4.34138,3.1079538,1008.1846107903859,58.86241203244068,1293.7225225826935,53.730931491297085,0.00015624952,0.00075462565,2057.4950605423433,0.010174829,0.0009664478,0.042239160382830626,0.005644122267875956
-350.13306,4.1035457,142.36133,3.6391845,-42.090424,4.4264865,66.98143,3.721811,-38.642765,3.7026792,54.732986,3.4209433,-24.113024,3.8380558,29.564003,3.0966992,-11.38407,3.0971892,9.247692,3.0671582,-1.7688307,3.0719416,3.299969,3.3400052,9.314582,3.2411366,1962.8211849142003,94.07410105145698,2144.446103755666,36.920354317600435,0.0006293383,0.0010388754,4675.827642383266,0.008999172,0.00096276496,0.09118397440545244,0.013637722364521916
-386.64166,4.039027,179.4491,3.8120153,-40.745132,3.5961967,48.184067,3.565281,-38.052296,3.6640604,39.907764,3.5613627,-26.28962,3.4312878,24.201168,3.0220337,-12.993111,3.0353956,4.468688,3.5469134,1.4806204,3.510926,8.300256,2.9520376,16.183092,2.9787307,1314.9042275947802,62.12755069016842,1626.9282358433993,45.3331347406649,0.00024021401,0.00030973842,2511.8656308910963,0.008654139,0.0007817711,0.0678733595562645,0.0078782148982231
-397.64462,3.9274619,174.87035,4.1788626,-36.04465,3.8081894,46.388447,3.2981298,-37.900703,3.566175,42.925926,3.6523998,-21.37384,3.4269233,26.830448,3.354324,-11.407665,3.1712732,4.4438834,2.9967136,1.0594791,3.248942,8.116023,3.2493026,17.391428,3.1341443,1323.890833817354,62.79381971338118,1679.2377618355977,50.63652623240649,0.00025465313,0.000550941,2618.1826987565255,0.008097081,0.0008097887,0.06392632504350348,0.007924328545540666
-372.16537,3.2604518,184.8335,4.1730695,-44.76007,3.3175955,61.466476,3.5988734,-24.165058,3.1943638,31.700266,3.1859443,-13.31115,2.8714192,10.64207,3.160154,-7.0930533,2.9484456,1.688958,3.1101573,3.0659597,2.9239,-2.9100583,2.9557006,5.6303983,2.935259,1134.2967224942436,62.856157339233036,1424.5170710831512,42.343946428543,0.0001862969,0.0005401393,2421.885819224913,0.010382254,0.00096522644,0.04867518307714617,0.006622396669991508
-338.5039,18.693008,151.81035,12.85438,-57.63423,11.627219,59.570072,9.410767,-47.49932,4.106578,45.3262,4.206,-26.535183,3.8663764,25.843279,3.5389671,-14.063205,3.472083,6.947699,3.277661,-1.7406839,3.1388025,-3.0517402,2.8681521,10.341423,3.3229163,1939.5577107631962,213.41779782011517,1946.910799684492,195.13219207994197,0.00083650154,0.0017664423,4244.0644372643565,0.008678153,0.002381418,0.10765525304524362,0.01501056027623628
-373.74066,3.9019918,157.96579,3.6051755,-21.653612,3.5283177,49.381397,3.6156697,-36.90345,3.3182368,36.064552,3.5664213,-23.48829,3.4549618,20.737331,3.5610523,-7.0911846,3.1759083,13.66885,3.175324,5.681458,3.135608,1.4809268,3.1333,4.0614896,2.976619,1445.7567540830269,80.0123264707799,1843.631906661741,54.80028618866792,0.00025379533,0.00044238704,3363.2265307787125,0.010149925,0.0015793747,0.06399883084396751,0.006994956608418728
-382.50732,3.840462,170.16745,3.8510563,-39.053066,3.4471982,49.17444,3.445404,-39.590874,3.2692947,40.841022,3.4767451,-25.52732,3.4016976,26.118525,3.5076997,-7.3349557,3.4648457,8.217288,3.4257202,-3.5857625,2.8626046,0.86985,3.215343,17.251387,3.2803037,1408.3142001425313,71.72318374629339,1728.146087124737,51.00879452488754,0.0002457625,0.00033694194,2929.714689675174,0.0091824625,0.0009254663,0.06858708852958237,0.007123057068518297
-342.03745,10.526576,130.30205,5.9802785,-81.505455,5.840424,76.90273,5.395281,-45.806625,4.767333,49.041183,3.9700613,-19.227415,4.048579,34.83873,4.2336664,-15.051187,4.240882,5.2690454,3.4474545,-1.4740362,3.715849,0.29102418,3.7307172,20.330093,4.2252593,2330.1005188881336,111.93481763157591,1922.2469814690387,57.312057095583384,0.0009627457,0.0020254843,4521.498026482744,0.008066704,0.0010901131,0.1518441397186775,0.016918511607450875
-355.93698,11.871642,183.04208,6.40248,-52.53988,4.999514,51.63182,4.371881,-32.287193,4.376634,30.268372,4.7295933,-10.468875,3.956292,11.765217,4.1044087,-10.094047,3.801742,0.3190862,3.3899026,-1.5214384,3.3506062,-6.887631,3.3816895,4.2186065,3.467668,1269.8974831374674,99.04393625420052,1441.9153740029624,82.89578003267107,0.00023832238,0.0004171356,2614.235777534078,0.009930763,0.0012953798,0.06382549666473318,0.008719361118654588
-389.98203,3.9817927,175.00017,3.5677965,-38.12234,3.2514985,46.076912,3.2849386,-38.199165,3.123759,37.1509,3.3706505,-25.958899,3.1791394,24.563684,2.9229562,-9.796264,3.0481203,6.611538,3.2184496,4.9000764,3.347903,10.281798,3.0913463,16.461657,3.2538338,1327.7328469008462,56.95716842948724,1635.6478777404943,44.60934764002537,0.00020459079,0.00023322375,2551.284882087442,0.009016695,0.00082452106,0.06680163319315545,0.0070614054894044985
-422.37,7.9758043,195.47926,5.307624,-12.583515,3.8197675,47.739254,3.7700565,-9.572877,3.6625354,18.726,3.418697,-5.855564,3.1647432,9.2903595,3.2722697,-0.48242676,3.1925836,1.4891664,3.0526748,3.5580297,3.169223,-0.5192453,3.3827527,8.333711,3.3391995,746.2578540877363,61.82410709926694,1143.265123305359,55.09991020076419,5.222417e-05,4.0146162e-05,1350.1218437318735,0.010728143,0.0020635726,0.027313161615429234,0.0051944590783236785
-408.27472,7.0361543,181.68097,5.927267,-26.449734,3.7886972,62.549026,4.1521745,-16.399715,4.059435,36.46284,4.1871333,-10.2957,4.347142,17.573215,3.7529147,-5.5869255,3.5420043,5.658627,3.3071742,0.94397354,3.1855862,-7.195942,3.1321912,3.5874517,3.0324767,966.4945974186778,105.59824341463104,1427.2235985081604,106.46169654390106,0.000102890466,0.000107599866,2034.5879291437066,0.010213159,0.00094579515,0.03337759208236659,0.008171895020124293
-378.75293,5.2469654,161.86111,3.8446736,-29.134077,4.352356,51.134552,4.11191,-35.75478,3.2830298,34.787228,3.4221451,-22.239508,3.2921631,20.689308,2.9015412,-3.3698463,2.9334533,14.272635,3.3148541,6.0533643,3.318909,-0.88387996,3.1026855,1.8017031,3.1477401,1378.1308183914737,81.05857783209626,1738.7158075697982,53.879510710387976,0.00021559889,0.00023839992,3043.176184563515,0.010017333,0.0011813771,0.05988525957076566,0.006602485197475983
-380.05945,5.6278315,171.03093,4.640888,-36.016273,3.8375044,56.692642,3.3738055,-24.601206,3.5560117,42.26675,3.5167897,-9.738889,3.6554856,21.76525,3.3028836,-9.001389,3.308255,4.6721244,3.03164,0.70319426,3.2635338,-0.31803477,3.1573515,9.589116,3.056862,1215.1884733824381,94.98800365443253,1610.6686265376266,65.91693294425725,0.00021465193,0.00045960463,2650.782269612819,0.009914365,0.0013331209,0.04554270591647332,0.008669905380483782
-432.0266,6.5362606,190.15608,4.972337,-14.249771,4.1444964,49.46973,4.192746,-9.828367,3.6666586,27.477646,3.8871548,-2.8767796,4.0063195,13.00282,3.9641404,-0.71636295,3.5116925,2.7273345,3.1929946,2.589401,3.261887,-3.0147765,3.6196678,8.46042,3.6717818,760.9074214300797,70.79468424254533,1212.6460801292642,82.1570200699703,5.6783556e-05,7.302806e-05,1419.2928871809745,0.010272537,0.0013958694,0.024401600565545245,0.0057261954226714784
-383.8964,3.3511682,182.77437,3.4975207,-45.92942,3.2963827,54.221146,3.3079798,-28.580767,2.865157,43.533234,3.008043,-4.319406,3.4421303,18.653313,3.0359178,-10.903166,2.8335385,1.8008341,2.854074,1.3999877,2.9276693,3.4307547,3.0326588,10.023174,3.2387908,1164.4114326889633,58.37015050316951,1463.5696946904454,47.896411431782276,0.00016691645,0.00019869495,2371.42518081134,0.009744019,0.0008099148,0.05795252682714617,0.007651914414264877
-373.34918,3.9657226,151.76657,3.3513143,-20.971586,3.2197063,58.087513,3.621686,-32.200996,3.1182177,32.39911,3.3046198,-18.671408,3.251942,21.10071,3.151622,-15.751677,3.2597742,10.129919,2.969247,8.174546,3.125335,1.0851691,3.395854,14.17839,3.2946112,1444.929180531609,85.93042116002603,1849.4845650159368,51.757972603667376,0.00019833962,0.00023344955,3331.301433802204,0.011627239,0.0021054044,0.056451430176914154,0.0059089325545850085
-415.24158,34.001312,183.8675,13.04144,-20.28822,11.850442,52.86599,8.132848,-14.924166,8.910257,28.787722,5.2638884,-5.1911173,5.6452494,13.341065,6.304831,-2.5481665,3.670367,5.9564204,3.3072658,3.5511608,3.298683,-1.3759636,3.2581432,6.7687283,3.3056133,919.9173360073397,298.3301147996001,1331.38692445511,215.18527367570553,0.0001291666,0.00050761615,1849.3823978574535,0.010023567,0.0014928534,0.033250706931554526,0.017303323512589088
-386.00198,3.5395348,201.68027,3.8688278,-46.089508,3.200213,54.98936,3.339704,-23.657452,3.6568122,24.631561,3.1946332,-10.495466,3.0736825,9.6763525,2.8544154,-3.2038634,3.0521498,1.4825264,2.923431,3.0352557,2.9950254,-4.287593,2.7633634,4.007512,2.7344334,990.6123236601032,49.31053109921115,1243.752066871292,41.08630915294349,0.00011790122,0.00022293067,1969.7385146280453,0.010100392,0.0008045418,0.045023836281902554,0.005800127032905261
-387.28168,4.2292047,164.03731,3.831047,-24.733593,3.0187275,57.893852,3.4927075,-37.39406,3.5784402,38.92822,3.5774086,-22.69743,3.1384506,23.791985,3.3070385,-6.1722875,3.0862508,16.90445,3.2406318,4.734664,3.033008,-1.331087,3.005288,4.118411,3.3608942,1358.6684853689069,78.26819235188565,1803.1377784460226,57.04954766792995,0.00021031838,0.0003361178,3167.579144612819,0.009868685,0.0011023808,0.05355799557714617,0.007643958112429376
-382.06894,5.221096,166.82574,4.168804,-29.912428,4.3456683,45.36965,3.8816073,-35.30189,3.5589252,35.848396,3.5004647,-22.75768,3.2639105,23.1504,3.0053146,-4.481929,3.0717883,8.496958,3.0626621,-2.4367127,2.8551707,-4.3061113,2.910908,8.537062,3.418625,1350.350855636918,75.53986017174914,1695.0706703351068,57.989229493773294,0.00024209447,0.0006160563,2758.24844112529,0.009431591,0.0011494936,0.06574463457076567,0.008271129087039378
-377.08124,3.4718075,186.44235,3.7020938,-40.823666,3.6174922,57.489727,3.3986676,-21.611595,3.1084764,28.996012,3.1300588,-9.956806,2.9238536,11.394573,2.9967108,-2.9322445,2.9982343,2.274462,2.9743288,3.3727782,2.948533,-3.7114224,3.027393,6.0036798,3.005152,1067.189845040292,55.885285457397856,1376.8091755620646,38.370446351623954,0.00014897271,0.0002908761,2237.379742332512,0.010456407,0.0010347106,0.04468623114849188,0.0063334625117674
-410.76218,6.12528,184.67319,6.08912,-18.04817,3.811991,50.6429,3.8089979,-11.417088,4.477525,27.09352,3.831468,-8.420187,3.917204,7.2246785,3.2593396,-3.4827096,2.9025133,8.500646,2.9355109,3.2681954,2.9337564,-2.5357692,3.057319,7.251164,3.1927805,884.9750638683619,103.58380690804822,1321.0271696606137,130.31146577255424,0.00010090705,0.00034208636,1751.6336463167054,0.009987635,0.0011039141,0.03421820620649652,0.014760193488769007
-367.66452,30.005453,155.48792,21.738071,-34.32273,3.6434808,42.846943,7.9633465,-26.211058,9.025696,24.669592,6.797054,-15.918268,4.3335643,9.103067,3.5802124,-2.980656,4.41056,4.9975896,4.8407516,-5.183305,4.41697,1.3731568,3.6672707,6.4145417,4.3057466,1499.8267129276867,272.5023470657086,1676.9484716525305,233.84857419627653,0.00046336668,0.0007497518,3206.1990193590486,0.008496369,0.0054600784,0.07553065182714618,0.016326973643501618
-381.85373,3.545945,185.1176,3.8957992,-41.456154,3.459022,58.902172,3.4854615,-18.342669,3.5210295,28.875507,3.1785004,-7.9157314,3.1523962,9.917535,2.9094515,-3.1843762,3.015264,1.7522621,3.10512,3.2153025,3.2113578,-3.976327,3.02126,5.256022,3.0869455,1058.654596482763,62.83112914909651,1369.8216675864135,43.72173245449533,0.00014127538,0.00032057177,2256.015205825841,0.010506725,0.0012044776,0.04209981329756381,0.0072487967437788155
-359.713,4.7969,166.30067,4.300675,-52.3535,3.7073858,62.45746,3.5499234,-32.754463,3.5392983,49.828407,3.2581272,-16.146193,3.3634853,25.487583,3.41184,-13.954373,3.021901,5.6100593,3.026491,1.4322926,3.0171616,0.8694223,3.076526,10.709514,2.7784245,1493.0012674513384,93.20963480418521,1749.121082037755,66.59336649073875,0.00033622293,0.00031623166,3307.6199064675175,0.009524215,0.00075765,0.06966901102088167,0.00956564369727946
-373.0154,3.509867,184.15941,3.8689744,-45.20293,3.429717,60.711643,3.5605948,-22.797413,3.2789176,32.95958,3.3342733,-11.46855,3.215946,11.652222,3.1642118,-4.779256,2.9936895,3.2309017,3.0564787,3.6616433,2.9684992,-3.8879275,2.9382038,4.404942,3.1324728,1124.2902748658635,60.67225568275768,1423.0849115354945,39.44128851750183,0.00018798548,0.00053776294,2405.8233486803942,0.010419683,0.0010237956,0.047668032192575406,0.007522221378748995
-388.56363,4.058756,184.03307,4.142511,-38.819427,3.8990645,52.82472,3.5676312,-23.601671,3.552473,38.267403,3.6250925,-5.1220675,3.3027675,15.476757,3.353196,-7.170916,3.119247,2.4585874,3.065049,0.9342592,3.3639016,1.071328,3.4424403,8.221154,3.259173,1073.7196436224742,74.16519086685545,1420.8057840205818,60.76695608569844,0.00015762469,0.00041495604,2178.5756122208527,0.009928174,0.0011768629,0.0441379060324826,0.0095593814480708
-370.4022,3.5581799,182.20198,4.124816,-43.96591,3.7631557,60.57204,3.524811,-22.746347,3.0489812,31.066175,3.0572567,-12.158443,2.8312836,11.0896015,2.8911927,-5.29281,2.8613534,2.5651762,3.1881297,2.8004527,3.066601,-4.0919614,2.9473374,4.7337756,2.910884,1145.9248335011775,63.94466498503574,1437.7393855628004,46.71276958528962,0.00019665055,0.00063876476,2464.552537249855,0.010334263,0.0009837835,0.04888930176914153,0.0070231842305728
-374.68185,4.3275023,163.41365,4.289281,-23.555077,3.57552,49.18885,3.6897833,-36.361134,3.3367236,37.997475,3.6892886,-23.778412,3.2715354,21.03945,3.0094466,-7.9566245,3.2968686,13.633286,3.2537336,5.191787,2.9929602,1.999428,3.2456274,4.927322,3.2067297,1387.7608721125066,76.40334968946674,1806.8437086424938,56.90582876410046,0.00025960823,0.0006020926,3116.793759516386,0.009890008,0.0010851204,0.05940037703016241,0.0071621112780910975
-380.2963,3.4137356,187.22525,3.7407157,-44.789925,3.2944078,60.071735,3.7015164,-20.561127,3.383113,31.150183,3.0573463,-10.075115,3.3282285,10.805587,3.1328325,-4.289405,3.2970307,1.6969295,3.3217263,2.3540344,2.959221,-4.0917387,3.0442312,5.445029,2.9525137,1080.5071581195643,55.90679808545628,1377.21292517627,38.816174619558105,0.00015983715,0.00038855855,2283.693615411108,0.0101859905,0.0010069447,0.04485843242459397,0.006731179783478064
-405.875,4.3869348,184.27094,4.1719475,-28.021185,3.2069461,57.09423,3.0921018,-16.966793,3.1032681,32.13659,3.5038106,-5.8602667,3.3687081,17.98967,3.263276,-1.3534266,2.8778841,9.742162,3.1852853,4.0707817,3.0671525,-4.5143123,3.176313,3.1401877,3.2682362,934.0995513966427,72.49661317074568,1365.5995692292008,82.73697491864031,9.0304755e-05,0.000105905594,1905.3387493655744,0.0105139045,0.0010429703,0.03556296222447796,0.00896516320811351
-374.1536,3.7403705,184.12605,3.439333,-46.164825,3.214659,61.30339,3.10255,-23.3975,3.0557477,33.381504,2.9509254,-11.684967,2.9197538,12.2076025,2.9837303,-4.782212,2.8261857,2.898428,3.0805156,3.084161,3.1251824,-3.5934112,2.8097444,5.1663437,2.9845893,1135.872928318301,59.43842376138698,1430.1256625208277,33.037388639107924,0.00017426928,0.00029217475,2434.02634906105,0.010186838,0.00094337587,0.04811666183294663,0.00680344939399072
-378.58026,4.2299156,172.48781,4.8376184,-41.08985,3.685792,48.47938,4.115858,-41.840694,3.912984,44.376022,3.6826103,-22.66221,3.763725,28.128508,3.2695615,-10.970913,2.889802,4.4138985,3.0068614,-0.6534385,3.0580244,5.381109,3.234262,16.271378,3.4002194,1413.5981039510443,74.90568508996938,1724.6762042288585,54.94835721973775,0.00030447333,0.001002863,2912.927784222738,0.009120554,0.00083555334,0.06945036071635731,0.007464723067664814
-384.01816,3.8126848,194.88615,3.5461133,-44.76819,3.1819704,55.85734,3.176152,-20.98253,3.0705423,28.120403,2.9546485,-9.345915,2.8479009,9.382992,2.9924476,-4.139167,3.206094,1.0537813,3.1156485,3.216395,3.0287182,-4.485454,2.954732,3.3860786,2.961602,1015.6742561931273,52.37453197466529,1293.7144570185594,35.9916914606074,0.00012839933,0.00028296324,2063.740189058875,0.010208196,0.000995978,0.04413903893561485,0.0062528367233061115
-395.22003,3.4960525,180.98264,3.5519402,-35.305992,3.0740485,50.392284,2.94319,-21.063034,3.0216622,37.729355,3.207283,-1.6427785,2.9912372,16.357372,3.0954704,-6.5930963,3.1012678,1.9822341,2.8753054,2.010571,3.1517203,3.394932,3.406267,10.028671,3.0295613,1046.3942782729384,67.9835219816174,1417.112638892553,45.52238110786769,0.00012754984,0.00013386148,2129.4889020809164,0.009902567,0.0012758306,0.03941483287412993,0.007335297313597235
-380.5289,3.9978597,187.41571,4.0051527,-44.70189,3.659815,58.980686,3.660388,-20.390903,3.196353,30.82844,3.301127,-9.611321,3.1290512,10.431516,3.1813943,-4.1774077,3.0087998,1.5206567,3.0219114,3.148201,3.0232637,-3.2302732,3.0008848,5.1483965,2.9224176,1075.6762865767785,56.69511033496547,1370.7065795678548,44.76449143852617,0.00015579234,0.00045204596,2265.2829765443735,0.010309357,0.0010602806,0.044187753770301624,0.006947577575453802
