mfcc_1_mean,mfcc_1_std,mfcc_2_mean,mfcc_2_std,mfcc_3_mean,mfcc_3_std,mfcc_4_mean,mfcc_4_std,mfcc_5_mean,mfcc_5_std,mfcc_6_mean,mfcc_6_std,mfcc_7_mean,mfcc_7_std,mfcc_8_mean,mfcc_8_std,mfcc_9_mean,mfcc_9_std,mfcc_10_mean,mfcc_10_std,mfcc_11_mean,mfcc_11_std,mfcc_12_mean,mfcc_12_std,mfcc_13_mean,mfcc_13_std,spectral_centroid_mean,spectral_centroid_std,spectral_bandwidth_mean,spectral_bandwidth_std,spectral_flatness_mean,spectral_flatness_std,spectral_rolloff_mean,rms_energy_mean,rms_energy_std,zcr_mean,zcr_std
-373.7635,4.2563567,172.74365,3.4463344,-31.47284,3.0820649,45.250557,3.1237206,-39.54964,3.2578628,35.727474,3.0248911,-25.415741,2.835354,23.914978,3.1410668,-7.658389,2.910342,6.2156696,3.062696,-7.014976,2.860602,-8.481691,3.1202545,7.0390906,3.0785663,1355.16118740001,65.13231817231976,1692.8187038146507,49.59666523544228,0.00024644364,0.00028257797,2738.863562209977,0.009393411,0.0011282946,0.06757880474187936,0.007064348816204066
-397.50052,3.6986127,185.72896,4.198466,-27.26062,3.4420614,56.459404,3.4516091,-22.309002,3.2805908,32.209698,3.3454406,-10.013085,3.672226,18.030437,3.2528172,-2.7999966,3.0293024,10.104922,2.9279907,2.9339511,3.031205,-6.3437657,2.9230819,1.7464316,3.2159047,979.8206294818323,75.34219082741393,1403.3813323129461,82.07610956905461,0.00012370393,0.00028073718,1965.1920610680104,0.010199129,0.0008715743,0.0395575786687935,0.011564938309081308
-396.6349,5.3625016,183.31993,4.341796,-27.113255,3.3047168,44.647427,3.3087008,-19.893684,3.6000497,30.933765,3.4608188,-2.2740414,3.2014818,14.975301,3.4117157,-5.552315,3.2807307,-0.6593863,3.2551258,0.75773144,3.33014,-0.33697298,3.3383727,5.2388086,3.1785822,998.4933205590539,74.25160596999592,1357.4369383582396,55.33041849239078,0.00012169568,0.00013127009,1922.0756937898782,0.009656437,0.0019831897,0.04283166872099768,0.008466987864451145
-339.00174,5.3191137,172.15108,4.160931,-68.792534,4.5464354,72.89376,3.7579734,-47.69622,3.7863324,35.551388,3.3150396,-33.98648,3.3948476,19.203173,3.399465,-13.348946,3.3702714,4.2124176,3.1770935,-5.58242,3.0959687,-7.716004,3.2719784,6.2038727,3.2348583,1676.1840517388696,80.9551383356674,1705.6719127424365,43.81524060547129,0.0005076933,0.0005011139,3533.3188510549594,0.009268474,0.00057681033,0.09467218314965198,0.010158668413745084
-384.37115,3.6630898,182.14314,3.4220693,-35.074562,3.1376674,50.833553,3.08987,-25.339231,3.0411189,36.91963,3.0173054,-6.1826897,3.4301615,15.381663,3.0310638,-7.4837723,2.8910058,2.6229594,3.010747,1.3410039,3.0198185,0.9963678,3.2201421,7.162867,3.2330213,1091.8870332236556,62.94870649516062,1446.5294682168574,42.85213815279946,0.0001517088,0.00010214461,2213.5733124274943,0.009644057,0.00097074715,0.043949844112529,0.006614592292355674
-385.39948,3.7237327,186.08595,3.7424235,-35.614464,2.9588363,52.040333,3.2326558,-27.780489,3.1164496,38.905632,3.2509005,-7.2216496,3.375444,16.5324,3.0001667,-9.948752,3.0809937,1.0300552,2.9356198,-0.18546596,3.310056,0.15064222,3.0770283,8.596517,3.2492936,1074.6607640265493,62.44007413507222,1427.9309015390554,51.684750152927535,0.00015505083,0.00022428758,2111.4030098970416,0.0098673655,0.00090412126,0.04842707729118329,0.00745589605412994
-371.27805,4.8581967,173.46695,4.3002048,-40.381214,3.602565,58.851723,3.726295,-29.428555,3.5412982,42.721333,3.7035325,-14.527593,3.6661346,22.30439,3.2155766,-11.170554,3.1809905,4.1040826,3.0032046,-0.25876,3.2052157,-1.3199133,3.0570438,8.749932,2.9032702,1280.9824533154401,79.49151761787961,1635.3409207518407,60.67013965870018,0.00023223135,0.0002441235,2780.581020700406,0.009837244,0.00095506164,0.0534288446200696,0.008238643723612117
-369.47107,3.705153,184.98637,4.648807,-46.43196,4.2732882,61.108692,3.9150074,-27.527294,3.7142515,32.985626,3.2714486,-13.951806,3.1898348,14.224153,3.0902135,-5.238638,3.0833664,4.264254,3.048812,1.9125662,2.9102824,-5.3453064,2.9411483,4.371632,2.9695163,1166.5644496371838,63.42424429455905,1451.2669775029692,52.32400249243133,0.00023262679,0.0008804143,2487.484649162558,0.010118008,0.0007465235,0.05138168866009281,0.0064620619881647304
-372.9714,3.6392095,189.46693,3.029411,-47.10684,2.9043663,62.704266,3.1501238,-30.014229,2.8675876,32.30814,3.063385,-17.455387,3.000749,12.478753,3.1718497,-8.642812,2.9927936,2.7551723,2.849112,2.002999,2.7931716,-2.8121192,2.9687557,6.2858834,3.0091636,1140.389819612604,49.117343742904964,1424.6837442069182,29.20219976133053,0.0001689411,0.0001459072,2401.326856148492,0.010160536,0.00065040804,0.051547092517401395,0.005121554473162363
-380.90167,3.3764217,170.8295,3.9991808,-30.378838,3.676182,44.723854,3.4088178,-42.623188,3.4344728,35.177658,3.1389616,-28.102314,3.318877,24.250519,3.4661534,-7.1718354,3.2508392,7.446022,3.0225413,-6.773717,3.2017252,-6.008448,3.2983243,9.635996,3.1470184,1400.6454785559615,63.95307359350455,1737.2084413178923,53.53991124581138,0.0003030364,0.0010131355,2877.705259389501,0.008747589,0.0009026553,0.07097524833236658,0.007360832332502892
-412.69034,5.0142083,194.0415,5.4099116,-20.802725,3.484755,50.454163,3.7656536,-21.932379,3.8353915,30.457409,3.6111445,-10.756621,3.674066,16.163305,3.4187615,-1.913835,3.1183121,4.4738793,3.2890797,-1.0984823,3.5113847,-8.382507,3.6142845,2.79193,3.4318266,877.1895941192497,71.29360109546889,1289.0625411190758,78.94066858206317,9.210129e-05,0.00018831075,1608.3703981474769,0.009877986,0.0011864633,0.03517550935324826,0.0050263009093880285
-367.40793,5.7057776,185.72641,4.661718,-46.46523,3.5784085,59.117355,3.9277976,-27.511215,3.280447,31.850353,3.320826,-15.412717,3.0281508,12.573787,2.9363186,-6.093657,2.915292,3.258452,2.9295857,1.1483183,3.061885,-5.4865355,3.2388015,3.5762115,3.140163,1166.211891906363,64.5760852813126,1437.6397729904766,46.44249067694183,0.00022066238,0.0007217525,2445.2675803908064,0.010118024,0.0011534785,0.05269812209976798,0.006048703185470017
-372.17697,3.6694846,187.61494,3.0928051,-46.649986,2.9985347,63.39592,3.0592268,-28.871067,2.8435667,33.096813,3.0514002,-15.41051,2.8712103,14.424309,3.2781124,-6.5812006,3.3017108,3.3357437,3.0109584,1.2366422,3.090884,-4.8544674,2.739098,4.971812,2.7995389,1148.519433359012,56.12485782089816,1440.0805860938042,31.030931325122545,0.00017068164,0.00013302107,2452.0622802167923,0.010184082,0.00075218786,0.050141159730278426,0.0060282155713232
-383.05194,3.8000183,178.42773,3.1324995,-38.622128,3.0170884,44.8331,3.2554293,-43.55328,3.4543054,34.807587,3.2644804,-29.389757,3.09682,23.042877,3.0683205,-15.125858,3.2132437,2.2291276,3.1088667,-2.0303252,2.9943116,3.7442834,3.100792,12.885566,3.1468353,1357.5401979731973,53.45185986860793,1642.6783011423668,45.61864628342908,0.00022848153,9.837243e-05,2615.3599006670534,0.008626963,0.0007317327,0.07174109084976799,0.006164652394192909
-354.69824,7.495808,157.93044,4.6330385,-75.10283,4.2650595,61.14091,3.639124,-36.28138,4.336731,41.869595,3.3536239,-25.720436,3.9266608,13.260941,3.6252897,-13.392851,4.111011,9.159995,4.1960764,-0.068648726,3.7018852,-0.11605035,4.053786,10.309169,3.4981472,1784.9066846768842,82.13002162949304,1635.8811387606142,42.92674816925074,0.00045174104,0.00022696404,3510.8613689095127,0.008452794,0.00066492043,0.11939552820475638,0.009175254265482978
-417.0195,5.926202,192.59657,4.1034484,-16.749195,3.7944643,48.818066,3.893328,-19.762009,3.356045,28.716553,3.785559,-7.255746,3.513932,15.690154,3.4461217,-1.0387373,3.2105286,6.8163,3.1423714,2.4252563,2.9168172,-4.0459046,3.2473567,4.648851,3.316691,832.5791590225891,65.20995557451302,1270.9033366987949,65.61778073773725,7.4888216e-05,6.7309986e-05,1511.5958866553074,0.010129687,0.0014147962,0.03128511999709977,0.005902116969965226
-386.41125,3.5394814,187.1143,4.3984222,-39.28104,4.01316,54.18476,3.4315553,-29.40179,3.28195,39.550735,3.2486718,-8.250776,3.37137,18.535435,3.1820536,-7.781282,3.0458176,3.4884796,3.0104065,-0.29096237,3.2596872,-0.26438475,3.1212108,7.3975334,2.908655,1089.3412424183591,65.70972081742362,1440.955222970132,52.976152329526315,0.00017294101,0.00041137682,2189.067428128625,0.009746399,0.0009837766,0.0456922491299304,0.0074936353613560755
-402.73883,4.4343777,185.90976,4.7758517,-19.545794,3.2058191,53.882763,3.5136392,-21.775042,3.7678952,30.035864,3.8063443,-11.001958,3.2545223,12.470012,3.4999654,-5.3290315,2.8485365,9.117583,3.1305048,1.8029466,2.9993098,-3.6660473,3.2682357,6.9290395,3.726366,937.207048323148,86.62318941304447,1383.9591331230758,99.80739665665187,0.00011745385,0.00028745228,1811.56189956134,0.009961733,0.00094284076,0.03727591176044084,0.010987564508653597
-341.82468,14.388893,145.80316,15.931902,-74.65265,7.0433164,67.38957,10.869838,-46.33071,5.3774934,45.665398,5.5555916,-31.15255,5.1953335,23.3913,4.269614,-15.645465,3.9835985,9.822639,4.559141,0.79263264,4.0287237,-9.176794,4.1436796,4.075602,3.6644664,2083.406629798198,261.41482456867794,1871.701039455022,157.53481230216596,0.0006825839,0.00045322508,4275.589846015806,0.007900187,0.0016654184,0.1442400938950116,0.023395967721919663
-389.86456,3.74653,185.25261,3.7810178,-33.110004,3.2730384,50.277927,2.9772809,-24.496552,3.1564398,36.342182,3.0345054,-4.866509,3.2741609,17.046322,3.1390293,-5.638787,3.108502,3.3463461,3.3704004,0.20438509,3.2836502,-0.9959899,2.8715637,5.7570977,3.299246,1033.9711406172842,65.19307629646572,1404.4821326825547,44.245426171608045,0.00013319112,0.000112886504,2041.457570511891,0.0098658,0.0011521023,0.041199155307424594,0.006573281853495175
-372.45233,4.3391814,165.80138,3.6655455,-24.951235,3.6156135,45.467392,3.6554282,-39.42393,3.3113778,35.364887,3.6232376,-25.123056,3.1278794,19.303654,3.0980039,-9.247105,3.1577373,12.662111,3.1390195,3.9224577,3.1137173,-1.3425254,2.964133,2.0246992,2.970613,1397.846933478694,66.53376294939734,1774.207286073931,54.79912370037177,0.0002679913,0.00049987977,3041.6024121773494,0.009617527,0.0012758402,0.06427639211136892,0.005826311208402595
-401.66995,5.138104,184.54744,4.407182,-20.568266,3.395377,51.66821,3.4404402,-20.913012,3.5607278,30.342455,3.260191,-7.9298244,3.6549373,12.49405,3.0669234,-3.783482,2.7628806,9.855167,2.8494837,5.2794886,3.0829318,-2.5157375,3.100027,3.5044289,3.4164546,940.0081019215097,86.47842807782628,1376.3847905211887,94.75613923119289,0.00010682951,0.00017737994,1817.9069501341357,0.0100287665,0.0010426946,0.037158089834686776,0.014647317959668343
-352.26248,7.830143,180.9614,6.2287297,-58.269455,4.7517943,66.967606,4.6480284,-41.59367,5.237993,33.181866,4.2241044,-21.39107,3.328807,14.436678,3.375056,-6.842711,2.9966054,5.592045,3.3827755,-5.234233,3.4186947,-9.47735,3.2739577,7.5069404,3.079991,1409.0047486853355,101.43252817882556,1565.5826183971687,77.57811778492514,0.00036570118,0.0014855599,3080.297228465777,0.009804119,0.0006616254,0.07163346505220418,0.008582188468849228
-411.14987,3.730303,187.2629,4.130833,-14.724967,3.2422647,47.71764,3.2573442,-19.383883,3.4311044,26.344126,3.2719922,-6.7928534,3.4773061,15.173973,3.0655088,0.3210704,2.9539201,7.118817,2.8212502,1.7906265,3.1044865,-4.7762413,3.444015,4.182336,3.3267968,867.3994334715012,68.89814915947612,1311.374025727338,71.6357367660365,8.614581e-05,0.00013321835,1596.3547708816704,0.010211997,0.0011539285,0.0321279999274942,0.0066298569600590695
-374.41183,4.3008265,171.05048,3.5063758,-30.447813,2.955893,45.261642,3.2559385,-42.90063,3.0977023,35.90257,3.1555967,-25.015491,3.1904488,24.065708,3.0556562,-5.428554,3.0630221,9.4646015,2.8163912,-6.5302095,3.2435305,-10.300752,3.11485,3.2919183,2.885409,1380.537341860577,62.069948965701265,1718.8931497707501,50.00124987176407,0.00025917045,0.00043567448,2865.7645736658933,0.009436992,0.0010842166,0.06789828342517401,0.006323893292156461
-406.116,5.7498193,188.67224,4.1218376,-25.957727,3.2557187,58.461338,3.2458827,-23.637548,3.46359,32.702663,3.7998006,-12.61862,3.542204,20.288729,3.1446698,-1.6971539,3.341359,6.8321705,2.9390635,-0.055260066,3.0626986,-7.406428,3.1675496,2.1927004,3.1880076,943.0842715960143,76.32246676963797,1381.9051805031513,80.77436997482867,9.867985e-05,8.492431e-05,1874.762600148637,0.010141948,0.00086125114,0.03577708091647332,0.010422515851961658
-383.49554,3.6404974,172.37479,3.322161,-24.9023,3.0367956,46.70805,3.0799706,-43.092735,3.0291104,34.411625,3.3882153,-27.872807,3.0996075,19.223272,3.5793333,-7.692381,3.514358,10.649448,3.2595675,-1.0363104,3.4901688,-4.1041827,3.8508353,2.9376397,3.0910094,1322.1092733220316,60.191814833970575,1697.32229762058,49.96305577409251,0.00021015125,0.00030063247,2712.609041926479,0.00965195,0.001246394,0.0643500308149652,0.005749577487750595
-369.54047,3.3173444,187.05086,3.5875561,-48.321606,3.3460956,61.258415,3.2925928,-28.33562,3.2178297,33.900707,3.0188615,-15.231921,3.0449293,13.940146,2.976959,-6.5199084,2.8220553,3.8370376,2.7176645,1.6546441,2.943894,-5.1104774,3.0394442,3.6580067,2.925264,1165.3018057343359,56.049610423781324,1441.567024709458,34.135504787527324,0.00019655236,0.0003506389,2461.5798560759863,0.010102838,0.0007355505,0.05314335303074246,0.0062601520854983425
-371.45114,3.3086615,187.54848,3.556525,-48.51219,3.3580554,62.98704,3.404604,-29.179647,3.2368813,34.236126,3.2370796,-15.296707,3.2700489,15.158401,3.169258,-6.3285923,3.0002263,4.6335006,3.045308,1.6089672,3.1413445,-5.611626,2.9613724,4.13823,2.8213513,1159.224941304589,60.50583754586141,1446.181225481089,34.883995322150994,0.00019370794,0.000388768,2472.4463796947507,0.010099975,0.00082982064,0.051259335121809746,0.007134679082870328
-360.77567,22.306639,170.18555,8.320603,-47.116493,9.766111,55.25786,5.7292295,-24.908236,7.5012465,29.510546,5.7500844,-15.644017,5.18464,16.019299,4.4389706,-5.9640474,4.0625772,2.287613,3.4412558,-0.5343535,3.6853645,-2.6566489,4.037363,9.736642,3.1932027,1340.7832982413752,223.62514700992392,1541.5464938060006,113.72243807757665,0.00026378312,0.00014591482,2789.7988303908064,0.009824237,0.0027462984,0.06707579575116009,0.020976451129844687
-369.6401,6.3389544,160.74307,5.5155134,-35.384853,4.5658026,64.25452,4.6992908,-27.604456,3.8373427,41.354755,3.701414,-19.583368,3.697596,24.643738,3.2893875,-6.803156,3.1832855,9.403991,3.038582,2.3526165,3.1585803,-3.0837646,3.0141582,7.051284,3.3879423,1408.537173208799,113.87527962406536,1794.8400463549326,82.51323194657574,0.00030375412,0.0007756478,3275.070296639356,0.01000066,0.0010351007,0.05119249383700696,0.009540971325187652
-378.1857,19.416668,184.08727,11.184696,-47.994698,14.573803,55.97477,8.418235,-22.892075,7.7254457,29.551952,3.6942277,-16.528597,5.2336445,15.497172,3.8980472,-3.0054567,4.4715176,6.48332,4.1100054,-0.22342138,3.5827818,-4.6968813,3.3840353,5.6511655,3.2610266,1190.1963826110937,146.56396170260794,1427.6929665768782,155.88046982841743,0.00020165043,0.0004596102,2446.216839925319,0.009590463,0.0021202397,0.05770102233178654,0.020620218791244208
-371.3476,3.3200066,185.674,3.1486688,-45.667175,3.2358437,62.03862,3.1389647,-27.171589,2.9798963,33.347534,3.1084087,-14.100846,3.1263118,14.422634,2.9434633,-5.4787097,2.9396894,3.3130941,3.12091,1.4322064,3.0426643,-5.0407515,2.9354079,4.1349545,2.9746203,1145.992891785285,56.825239080980175,1443.8903677480725,31.646983632515944,0.00017696137,0.00022124423,2448.240261564675,0.010279569,0.000856372,0.04929601399361949,0.006679806497654876
-382.98193,3.6037252,196.60118,3.4268627,-43.737637,3.2004335,57.62626,3.3868585,-25.37747,3.2004175,29.06794,3.0128963,-15.729686,3.0494058,10.209002,2.8243232,-6.9642005,2.883074,3.1465392,3.0203395,1.9753164,2.8724067,-3.4962883,2.8853347,4.4165015,3.0488605,1032.6590194781681,45.91390248504297,1318.3263131289782,32.38013307862976,0.0001343761,0.00018890813,2058.9689108722446,0.010188707,0.0007785878,0.04586671621229698,0.005292616920385056
-344.72064,3.206859,160.42119,3.5515766,-48.178917,3.535497,71.18041,3.5683408,-41.060932,3.1561775,43.75682,3.1557868,-27.56686,3.00205,25.32377,3.1399188,-13.6840105,2.6699595,10.168853,3.1489313,-0.9422898,3.1207776,-4.891205,2.7056577,7.0797725,2.9107366,1685.7347564933964,65.39697009463323,1907.6433164818263,32.89605707342958,0.0005237737,0.00092981383,3875.4519717046114,0.009493225,0.00062739867,0.07864953415023201,0.009091858561729227
-370.91705,3.596452,168.72745,3.5032237,-30.02679,3.314972,48.215496,3.4822106,-41.949783,2.9888945,37.637352,3.115143,-24.863472,3.0898483,23.995358,2.9244626,-6.5573225,3.1336935,9.251914,2.9123802,-3.9457095,2.900132,-7.605996,3.0181074,4.636588,2.8662856,1409.360661560774,68.92757492951384,1756.9708249540076,47.345888829971415,0.00026036295,0.00041379634,3038.9045166582077,0.009764083,0.0012007427,0.06885558657192575,0.006609360174775191
-397.57092,10.246,181.9642,6.117082,-25.817682,6.705023,58.79268,4.5634193,-23.704643,4.1335735,35.307755,4.6615844,-14.73529,3.9476662,16.026426,3.5464578,-5.61996,3.417731,4.340808,2.9924583,0.24014463,3.1992831,-8.832919,3.4884887,5.7700114,3.4942536,1034.1844865739668,112.59894439720922,1466.4886317793964,106.48147916051337,0.00014642953,0.00038659558,2122.0946699173433,0.009988579,0.00078174286,0.03894581097737819,0.0073505824890761655
-360.70615,22.254673,169.72548,8.06792,-46.766785,9.680891,55.088863,5.7247176,-24.702898,7.529813,29.37489,5.7418456,-15.383832,5.1825976,15.891174,4.257439,-5.780344,3.9983022,2.3098402,3.4750607,-0.60673356,3.4219046,-2.6709177,3.7448204,9.579469,3.4123166,1341.5629544740625,221.21873993975683,1544.0109876782112,112.33319934869952,0.00027907809,0.000268906,2794.520147549304,0.009808481,0.0027393168,0.06814978792053364,0.020777978139223382
-369.65677,4.4289784,164.80724,3.457305,-26.292315,3.5012665,47.263077,2.9167542,-40.6038,3.2485998,33.369965,3.0856755,-26.087482,3.1914175,20.613495,3.1578832,-7.407416,3.4422882,12.064779,3.4965734,0.28682396,2.9846005,-4.949667,3.244816,1.8079469,3.5349216,1420.5625051119664,68.10666224610793,1778.2507730555405,51.42476467199319,0.0002536843,0.00026071278,3120.9904858794953,0.009790551,0.0011189684,0.06694437898781902,0.005831339767448242
-367.87793,4.2825828,164.3369,3.7698698,-39.242203,3.3929167,53.621113,3.6497493,-43.77952,3.282769,35.230152,3.0938437,-26.603374,3.2648797,27.39887,3.3164272,-6.394691,3.1716788,0.014513834,3.258654,-9.40212,3.2737865,-4.1204977,2.7935097,7.4309845,3.1878245,1544.6889451599816,72.04361637114603,1791.5602129341573,50.00553592301228,0.00035444566,0.00044958718,3447.385882667488,0.008761049,0.0009335836,0.07845240900522042,0.007609378658135708
-377.36838,3.8273268,189.73169,3.210312,-44.149418,3.0355606,60.77735,3.0253947,-25.323872,3.014621,31.326376,3.0304759,-14.43137,2.8995326,11.8330145,3.0202913,-5.9473248,2.9767375,2.863583,3.0195613,2.1037672,3.056429,-4.3108654,3.040629,4.134473,2.9861312,1086.999860311552,53.90530542479958,1387.5450944663942,31.65538050250344,0.00014347954,0.00010035966,2268.355579774507,0.010281123,0.00079575187,0.047090251595127613,0.005864199242686357
-410.43176,4.968427,187.36606,4.205108,-19.272219,3.7351818,53.982178,3.3187912,-18.293497,3.5260997,30.36732,3.8949432,-9.177669,3.6526687,17.425285,3.194614,-1.0159397,2.944335,5.1400228,2.8778229,-0.21541272,2.8348823,-6.6908484,2.9942358,2.3845334,3.2986398,888.868538158961,66.00108036499424,1337.9964134746149,77.57199012564077,9.375006e-05,0.00017706562,1708.8670062354988,0.01017911,0.00083106477,0.032757894069025524,0.006413444180549219
-366.1281,5.337158,163.42238,4.258917,-35.028004,4.3514366,56.231655,4.325611,-40.56416,3.5733993,37.61707,3.7512891,-24.264698,3.3479073,23.159182,3.3247602,-10.093324,3.4581885,11.384952,3.301221,3.1800692,3.3653476,-4.3741245,3.4358885,2.7096946,3.2025502,1477.708732566046,79.73043007238485,1806.4791256467106,54.03558051390178,0.0003223294,0.00084810314,3356.5317530089906,0.009884715,0.0010135839,0.06241503226508121,0.0066969558048360096
-370.75378,18.975424,187.79922,10.761244,-44.43205,12.33729,46.327137,8.858482,-27.113956,4.5505357,25.589268,4.6891303,-12.579024,4.670014,11.942775,5.6481166,-3.942187,4.9094906,1.3203166,3.8190918,-0.6139995,4.6662035,-4.971271,3.2072537,3.036195,3.5388558,1154.8333460682295,105.67608314643148,1361.5558327456242,143.1224019995259,0.00018636661,0.00022150466,2289.3891726181846,0.009591519,0.0023404153,0.06013902987238979,0.012677637886932774
-382.33127,3.4301426,175.28235,4.047816,-35.855465,3.908082,45.602165,3.3672373,-40.734985,3.7105389,36.784115,3.503347,-27.751684,2.9642775,25.881418,3.3747983,-11.096956,3.2485695,3.9764576,2.9669063,-6.6865935,3.26698,-2.1800325,3.0407183,12.850158,2.950952,1363.3105084640888,66.44230704685694,1684.0773387676113,52.41903289187186,0.00026700762,0.0005649585,2668.11874637471,0.008840439,0.0009342739,0.06922038138051044,0.006908617748251867
-375.13715,3.6373167,172.68056,4.2128997,-39.6181,3.7361193,46.91825,3.7076757,-43.447483,3.420813,38.06993,3.296754,-25.195515,3.2957473,25.181301,3.0461261,-12.631732,3.0509152,0.99133766,3.0619683,-5.2603025,2.9609606,-0.169949,3.0895348,11.896621,3.2007375,1439.0955818256546,66.39628672556304,1710.658844768435,50.879384260232975,0.00032950772,0.00077535934,2937.28378543721,0.0084877405,0.00073531095,0.07654120142111369,0.007321212917080666
-379.0032,3.7142212,173.70428,3.6007729,-31.802507,3.7219543,46.750256,3.6352336,-40.861633,3.706655,38.74639,3.6319132,-24.443419,3.466852,27.509203,3.5741518,-8.2836685,3.4482324,7.101566,3.149308,-5.4597616,3.3188853,-5.504725,3.3802855,8.560415,3.0863683,1358.4249178757518,67.85081931348644,1714.8076773472587,47.37626062822348,0.00024057271,0.0003359381,2760.5966094475057,0.0092841955,0.0010146364,0.0681758446925754,0.007748480351277254
-367.95306,3.8139799,162.43239,3.2279603,-27.920055,3.1571186,48.445705,3.4575634,-42.830753,3.3141596,37.37551,3.223323,-26.228403,3.2554944,20.140646,3.3077629,-9.943458,2.993742,12.778881,3.0362206,4.3090873,3.2954056,-1.0342935,3.1097436,2.1531293,3.0087035,1484.0127426686674,66.80962257685948,1830.7031774420086,47.787690748732075,0.00026553153,0.00025433782,3411.3639813841355,0.009957363,0.001328322,0.0676762344112529,0.005476872529154699
-383.06494,3.4948475,198.21779,3.5238633,-45.545624,3.133144,56.64683,3.1455767,-24.263056,3.0457814,27.826883,2.9905465,-13.9926405,2.9216983,10.247512,2.9628458,-7.4940815,2.9698176,2.8349984,2.892688,1.6449411,3.0545704,-5.5354843,2.8959844,2.2902877,2.8379176,1023.5574704761377,49.93588033670294,1292.362719602128,33.59353949988486,0.00013555093,0.00022151838,2038.7596749927495,0.010032902,0.000736215,0.04731343351218097,0.005452484233844378
-344.97873,4.2674074,163.47441,3.4848685,-51.624195,3.480422,70.16478,3.2556267,-41.551346,3.0509684,43.567474,3.155097,-28.590117,3.035553,25.392332,2.8685691,-15.086787,2.959971,9.596372,3.0451887,-2.4831223,2.7792122,-4.811595,2.831103,6.5771713,2.8483925,1671.637588601252,71.36883249183386,1878.079760893088,33.83400253648252,0.00048731675,0.00046278193,3765.312885187065,0.009390191,0.00060679123,0.08055847592807425,0.008828527519543307
-384.64255,3.4371526,191.90622,3.1627011,-39.01028,3.0628731,54.29257,3.1895428,-20.630838,3.1579883,27.241436,2.9640076,-10.005604,3.1114318,10.497074,3.134298,-4.127762,3.0284448,3.5874324,2.971923,2.5373318,2.9182267,-3.4950752,3.1272485,4.97696,3.0090265,1001.9082165405205,57.3305057345995,1313.5657961970765,33.25509097341294,0.00011456502,7.357225e-05,2018.150750888196,0.010320938,0.0010062212,0.04270704937645012,0.005594876270778858
-382.7552,3.0316362,194.2099,4.216276,-42.599472,3.5727215,57.244335,3.454697,-23.802694,3.3088398,28.975946,2.945392,-13.200941,2.9470294,11.108369,3.0112894,-5.7582917,2.9872239,2.6681256,2.7375066,2.010032,2.9724698,-3.977381,2.8472092,4.374313,2.9885898,1029.4913058114544,51.56931067130304,1326.2988739841212,45.21146656128066,0.00014553791,0.00043367592,2083.3249120867167,0.010265622,0.0007770306,0.044501567937935034,0.0052440790075654565
-376.77084,3.327363,187.94525,4.2693467,-43.3125,3.459736,58.53344,3.5133488,-23.645885,3.3366454,30.488071,2.9499743,-12.23642,2.9560392,13.134265,2.8909338,-4.2832785,2.8095906,3.6066623,3.0175457,2.7001274,2.8221405,-3.7742167,2.8549309,3.9797063,2.8820539,1087.248423534337,58.771753605923045,1389.9308955167007,47.082398911754794,0.00019062786,0.0008671465,2271.952773800029,0.010262746,0.00082458946,0.04544074463457077,0.005702991833087029
-372.45374,3.6209333,187.80437,4.137363,-46.812817,3.4886591,63.192715,3.7890117,-29.890192,3.5232391,33.26363,3.0426073,-16.05942,3.2244344,14.623015,3.0536919,-5.5177593,2.9247637,4.606913,2.802819,1.4145405,2.9363165,-5.4051685,2.8008244,4.408382,2.9704356,1152.5493348368775,58.658113855566775,1445.2019139246108,42.204275577695725,0.00020935775,0.0006989789,2456.159084523637,0.010043848,0.00078515965,0.05027257649361949,0.006642436076043374
-369.80475,3.093876,188.71056,3.9820042,-47.209,3.1874433,62.25919,3.3817754,-29.04578,3.3910413,31.853964,2.9933598,-16.35846,3.0559835,12.487246,3.1824098,-7.7634783,3.1535978,4.337754,2.9529705,2.5534582,2.896016,-3.9684224,2.88778,5.405265,2.9372172,1142.5279352948137,57.97505149371043,1426.4960461750818,38.247048895932636,0.000197889,0.00058239966,2418.8381965088456,0.010243699,0.00075642916,0.05160260477088167,0.005820417712494523
-371.53528,3.2850597,172.04951,3.9853098,-34.01667,3.4121265,46.910114,3.6158729,-43.94996,3.4283268,36.75359,3.357344,-26.085436,3.30052,25.259499,3.320434,-6.8999205,3.4242518,9.075049,3.1328535,-4.953339,3.1427598,-8.072823,3.174645,3.5245209,3.2042642,1402.6822109860423,63.07098329897455,1727.5404652157704,50.328766301014326,0.00029802343,0.00081145327,2923.6444247571058,0.009454425,0.0008325038,0.06924757105568445,0.006223339562455696
-372.46906,3.4785457,189.12347,3.3130994,-47.82225,2.8879533,63.722866,3.0308309,-29.40524,3.2013936,33.45306,3.091212,-16.258114,3.1143415,13.3623905,2.967516,-7.828596,3.2280128,3.5703168,2.9003727,1.912464,2.781614,-4.1460185,2.9723918,5.2323213,3.1399114,1144.8490623583593,51.552375665751825,1432.8287122413817,33.522872358114036,0.0001751725,0.00020832452,2435.450238362819,0.010184435,0.00075392844,0.04989192104118329,0.006306838260849567
-379.41653,3.318219,174.98892,3.390921,-37.640392,3.32403,46.843407,3.0714746,-41.892365,3.0466611,41.295208,3.0998235,-25.207872,3.0290418,25.242575,3.204588,-13.180618,3.12706,2.5679073,3.2362103,-2.8021333,3.2703998,3.1593318,3.0795834,14.845226,3.371946,1372.7043656382857,62.01235972563945,1690.0973070764464,45.24102465967448,0.00023856333,0.00024752822,2737.2897898238107,0.009177691,0.0008577444,0.0691433439675174,0.006709870315838344
-379.45816,3.4918647,191.98465,4.6383815,-44.63315,3.924971,60.850845,3.5691385,-26.687021,3.751339,31.650454,3.2261732,-15.862116,3.1188924,11.751451,2.929731,-6.5152683,3.044066,2.747706,3.196433,1.7955129,2.939716,-3.5364444,2.9106634,5.4370747,2.915802,1081.6479843709196,57.20714574206095,1380.7437701041101,52.59839459892156,0.0001846873,0.00074410334,2230.1853542814674,0.010167132,0.00081436604,0.04698942321635731,0.005469189578413659
-327.723,8.130883,154.44568,4.636093,-66.3436,4.2269936,72.52835,4.7927284,-47.472866,3.5769207,44.42503,3.5023136,-29.282839,3.3621106,21.959698,3.5442345,-17.43658,3.5582192,4.3593135,3.6951275,-3.732429,3.7850232,-5.8953176,3.0998902,7.151892,3.5996628,1945.1534782222745,79.26954542254417,1887.2364494359585,42.62857929905889,0.00074115954,0.00063544954,4155.158787703016,0.009034661,0.00091697765,0.11340813515081206,0.009995805862939884
-379.6237,4.0549183,196.55528,4.342079,-45.6453,3.386929,56.995655,4.2101827,-26.936995,3.7615204,29.346199,3.1374881,-14.094432,2.9711695,11.627422,2.9512277,-5.6092887,2.9855285,3.623645,3.020842,2.6086385,2.8300843,-4.7302313,3.1159966,3.0252733,2.8816917,1047.5198371030574,48.92572909996913,1321.2735952428877,40.22837491057376,0.00015343366,0.00032565198,2091.093851961282,0.010096872,0.0007426071,0.0478447650812065,0.005875586907596377
-358.31662,5.2589173,186.89066,3.983586,-53.98942,3.689849,67.85971,3.604751,-40.89396,3.176799,33.917034,3.2485769,-22.025908,3.7208605,13.6549635,3.1120846,-13.126742,3.1331844,0.19748715,2.9909444,-0.16573396,3.119503,-6.2507615,2.927004,5.831424,3.189129,1291.9113137054983,65.38392628831934,1512.0466170870886,43.018491719604306,0.00023990257,0.00028132254,2799.4163283062644,0.010037942,0.0006952952,0.06333155089907193,0.0066987743134972666
-387.58505,3.442001,184.9312,3.2819326,-35.98778,3.003718,53.19679,3.2031407,-26.403708,2.7998664,37.5281,2.9917772,-6.76825,3.0672963,16.370138,3.048423,-7.4364953,3.173164,3.1110563,3.2142248,0.18550473,3.0072222,0.39894575,2.9792757,7.3569083,2.8260238,1069.7291243600164,62.50026462831582,1432.0497480216507,39.65470858634397,0.00015267303,0.00023622236,2163.062712985789,0.009798676,0.0010258001,0.04285885839617169,0.00702853559769361
-386.37552,3.2842085,184.83463,3.7347443,-36.550076,3.1410928,52.06337,3.2493412,-26.741095,3.0890648,38.74722,3.342872,-6.6713676,3.1788657,17.390478,3.2767227,-8.189576,2.8637266,2.195428,3.111726,0.27618748,3.2204707,1.1609861,3.076861,8.631012,3.0137818,1079.5170090471947,63.5982745513671,1437.1802588783469,49.988460275943496,0.00016183237,0.00031481704,2160.4397590088456,0.009847446,0.0009981571,0.04566959106728538,0.007661545384861413
-403.94168,4.6399274,188.1404,4.4418426,-19.343796,3.3328643,51.201633,3.556219,-19.855865,3.6525674,28.067822,3.545526,-12.420849,3.4321365,10.2813225,3.2492783,-3.5815563,2.9926674,8.995324,3.1352186,2.1464322,3.0063152,-5.39323,3.0553894,5.6689353,3.2047555,918.7611232850243,81.48106473341326,1343.181714047964,93.31555321392673,0.00010440081,0.00015179241,1749.1605754241589,0.009862789,0.0009977467,0.037529682062064966,0.011991108188950102
-341.40265,17.696419,141.7659,8.44548,-66.559166,8.857156,87.30981,7.228383,-52.59923,5.0472856,40.6921,4.352194,-29.19021,3.6681852,26.135414,4.435042,-17.133684,5.182791,8.858711,3.511406,3.8084419,5.2024374,-9.121542,5.491885,8.019506,3.4629176,2243.816982334265,244.10105952411087,1959.805562280984,49.32364343862334,0.0010412756,0.0014410929,4604.283450097882,0.007677819,0.001139634,0.15361033570185614,0.03937690362683141
-381.47928,3.9019234,175.67686,3.5227249,-37.763668,3.6164246,44.707577,3.4704764,-40.487797,3.5564861,36.579147,3.1496532,-26.564318,3.3491006,20.787554,3.013212,-12.777393,3.1401844,3.812325,3.2757576,0.4484983,3.023562,5.4877114,3.0986545,12.145313,3.1982787,1345.845107588627,56.25691015092203,1631.646874526495,43.69590033274431,0.0002177032,0.00027285097,2574.7415847955335,0.009365487,0.0008187591,0.06999755292923433,0.0073143061930569684
-371.49246,3.1136231,188.26225,4.6344,-46.854923,4.254478,63.219963,4.0055194,-29.082819,3.6406918,34.170376,3.090386,-15.434468,3.026084,14.164651,3.1933496,-7.1077857,3.0641143,3.5765157,2.9819226,1.4373604,3.049988,-4.762001,3.0530293,4.0411096,2.8836,1142.3055009881084,57.76785500660129,1438.468204567755,50.12414086293482,0.00021096981,0.0006646369,2428.7554605930973,0.010296757,0.0007238889,0.05038360100058004,0.0059503931412849854
-381.65555,6.6085696,201.49803,4.8033648,-46.58769,4.2751513,50.789093,3.2987993,-25.307842,3.3130476,26.63161,3.092697,-19.54621,3.173965,12.364187,3.1941783,-0.19116582,2.9606524,7.4811187,2.9970372,-1.3515106,3.0471544,-9.572035,2.8068008,2.8932154,2.815031,1026.372426729041,60.15605777191373,1264.5064468206556,48.132523575855025,0.00013150758,0.00014867113,1929.0952182424594,0.009998405,0.001099269,0.05124007576856149,0.006222297164219085
-382.5635,3.2237055,198.3012,4.383145,-44.577564,3.6513407,56.53995,3.257851,-24.95709,3.3536649,28.358353,3.0007522,-14.456067,2.9802105,11.0174885,2.890629,-6.090304,2.8849003,3.3156977,2.9161165,1.7240608,2.9311175,-4.6018047,3.2152157,3.118121,3.0235882,1019.8510963012291,49.682475209633594,1298.9198597232478,46.13715026726652,0.0001508373,0.0005329305,2026.519223100348,0.010150502,0.00068953424,0.04650680648201856,0.004557961740059457
-376.74072,3.726434,170.17496,3.5309904,-29.950375,3.5360696,43.379837,3.1541674,-41.303345,3.6519508,32.576286,2.9745538,-24.336962,2.8625417,20.774412,3.0999742,-8.219081,3.1396444,6.3516417,3.271679,-5.2569184,3.0776396,-7.9665656,2.9299452,2.6902893,3.14205,1364.8612425495426,62.6669925176739,1687.7292055470928,48.0610821253457,0.00024444665,0.00042945062,2797.0931404981147,0.009388125,0.0010959357,0.06673705771461717,0.00668985755479904
-377.66864,3.8159823,189.15518,3.0146499,-46.240395,3.1521673,61.811348,3.0224636,-25.485426,2.9757266,31.821682,2.665035,-13.713729,3.063592,12.993031,2.972662,-5.8199987,2.8250287,4.5598874,2.9000492,2.1504729,2.9966161,-4.926887,3.0211344,4.6092367,3.094367,1102.7583922113572,51.523042945185196,1398.599011074931,30.651430312391277,0.00014558074,7.902256e-05,2324.6366779654873,0.010191822,0.0007589885,0.04673678581786543,0.005843846222768346
-368.413,6.5536413,165.05278,4.2098317,-34.950962,5.234994,49.754993,4.3510084,-42.6996,3.8817275,36.52018,3.4056256,-27.01344,3.3799157,23.4512,3.3669565,-7.156051,2.9076629,9.341525,3.1796157,-5.307617,2.884238,-10.9375305,3.3655844,0.31861725,3.170308,1494.0575806604252,93.32482988637256,1783.7006863426075,54.2012030780283,0.00030431314,0.0005608927,3265.103071526972,0.009571124,0.0011209834,0.07398877066415313,0.00758521127604402
-376.90564,3.3835695,162.34741,3.8544066,-23.13578,3.5051975,50.038166,3.6462307,-38.145752,3.3546987,34.405476,3.431589,-23.391432,3.3483171,20.99031,3.009224,-6.44437,2.9687376,13.520599,3.2108653,1.561695,3.1644664,-6.0205307,3.0179133,0.13457973,3.1293006,1392.427570725945,68.76687199592443,1789.628882343863,53.73585219198606,0.00026430073,0.00081532565,3150.842200188515,0.0098661715,0.0009861147,0.05667461209396752,0.00636927148495197
-421.94803,3.7804322,194.35983,3.8266292,-15.900373,3.3418481,47.89016,3.343095,-20.810886,3.3709643,28.135706,3.3629947,-7.4908257,3.61805,15.3964,3.260071,-0.65432435,3.2706082,7.043132,3.2619247,1.9950408,3.1755836,-3.5621152,3.2568076,5.12339,3.443921,814.8799138495759,59.32163844279917,1251.376416707081,59.22517975064399,7.526394e-05,0.000120452554,1447.1961213928364,0.010104158,0.0013168189,0.02919491371809745,0.006504252920028256
-325.846,7.5021315,155.53203,5.9884953,-72.792404,4.821982,62.597794,4.957205,-49.387295,4.1178694,36.014893,3.9354286,-38.295998,3.9982772,24.915766,3.8102894,-16.931902,3.9536662,4.080273,3.263357,-4.581464,3.37078,-9.181272,3.2914598,3.6222584,3.4696012,1966.7828300313975,127.99775095762138,1848.042718583291,78.46750456566437,0.000793168,0.0007067826,4065.203956550899,0.008704239,0.0009287366,0.123055938225058,0.013975873148254585
-333.3769,11.489266,153.1871,5.016596,-63.94988,6.8858323,73.94255,3.3310075,-43.783283,4.0295496,42.934097,3.796552,-25.154924,3.3927796,21.295166,4.8590207,-13.961209,3.8869576,3.5501664,3.3827696,-5.255259,3.1570945,-3.6433163,2.926651,12.204347,3.7861187,1910.7567784097364,132.23167880546464,1862.8557819669409,50.4096979032317,0.0006910849,0.0004209991,4075.2461232054816,0.008702831,0.00069459644,0.11077753407772621,0.016362869579873242
-372.96207,4.1733623,161.10733,3.6847818,-25.075806,3.639981,45.650993,3.613336,-38.335785,3.1899424,33.305656,3.6423209,-21.589191,3.0936909,23.713943,2.7427194,-3.6510534,3.0800261,12.5056505,3.2713218,-1.5707109,3.153421,-9.148657,3.1811945,-1.857583,2.9727716,1431.662571537199,71.09918914772386,1780.4478594447557,52.41097420030606,0.00025250184,0.00028601245,3155.5385368329466,0.00961783,0.0013885287,0.0690334523636891,0.006196067530344576
-383.09607,3.4667199,167.62099,3.7951775,-26.771532,3.2521243,53.26752,3.8675764,-41.18326,3.4307003,37.242313,3.4383743,-23.538391,3.3730395,22.93863,3.146432,-7.5651307,3.2707276,13.5519705,2.997232,0.7824934,3.004488,-6.0609117,3.02245,0.14103052,3.1533945,1354.4245395761345,62.80021976015468,1761.23385330465,51.16579643584484,0.0002347495,0.0005350113,3029.1121551442866,0.009742901,0.0009180257,0.05594955408932715,0.006264393376020345
-380.99176,3.7958312,175.30467,3.9664292,-33.801865,3.214513,45.50832,3.679199,-39.725822,3.2193341,36.20274,3.151059,-28.741074,3.5026534,25.487602,3.3302972,-9.655347,3.1384258,5.0113416,3.2373495,-7.486433,3.2730913,-3.056909,3.183468,12.6957,3.1530898,1347.9019535129194,65.65806618905721,1683.42282717125,50.95133143601389,0.00024181353,0.0004293437,2630.3731896207946,0.009099153,0.0010597776,0.06696477124419954,0.0072356980752520525
-421.54865,7.3576164,193.18303,4.8305945,-16.042648,4.8276644,46.37146,3.5305755,-19.296394,3.9226878,28.26408,3.5622387,-5.5565453,3.7052937,15.881353,3.9277704,0.4033412,3.5372114,6.366179,3.6625721,1.8782959,3.2260296,-4.275164,3.7037385,4.102933,3.5380476,820.1799319661367,62.921703675083585,1247.5920933812552,63.56638725277025,7.746623e-05,0.00017232854,1468.5794414334396,0.010118443,0.001393495,0.030998495504640372,0.0058666235498164325
-406.39917,3.8306828,170.52556,3.6202626,-21.475922,3.2453623,48.382675,3.414075,-37.64025,3.5496025,29.598743,3.237504,-26.011927,3.122786,17.823896,3.1598263,-9.445271,2.8322167,5.7256565,2.7514598,-5.246986,2.8323941,-13.68617,2.9314399,-5.003758,3.0068886,1213.3394284170379,51.388307858643984,1620.998098459195,49.595497651373705,0.000110486166,0.00014306739,2411.693769485934,0.010685693,0.00067726907,0.04357372027262181,0.005493866299271066
-374.51062,4.7341137,174.19077,4.496989,-38.89595,4.236969,60.74616,4.0065055,-28.66175,4.168174,42.319424,3.769599,-15.432772,3.147206,22.39904,3.0914803,-10.601895,3.2074249,4.5763454,3.088214,-0.1488562,2.972192,-1.7383063,3.5277927,7.347202,3.0820906,1258.0670596720936,81.51542663229611,1631.9697174230912,61.138534645413785,0.0002581982,0.00077883404,2739.4630945475637,0.009731114,0.00084036204,0.0501966719837587,0.0069956020788144125
-375.54495,3.6370156,188.36722,4.5235596,-44.959053,4.0698647,58.943863,3.4999712,-25.00167,3.4434276,31.337034,3.3700042,-12.642462,2.949446,13.1544485,3.0216517,-5.5488076,3.1107874,3.1471083,2.8906102,2.6235442,3.2583892,-3.935035,3.348836,4.1987076,2.9214754,1105.4282673126834,57.610689897398295,1397.3314440807364,53.90850503302892,0.00019448741,0.0008343554,2312.071479390226,0.010197063,0.00071183237,0.04739613544083527,0.005998074081024978
-370.14734,3.343069,186.7002,3.931166,-48.339138,3.328073,62.6867,3.1984472,-28.724138,3.4231355,33.56363,3.1257195,-15.352466,3.0642266,14.467502,2.9588366,-5.9219193,2.8614585,3.918898,3.0289917,1.4831617,3.1525028,-4.5716395,3.0674117,4.4199467,3.0287657,1163.5636621368792,57.36759747276263,1447.4991203374068,36.93991230623992,0.00019828595,0.00037263418,2485.1864418684745,0.010146192,0.00075870624,0.05242169373549884,0.0068520727474744225
-359.8363,8.925632,187.7506,6.0696883,-50.591938,5.0352516,52.816387,5.2069097,-33.9669,4.4158773,33.010715,3.7386186,-18.120893,3.6839843,13.392192,3.3482497,-12.566858,3.2633975,2.220375,3.1534214,-2.2084684,3.1463764,-5.7954884,3.0579135,3.283605,3.1349716,1226.525226095966,70.44186560880216,1446.333603533836,71.6664941707454,0.00025539397,0.000834268,2454.8850783062644,0.010114144,0.0010270281,0.06043698339617169,0.0069624279852815935
-372.13235,3.3648818,163.92024,3.4923918,-21.271801,3.5002337,44.782196,3.0139394,-41.345886,3.4352818,33.994656,3.3205836,-26.390379,3.164698,19.844076,2.9567027,-9.341653,2.8609564,11.43667,3.2495973,3.2917802,3.1527407,-0.90459967,2.9450583,2.272936,2.9085538,1417.7167099189107,69.00272353770467,1811.4574834818807,54.28813630444629,0.00026013402,0.0004509215,3166.2052163391822,0.009843591,0.0012754472,0.06478619852088167,0.006270783090458907
-379.94772,3.4036014,165.92604,3.578694,-25.119993,3.1369753,50.93642,3.2567277,-39.945892,3.199423,35.44757,3.015478,-23.047632,3.0569053,22.149511,3.153799,-5.793141,3.1997697,13.725083,3.2525375,0.7585683,3.1104994,-5.816244,2.8552732,-0.0686785,3.2191703,1355.182241681112,60.4600075257665,1757.0228582727289,48.011583941153994,0.00023621938,0.00051377225,3020.7686634462007,0.009862762,0.0009301745,0.05586458635440835,0.0058557065925172935
-373.87698,3.7342627,187.8441,4.339159,-45.338448,3.5162024,58.62925,3.511687,-25.188915,3.6475382,30.65702,3.1758041,-12.869387,3.0898054,12.478897,3.0070071,-5.4825034,2.8850563,2.4617305,2.8500478,2.0930142,2.9491143,-3.9761722,2.8674648,4.54277,2.8901792,1117.957243736252,59.97465563810318,1399.028421075808,42.95175984841617,0.00018471591,0.0004504944,2337.3017985970127,0.0101123955,0.00086410635,0.0493096088312065,0.006444732138805196
-399.70883,5.186279,186.47263,5.0315475,-23.51361,3.6447883,53.370296,3.8999317,-22.687635,4.157455,30.910147,3.8965616,-12.083275,3.8809087,13.098595,3.3800867,-5.174831,3.0218291,8.899443,2.9262462,1.1092697,2.781256,-4.3240194,3.3674297,6.421386,3.569948,967.4948497149305,97.09481742325015,1398.129892158435,115.68728410017445,0.000118508986,0.00022672286,1898.6439715958527,0.010073142,0.0009540475,0.04068255147911833,0.017770320069097782
-350.66797,5.124033,172.10886,3.7195697,-55.170185,3.401845,76.49261,3.5827262,-36.719746,3.3970816,27.921034,3.3464713,-20.264133,3.4066138,20.708073,3.2324755,-10.917898,3.351905,6.396295,3.9040306,4.9306455,3.2308576,-6.5409284,2.9916403,4.2205777,3.1606903,1472.1219478930805,71.14358172542137,1632.2183275937903,38.333801081298404,0.00029434887,0.00013447832,3183.6166346432715,0.009908093,0.0008004315,0.07790634969547564,0.00965569744042045
-376.3966,3.1192236,190.98392,3.6663973,-45.38929,3.1362996,60.319805,3.292505,-26.248112,3.340107,30.593504,3.1520736,-15.452573,2.8843448,11.029781,2.9473534,-7.4475965,2.8715043,3.0823445,2.880402,2.9409485,3.0141358,-2.518758,2.910299,5.8574696,3.1300693,1094.7122547906424,50.55677556577701,1380.1934143998403,35.14728334675709,0.00016238072,0.00034012643,2266.232236078886,0.0102734,0.00077940145,0.0474550464037123,0.005600142900635646
-377.56708,4.0544863,174.22505,3.6059442,-38.361233,3.121431,49.661087,3.075079,-42.813713,3.3909464,41.174133,3.0563366,-26.27168,3.2601569,27.950844,3.3711343,-10.668121,3.307189,4.6665277,2.9789357,-6.7799115,3.068004,-3.0319219,3.3658686,11.570755,3.1874647,1414.6069506072763,68.10748127848669,1737.564193338587,48.70337194451552,0.00027975527,0.0002195406,2923.7943078415024,0.008728782,0.0008162582,0.0706104535237819,0.007679473276079603
-382.22864,3.463558,195.43874,3.2737503,-45.668385,2.9968674,58.629597,3.0118992,-25.59895,3.00159,30.313198,3.0402086,-13.370482,3.0374026,12.748896,3.0834732,-6.0822163,3.067717,2.742768,2.9591193,1.2892922,2.89152,-5.1918592,2.7308006,3.206082,2.8379,1047.400836022364,47.56690518147861,1333.1908993093746,31.551372918894582,0.00014167985,0.000234009,2127.965090722883,0.010056457,0.0007840937,0.04586671621229698,0.005531485829965392
-376.16452,3.2367992,189.74075,3.8027873,-46.354794,3.2818873,60.28338,3.2916641,-25.730429,3.4272804,32.27629,3.1796782,-13.436639,3.0668385,12.914371,3.1110604,-6.102828,2.7084665,3.4797661,2.5994573,1.9592326,3.130444,-4.813577,2.8284645,4.446186,2.7887397,1101.886932603028,54.324331215312064,1393.328146522333,37.65222058936316,0.0001708406,0.00037204745,2302.1042542778423,0.010093859,0.0007408935,0.04858794953596288,0.006076354861124079
-333.5501,5.524181,130.54675,5.3995724,-86.43683,4.7243443,86.17149,4.633552,-52.00048,4.382651,49.8777,4.302489,-34.447315,3.463998,25.449324,3.5387328,-19.196918,3.3011897,7.911409,3.253971,-4.78908,3.2870924,-5.9075513,3.2100275,11.398364,3.2547617,2551.647120410209,96.37213880585891,1953.1088173459138,34.079086515535494,0.0017184417,0.0038391892,4814.894164189385,0.007114004,0.0003924157,0.1930319659947796,0.01612865763554504
-410.6798,4.9340706,187.73006,4.426023,-21.110018,3.448322,53.864864,3.2922277,-20.362886,3.5044308,31.506334,3.6266365,-11.30849,3.0995862,11.911795,3.3338997,-5.7183604,2.908429,8.289868,2.9269998,1.9815289,2.785276,-3.6646056,3.0962267,6.2869096,3.3060982,918.1836975464382,79.61623147796658,1359.7155147962897,90.97450937488173,0.0001034519,0.00025565783,1759.127800536543,0.010134832,0.0013000817,0.03340591466067285,0.010442013832597992
-336.56577,8.639142,150.21411,4.867075,-72.25346,8.354903,76.61458,3.9680176,-48.97721,4.0963535,49.283497,4.123599,-36.552883,4.399888,26.006376,4.0109863,-16.771149,3.1090047,9.631661,3.6359644,-0.6613712,3.5374446,-3.3901067,3.3573384,7.7476335,3.2699754,2127.7505603191134,120.95655522581202,1963.7009198215003,94.26303762434704,0.00087457744,0.0006757577,4481.454262434745,0.00828533,0.0007333458,0.1371911706061485,0.015100725380864613
-378.69934,4.28288,170.59984,4.357686,-31.23328,3.7656293,45.257565,3.5303056,-42.61939,3.6865923,35.173565,3.607912,-26.748732,3.4191172,25.233503,3.1732047,-7.378721,2.9843636,7.439724,3.1260548,-5.8502154,3.11308,-5.879305,3.1127625,8.841331,3.0137107,1405.294074602738,64.25240577544801,1740.6495582337138,57.59360492004495,0.00031045094,0.000951148,2911.378992350638,0.008763709,0.0009784411,0.06976077617459396,0.006802870780386496
-352.3985,25.229822,161.15085,5.732861,-74.013245,18.838402,66.26922,7.7651277,-46.787746,4.196725,50.36623,7.794432,-30.371166,3.8633792,23.52299,3.634554,-14.302621,3.3051887,4.8926086,3.4087858,-0.40094203,3.3712142,-4.974745,3.1800947,8.241306,3.134807,1856.6001730136306,125.60361715237507,1807.3684732072213,115.10240925553008,0.0008507216,0.002413726,3943.324028422274,0.0076322225,0.0018869961,0.11004794446055685,0.02012258614503307
-331.18988,8.219676,165.16354,4.328103,-74.95299,4.6766734,69.467865,4.0603056,-48.78082,4.0293293,37.739628,3.0927086,-30.71271,3.147155,23.350655,3.2412658,-17.237364,3.5023775,5.0486116,3.1509602,-5.271039,3.3604481,-9.749519,2.8621385,6.0915747,2.8768957,1817.9110537464337,70.2576840168328,1751.023670001011,36.845137064329805,0.0007058155,0.0012703682,3700.338568101073,0.008877358,0.00067964813,0.10920619743329467,0.010327777596287915
-346.65967,11.97986,152.81985,4.2637606,-46.976326,7.8424206,72.448235,3.5735054,-35.532578,3.3639379,36.482277,3.125842,-21.457542,2.9715712,19.364544,3.1421196,-8.98688,3.1408784,5.2059474,3.112984,1.4878263,3.1511922,-3.4787326,3.0591052,8.550643,3.0488179,1689.426002367476,89.36716071672262,1841.8696152807063,57.49870457810155,0.0004340807,0.0005863141,3835.5830712550755,0.009678882,0.0013321091,0.07610390081206496,0.014154151514742343
-371.3351,3.4206827,187.53029,4.849976,-47.746357,4.068388,63.033463,3.8864644,-29.26805,3.8264894,34.190353,3.684748,-15.993712,3.195272,14.628031,3.1776783,-5.928701,3.0411358,4.1853757,2.9092312,1.0125796,2.8716726,-5.356594,2.8557682,4.621484,2.9866674,1155.9552975115087,63.580804053343314,1447.788912219366,55.926793756691815,0.00022963523,0.00096165447,2457.4330907410094,0.010160405,0.00079929316,0.05092626160092807,0.006998596370528817
-381.0274,3.9562066,196.12718,3.394443,-45.938,3.479988,56.75146,3.380513,-24.20695,3.1890204,29.6728,2.8469355,-13.053921,2.7493045,11.382251,2.9580882,-6.8105316,2.9950933,1.9649848,2.8965611,1.4005615,2.974661,-4.2621417,3.0351474,4.0488257,2.9986923,1038.2856530319598,52.06243310761977,1314.8464938749999,33.55442899681679,0.00014011853,0.00021442505,2088.9705082656615,0.0101040425,0.0007990582,0.046662014211136894,0.005530476408266875
-377.9755,3.2277963,192.79332,3.6890805,-47.436195,3.4564724,63.02353,3.2903786,-28.463022,3.149477,32.95327,3.2571397,-16.331087,3.1187189,13.590051,3.3111866,-7.163014,3.0080478,2.848441,2.880078,0.69351935,2.898772,-5.197052,2.8535683,3.9541848,3.017636,1098.7402200938782,52.727376030107926,1391.574483384475,35.73522025669798,0.00016595825,0.000283946,2289.3142310759863,0.0100535415,0.0006963581,0.04868764501160093,0.00595351472199573
-382.23456,3.394697,195.98952,3.1902277,-44.604244,2.9390686,58.167923,2.9828203,-24.521385,3.0955665,29.344248,2.8668644,-14.181894,2.6642177,11.202557,3.0608277,-6.5187597,2.9092278,2.615445,3.0435631,1.8297998,2.9879382,-3.919702,2.9274201,4.817503,2.9570646,1034.8193060427607,49.104507122612326,1319.7031247476357,31.12216545625003,0.0001304534,0.00014307298,2086.322573774652,0.01016679,0.00073195255,0.045740963964617166,0.0054282164263867
-371.77908,3.5070043,187.55302,3.1690645,-48.755104,3.450442,63.382725,3.0236616,-29.39858,3.009014,34.542744,3.1139762,-15.525343,2.8355532,15.245464,3.0013003,-6.210489,2.7305536,3.9801884,2.94505,1.5493758,3.3165448,-5.0078588,3.1397285,4.3040094,3.0533383,1165.8354670699002,55.9357739821468,1448.4693450409284,31.7765583640564,0.00017705663,0.00013299362,2485.4112664950694,0.010099306,0.00069547456,0.050854888703596286,0.006135129986258649
-378.4452,3.5097876,190.08243,3.4605858,-45.66303,3.2485528,60.887436,3.1603415,-26.298035,3.4307644,32.695763,3.033965,-13.538031,2.8947248,12.674003,2.921048,-6.5609093,3.1038046,2.9584475,2.9872727,1.963785,2.5939972,-3.891042,3.0718122,5.0297422,3.022004,1094.8252029644086,54.73126765730878,1392.844178181931,34.43921520482509,0.00014804392,0.00013911923,2286.9910432678366,0.010128886,0.0007838373,0.04753208381670534,0.006326290758021906
-388.4302,3.2599144,188.61285,3.710319,-36.293438,2.934138,53.98492,3.2098978,-27.932764,3.1205204,38.64155,3.12595,-7.2094207,3.3501358,17.429167,2.9304175,-7.8247395,3.040374,2.850178,3.034315,-0.9022156,3.0181153,-2.3069506,3.0814054,5.056474,3.1399846,1047.7921759050648,58.1624459139541,1412.2889918915619,45.01978634397881,0.0001491217,0.00030997378,2075.555972212152,0.009887872,0.00085236935,0.043759516386310905,0.006824906921193871
-378.74435,3.627153,189.47078,3.2995665,-43.391415,3.1469672,60.527836,3.184023,-25.361609,3.2910635,29.9619,3.158707,-13.458663,3.0616677,12.941256,3.0440538,-4.869438,2.9039838,3.4990003,3.0502632,1.2226774,3.093677,-4.8757057,3.337473,4.9522185,2.8907456,1078.7624849064928,49.25819008022676,1384.525247353672,32.42495480155021,0.00014616207,0.00013268933,2257.1143484447507,0.01012662,0.0007683957,0.04606384135730859,0.0055020240455776834
-421.34406,4.9494843,192.64793,3.692611,-12.440274,3.4520106,46.31995,3.2157245,-19.122143,3.1118598,27.563469,3.462555,-5.0406537,3.6382139,14.38772,3.4581144,-1.083699,2.9028168,5.8517485,2.83376,2.3752027,3.0463383,-3.3297396,3.287521,5.20251,3.5192814,803.0316980370136,60.544455962139104,1244.6206378691252,62.68009298663013,6.4838016e-05,2.948121e-05,1408.5262856184745,0.01014752,0.0012759019,0.029797618184454755,0.006607930201503594
-370.85327,3.201884,187.6471,3.5725157,-49.05321,3.3921328,62.396935,3.602669,-29.218239,3.391669,34.63199,3.066644,-15.867405,3.1919403,14.769694,3.0078883,-6.0458293,3.1686919,4.5555735,2.7489214,1.8274877,3.0045516,-5.5053554,2.8822496,3.717517,2.815916,1165.2541054435858,52.21683342713927,1445.3223482340236,34.70489204827646,0.00020082164,0.00039098412,2467.949887162848,0.010055687,0.00075962185,0.05192888087296984,0.006281300272014056
-363.04034,22.856552,182.2898,9.399617,-52.72623,12.970418,64.91048,6.617657,-34.503315,6.8760204,33.354053,4.2252955,-22.2124,5.020965,16.994953,4.6863127,-7.6213894,3.6456013,5.601396,3.81845,0.15795389,4.147808,-4.515725,3.334359,4.9451385,3.3732247,1318.5932528518103,234.32798478536608,1530.4019914220537,105.11883111521654,0.00029365253,0.00053371745,2756.3749025703305,0.009575377,0.0014709195,0.06802856728538283,0.025497136016042796
-384.20215,3.004334,196.51079,3.8453982,-44.15845,3.3730273,57.77561,3.259976,-25.029621,3.3141885,30.153051,3.0170069,-14.513927,2.8640475,11.142279,2.91498,-7.4748864,2.5873888,2.0645492,2.9010358,1.4938877,2.7507694,-3.9753733,2.960566,4.6265635,2.9979928,1029.1760607276856,47.14668354549126,1319.5650046680473,37.589565067557444,0.00014214823,0.00034545088,2059.843228864559,0.010181121,0.0007308034,0.045072551116589324,0.00484653576584264
-369.2323,3.4304678,185.3669,3.8197567,-46.714516,3.2420528,61.14918,3.6574488,-27.54177,3.244113,32.887512,3.0255024,-14.059913,3.123963,13.378136,2.9217618,-6.625425,3.276937,3.1778154,3.0738785,1.8597594,3.0851593,-4.3622494,2.9614484,4.545452,3.1083498,1162.5160670137877,53.86051862740693,1445.6530494754613,37.59787887961694,0.00020075131,0.0004536388,2475.7687880655453,0.010087983,0.00066812005,0.05192774796983759,0.005888465404183904
-341.5607,25.53095,138.67163,13.741468,-64.85416,6.266486,78.295135,6.4534645,-54.632084,7.379311,43.749607,6.5689487,-33.54925,8.604176,24.074099,6.7652392,-24.226217,6.5470066,8.579043,3.5500295,-5.5849304,3.8424575,-5.206823,4.084761,6.1035814,3.5534024,2320.6008321890704,375.4742760785582,2040.4350769107346,182.1081003308289,0.0011034012,0.0011145881,4756.389800246519,0.007165641,0.0011370513,0.16592499274941996,0.044944485201517254
-381.76782,3.7305107,171.7263,4.7366896,-31.843369,4.1337194,45.308216,4.072761,-42.393494,3.6533558,34.515762,3.292928,-27.336298,3.4540102,24.49662,3.6709363,-7.504705,3.1898072,7.495304,2.9898543,-6.0754538,3.2867663,-5.8172164,3.471128,9.72475,3.452002,1383.1386831417888,70.56179210795476,1715.1407477638531,63.01792838713857,0.0003332345,0.0016394409,2820.9994924593966,0.008837642,0.00086232554,0.0684579375725058,0.006930106344232331
-336.2016,10.924139,148.17427,15.659088,-67.47107,5.6224213,79.44419,6.1790814,-52.37753,6.975099,44.200497,8.1967,-33.45897,6.708453,26.58323,7.0096827,-20.226126,4.184794,11.210258,4.4784775,0.6994961,4.0166664,-6.4681683,3.7796834,11.486378,4.549491,2234.436440687047,363.8338393143378,2004.376317258042,237.93580153191755,0.0010794041,0.0020314618,4750.169652244054,0.007912553,0.0006402434,0.15556572650812064,0.035831702585772104
-368.05804,3.8170395,167.36597,3.378394,-33.002823,3.0428426,47.07215,3.1741621,-43.064285,2.9467824,30.629725,3.020111,-21.908516,3.23866,27.398092,3.2851408,-6.657135,3.2353873,6.8638844,3.2017198,-4.7877035,3.247495,-10.525582,2.8167763,5.862724,2.945438,1438.0361611585224,60.29189387296464,1735.3489537341336,41.54400756373435,0.0003118379,0.00044636062,3064.7593487166473,0.008893645,0.00084482296,0.07205830372679814,0.006562593468223696
-372.28937,4.4871507,173.03802,3.5328653,-36.938145,3.503301,47.366543,3.7447977,-41.70947,3.4076958,38.23247,3.468673,-27.286217,3.2619023,22.458065,3.0713103,-14.610863,2.9618587,1.8611825,3.3228657,-2.0420182,3.121929,3.8800638,3.1402903,13.2067,3.2214441,1415.6597119934436,61.6055653458196,1713.4373684032162,44.326746158017606,0.00028182508,0.0003523177,2869.5616118039443,0.0089327125,0.0007217336,0.07330336426914154,0.0070970702026184615
-379.02148,3.217844,184.01988,4.184444,-43.62677,3.887575,55.173054,3.3126292,-30.272562,3.5313318,40.867188,3.377564,-9.252317,2.9846964,17.47371,2.9233544,-9.808614,3.3667848,2.8686166,2.976764,0.14521979,2.9475799,0.5851215,3.0040827,7.3266077,3.1426013,1166.4431362790056,61.02788868359934,1483.4530370860832,53.90228307585912,0.00020803652,0.00053673296,2402.4509792814674,0.00950119,0.0007214752,0.05120608867459397,0.007185819439499901
-401.7815,3.963408,186.6389,3.9688714,-29.338917,2.9715495,58.04777,3.111545,-21.952656,3.2751029,33.608227,3.231186,-10.095133,3.2821734,19.534689,3.0144339,-2.3108132,2.9846866,9.643002,2.8999228,2.4623468,2.9264004,-5.6029916,2.9854736,2.9644215,3.2540524,966.3588254402057,72.90220219457454,1394.903955689187,70.03062947290317,0.000109441804,0.00014503082,1959.2466987202727,0.01019184,0.001057825,0.03676610535092807,0.009814443996357837
-377.4873,3.5118673,190.68866,4.985505,-43.56541,3.9753928,60.01906,3.8459508,-26.073261,3.3795156,30.875336,2.8929543,-13.759578,3.1265922,12.000186,2.9850674,-6.2250614,2.840193,3.9352143,2.7854807,2.4257476,2.6913908,-4.1445546,2.962747,4.643721,2.7357976,1082.3971502146117,60.589710571869084,1383.8767569714091,63.76645139934688,0.00021003946,0.0011705376,2244.8738965523494,0.0102105215,0.00070670765,0.04681382323085847,0.005502159341816921
-372.01337,3.4756126,186.4537,3.4686713,-47.46063,3.157535,62.676514,3.4092777,-27.872272,3.5133467,34.283188,3.1198878,-14.731771,3.0335162,15.073339,2.970809,-5.380098,2.8556898,4.899992,2.9250152,1.8762484,2.7572653,-5.084382,2.941572,4.5294714,2.8129854,1153.927463456129,52.105365857342846,1448.3945804852906,32.16405233420594,0.0001915038,0.0003668083,2466.32615374855,0.010057813,0.00072662643,0.050134362311484916,0.006359389444235354
-390.4752,4.1549172,179.67697,3.5208812,-38.038628,3.6308277,48.818207,3.6369069,-41.836338,3.6559954,42.011204,3.4665463,-25.285002,3.6418328,24.437872,3.5236676,-13.811528,3.1734953,1.8783313,2.9649246,-3.9301515,3.0429022,1.1890013,3.0034063,12.555743,3.4607391,1315.224013763743,56.7989171455443,1649.1280504480985,42.844656971476965,0.00024213643,0.00032593726,2578.5885839617167,0.008416846,0.00071293605,0.064448593387471,0.007145647463123993
-333.95944,10.147477,151.99171,7.003918,-70.91557,6.1813307,73.46068,8.823017,-44.30337,4.3548727,46.486877,4.3450847,-31.916319,4.5610147,21.51994,3.9682102,-8.960275,3.8468096,10.888125,3.8498735,-2.44305,3.2002392,-7.466447,3.8224456,9.730686,3.1613026,1984.138954576167,127.35251341070352,1862.8261235370414,90.01307241205289,0.0008460814,0.0017202629,4154.809060506091,0.008420365,0.0011293741,0.12439729553364269,0.014449610502120487
-342.78625,4.2149944,156.99536,3.4783185,-47.25635,3.1954887,70.78531,3.3654149,-42.240562,3.2044928,44.765728,2.9602988,-28.609612,2.9406717,26.318178,3.1121986,-16.251732,2.9198816,10.47526,2.9534464,-1.7570891,3.0556192,-3.5864015,3.095963,6.8932896,3.0310194,1776.4890390021396,78.7182159376769,1980.3009256175867,37.67598580325732,0.0005383474,0.000414726,4120.660697777697,0.0093149915,0.0007038283,0.085440155524942,0.010208241673415086
-370.52954,3.7913036,161.24498,3.438177,-28.18684,3.6125333,46.65873,3.5609508,-38.91594,3.4878101,35.98872,3.4501593,-21.661427,3.373334,25.215275,3.388303,-4.2396336,3.2748365,11.73943,3.2240264,-1.9475869,3.0553846,-8.710029,3.1502223,-1.021063,3.258889,1464.4656886891614,70.37424149326344,1804.5332799648747,50.165645291677876,0.00030170786,0.00057176367,3270.673726163718,0.009483037,0.0015624204,0.06915354009570766,0.0059952056315689724
-372.58746,3.6507466,185.22803,3.3422217,-46.373676,2.9621587,61.3718,3.2266676,-27.130981,3.4223318,34.085392,3.0356145,-13.729298,3.1275578,14.886621,3.2696147,-5.3521,2.8635118,3.3901198,2.7959852,1.9872793,2.9467819,-4.1695232,3.092347,4.9492245,2.9423244,1156.6888675628672,54.907494590163424,1449.2270452013913,33.08375435409879,0.00018250354,0.00025415412,2466.575958889211,0.0101235835,0.00080897164,0.0496052965487239,0.006166200361627686
-375.54443,17.311192,188.64441,7.2193346,-42.6964,10.388665,55.786625,4.344119,-25.430012,4.5536003,29.269665,5.2763176,-14.5965185,4.5209374,12.660996,4.372584,-5.925074,3.4195926,2.7039135,3.630104,1.0613713,3.150543,-3.170645,2.9736373,6.7209783,3.4609175,1108.0620777088595,148.79070189031393,1385.978371800904,104.7715462956429,0.0001548685,0.00012308812,2242.7005918285963,0.01004404,0.0011565809,0.05012190037703016,0.01465765072143579
-366.7281,11.278928,187.62831,7.7930856,-48.0422,5.395865,55.75504,5.8243685,-32.758385,5.7202525,29.3261,4.466377,-18.394625,4.474648,14.898255,3.5707119,-6.440061,4.013137,1.1175237,3.3230827,-3.8576574,3.8475387,-4.6533766,3.9875262,5.9353514,3.7499003,1206.722286899144,136.237296866379,1436.1892625466194,113.11464973161736,0.00020813158,0.00029873164,2449.539248296114,0.009932405,0.0009050983,0.059672273781902554,0.011022507769663747
-345.34213,3.7370477,179.61765,4.3683715,-57.65063,4.1111975,69.05282,3.8478074,-34.19229,3.9430442,37.313576,3.3987398,-26.779736,3.3371732,17.65319,3.1642203,-10.009946,3.125817,6.2580185,2.9784253,2.7728422,2.9757445,-4.6088605,3.0580525,7.837219,2.8182237,1386.6417597597065,60.35734586623474,1592.957592174718,39.422771831041906,0.00034234885,0.0009226313,2943.2041672708815,0.010636876,0.00071311457,0.06725479444605569,0.007871730706388995
-347.25912,12.492103,166.4111,12.4864645,-52.33782,4.004763,64.05784,6.4177814,-32.345467,7.999576,39.03668,6.7517877,-21.188185,4.3663554,19.297672,4.3795958,-8.508968,3.4426966,6.2854133,3.5556996,2.7761762,3.4541311,-2.0137553,3.2059057,9.883981,3.2285304,1530.001513113245,337.2656434364076,1692.0681917742484,178.39115766844185,0.00044789628,0.0013813837,3281.765074409078,0.009840965,0.00079476077,0.07612882468097448,0.03089842120155114
-348.5087,3.8535178,152.83379,3.2499986,-45.590607,3.0640988,59.09453,3.0828297,-32.862392,2.8321116,31.671947,3.1093726,-30.1583,3.039275,16.840576,3.2790492,-9.4762125,2.9947133,9.422488,3.1814983,4.431914,3.460529,0.6721769,3.4708366,9.796086,3.0704298,1626.8997422945158,70.48895382605517,1809.7933905291095,38.46109608489556,0.0002905772,0.0001338912,3582.9801130184164,0.011013749,0.001597395,0.06613208744199536,0.007108319790866143
-328.17264,10.998394,134.30643,9.83635,-65.15028,4.505208,76.52094,5.0603433,-52.335304,5.9396315,40.8037,6.2866893,-34.56252,4.3401794,18.423265,4.350243,-12.159866,3.858203,8.168983,3.544059,0.7161956,3.5933566,-5.295962,3.4286637,6.948856,3.0659904,2344.5523789636613,247.68423706788727,1984.7031300272165,109.27276319309232,0.001110491,0.00086230185,4700.10870205554,0.0076756505,0.0007940055,0.17205966321055685,0.03589592792542824
-342.7625,3.9894488,175.7425,3.4207208,-58.631054,3.3349073,68.50476,3.2191348,-33.450447,3.166006,37.544548,2.9889169,-25.458132,3.2351627,18.71231,3.1685662,-7.372289,3.1521525,7.3692617,3.024764,2.2844675,2.8652189,-5.436852,2.9388802,7.145522,2.8362763,1430.0973916584983,62.46634520366567,1616.1952138635027,30.225187956981138,0.000314337,0.00034212228,3048.746839200261,0.010598652,0.00072059897,0.07038160709106729,0.007069781399996278
-347.80905,3.79333,166.12614,4.1205206,-58.948566,4.047123,55.571236,3.9161587,-42.860603,3.4997995,34.10505,3.1030288,-30.030035,3.4129124,21.460556,3.258311,-10.588895,2.9991305,6.105346,3.0986383,0.55586463,2.9448094,-0.52848953,3.014788,13.738321,3.0518014,1612.0650970166146,63.27946947921033,1701.8712067625565,40.21001824346377,0.00042673777,0.000937437,3339.8947306409514,0.009591742,0.0008605244,0.08452363689095127,0.007526602744029026
-354.66824,4.0207176,166.48842,3.4294183,-61.012928,3.2528276,56.80707,3.119966,-43.369343,2.9369025,34.084896,3.1803052,-32.03155,3.4074001,20.8709,3.4515436,-12.36328,3.1689591,5.9490075,3.2198632,-0.50789773,2.9166653,-0.9923163,2.7478766,14.066169,3.0398386,1627.4596543359935,61.31530308697136,1703.7483377405538,34.16941393479377,0.0003934516,0.0001718316,3353.559071835122,0.008847742,0.00078966736,0.08521470780162413,0.007505379536368071
-349.27957,3.8574128,173.72673,3.600594,-55.168095,2.9862108,63.924934,3.3319538,-32.347126,3.2211676,39.793205,3.208507,-20.792677,3.3018005,19.88994,3.4692419,-9.226713,3.087185,6.233668,3.1445134,3.3491251,3.3109972,-0.53564274,3.1301646,11.277508,2.7077982,1411.1598392962408,64.32906590725297,1627.119692810043,34.77459546514917,0.0003059586,0.00038334576,3030.3112198194603,0.010284258,0.000792331,0.06643457257830626,0.008123506537235748
-349.7568,4.0013413,170.25914,4.4952593,-50.220284,4.0288787,62.464703,3.8817136,-29.470245,3.342162,36.817387,3.5473092,-18.838238,3.3887353,20.234205,3.2580678,-6.002761,3.0282013,6.997437,2.8150785,4.2054367,2.9748034,-1.7331674,3.1655955,9.795514,3.5069323,1397.9738171804756,72.4635009300135,1634.4802301209702,47.27450468491306,0.0003579956,0.001312356,3026.813947850203,0.010281822,0.0010448392,0.06471709142981438,0.008900110512939007
-335.4032,29.064177,165.46075,7.0204115,-71.12669,10.22468,67.622314,4.3828616,-41.23936,8.375597,37.0919,5.2181845,-32.88217,3.3832705,20.4551,4.1558237,-12.0032625,4.216483,6.987013,3.3171086,-0.45946494,4.646065,-5.4577203,3.266145,9.093972,3.0083902,1739.0137442804278,204.8695344429312,1710.5265442772202,75.04379241718432,0.00058422115,0.00073545205,3523.676372625435,0.009138344,0.0022591748,0.1037036869199536,0.022391353999898885
-339.05844,3.816819,166.34451,4.808337,-59.386795,4.02345,66.16632,3.8780622,-35.824085,3.7843804,44.94403,3.5024776,-24.250458,3.2658641,23.158321,2.9701645,-12.701251,2.974146,6.9207444,3.1369488,2.2923734,2.7929077,-0.63444966,2.854211,11.36978,2.7960494,1600.1403914519317,80.73644064546814,1750.2526608035957,47.2823598065003,0.00051442825,0.0017438491,3452.3819854807134,0.010045681,0.00078125735,0.08071594946345707,0.00830799447848573
-344.25372,3.5122106,175.46133,3.5001502,-56.986423,3.1770344,68.4133,2.9864657,-32.921326,3.3813827,37.205463,3.0301955,-24.483389,3.193859,18.52384,3.0943854,-7.953339,3.1891103,6.672162,3.2591114,2.6971912,3.1091435,-4.455264,2.9736693,7.5910254,2.8431368,1418.1873079846,62.59288702995456,1615.4630813764795,31.610466780857884,0.00030998475,0.00034438612,3034.5329266966355,0.010556286,0.0007505213,0.06740773636890951,0.008246688038719613
-346.84286,3.3770769,169.03639,3.5874498,-60.64888,3.5038989,55.095657,3.3985171,-45.799355,3.4778502,31.916508,3.0537071,-32.926407,3.048903,20.677666,3.4378788,-13.880365,3.0337381,4.457743,2.9320824,-1.480893,2.962473,-0.6725963,2.9322045,14.458964,3.0990813,1608.05837773966,54.122949659580286,1687.8513222727915,34.86053934202909,0.0004018733,0.00054298947,3286.26156694098,0.009517699,0.0006258155,0.08581174775232019,0.006644233190597082
-347.26114,3.6890886,168.08704,3.785504,-58.475384,3.5914662,57.729374,3.7531848,-42.683403,3.7947364,36.75779,3.5742996,-31.334759,3.4602087,21.547277,3.2038682,-14.812091,3.17323,4.7149906,3.2576625,0.48353294,3.3188734,1.772513,3.1904907,14.373365,3.3253345,1607.7673648507468,60.05412420785734,1723.6017813370343,35.53444767630028,0.00044596373,0.0010849903,3339.245237275232,0.009487032,0.00081021414,0.08535178908062645,0.007547759643582749
-327.08972,8.281035,165.26566,5.0547028,-70.05341,4.6702094,70.512726,4.276559,-42.459354,4.07477,36.631363,3.6987376,-34.621387,3.7012463,19.592173,3.1752775,-12.978608,3.694652,5.576408,3.8761933,1.993907,3.4151595,-2.8502738,3.0720577,4.406754,3.0721939,1746.5727920546071,105.0153475371589,1729.814439901113,50.84988160658097,0.00054765545,0.00060084625,3624.597649452581,0.009864494,0.0011081819,0.10224903929814386,0.012677826392273937
-346.04532,3.5427794,178.08983,3.3939838,-54.201797,3.5508857,66.243355,3.2711368,-32.193905,3.1818905,34.45353,3.094335,-26.177723,3.1146815,16.021723,2.9827235,-8.979529,2.9267843,6.308611,2.9299388,2.528397,3.0403404,-4.9538174,2.8371904,7.436273,3.0724812,1365.060220381278,61.28376805440878,1579.322008241605,32.17890601620424,0.00027989977,0.00033820805,2900.0877999927493,0.01068808,0.0007272978,0.06497199463457076,0.007416098993039688
-345.7122,3.4196048,175.19186,3.6903048,-55.329723,3.889506,66.73066,3.5507805,-31.252443,3.2816312,36.019466,3.3634865,-23.837597,3.1323273,17.503946,3.2513113,-7.7106,3.0589433,6.8574524,3.135235,3.3071375,3.0180335,-4.871445,3.057347,7.336761,2.7482345,1398.07879604331,64.19953400899047,1601.2251107517948,33.85890260058912,0.00029499023,0.0004532217,2986.195631978683,0.01062403,0.0007281471,0.0658443300464037,0.007561099729652201
-342.57663,3.6650913,172.70473,4.0723968,-53.660683,3.6032255,64.75132,3.6989758,-29.523506,3.3637846,34.164803,3.3964894,-22.941938,3.408642,16.149231,3.2137241,-7.238754,3.0243394,6.2826757,3.1333885,3.124685,2.9088485,-4.7770314,3.1713765,7.1090093,3.2595649,1401.3038641305925,63.56986954219436,1602.1331740725188,37.66814465498141,0.00033798357,0.0008864414,2990.5672219402554,0.010601159,0.0008325349,0.06819170533642692,0.00777221982745852
-324.19867,4.511042,136.94257,5.186424,-84.16879,3.7290616,88.863106,3.7063568,-60.746914,3.5738597,45.93443,3.8823469,-43.725082,3.2630374,25.552599,3.440669,-19.56371,3.512546,9.126282,3.132982,-3.504415,3.2780564,-4.795981,3.3294907,12.618051,3.1724486,2544.0432953219497,118.09368933764644,1991.1839546706994,45.08288039455285,0.0015023953,0.0011872803,4892.833368075696,0.0077917096,0.00038774105,0.1925731402262181,0.01812234500150364
-349.8434,3.7610726,172.67348,4.167764,-52.183357,3.7805142,64.42599,3.7761059,-31.331306,3.4966068,37.159294,3.4854295,-21.196619,3.4818807,20.16453,3.456204,-6.7741394,3.113598,7.1239605,2.9128373,2.9885345,3.0194967,-3.1459055,3.2995408,8.525111,3.0470445,1398.7880709774781,64.94956622843436,1628.5151314603443,38.8885131206174,0.00033572302,0.0009169981,3020.6687413899363,0.010311904,0.00085452077,0.06385495214617169,0.008088279854365025
-345.74356,3.4736912,174.2083,4.1179338,-59.290577,4.0213327,63.240185,3.58733,-35.04732,3.6738183,42.392582,3.3220406,-19.99662,3.5316653,20.15771,3.2356997,-11.689666,2.9772384,4.358383,2.9958115,2.4715126,2.9394763,-0.41398406,3.050255,11.507858,3.223393,1456.5356735840003,65.52768373000188,1630.3728639110416,38.92247149438866,0.00034247068,0.0006056889,3099.157516585702,0.010140264,0.0007358549,0.07359338747099768,0.008201897264700386
-356.92868,3.4006,175.8559,3.6763725,-49.446873,3.4451182,71.500725,3.2686992,-30.541964,2.846745,36.117733,3.331641,-25.051289,3.0573854,21.438112,2.9194465,-5.3816366,2.8995526,8.36422,3.1808558,0.8702346,2.8871593,-8.02114,2.6963027,6.1402736,3.2093067,1342.4420667944405,69.64576808844745,1619.0195217668063,39.190121958492085,0.00024774752,0.0003391427,2939.8068173578886,0.010700363,0.0008211295,0.058893969330046404,0.00862284419987866
-329.70743,26.151722,167.92934,4.762513,-74.360954,7.476405,61.270573,4.4179983,-47.44774,6.5476394,35.417046,4.7865214,-37.655365,4.882587,19.04749,4.327007,-13.713652,4.397687,7.840492,3.4135978,2.3573692,3.1015167,-3.704647,3.0909476,8.180574,3.2281828,1744.962309220661,98.40436840175587,1702.8706508947027,58.31760767075689,0.0006117067,0.0011093537,3529.5467934309745,0.0095311515,0.0021782543,0.10466099006670533,0.011010614378684851
-343.62137,3.8460438,176.04073,4.4121385,-57.07618,4.401015,67.025856,3.7246654,-33.535618,3.7270074,37.10459,3.6598504,-23.88051,3.1121352,18.05946,3.3961246,-9.32415,3.2828038,5.6154394,2.9223397,2.4513452,2.9647593,-4.4160213,2.9043996,7.657042,2.897703,1417.6137507442188,62.811694666488265,1609.2833515654613,43.41976510823524,0.00035733593,0.0010946089,3024.615662612384,0.01052938,0.0007790502,0.06783257504350348,0.008252000313479118
-346.64493,3.5146549,176.21518,3.4015076,-55.199635,3.1898086,67.81943,3.3572917,-31.926512,2.8915038,35.552532,3.2185519,-25.138695,3.1306527,16.756817,2.9359636,-9.103378,2.8107727,5.81088,2.980796,2.3999164,3.0088735,-4.543304,2.784892,7.818526,3.191881,1391.972956214899,59.92453055506985,1597.9078153529213,31.86705057673963,0.00028946405,0.0003372927,2973.980160600348,0.010581592,0.0007045961,0.06601993003190255,0.006944689177801961
-343.5717,3.801555,173.74805,3.4847343,-61.543407,3.108173,61.103676,3.2001812,-36.038937,3.060118,41.9019,3.1075022,-20.619635,3.2302299,19.447424,3.1921988,-11.575535,3.1101322,4.8841076,3.0241518,2.0182002,2.9177,-0.8515619,2.843198,10.702431,3.218868,1487.8525484230597,61.65463632896635,1625.7215119435193,35.07665418479144,0.0003559873,0.00039347127,3128.1848739305397,0.00988129,0.0006927341,0.07946182569605569,0.007919232923632022
-332.82275,3.7708998,149.34157,3.842332,-47.25127,3.9318268,63.27031,3.3815017,-39.359657,3.494799,45.606636,3.4644175,-29.343351,3.4598336,27.069874,3.4101999,-9.64974,3.4655375,11.614185,3.1546311,-2.1682262,2.9133947,-1.9208667,2.9030366,7.3453975,3.0114136,1885.2773375846589,87.78547246379809,2031.8048022869864,36.86465962645091,0.00062568136,0.0008713901,4385.179361223898,0.00961534,0.0010297871,0.09446372897331787,0.012612846399825328
-344.096,7.771598,175.97356,4.8974442,-57.202137,5.9575906,66.359474,4.690867,-31.706388,3.5152981,34.331593,3.3096352,-24.559473,3.304167,17.245903,3.5195358,-9.080727,3.014945,6.552191,3.087721,3.8377972,3.3064635,-5.3451905,3.1504376,7.132459,2.9619894,1411.3427363828762,100.56453521304599,1587.8522714245757,42.63053825937766,0.0003384676,0.00077267503,2969.433707040313,0.010371181,0.00081327726,0.0708857489849188,0.012551092822259382
-339.95676,3.7606928,155.84721,3.733804,-44.842663,3.441007,54.628426,3.3850348,-35.762676,3.4335825,30.956047,3.2032452,-29.502651,3.0848253,17.909386,2.922908,-7.5760665,2.8547497,12.270755,3.1233938,4.1171184,3.0536768,-3.1589503,3.0105352,3.6352835,3.1363144,1627.3429628015874,68.53860635274638,1796.546922901741,42.415827530655896,0.00038578996,0.00068142597,3548.581945149362,0.0106257275,0.0014747098,0.077627655524942,0.007579829605156716
-339.26624,28.51542,173.73232,7.40319,-74.62968,10.310559,66.07928,4.13905,-44.088417,5.887961,36.011597,4.1458015,-32.196594,3.8839047,18.170372,3.310234,-15.346376,4.6325674,4.5119824,4.0149727,0.52439004,3.410083,-6.8126707,3.5265696,7.0820107,3.1700315,1647.1316230067316,65.3231744600838,1634.992257200463,64.47805003875452,0.0005341825,0.0009575386,3297.777583925464,0.009336475,0.0026065672,0.09710339327146171,0.00983340536561575
-343.95966,3.7047327,178.9326,2.9608822,-59.108597,2.9702234,69.08592,3.3089142,-34.842827,2.9962823,39.01317,3.261879,-25.385492,3.0296981,18.412592,3.0461326,-10.09146,2.8596435,6.0468264,2.9633105,1.6262207,2.95112,-5.0030994,2.9223976,7.953073,2.8863292,1403.2865541843328,56.52340161517262,1601.7031729678868,28.156893363596414,0.00028013324,7.505837e-05,2996.262779147332,0.010694642,0.00066794275,0.06898926914153132,0.006883224266296236
-350.88202,3.6841915,167.8599,4.4025435,-59.540512,3.5087013,57.590042,3.6320655,-44.513206,3.2612622,35.099545,3.4439692,-33.791748,3.5583427,22.786583,3.2518106,-12.589715,2.8073888,6.6758595,3.1582985,-2.1966407,3.3846054,-2.525409,3.0569446,13.532648,2.9602263,1623.8458751809055,66.95339307984744,1728.2900989461618,40.05101091365544,0.0004523054,0.0011802195,3367.4482376558876,0.00934947,0.000827543,0.08519431554524362,0.00749719240470102
-345.03284,3.7072492,176.35405,3.5542455,-54.46547,3.7105849,66.87494,3.3752346,-31.75891,3.1369183,34.421616,3.4129603,-25.8763,3.251901,15.618178,3.1611469,-8.590634,3.0521972,5.995865,2.9288583,3.0630195,2.9668903,-4.128235,3.034996,7.9370003,2.836424,1384.8789663695977,61.243408450948706,1589.5617336958935,32.15385070254399,0.0002944736,0.00039659083,2950.673340976653,0.010655326,0.00070643105,0.06707126413863108,0.007470656696666692
-336.8573,4.51718,166.2389,3.4680245,-45.228863,3.3883104,56.3832,3.482419,-24.203379,3.09831,26.135305,3.0300963,-20.557114,3.0370262,11.265619,3.1591418,-5.945414,3.0399058,4.5812917,3.1813128,3.8546293,3.0280426,-3.5837085,2.8874977,7.5165153,2.981793,1389.436879191707,65.33184378782254,1585.3747029782871,34.25912370739432,0.00030592168,0.00041778345,2940.1565445548144,0.0105566345,0.0015011632,0.06830159694025523,0.008712096095730548
-344.34668,3.478849,159.42786,4.276072,-47.753536,4.2745824,60.47698,3.7648876,-36.436417,3.6814427,32.34883,3.530362,-28.758343,3.4036517,20.318758,3.0587094,-5.778965,3.1468968,14.694985,3.253453,2.645756,3.1165318,-4.4946747,2.9986637,3.980638,3.4485712,1602.6247102506447,69.97844249767661,1779.4733107886855,44.63225674824607,0.00043293592,0.001491115,3514.908212188225,0.010259828,0.00095009647,0.07405901065835267,0.008759332433234804
-342.49994,3.5228212,177.34589,4.472905,-58.480797,3.9930375,68.131035,3.7303853,-34.668095,3.8309941,36.38946,3.5450191,-26.013355,3.353296,17.956976,2.987433,-9.281581,2.9219155,6.352511,2.9658546,2.3300915,3.1386044,-4.9330354,3.0774002,7.323146,3.0741568,1420.6314878862047,64.69785905365151,1603.7967793333046,38.08551383276686,0.00035763253,0.0008092402,3014.8982426406615,0.010552344,0.00078837085,0.07117577218677494,0.007016863073132611
-341.43207,3.5018034,173.63954,3.2605867,-54.67717,3.140379,65.230934,3.1129444,-31.569927,2.9941518,34.826126,2.93081,-23.475588,3.2315385,16.772593,2.9698482,-7.309342,2.8423686,6.582564,2.735082,2.648227,2.808128,-4.967441,2.8440983,6.873218,3.072654,1415.139177002345,63.70892147139785,1607.449143690184,30.664714603760434,0.0002949921,0.00021276627,3019.7444623694896,0.010562192,0.00080010673,0.06863806917053364,0.007426098023435052
-343.42905,3.4421973,175.68855,3.462499,-55.118713,2.9949574,65.243225,3.5607567,-31.549688,3.1939576,34.899635,2.9795036,-25.334642,2.9170048,15.408171,2.8064065,-9.073941,3.1147664,6.175703,2.981918,3.4304693,3.0044188,-4.0764394,2.8523357,8.124596,2.7959042,1398.5769803686246,56.044789469322765,1592.33640826911,32.36566423429686,0.00029915656,0.00045179974,2964.387643198956,0.010632349,0.0006521961,0.0666974061049884,0.007203389399483828
-346.5279,3.754143,166.57086,3.4457622,-57.767033,3.1554875,55.31829,3.2392094,-44.291103,3.4083552,33.36415,2.9757338,-32.181988,3.072218,21.418499,3.4048567,-13.659288,2.926649,4.8650064,3.050698,-0.31895304,3.4446611,1.5341805,3.2459579,14.91771,3.1988096,1626.7637088881008,57.47947821714761,1723.1451462425043,36.65035149735509,0.00043617008,0.0006071829,3367.972828451276,0.009277333,0.00075884204,0.08954239776682135,0.006989098966446322
-345.20908,3.3165607,176.05084,3.7065315,-57.135113,3.5809839,68.14756,3.3347077,-32.81878,3.3833075,36.677322,3.1358159,-24.953522,3.0673125,17.98105,2.9645183,-7.529596,3.014187,6.754903,3.0570347,2.5202777,3.0599878,-5.001106,2.788956,7.2091603,2.8787904,1414.5737093163593,62.31168459408124,1606.3920776832063,30.64130008365584,0.00030723662,0.00040981342,3013.5492948810906,0.010519747,0.00065970514,0.06814865501740139,0.007849716822560467
-355.65775,8.7182665,168.60382,4.8003883,-47.140965,3.8005066,67.82357,5.1849504,-27.439802,3.6245887,33.30097,3.6399293,-23.184294,3.4797268,17.143274,3.6025662,-4.490557,3.152943,9.125759,2.9988143,4.149938,3.0176895,-3.6131985,3.0127778,8.889721,2.9404962,1377.6447109957555,95.50651276691696,1639.2465479365765,50.082111218668246,0.00024303285,0.00026013955,3035.0824980060906,0.010857958,0.0013392403,0.055942756670533646,0.010767380287001865
-320.8854,10.393595,155.93228,6.905027,-73.68568,5.3837705,73.35306,4.083817,-49.027924,4.559543,42.577206,5.0293036,-37.75214,4.009436,22.807991,4.6572723,-13.398227,3.7649817,12.806217,3.1232994,-1.7097728,3.4850485,-5.125214,3.3097062,6.850375,3.4334788,2014.2096145355567,165.4178332824317,1882.717236147666,93.61074030414039,0.0008567184,0.0011536087,4166.499941089037,0.009267944,0.0006121884,0.1258247534802784,0.017096693831329005
-342.0603,3.4790325,177.07693,3.8532517,-56.916683,3.2676268,68.38067,3.563748,-33.904377,3.4980621,36.2839,3.0550086,-25.8884,3.0769463,17.132248,3.0334437,-9.227203,3.0876055,6.033449,3.2032487,2.4317923,2.9093113,-4.096112,3.0122123,8.4876585,2.9154937,1409.7423167410636,59.55271985886434,1604.3675230769293,30.782937217380194,0.0003248801,0.0005672268,3010.6015942212875,0.010727071,0.00068414566,0.06971206133990719,0.007944231488324766
-351.92975,3.9394836,169.38582,3.7201812,-60.562313,4.045942,59.767956,3.5822163,-44.115726,3.5503776,37.661896,3.411493,-32.633152,3.1794124,24.434494,3.2332375,-12.132196,3.276111,7.801578,3.044384,-2.420718,2.9348109,-3.6081455,3.0024295,13.076394,3.0255582,1620.6774927805013,63.53186647889381,1735.058032967229,37.84459450889989,0.00043356276,0.00065421517,3376.2163980930973,0.009116503,0.0006968031,0.08541749746229699,0.008238544175434353
-355.34167,4.4566507,163.60245,4.041071,-40.98074,3.7782617,61.304924,3.7202442,-22.215809,3.6986637,30.497444,3.540148,-19.401043,3.1517844,17.08132,3.3226264,-1.1747805,2.9180238,8.970966,3.2710078,5.424222,3.1955588,-3.6794584,3.0143747,8.427022,2.9999428,1352.4036607093444,77.63011505110367,1637.1850519208779,42.80123652187564,0.00026698416,0.0004384148,2979.0761854698376,0.010504112,0.0015939038,0.05644236695185615,0.010175515707836648
-341.10455,3.9672568,156.80507,3.9364488,-55.11342,3.9163218,59.854237,3.4786797,-44.295544,3.7838256,34.162918,3.733826,-33.586174,3.3331146,23.35508,3.3743372,-6.858787,3.3535519,6.6192245,3.214056,-4.9077964,3.1337364,-7.31971,3.0282826,5.91378,2.9314852,1774.0150793868368,72.49329645587059,1835.6305959897663,41.63967484767445,0.00054886285,0.0011237718,3873.1287838964618,0.009280023,0.0009598675,0.09555924630220418,0.00827837877268183
-330.32382,7.8422213,157.90523,5.9255,-58.641693,4.240336,63.693233,3.9926007,-37.389946,3.3593946,39.034622,3.5507655,-29.739813,3.2574043,20.244682,3.2671034,-11.185901,3.2814467,10.177197,2.9750652,0.9443349,3.1380696,-3.8243043,3.2531214,9.419665,3.2217524,1745.1084478969888,101.42774486020546,1818.3745676585113,60.794171469270296,0.0006024565,0.0011950604,3736.8850601798144,0.009727524,0.0016569373,0.09148079502610208,0.013582251721512376
-347.3997,3.7682583,180.30196,4.0625615,-56.153812,3.5958822,66.210686,3.6873186,-33.278824,3.4292717,35.571655,3.3340764,-24.61812,3.0703976,18.41343,3.1048782,-8.678302,2.9716141,6.187363,3.0766754,2.074161,2.9792256,-5.4155307,3.2763476,7.7762747,2.911784,1355.3651707414733,60.53172635197169,1566.7030959781173,36.68675307155215,0.00030545887,0.00076158874,2871.0604426479117,0.010600838,0.00075164763,0.06527108106148492,0.006963037947004889
-347.8431,3.8677242,172.8457,3.476237,-54.299606,3.2729676,61.812954,3.1562967,-32.542664,3.1014762,39.13511,3.1262758,-19.071426,3.0236108,20.3689,3.3045743,-9.67509,3.0317523,4.540769,2.8479512,2.8027513,3.1095161,0.002814397,3.0430956,11.708004,3.1917143,1417.133047512741,65.18358816882687,1623.2002839372171,35.86666853275763,0.00030603778,0.00048355493,3024.765545696781,0.010244786,0.00073901255,0.06991031938805105,0.008715893335508795
-356.47333,4.0229187,168.86536,4.3336186,-46.122917,3.7337239,66.948845,4.048774,-26.456734,3.495063,34.526684,3.899138,-21.831726,3.4615383,20.42943,2.9646497,-3.043683,2.833389,9.787497,3.0113208,4.318061,2.8432128,-5.21897,2.811342,6.7255206,3.1596737,1362.2140756141594,77.32748132846861,1643.5721652350892,50.80609551651164,0.00033570518,0.0017656912,2998.5609864414155,0.010654948,0.0008853997,0.05738720816415313,0.0089238944405922
-336.6698,3.729679,147.48482,3.519861,-45.991985,3.6156561,61.30121,3.5711267,-35.2694,3.5256174,28.27624,3.639198,-31.146317,3.297325,17.895945,3.2278268,-10.257911,3.1309056,4.0051847,3.141001,5.242062,3.3701658,1.1224657,3.270033,8.213434,3.0017824,1747.5334882600075,71.56198232693644,1850.306704400211,35.955100057364305,0.00041277823,0.0005737992,3856.591683584687,0.010855104,0.0017438988,0.0792069224912993,0.00940195893096723
-343.69482,3.6822968,179.49052,4.0402865,-58.16618,3.745753,65.94694,3.5743878,-35.527763,3.6020818,36.681263,3.2048142,-25.769903,3.4948628,17.472214,3.2289426,-9.503474,3.3087935,5.94081,3.3413327,2.390367,3.1016674,-4.344728,3.2807014,7.881202,3.246196,1398.8927945609241,63.96000532418656,1584.0250994668936,34.751559984330584,0.00032591805,0.00065623294,2948.000425971578,0.01056571,0.00070846075,0.07043032192575406,0.007348494580923378
-348.70157,3.6869128,165.29898,3.8859458,-55.31094,3.887527,56.195774,3.809935,-39.576893,3.4818003,34.31682,3.466304,-30.852152,3.4620335,21.777464,3.6469269,-11.117059,3.3690526,5.262729,3.1482778,-3.828029,3.1342938,-4.591216,2.990398,12.204018,3.3401887,1596.7436848080263,62.605583617790096,1726.6210471228492,38.570525735086704,0.00042711486,0.0009949686,3329.2030706206497,0.009507438,0.0009159474,0.0822193119199536,0.007905764155642286
-348.63574,3.5865831,170.11797,3.977099,-51.19786,3.5650103,61.049686,3.432963,-29.32101,3.4981916,37.489937,3.821079,-18.457886,2.9175985,19.498386,3.3346004,-6.1203275,3.1664402,6.506953,3.1232684,2.9762173,2.8648336,-2.6153183,2.9408414,9.228194,3.1158762,1405.1873590392822,71.02666857514906,1629.9077333690764,38.40082128476142,0.00033165704,0.0009105536,3028.212856637906,0.010237123,0.000983962,0.06401922310034802,0.008583254397729416
-347.5501,4.441064,169.17023,3.9691086,-49.20074,3.321723,59.53692,3.4250743,-28.464027,3.0653682,34.052837,3.220603,-19.404518,3.2580903,17.075588,3.0891528,-6.8430114,3.18317,5.366062,3.1988692,2.6201353,3.3555818,-3.1411264,3.1185787,8.540387,2.877818,1403.0119543090823,71.69918605338735,1617.9750861937835,34.640862130364276,0.00033672943,0.00081251236,3003.9817579937644,0.010203466,0.0011243838,0.06435796113689095,0.008963856760881905
-329.99146,5.8719287,155.49463,4.308118,-63.40575,4.0022497,74.06738,3.4149654,-38.00085,3.5462804,46.818645,3.712435,-32.017597,3.294634,25.4878,3.481764,-12.382287,3.3400984,12.161658,3.0890353,3.0145385,3.150252,-3.203561,3.0629687,9.089557,3.183278,1856.1888921837324,99.15741107315743,1899.4044216323848,48.83634157897415,0.00063695264,0.00090979954,4019.6644794083527,0.009807422,0.0007613961,0.09955272984338748,0.012434688320087085
-358.3652,7.4004917,168.0078,4.19727,-46.724407,4.0281305,65.91841,3.397297,-27.355038,3.5782812,33.236847,3.2152696,-22.02579,3.2608924,20.603947,3.4667041,-2.251243,3.318257,10.054979,3.4065871,4.1569066,3.171752,-4.228207,3.111711,8.73734,3.3191745,1374.229653538818,82.94456955387014,1644.3241142562526,39.822908207500944,0.00023712401,0.00010255995,3017.046566850348,0.010522435,0.0011980601,0.056645156612529,0.009387857978710286
-345.8951,4.7720675,179.58673,3.979924,-56.96128,3.8760674,64.721695,3.7751522,-33.696453,3.0733037,35.221783,3.4402318,-25.402914,2.9831166,16.824926,2.8114734,-8.715134,2.7717686,6.4442587,2.9313009,2.0888598,2.8716993,-5.799225,2.7621527,7.1777925,2.9679909,1372.4173626722884,60.59789011675179,1567.096226821471,40.48234308549708,0.00028892013,0.00031471188,2884.7497643561487,0.010454838,0.00071837165,0.06734429379350348,0.007506843723144272
-344.46515,3.650553,160.91156,3.843274,-49.998714,3.8485732,54.079506,3.5442019,-39.08262,3.1957254,30.95453,3.1291099,-28.14935,3.3322139,23.061874,3.51571,-5.6991143,3.4720774,8.460141,3.1757169,-3.6963422,3.3580842,-9.079588,3.3661892,4.8721256,3.0969703,1607.7865574836376,70.26765032884059,1743.9092231876327,37.70921732960209,0.00040350616,0.0006071877,3399.073568463602,0.009773417,0.0011100561,0.08376572469547564,0.007598370244159525
-354.1503,4.1021276,168.41049,4.4524,-47.298443,3.5924776,67.81811,3.561792,-25.593904,3.6756938,36.43098,3.4330559,-22.591787,3.5341516,18.516533,3.1321976,-4.9577475,2.720733,9.721312,2.7935221,4.2094784,2.8717885,-4.94523,2.8971558,6.576542,2.9335399,1381.6937581175077,74.2495723046051,1653.8419918513293,52.25822115676097,0.0002952328,0.00059086893,3040.1035813333815,0.010392327,0.0009346456,0.06157894975348028,0.009150800904298836
-346.1896,3.582399,177.38637,3.1858191,-54.233837,3.0072188,65.56261,2.985848,-31.237284,3.1537967,34.709423,2.9575968,-24.22432,2.895863,17.19944,3.0438137,-8.164362,2.993782,5.6071568,2.6610687,2.0912073,2.8109689,-5.051141,2.6677163,7.8188157,2.7913709,1365.7934371414524,57.84246745766258,1578.3542139354038,30.998613891446503,0.00027412837,0.00026589943,2897.989436811195,0.010601443,0.0007244657,0.06413817792923433,0.007153799335655205
-337.23657,4.885256,151.87361,4.6026,-54.143272,3.9362655,63.881496,3.652268,-43.802902,3.537486,34.98515,3.4770176,-36.372936,3.0403392,21.895311,3.2980735,-7.359134,3.1962008,9.727509,3.3558123,3.8219767,3.140212,-5.174132,3.2682908,1.2747945,3.284426,1847.1364536370927,81.37578329945339,1898.7811587880985,45.473036295280515,0.00055588153,0.0011153003,4129.3039556445765,0.009830805,0.0008924766,0.08962623259860789,0.008587951850166736
-339.4873,8.303884,170.76894,5.637344,-50.39319,5.0996394,58.179585,5.195551,-28.850426,3.088633,30.979694,3.034764,-21.253376,3.2542026,14.846322,3.3802605,-6.9505367,3.2241414,5.275538,3.2728922,2.268327,2.9623415,-4.987835,2.9845529,6.4840794,2.958153,1403.4892746158557,67.23319226736182,1589.7235539473354,67.55495927141854,0.00031719427,0.00043766818,2958.442280851218,0.010442835,0.0013469324,0.06916033751450117,0.008941044640343737
-344.97208,3.8915596,170.98709,3.621981,-61.599056,3.1746974,59.189476,3.2852242,-45.55583,3.2518985,39.006367,3.4056256,-33.840523,3.1462862,21.54057,2.898166,-16.570137,3.079368,4.8429446,3.313653,-0.039651982,2.8920698,1.229532,2.9989557,13.963149,3.1634848,1621.5637640293576,60.3560131281769,1725.6506470916797,36.71019703114077,0.0004153649,0.00034436645,3368.0727505075406,0.00955999,0.0006796019,0.08802883918213457,0.0065985789034484306
-345.80267,4.0812864,177.09755,3.2831855,-54.833305,2.9028575,65.69737,3.1384702,-31.257483,3.037111,34.508904,3.1651797,-24.884283,2.9646368,16.078424,3.0624278,-8.136219,2.7219696,6.5883327,2.864721,2.8286295,3.0545158,-4.8246336,3.2238228,7.892126,2.9796438,1374.6705847994053,59.73932430772078,1578.0254528207154,31.619178334584706,0.00027984535,0.00025314902,2914.8013227776974,0.0105479965,0.000761274,0.06567099586716937,0.007720323316361286
-330.29,16.682297,151.83249,7.0765347,-69.25054,9.535127,71.75705,5.0753384,-39.90362,4.2192774,36.125317,4.3273444,-29.025455,3.5308,18.821333,3.8878806,-11.04437,3.8587475,6.9914646,3.3910658,2.6266024,3.4224987,-4.3452682,3.488982,8.553668,3.6394768,1910.7370115130564,163.26526955059265,1786.416478715803,64.56466223151008,0.0006951144,0.0009939789,3904.104621338457,0.008945881,0.0015868886,0.11578156721287702,0.025833451088708256
-344.36688,3.5085196,174.53085,3.5040245,-55.18557,3.4889648,66.71613,3.1733296,-31.550385,3.0905037,35.385586,3.2467003,-23.728235,3.0605772,17.732838,3.0052867,-7.077794,2.9983485,7.092828,2.9765363,2.5503988,2.979449,-5.3416677,2.7640085,7.65341,2.936345,1405.0045806849025,59.41728308917335,1607.0744301806692,32.34491526474882,0.00029576564,0.00029361603,3010.126964454031,0.01060866,0.0006348152,0.06715396606728538,0.008428887925739575
-345.98953,3.8050954,162.71048,4.1580305,-54.690834,3.8508973,57.123787,3.633699,-43.707314,3.5840561,34.667656,3.5563405,-31.417873,3.2424426,24.721441,3.5675066,-7.1983314,3.2424736,9.9933,3.1461916,-2.196875,3.167356,-6.9224243,3.379214,8.7312355,3.1403806,1657.3598902309332,73.15529843078856,1777.5644545026837,40.00408420674082,0.00047552132,0.0010197817,3535.9168245178366,0.009512547,0.0009848701,0.0869163283062645,0.008053970675540935
-323.87894,8.901128,159.68782,5.509704,-62.640232,5.2866716,69.39299,5.477394,-43.093987,4.275562,36.992073,4.1544805,-27.451614,3.7521193,18.032528,4.990268,-10.268228,3.4908564,6.7099514,3.4852066,-0.2705195,3.6130085,-3.4176881,3.2169843,8.318147,3.0852222,1772.4246346622801,95.08718211436957,1783.7478609558789,71.19178178416985,0.00065179745,0.0016105077,3801.659533153277,0.009954933,0.0015955928,0.0999990936774942,0.0120319530073523
-339.37943,3.939948,157.61565,3.206452,-46.676163,3.551828,53.80903,3.2124958,-37.799976,3.181351,29.757803,3.1637218,-29.257229,3.107528,20.3956,2.8830655,-5.307601,3.0978193,12.412634,3.1387675,1.0845776,2.8961592,-6.9260907,2.9696054,2.056085,3.3041348,1627.5283772657024,61.59105549078733,1775.201053892354,40.72225633789833,0.0003956027,0.0005652081,3501.8434033316416,0.010327724,0.0014363832,0.0824368293213457,0.00690368264956759
-345.36514,3.3956506,175.97047,3.8460195,-53.460743,3.3317897,63.19028,3.0857918,-30.140652,3.575252,34.16931,3.4109068,-23.392881,3.045329,15.551032,3.0597422,-8.062842,2.9404352,5.858513,3.0321507,2.6764576,2.8545904,-4.2637224,2.9222252,8.601287,2.9656196,1365.6001805106719,60.666158649495614,1574.5143233766944,34.67600958554648,0.00030329154,0.0005939757,2892.818470399507,0.010560923,0.00078124285,0.06577295714907193,0.007682839035837099
-357.61588,4.5588255,170.6783,4.496504,-49.823204,4.25303,67.26641,4.329041,-27.408424,4.408793,35.067543,3.8231635,-23.756353,4.3245263,19.548487,3.4674819,-3.7278726,3.3743117,10.99191,3.2024646,6.037379,3.5381398,-3.5690012,3.529991,8.028543,3.5237572,1373.6489440598168,91.86197183615958,1627.9054814871542,48.212758743287274,0.00027635935,0.00037682036,2975.8536991553074,0.0103136515,0.0014042285,0.06292823738399073,0.012483843977020579
-345.68668,3.4823015,180.38223,4.455503,-57.10761,4.087551,65.19926,3.428941,-33.681465,3.6601217,35.270634,3.5383735,-25.894396,3.1638963,17.38568,2.9691238,-9.499833,3.199008,5.8445787,3.364447,1.4838326,2.9225373,-5.653462,2.9773934,7.5329676,3.0134401,1367.5591392924864,62.08078159432641,1565.1074792594707,40.62907908787355,0.00031313024,0.0006983252,2869.6365533461426,0.010597823,0.0007093259,0.06654106547273782,0.007010448704667119
-346.23206,3.556948,164.4101,3.0593753,-53.28338,3.1420646,53.759743,3.1329892,-42.401974,3.1626036,29.04683,2.902117,-31.982744,2.96713,20.346302,2.94633,-7.1121497,3.0727487,9.539749,3.1874356,-2.373576,3.0882359,-9.169397,3.0964286,4.3462605,3.025747,1588.4501206245427,56.13784632258234,1711.636141874055,34.127318159031574,0.0003595032,0.0002921124,3319.710475275522,0.009820367,0.0008636338,0.08052335593097448,0.0066403288413536
-328.3819,5.6789126,154.25838,4.577175,-58.455265,4.185736,71.14324,3.5656738,-35.85663,3.708555,44.08962,3.5111609,-29.775482,3.5425544,25.24152,3.2958002,-10.419641,3.3098528,11.648717,3.1407192,2.6384447,2.8446305,-4.1298394,3.0091636,7.2791996,3.0190525,1820.063919092616,104.29773999017829,1894.7612246812373,54.91577804893379,0.0006053351,0.0008130711,3976.023521334832,0.009936522,0.0007348641,0.09509022440545244,0.011550292632999276
-349.0252,3.5609918,172.74022,3.643047,-55.863464,3.317245,63.55809,3.214462,-32.361984,3.1255825,39.681263,3.3060246,-20.374786,3.0038638,20.2605,3.006413,-8.70633,3.070362,6.409637,3.0004573,3.0707507,2.9959922,-0.96135765,3.060163,10.685758,2.948542,1429.6022726757578,65.87359216178247,1633.085357681837,35.203760078108786,0.00031503537,0.00038134572,3064.5095435759863,0.010125111,0.00077368907,0.06752555829466357,0.008893274867630096
-348.24283,3.809892,179.12248,3.553152,-55.41767,2.9862273,67.37397,3.1619937,-32.8979,3.0292928,35.3309,3.1783442,-26.835964,2.9496245,16.408136,3.0919025,-9.054264,2.8647463,6.3830786,3.0562751,2.3739822,3.2342372,-4.615467,2.9707937,8.226829,3.19214,1361.6799757799968,61.28774048516007,1576.845754948563,33.11104457013336,0.00028130456,0.00040652681,2892.66858731511,0.010632221,0.0007296112,0.06430358178654293,0.006436987713449794
-356.45673,4.481522,171.4664,3.6704898,-48.018753,3.6221685,68.54309,3.313427,-28.712442,2.8834996,35.086613,3.4964035,-24.465012,3.428552,20.710983,3.2829216,-4.0122023,3.1177175,9.7228985,3.0404127,2.7169018,2.917372,-6.7777805,2.7544355,5.4340153,2.853511,1368.2459442887236,66.61360287107011,1640.6254486020102,42.97784240885871,0.00026253017,0.0005224391,2991.0168711934457,0.010540938,0.00078223454,0.05980935506090487,0.008684200513612227
-333.27182,5.59314,158.92525,4.2653594,-58.282402,4.018421,68.15528,3.819254,-36.386482,3.6013045,32.750603,3.1845834,-21.537447,3.8088543,13.879769,3.2867873,-7.1480546,3.344871,9.652396,3.2819219,1.8947543,3.0623522,-1.4922332,2.8299916,10.643915,2.7314093,1668.9634325269387,82.37722464575903,1725.7087077682688,40.424500397595914,0.00049438805,0.0013468466,3625.8216946418215,0.010234345,0.0011267014,0.08323326022331787,0.011297947587248003
-344.48932,4.000156,164.20291,3.9895947,-55.186565,3.1727405,55.89464,3.4180079,-43.9424,3.3111389,34.45455,3.485206,-31.86417,3.249319,23.317142,3.680078,-10.659344,2.971874,7.4055376,2.9915464,-1.7939422,3.2399693,-2.2511063,3.0489786,13.325576,2.7879918,1630.1008458035801,68.67230115565374,1756.1842139338744,39.44968345753739,0.00037565,0.00047457832,3442.939351163718,0.01030853,0.0010568846,0.0821207493474478,0.007285883690934741
-337.98535,3.5773196,155.47302,3.7878277,-52.322453,3.6821089,59.40478,3.1572208,-43.55811,3.431181,31.752316,3.0823152,-27.980904,3.1503775,24.725407,3.3387046,-11.261724,3.121361,14.134404,3.1101398,0.03605443,2.9143531,-11.700055,3.0726843,5.4731164,2.9856946,1760.4471405699003,67.88720069371738,1843.7647547072609,35.27742679568792,0.00051653746,0.0012618755,3715.5517011673433,0.009897847,0.0010457687,0.09214014464907193,0.008433830237421787
-356.1218,3.6097362,171.41814,4.356108,-47.735588,3.640623,68.63508,3.491212,-27.146154,3.6352243,36.060074,3.5605783,-24.318018,3.4585214,17.735687,3.253515,-5.966004,3.254497,9.671103,3.0935698,3.8136141,3.1923013,-4.903836,2.9729924,8.034688,3.217017,1362.696374782959,85.45114268278388,1637.6528470342942,60.651452163973254,0.00029863216,0.000665508,2999.8849536869197,0.010292976,0.0008718793,0.06189389682424594,0.014015142497004538
-347.17627,4.2465744,177.63535,3.5825038,-55.528812,3.3243177,68.92813,3.1815493,-32.549286,3.2005312,36.017452,2.842763,-25.743748,2.880707,16.981667,2.872395,-9.071303,2.9327447,6.6624,3.0043108,2.2829676,2.9683864,-5.500612,2.8010569,6.86079,2.7579029,1381.135994609287,64.99562020873806,1593.9316058875388,34.0958623576769,0.00028070243,0.00026876526,2958.5422029074825,0.010678262,0.0007332648,0.06546594040023201,0.007107444388025757
-348.74612,3.4386623,177.75461,3.8575888,-54.63135,3.7358549,67.37979,3.5695302,-32.26435,3.1098478,34.829453,3.2661946,-25.71572,2.9595592,17.100718,3.2578921,-8.29168,3.134523,6.8316054,3.108818,3.4161277,2.983596,-3.5300407,3.013845,9.3483515,3.1138623,1360.6465405550796,65.07281468878108,1585.001070625027,34.66948801190766,0.0003020716,0.0006728817,2907.4320711281903,0.010625799,0.0008522022,0.06454602305684455,0.008035487613751125
-347.6072,4.0862865,159.57664,3.8276844,-51.481003,3.4819462,62.34259,3.3480783,-38.590424,3.2201965,35.137024,3.5659018,-31.583118,3.268517,21.089962,3.1383724,-8.394128,3.219573,14.097679,3.325711,2.92274,3.09432,-5.086519,3.1123846,4.241114,2.8524253,1642.4492611208573,64.63238484893789,1807.866644019143,39.84632515420706,0.00040531124,0.0008262635,3590.848974949246,0.010173946,0.0008408575,0.07247521207946636,0.006637451765165921
-352.01913,4.3784776,172.47707,3.505699,-49.769684,3.229945,65.40147,2.9345088,-30.938158,3.152249,35.05861,3.3177795,-25.90442,3.0076692,15.156023,3.2069137,-9.950531,2.941098,7.6123238,2.762124,2.7748146,2.9081635,-4.9591374,3.2464383,9.070917,3.307963,1399.7096056846328,79.6378094887258,1637.701571954909,61.16504082677382,0.0002800296,0.00030528448,3041.752295261746,0.010239694,0.00083686033,0.06498558947215777,0.014913359288653574
-346.9385,3.9262192,167.99016,3.8484647,-58.613697,3.4763293,56.452435,3.2571814,-44.14226,3.3123786,34.966927,3.4208155,-32.24614,3.1117418,21.148602,3.3842092,-14.638547,3.147388,5.3790216,3.318661,1.161632,3.1221144,1.4648595,3.103851,14.349604,3.097933,1612.0871787884528,68.61761385159294,1720.2060469665917,38.60180591807481,0.00039842047,0.0003671724,3343.0672559273494,0.009537914,0.0009191849,0.0845644214037123,0.007976874815021535
-344.6053,3.8140807,177.82578,3.3254254,-58.067844,2.940549,69.66193,3.3532484,-34.739655,3.4127598,37.549202,3.2779412,-25.819324,2.9825397,17.968954,3.1409569,-9.318738,3.0660841,6.716872,3.097386,2.2799814,3.0712073,-5.070642,2.9384103,7.174928,3.0556936,1409.7819388272746,56.33986784566666,1606.466314394316,30.556971551125923,0.0002995657,0.0002811758,3022.1425917198376,0.010590188,0.0006944762,0.06892016205046404,0.007171169263182691
-346.00558,3.7657554,162.32008,3.9132936,-53.57624,4.020165,54.556736,3.696143,-42.460888,3.736937,32.30103,3.278899,-31.52862,3.374582,22.94703,3.275744,-8.424348,3.1796715,8.873563,3.1735723,-2.7858038,3.2185092,-5.378203,3.2761045,9.871207,3.0380094,1645.3715977234438,60.53345079048083,1761.200723342067,39.62081386121854,0.00045464895,0.0008407776,3468.7442221940255,0.009447082,0.0008518669,0.08636913609338748,0.007464236467282988
-345.25922,4.2245536,162.6605,3.8700871,-53.463703,3.54703,55.088158,3.3266904,-41.305782,2.923056,33.388447,2.9953122,-30.354292,3.3007338,22.78107,3.312676,-9.100391,3.2294931,7.631511,3.2174637,-3.1212776,3.1923506,-5.5369725,3.2003553,10.6123705,2.934181,1631.5693019605642,65.4481556250512,1753.757472500067,42.043960426728546,0.00040959753,0.0005058778,3439.5669817647913,0.009671276,0.0009078114,0.08588198774651973,0.006999048594572548
-342.17514,3.9632037,152.13196,4.252569,-51.059345,3.599579,64.21167,3.5721905,-39.887547,3.6739771,31.77385,3.1675282,-31.28275,3.146952,23.470028,3.262427,-7.1779475,3.3173842,11.037031,3.0561812,5.7713575,3.2220252,-5.5016904,2.9397159,1.5852028,3.027294,1759.2110715479498,75.0712393020393,1857.703014931526,42.86615389056688,0.0004957363,0.001260968,3859.66428681482,0.010007792,0.0009011515,0.08122688877610208,0.0076660590804271764
-342.2766,4.0739074,160.71451,3.8482869,-53.80118,3.3782535,56.124397,3.6943066,-41.60431,3.1630542,31.217236,3.3712502,-28.914124,3.1575217,24.125715,3.0789924,-8.12316,2.937935,4.0682054,3.209083,-1.3190904,3.3011982,-6.356381,3.5885427,5.6771984,3.1748931,1659.3209942160888,63.96163213964612,1753.215852494418,40.4347815982136,0.0004649589,0.001043416,3496.5475343496228,0.009575984,0.0010394657,0.08825768561484919,0.0075253581539685
-348.4298,3.7536135,178.11101,3.6570787,-56.319893,3.3175998,68.67775,3.627856,-33.181416,3.2313323,36.978397,3.047127,-25.326128,3.304692,18.24291,3.2198129,-8.582671,3.1158233,6.9577384,2.954204,2.5120895,2.968679,-4.749654,2.9745092,7.8950515,2.9248025,1376.631346247787,63.28208092356146,1594.808748348193,33.81379411864889,0.00029946482,0.00052510604,2952.1471913065543,0.01053188,0.00077400426,0.06613435324825986,0.0076599939836151576
-323.6052,9.6246,147.67102,9.190822,-68.28868,7.585053,74.71291,5.921095,-47.703438,5.437891,40.986324,4.479881,-31.489105,4.5202465,20.062767,3.8894503,-10.616597,3.3772495,9.934621,3.3890638,-0.33522597,3.7376158,-5.4423165,3.4097831,8.815148,3.597368,2065.7077656038364,203.96698686569354,1883.3823879242277,101.42889400565474,0.0009955986,0.002313192,4263.299433095272,0.008897588,0.001537339,0.13350583671693736,0.02312680705819111
-348.44785,3.9306853,160.99652,3.5648007,-52.610344,3.2916222,54.90899,3.1370482,-40.158134,3.198871,32.045845,2.9180708,-30.136826,2.9381807,20.611376,3.2551122,-8.6667385,3.2157924,7.377499,3.230819,-2.8141234,3.2042434,-6.297455,3.1190362,8.58671,3.2667572,1628.8256135236506,63.26976814937773,1746.6243369703368,38.47860127896133,0.00042188165,0.0007069679,3443.538883501305,0.009508728,0.001090008,0.08424494272041763,0.007034282308027452
-345.95236,4.020582,160.89362,3.6632438,-50.009384,3.3454764,58.88344,3.3941402,-37.46093,3.2392883,32.473255,3.7104664,-31.404297,3.1306765,18.220095,2.9474382,-8.469114,2.8810267,10.57917,3.0501163,2.1451113,3.1231613,-6.373728,3.1819217,3.1736553,2.8687546,1599.689810286627,67.19410010525863,1758.6244632541923,40.60488112361995,0.00036309205,0.0004682388,3448.0353760332077,0.010197038,0.0010156094,0.07361944424303944,0.006871761392694428
-342.36145,3.9748569,174.90889,3.9377723,-57.250515,3.512877,67.41645,3.4175444,-32.802113,3.313406,36.7494,3.3467107,-24.780197,3.1416059,17.960434,3.0940473,-7.9764504,3.106573,6.308654,3.140518,1.6910483,3.2037632,-5.721864,3.2478175,7.2525716,2.9379718,1430.9140329687625,68.84693890204058,1614.4076031291988,36.01941619749962,0.00032799516,0.00046542354,3047.572755039153,0.010546377,0.0007802112,0.06946962006960557,0.008057943143250113
-344.26965,3.3695185,178.2782,3.4852345,-57.523003,3.5341547,68.09768,3.588853,-35.662067,3.204478,36.16813,3.3077476,-26.089607,3.2782624,17.957634,3.326143,-9.520296,2.9206064,5.5010977,2.9270332,1.6623259,2.9537325,-5.3250074,2.974119,7.5814586,2.8801668,1409.6454139197635,57.83867667948997,1600.2901640980217,30.769495852813893,0.00031594222,0.00051739684,3002.083238924739,0.010583672,0.0006735474,0.06825514791183294,0.006831823902786125
-347.75253,4.2650695,168.73746,3.802742,-58.973427,3.5791368,54.92156,3.252254,-44.41918,3.3020453,35.12689,3.6946146,-31.959185,3.2607942,20.740553,3.1643531,-15.123555,2.9405158,4.368558,2.9978197,-0.7721899,3.1431482,1.5204692,3.0740905,14.587159,3.1295683,1604.9916904607837,62.16984785861386,1707.4801342442447,40.531845692846424,0.00040528897,0.00047105597,3308.56916600203,0.009327769,0.00075380015,0.08702508700696056,0.006553670031202686
-344.3031,3.6615202,174.69481,3.8608787,-52.445095,3.6173916,65.346085,3.3438356,-31.43404,3.5578322,34.330658,3.3381338,-23.627975,3.3118563,16.944702,3.00733,-7.329574,2.804848,6.1155925,2.801468,2.6373713,2.7646904,-4.581084,2.876816,8.228165,3.075912,1381.0349151324478,71.34850811649021,1600.9331649129863,34.12142363872317,0.00030601796,0.00043372446,2961.539864595418,0.010567798,0.0010864675,0.0663903893561485,0.007974786075257536
-344.84476,4.0596714,161.2045,3.916105,-50.01103,3.5883613,58.404396,3.1643543,-37.844353,3.3669932,32.68377,3.4415922,-31.355705,3.2227392,18.865707,3.1565576,-7.653158,3.2105558,11.913367,3.1505725,3.20514,3.2840688,-5.7311053,3.050332,3.3330991,3.1478026,1599.168809582839,71.08361794063944,1760.1152701851336,39.189872326720256,0.00038832898,0.0007274478,3443.7387276138343,0.010196345,0.0009050409,0.07537317829176333,0.006792335822484351
-352.7856,6.300335,170.46123,5.271023,-50.149742,4.109932,63.172955,4.224983,-30.065538,3.6304123,34.517937,3.5451636,-21.55549,3.519571,19.283556,3.3658535,-6.6041555,3.2052872,5.9417686,3.1693125,2.0231996,3.078076,-4.2351136,3.3326757,8.152378,3.0178149,1407.8594774450446,90.27311719608093,1629.1489752466828,48.251302749936585,0.00031832262,0.00060665864,3025.040331351508,0.01027584,0.0016601756,0.0633689367024362,0.011133086289627064
-347.19693,4.4280205,159.58168,3.9805605,-50.10191,3.3068783,67.8179,3.4974086,-30.481546,3.4474003,38.34224,3.277523,-25.718512,3.1216795,23.020071,3.2776628,-5.7742214,3.2034585,11.603481,3.0137763,4.1445994,3.0616698,-2.4600031,3.2358558,10.150682,2.9727948,1564.5288017739163,87.58287019948504,1786.3504546336637,48.512886844997766,0.00034433286,0.0002920792,3471.242273600638,0.010481739,0.0010494118,0.0661105622824826,0.009421237841969627
-337.83423,4.703522,160.07443,4.590618,-55.617744,4.0669413,72.5422,3.9966207,-33.67152,3.6685245,43.140045,4.0814276,-30.230055,3.26428,23.26476,2.8270884,-10.436186,2.820137,10.617373,3.1994278,1.6770312,3.0949767,-5.040422,2.8571131,7.6418905,3.0508916,1676.923271848056,90.33552299577985,1836.0693740669979,52.435149684332856,0.0005054301,0.0011433407,3699.564172165023,0.010171961,0.00071691937,0.08141381779292343,0.010312939861388273
-346.64645,3.7648292,168.39514,3.7580793,-58.039284,3.1330552,55.85223,3.4237802,-44.764774,3.3714688,34.54516,3.4777486,-32.17925,3.1333377,21.2263,3.1385622,-15.272176,2.9634225,4.530784,2.9522593,0.28399011,2.9170356,2.091238,3.1281955,14.946022,2.982609,1611.3424751318482,62.00451299765642,1720.1919597659753,38.52862674438646,0.0004161588,0.0005917307,3335.673023763776,0.009440842,0.00072817045,0.08646316705336426,0.007334614192236403
-356.79236,5.327781,166.72942,5.9823165,-46.607124,5.0092382,62.394043,4.174411,-24.815323,4.4174566,32.71981,4.215424,-20.961771,5.1403685,17.77358,4.189043,-3.523775,3.3503475,9.1237755,3.091435,4.9155207,3.1536195,-3.640532,3.3733659,8.817138,3.4257596,1385.6931215906131,144.59957526623478,1626.1742803990758,58.67353819961035,0.00028598285,0.00026167667,2985.3962555285675,0.010283645,0.002548759,0.061423742024361946,0.01759507941214335
-347.96484,4.2321324,178.28752,3.757382,-55.40269,3.2429755,66.340294,3.1409693,-32.38904,3.4141972,35.28706,3.195755,-25.222658,3.0774527,16.67157,3.1551185,-9.295287,3.0594199,5.6746535,2.9053352,2.7625787,2.667163,-4.500127,2.9553072,7.7616754,2.9719021,1367.8679918262155,64.57281846621754,1577.7822800740419,35.69773139418572,0.00028276062,0.00037094214,2903.535110933875,0.010572934,0.00071931776,0.06486890044953596,0.007802102111441282
-319.85934,4.833297,139.63391,4.1863337,-74.322464,4.1330423,81.25524,4.3637776,-63.023228,3.6458628,48.289955,3.5534384,-44.382812,3.2427146,25.923439,3.5881674,-18.477118,3.4172547,9.733458,3.2896461,-2.4591725,3.0204253,-5.1196446,3.2765176,10.399727,2.9291103,2489.3347340203627,88.94511924814017,2084.521487086069,36.63592156177924,0.0014278713,0.001785891,5077.364425482164,0.008181563,0.00049997034,0.1749859520011601,0.015052679922645603
-343.37766,3.8128986,163.5478,3.8067892,-51.144875,3.1950815,55.640633,3.3702617,-42.29815,3.2726893,32.06284,3.0256786,-30.00833,3.1162763,24.513445,3.377295,-5.648096,3.4559193,10.533591,3.0342817,-1.5780264,2.9170632,-8.277976,3.2303908,5.1129594,3.2979133,1610.9113408189835,71.20556843857922,1755.9042808230881,40.011468435905904,0.0003867439,0.00036545497,3427.2765688442573,0.009934994,0.0009504389,0.08281635187064965,0.008091547104514936
-348.55228,3.903761,168.43732,4.665826,-59.507404,3.914132,56.049267,4.1471057,-44.795933,3.24879,34.202488,3.6287463,-33.257065,3.7860653,19.849903,3.4067202,-14.316774,3.1544373,6.3034754,3.2010796,2.2457857,3.1277232,2.8887994,3.1112325,14.500688,3.117096,1613.8253545221396,64.90679028586094,1707.5417674361443,43.75231502197153,0.00048790552,0.0013466948,3333.849446236949,0.009304657,0.0008014607,0.08710552312935035,0.006799129639565664
-340.83582,4.073122,157.05818,4.1684237,-47.919582,3.7893941,56.887665,3.7608693,-39.609745,3.3430376,31.163631,3.4109504,-30.686682,3.2681527,19.420282,3.067077,-7.709829,3.3159323,13.659941,3.1288235,3.4035625,3.3263865,-3.030432,3.302818,4.456448,3.3350737,1661.2714586639866,75.49073993290258,1808.2002393459154,45.531891385568926,0.00045092218,0.0010645153,3624.148000199391,0.0101842405,0.001231201,0.08212641386310905,0.007541336297633265
-336.65408,4.230403,151.55103,3.6749592,-48.031822,3.206497,61.301888,3.6660879,-40.90764,3.5076957,29.192766,3.4810736,-27.378813,3.141127,16.145546,3.0314791,-10.040815,3.209732,16.453447,3.4092739,2.1247644,3.257482,-2.3260515,3.2064292,8.248362,3.0494034,1750.3297875433002,78.86409097039183,1842.7233775498657,37.660630527405644,0.00046472752,0.00065946253,3780.1762910564094,0.010093999,0.0012927541,0.08892043394721577,0.008995651229697693
-348.48492,3.6151175,176.62856,4.488516,-54.702507,3.5579607,66.27804,3.785925,-30.485926,3.6171198,35.453613,3.2525847,-24.484556,3.1833575,17.577354,3.1738424,-7.6606874,2.8579805,6.567266,2.8375666,2.469236,2.7900429,-5.048635,2.8415954,7.691361,3.0551827,1369.1642316313862,65.50153246603095,1587.0865670851704,41.91460581144038,0.00034737113,0.0013722169,2911.0542456677786,0.010454439,0.00076192484,0.06548973136600927,0.00693485588861352
-335.85178,5.2175684,151.24872,3.913196,-51.691772,3.3343616,62.19088,3.725775,-42.5787,3.2318826,29.14278,3.204699,-33.04487,3.0353804,22.887365,3.0975995,-7.473588,3.1865752,7.7773476,3.1230054,7.1795516,3.6575897,-2.4225678,3.056792,0.5616256,3.2131975,1804.4920542669934,88.01622137322785,1855.3780150439432,42.61137186727386,0.00050485303,0.0005973508,3953.8907858722446,0.009903702,0.0011850855,0.09248794591067286,0.011335330778335638
-350.27148,3.951192,169.80292,4.780632,-60.612854,4.1027007,57.96565,4.16111,-44.921223,3.771929,36.064537,3.7930892,-32.95719,3.7328725,21.169443,3.0420258,-15.52301,3.0589314,4.4503517,3.0204,0.4272975,3.2722983,1.7371742,3.4279733,14.812138,3.5468204,1612.1468434999545,67.83118234519193,1709.4624218803106,40.59878513792808,0.00046011413,0.0010703668,3326.929843840632,0.009181513,0.00073945354,0.08771615791763342,0.007680930343342852
-351.12024,3.554021,169.65738,3.1098895,-60.450397,3.1956277,57.663628,3.047661,-44.25761,3.182064,36.68382,3.1544695,-31.961918,3.0488846,21.226566,3.1044047,-15.212946,2.881299,5.469621,3.2551513,1.4394166,3.0608482,1.6725338,2.9587803,13.4819355,3.144517,1600.6256593658795,55.50505592204139,1707.7496373248557,33.34087940706869,0.00038487345,0.00032302664,3312.1663600275524,0.009262057,0.00070579303,0.08467544591067286,0.007553321003440908
-333.18018,4.321157,169.91125,4.2815037,-63.178947,3.4193819,74.106,3.8526556,-40.748486,3.4324403,39.296227,3.5552735,-32.354206,3.447379,16.197763,3.0572574,-13.109856,3.1724272,6.8731747,2.9920292,-0.037683632,3.0175765,-6.597282,3.0547202,7.128194,3.0865185,1624.0426762351342,81.05046821526777,1720.6176277267489,55.96045878432959,0.00046212706,0.00057956885,3509.3875185796114,0.01020374,0.0005843941,0.08644957221577726,0.009303333612641497
-357.5481,3.9554217,173.26283,4.0858803,-49.176678,3.4552913,68.62302,3.3807776,-29.16216,3.5205483,35.631626,3.4795575,-23.9568,3.597022,20.934278,3.3746698,-3.6967514,2.8002057,10.760017,2.8958716,3.4962065,2.9070013,-6.239526,2.9406822,6.6576176,2.963776,1351.3885558446425,70.77456507565412,1626.2365324701766,46.458143986384755,0.0002701304,0.0005277607,2952.796684672274,0.010552543,0.0007698648,0.05904577834976798,0.009260054567959404
-341.07343,4.576329,150.5521,4.721277,-45.74564,3.8962345,58.02052,4.0643144,-34.03744,3.7945607,28.26247,3.1318588,-29.672949,3.499649,16.365314,3.4757771,-11.517504,3.2284715,6.338593,3.3509302,6.3627625,3.3993888,-0.49030867,3.4010572,9.898839,2.851097,1678.5101961900439,101.682832394778,1809.410998115725,49.89030592966815,0.00048179826,0.0017845774,3631.4423103066997,0.010757112,0.0021928921,0.07568359375,0.013050053050685712
-347.12015,3.3829262,176.82939,4.1016808,-53.540104,3.7744126,64.35126,3.5157037,-30.997051,3.396842,33.898567,3.750618,-23.590822,3.0920787,16.879814,3.1049702,-7.992526,2.9963143,5.8449655,3.0082295,3.3457327,2.8930323,-4.0066576,2.894909,7.9209676,3.0487783,1358.9056074268524,58.930576953751455,1576.3917686033242,39.25205636990009,0.0003017555,0.0006475479,2884.1752125326275,0.010450085,0.00071342214,0.06512267075116009,0.007383629046037303
-329.03973,3.1837032,157.03444,3.458816,-56.519985,3.4104745,72.76871,3.4452424,-42.544468,3.346798,44.00859,3.0067754,-34.15704,3.3526654,23.978743,3.137626,-15.302209,2.988161,11.36034,3.0881507,-0.4067029,2.8926709,-4.220736,2.9929426,8.536896,2.9711514,1844.8734483447563,66.02938533301338,1943.748942587081,31.233901899940708,0.00064264453,0.00088579557,4107.2711422382545,0.009787285,0.00058272056,0.09585266821345707,0.009419377144421207
-349.03995,4.2763047,174.6157,3.7023108,-56.294964,3.6054218,68.80932,3.5658014,-33.92859,3.5158937,39.279957,3.1327243,-24.772799,3.4579978,18.186628,2.8942995,-10.0876665,3.0207818,7.0889726,2.9501755,1.577869,2.839994,-6.376136,2.7947965,5.929404,3.054924,1438.2658496104384,55.47592116915663,1642.1505462151774,31.843202144901866,0.00035036524,0.00073763874,3112.7718967517403,0.010035451,0.00069127185,0.0694390316850348,0.007637988051714587
-346.49274,4.8760576,165.96268,4.7921133,-58.96798,4.0297513,67.72732,3.9054332,-34.420864,3.796673,47.647312,3.518368,-21.170197,3.9141846,22.818226,3.684587,-13.228699,3.2283356,6.0204678,3.2924042,1.3510159,3.0115352,-1.5420653,2.9585257,11.42282,2.8682532,1575.0865373282193,80.8392020843842,1749.089607859753,48.24448492390455,0.00045767744,0.0011448951,3447.685648836282,0.009756611,0.0007413728,0.07732177167923433,0.009836195908045938
-332.13644,10.404876,162.76169,6.34314,-59.67407,5.376067,71.42869,4.9145517,-44.94402,5.561077,42.023632,3.7626915,-32.58135,3.5468302,19.937191,4.2884216,-15.645598,3.3069077,7.75236,3.3479896,0.80264306,3.015048,-4.147157,3.2694466,9.692541,3.2139747,1756.6139499492165,143.06213661384686,1840.4001501830703,81.98678421689097,0.0005782573,0.0008103927,3850.8211848354117,0.009829172,0.00089405634,0.09259104009570766,0.01416601211844877
-356.39935,4.954776,163.31587,4.0859976,-44.533234,3.8943808,69.56837,3.5642667,-27.80979,3.2242186,38.83245,3.6988888,-20.525446,3.229151,18.238482,3.4984338,-6.990894,2.9886215,10.096543,3.1116467,4.875155,2.9909642,-4.658628,3.1724222,5.7064776,2.907605,1441.5594842829612,76.43191743118823,1721.1799375356854,51.8750960215541,0.0003504251,0.0010824993,3282.8891975420534,0.010130774,0.0010659109,0.06366349151682135,0.01311204417183784
-338.3687,7.0428424,155.37605,4.6266265,-62.645138,5.14442,72.30418,3.975815,-43.27079,3.933568,43.11248,3.7057319,-34.14006,3.5203981,25.180555,3.8777888,-14.766148,3.4217768,8.336424,3.5385928,2.5590582,3.3783832,-7.454003,3.5374446,5.483581,2.8771193,1899.7905933144198,92.1960079694927,1907.0577694024867,39.54991379752257,0.00067098095,0.0008059696,4129.628702327436,0.008885919,0.0007564713,0.10200999673723898,0.013322668685263673
-357.37225,6.183267,153.31886,4.441423,-52.194805,4.3170056,59.804226,3.225101,-39.207222,4.047564,31.910347,3.3769104,-30.549429,3.4265468,17.363127,3.5360565,-9.827604,3.1943853,9.290678,3.132717,-0.9553291,3.2327113,-11.527843,2.9842446,-0.7909723,2.825507,1670.2958070800516,69.10136252752424,1789.749747185542,47.30020295770192,0.00028823206,0.00040417872,3620.1011569206785,0.010716622,0.0009524554,0.06676764609918794,0.0077943842531765836
-349.12772,4.570221,158.48859,4.451197,-54.72428,4.507959,56.59583,4.0297613,-42.77826,3.7320495,34.936436,3.8541093,-29.080612,3.4514036,22.958965,3.4917622,-9.119498,3.1568823,10.133992,2.964911,-0.38042796,3.3130233,-4.1013584,3.4296992,10.830785,3.0581825,1699.804076538097,71.58033805170606,1799.174756944972,48.01386318787742,0.00047517545,0.0011068211,3638.911484012471,0.009256006,0.00087552716,0.08674979154582367,0.0073002078458044364
-347.9232,4.317514,159.32426,3.6759796,-60.57072,3.7942786,57.54251,3.053896,-43.942112,3.3060575,42.195217,3.7451081,-25.64149,3.3313873,25.106035,3.6335907,-13.103083,3.1362,5.017092,3.5549717,-2.0196915,3.2244656,-1.3514684,2.9348803,14.376738,2.977081,1753.4003077358664,65.01032875920478,1808.4868107670627,37.97678370735805,0.0005417917,0.00072977983,3741.0318255147913,0.008621628,0.0007399921,0.09601127465197216,0.008059063759690384
-352.30902,6.421524,141.29132,4.9923706,-46.306023,5.0242147,61.083427,4.449862,-28.872253,3.873023,40.378525,3.7353208,-23.425037,4.118898,20.039713,4.148887,-9.063139,3.4967525,11.760996,3.0715365,0.46920153,2.8919363,-6.15047,3.2123697,4.5975533,3.2833338,1810.8264129558554,128.74933479888233,1940.8255411679236,48.19385519647232,0.0005353896,0.0010272467,4045.494330952726,0.009519435,0.0023383247,0.07352767908932714,0.023762498257128638
-348.30664,4.4754505,174.63745,3.2408097,-56.31705,3.4401004,68.17249,3.1135662,-33.275784,3.2704668,39.005806,3.0155914,-24.874817,3.2612774,17.295841,3.1835775,-10.578245,3.1806896,6.295577,3.0826783,1.6291461,2.8589988,-5.0303993,3.0907645,7.183967,3.012805,1431.658509865775,59.267088200261625,1634.2721450598387,32.85145446302786,0.00031027707,0.00023162331,3089.0903694170534,0.010120472,0.0006849283,0.06897454140081206,0.007644326490199895
-344.45,4.373576,171.90454,4.149249,-57.84414,4.0251513,69.94198,3.9202607,-33.975716,3.6770585,40.566093,2.8162308,-23.564201,3.6782544,17.959433,3.2699254,-10.125324,2.7490578,7.7079816,3.1997476,1.8457428,3.1677897,-5.405514,2.802277,6.5443635,3.0681713,1475.0820355089922,61.687436403423334,1665.0166032167688,37.01096131904848,0.00036604088,0.0006637736,3224.459775141386,0.0102011515,0.0006671453,0.0708766857598608,0.007849535493200992
-342.1258,5.3768463,147.6773,4.1246376,-50.795544,3.4929338,67.169,4.112449,-36.952938,3.6673353,36.6492,3.5093832,-29.043684,3.0157256,22.279621,3.9758615,-11.3424015,3.1764946,6.108555,3.3556483,7.018045,3.644722,0.44295904,3.4197924,7.869817,3.0310087,1817.8542702483578,91.15555927881293,1902.5105599374688,44.91726922285001,0.0004836475,0.0007703188,4072.8479938551336,0.010038551,0.001057565,0.0840738743474478,0.010048672096977688
-329.5527,8.470254,166.4151,4.8885264,-71.962234,5.454987,73.87505,3.944398,-48.34484,3.4564517,41.176994,3.4603364,-28.870277,2.9732826,18.583902,3.0602765,-12.870785,3.6743076,9.636376,3.7067437,-1.7933638,3.3212428,-5.6118097,3.0914087,7.287719,3.0868356,1785.8628345699165,99.32442695503167,1752.6173114773846,52.29546695384736,0.0006067775,0.0006066011,3774.3808117930685,0.009411174,0.0006997637,0.10583920932424594,0.011205021140251861
-349.69772,4.413733,172.42006,3.6685438,-54.71149,3.7958007,68.46581,3.2681837,-31.82908,3.3121378,39.621483,3.1106837,-23.789589,3.1645956,16.07555,3.3056011,-10.770433,3.3240452,7.058126,3.177175,2.17428,2.8964171,-5.9834538,2.8468082,6.9474854,2.903294,1434.3178473949706,65.30195536705828,1646.4946452313686,35.520700961409595,0.00032800622,0.00044300695,3130.1833150558296,0.010093206,0.0007142314,0.06704520736658932,0.00793202595267529
-348.2683,5.4578347,160.44359,3.7439806,-53.790123,3.8730812,58.55783,3.5247982,-40.154564,3.324791,34.34102,3.1666343,-30.720888,3.4345481,18.58472,3.0769126,-9.88705,2.9937239,9.058272,3.3227472,-3.2473526,2.9887354,-10.119575,3.3056865,4.8166704,3.1335292,1637.442201103719,64.82470205926737,1759.7068776186097,40.9488553177385,0.0003684078,0.0004954698,3510.7614468532483,0.010068321,0.0009664395,0.0792873586136891,0.00699945036360484
-347.9662,5.0227933,158.73227,3.9118016,-53.49776,4.041986,57.955753,3.3513274,-43.5137,3.7698305,37.45968,3.7076952,-28.140974,3.2984948,24.83034,3.4721444,-8.391263,3.5208771,10.574597,3.2780194,-2.134988,3.032053,-7.5600133,3.4506376,7.0300717,3.4852436,1704.7151550579717,74.35393132745524,1826.2785374540229,39.32652534126206,0.00046873465,0.0009074465,3711.479877374565,0.009421462,0.00097114657,0.08630229480858469,0.007830161605114698
-340.05386,5.274582,159.55719,4.5350294,-61.361263,4.228714,68.48505,3.6963227,-35.1767,3.665322,49.15963,3.5009005,-22.159712,3.617503,24.025932,3.5591748,-13.198066,3.125638,7.656615,3.2114131,2.291349,3.2304685,-1.0465056,3.0448182,10.735449,2.9527218,1704.691501298439,85.38949136833479,1815.583128310247,47.27531449164401,0.0005377894,0.0011690402,3714.677383175029,0.009608059,0.0007061129,0.0859307025812065,0.009652985552252363
-349.10458,4.268158,174.52313,3.4167712,-55.257935,3.3041735,69.10593,3.2282436,-33.632828,3.1819646,38.378513,2.9738495,-25.87318,3.194189,15.975479,3.2115252,-11.946083,3.020058,6.374168,3.1669362,2.2236085,3.0121255,-5.3765283,2.766393,6.9298754,2.7252514,1432.6893152241587,58.32704994777468,1638.102639008415,30.98019705840933,0.00032471595,0.00045711108,3099.807009951421,0.010161477,0.00064200914,0.06819397114269142,0.007204264367587738
-349.87964,5.7968416,163.77193,4.343583,-59.356827,5.0204954,64.410194,3.8201425,-28.020882,3.9863772,40.09665,3.6263034,-23.312813,3.9734113,20.222202,3.533409,-5.385019,3.5126762,9.987968,3.2188168,1.4907881,3.371329,-6.8837223,3.675716,5.335834,2.9419909,1559.1943841222917,76.41505403684714,1678.2631435041496,47.01455500775238,0.00041635736,0.0011727134,3264.7783248441124,0.009515428,0.0008598403,0.08326044989849188,0.012442813786728247
-344.12216,4.755389,156.4609,3.9885643,-55.077206,3.6845238,53.695683,3.995517,-44.387268,3.393819,32.497147,3.3982882,-29.49761,3.3685741,21.657415,3.3934655,-8.499981,3.3096697,9.3600855,3.2385843,-1.9760094,3.1381097,-6.1636944,3.126719,8.221515,3.0834584,1734.0270858807467,66.56829748775223,1800.8968307892571,49.2839637165671,0.00048851775,0.0010626034,3701.987282029437,0.009395157,0.0009906545,0.09001141966357308,0.007327698906061689
-350.78604,4.7167897,165.35176,3.8571851,-63.840904,4.1403317,58.666874,4.0245523,-45.432167,3.2880409,39.73623,3.216617,-29.76752,3.3677816,22.425104,3.370214,-13.797322,3.2019076,6.790403,3.0732052,1.5584968,3.1285512,1.8490599,3.0102942,14.296332,3.087584,1687.304909262191,64.1167604775831,1743.0275405804819,37.550519480275526,0.00046369122,0.0005137234,3530.4960529654873,0.008886682,0.0007816576,0.09241883881960557,0.008023200146371263
-353.61096,5.199872,163.96307,4.0285864,-45.16448,4.435849,67.29779,3.8811996,-25.997618,3.6400027,36.476933,3.6668916,-23.048153,3.4746037,14.676136,3.4979112,-7.4930825,3.1055286,9.442806,3.1508899,4.1602674,3.2002056,-4.4443746,3.3076622,8.116915,2.8748436,1442.2549348034072,81.57155554766614,1700.3704972585301,58.33222760563828,0.0003577672,0.0010736882,3232.7033447832077,0.009939949,0.0008559702,0.06680163319315545,0.012572856369151326
-344.65582,4.414799,172.0521,3.7987704,-58.148746,3.8422675,68.52277,3.4670303,-33.230724,3.434285,39.435722,3.4064596,-23.999678,3.3023005,17.935795,3.1163359,-9.64245,3.141537,7.2442245,2.9795406,2.1652384,2.9964767,-5.181281,3.055038,7.2863426,3.041461,1476.1903672877258,66.3994629541628,1652.550554657878,33.23034536327675,0.00036814736,0.000736471,3183.0171023056846,0.010234567,0.00081915857,0.07023319678074245,0.008041344996235454
-345.25922,4.4405417,167.22716,3.813618,-51.067738,3.9673948,63.427727,3.8347714,-28.620583,3.6257374,35.022266,3.372462,-22.269436,3.1408498,13.825419,3.219074,-9.027836,3.2214944,6.727231,3.3745046,4.497204,3.1369045,-2.5743573,3.2022557,8.698637,3.1455193,1442.0390143131729,60.299527247592515,1648.3185791971114,38.013626211792925,0.00035347725,0.0007985811,3125.6368614957946,0.010255031,0.0010102919,0.06677557642111369,0.008511896073280976
-345.223,4.7355056,156.49298,3.9814394,-51.805122,4.129276,54.361416,3.6461952,-39.959225,3.4769611,34.585236,3.3029683,-27.853073,3.3672307,21.017359,3.4320583,-8.933358,3.0793915,9.533934,3.0921314,-2.753445,3.0766633,-5.572312,3.235041,10.576558,3.1747794,1686.556200549416,66.07537455498246,1797.2819398519116,41.77805937163537,0.0004576314,0.0009648615,3621.100377483324,0.00966685,0.00094615994,0.0865220780162413,0.007676797561823657
-344.65088,4.6447277,171.58875,4.628917,-58.1461,4.3373556,70.054695,3.7239618,-33.91532,3.688138,41.312355,3.546009,-23.230433,3.8271396,18.94156,3.041948,-9.531103,3.1039608,8.151494,3.1693566,2.0461133,3.1220207,-5.9035325,3.0953085,7.3472624,3.0859928,1485.500272201699,65.62746507382076,1671.1888529146781,40.665046271033006,0.00039501028,0.00095201394,3241.346602650087,0.010201142,0.00075955474,0.07172636310904873,0.007427092779454913
-348.1829,3.9905436,173.10316,3.730053,-55.328335,3.8682134,68.06644,3.41764,-31.947836,3.3509154,38.801857,3.435098,-23.730274,3.3214185,17.729982,3.185089,-9.69686,3.0461755,6.782621,3.1382353,2.1988075,2.8460855,-5.5321674,3.022808,6.9922647,2.7361274,1427.630533834438,58.02831626526663,1639.858503609203,35.15707879540601,0.00033425304,0.00054979534,3089.4650771280453,0.010187065,0.00069146004,0.06800137761020882,0.007215150802278856
-352.47668,5.744008,165.62498,4.124473,-55.425774,4.1167088,65.21642,3.715648,-31.13463,3.6032658,44.09576,3.6064074,-17.655277,3.6660945,19.55297,3.6002657,-9.768718,2.9664712,6.871483,3.0901926,3.0325263,3.1574168,-1.9769734,2.867154,10.151555,3.2116544,1503.3444371473186,74.70607812802339,1699.816897572166,39.55860613832963,0.00034408562,0.00031091654,3318.4614495722158,0.009691322,0.0010111134,0.06823702146171694,0.009888870101160926
-329.4422,11.733024,145.41519,8.57358,-86.45765,5.4053497,78.9201,5.5199165,-56.730244,5.355603,45.937443,5.124069,-38.740437,4.5961027,24.350735,4.165575,-21.857574,3.5649934,8.084722,4.220668,1.355825,3.8403423,-8.812813,4.2447867,10.065218,4.258553,2298.7298877790627,182.13476211960537,1893.2516806625474,77.56613833427377,0.0012255805,0.0028048765,4560.5925309962295,0.00790782,0.0007980378,0.17140144649071926,0.02631980013915783
-332.06482,9.616176,150.06204,5.6196227,-58.396873,3.8064938,69.69644,3.8836114,-34.08618,4.1154165,45.80635,3.7344542,-26.01745,3.7947073,25.113798,3.7407494,-10.062379,3.6013129,11.335702,3.5257056,2.558265,3.212837,-4.59309,3.4705627,6.6352077,3.3058057,1852.3770117420243,112.36448569391739,1906.8444050638582,59.89350740505896,0.00060342957,0.00042131759,4039.7987737456497,0.009513806,0.0014850311,0.09736396099187936,0.01132773724663925
-352.33243,5.0040336,163.86559,4.004931,-59.74264,4.3021517,58.404167,3.848915,-42.947792,3.3221018,38.99905,3.840156,-29.208618,3.5793607,21.609373,3.1737545,-14.935738,2.96862,6.47013,3.4640863,1.7326354,3.0288343,1.8134508,3.2285514,14.520337,3.3202446,1679.917368016809,65.54896769414519,1764.0876742486184,41.129103837454366,0.0005106739,0.00090067636,3538.764603121375,0.008609983,0.000746677,0.0900272803074246,0.0077043058975432765
-344.27863,5.1917663,158.25589,3.552965,-53.151154,3.5354695,53.720734,3.041592,-41.15316,3.4836903,32.37642,3.2217805,-27.391315,3.4571373,20.36807,3.5709596,-6.9656568,2.9508736,9.953576,3.1248124,-1.3158749,2.9934394,-8.622902,3.2180405,4.4200835,3.0263598,1665.3612890076456,66.23129696372519,1757.9769793107944,42.6772625609156,0.00040952273,0.00040327306,3545.7091860317573,0.009596475,0.0010672613,0.08633741480568445,0.0070685887432605345
-348.96927,4.7665567,159.74579,3.4145117,-59.443085,4.288029,55.787426,3.557851,-41.987347,3.6806307,37.569542,3.910315,-27.88037,3.8019152,21.66485,3.4114532,-12.350344,3.1591806,4.391555,3.165829,-2.2419715,3.1988108,0.3855758,3.2211635,17.094545,3.278589,1711.1362821830935,58.808347074429946,1769.1602051356276,41.78549570504054,0.000469852,0.00039993762,3605.8872444170534,0.008791036,0.00079247815,0.09175155887470998,0.007373196090450564
-358.6922,4.946595,162.41847,3.754016,-46.341934,3.9049673,70.55936,3.4520905,-27.2588,3.4606626,38.99264,3.2738447,-21.65779,3.5650609,19.791956,3.4473162,-5.171895,3.1275992,9.702258,3.2134368,3.107342,3.0859916,-6.7970023,3.127331,5.5732284,2.9945297,1457.9851236058687,77.64618273634659,1726.4019010556754,43.849362484024134,0.00028746595,0.00022653338,3300.8751676696634,0.010051163,0.0008207312,0.06227455227668213,0.010195533650533132
-346.5343,3.9781299,174.65181,3.4953504,-57.25485,4.0077443,66.94176,3.3351736,-33.5892,3.3022768,39.095398,3.1615424,-24.304924,3.0635839,17.29561,3.2421505,-9.974893,2.7142208,6.8297486,3.07507,1.8483168,2.9554973,-5.9096713,3.1395588,6.8781834,3.0640976,1436.1549022957092,60.16022064016942,1629.601468245063,29.639559107708052,0.00033820045,0.00043316995,3087.941265770012,0.010102462,0.0006932406,0.07098091284802784,0.007562458427558769
-352.1269,4.0314627,159.07648,3.675131,-57.013386,3.6456316,55.44909,3.502572,-43.136307,3.6738737,37.41253,3.5239382,-27.07421,3.2174165,23.043985,3.512721,-12.505321,2.9675374,5.7495027,3.1320388,0.06047883,3.3925226,1.1183101,3.289228,15.477879,3.3119242,1700.1186961906008,64.06021872960257,1785.681375988884,40.83083890327909,0.0004442239,0.0005631888,3618.002793739124,0.009015894,0.0007566345,0.0879710611223898,0.007528403266457932
-341.59552,5.162874,151.2103,4.1005154,-52.867527,4.532765,67.33744,3.98381,-39.914536,3.5078924,37.25685,3.7607472,-25.543938,3.9625506,15.468606,4.0172596,-12.597948,3.1254036,10.146791,2.9908636,-0.8846743,3.0807724,-0.19047022,3.0839107,12.980835,3.1868832,1801.7926875718867,84.35384909156026,1863.916304450788,37.85588874626299,0.0005483536,0.0010372181,3944.023482816125,0.009379475,0.0010729885,0.0896511564675174,0.01232464786854491
-349.17358,4.4262767,161.02248,4.1494765,-59.521988,4.0425167,58.036007,4.105059,-42.82752,3.6878047,40.657536,3.286112,-27.672495,3.538942,23.853241,3.1751351,-13.601012,3.1226666,6.1154275,3.4127464,-1.214281,3.20139,-0.74539644,3.283508,15.327586,3.2789307,1720.1762290802637,69.04232028918825,1797.3500601259793,40.05657040364317,0.0005010002,0.00051123084,3651.052013848608,0.008682004,0.0007427656,0.09179347629060325,0.007941122466846796
-355.29666,5.1191425,162.83719,3.9372785,-58.09954,3.9600632,58.917324,3.2076266,-41.102688,3.6789386,35.729286,3.2623327,-29.700052,3.3063686,20.003593,3.3926356,-11.437657,3.2380726,6.6931973,3.363849,-1.1610628,3.0034537,-2.9753993,3.034406,13.980935,3.1177084,1636.1791190800511,67.1864401199126,1730.6557486031206,39.880976546406856,0.0003786249,0.0004876603,3452.956537304234,0.009313502,0.0009830975,0.08226576094837587,0.006809001545159584
-359.20584,5.085995,164.81085,3.7336514,-45.29846,4.192504,70.431145,3.1829152,-26.569204,3.4615583,38.24168,3.5033243,-21.17945,3.6342947,20.07932,3.518574,-4.6749253,3.03667,9.2567625,2.958198,2.7858844,3.080055,-6.0255365,2.9288325,7.0873704,3.1482923,1407.8266923499768,78.56444322309844,1700.315890260415,44.208978120952494,0.00026552717,0.00016504219,3188.4628543720996,0.010257911,0.0010006386,0.058469130655452436,0.009852975582395037
-334.32047,16.24782,171.49466,8.194862,-69.05572,3.5867078,61.11241,3.6521595,-51.326782,5.6157956,33.52588,3.4600487,-31.100103,3.3699412,20.877934,3.4166262,-13.209229,3.154993,2.46464,3.5170257,-5.875769,3.7300458,-11.440033,3.296902,3.3826492,3.449479,1668.2705369333614,108.61062437130823,1678.5718008825468,67.61194769338228,0.00052391196,0.00045258633,3439.6669038210557,0.009517872,0.0019176326,0.09495654183584687,0.011584806746738834
-340.04764,6.5261426,167.04877,5.0687437,-52.523827,4.4310884,64.23627,4.581759,-34.724495,3.8016164,33.422844,3.534492,-23.427261,3.4216347,16.470255,3.4657762,-8.174489,3.0389493,5.17006,2.952004,0.28225917,3.0369933,-5.008759,3.0917666,9.204682,2.9916594,1511.535490725797,103.53543201931552,1675.4526077157168,51.87144338871513,0.00038215186,0.000642453,3281.1655420714906,0.010184658,0.0009834003,0.07307904944895592,0.011353402743570084
-329.5511,15.86995,151.64493,5.5894747,-93.16116,8.877336,70.90879,5.361109,-55.619415,3.772459,37.109222,3.7442791,-39.124104,5.460777,21.841269,3.8587227,-17.60084,2.9899185,7.119229,4.375431,-1.7751346,3.5428052,-9.432607,3.2650027,6.344357,3.416699,2147.444865966712,97.21342195525959,1762.9992228631706,49.03242645919685,0.0010974173,0.0021508199,4092.1829117423144,0.008022556,0.0016074504,0.15074975529292342,0.015874683855893836
-348.15137,5.044826,162.20969,3.7369692,-59.945892,3.4998147,54.848644,3.579584,-43.874573,3.3715549,36.00417,3.3155577,-29.362375,3.0598388,19.278805,3.2364123,-13.727808,2.73795,6.537448,3.1862483,2.734268,3.0214462,3.4572697,3.073973,15.480829,2.961107,1678.11043744631,59.88728965332362,1734.6280704926764,41.94510394772575,0.00042281058,0.0006830898,3499.6451180938225,0.009552383,0.0008989236,0.09010771642981438,0.007068868724294527
-345.07162,4.288173,171.88687,3.9575648,-57.255493,3.6896317,70.87466,3.5136688,-32.596565,3.4485822,39.991634,3.3546906,-24.310707,3.3748984,17.696156,3.2863057,-9.465593,2.8708503,7.312838,3.089606,1.4312272,2.9615371,-6.2772985,2.9340618,6.757481,2.8905277,1470.7340349859576,63.674606936286445,1660.3922257918507,34.84778082874407,0.0003583113,0.0006422487,3201.4027606583527,0.010287383,0.00075369613,0.06951153748549883,0.007199375941075508
-343.9968,4.221666,171.25185,3.6191483,-56.851254,3.5307193,67.232834,3.6883478,-30.74206,3.2742624,39.227333,3.2336047,-23.734144,3.383913,16.293346,3.4005077,-9.002555,2.8503563,7.2566757,3.0019991,2.3659468,2.98977,-5.5349803,3.1384463,7.382824,2.846475,1461.4852752262127,62.926358137400875,1642.5045801525216,35.19064511675312,0.00033196123,0.00044206876,3143.9475783062644,0.010367299,0.00076091144,0.06967240973027843,0.00785382446995569
-350.08853,4.9931436,167.90549,4.019715,-61.671474,4.153109,60.07543,3.8514652,-44.002,3.7076862,39.855682,3.7381315,-30.981857,3.4897954,21.018484,3.6690161,-16.125828,3.2478833,5.786355,3.0701578,0.5791613,3.0359793,1.2982806,3.267667,15.409307,3.3363822,1647.7824578617854,59.10269258539874,1741.0541193241304,39.1190480411892,0.00048024327,0.0009085166,3460.5755940944027,0.008974657,0.00069315784,0.08845594366299304,0.0077321917742613575
-337.45972,16.752184,159.53897,7.5485663,-80.477104,5.321169,77.453835,5.6748824,-40.991932,5.325199,32.224247,3.4778411,-27.264713,3.5752065,22.301912,3.4574077,-16.091772,3.868086,6.2738,3.474379,4.8106637,2.9971857,-6.0719633,3.1798306,6.2945595,3.4368339,1883.2200699494358,103.42112773699769,1684.2041126997492,49.20604162483089,0.00068390823,0.0010454608,3593.59683149652,0.008438809,0.0016718092,0.13001422926334108,0.014566389066531345
-347.7998,4.575061,166.6192,4.105742,-57.65903,3.731975,67.51017,3.813591,-34.42113,3.0608702,46.620125,3.22473,-20.220894,3.2495015,22.708622,3.2183506,-12.901981,3.3160205,5.839027,3.033716,1.6224456,2.979241,-1.8012124,3.1281078,10.159252,3.0954616,1551.0581975335265,73.18494135044358,1737.035503405217,37.743967120697405,0.00042221267,0.00096154533,3405.643443662993,0.009810459,0.00078284484,0.07465265189965198,0.008940964109526028
-337.89017,10.9404545,170.48074,7.090809,-59.30003,7.4556637,57.56568,6.7564454,-32.591667,5.475418,33.96381,4.0688643,-25.267666,4.010634,13.886585,4.490279,-9.177048,3.4999835,6.3950086,3.7884128,2.3491867,3.4862912,-5.163957,3.555866,6.7967534,3.950552,1498.1731099137232,99.3031598275049,1602.7250950507282,80.05702438649266,0.00043261398,0.0011581096,3084.3190912304235,0.009970996,0.001429453,0.08095952363689095,0.012471278638272996
-333.0208,22.894218,154.15857,7.947832,-80.04773,9.535444,66.94679,8.099126,-50.724464,3.933938,36.925808,3.987065,-35.924652,6.1206093,23.091589,3.6398146,-12.779335,3.8804286,5.4934664,3.3848188,0.18133892,3.0116942,-5.396816,3.0003955,6.903258,3.1943026,2013.4712949604923,197.19983776971364,1787.9113196816022,65.28003487879613,0.00080064865,0.0006360518,4037.3756638812356,0.008348489,0.0018845819,0.13161048977668213,0.02594141956499322
-335.66748,17.138294,159.39827,7.8940787,-65.43977,5.7008595,72.93643,5.408154,-38.123127,4.8327575,41.690582,4.503779,-29.353394,4.786342,18.131317,3.5037305,-10.345489,3.6207936,11.156248,3.9805632,2.6282105,3.6944196,-5.007381,3.4000385,8.354919,3.675527,1771.9675575327965,175.12936096220105,1779.7630566968405,79.5823053483331,0.0005506238,0.00050053676,3760.2168603175755,0.009365188,0.0012874088,0.09974419047273782,0.017894970662320688
-360.09122,5.818032,163.0076,3.7969422,-47.888542,3.794859,70.79938,3.3256764,-27.449274,3.0224707,39.891045,3.1456807,-20.516865,3.6360195,20.893158,3.5582485,-4.434238,3.0627196,11.255497,2.8648772,4.335922,3.1486669,-5.760553,3.0977807,5.935808,2.9712753,1448.1740224432615,71.5809939376894,1720.4143296111424,47.917476065611396,0.00027037,0.0002849135,3284.2631258156903,0.010208652,0.0007980842,0.06020133954466357,0.009115542482946977
-345.33047,4.4857297,161.94177,3.9873352,-54.616676,4.468066,60.435226,3.7881114,-43.146317,3.9949353,38.507984,3.5085557,-29.551434,3.6645987,24.606106,3.6433516,-6.8049164,3.2933445,12.476317,3.4047186,-1.3018583,3.2817848,-8.614742,3.4630246,5.998601,3.1850796,1674.5905085424802,69.22348703778195,1805.6950416575394,39.51559857890279,0.00046211263,0.0009530001,3642.708522150522,0.009668346,0.00086058397,0.08414864595417633,0.007388857109431996
-352.1339,4.3826594,164.36923,4.4544454,-52.58234,4.6377807,63.58326,3.8419905,-29.762045,3.7619567,41.93581,3.6894634,-17.093187,3.7601836,19.409416,3.76177,-8.683378,3.0644379,6.540276,3.3263357,3.5652246,3.1758654,-1.9126705,3.1990042,9.611908,3.1761532,1489.3291052991442,77.8245742530384,1698.3482771904792,46.49674023650252,0.00039742788,0.0010489409,3285.1374438080047,0.0096829925,0.0009844728,0.06758560216067286,0.0096499691291908
-334.23114,13.341361,163.08287,7.0644956,-99.606834,7.865009,63.224773,5.2510576,-49.977097,4.2154927,38.476635,3.9630902,-37.187782,3.7341366,15.032301,3.7745783,-18.347713,3.341338,6.384582,3.4022148,-2.4322429,3.1093974,-9.410389,3.1735249,8.834953,3.1497183,1936.880638574427,89.18822796111802,1612.0066848211454,83.2403859515454,0.0008096913,0.0018125735,3586.252560361079,0.008389073,0.0014980336,0.13538079140081208,0.010171626659066969
-361.70203,4.614675,162.7286,4.1546483,-44.130466,4.2178783,69.98328,3.7164078,-25.095993,3.3974543,38.67887,3.2684116,-19.975573,3.452115,18.531164,3.2440522,-5.611741,2.9219952,9.667262,3.1604042,4.484761,3.1290784,-5.007064,3.2459846,7.695445,3.282094,1409.7701954152078,79.80021702471088,1707.414557698765,48.82531122001655,0.00028542528,0.00044394511,3213.018699699101,0.010151474,0.0010640736,0.05885318481728538,0.00987130049061287
-376.79132,32.88114,147.36322,12.844136,-76.37074,5.9772696,69.90099,8.4443,-44.755306,8.165228,42.53183,7.228181,-34.733185,6.0383625,19.07493,7.2955804,-14.191711,4.349344,10.32509,3.3392255,0.94942695,3.9989765,-5.992423,3.757357,7.751368,2.966467,2103.903417886712,368.747320424977,1841.8367156403706,123.28111269768567,0.001241877,0.0018023759,4185.984742060615,0.0053755245,0.0024023452,0.1387727033787703,0.044561040740377644
-356.42337,5.619026,164.52408,4.590362,-48.27233,4.2244916,68.60865,3.7065601,-26.2729,3.7695343,39.37113,3.5014112,-19.887012,3.6329665,20.433508,3.693355,-3.6974356,2.9881938,12.119988,3.15703,4.5727825,3.0537505,-6.3321285,3.2499144,5.841284,2.9602282,1428.6719757784954,73.49687342157029,1694.9829680689734,52.153987683826124,0.00030589465,0.00058385025,3196.231794246665,0.010248268,0.0008514228,0.060850493039443156,0.009623468979781495
-346.03293,3.9605803,174.60876,3.9162245,-58.524,3.7221627,70.76704,3.601907,-35.039238,3.5740428,40.333096,3.3700223,-25.60905,3.2568243,17.767935,3.060157,-10.389367,3.0117388,7.117765,3.1928048,1.969128,3.0623353,-5.0624886,2.9928253,7.875102,3.061855,1461.45819258352,60.03324111954899,1650.263450604611,35.55683938826321,0.00036383315,0.0009170828,3169.977273963167,0.010244498,0.000714809,0.07031363290313225,0.007893402229888553
-340.06674,4.257473,149.04251,3.6559842,-45.06586,4.0616226,57.47832,3.0856614,-34.493656,3.7035985,32.420013,3.5418487,-27.274591,3.506611,15.556952,3.555942,-9.822682,3.303133,11.036298,2.9901094,4.290443,3.3522294,-0.92127043,3.4050694,10.743551,3.435331,1699.8292637268082,79.27581202401768,1841.6320127717277,44.28838654195039,0.0003809052,0.00044933497,3747.8764863689094,0.010780923,0.001505277,0.07694904654872389,0.00922019852398469
-339.45306,4.5658865,177.17255,4.4197803,-62.89127,4.33034,65.14135,3.8030229,-39.917515,3.6742446,38.10379,3.3385186,-27.205114,3.3175323,19.082184,3.1994233,-10.048064,2.8441458,6.5956707,3.0841742,-2.6581433,3.178149,-8.597009,2.9925187,8.5215645,3.1326778,1495.4141195685643,63.81469858797479,1625.955085687862,39.512679157174965,0.00038779626,0.0006288351,3148.1942656975057,0.010173596,0.0007071737,0.07822922708816706,0.008409736600112558
-358.77554,6.4518056,159.06108,5.0367846,-46.659286,4.0932546,68.138985,3.8659623,-24.172554,4.067578,38.75881,3.5782814,-20.517252,3.7295916,17.981432,3.8618774,-4.580314,2.9110293,11.474606,3.251708,4.958804,2.9549098,-4.8131933,3.1558268,8.149734,3.0963678,1471.0766380526723,94.12220766153254,1728.6822583567266,59.55150194705853,0.0003022568,0.0005155676,3314.764333490429,0.01029448,0.0014003088,0.05973911506670534,0.010898815004985438
-345.88187,4.044838,170.51428,3.3925354,-54.061462,3.5985606,67.35253,3.212134,-30.656113,3.267448,38.774857,2.7966053,-22.560024,3.289681,15.717842,3.0886939,-9.872882,2.8346987,6.5171633,2.9723725,2.4736304,2.9778965,-5.6592317,3.0619266,6.690124,3.046375,1451.3001009427485,60.43550893583149,1650.5881853624383,31.72625890680661,0.00033375315,0.0004501268,3157.5119974441704,0.010145263,0.0007704082,0.06896094656322506,0.008101797522093074
-343.9545,5.2469378,153.1391,5.2585864,-44.55386,4.7083693,59.179596,3.7561188,-35.522835,4.1578226,35.76777,3.6718514,-28.949766,3.2551463,17.53255,3.4870431,-13.054112,3.2005546,8.496793,3.4224868,0.9503216,3.3165123,-1.721938,3.3484333,7.8991237,3.545888,1699.3252019514268,112.17227569906507,1868.5117986482892,53.40594957391175,0.000468933,0.00046754204,3789.7188474296695,0.0095103,0.0018466829,0.0818454538863109,0.011763734235850247
-347.12573,4.81476,156.35918,3.782125,-58.650604,3.7605016,62.05013,3.774598,-43.795624,3.6132207,35.167107,3.3032668,-31.626966,3.3222132,22.738405,3.6548824,-10.618293,3.4681945,5.2078934,3.286734,-3.111737,3.1678154,-9.611589,2.9680896,3.7651763,3.0460436,1784.883495256395,63.8043010183234,1821.2229875752628,41.30529300645895,0.0004980016,0.00056780427,3827.939033950841,0.008963655,0.0007034814,0.09283121555974477,0.007716712283189063
-333.13254,14.170217,162.93095,8.309057,-79.25426,5.319845,68.02727,6.2806187,-41.389614,5.222401,35.07643,3.3003433,-28.200052,3.7334456,17.833675,4.0838947,-12.029839,3.452924,9.405032,3.8098834,-0.07924517,3.9024324,-7.726457,3.2961717,9.0954685,3.6134698,1800.640040871646,169.28357844290295,1664.4881659585003,80.15769351692904,0.0006449623,0.0011244096,3529.8715401138343,0.008867592,0.0012177665,0.11368116480568445,0.018535565630452423
-347.58273,7.6853895,146.10347,5.057899,-44.06233,5.404141,70.795074,4.2759438,-32.230907,5.118774,44.181644,3.9592183,-25.601826,4.161874,23.806894,3.633212,-8.102825,3.469823,13.54074,3.3245337,2.8589427,3.2700095,-2.429727,3.500975,8.587067,3.2264233,1782.3223975479025,129.43989643283354,1981.1084180225537,79.64721472033794,0.0004501813,0.00021279258,4131.727065508991,0.009771152,0.0011177283,0.07833685288573086,0.01376377364148656
-350.7376,5.1481557,146.40213,4.3857293,-42.393997,4.3037257,59.251022,3.5091748,-32.73694,3.6031156,32.982292,3.6766417,-27.033247,3.687174,15.7660475,3.2228677,-10.453446,3.0343938,9.702722,3.3045747,5.5595126,3.466842,1.9051298,3.3946862,10.130263,3.0807738,1692.3546748386327,76.79392724195368,1867.8835509388339,50.54493622897578,0.0003786427,0.00094430626,3806.0311231148494,0.010735879,0.0015591218,0.06833671693735499,0.006658731427291333
-338.2137,21.400843,141.051,11.220239,-85.03396,9.541929,79.90288,6.564498,-50.289745,5.159982,43.87052,4.7110677,-36.029102,6.1104403,26.280127,6.6835246,-18.457975,5.44596,7.096296,3.7459965,0.28680363,3.8136954,-3.408189,3.669558,10.056767,3.526912,2314.0931799514683,264.39367716252224,1880.8345954324056,78.4613637735376,0.001228847,0.001707208,4492.495649651973,0.007354819,0.001538259,0.1696171240574246,0.037073052963670174
-348.47287,4.029018,175.28394,3.9328759,-56.701103,4.0212593,68.18524,3.4057493,-33.191994,3.554632,39.25843,3.6609123,-23.860802,3.7004282,17.519459,3.188301,-10.661959,2.8867745,5.9944925,3.096241,1.1012251,3.1421251,-6.4491234,3.0077393,5.4826803,3.0987685,1425.5660396095377,64.00969382344505,1625.4281152562864,34.62974686054517,0.00032370834,0.00045118868,3070.0302371845996,0.010126648,0.00067930564,0.06790168213457076,0.007431523321135955
-342.9523,4.4672546,150.76416,4.0381246,-49.31592,4.2932405,61.391994,3.988727,-39.221966,3.6083014,33.666927,3.8023674,-28.099998,3.7502375,19.99009,3.1697342,-11.825444,3.2367043,15.431901,3.4473634,6.748323,2.96129,-3.9205303,3.0253062,7.254061,3.3329794,1765.2566621733538,81.55826866131164,1872.7666085081835,43.71999142271303,0.00048417872,0.0009159107,3828.6384883446926,0.009925853,0.0012959501,0.08407274144431555,0.010088377015602758
-354.1266,5.936453,165.98093,4.301736,-51.62538,3.9646432,63.56937,3.4132164,-30.00139,3.7987642,39.53114,3.274425,-18.475222,3.471635,19.242119,3.308107,-8.744479,2.9698484,4.869869,2.9819477,1.0440408,2.899835,-4.750114,3.170311,7.6093025,3.1214223,1466.754475918668,78.05814890297114,1677.7404764770777,42.21976611798571,0.00032515434,0.00038217695,3209.196681046984,0.0097907325,0.0012063214,0.06672119707076567,0.009977520914603414
-339.40546,4.571025,174.70369,3.2310822,-60.94176,3.480085,70.14515,3.1176608,-40.909897,3.349099,37.271057,3.2113335,-27.209686,3.1962998,15.213085,3.3233314,-15.663607,3.0955727,3.4357407,3.3306897,-0.412731,2.8008845,-6.7438,3.1014798,7.0495677,2.9709961,1522.225143139656,58.42442732723702,1652.4728258933792,34.26938664864778,0.00035734527,0.00014057041,3274.220959161108,0.010088755,0.0006146117,0.07929302312935035,0.007279435378258466
-330.4499,11.35204,150.25725,5.2068706,-80.39563,4.4017186,57.588474,3.9259737,-47.68683,4.3161893,36.005737,3.4869447,-28.763237,3.7105951,15.313551,3.5362093,-15.608,3.281914,7.434974,3.5247295,1.0659302,3.5798612,-3.3232439,3.8193462,7.2070336,4.622788,1980.7689377226604,79.8854686111894,1725.118064261279,46.84795335598648,0.0007579464,0.0012266004,3854.393398346868,0.008640655,0.0008895117,0.1312354988399072,0.010658808204030286
-343.9882,7.818293,156.49303,6.1230063,-55.88581,7.4775305,54.046547,4.8235097,-29.153336,3.790384,28.544346,3.4092557,-21.68928,3.2484977,12.356296,3.7803342,-8.3470955,3.3992066,2.0845418,3.9573083,1.1451775,3.54692,-1.7450554,3.648577,10.289013,3.5628695,1597.370263951989,147.77547764448246,1649.2619083400793,47.34273500033984,0.00041694514,0.00054680364,3304.0726734701275,0.010028246,0.0028551011,0.07736595490139211,0.026288653387878128
-341.7649,4.706351,151.8899,3.2352846,-46.14855,3.6359613,58.17452,3.246116,-37.228794,3.759999,34.522102,3.18964,-29.758999,3.3152301,17.787949,3.1823847,-12.699026,2.9704564,9.499697,3.1344256,2.292618,3.1576848,-0.48369074,3.2602828,9.982952,3.1147842,1722.9521053016322,73.91893938532671,1872.4991529550769,39.85412292223821,0.00044431357,0.0006329826,3824.117015298724,0.0101075545,0.0013778298,0.07875376123839907,0.009544827692022789
-341.6676,9.018829,148.77757,5.0710235,-54.250534,4.651755,73.70378,5.0559845,-39.94153,4.098778,40.877094,3.4966474,-30.047716,4.4326925,26.429173,3.7192438,-16.02982,3.201335,7.858446,3.8969595,1.3186407,3.4421115,-8.688518,3.1688259,5.067322,3.2608595,1914.8356605481472,123.34433531915133,1959.919837724874,42.31134547887066,0.00065694266,0.0011576175,4235.046471686485,0.0090936925,0.00089417066,0.09527035600348027,0.01429620171998029
-325.5742,9.4458,165.91022,4.4597178,-75.83478,4.2924943,65.30157,4.1457005,-48.085934,4.34695,40.37647,3.8559272,-26.239876,3.3917017,17.973095,3.1877592,-13.483754,3.1635377,7.587521,3.1408145,1.1717649,3.0990226,-5.9668293,3.014305,8.3569565,3.1244767,1781.834286689553,96.00656252568973,1701.7636943246002,53.720261824350686,0.00059880945,0.000555456,3660.8943363906615,0.009307791,0.00073322013,0.10858536651682135,0.010704163647774241
-342.18692,21.849571,164.25397,12.63655,-52.518566,8.000109,52.634087,9.60101,-31.53851,6.491007,30.353958,3.688466,-19.980255,3.5412166,15.143143,3.5216343,-7.021159,3.6291475,4.272927,3.7715669,1.1089048,3.6847804,-5.5081377,3.432343,6.062676,3.532294,1519.550033312978,110.05592321785915,1631.8157294486075,134.17342393374136,0.00048760133,0.0013003526,3163.5073208200406,0.009392999,0.003267471,0.08033302820475638,0.007575146098428109
-351.67096,5.1052895,163.70294,4.338605,-62.611145,3.881542,58.748898,3.7820706,-43.189457,3.329735,40.385616,3.5441709,-28.338747,3.5980918,24.468391,3.6656015,-12.55486,2.8824918,6.9415708,3.3163016,-0.2904092,3.0851598,0.4020475,3.0811763,15.448838,3.3901024,1692.3886365166384,71.10419906504146,1763.3290733282406,42.52252665968056,0.000491399,0.0006343608,3550.7302693590486,0.00865332,0.0007390968,0.09048384026972157,0.007869445257680139
-346.3868,4.2273808,172.00923,4.0414076,-58.17682,4.2059517,70.62495,3.8350084,-33.30672,3.8468947,40.448864,3.3389409,-24.148252,3.2258253,18.301682,3.205678,-9.553326,3.0527472,8.02731,3.0178244,2.5823627,3.0343635,-5.990711,2.9058924,6.5672593,2.6700575,1471.9731015266282,68.64896427003107,1661.905398178345,33.472236326400726,0.00038559022,0.00086504087,3203.925792579031,0.010099695,0.000747123,0.07187930503190255,0.009322674537349654
-353.92337,5.122288,158.43073,4.3823805,-58.54018,4.015735,55.6678,3.926782,-41.84957,3.6397972,36.05818,3.5172849,-27.969519,3.3247657,21.287165,3.8248363,-11.0732,3.0219164,7.299406,3.16614,1.370825,3.2636952,1.2918537,3.1429706,15.628875,3.2734394,1700.3555652094542,66.74899956282621,1763.9976610214355,41.41098300909229,0.00046460785,0.0011184991,3586.1526383048144,0.00910727,0.001010686,0.086439376087587,0.008691012458374756
-348.4238,4.8035207,152.84846,3.5788543,-48.53976,3.6316113,60.16539,3.3738718,-37.43388,3.253539,34.626236,3.3105476,-28.661203,3.3805819,20.369003,3.2660854,-7.0512514,3.3135092,15.130887,3.216887,4.480382,3.1645298,-5.1324363,2.9669557,3.0660343,2.9877641,1695.2597466716488,69.81652899476076,1842.4397408093869,39.66661799108289,0.0003888801,0.00045964896,3733.2878661542923,0.009990518,0.0009986397,0.0748928273636891,0.0069459790534235205
-345.7792,5.0273147,153.82889,3.8447034,-48.708717,4.079997,58.03522,3.3664997,-39.626183,3.5358114,33.61277,3.4022985,-30.651749,3.4289992,17.274677,3.7172465,-10.713547,3.3100924,11.914259,3.4010231,3.9539354,3.2455392,-2.7673974,3.0113764,5.4748397,3.2284992,1708.2513243327303,71.66857289049362,1838.3318987650357,42.88677491675351,0.00042933333,0.00062193186,3755.370640588747,0.009886825,0.0011577443,0.0812472810324826,0.007347969192457584
-347.73337,4.394632,168.43782,4.193297,-51.361313,4.179672,65.47683,3.9658263,-28.276415,3.7577026,36.049706,3.4025424,-21.118832,3.4372985,16.69358,3.6374633,-7.2836576,3.1624322,6.81347,3.2703974,2.8156552,3.4444199,-4.3842726,3.4206142,8.47903,2.9692345,1426.1808021927588,66.38206172382208,1645.54981236302,40.51840517879767,0.0003535666,0.00088054995,3106.976417488399,0.010295654,0.00089950836,0.06597801261600927,0.008608925311252161
-335.44873,17.210218,142.76588,8.858229,-88.73714,7.0844975,80.957855,5.777086,-59.063465,6.901721,40.015724,4.188236,-35.292255,3.8961923,25.458105,5.5801854,-20.94361,4.2745185,10.063819,3.7328625,-0.05220563,3.4234595,-8.900562,3.3589797,7.1536665,3.9573321,2359.3291812727502,204.27300427366376,1866.9550444887143,60.47119751483277,0.0013063109,0.0026572633,4488.44880637326,0.0074350825,0.0013178189,0.18030833091647333,0.031814827565078904
-346.7079,4.6302447,164.38365,3.6254282,-53.934357,3.8775706,60.27794,3.899705,-42.401794,3.5176542,36.929638,3.539054,-29.484507,3.6237094,24.212278,3.467958,-7.128125,3.200434,11.577017,3.3449552,-1.687002,3.2536411,-8.097684,2.9029584,5.948626,3.1583695,1625.1538271213365,67.72555516566004,1773.311558005274,37.033158050555336,0.00041729896,0.00057318626,3513.6342059708527,0.009725601,0.0009333749,0.08228841901102088,0.008374903477162065
-346.83078,4.377637,173.62683,4.062748,-55.303425,3.8577578,66.3075,3.652159,-31.565577,3.7039776,38.883854,3.0478473,-21.94143,3.3865242,17.077955,3.2507842,-10.701251,3.0635674,6.08331,3.2632353,2.035662,3.0696476,-6.078576,2.7479138,5.85414,2.6189673,1415.7727265486244,61.21669975945634,1624.671457983275,34.627903569819416,0.0003532029,0.0009019633,3053.3432537884282,0.010225526,0.0006993486,0.06824381888051044,0.007580486734605109
-346.61203,3.9630036,172.70049,3.663452,-57.643303,3.4825606,70.03931,3.4893012,-34.393833,3.2052944,40.083282,3.2180517,-23.806147,3.399625,19.361187,3.1135077,-9.135509,2.8200088,7.308732,3.1746054,1.6053206,2.8669834,-6.2765727,3.067501,6.6725955,3.1726506,1468.279364509784,66.72041311417016,1661.1672159634263,31.714712806906842,0.00035502296,0.0005440945,3194.6330413464325,0.010117984,0.00074789673,0.07111912703016242,0.008016375012472684
-347.02725,5.1939588,163.09247,4.152689,-61.6465,3.7077992,56.993828,3.7346053,-43.391388,3.3378208,38.43584,3.6411552,-30.823017,3.3380263,19.951044,3.3009317,-15.494732,2.9077237,5.5616527,3.3306782,0.2843647,3.1026697,1.8186979,2.9526975,16.305613,3.1537945,1705.210891981128,65.58573937830694,1756.4780627530702,44.89743189155952,0.0004881148,0.0006514806,3558.2494040929523,0.009014605,0.00082104653,0.09394372643561485,0.007086771022725367
-346.67966,4.8836203,157.88675,4.4175224,-51.328514,4.114891,56.289215,3.4599264,-38.525593,3.3137534,35.662045,3.28248,-26.977016,3.4038644,20.87119,3.3929973,-8.087925,3.1005454,8.626946,3.2709036,-3.8230815,2.9439828,-10.387444,3.2999537,5.614961,3.3270762,1656.561720963866,75.41739164000295,1781.7206850976745,47.97004213438579,0.00046160203,0.0009825629,3571.1643298651393,0.0094486615,0.0010157373,0.08491108976218098,0.007774793368620965
-346.3502,4.4282556,163.32903,3.3841805,-60.261166,3.7636902,57.77735,3.6236453,-44.126106,3.4243956,39.31414,3.4632215,-30.01422,3.3472123,20.019358,3.0872052,-16.974094,3.0559561,5.2610426,3.3419583,1.3434532,3.287657,1.9459679,3.3525271,14.688681,3.2100077,1699.3978380673093,61.97926402719538,1768.706592533976,36.27810218464436,0.00046586222,0.00045917055,3581.855989885441,0.009099188,0.00070992456,0.09329570584396751,0.007702324040401511
-361.5636,5.1872263,165.43858,4.0044456,-48.516106,3.6180198,73.246864,3.252632,-28.142944,3.3603404,41.079212,3.7180576,-23.523592,3.4456046,18.92386,3.3521152,-7.6476955,2.8911767,9.150694,3.0322223,1.3667729,3.080018,-8.987438,3.1825185,5.0532227,3.1301992,1444.8165684288672,69.0054026201723,1715.3550819692048,46.53334994334271,0.00026171768,0.0001599119,3269.924310741734,0.010194471,0.00062471774,0.061339907192575406,0.008824962288058014
-352.94867,5.4216275,166.06192,3.8101037,-52.192593,3.9274826,65.84535,3.1357436,-30.025242,3.1968262,42.28416,3.287677,-18.28809,3.6752338,20.121826,3.4030466,-8.987126,2.9870102,5.4454722,3.1945708,1.5193806,3.049369,-3.6883667,3.0069838,8.023168,3.111014,1470.3268895974543,75.0490449654549,1694.7716965826987,41.34109734645824,0.00032394458,0.0003672051,3259.482455862094,0.009943632,0.0008980072,0.06591457004060325,0.010134798567951133
-360.67728,5.0507884,161.72592,3.6082428,-43.662586,4.2070312,68.66764,3.3502457,-25.118494,3.622041,37.77199,3.4686592,-19.660257,3.6724963,18.139215,3.1968296,-5.004764,2.9551919,9.675849,3.2307394,4.825793,3.014091,-3.7635467,2.9005406,8.277813,3.191082,1417.4334964347925,76.15320031681242,1709.470605808261,42.20810844305452,0.00028622663,0.0004137309,3228.356735335702,0.0101603065,0.0010694568,0.058758020954176336,0.009934391586081127
-346.18524,4.240523,170.63254,4.0442934,-54.865192,4.1882634,68.740845,3.7955315,-30.78506,3.3464375,38.654926,3.4184382,-22.534254,3.4316301,17.542095,3.2745447,-8.237516,2.7599106,7.2993984,3.0549233,1.9922152,2.9672499,-5.8646708,3.2463818,7.159609,3.3049538,1452.2529611848197,65.82374465794334,1654.8348781256948,39.155672986223685,0.00036080775,0.0010182366,3167.2294174158933,0.01025955,0.00076976494,0.06828800210266821,0.007821833482767071
-346.79453,18.238577,134.20064,7.8443146,-71.00367,7.429125,67.51122,8.892498,-36.558037,6.066799,32.046627,4.4081073,-32.932407,4.710943,14.665484,4.6201644,-9.892945,5.7825007,9.538778,4.412166,-2.6470172,5.6241813,-4.7127337,3.5019753,8.797827,3.9578846,2157.5799663485623,175.1092491363131,1829.0993874378976,56.6826295188049,0.0010493472,0.0015896134,4183.1369634570765,0.00713135,0.00225604,0.14359320620649652,0.023337488684230166
-349.13226,4.9124618,163.76425,3.8262987,-60.920105,4.2190332,58.47504,3.6222239,-43.33264,4.005584,41.265255,3.8899615,-29.466932,3.2546484,20.374592,3.242721,-16.60985,2.8651648,5.5802865,3.1662297,0.45751455,3.1983798,1.318199,3.1775937,15.048539,3.5017428,1688.6431359848123,61.050546532451804,1770.616331637024,40.44029618814308,0.00047569175,0.0008172929,3572.8130437935033,0.0090805795,0.00082203955,0.08965908678944315,0.008269278577582473
-344.05966,4.932373,157.6067,4.281606,-56.646362,4.0438876,58.31158,3.3945637,-43.88442,3.7382307,37.085598,2.9681294,-29.867735,3.6903205,22.978733,3.74522,-7.246497,3.5166109,11.453782,3.2932093,-2.3946252,3.0261672,-10.348192,3.058738,4.3051195,3.1624792,1751.2342384115532,75.55477590265333,1819.52395019119,44.114447119119376,0.00050665834,0.0007997819,3769.1349038391822,0.009254652,0.0008808949,0.09030484157482599,0.008522782601440194
-350.80548,5.021561,167.94443,3.6850448,-62.045662,3.848569,59.0708,3.3525019,-43.103485,3.5050652,40.56329,3.3240862,-29.805576,3.159535,20.350769,3.4456954,-15.261111,3.2813144,6.506124,3.5233204,1.2045581,3.2006469,0.96555245,3.6549323,14.697711,3.3333442,1635.6953915158806,62.369629491915695,1725.590923342607,41.8444829629947,0.00042132448,0.00029054665,3424.2539266422564,0.008947435,0.000733884,0.08707833345417633,0.00848666908736238
-347.5398,3.6568956,170.99187,3.7292192,-55.64121,3.9451065,69.91117,3.6239355,-31.886406,3.54066,39.501125,3.1820557,-23.292004,3.0444877,18.172308,3.1785748,-9.001312,3.1313844,8.039652,3.2406094,2.7147663,2.9382608,-5.133052,2.8674295,7.566164,2.8543954,1454.4897160234584,67.30881230996937,1663.2120264479388,33.25193375022226,0.00034096558,0.0006647988,3182.492511510296,0.010304088,0.0007679195,0.06803309889791183,0.008637826451105637
-351.8417,4.916849,168.83568,3.9189467,-56.101055,3.4557893,65.937035,3.263858,-32.21822,3.605582,45.20888,3.387326,-17.92577,3.5446336,20.40648,3.327401,-11.217069,2.9288678,5.623526,3.0133903,2.3203113,2.9895082,-1.7115127,3.2420547,11.139926,2.8898318,1477.4261620661957,76.73694955305862,1683.925031661513,40.86589295436931,0.00034570092,0.0005742374,3251.313827762471,0.009850467,0.0008606399,0.07073507286832946,0.008943300643948156
-346.70847,4.211372,166.15045,3.449378,-63.532883,3.6329403,59.665657,3.2521076,-45.950333,2.9904466,40.838013,3.3255463,-31.359615,3.5262437,21.386251,3.2034094,-16.059204,2.951142,5.6206465,3.4720035,-0.22996946,3.0561395,-0.10934565,3.130481,14.544867,3.1808505,1702.621111273316,64.72679457202642,1761.9202346433399,33.859859933393636,0.00047314406,0.0002950029,3576.3602767908933,0.00893462,0.00067410065,0.09427906576276102,0.007798573875015649
-345.99292,4.6557837,173.40994,3.4234207,-55.55777,3.2959645,68.843956,3.2789822,-32.68766,3.2513008,38.398132,3.10563,-24.74163,3.1737723,16.19325,3.0584838,-10.29578,2.9183679,6.2092237,3.2463877,1.8845334,2.9277139,-5.411551,2.8385441,7.526196,2.8488894,1441.9695931320823,63.69297225696751,1639.3718988786834,33.18224687822868,0.00031983908,0.00030807726,3124.5377188768853,0.010285453,0.0008127787,0.0692396407337587,0.008190126663837555
-344.83392,4.998217,157.35597,4.6009393,-51.75281,3.9973588,56.56833,3.5579743,-41.39443,3.724865,35.578594,3.3747942,-28.18034,3.6198118,22.816013,3.871772,-6.9740586,3.179906,11.766627,3.2223146,-1.302393,3.2231817,-8.41375,3.4524655,5.3199787,3.255115,1699.188681769361,75.896003368606,1814.226806687106,47.12318695361226,0.00050600176,0.0012896181,3680.753845073231,0.009476934,0.0010493165,0.08793367531902552,0.007748892290608885
-358.8966,5.6625676,164.25385,3.6766908,-45.6727,4.2984524,70.84993,3.2634137,-27.326765,3.7004058,40.4137,3.1997437,-20.602274,3.1915324,17.584343,3.4684763,-7.3993235,3.1083655,10.85086,3.0764809,4.8072615,3.0469804,-4.7254543,3.1366007,7.3044767,3.1960487,1432.8930127553708,68.31971899027042,1715.4597422069712,47.07342387869042,0.00030214363,0.0003824538,3270.4239210230567,0.009954478,0.00080901996,0.06308571091937355,0.009065451364061379
