mfcc_1_mean,mfcc_1_std,mfcc_2_mean,mfcc_2_std,mfcc_3_mean,mfcc_3_std,mfcc_4_mean,mfcc_4_std,mfcc_5_mean,mfcc_5_std,mfcc_6_mean,mfcc_6_std,mfcc_7_mean,mfcc_7_std,mfcc_8_mean,mfcc_8_std,mfcc_9_mean,mfcc_9_std,mfcc_10_mean,mfcc_10_std,mfcc_11_mean,mfcc_11_std,mfcc_12_mean,mfcc_12_std,mfcc_13_mean,mfcc_13_std,spectral_centroid_mean,spectral_centroid_std,spectral_bandwidth_mean,spectral_bandwidth_std,spectral_flatness_mean,spectral_flatness_std,spectral_rolloff_mean,rms_energy_mean,rms_energy_std,zcr_mean,zcr_std
-377.42645,8.073179,181.54941,8.25919,-45.07349,4.8003273,61.59125,3.470596,-24.434078,4.309102,34.2406,6.1351886,-12.811359,6.091052,14.702358,4.848629,-4.314042,3.9155283,3.6797602,3.2003217,2.4653218,2.8289464,-5.475995,2.9753032,3.994092,3.2067611,1188.0837782601018,197.06119487255688,1481.6047656597398,174.66640110095295,0.0002683016,0.0013097591,2596.2997684345996,0.009461761,0.0007933067,0.051049748042343385,0.008040452254604523
-384.83105,6.4783344,162.57146,5.490964,-31.38008,3.3305452,47.44731,3.6920998,-40.087948,3.7298956,41.375027,4.912814,-24.484869,4.5618973,26.856846,3.6069548,-6.3607497,3.167523,7.949078,3.0952766,-6.610162,3.2681282,-7.4922876,3.2918289,7.1334596,2.98611,1503.0324622704063,175.77467251901862,1833.1629271062764,110.42761390599337,0.000300171,0.00037935947,3344.241340088457,0.00839407,0.00089303614,0.07150544699825986,0.008318534094431947
-388.3539,5.982836,154.64867,5.953061,-24.44304,3.455568,54.015476,3.7954593,-38.345432,3.549697,38.2288,4.573605,-22.783808,5.00695,21.319847,3.4765139,-6.4244967,3.174853,16.349924,3.1989403,2.8587134,3.2532256,-3.643498,3.513165,-0.2691633,3.3095782,1508.1333972750563,202.25448389306587,1884.0253142145757,114.22160154566245,0.0002598942,0.00037641733,3612.332217046114,0.009134652,0.0010729581,0.06059672273781903,0.008235835348999075
-384.5772,7.098329,164.61763,6.4265084,-39.759846,3.2406662,43.585575,3.9110243,-41.27513,4.3158736,38.452953,5.315548,-25.905361,5.4254794,23.759287,3.640721,-12.480627,3.387713,4.2866063,3.5638778,3.1625721,3.3016493,7.9062943,3.5550613,15.128162,3.1753554,1531.2293499333118,196.97186781175654,1763.2658853902785,131.55525759646616,0.00034053248,0.00074568816,3162.8578274543215,0.007895427,0.00079156493,0.08067063333816706,0.007901645175312865
-392.77417,7.0454407,166.71509,6.1284366,-33.20748,4.0004687,44.418903,4.133816,-42.02348,4.146194,38.971474,5.3236384,-26.68294,5.0777736,26.143152,3.3013358,-9.515442,3.2273731,5.622662,3.2390864,-2.2898345,3.3103347,2.4838462,3.1151512,16.222187,2.9917307,1447.7146865834584,188.29892300056267,1764.998197558199,133.02317121503583,0.00023813998,0.00059534697,2997.8115710194315,0.0091046635,0.00073172856,0.06790508084396751,0.007286695735838293
-389.51562,9.075603,190.83026,10.71601,-46.151154,5.593115,59.315536,3.7460709,-21.081732,4.874697,31.519073,6.821702,-11.088448,7.5494113,11.938957,6.045215,-3.9876258,4.037713,3.6582093,3.5504792,3.6882737,2.9817474,-5.395713,3.004254,3.8459535,3.6471171,1088.5352744750105,249.22104222925904,1369.7190750308243,217.33422816837148,0.00024356319,0.001674773,2293.5609184672276,0.009398965,0.0008358008,0.04591882975638051,0.008408647454048
-387.12463,7.1046467,166.35466,5.3897195,-38.742188,3.4756448,46.71851,3.5936227,-41.564384,4.0612335,42.402542,5.0112624,-26.183651,4.7297544,27.429132,3.509532,-7.7607,3.0470734,6.2952566,3.1156175,-4.216969,3.3670287,-0.2857307,3.654204,16.173952,3.0448132,1496.7907251340755,176.9657468738882,1785.5399553594807,114.73334645507478,0.00029317595,0.0003933313,3183.9663618401974,0.008309355,0.00097501505,0.07479313188805105,0.008477812158224513
-371.0986,5.8603096,154.78055,5.5421596,-34.067223,3.6905925,53.438423,3.9972572,-39.63199,3.823697,35.8508,4.685478,-29.040667,4.896397,28.398905,3.6239126,-0.89570254,3.4760675,8.875713,3.7163703,0.4359656,3.3099349,-0.42626846,3.9426951,-5.1445847,3.6276152,1638.0890425310845,178.9609960581681,1903.2363924382005,103.1897277636467,0.0003777096,0.0008143335,3860.788409947796,0.009025719,0.0012224128,0.07635087369489559,0.009014639003456577
-403.13733,29.899311,157.04228,12.577577,-18.604254,6.43741,34.97429,5.966924,-10.844797,7.6548448,29.337423,8.602365,3.5422459,9.78518,10.882935,5.827769,-3.0917895,4.458011,-0.42595994,3.6325865,2.4877107,3.4623446,1.8071998,4.973679,5.699155,4.6586666,1212.328857843655,339.58453808284315,1543.3919187206816,263.05105702269555,0.00023661496,0.00024666497,2561.277087713892,0.007667848,0.0048137014,0.05158674412703016,0.01374592206741809
-411.2519,13.7040825,179.1399,10.209004,-24.30393,5.199628,61.850193,4.7984533,-20.164682,5.7394915,38.987076,6.765666,-15.580555,7.0927124,18.39628,5.031593,-5.3513474,3.7582104,5.8979993,3.468931,1.2143719,3.0306544,-7.952854,3.7245255,4.58876,3.275513,1048.4846597736166,281.1067737911073,1510.6919971626903,224.90597250747814,0.00014214899,0.00022494962,2227.7372639029873,0.009353942,0.0008464316,0.03861273745649652,0.01277032692680884
-346.05872,23.990553,164.42601,8.135581,-83.50256,12.470367,55.448704,4.4000783,-55.9459,5.170521,38.91407,6.3566904,-38.445236,7.374364,23.067928,4.258468,-11.685196,3.3472705,2.5752,3.6078587,-2.4748309,3.5208213,-7.5983105,3.5055234,3.9699152,3.4869995,1883.0691449393896,181.08024736312103,1718.2364788744426,140.98070333851365,0.0008851209,0.0028625715,3789.868730514066,0.00776371,0.0016542762,0.12148686738689095,0.015191995381456545
-401.05756,8.57057,182.51978,7.4575324,-36.442123,4.3653917,51.59497,3.5710542,-23.390244,4.467624,42.35838,6.253986,-2.3459108,6.8252897,18.885923,4.765253,-7.7034807,3.3837676,2.3933651,3.328622,1.784741,3.1487415,2.1739557,3.607952,8.938806,3.5751243,1074.5786926038877,200.89428261173916,1442.1410322434267,173.92498449881634,0.0001426391,0.00015084671,2177.2016839472158,0.009206426,0.0010460791,0.044362220852668215,0.00844509780791239
-388.2294,30.805616,188.03076,14.769236,-36.790405,11.90284,45.836075,6.431857,-14.480968,9.367801,18.388023,10.407334,-11.312327,10.3519945,5.4153447,8.160383,-3.64419,5.955972,3.0193048,5.0476146,1.6811883,3.6199927,-3.861318,4.990043,5.091159,4.470424,1105.8890492677617,318.65236310402196,1320.5546642628997,298.2176973612615,0.00015893503,0.00018268367,2258.7131013449825,0.008897877,0.0022657549,0.054954865139211134,0.017705442414627754
-395.3731,9.160328,198.12787,9.95624,-47.676777,5.019963,60.20617,3.3216655,-21.313877,4.836158,31.084932,7.210412,-11.143453,7.31558,10.6039715,5.3074603,-6.201806,4.3564005,1.3617328,3.872854,1.6431242,2.801229,-6.4010544,2.9256046,1.6714618,3.028892,1033.5794737151032,212.83515371330654,1307.6954974545927,200.97462686688894,0.00014472699,0.00034156468,2138.0821989196634,0.0094104735,0.0005327864,0.04455028277262181,0.007268927741223784
-386.3527,7.6435122,160.86195,6.3192925,-24.628595,3.7086926,47.283638,3.7893088,-39.547295,4.411354,39.30086,5.3198886,-28.223581,5.3966355,21.982567,3.7154038,-6.703474,3.467654,14.723327,3.201982,3.8041973,3.2484295,-4.1493344,3.8410747,2.1829774,3.5055907,1479.2550002824123,214.33439010765602,1855.4687364538072,143.88153263939225,0.00024545743,0.0002693155,3350.2616439783933,0.009178259,0.0010598393,0.06569138812354988,0.008582369422895739
-387.77658,8.768433,188.65353,8.586204,-45.710293,5.3926697,60.766838,3.7474585,-23.2052,4.810766,34.432716,6.4568305,-11.635231,6.8281903,11.9349985,4.70199,-6.953655,3.7480388,2.680653,3.292946,3.7963111,2.8852735,-3.473298,2.9278765,4.9917393,3.2872965,1110.2541058560805,199.6163200045081,1405.5929239834577,185.4887609096752,0.00017383245,0.0003173527,2358.3853524688225,0.009392734,0.0008045945,0.046318744562064966,0.007968821949151718
-457.84457,18.59965,182.3985,15.316356,-4.1267037,4.3900485,44.713238,4.7694583,-10.446207,7.7712545,30.701786,11.182309,-4.352273,10.8884735,11.525549,6.4131618,-2.0767503,3.5531669,9.879738,3.1490989,7.458649,2.8532994,-0.71378857,4.354527,8.148278,3.8270702,828.3106678359428,398.741070322363,1317.6873176409806,354.77869747780653,7.2632014e-05,0.00018475561,1607.6709437536254,0.00940944,0.0018415473,0.022200369779582365,0.012010827642141316
-393.1755,7.6347547,161.7898,6.25213,-30.23627,3.3802955,39.589092,3.752022,-34.431133,4.8870845,35.19805,4.9426003,-22.21956,4.938172,25.710928,3.98248,-4.8689933,3.3997648,8.36116,3.1738808,-4.74682,3.4411006,-6.276205,3.342594,8.238964,3.1220663,1438.7148575821332,200.1998447052686,1743.6095568191702,128.54155573498645,0.00025092086,0.00028016372,2912.178368800754,0.008317812,0.0012617043,0.07321386492169374,0.009769293497690679
-376.4515,9.288879,182.32394,8.916423,-47.529465,5.0593386,63.120693,3.0165708,-26.026896,5.1419044,36.74804,6.9085326,-15.273665,7.3026347,15.238349,5.729104,-6.8133397,4.3917766,3.5045538,3.4131532,2.612238,2.9471424,-5.655942,3.3382738,3.867521,3.4449239,1225.6994088310155,231.94479960271357,1505.2941270611236,209.05050223967322,0.00020866423,0.00017953392,2680.833828034368,0.009419156,0.00066245365,0.0522528911687935,0.008749065496990975
-391.62296,8.636102,193.66977,8.8442135,-46.576775,5.0011096,60.052933,3.6192644,-20.366037,4.844795,31.40028,6.849075,-11.50372,6.6291947,11.060685,5.3093424,-4.726197,3.506312,3.0153797,3.5351868,3.3170376,3.1062715,-5.4156127,3.029885,3.4244926,3.1016881,1054.7585809227687,190.91113623583382,1340.3353046203188,180.74694088575788,0.00015870761,0.00047238762,2210.275884570766,0.009482861,0.0008629713,0.04543961173143851,0.008458078308006975
-379.83743,20.646389,184.32388,13.542731,-39.99591,8.992367,51.325165,4.787961,-21.982607,6.9235682,27.956741,9.404482,-13.6563425,9.62713,11.375778,7.399065,-2.410339,5.1896877,1.2999477,4.7312937,2.9972346,3.542094,-3.47642,3.9479952,4.2394648,4.687768,1167.6216540645935,296.7383790138364,1418.3285968116606,272.2297771087636,0.00023323591,0.00087888667,2434.5259593423725,0.009307025,0.0019134983,0.05541142510150812,0.012650912627411989
-396.7862,70.43117,166.06934,36.950523,-62.259712,27.1339,60.76469,21.543644,-27.72788,16.610287,29.035429,11.975871,-17.853287,13.135994,18.509176,13.239551,-4.883124,4.68928,5.102264,4.1688943,-1.142063,5.7591567,-6.0319853,4.2764006,8.981032,6.558294,1651.2749983988544,773.5755309009628,1486.2858612563525,337.2762457230431,0.0006114594,0.0012001755,3069.0060361078886,0.0066043483,0.002376449,0.10946110063805105,0.0717843858949774
-376.9705,8.7743225,165.53644,8.178701,-40.75863,4.63409,59.4379,4.059026,-27.604181,4.936581,47.163643,6.5861745,-13.457471,6.2648563,24.263227,4.4192276,-10.458525,3.840137,5.9401293,3.4809177,1.5068812,3.3040144,-1.1820824,3.3380318,8.596481,3.8043468,1389.6817837279075,253.09196717383367,1734.2454295037269,190.1288069388523,0.0003229425,0.00091452076,3143.048279799884,0.009040881,0.0008707834,0.05460366516821346,0.012073210960174975
-392.0468,9.758078,198.89447,9.650905,-45.965855,5.4422216,58.496292,3.3286057,-23.402525,5.1006308,29.769976,7.3937826,-11.894337,7.2940273,11.5342865,5.710567,-5.157815,4.374425,1.7892808,3.3863237,1.7798133,2.9239695,-5.6424046,3.0481153,4.6949887,3.6560585,1027.8953668763158,211.74432352095408,1305.7009714467147,207.75985608545056,0.00014405149,0.0003417117,2107.7558548433876,0.009573264,0.0006927671,0.04618166328306265,0.007527436391711679
-388.10632,7.6612253,162.84227,6.8325305,-29.288258,3.4145236,44.685886,3.5164013,-41.768883,4.7362556,38.592617,5.598706,-24.995071,5.539757,23.834684,4.133521,-5.845353,3.4063985,10.673817,3.006081,-3.818211,3.159063,-8.277752,3.492022,4.2572994,3.2608323,1502.6995800787133,237.90904706567153,1816.6671540593477,159.67310832480553,0.00033574493,0.0008956526,3306.8704910455335,0.008175772,0.0011469707,0.07326937717517401,0.00927578330029293
-398.27957,8.702115,180.00426,7.6517863,-36.245193,3.8836377,52.220936,3.4747446,-23.189793,4.1661777,41.564526,6.1340504,-3.8787878,6.281713,18.057037,4.685899,-7.9155793,3.5781198,2.0971348,3.2225227,1.4563569,3.1505468,1.6878682,3.6325073,9.305531,3.2776747,1103.8481896084284,207.92434783140425,1470.3737747946539,174.63149621516447,0.00015806858,0.00017401583,2280.371207040313,0.009087834,0.0011137062,0.04466810469837587,0.009533266028379792
-415.52115,13.017067,181.28629,11.108291,-20.744116,4.7862897,56.762707,4.0703187,-21.315536,6.369724,37.55724,8.558203,-9.183169,9.15441,13.686686,5.429565,-7.098673,3.8370528,14.336783,2.8790338,6.8160405,2.9578757,-3.5253475,3.8188162,4.514105,3.8027365,1010.6246470561128,311.9430471789053,1474.1125312934969,284.72378427168474,0.00013442506,0.00035875913,2096.8643507105567,0.009349761,0.00094774744,0.039564376087587005,0.021081397554106426
-383.09494,8.557649,158.96432,5.7226925,-30.607395,4.4144044,45.600685,3.579568,-36.868073,3.918203,35.776485,5.011878,-25.896706,4.589485,19.77768,3.6225514,-6.1323767,3.164378,11.13043,3.2795255,-0.99424946,3.3580458,-7.8630495,3.5272694,0.7476646,3.2868528,1496.1623502237371,197.76332024214958,1790.928103516022,128.08282272255204,0.00028770702,0.00037934168,3260.931325677929,0.008685136,0.0013643645,0.07163912956786543,0.007937516319660125
-380.55264,9.154459,185.24347,9.922229,-47.48618,5.813365,61.800148,3.2721715,-24.098793,5.2199645,34.997303,7.6260867,-13.732927,7.666213,13.953973,6.2296057,-6.1369724,4.3073907,3.5312836,3.5387678,2.6510653,2.9722018,-5.6960697,3.041623,4.1165514,3.157692,1181.9701700631026,237.98983099487836,1459.84961647296,223.3005969120946,0.00021086069,0.00050598127,2556.530790041328,0.009464253,0.00069060933,0.05005619199535963,0.007878834923544988
-388.51144,9.367976,194.68602,9.684293,-47.95291,4.535966,58.27387,2.9840589,-22.034424,4.8638783,31.127378,7.364078,-10.82523,7.08116,11.21286,5.7075257,-5.910503,4.2636333,2.236701,3.4401226,3.8021765,2.886066,-4.5630755,3.0763795,4.4247317,3.3887465,1070.47816573438,219.12111050505888,1336.5645080962113,200.96083477869044,0.00015472516,0.00023822961,2221.5670769286544,0.009413265,0.00078989833,0.0480554850638051,0.00792305474481046
-390.64334,10.66772,192.00865,11.609675,-44.41878,6.274111,58.149384,3.9524882,-21.572046,5.8197427,31.757437,8.259388,-11.79743,9.133198,12.098669,6.8424854,-4.5520015,4.879934,3.1162488,3.5596755,3.1367943,3.0111377,-5.3251624,3.512932,4.0089054,3.4217691,1080.7277390978684,258.09703304157665,1373.2521143601823,255.43428640762878,0.00021121184,0.0011821148,2279.5968111042635,0.009420334,0.000739246,0.04528666980858469,0.008553582055078154
-383.87848,7.529096,157.40315,4.834091,-24.062561,4.864265,58.03897,3.982286,-36.958042,4.486318,48.127686,4.3060255,-24.209215,4.9498353,26.469488,3.5899615,-11.956471,3.5064452,8.319899,3.5695004,-3.413808,3.3406312,-2.0714283,4.0206637,4.0182385,3.3871458,1542.0887732534256,175.22846593876153,1989.2516341690323,92.81843438357306,0.00031849538,0.00044752864,3874.003101888776,0.008861305,0.0010716023,0.059753842807424594,0.01144447215489519
-368.43417,12.313279,141.06184,7.5416274,-40.51208,6.7368393,71.39495,8.487776,-43.194668,4.184892,33.615997,5.3842697,-24.136686,5.757213,31.367582,4.257646,-13.225178,4.7668324,9.496574,4.506745,11.869997,4.3728924,-0.80205595,3.5041072,3.213732,3.4405415,1900.2104591463383,235.82110763113403,1997.8970348271962,108.79164975169566,0.00051523047,0.00095642003,4330.272191306554,0.008737898,0.0011327725,0.08547300971577726,0.01465413823173132
-404.09103,9.108139,181.79263,7.7393928,-33.096542,3.8459606,50.564053,3.2727332,-21.10958,4.286449,40.43847,6.2412615,-2.2124398,6.8610187,17.740194,4.6137557,-6.9272256,3.6993694,2.0212018,3.4043317,1.2755954,3.2634888,0.51815796,3.598887,7.249338,3.3712013,1048.8053642047694,213.51338241567453,1432.8222533581354,181.91982320162685,0.00013769903,0.00017690868,2127.34057787123,0.009187776,0.0009998593,0.040052657337587005,0.008522036230951947
-366.94373,5.9817495,132.96906,4.6317997,-36.504772,3.8572352,71.72536,3.5460794,-37.777527,3.486961,31.423565,4.727594,-28.117474,4.88949,29.963335,3.5754826,-17.631603,3.535707,-2.3066695,3.4490788,8.489486,3.2497125,3.4480495,4.645504,9.741381,3.9575677,2025.4467323728115,177.5283106914987,2072.8853389493433,87.08584649910438,0.00060247956,0.0010415185,4691.515405216793,0.008255328,0.0014364129,0.08968854227088167,0.015382903903337663
-439.54068,18.543549,191.12964,13.246513,-21.68672,7.595479,46.704258,4.469933,-10.444884,7.0160427,28.011438,9.268669,-2.7676032,9.383012,18.628927,6.324817,-0.5921133,4.132105,3.208123,4.415754,2.5756986,3.4972336,-6.9160147,4.4030004,1.2542889,4.500295,862.7797056093381,312.936690839304,1246.289411861371,276.65874327042843,7.3916744e-05,9.909751e-05,1698.6000149543213,0.009176503,0.0016024737,0.032505256670533646,0.009681244116306312
-390.65393,10.504126,192.2943,11.316032,-43.6932,6.2877183,58.239178,3.1553206,-21.57497,5.797596,31.846157,7.947895,-13.477844,8.808594,11.27334,6.652513,-6.2201777,4.545935,2.0126562,3.6411645,3.609631,2.8576078,-4.2416377,3.629007,4.927718,3.5139627,1079.8297690862512,262.6272678814439,1370.6241584368033,256.6205636625413,0.00014544006,0.0001560845,2277.1237402117167,0.009498767,0.0007589168,0.045454339472157775,0.008338563252193494
-392.54874,6.641067,171.2897,6.718526,-37.040268,3.7863634,42.57835,3.7591963,-41.482826,4.473377,38.001667,4.882105,-28.610634,5.000389,25.100346,3.643827,-11.995749,2.891719,4.0003147,3.154928,0.16638765,3.2754338,8.487539,3.6392384,16.371231,3.3800094,1432.8951847111912,197.39853669727393,1718.0179466525624,134.3735246367028,0.00029112538,0.00062060176,2804.4124311194896,0.008054595,0.00086466386,0.0744022803074246,0.008921157914700738
-374.9127,6.7928624,156.03894,5.627997,-43.359177,3.5123396,54.343117,3.530373,-41.891296,4.2513237,36.645596,5.34129,-28.607924,5.0572367,32.014824,3.8647075,-5.9059067,3.670668,0.7193038,3.1733472,-3.1252697,3.2530155,-6.19676,3.139806,1.000215,3.251129,1691.8634017453996,203.33829066619677,1871.056477577439,133.92883847685135,0.00038758476,0.000395218,3795.5393072070765,0.008285577,0.00094798696,0.0835946563225058,0.00867769234717157
-392.6722,8.906627,190.76543,8.394148,-40.535835,4.8520174,54.696785,2.7187924,-20.711231,4.840586,29.8238,6.24002,-9.346266,6.6534615,12.071323,5.401672,-1.5819463,3.5563905,4.146523,3.5969474,4.843558,3.362985,-4.093135,3.1681497,4.072291,3.2423818,1033.0808021782414,204.66201961359138,1343.778368140399,185.96828763303108,0.00012899413,0.00012842569,2132.8862519939094,0.009624147,0.000941374,0.042551841647331785,0.007216740566248276
-385.75,10.157665,181.11005,9.177809,-46.474903,5.5004525,53.480213,3.3948622,-29.671524,5.056876,45.02196,7.260287,-8.183088,7.6912975,19.743032,5.8737493,-10.735271,4.308801,2.9554238,3.778219,1.6945636,3.530984,2.485214,3.6647353,10.1258,3.8823092,1239.8141943877995,260.68897675405003,1525.410783320654,222.53806883314184,0.00020383234,0.00012742431,2585.8579135549594,0.00889104,0.00078635896,0.056969166908352666,0.0101529006402484
-383.65195,8.879318,186.59346,8.047116,-46.871872,4.444588,61.65983,2.922576,-23.713438,4.5028734,33.32816,6.37805,-12.047862,6.8523226,13.211467,5.2726383,-5.803477,3.9647422,2.3042207,3.268611,1.9609464,3.0759213,-5.39326,3.2486923,5.394477,3.4567344,1138.7964173806845,202.80607431673795,1425.7510456466605,181.9400125970218,0.00016586424,0.0001352721,2454.3105264827436,0.009470864,0.00074706465,0.04731003480278422,0.008202330402263175
-393.32922,12.492652,178.86275,10.194745,-39.74101,5.777235,49.357277,3.626177,-24.846727,6.006708,40.46778,8.48311,-5.0026383,8.504081,19.045475,5.3633866,-8.175154,4.403203,1.6715109,3.6583128,0.22820878,3.449091,-1.1949059,3.962232,7.206302,3.8026903,1184.9256808658492,277.3340051948893,1491.6933873802782,239.60080108367046,0.00018437969,0.00026816537,2450.388585774362,0.008954771,0.0011338025,0.05137828995069606,0.01155974019918713
-388.41373,11.47765,181.67847,9.543859,-39.565495,5.4715924,57.784134,3.3058727,-16.988693,5.033137,29.16753,6.9089575,-10.104443,7.7027884,11.983965,5.621149,-3.0397406,4.09188,4.7904825,4.063582,4.05176,3.006004,-2.9181314,3.6659174,5.134388,3.3523905,1104.4482648037229,235.27714281410792,1420.2841110174115,205.75689981133928,0.00015151182,0.0001560918,2378.5446273201856,0.009636203,0.0011119342,0.04251219003770302,0.01040304412470573
-395.21658,10.414412,179.82726,9.331043,-35.985752,4.349909,52.798965,2.9598825,-24.728283,5.0863957,42.89685,7.7123876,-5.4406686,7.8263564,18.67489,5.4929566,-8.930484,4.078877,1.8100661,3.1667154,0.896041,3.105711,-0.11638897,3.6006532,7.940935,3.2551112,1138.9523808820397,259.2098340670185,1501.4717119006327,229.32469922524524,0.00016670652,0.000131526,2395.031766603828,0.009078261,0.00076810486,0.04578854589617169,0.009013015484509139
-408.4705,13.630557,181.8147,8.088212,-30.738771,5.675817,46.849495,3.3832731,-17.430338,5.3955307,31.508827,6.4878883,-3.5841782,7.698273,16.6563,4.509108,-3.248,4.364808,2.0150385,3.6953018,0.592886,3.2397532,-3.6245575,4.1262803,4.884724,3.6886947,1022.6120441414046,223.18710073290018,1374.084653723843,186.0339123773208,0.000119638484,0.00014419739,2045.3295501921405,0.009233369,0.0013617014,0.03978415929524362,0.009389554196431353
-388.97647,10.374287,192.17285,11.258707,-44.688057,6.268432,58.479362,3.4893103,-22.57276,5.5239034,31.48661,8.30003,-13.455178,8.398133,11.906927,6.401006,-5.9676857,4.911509,1.9625299,3.644858,2.7159684,2.922672,-5.5721955,3.2235467,4.3707857,3.1010773,1095.4413336152302,251.95368814215036,1376.639255578897,247.30830909181998,0.00017372236,0.0004422933,2299.206514646172,0.009449937,0.0008272584,0.046430901972157775,0.007756770246586077
-368.68753,11.82084,175.31075,9.539521,-42.68026,4.4825926,58.025627,3.7369187,-25.047337,5.3732176,32.31782,6.561324,-15.483428,7.3729277,12.307472,5.5351567,-6.603013,5.0262737,3.0832646,4.0928316,1.8653272,3.03356,-5.2460194,3.2556996,4.8363743,3.47067,1269.4222677005766,229.61222527200712,1537.6937115311948,195.6893004527721,0.00026002104,0.00035967544,2753.2773188261312,0.00919661,0.0014796616,0.05692385078306265,0.01047074894986652
-351.5622,8.646582,148.00272,6.0621977,-51.853374,5.0605307,72.21943,4.6704426,-33.31107,4.2181983,49.92109,4.551609,-25.874249,4.2495885,27.31788,3.897057,-10.71064,3.2938282,11.738786,3.1399236,2.9005442,3.1110063,-3.4541457,2.9755747,7.1182604,3.0880623,1855.773552466366,193.936039611113,1990.420887412624,106.26179794897926,0.0006034094,0.00075689587,4231.524219203161,0.008826345,0.00089903525,0.0847774071925754,0.014229330900178087
-377.5337,8.124809,183.5525,8.066537,-49.120667,4.521011,64.884544,2.8676682,-27.20247,4.530888,37.140194,6.197755,-15.575044,6.8669705,15.318527,4.802784,-6.4718127,3.795828,4.061955,3.162393,2.1970913,2.9032671,-5.6409736,3.2419004,3.9545887,3.0411427,1214.8303713038972,207.24807442489796,1496.9624893126238,179.30431613052662,0.00022085385,0.0003578081,2658.950897712442,0.009399268,0.00070746744,0.05277402660962877,0.010306777878526826
-388.8585,10.819233,194.07591,11.314699,-46.22272,6.2215223,57.594936,3.4396503,-21.582258,5.834842,31.762367,8.286541,-13.102106,8.55287,11.71869,6.872534,-5.765345,4.9002366,2.5383985,3.2383478,3.435414,2.9506805,-4.970473,3.4587028,3.8224413,3.4117353,1084.951788343758,250.4715534569353,1357.4649148865738,249.80744007852147,0.00016515673,0.0003893919,2268.305618746375,0.009458132,0.0006751716,0.04606497426044084,0.00805558019595454
-394.854,8.879248,199.59451,8.847506,-47.488842,4.9116216,58.21879,3.510385,-22.22712,4.6587634,29.867693,6.9562316,-12.775875,7.1815557,9.921078,5.2915115,-5.859799,3.913974,2.2324593,3.3574834,3.0896993,2.9091935,-4.2894855,3.01486,4.603685,3.1709793,1026.787766053894,196.96134414528782,1290.1068665270625,189.0992595645993,0.00012622838,0.00014127468,2087.1469307388343,0.009447551,0.0007023878,0.046945239994199535,0.007895997716829084
-380.25424,7.6539702,161.65363,6.534967,-33.010296,3.3995297,44.247055,3.5211215,-41.719597,4.1148405,39.314026,5.3151402,-25.238615,5.86915,25.74312,3.686704,-7.6808696,3.5977085,6.4892497,3.4125538,-3.0676591,3.1020947,-3.023447,3.5490923,11.711988,3.403066,1536.5208113054657,220.8512265162377,1820.4442605067363,149.58948447264277,0.00031769875,0.00056659355,3349.4872480423433,0.008651114,0.0010161429,0.07603705952726218,0.009038969716382333
-377.69012,15.043849,181.2099,9.344183,-37.507748,5.2979193,48.787476,3.523269,-16.580315,5.0145535,24.535707,7.345061,-9.023069,7.210402,5.3453245,5.5632577,-5.5577207,4.316648,1.2798843,3.6954234,5.760534,3.287333,-1.9044375,3.3489213,4.5620055,3.296627,1117.9420912798096,213.4655449791336,1381.0798675625626,196.4353250516239,0.00018373478,0.00039600753,2320.439951602378,0.009309269,0.0019542838,0.05092172998839907,0.008142101748599462
-386.21695,8.963866,172.43492,7.9882736,-43.821884,4.570353,56.929607,3.7301586,-30.946775,5.040204,49.98723,6.261101,-11.320576,6.866193,24.315876,4.5542045,-13.034578,3.714895,4.378253,3.3658156,1.2633095,3.142693,0.54292864,3.2041268,9.72611,3.368223,1331.006665144842,241.24811534527763,1661.2098528309477,189.60239612872414,0.00027050194,0.0005149917,2895.041736151392,0.00885962,0.0007217845,0.05785623006090487,0.0098511164362524
-366.56454,5.4627314,146.41113,5.24086,-43.200176,3.9260912,62.504433,4.234387,-44.27147,3.5896027,34.91603,4.551238,-24.045221,4.801744,34.363457,3.5978723,-8.807909,3.72109,1.292828,3.710596,-0.52138466,3.3858192,-7.758235,3.1151316,6.1304684,3.5082698,1848.646858787349,157.97470041096196,1954.5985165957422,92.0979817473603,0.0006243096,0.0022806702,4237.194795896172,0.008103313,0.0010395987,0.09047477704466357,0.009456408068085223
-376.39847,9.189107,182.90915,9.362344,-48.20161,5.1451917,62.977474,3.0652761,-27.458164,4.704163,37.085308,7.456497,-15.784476,7.410253,15.579687,6.367234,-6.2755747,4.1746383,4.2561355,3.6437705,2.942207,3.0534215,-5.6772323,3.3601358,3.7124982,3.284799,1235.4086477029507,245.28712065405972,1510.4114526648045,221.6388441476321,0.00021404619,0.00021580003,2703.141427095418,0.009376492,0.0007168725,0.0534152497824826,0.008921586918882075
-389.89655,8.689986,164.35735,5.932535,-24.715631,4.6905932,42.09207,3.3030548,-40.021065,4.557202,35.592648,4.931739,-31.078213,5.3468595,17.842203,3.7851884,-9.49297,3.5827672,12.355249,3.2591453,3.7780545,3.0010583,1.1724082,3.5516727,3.1808326,3.186602,1430.3282545973632,197.59849455833154,1785.4194333479322,133.56659713442463,0.00020183586,0.00011644069,2996.8123504567866,0.009240857,0.0012252453,0.06563247716067286,0.007895002054636122
-339.38095,27.447355,151.09865,8.446078,-87.99293,10.69391,65.22631,6.110236,-55.706123,7.55221,34.575092,6.0118876,-34.926376,6.0910025,21.313354,5.258284,-13.959821,4.622952,4.469322,3.6811118,-0.32258242,3.7366598,-5.5481086,3.6928868,7.2296133,3.3321214,2109.341403785015,227.21596216001532,1757.7822529149037,138.47915624588887,0.0010180726,0.00095135334,4100.751228066995,0.007280217,0.0013959571,0.14520419446055685,0.020050956459838315
-381.60107,6.6509714,160.12262,4.8868756,-33.175285,3.0987685,44.22048,3.2313294,-42.632744,3.9252892,31.592903,4.7946515,-20.422848,4.6372924,29.196949,3.440057,-5.573636,3.0179815,8.183713,3.168421,-2.6965892,3.4094782,-9.354964,3.6593993,7.764462,3.4654725,1524.7564698082406,165.50709785606665,1792.355845028423,112.25882626689659,0.00032791658,0.0003327701,3293.2561108794953,0.007926768,0.00095409964,0.07591357308584687,0.00842258721333517
-394.98114,9.819093,181.94522,10.03587,-38.311466,4.3648057,52.363434,3.0800624,-25.814707,5.3190007,43.689266,7.6394014,-5.5827255,7.895033,18.707205,5.3075876,-9.625495,4.426699,2.0163846,3.2014847,1.5649873,3.1075904,1.8829799,3.7030027,9.022462,3.760554,1142.269536633921,282.8464347449837,1488.063297902572,234.96164384811837,0.00017484829,0.00019036328,2361.6078387833527,0.009079117,0.00082956714,0.047955789588167055,0.010232341202987435
-369.04178,7.6801333,147.91068,5.9158344,-40.65212,4.627745,68.56594,3.518006,-24.738026,3.9206724,46.855125,4.5874424,-20.39723,4.3627477,25.356955,3.5666475,-7.437062,3.3698413,11.122105,3.214356,3.775905,3.078947,-2.199313,3.3326879,7.888296,3.2397873,1636.493648094273,199.92531322645533,1930.7478681336274,113.19029394166733,0.00041221888,0.0008888502,3858.665066252175,0.009161235,0.0011732655,0.06252379096577726,0.014619141101737735
-372.63702,8.292315,185.021,9.086014,-49.681263,5.2182074,63.132816,3.117607,-29.00159,4.2975593,35.92701,6.866784,-16.163898,7.095597,15.022797,5.441493,-7.8525653,4.431092,4.060483,3.158511,2.0168397,2.923666,-5.851047,3.162021,4.929055,3.334886,1229.5449399249028,217.72946278759704,1493.4875977147842,203.0100276880321,0.00021941718,0.00025516603,2672.89002456134,0.009484156,0.0007276889,0.055072687064965195,0.00859662125414887
-382.0636,8.0528345,186.83583,7.5226,-48.33644,4.2009687,62.152035,3.2261157,-24.083029,4.336367,33.963665,5.5721226,-12.575317,6.73273,13.344733,4.516558,-5.557852,3.7285216,2.9843721,3.2986777,2.9882314,2.8926985,-4.754988,3.2303333,4.177743,3.0828953,1150.9731571766433,176.30829475476847,1428.7360735355776,163.35664411134317,0.00016795483,0.000117424046,2479.915553400522,0.009485339,0.0007308304,0.048832656612529,0.007576840903069559
-388.10977,7.8028803,164.1922,6.2478256,-31.84446,3.5903573,48.984104,3.2818432,-42.332794,4.389822,42.68283,5.3972,-25.56156,5.0100226,25.605597,3.678833,-8.551428,3.3099086,6.356466,3.1427944,-6.900112,3.0554273,-9.289546,3.5234253,6.2724075,3.3479085,1496.9553518643238,222.05228400437662,1821.2184621919034,150.26005858669316,0.0002789645,0.00034984222,3318.936079339472,0.008581842,0.0009456474,0.07050622643561485,0.009907877258368628
-374.6483,6.157372,163.94055,5.780019,-44.64151,4.232814,62.830406,3.4906764,-28.701824,4.1626163,49.73813,4.375334,-14.563542,4.9762616,25.456377,3.7064779,-12.746103,3.2657213,4.693918,3.2945857,1.0093611,3.1707394,-0.35531816,3.3324335,9.665533,3.0269587,1436.7238489836452,176.7150092497903,1765.1475407365065,119.68827893661988,0.00032863027,0.00062917586,3261.106189276392,0.008986604,0.00085732504,0.05861867386890951,0.010396466929334963
-399.21164,12.812251,173.04541,10.758087,-27.737823,5.4927716,59.739704,4.3834915,-20.304691,6.0728817,36.43496,7.5755205,-12.950712,8.080973,20.86163,4.909456,-4.338509,3.6859243,9.671962,3.4238992,3.178047,3.1610808,-6.28433,3.3630478,2.5706744,3.2750568,1138.8427280374149,294.4219380096235,1573.2557533625875,250.81650937696296,0.00018978266,0.0006110789,2538.0701901464618,0.009392092,0.0008428517,0.04103601725638051,0.011220274108859396
-393.3341,8.4641285,197.55835,9.046597,-46.145527,5.484213,56.38903,3.604689,-20.392496,5.1207013,29.265802,6.7436996,-10.967518,6.5625873,10.3330965,5.133775,-4.638099,3.8603697,1.557272,3.55766,3.0463052,3.0115652,-4.5760365,3.037781,3.8226163,3.2513013,1023.1248994216503,183.78070691037536,1293.5026083748983,185.4646720597704,0.00016176197,0.000677671,2092.467780234919,0.009427051,0.0006858685,0.04510200659802784,0.006742085392043873
-390.40994,11.283843,195.53447,12.333391,-46.793804,6.475767,56.869205,3.4638615,-21.419369,5.9925914,32.44416,8.681338,-10.451304,9.221003,11.31526,6.983025,-6.513642,4.739973,1.0615333,3.3536785,3.3072083,2.895803,-5.2424083,3.4609592,2.5849898,3.432387,1071.773692485146,263.07432775994334,1342.1589090887348,266.7552477415767,0.00019810323,0.0008000227,2253.741979045824,0.009383409,0.00066315563,0.04771787993039443,0.00784351163675741
-387.7949,8.572593,192.38428,9.484421,-46.577072,5.3662834,56.789402,3.6811702,-20.69279,5.196259,30.407526,6.890243,-9.269818,7.246389,11.432141,5.325353,-4.8360724,4.1759806,1.0704929,3.4718735,2.6518545,3.0604975,-5.1851015,2.8611696,3.8580127,3.0836442,1072.4713706176954,208.36264102106293,1342.240089018813,198.1544097018436,0.00016945897,0.00054895406,2234.1572560179816,0.009405893,0.0007272219,0.04680022839327146,0.008120112738025535
-375.67792,7.196266,162.18112,6.2514625,-32.958035,4.3139043,47.036816,4.1063285,-42.14164,4.3241396,38.460968,5.164201,-25.742563,4.8339953,25.877161,4.4312687,-4.2928205,3.328744,10.443049,3.2842414,-2.29343,3.5508635,-7.589353,3.3649218,4.15924,3.316563,1534.146639402595,203.94943140435166,1827.200517381547,145.30313492892057,0.0003435069,0.0007382081,3426.4022508519433,0.0086842915,0.0009508346,0.07386755002900232,0.008239378380011684
-388.6105,8.619167,189.78325,9.622406,-43.4247,5.0525403,55.8996,3.4720454,-18.581167,5.1400523,29.10648,6.8591447,-9.053914,7.172159,10.358165,5.534816,-3.3063676,4.240072,2.0229602,3.2254453,2.7049239,3.136194,-4.7129188,3.0040574,4.417002,3.0761838,1067.9869611642346,222.77062095052403,1349.2534921963518,199.6127929751631,0.00016854575,0.0004888665,2227.062790023202,0.009484284,0.0009443751,0.04616353683294663,0.008647664001012701
-387.06686,7.8216066,167.30713,6.97764,-37.84164,3.9587235,43.35762,4.0972877,-41.361885,4.808795,45.425587,5.630415,-25.26277,5.32274,25.94059,3.6419852,-14.478119,3.5400445,5.763163,3.5373058,0.47329423,3.5334992,7.0848193,3.887247,16.896145,3.4585226,1513.4183942623438,213.1102135965026,1803.5857310337847,150.45447003099937,0.00034133682,0.00089708174,3171.2512801805397,0.0081995735,0.00088328915,0.07553291763341068,0.008903743243037018
-367.57278,5.3370895,134.16882,4.974174,-36.03449,4.097753,70.59407,4.140513,-37.665466,3.221475,31.44722,4.546054,-25.874315,4.8793097,30.131077,3.5417826,-18.844019,3.034856,-2.799515,3.1194408,10.508631,3.1876388,4.4458804,4.1403623,9.72702,3.6123345,1984.9189134760554,153.85936618828265,2054.6417079503963,74.11147143293105,0.00065739005,0.0019969158,4624.4427249492455,0.008337151,0.001522987,0.0900340777262181,0.017367791146107436
-384.6045,9.93494,186.49405,9.300036,-43.35381,5.1417,60.028267,3.030782,-23.30881,5.04434,32.457638,7.6039863,-13.699616,7.599341,12.142074,6.053071,-6.118212,4.5984793,2.4171093,3.5757496,3.1811914,3.0036438,-4.4263215,3.0275557,5.1291046,3.3652897,1132.4320342480091,230.9725413556965,1428.8712766917527,222.2598120883665,0.00016133438,0.00011819774,2436.074751214472,0.009509646,0.0007524896,0.04841461535672854,0.008145822944831786
-435.33505,14.957986,198.98824,14.348918,-33.692966,6.8514614,45.766663,5.3394046,-6.8981543,7.2656713,30.017435,9.488951,-7.3329825,8.740379,12.470413,6.681828,4.078402,4.4882326,9.8186245,3.2915258,6.991655,3.0405471,1.1368315,3.4043734,7.432476,3.300391,863.7783885003173,296.5748639687482,1211.2234647220896,283.75753189179244,9.083949e-05,0.00059669995,1801.020122625435,0.009859746,0.0005821588,0.020499882178074247,0.007571981470749965
-350.60513,20.733759,142.32736,12.489398,-93.26557,9.2821665,76.52726,8.762357,-60.166904,6.017327,42.284164,4.6900606,-36.156723,4.993384,32.023144,5.3573775,-17.976889,4.290364,9.076708,3.432469,0.96798545,3.3221385,-8.974485,3.6538215,6.478257,3.2864559,2374.4440098450696,296.11877889237405,1843.733749935853,108.9187920351844,0.0012511772,0.00033978425,4522.247441904728,0.0063516623,0.0012561328,0.18334337840777262,0.03929354975352717
-375.8349,7.604403,181.5293,7.823524,-47.682224,4.6808147,62.4424,2.937861,-25.691093,4.110408,35.370296,6.014967,-13.88231,6.5326586,13.781975,4.61306,-5.9139266,3.8872068,3.568578,3.0836766,2.73041,2.6973193,-5.3067427,3.306638,3.946001,3.2936885,1218.585053371445,197.7617229191518,1490.5997269854024,172.69938820879193,0.00023282072,0.00074481283,2661.099221922129,0.009434145,0.0007433881,0.05312749238689095,0.008339961495820895
-376.19656,7.006776,161.88979,5.879737,-33.56509,3.2033384,46.434555,3.4410374,-41.925465,4.264685,39.350353,5.2858777,-26.834623,5.0935593,25.571856,4.1200457,-6.761088,3.51771,9.751537,2.877848,-3.5141087,3.5214002,-7.164434,3.5837085,5.174438,3.5059962,1558.874712950811,198.50222038060085,1849.2187557345794,136.90729466997564,0.00033603836,0.00046423776,3485.231361477668,0.008565475,0.00089177093,0.07547853828306264,0.008124508792635867
-390.6132,9.0517025,196.71404,8.27183,-44.909897,5.1487823,54.46725,3.854274,-22.410624,5.084426,29.874882,6.1777644,-11.517504,6.8484187,8.093751,4.877894,-7.352198,4.192997,0.84726316,3.5599701,5.115277,3.0286148,-2.0709863,3.6702206,5.319151,3.2850206,1039.2902640464279,175.7730082648303,1302.5903197739653,175.02232049487725,0.00014919009,0.00037285482,2084.4240547056265,0.009374962,0.0007399881,0.04781757540603248,0.00715052092689559
-388.24646,7.487,169.96404,6.946152,-40.91913,3.684145,44.397392,3.55066,-42.58088,4.0163865,42.929188,5.7862344,-28.883211,5.4746914,24.954584,3.828604,-15.880458,3.1188838,2.6278095,3.3512685,-1.0685923,3.122315,6.385526,3.6979926,15.542111,3.376792,1515.3486501800799,224.04419759583482,1765.8375337305554,157.91893859279895,0.00031073432,0.0003100473,3060.7874469801336,0.007856794,0.0006183927,0.08083490429234338,0.009633848136188967
-376.77582,6.8556356,181.96643,7.4648952,-47.28236,4.9893622,61.462143,4.0412464,-24.340487,4.204328,34.640953,5.7130494,-12.904714,5.4940405,13.278318,4.612668,-6.107127,3.6426005,3.2461498,3.4601698,2.5370715,2.950024,-5.830009,2.8927884,3.1384487,2.9296575,1193.6257445212295,167.4856016295528,1472.9853550695484,156.55052275005147,0.00025883332,0.0011551911,2592.552691324681,0.009416339,0.0007618206,0.05179293249709977,0.0073078023460679455
-395.1784,9.8466425,123.60211,5.169606,-20.622988,3.4812686,76.72002,4.0465217,-34.92812,3.873463,45.95314,5.0842013,-1.9847398,5.486011,27.519371,3.4259806,-22.164085,3.3675423,13.134127,3.6692896,0.5608194,3.4267185,-7.9473734,3.4298441,12.738763,3.1886563,1970.8295867483605,212.890260456062,2191.793733527617,77.92773985567199,0.0004262766,0.0007431298,4633.935320294374,0.008503506,0.0020325382,0.06814638921113689,0.02418813581778708
-392.60187,7.167365,170.16403,6.0653753,-37.192814,4.077269,42.903378,3.79445,-41.82701,4.08474,37.24397,5.3692927,-27.967337,4.660646,25.187082,3.7532432,-12.954572,3.1149194,3.0064428,3.2782755,-1.1875409,2.8776305,5.686694,3.3823998,15.987183,3.2383347,1447.3224496685905,188.0061160952267,1722.718742708253,134.48485445729813,0.00026351563,0.00037112646,2860.143958001015,0.00815338,0.0007503137,0.07416550355278423,0.008753046558955193
-366.32098,6.178926,143.4162,5.4851956,-36.403637,3.4036102,63.08769,3.3174691,-40.210762,3.7107387,31.745745,4.795555,-29.473612,5.0409074,28.717272,3.6098957,-6.236304,3.5298336,3.7297187,3.2176678,3.3836544,3.1079965,-7.699391,3.3395836,-4.7088356,3.5770383,1833.3207376965304,192.6293476837774,1973.7955642111947,113.74278349678231,0.00045771044,0.00077286916,4310.887312391242,0.008650926,0.0011127605,0.08376799050174014,0.010996861775877833
-358.3944,6.011741,126.589355,4.6026015,-46.701927,4.647385,76.20555,4.66394,-45.736946,3.6180084,32.584644,4.5184813,-24.857893,4.2033396,31.12607,3.6188798,-13.00846,3.4628098,14.14977,3.2910438,11.305357,3.4233663,-8.144334,3.6633089,1.0162243,3.5972974,2246.3304063045302,141.92995082966536,2085.049840951621,67.24361919857265,0.0008139132,0.0016713544,4882.191669083527,0.007881492,0.001174459,0.1158121555974478,0.015814646265433233
-347.2234,31.134983,162.25401,8.32296,-63.12232,7.8279605,66.69822,5.7634387,-48.291527,9.018893,36.356846,6.491839,-27.55609,5.8489127,24.112925,5.767926,-16.185316,4.420599,-1.2275219,4.836233,-3.3635929,4.1961775,-3.1042314,3.5976562,6.8656664,3.344328,1803.4384929699415,223.90241477907557,1797.304693423111,137.75870001600063,0.00064768223,0.00064339564,3876.8508804923144,0.008265292,0.002119598,0.10275884570765662,0.018199410581267825
-370.06137,28.145874,175.60039,14.941992,-55.343204,9.967642,67.1703,7.4000793,-32.922768,9.108989,36.410824,8.899975,-17.581764,7.446513,16.120289,6.380507,-8.863906,4.5625386,4.746656,3.5890536,2.7842767,3.2744865,-4.302357,3.2320645,6.6774716,3.5315137,1417.9481511551533,357.4061378145729,1585.4236704889934,227.50902541977192,0.00036429396,0.0006226341,3063.910011238399,0.008582272,0.00086977513,0.07131965088457076,0.026622525489362857
-436.84427,15.330872,186.42801,12.87266,-14.971353,4.946789,54.014854,4.284274,-12.60854,7.532151,31.596287,9.888972,-8.127968,9.773876,18.545502,5.308466,-1.7109789,4.135659,6.223431,3.558748,1.6413747,3.226212,-4.750392,3.9870744,2.4833424,3.7955036,871.4676589880232,326.1912137050656,1338.6875418245932,314.65221386152984,9.7035896e-05,0.00038131734,1746.8373876160092,0.009423521,0.00094806013,0.02966506851798144,0.01017203547840095
-389.71332,7.0185695,167.98975,6.021465,-40.079853,3.2761955,44.35473,3.3184752,-41.92532,4.34959,39.187325,4.652049,-29.69909,4.853341,23.80213,3.753997,-13.3035345,3.2536688,4.1915407,3.0224738,2.098689,3.2637012,9.314826,3.2320087,16.59247,3.2330763,1508.5977287197609,176.3731750879779,1756.3130265624393,121.53154616778983,0.00030737015,0.000157395,3073.627431210122,0.0075845923,0.0008596855,0.0803715469112529,0.009893411943157272
-380.20694,8.988606,185.33098,9.3897085,-46.526962,5.617566,60.96393,3.4628766,-23.77713,5.0482974,34.499935,7.1126037,-13.535809,7.805072,13.158874,5.8672137,-6.0773964,4.1904907,2.9170926,2.9884195,3.689205,3.0363061,-4.3370733,3.3118236,4.6330767,3.258068,1167.9832474866614,227.9806732968227,1452.9353170379577,215.56905040207133,0.00019663764,0.00035479042,2529.401951765516,0.009458691,0.0007262427,0.05044930938225058,0.008685860077490974
-376.75882,7.2099113,185.22871,7.3538113,-48.958374,4.31315,64.34848,3.0444598,-27.755867,4.1922274,36.451744,5.914186,-16.640528,5.9201765,13.8216305,4.584663,-7.378361,3.6932783,3.712496,3.1058536,2.4740226,3.056472,-4.5766096,2.9555905,4.733276,3.1514914,1196.1031237077527,180.56820587035864,1479.393876438255,160.33492744403404,0.00020627657,0.0002399114,2590.354406086862,0.00946897,0.0007550358,0.052750235643851506,0.00827904587754935
-377.14444,8.413093,184.12498,8.652335,-47.80059,4.980745,63.535572,3.3933666,-27.356598,4.5084286,36.25766,6.6117973,-16.029451,7.491514,14.785854,5.2816186,-6.838526,3.999704,3.633277,3.5144842,2.492658,2.9701815,-5.246326,3.3137825,4.7815094,3.1488097,1209.131666864485,217.52332408283854,1493.2246122083884,199.62319740715995,0.00021599469,0.0003098934,2641.414576838022,0.009463683,0.00078991585,0.05287825369779582,0.009341180188154831
-397.47107,8.831357,179.35387,7.183418,-34.221638,3.7444775,48.672535,3.2930028,-21.42564,4.622956,39.924923,6.275138,-1.1665617,5.994961,17.529606,4.4929876,-6.9882765,3.4436715,1.9413854,3.53632,1.9764268,3.2821121,3.1174293,3.5307012,9.353584,3.5666072,1083.5179193781048,196.6893179751043,1445.76155729303,169.81637450724187,0.00015521057,0.0002631762,2199.0346532410094,0.009197786,0.0010866494,0.04675831097737819,0.009546162323523484
-387.3503,8.736071,159.05736,6.3633,-31.85598,4.142738,42.439014,3.8489485,-35.939613,4.2440867,37.38278,5.5144997,-24.247711,5.580153,24.363184,3.6819055,-4.8860564,3.0912924,7.1475797,2.9418106,-5.0722,3.1987743,-7.360451,3.1405778,8.87631,3.2149496,1511.8094556484623,217.88524420402797,1793.131273411398,151.2744756407993,0.00028604502,0.00022411629,3219.263828215632,0.008238854,0.0012300623,0.07503557315835267,0.009246222349818334
-356.63538,42.04336,151.2552,13.6910715,-69.19505,17.792847,50.10001,7.2714643,-49.459087,4.502106,32.400486,6.479605,-28.031929,5.5245695,22.731327,4.4890933,-12.655348,3.4916646,1.8909906,3.9547055,-7.0822554,4.235025,-10.454722,4.154739,9.17783,3.4674191,1936.6252435871538,217.55465106088653,1786.1949576654495,207.73621457212406,0.0009605332,0.0009464158,3935.5301080336426,0.007236024,0.0034972061,0.12231955118909513,0.016105876249940674
-383.9681,7.2738185,162.97252,6.5080695,-27.931288,3.679681,47.59576,4.102642,-39.924088,4.5996428,41.434574,5.518947,-23.9738,4.9350266,24.894722,3.6158519,-7.579385,3.291788,9.21363,3.0331907,-3.8571737,3.0450313,-9.394832,3.6589375,0.8501572,3.4258413,1468.3093828184772,201.25835037226685,1824.284642343405,140.92731134774368,0.0003026515,0.0008018511,3263.1545914298144,0.00897543,0.00090254884,0.06863353755800464,0.008254038028478034
-373.68167,7.2057114,181.59532,7.018828,-45.885265,4.1177983,63.543556,3.4285114,-28.847435,4.3053985,38.650703,5.648306,-19.850727,5.716061,14.303819,4.502715,-9.7926445,3.4636695,7.23014,3.126669,0.5219948,3.0864043,-4.376381,2.7913191,5.4142756,2.9367576,1238.2595682764245,183.2859982757564,1541.3029398644217,158.1335787871448,0.00022764692,0.00029031676,2675.313134425754,0.009541748,0.00072152197,0.05353080590197216,0.008328768203614103
-376.07516,7.8100286,161.74196,6.2576737,-36.777397,4.5276313,47.984715,4.0122824,-42.60715,4.196611,39.44369,5.60573,-25.64957,4.8676596,25.733686,4.1419787,-4.8801265,3.594346,10.546023,3.0735424,-3.7701504,3.08007,-8.071971,3.6181011,4.053315,3.5767994,1568.8074227306781,200.05400498370017,1833.4897401701858,137.3228716630272,0.00037806382,0.00079683674,3510.486661198521,0.00842104,0.001009472,0.07550119634570766,0.008843301506250949
-384.42807,7.077694,179.72682,6.492585,-49.035664,4.367709,54.742516,3.511379,-30.467865,4.124878,44.799633,5.565298,-8.05066,5.8802676,18.484419,4.5977755,-11.555897,3.1067088,2.238976,3.3060606,0.53854984,3.155346,3.073024,3.58855,10.279309,3.392194,1254.8554556055578,178.51676929355867,1527.3251816855222,148.38959319293946,0.00023919839,0.00041579833,2615.7845694061775,0.008747685,0.000792964,0.05773500942575406,0.008412648182742535
-417.73267,10.925599,185.70386,9.556676,-18.116577,4.027103,54.39899,4.1691327,-17.142206,5.423392,30.736681,7.23576,-10.764034,6.8676395,9.780926,5.251697,-6.046345,3.2550156,10.849641,2.965431,4.557051,2.8265438,-2.7261767,3.1779244,6.7436,3.3718557,921.4269525372923,237.297313855958,1366.4122216363482,220.76253776189716,0.00011343701,0.00029083682,1820.7297482236079,0.009201947,0.0009149192,0.03529333127900232,0.011407482076246298
-381.38754,37.701775,188.67374,15.280594,-54.987846,17.493383,51.67028,7.6167736,-29.352415,8.448414,29.5599,8.582812,-16.24723,8.384936,14.638207,6.594785,-8.637157,5.890308,3.6907265,5.3926682,1.4246627,3.735708,-3.6196017,4.275698,4.8138666,4.189965,1265.9549197031151,295.9697224618783,1415.0833698754154,264.17242643800824,0.00027716876,0.00057213765,2555.6564720490137,0.008452394,0.0027657459,0.06845453886310905,0.021096899193279322
-431.97867,11.526846,184.19945,9.725678,-17.956976,3.8822856,58.82835,3.9770606,-13.60858,5.9408574,36.35682,7.3437233,-11.006945,7.2590313,10.504715,4.9001164,-4.3925757,3.529885,13.905054,3.1636367,4.514985,2.9377058,-6.986542,3.1171293,3.346878,3.8461123,896.6747515144474,256.2743061506349,1373.8984656385487,234.42200524387846,8.890087e-05,0.00011054037,1820.754728737674,0.009244066,0.0011087114,0.03263893924013921,0.014053172970280092
-370.2509,42.983803,158.90904,15.067209,-48.52641,19.408077,67.7569,6.404358,-29.889116,8.502243,45.19968,8.958968,-22.265244,7.925499,26.155281,5.6520643,-8.751555,4.8236413,10.818829,3.137764,2.8020542,2.827527,-4.541836,3.2577388,4.9502134,4.0438747,1614.2492454044516,440.94637657776286,1800.7300158318,269.9382288975631,0.00043454947,0.000444599,3539.014408262036,0.008918656,0.0007101089,0.07511827508700696,0.0303795368161967
-400.27713,9.306098,180.93451,9.565259,-35.71769,4.803705,51.80227,3.216917,-23.332602,4.9217205,41.969448,7.308471,-3.0716963,7.3727784,19.133528,4.593707,-7.488794,3.343454,2.4454472,3.1254985,1.5375804,2.7925076,2.3072748,3.2880816,8.226142,3.2192335,1097.728378982123,257.38566346248916,1462.4956600276419,218.1208232201182,0.00018774568,0.0006862078,2259.212711626305,0.009215475,0.00091372785,0.04409485571345707,0.008229454205172753
-391.9116,10.6173525,202.46962,12.322328,-47.80108,6.4987183,57.125065,4.133424,-25.450977,6.064158,30.190609,8.6610775,-15.113287,8.71352,10.424719,7.155732,-7.626697,4.5343843,1.9595935,3.7179184,3.4499526,3.2208796,-5.217785,3.6116738,2.7130022,3.7383313,1044.452404936261,247.025434262665,1301.0560317534116,259.3086686618354,0.00018756333,0.00079742644,2128.264856891676,0.009484303,0.0005975406,0.047351952218677495,0.008081389776235025
-384.6452,8.113982,189.21487,8.218462,-46.69758,4.7011013,60.842762,3.512016,-24.465338,4.627773,33.773182,6.691882,-13.242222,6.399727,11.771291,4.9713783,-6.8993926,3.8809934,2.3375309,3.2419376,3.523837,2.9597943,-3.74002,3.274406,4.592886,3.0928264,1123.1751307145505,197.93481617199197,1406.4419371397066,178.69543775011613,0.00017443852,0.00029625636,2373.448602450696,0.009492851,0.00078441727,0.0485415005075406,0.008580541761235308
-383.9984,7.2999625,171.37917,6.51992,-42.89256,3.9302897,47.010105,4.2874365,-44.713753,4.322728,43.440784,5.837522,-27.355927,5.6096144,27.010233,3.6098464,-13.300276,3.3576543,5.0606995,3.1378603,2.5143337,3.0889814,6.395768,3.3954897,14.832638,3.3747022,1495.3567661207348,199.16718138844575,1750.38033220203,147.480456737114,0.000333031,0.00060885673,3074.451788174304,0.008232464,0.0007273618,0.07837763739849188,0.009143247158161585
-388.56738,8.19855,197.03433,8.8067665,-50.607735,5.823099,59.671684,4.4241247,-25.170729,4.8550835,32.52002,6.4595857,-13.095047,6.87664,10.91502,5.2056375,-7.2427416,3.9493856,3.0114825,3.3181043,4.2050476,2.8424206,-4.038878,3.4747856,4.159417,3.1542573,1078.7031746712892,182.87673232378475,1337.9500735009572,176.1081184304445,0.00018849627,0.00067565305,2220.667778422274,0.009261011,0.0006881173,0.04899692756670534,0.0074866319239374835
-382.12238,9.368021,187.37299,9.674952,-45.234875,5.553386,61.283165,3.373981,-24.450472,5.477872,33.45778,7.248068,-14.497591,7.7079296,12.218247,5.682114,-6.9319625,4.3106084,1.4059725,3.440932,2.2170088,3.1036396,-5.453014,3.4822466,4.6439333,3.519938,1146.5073660370485,234.09544497146203,1432.9235460161358,219.47995308312613,0.0001958121,0.0005005765,2462.029505329176,0.009505583,0.00074503134,0.049561113326566125,0.008378809722266425
-414.32462,14.237293,177.06819,10.119273,-25.26277,6.441372,61.66219,5.61093,-19.217535,5.7761164,41.554634,7.3697066,-13.920061,7.006847,16.369734,4.8867764,-7.562057,4.0576615,4.1667867,3.613578,1.9787205,3.2570956,-8.024207,3.664174,6.342061,3.5271802,1066.1212141794074,266.3856339488589,1524.4059683495825,224.0906037590482,0.00013480728,0.00017791682,2287.115945838167,0.009194932,0.0008375089,0.03741639174883991,0.013129809675968468
-416.38412,12.6750345,184.99295,11.492992,-20.998472,4.915266,56.94344,4.4814672,-19.11097,6.3704376,33.99608,9.380946,-12.779944,8.672335,11.349913,5.8221197,-7.7784266,3.8631792,10.70301,3.1534061,3.8141315,3.1101775,-2.7689257,3.9607134,7.951819,3.6799028,984.4285962902387,286.4349852134083,1427.9924075987108,285.8644007671384,0.00012641742,0.00026850819,2044.5301737420243,0.009128726,0.0010021132,0.039967689602668215,0.020002375492394857
-387.82294,7.862151,171.45428,6.7958474,-39.502872,3.5829291,46.92435,3.7413964,-42.701176,4.1824555,41.9014,5.441795,-29.781916,5.837497,26.463272,3.6372457,-13.172251,3.3538716,3.9135392,3.7027934,0.5313855,3.3869052,7.0763907,3.86563,15.094176,3.7890162,1482.7262212590865,215.96989814905453,1764.123784698793,161.89869590578013,0.00029620723,0.00020772405,3035.6570498296114,0.007973906,0.0007349242,0.07612769177784223,0.00896693695134722
-370.87152,6.463703,148.09288,4.786463,-46.595127,3.6462717,60.117615,3.7169964,-46.491352,3.3231301,37.176086,4.814739,-25.334312,4.712136,32.335052,3.581888,-11.353372,3.123193,-3.3747153,3.256804,-6.823379,3.0376098,-4.5092363,3.351801,10.638764,3.366882,1863.0317737572468,168.9059881475694,1948.4807068749667,104.95035900410466,0.000519628,0.0005691737,4257.179207149072,0.007770291,0.00090216333,0.09301814457656613,0.009447236628887527
-387.75296,9.966567,192.94907,11.320386,-46.491055,6.526069,58.766953,3.9806137,-23.67947,5.508309,32.701366,8.278122,-13.089876,8.476103,11.788134,6.3642364,-6.9977884,4.7385674,1.3861225,3.374045,3.2955325,3.233591,-5.079583,3.6893969,3.9608378,3.7033951,1106.5547469346407,247.2177074727109,1378.6193760985032,245.9284987457665,0.0002413966,0.0014530172,2328.8833653567285,0.0093534915,0.0007813295,0.04825147730568446,0.007627772934023836
-381.60025,9.138285,186.16919,9.600746,-47.089367,5.498828,60.59952,3.3439603,-23.827908,4.988665,34.960476,7.631063,-14.025062,7.5846567,13.506645,6.0500994,-6.506791,4.31986,2.7371967,3.3261588,3.6357899,2.9479387,-4.5809517,3.2662349,4.754867,3.6484532,1169.5397241379392,233.834273758714,1448.377931711349,221.05968000494465,0.00019676481,0.00042107044,2517.0865583309164,0.009442759,0.0007690987,0.050678155814965195,0.008243565262942894
-346.50284,10.778059,158.98248,5.619101,-69.919136,7.512621,78.05496,4.7560544,-42.234722,4.37748,39.472126,5.316997,-27.485157,5.1441603,20.948397,4.643175,-17.80217,3.627642,15.311068,5.134015,0.3125705,4.042446,-9.096322,4.1608777,5.948493,4.240325,1866.3016558067307,163.95462394558388,1794.45051630995,106.22069045155571,0.0006845976,0.0006311431,3787.645464762181,0.00807613,0.0005953028,0.11452631054234338,0.015386952961886597
-381.20874,7.65444,162.92575,6.7737975,-31.111832,3.8420284,44.89432,3.8105912,-42.06695,4.2457232,40.486835,5.5282516,-27.055033,4.8717866,27.279047,4.0536585,-4.378829,3.2954664,11.273828,3.5149605,-2.052694,3.430598,-7.323148,3.313741,4.8505535,3.3867142,1531.34586704866,217.03895906289287,1846.7412923316049,149.35289336863298,0.0003424107,0.00083341944,3388.8565382105567,0.008615792,0.00097355334,0.07371347520301624,0.009414234301260224
-380.28818,8.902644,185.17575,9.526933,-47.521645,5.200139,65.83992,4.221411,-28.047153,5.154633,36.171585,6.972471,-16.85066,7.232811,15.16094,5.5013847,-7.596376,4.179931,3.4186735,3.468416,1.652788,3.088911,-5.596891,3.6941438,5.512313,3.2009635,1203.79073105718,231.4558600654767,1494.4293322336214,210.2033973899746,0.00025156472,0.00089380855,2641.4645378661544,0.009452382,0.00078890944,0.051054279654872387,0.008898780380703871
-354.3219,51.641655,161.44736,21.519817,-56.246643,11.810725,56.466908,10.2592125,-35.75086,15.706239,33.317516,12.848459,-26.041832,11.932355,15.595219,9.595862,-9.202045,7.8851643,4.242635,4.1079774,0.8279461,3.9657176,-6.054549,3.9870625,7.756203,4.36609,1745.3616753976512,599.2048136935414,1703.8440037866267,334.58988483756553,0.00061654573,0.00083661947,3581.2814380619197,0.008254663,0.0026665297,0.0991992640661253,0.04067274256080281
-378.51443,23.21042,164.65927,15.876091,-36.31062,5.9321523,54.076607,5.9159784,-24.74123,7.9720387,44.68607,9.517861,-9.777971,9.052635,21.110857,4.395215,-8.972417,4.908257,5.266222,4.384943,3.3399494,3.5835695,-0.65909344,4.724691,8.673514,3.3803723,1370.0622836646394,508.0592285598638,1672.4716168498187,252.491937532199,0.0006429951,0.006472086,2952.197152334687,0.0093504805,0.0013179843,0.05388767038863109,0.022614677480882167
-376.254,20.479952,154.80602,12.32296,-31.48158,6.1091104,42.481304,5.8592787,-41.52103,7.00152,40.78012,8.69395,-25.98155,6.0258656,25.614594,3.4580102,-6.6833005,4.579266,9.008158,3.6244102,-5.559497,3.940517,-7.5707917,4.2404923,8.802745,3.4155772,1688.0370468790643,462.7085122851894,1901.40493071819,165.47705251282338,0.00041537828,0.00071952667,3695.317484773782,0.00838454,0.0014695461,0.08468904074825986,0.019707897184804708
-370.2572,20.96269,178.02045,15.850972,-48.46412,4.636584,63.204205,4.92641,-28.207045,8.231771,39.592228,11.024679,-16.55878,8.983178,15.876565,5.851593,-7.16435,5.7214355,4.8214555,4.47125,3.5010478,3.133125,-5.8659763,3.3936927,4.4941983,3.9354165,1336.2493072341983,480.02712599090535,1560.468186366382,265.6862357327457,0.0003123039,0.0009103557,2864.590489504785,0.009645122,0.0009945148,0.057745205553944315,0.019327845470127836
-388.51645,22.118355,164.24507,13.350951,-34.05671,6.2822084,45.962574,6.3752236,-41.614296,7.133429,44.80107,9.370304,-28.428902,5.841042,25.658842,3.4485946,-9.688116,4.806052,4.7041492,4.2007494,-4.570085,4.2437434,-0.075691916,4.701924,16.946083,3.735556,1558.9322014729596,478.1716112567991,1817.4328050999793,186.55534125362612,0.00028882644,0.00024733844,3214.367647458672,0.008618355,0.0011859575,0.0743127809599768,0.018923201799873866
-380.66248,23.222536,168.22606,15.153332,-39.309647,5.5746093,55.637245,5.8283157,-26.766968,8.245439,46.741215,9.458477,-11.919484,9.28778,22.655401,4.576041,-10.983854,4.774811,4.7314863,4.4009085,2.0223596,3.5354555,-1.8510077,4.4668517,9.315742,3.18511,1367.2977915958952,500.5182950528635,1662.6880182570972,251.1483081958261,0.00036174274,0.0014516064,2914.1018683838456,0.009423362,0.0012815333,0.054932207076566125,0.019903316586219907
-420.0427,30.322702,177.80188,19.114182,-24.002712,7.1618667,58.39328,6.622996,-19.308565,11.298924,38.434734,13.859614,-10.670556,9.684142,21.338938,4.887907,-1.5821842,5.3859367,10.699893,4.4272127,5.914259,3.203668,-6.0616255,4.1697927,1.230194,4.1376095,1080.8899881972177,597.2063040010922,1478.760477816515,342.1609838083733,0.00016613069,0.00048539642,2243.1752215958527,0.009699575,0.00096716173,0.037099178871809746,0.02157344270007569
-371.02975,21.518003,177.32736,15.8017645,-45.838684,4.638165,62.39241,4.283677,-25.610918,8.121761,37.431637,11.098543,-14.937313,9.577552,14.906682,5.683063,-6.5614367,5.8605394,3.464074,4.719428,3.1433907,3.2445827,-6.192549,3.5079024,4.083029,3.6640112,1306.113974132053,483.23356853028133,1541.837435486156,274.8033592094042,0.00024750258,0.00026198884,2816.627902497825,0.009694982,0.0010402217,0.056365329538863106,0.02041036704694549
-352.58447,16.187546,156.50703,11.60678,-73.35504,5.920794,80.84748,4.398331,-37.80429,6.667781,45.63747,9.627234,-21.257828,8.404845,19.877756,5.364725,-5.7622757,5.3606153,6.0074263,4.442144,-6.9182906,4.123146,-4.9733586,4.451554,12.008366,3.6675363,1911.78863535174,388.1726650024111,1750.2118787087634,173.9909872709706,0.00061413954,0.00067257864,3932.7322904582365,0.008146853,0.000836201,0.11939666110788863,0.021215005710822066
-379.34418,21.605656,164.66437,13.2637825,-41.83805,6.5718827,44.33204,6.060632,-45.392174,6.833884,40.874058,8.934654,-28.90764,6.559731,25.299217,3.5158362,-13.262179,4.6530614,5.4972844,4.282426,3.0112638,3.7798836,6.3935165,4.676053,15.59682,3.7900217,1620.8437809596953,452.91972625176464,1793.0933079018891,186.0392396756658,0.00037424456,0.00047462367,3302.2990569714325,0.008305415,0.0011329578,0.08319247571055685,0.018618042112170566
-377.9744,21.891684,181.09543,17.160696,-45.896053,4.722317,60.867363,4.765174,-23.871502,9.34305,37.103714,12.1243305,-13.365005,9.533275,13.519159,6.261654,-6.0699587,5.605631,3.3969407,4.747313,4.2128673,3.0370493,-5.135609,3.5645773,4.862726,3.8678298,1256.0731850561644,512.0150645936083,1491.268898785681,291.11252343992066,0.00023603457,0.00041342014,2653.4801651319603,0.009795868,0.000964761,0.0525304524361949,0.018602161384571735
-378.95502,21.665466,148.96121,10.835886,-24.668015,7.783746,56.767185,5.028406,-37.092503,6.053096,46.211136,8.248557,-23.680946,6.5417,21.877872,3.630378,-12.683871,4.207402,9.782022,3.8875222,5.3969703,3.725252,3.605769,4.8810596,11.2864275,3.3809159,1648.4308418113146,435.5473829685054,1988.1419378600394,147.70617776519356,0.00031114987,0.00054359774,4008.573131162993,0.009907576,0.0014270742,0.061302521389211134,0.018864349125813827
-426.03262,35.84882,185.52287,23.478592,-16.945522,8.213347,47.29704,8.888718,-12.7195015,13.13547,31.778538,15.561504,-6.787104,10.656526,17.50591,6.2016644,-3.948331,6.0133796,1.72013,5.714111,4.3583508,3.4984498,-5.6849074,4.9289536,3.6542215,4.6645,993.017313672714,630.5996330518201,1336.8884686992074,400.8862381109724,0.00015672568,0.00045914258,1959.0468546077436,0.009431217,0.0019446907,0.03795338783352668,0.02292191930060026
-374.1622,22.38156,182.0185,17.009144,-46.487194,4.9088354,61.009205,4.956615,-24.985209,9.236854,36.58275,11.924334,-15.511195,9.6881695,13.275105,6.547669,-7.42092,5.6532226,3.7359037,4.403566,4.407751,3.164023,-5.286836,3.8176408,5.2077436,3.726688,1268.7708104786807,490.37590108008845,1497.3388782324873,292.40342694282305,0.00025710228,0.00047205054,2695.5723313333815,0.009711996,0.0010135077,0.05523355930974478,0.01952253837147126
-382.89957,24.89873,176.12144,17.17953,-44.76784,5.8871794,50.99546,6.942853,-29.959206,9.046894,45.69201,11.155281,-6.763928,10.124075,19.90231,5.760211,-8.992321,5.032777,3.2409801,4.6669374,2.4037485,3.8631213,0.18857172,5.035292,8.166069,4.7135324,1323.0813001400836,515.7855993281458,1551.7053626043173,278.95162583285764,0.00027113073,0.00042112774,2699.0945838167054,0.009042215,0.0017310493,0.06072474079176334,0.021371196091028166
-431.42664,38.135937,187.21213,24.054174,-10.261055,10.223736,44.367733,9.464203,-14.320935,12.087403,31.502457,15.664637,-5.7107863,11.624325,12.962513,6.0335937,-2.5115323,6.2949715,8.613127,4.2105985,4.9145164,4.0696344,-5.490408,4.2386756,4.612214,4.4209156,941.8739947325473,634.8083513192238,1308.906482543267,416.8733259839017,0.00012946592,0.00025134065,1823.2028191161544,0.009658191,0.0015986324,0.03349767981438515,0.02258241034152097
-375.33896,23.294872,192.89519,18.48649,-53.529274,5.6846814,58.738636,5.477626,-33.384895,9.827484,36.460278,12.41775,-20.741522,9.891965,14.033921,6.668097,-10.696338,5.957571,3.5928638,4.4165807,2.222485,3.1810825,-6.9696236,3.6808324,7.426191,3.7202146,1273.7052747397252,493.76898164924347,1446.2683207906941,312.79116250931304,0.00036209385,0.0021384244,2562.651015987529,0.009321025,0.0009736541,0.061301388486078884,0.01792503430104348
-392.6271,27.892506,186.56393,20.484015,-35.220253,5.3347354,55.396374,5.5154543,-16.874083,10.843077,30.473595,14.427029,-9.739976,11.020886,11.04515,7.2005024,-3.3877656,6.088454,3.815015,5.0213127,5.828379,3.3789625,-4.4409995,3.8831499,5.199818,3.9184253,1106.5026786734707,553.4657442708632,1380.8161622008047,354.4519627341002,0.00017133137,0.0002785944,2300.9801311448664,0.01000014,0.0012800278,0.04386374347447796,0.020007051225011396
-378.60995,22.684809,191.95505,18.577238,-50.483337,4.872649,59.56723,5.1414165,-25.570599,10.37829,33.935223,12.765152,-14.6388645,10.503749,11.67956,6.984039,-7.1831474,5.916746,2.226554,4.6406198,3.1658177,3.1006823,-7.173407,3.6122954,3.2225735,4.055648,1213.0600905335164,501.4085821680553,1403.8954284334177,317.7579326574197,0.0002204174,0.00035920503,2494.5291541292054,0.009603129,0.00092198956,0.055248287050464036,0.018763376710193673
-363.6153,31.680199,176.27258,17.244204,-51.962727,7.690314,60.435894,4.873496,-32.792778,8.356523,33.360588,11.658544,-18.794744,11.023655,13.989717,5.580693,-9.770172,5.802538,3.7019377,4.446213,3.5026278,3.4008684,-5.7970195,4.14259,6.2540216,4.0500035,1434.7185845104852,474.0565408374032,1568.6059898433025,267.08407781300554,0.00035815968,0.00042137728,3045.6742359701275,0.009083701,0.0029157917,0.07152810506090487,0.02165425297703142
-385.14618,21.286016,159.19655,12.605473,-35.001675,5.6616144,45.400124,5.7850466,-44.757153,7.100955,41.828316,9.265195,-27.504387,5.7353787,26.74197,3.377179,-7.021538,4.970793,10.271319,3.580209,-2.9749856,3.83988,-4.0841894,4.0108757,12.028291,3.2986007,1641.042426640194,461.17420012248215,1867.173991873768,173.0440102196064,0.00038952098,0.00080368784,3548.9566528603536,0.008262848,0.0012594085,0.07949467988689095,0.018342027794007065
-390.16495,28.065762,188.38664,21.26564,-39.03706,5.6565433,55.973064,6.3909645,-20.03143,10.860337,34.27986,14.174249,-11.547351,11.33359,11.317147,6.8208714,-4.892813,6.3947415,4.2561398,4.6970706,6.2730036,3.0222352,-4.7627063,3.989301,4.3745847,3.878568,1135.3136985194758,573.1334280113263,1393.368850180162,357.6578750091745,0.0002461045,0.0010421695,2326.260411379785,0.00995451,0.0011402403,0.04555290204466357,0.02068089058754878
-369.3639,21.464485,185.30264,17.497896,-43.046566,4.5382166,53.63505,5.520267,-29.455662,9.61876,32.57589,11.90681,-18.790312,8.882657,10.275331,5.989473,-9.776188,5.390153,1.6393826,4.5202312,2.056243,3.12818,-5.269131,3.9236166,4.775231,3.838838,1261.2527835404305,496.46379159562247,1464.3679236425003,301.9227116769261,0.00026314188,0.00049516594,2537.2458331822795,0.009632942,0.0012044074,0.059324472520301624,0.017978480246812364
-427.8075,36.098576,188.50374,24.05004,-14.211761,9.404047,45.752964,9.344075,-14.613853,12.1452465,36.904808,15.031351,-5.5050254,11.732731,12.488993,6.345623,-5.36531,5.8856735,8.188824,4.67617,6.6566586,3.5745916,-3.6406295,4.42027,6.300965,4.2620873,956.7391071340875,639.0574138335818,1320.9451345780842,416.6005706388199,0.00013381995,0.00026373955,1881.732163573086,0.009747599,0.0012421621,0.03573289769431554,0.02414443681716503
-416.70126,31.681438,174.57207,19.298319,-20.223019,7.1695967,57.151646,6.803312,-18.729708,11.112124,38.228737,14.048134,-10.011556,9.487414,21.417856,5.026867,-1.7815312,5.2134895,9.770996,4.423487,5.3247824,2.9350398,-6.18354,3.7701316,2.6425812,4.029193,1093.8339794373946,612.4156376535013,1505.5566490009123,347.32132153939455,0.00018461142,0.0004798131,2258.962906485644,0.009709542,0.0010746692,0.038128987819025524,0.02118872117323786
-385.13733,24.749763,190.1684,19.317198,-44.43709,5.1127934,59.579166,5.269082,-25.295383,9.633321,34.7743,13.301268,-16.214457,10.737318,10.897617,6.5361524,-7.6303463,6.108966,2.4506793,5.0693135,4.4723697,3.2756088,-4.4129477,3.7865918,5.119831,3.8177047,1181.7411878594846,533.9171999812545,1413.714364167044,327.00685236119216,0.0001945479,0.0002572336,2420.0122806699537,0.009776645,0.0010131147,0.050883211281902554,0.01949344818426734
-378.46262,20.474905,162.51175,12.228083,-35.39824,5.6019335,47.723915,6.0173826,-42.720325,7.0103207,43.912296,9.022745,-27.138235,6.31771,26.192556,3.1320841,-10.116561,4.581012,5.118818,4.16726,-3.6193037,3.7969143,0.036397744,3.867037,17.026037,3.5847995,1601.1619150193676,447.514755229253,1845.055919557577,175.46236725023735,0.00038109653,0.00074304757,3427.201627302059,0.008566004,0.0012218128,0.07800604517111369,0.01738757354095118
-383.57663,22.748253,170.08313,13.427853,-41.685883,6.3423147,46.703068,6.51105,-45.137318,7.5420876,42.813152,9.278094,-30.692245,6.989974,25.349092,3.4415581,-14.150203,4.4237514,3.6803567,4.3964543,0.86628556,4.035088,7.2553644,4.9475183,16.146242,3.867959,1560.5232414036564,462.46105824673396,1762.7926120456623,196.72400094555513,0.00033875255,0.00034511604,3101.9053731329755,0.008307994,0.0010835837,0.08093799847737819,0.01900998992590861
-383.64807,22.054836,164.6469,13.911274,-42.48753,5.3664284,45.47008,6.2581706,-44.062817,7.9456344,41.650314,9.529421,-27.746876,7.0107784,25.474665,3.3941376,-10.868343,4.5273438,6.7576375,4.54972,3.5472426,3.5796926,7.958546,4.6662745,16.70238,3.3768978,1609.9926274826933,489.33275722087075,1772.9170439438908,204.3841237256407,0.0003579128,0.00042866985,3236.600304977523,0.008209483,0.0010037948,0.08475814783932714,0.018128329009282428
-383.50098,25.007439,184.92213,19.475643,-41.86148,5.1463947,54.884228,5.156761,-20.640944,10.139263,32.68956,13.34274,-10.773825,11.324227,10.897526,6.5217805,-4.96362,5.782043,3.2602737,4.7862062,4.845387,3.416514,-4.253364,3.8492587,5.995588,3.7075117,1177.0867656975834,535.7677753352585,1416.5673696598008,329.70846466155155,0.00020571928,0.00035325793,2442.0950551044084,0.009827207,0.0011565996,0.050109438442575406,0.022475821736017667
-366.22818,19.026876,146.70345,10.540097,-32.80937,7.0918,52.142937,5.5247517,-39.4822,6.354015,42.79859,7.965751,-24.624731,6.323568,19.536695,3.9057212,-11.1065855,4.4487367,6.3486376,3.8770556,0.98443645,3.5981994,0.22584577,4.1447225,11.304809,3.5700123,1769.7624301952299,416.7189695912824,1972.8243605058585,146.16197703733278,0.00041315352,0.00040777423,4153.609995830917,0.009147797,0.0016272328,0.0732580481438515,0.019143308307478152
-375.18234,21.171482,154.99103,11.777845,-36.539467,5.978601,48.50599,4.926395,-42.541435,7.1055484,35.554447,9.51053,-26.648434,6.5766177,26.68182,3.8310916,-6.3851023,4.82775,7.4145985,3.969756,-0.6819289,3.2698107,-10.705571,3.6345615,1.0853478,3.934021,1676.0337933982482,450.8885797042282,1841.4416035169913,178.19456392644904,0.0003759274,0.0004280338,3582.8052494199537,0.008734113,0.0013583468,0.08414524724477958,0.01885092048607412
-358.23322,16.319288,158.68823,10.924108,-54.486008,3.4571106,63.522675,4.5288424,-36.25651,6.8842764,53.695503,7.9055758,-18.764524,7.170027,27.634272,3.6208944,-14.745538,3.878647,6.190049,3.9223597,1.2966309,3.27586,-1.0480615,3.8919175,9.324206,3.1754115,1707.9434939060693,399.7722515358033,1855.880333954029,173.16516536581472,0.00048103204,0.0005557686,3766.137242151247,0.008922864,0.00093058316,0.08158941777842227,0.017928216229290358
-389.18735,23.581667,160.15779,13.274024,-33.740906,7.8447623,44.31072,6.0923724,-44.607075,7.4025927,39.33997,10.187018,-28.430468,6.3316274,25.72662,3.6835353,-7.6376443,5.022815,10.762832,3.7625716,-0.2259103,3.9112291,-2.4660785,4.271699,12.952207,3.2004013,1602.6911860313412,484.3037530750499,1835.760853006252,187.63016741450875,0.00033436774,0.0007234522,3374.2928985100057,0.008613552,0.0012596054,0.07469003770301624,0.020436375574919854
-405.8873,28.2898,173.12463,17.486647,-26.900545,7.2947965,62.3103,7.4866505,-22.180214,9.998364,44.617912,11.676507,-15.528114,8.773411,16.8122,5.241569,-8.550131,5.5102153,4.882348,4.7819867,2.773731,3.3289096,-8.223546,3.7441952,6.6555476,4.0222197,1202.9970773488615,561.1074120036607,1587.4423522206305,305.4741843610704,0.00019601244,0.00029135775,2560.5776333200406,0.00940137,0.0009926219,0.04229920424883991,0.021842232069180716
-379.1316,21.47478,164.48169,13.743945,-40.205772,5.9879937,45.12219,6.4586864,-44.013824,7.478517,45.37261,9.133865,-25.997084,7.100271,26.477577,3.3357232,-13.363621,4.446242,4.566946,4.69766,1.2475114,3.465724,4.6785603,4.339293,15.644792,3.444922,1613.2391577268,474.57116055417004,1813.9248119200186,189.23435649701057,0.0004102867,0.0009830531,3323.9321821526974,0.008455843,0.0012185831,0.08163813261310905,0.020341703941518706
-361.58264,19.142609,179.87854,14.452725,-52.153744,5.991712,65.26217,4.208128,-33.91802,8.474417,38.345333,10.770632,-23.432606,8.316365,15.6391,5.2955623,-11.76809,4.9431396,4.129151,4.4784703,2.3023896,3.2316625,-5.3174367,3.7309275,5.6601973,3.5830593,1401.5976138529977,447.3326501753912,1588.637410861005,252.83201467726204,0.00031738516,0.00036290026,2988.543800300899,0.009548158,0.0008470773,0.0656200152262181,0.017642214115712235
-383.26035,25.531754,195.92688,19.859453,-50.25525,5.4201503,56.496773,5.483582,-26.965914,10.28291,36.516735,13.889721,-13.910404,10.836027,13.236442,6.841816,-6.6057816,6.4297347,1.4530511,4.805815,3.147194,2.9776866,-5.9716144,3.7476513,4.502001,3.8911483,1179.881347280264,526.4659205153655,1377.424024116754,339.4806483263175,0.00019059498,0.00023922372,2385.7140348571634,0.009635959,0.0010901296,0.05426266132540603,0.019135088058430026
-365.78842,17.861242,163.96782,12.176608,-48.593647,4.117603,62.030083,5.0867405,-33.347633,7.204762,52.33485,8.775365,-16.592443,7.302905,26.119902,4.2515516,-13.820672,3.8170989,4.7627563,4.2562037,0.9992927,3.5081766,-1.3145894,3.9696753,10.122288,3.2619987,1556.4248394885844,428.35614197249333,1790.6651430768113,195.78070066025813,0.00043535008,0.0010390659,3432.772281938805,0.009099396,0.0009951609,0.06861994272041763,0.01740165910862649
-368.7814,20.814,177.47821,15.818386,-47.36344,4.897079,62.523327,4.955688,-27.418133,8.151863,38.457,11.629603,-15.504364,9.523995,15.259858,5.837691,-7.300242,5.285587,3.4641006,4.7429667,3.6261759,2.9050827,-5.5586605,3.8063703,4.8379025,3.7632792,1333.6856505077185,487.6671863523493,1555.072999018999,272.72393085368867,0.00029284068,0.00061312853,2876.9058829393853,0.009661814,0.0010570795,0.058179107453596286,0.020240692950580192
-382.73297,23.29629,190.83934,19.174429,-45.069397,5.634556,56.65744,5.891907,-26.235737,10.336123,33.77948,12.6813545,-14.263608,10.050353,11.173037,6.710879,-7.128689,5.9388847,2.2564554,5.0534883,4.169068,3.195876,-5.052554,3.9705086,4.753764,4.1673408,1184.5725257589672,517.3140056593448,1403.5712950254663,322.23034411188866,0.00022320643,0.00043961714,2400.552460212442,0.009589185,0.0009854247,0.052975683367169374,0.01873769888402824
-397.98087,30.611563,169.95627,19.171448,-31.595789,6.9182673,51.769894,7.0300627,-23.222864,10.23408,42.405704,12.624205,-8.005542,10.736775,18.485233,5.2913237,-4.611992,5.9270787,0.8324939,5.710983,2.3243036,3.4673629,-3.78642,4.51272,5.006915,4.291924,1268.9442300115288,601.9788526889894,1563.523685239462,318.79272358625565,0.00023376351,0.00048512008,2637.2678115030453,0.00939503,0.0016827026,0.048350039878190254,0.02380678264466993
-410.20453,27.828043,175.25148,18.215605,-27.520327,6.864886,64.027954,6.55935,-21.224165,10.069893,44.45307,12.2964115,-14.294956,8.888868,18.308138,4.980207,-8.105392,5.85568,4.8288794,4.781977,1.4982004,3.6301627,-9.640047,3.5567532,3.6549811,3.83457,1161.5673979720639,567.5611826497434,1552.4118342014358,317.5956167031213,0.0002258178,0.0009643874,2464.927244960847,0.009535477,0.00085258664,0.04068028567285383,0.019836849032721402
-337.5711,14.167722,138.18538,9.067283,-88.896805,6.624305,82.38447,4.8397903,-51.873142,5.652523,49.99968,7.637182,-33.946644,6.8113503,29.982206,4.868411,-16.867834,5.1464396,11.74586,4.4550347,-1.8288399,3.3627822,-7.3419704,3.5620668,8.228486,3.470131,2452.333796086262,303.04975181335413,1927.3648445892159,101.34108655840747,0.0015362739,0.0025628754,4659.115678473027,0.007106711,0.0010060724,0.1793068445475638,0.022835369565904106
-344.8945,17.813602,150.92412,10.508742,-108.35566,8.253187,58.124798,4.9474044,-54.889324,7.0012074,39.27523,8.471082,-36.67523,7.3620267,21.366161,5.4085197,-16.350899,4.7271085,6.249772,3.7535782,-2.3199415,3.362701,-6.151448,3.7533846,7.3462915,3.6080098,2159.492692273251,325.89872214713375,1645.9910175389941,174.58229156309807,0.0009999815,0.0012436196,3909.05076312355,0.007292226,0.0013744439,0.1566442502900232,0.01561818368030137
-378.88037,21.238237,170.23372,14.034967,-47.231754,4.8404512,59.568977,5.4608574,-33.287155,7.69929,53.35045,10.24969,-14.696187,8.204431,24.550953,4.6127667,-14.092995,4.073015,4.646104,4.448591,1.55911,3.469411,0.1846736,3.8654783,10.02194,3.3185027,1451.4682567919708,477.8054287823003,1706.5346184754956,226.74266838520734,0.000318258,0.00045449066,3104.178599912993,0.009049615,0.0010450587,0.06453469402552205,0.02030757852135906
-371.47577,19.954403,178.33197,15.207423,-47.787373,4.524004,63.692135,4.712303,-27.89162,8.615777,38.75068,11.151048,-16.497698,8.868593,15.088388,5.9362035,-6.7308245,5.6137686,4.371778,4.7181153,2.6083713,3.2854645,-6.382729,3.490262,4.6239405,3.7450867,1326.500820842446,472.3420225157221,1554.2661784423447,270.838058543063,0.00027203464,0.00041810537,2857.6209260803366,0.009597206,0.0009862449,0.05674938370069606,0.01759820080788773
-384.4338,22.449768,156.15353,12.817056,-32.134846,6.7375646,53.589653,5.7254267,-38.120434,6.9356675,42.860935,9.568533,-26.55441,6.51568,20.497938,3.7369967,-8.711457,4.483656,13.266524,3.7268765,3.8212454,3.2114387,-7.640565,3.7968752,-0.21643187,3.80971,1586.4469121278405,477.7459077341046,1856.879280348846,183.16596117384296,0.00029573613,0.00043789763,3544.410199300319,0.009289069,0.0012498584,0.06423334179234338,0.019382395336784174
-369.48856,19.609438,178.43414,15.105357,-48.815464,4.07183,63.638256,4.2720637,-29.15977,8.291572,38.411125,11.071751,-16.344494,9.047151,15.226984,5.529212,-7.3483653,5.525926,3.768124,4.247813,2.8145988,2.9930413,-6.083574,3.5410225,4.8721647,3.6319015,1339.3040803037395,467.3077026260045,1556.0167216548668,267.82990276334004,0.00027652975,0.00039689295,2887.9222896425463,0.0095712645,0.00085988693,0.058288999057424594,0.017568321222898385
-372.35373,21.271809,181.28549,15.867182,-49.254005,4.444199,64.42235,4.6691885,-29.695505,8.506149,40.29054,11.65845,-16.771317,9.563236,15.897896,5.602406,-7.994773,5.4844112,4.342129,4.4465666,3.2643507,2.923985,-5.7481976,3.7909067,5.4008484,3.649427,1316.0965575501252,486.9341806601153,1542.4667366369208,273.32282563634215,0.00026728312,0.00042526156,2820.799648346868,0.00968999,0.000985143,0.05738720816415313,0.020121047077446167
-336.54108,14.793262,153.19455,10.589592,-60.070377,4.903653,70.29727,5.8009353,-49.403484,5.8517365,43.178837,8.83261,-23.34127,6.8994045,23.046793,4.7632704,-8.416139,4.828527,7.969865,3.6688323,-2.6625636,3.3969321,-7.498375,3.8406937,9.842606,3.3487916,1935.217949619856,355.62247067398835,1881.4824786733857,152.6415212340106,0.0007082778,0.0007324396,4171.1213361912705,0.008752827,0.0013075154,0.11129640371229699,0.019287746528908082
-382.70395,23.113806,173.2774,16.25048,-43.314934,4.813352,54.189365,5.6537633,-27.628513,8.945369,46.487644,10.831822,-8.633666,10.171139,18.90625,5.428858,-8.666583,4.743068,4.628205,4.4459095,2.8101544,3.6621351,-0.11460117,4.401459,8.630955,3.5001721,1333.2084662151206,528.951622760935,1588.7850940549554,270.8560046285175,0.00026751583,0.00044011668,2784.4280198665892,0.009156708,0.00127285,0.05511347157772622,0.02100614232287402
-377.47086,19.678562,162.36632,13.470643,-42.138023,4.474522,59.03059,5.2898593,-29.83142,7.787562,49.819378,9.403707,-12.787591,7.8757434,26.227201,3.6860666,-10.282548,4.299751,6.549226,4.2839446,3.1504524,2.9680293,0.65815014,3.8499541,10.279659,3.3685262,1469.842840032321,476.6143298730231,1763.4851418974617,214.93419817953188,0.00033441867,0.0007307217,3249.6151528059745,0.009300313,0.0011121554,0.055336653494779585,0.01794255986252189
-373.04538,19.557611,156.62355,11.028595,-35.831093,6.92638,58.886974,5.8561277,-40.865612,6.708425,53.630276,8.173392,-29.602129,6.6859407,26.499027,3.8444214,-11.7263565,4.0762,13.004965,4.2935076,-1.6741048,4.03569,-4.9704146,4.8509045,2.104748,4.029454,1730.5602035406966,425.9856691251096,2004.444759293622,137.59444772092746,0.00044569376,0.00096369046,4104.748110317575,0.008827446,0.0011004125,0.0792001250725058,0.02123483857723263
-433.647,35.780388,187.8067,22.8435,-11.131555,8.138255,48.309338,8.447321,-13.658318,12.80436,32.304863,15.427556,-5.542869,10.8281355,16.089554,5.7387886,-1.5093671,6.0687275,4.6115828,5.1154914,2.635863,3.58672,-6.027439,4.346862,2.674257,4.297827,924.4696799893906,616.0538523578119,1300.6067952747921,403.2662409996531,0.00012278158,0.00025420377,1786.5314244670824,0.009542308,0.0012167711,0.03259702182424594,0.018827014147370605
-333.706,11.883473,146.22426,9.10049,-84.23412,4.2325106,73.43837,4.500252,-61.80833,6.344929,47.62943,9.892364,-33.503754,6.499487,30.79788,4.5800996,-17.115978,4.44386,6.3271675,3.7481558,-7.2466245,3.8564994,-9.8843355,3.7984831,11.274464,3.950553,2329.764989070499,312.5736270629917,1928.9313494589185,112.08910499055088,0.0011771265,0.0008373768,4571.209249474333,0.007619393,0.0009411024,0.16022988870359628,0.020106495734464117
-424.8217,31.025917,179.06956,19.7933,-19.526243,7.1545815,60.428207,7.2958827,-17.794336,11.342639,41.944324,13.358218,-11.993792,9.549566,11.831369,6.407785,-5.612386,5.600609,15.044505,3.3958535,6.4562826,3.484444,-6.191232,3.656042,4.9765453,4.4841504,1047.537929318523,606.9897072197253,1466.4754455034197,354.70234177453557,0.00016345317,0.00034889564,2149.6231964182134,0.009519978,0.0011756356,0.037266848535382834,0.022096187823943757
-385.6808,25.456457,171.03128,17.212347,-37.984837,4.883414,56.225933,6.125068,-27.449835,8.802041,47.57701,11.490408,-9.796659,10.273104,20.910854,5.08805,-9.81931,4.9164557,4.5430393,4.694256,2.542915,3.4613304,-0.5240513,4.4107647,9.602852,3.5352314,1331.8467286676978,564.8470691730147,1628.292018860373,289.061599583005,0.00026394604,0.00037809875,2815.878487075841,0.009374282,0.0011804863,0.052288011165893274,0.02232028586766364
-376.09082,21.078402,159.64925,12.337629,-34.74021,5.6115327,47.21774,5.2273498,-42.936333,7.138815,43.487556,8.876586,-26.551033,5.7682657,27.37442,3.9207518,-6.5254517,4.6614704,8.69815,3.8331323,-4.6926937,3.528608,-7.8223915,4.1383786,7.54569,3.5407078,1638.2899531862872,451.64293511838895,1872.4871445922722,173.78484562477604,0.00044509405,0.0015943638,3580.2322564711426,0.008577296,0.0011740797,0.07892709541763342,0.016594679927632708
-382.52893,24.323242,186.64632,18.732868,-41.60874,4.818959,55.094048,5.6459317,-25.385662,9.772883,32.34634,13.177577,-13.844554,10.353646,13.273265,6.330415,-2.1792583,6.084833,4.8295026,4.3600516,5.142139,3.0341597,-5.579708,3.7896056,5.0186057,3.6736884,1191.6964116810252,532.325280231624,1429.704777703552,322.1866041113351,0.00019854151,0.00029035556,2447.440885114559,0.009840954,0.0010372268,0.04957810687354988,0.018630128474831625
-375.66025,21.198671,183.65594,16.480852,-48.386726,4.508782,62.026596,4.688967,-27.373886,8.996988,37.732304,11.715178,-14.776568,9.504077,13.9897995,6.326666,-8.009557,5.3980246,2.726053,4.7375665,3.864115,2.9645045,-4.1910706,3.5629003,6.342824,3.8690326,1268.0446747175756,484.21771785597576,1494.5298264513572,288.8465529657729,0.00026248748,0.00065830763,2687.803391458817,0.009646932,0.000938026,0.054703360643851506,0.017244233450366443
-365.6784,17.98717,152.6707,11.397669,-44.256027,5.613045,60.382866,4.6429067,-46.013695,6.322022,38.30987,9.628755,-23.27364,7.267413,30.225077,3.5599616,-13.649368,3.7809522,12.248025,3.8965821,3.5363085,3.4619474,-15.86424,3.3275783,1.4429071,3.6021287,1808.049154460077,429.84250166081284,1912.0688981797255,156.09595999188844,0.0005445404,0.0017499516,3887.467598970418,0.008707569,0.0012342226,0.08855790494489559,0.0181177285580527
-402.22623,28.109915,171.92369,17.305996,-25.551777,9.042549,60.986908,6.1539607,-23.575315,9.51309,42.16426,12.085394,-15.9803095,8.227374,16.57944,5.6034307,-8.357952,5.969318,4.750953,4.6723013,2.4741335,3.0673068,-9.7190275,3.5078158,6.4803123,4.084629,1225.6018468679688,556.0751180649788,1603.9972690138443,302.09996958599476,0.00021107872,0.00039704677,2616.883712025087,0.009470916,0.0009254401,0.043666618329466354,0.01989933957957179
-381.6434,24.108717,186.71512,19.13326,-44.618843,5.487726,56.91647,5.387295,-23.147808,10.300162,34.905197,12.839641,-12.066993,11.131781,12.288061,6.6765385,-5.83214,5.9980974,2.1520927,4.7913637,4.0483184,3.055295,-5.986636,3.9148176,4.3557453,3.9763176,1205.548217204592,533.1702985803682,1430.5363939674528,328.8152934302378,0.00025538338,0.0009522284,2500.29965287848,0.009676681,0.0010082339,0.05233899180684455,0.02024273168102042
-390.58472,23.748774,171.97928,17.143602,-37.815376,5.330098,47.722694,6.71886,-23.379183,9.4580965,44.770554,10.862643,-4.2894745,10.254813,16.828575,6.2275896,-7.6816635,5.0930533,3.7822857,5.2161818,2.85018,4.0127573,0.823394,5.1896644,8.77209,3.998367,1285.1786729632186,523.7101549585743,1544.7610438512504,293.9291809229871,0.00026860664,0.00062970934,2600.8961830227668,0.009058715,0.0021612756,0.056912521751740136,0.021101706584105377
-383.27414,25.531445,176.94946,19.112701,-32.995728,5.0085654,48.911575,5.4596252,-13.447101,10.741083,28.155539,13.457765,-5.6480856,11.09478,8.468719,6.776943,-1.3347098,5.801795,2.2665048,4.5350585,4.5958962,3.3792374,-4.708982,3.908642,4.381976,4.011404,1166.3288148622078,546.1722894099088,1416.071934815138,331.75679478518583,0.00019097938,0.0002731972,2422.2355464218385,0.0097148325,0.0016928237,0.047835701856148494,0.020979865164810492
-415.25076,29.420284,179.79419,18.413576,-23.781242,6.9662576,59.56084,7.2599297,-21.46847,10.677373,41.719208,12.69505,-12.519969,8.738448,19.638033,5.2569203,-5.400035,5.639681,6.872143,4.605732,3.2215562,3.2878258,-7.049428,3.4900823,6.0844836,3.5502899,1086.7261812929048,569.1455308232104,1496.0685302183206,327.33392251048457,0.00016313071,0.0002837946,2236.705268452726,0.009610872,0.0009789603,0.03730310143561485,0.01945060711129689
-373.56177,22.56357,186.9208,17.792852,-48.45605,5.052329,61.842197,5.1905518,-31.956898,8.758733,35.923717,13.168264,-17.485338,9.861898,14.588244,6.2990766,-7.3079166,5.60175,3.0668514,4.681213,3.2177067,2.8876042,-5.984935,3.633364,5.56961,3.7893956,1281.811962927824,517.2285652443406,1488.7178373071965,305.486631648022,0.0003048393,0.0009871046,2680.084412612384,0.009563965,0.0010377697,0.05765457330336427,0.01842115758602037
-390.29935,22.59515,161.6549,13.461808,-36.84771,5.322231,41.869507,6.446813,-41.155838,8.127262,38.97953,9.088979,-26.615984,6.807908,22.018988,3.6460161,-11.488179,4.837105,6.785516,4.499045,6.1414137,3.3815627,9.740144,4.1449895,15.223987,3.4258332,1553.4236941723184,467.77160808548507,1751.5162706182805,210.43869284661184,0.00028835837,0.0006457857,3088.415895537268,0.009073791,0.0011567743,0.07559069569315545,0.015151099771295286
-335.33798,23.929192,155.98872,11.35238,-74.75379,4.294957,70.061226,5.4433384,-61.14783,8.7817,42.98784,7.8756976,-35.428307,6.7644043,28.567476,4.402146,-17.629858,4.353874,6.133396,3.8862216,-6.894247,4.1317005,-10.398999,3.8640492,6.0309677,3.2325435,2106.583655323357,327.0139521355027,1916.6347402659142,125.63577122268083,0.00102479,0.0012423161,4368.842105024652,0.008199891,0.0017761443,0.12936394286542924,0.020272317747467242
-377.1472,21.492367,181.66408,16.242462,-46.020523,4.4257846,61.65104,4.518758,-24.896235,9.176303,36.503212,11.3071575,-14.271486,9.323199,13.790049,5.6938243,-6.941886,6.0422063,3.0954812,4.8437886,3.5741568,3.0597231,-5.4386067,3.5575793,4.6286893,3.8310184,1255.8848610351595,481.6812180451489,1495.3795576717905,289.8276548665144,0.00021977896,0.00025206702,2679.110172563805,0.009692473,0.0009796264,0.05222910020301624,0.01669351413767558
-350.04178,14.341386,140.78941,7.869108,-50.390095,4.889624,69.611046,4.2441916,-44.024014,5.2075367,59.579445,6.4214334,-27.546589,5.883396,32.78486,3.6592212,-13.422233,3.7609866,10.309892,3.7091086,-1.3778297,3.3980856,1.6898983,3.9378407,8.669441,3.5758286,2167.391292255326,322.2231528812635,2185.542183373993,80.24172639411746,0.0009050676,0.0019974315,4929.954411977958,0.008170296,0.0010163914,0.11140063080046404,0.01911854169686666
-381.8748,22.779034,163.81116,15.132631,-34.945473,5.2055655,56.50362,5.7462473,-26.674145,9.0535345,44.837208,10.459753,-12.274249,8.403954,23.094002,4.467658,-8.466993,4.6491756,5.99903,4.7053046,1.5402277,3.241398,-3.2491045,3.9517634,7.0877104,3.5918438,1390.4470795915202,514.6165335617267,1709.152907404886,250.10832610622518,0.000287202,0.00039292636,3040.028639791183,0.009306125,0.0012740531,0.05280914660672854,0.01963979056204489
-384.93445,22.156538,172.50993,14.608428,-41.31024,6.1292276,48.108047,7.388973,-43.590054,7.579712,43.487965,10.231432,-29.851849,7.0047574,24.863163,3.9202182,-15.50633,4.442737,3.8541648,4.4965944,0.70680946,3.8711548,4.7275147,5.026095,14.63044,3.6535444,1519.9673475427523,491.2031068613421,1739.0564527236459,217.21688320230876,0.00036311662,0.00083724613,2991.516481474768,0.008468564,0.0010467924,0.07642337949535963,0.019759802195276323
-382.6611,20.386353,157.39558,12.007376,-31.568312,6.4461136,57.635303,5.488091,-43.828117,6.2968454,44.32335,9.058455,-25.173157,6.956694,22.691877,4.297383,-9.817478,4.999544,16.330626,3.930705,1.8277186,3.6900618,-5.5281887,3.7298865,1.1050742,3.8242736,1616.3503501215375,445.91718293361885,1914.2643619358923,170.1835367051712,0.0003288199,0.00059069623,3790.9428926189094,0.009236058,0.0010218541,0.06611962550754061,0.01824785401087878
-379.691,21.189846,169.01575,12.819482,-40.55594,5.235612,44.585407,7.388058,-41.305283,7.7625537,47.307926,9.102916,-26.722076,6.6531057,24.819912,3.6555767,-14.816891,4.1177397,5.971958,4.461162,-0.6750528,4.0286813,3.6192114,4.448695,15.379326,3.4357166,1555.6526389993412,451.56698876884093,1782.0855588758036,193.31138232321163,0.00033807263,0.00041260256,3110.898358196781,0.008492826,0.0010989229,0.07921145410382831,0.018006203431861875
-402.26318,27.049809,176.01918,17.28335,-31.981455,6.342,63.48064,6.143082,-24.408625,10.297749,44.871716,11.700162,-15.8724785,8.60217,21.984806,5.1850514,-5.8830714,5.6917415,7.5653276,4.9419727,1.3206879,3.2977257,-11.452418,3.2767797,2.184101,4.0030303,1211.8310979295666,551.1706076759228,1581.4477698749004,305.4754843012074,0.00022665685,0.0005198691,2573.3176954937644,0.0094562275,0.000926887,0.044419998912412995,0.019886855088300456
-386.76788,23.050915,167.4272,14.225529,-42.2814,5.307113,48.570385,6.4293537,-45.40368,7.769999,47.403267,9.25463,-26.9362,7.383297,27.191528,3.577657,-13.363238,4.7148533,5.4319415,4.53495,1.5298532,3.543012,4.504427,4.3192644,15.245249,3.5922017,1601.0654023415561,507.5282978629603,1801.863764348458,203.88553679159557,0.0003842322,0.00062354986,3289.983663536833,0.008016746,0.0009695544,0.0795875779437355,0.0211569164017731
-390.7794,23.203571,181.4242,16.93556,-41.505547,4.156905,54.16096,5.9277787,-30.931822,8.866438,45.851948,10.846128,-7.58054,9.974804,20.02679,5.1349487,-10.03078,4.956884,2.8476052,4.5601063,1.5257938,3.426188,0.84373975,4.4242167,9.082593,3.290128,1242.6989674396596,516.9482059224073,1515.462845707091,292.10504248169565,0.00022636786,0.00033292154,2508.243456351508,0.00922331,0.00087282865,0.05632001341357309,0.018017290577987007
-380.76022,21.793716,164.77219,14.484373,-36.472477,4.6297092,57.017147,5.63463,-27.408447,7.895659,47.22804,10.22086,-11.797209,8.618418,23.484503,4.3214064,-9.027054,4.3362794,5.9565153,4.9620476,1.9943156,3.5310338,-2.1508057,3.8876631,8.035236,3.2972255,1390.2900104420244,502.16821735712045,1712.4470247754375,240.5895421053577,0.00029975912,0.00063494017,3042.8264573665892,0.009355393,0.001212642,0.05264374274941996,0.02049417470097776
-378.02756,21.718435,181.84074,17.525593,-46.374874,4.360224,62.666424,4.61074,-25.914133,9.056424,37.991932,11.98523,-14.450449,9.324368,15.811221,6.104306,-5.691942,5.901572,3.7510698,4.765172,3.3405128,3.1287177,-5.921269,3.3442643,4.6711287,3.8964078,1264.230424951442,497.26835505786084,1506.4699125921584,297.15953068862143,0.0003137956,0.0014842751,2701.992323448376,0.009695832,0.0009009219,0.05273550790313225,0.019356611051898003
-372.78397,20.498425,155.8429,12.144252,-30.056087,5.785655,43.066723,5.5781074,-41.37866,6.7835884,38.138107,8.940723,-25.386759,5.892662,23.376955,3.6002853,-6.131813,4.1974974,9.873813,3.789764,-1.1481295,3.7487364,-6.6786776,3.9948204,6.413987,3.455539,1628.5530094589803,450.20021247870517,1861.006396559378,176.9285645881158,0.00036540005,0.0005775315,3556.2259824535963,0.008992432,0.0013283076,0.07894635477088167,0.018180263288354016
-408.64587,28.414919,179.25465,18.745459,-19.666473,5.960115,56.107933,6.7869506,-21.139315,10.1682625,35.834908,13.307331,-12.2852745,9.543724,10.101616,5.966604,-7.8812776,5.4241204,12.484005,3.6997955,5.896643,3.7487433,-4.25683,3.6952105,7.051405,4.132784,1090.5229596256686,562.1845455519725,1478.8607379025498,340.64663731743195,0.00016962091,0.0002658961,2216.2712079466355,0.009358561,0.0011110547,0.043726662195475635,0.022243507688684733
-384.93524,21.893751,168.036,13.157695,-41.07013,5.5102844,47.349243,6.376676,-44.839962,7.6702313,44.87668,8.819849,-29.220354,7.0434566,26.148245,3.8909473,-14.429171,4.330139,5.135974,4.3841105,2.668978,3.6156018,6.061813,4.932699,15.654225,3.40678,1582.6308048846743,469.6327917374124,1793.2319903023763,198.24823368438516,0.00034279897,0.0004263862,3206.398863471578,0.008415726,0.0011344794,0.08009511854698376,0.02040080410548245
-363.19592,20.618961,173.96393,16.422956,-43.804745,5.356807,56.871857,5.8686833,-26.14289,8.674155,32.928944,11.254771,-15.18963,8.608418,11.134066,6.0369253,-5.1390877,6.08822,3.430468,3.9118237,3.9052997,3.241039,-4.895545,3.7938483,4.8897295,3.7900133,1349.6686795279415,465.92217773565756,1545.6690554172567,275.62181784735543,0.00027523478,0.00028196612,2864.2157817937937,0.009543689,0.0012688915,0.06138975493039443,0.019219215649430733
-372.24072,21.677753,181.94217,16.421276,-48.34878,4.94391,65.68755,4.660113,-31.317162,8.8097725,39.04159,11.913215,-18.763376,9.420563,15.912347,6.207722,-9.656186,5.6598973,3.7858937,4.314025,2.4517097,2.88628,-5.874119,3.4375548,6.169606,3.7838726,1318.2155093441818,508.13738053668425,1548.6858846049522,289.95997699519427,0.00027740782,0.000515329,2830.891776029582,0.009837063,0.0009516398,0.057405334614269145,0.01872961001320827
-383.2531,27.70726,155.62811,19.882214,-24.419695,7.3651423,59.811844,8.662026,-36.04387,11.446073,49.950157,11.28371,-17.784056,9.786169,23.603783,5.951569,-11.087764,5.731914,7.9383736,4.458076,-0.026286857,3.940718,0.23269944,5.185199,5.679801,4.7156053,1609.0929546351458,552.9790529795957,1930.863419140702,371.17083707695036,0.00038126655,0.00080575387,3836.8570774724476,0.009086681,0.0011431575,0.06565513522331787,0.022538470574018164
-380.60803,21.966099,175.20392,15.652726,-44.97564,4.6896935,53.47205,5.6782727,-29.932306,8.478531,47.615574,10.695215,-7.495347,10.052145,18.719595,5.484699,-11.351327,4.716533,2.3986456,4.175049,1.996084,3.6059496,1.491503,4.828356,9.724413,3.4755092,1335.5300939520903,500.4789353750053,1574.0982648224651,267.39759870713084,0.0002819944,0.00054155505,2760.2968432787125,0.009219242,0.0010864411,0.060615982091067284,0.02117688767264924
-368.7529,19.624245,184.44917,15.710681,-51.7852,4.184549,62.705437,4.4473214,-32.75994,8.603167,39.75385,10.761919,-17.671108,9.005316,16.138485,5.7201166,-8.147239,5.643925,3.677869,4.5952997,2.7642968,3.0509906,-5.9486217,3.4548802,4.683066,3.5892591,1314.34596191792,468.0375215830106,1523.9438141978587,274.5794471058548,0.0002703999,0.0002999167,2780.0064688768853,0.009577714,0.0008567705,0.060012144721577725,0.017011593007822914
-387.38522,23.16045,152.55789,13.556187,-31.807737,6.03033,44.067978,5.416618,-37.256577,7.644896,35.677353,10.368343,-21.305119,6.6409454,24.480331,3.805196,-5.962734,4.6541615,6.4803667,3.7161245,-3.4857905,3.861733,-9.254359,4.276294,5.9802604,3.7453737,1628.8135240067493,499.5806812681208,1814.04425472596,197.15188050084205,0.0003966529,0.0012955666,3429.599756652407,0.0083026495,0.0017065501,0.08275744090777262,0.019703003112452475
-391.53488,25.16275,169.98352,16.33572,-28.998985,8.194717,62.427155,7.2325,-25.860113,8.62466,43.860344,11.295715,-16.735064,7.8202357,17.994392,5.2780743,-8.387064,5.699108,6.21433,4.3702545,2.8824415,3.2934015,-8.093113,3.5326617,8.351485,3.5083847,1287.697219766761,519.5864304358649,1660.3138759109459,277.79809892968876,0.00025881242,0.0004864097,2828.5186271933003,0.009300207,0.0011283833,0.04940250688805104,0.021197699435714232
-373.40292,20.061228,158.60327,12.016727,-32.638447,5.853168,46.13612,5.3641505,-43.389427,7.0002985,42.15189,8.321333,-26.273453,6.0955777,25.47886,3.903351,-6.4205847,4.460592,11.498791,3.3670852,-2.0374231,3.8193512,-7.410828,3.9756207,5.5942087,3.6037889,1638.9356287883475,450.5643578680721,1877.1523530766603,167.35860463066257,0.00035263138,0.0004068255,3606.162030071781,0.009135413,0.0014320264,0.08068422817575406,0.017752652523043443
-376.76578,23.119072,176.11572,17.362865,-41.302357,4.661715,58.959145,5.057306,-23.608143,9.641262,35.62968,12.405852,-12.280322,9.86748,13.473541,6.036901,-6.3126597,5.4025693,4.5796895,4.6940074,6.116938,3.155656,-2.6808746,3.5399368,6.602266,3.3923514,1271.0842757232306,529.3495901188783,1525.8166799225305,299.443827072171,0.0002404407,0.00039414395,2726.8479349441704,0.009850032,0.0012088902,0.05206482924883991,0.021776742277429564
-349.04892,23.803719,162.50706,14.4849415,-47.053795,7.5265207,60.339184,6.6452622,-35.62685,7.6196003,41.029823,9.889508,-24.94675,7.3918138,18.575073,5.120509,-11.348619,4.578801,8.99787,4.2982564,0.5468907,4.2370586,-4.5433354,4.0428333,8.316493,4.052308,1631.4995242659559,437.0729366637422,1789.353698342682,222.47417520321252,0.0004791729,0.00066945615,3552.0792171186195,0.009370422,0.0021956642,0.07921145410382831,0.020373707229166944
-371.39694,22.506155,176.41434,17.66487,-46.211365,5.0549555,62.93094,4.712083,-27.535795,9.676524,39.37886,11.786827,-15.72272,9.737193,15.7241535,6.696801,-6.461782,5.469169,4.265862,4.4694757,3.4203904,2.8849728,-5.767748,3.3227563,5.2219143,3.3873167,1349.087900310871,548.2901116864748,1569.5364270549112,294.58203618652334,0.00031533767,0.0007936273,2900.1627415349476,0.009693197,0.001048947,0.05798538101798144,0.0250234800122427
-379.35614,23.719715,181.89189,18.100355,-40.991352,5.5004845,54.516087,5.8982077,-21.151487,9.876936,31.905249,12.828116,-13.717712,10.264356,8.329237,6.4437194,-7.013391,5.891774,3.7270174,4.556375,6.999983,2.946949,-2.485921,4.0585704,7.156572,3.9320946,1210.922998583898,516.5841665158151,1445.641674501876,312.6173705585275,0.00022399101,0.000467234,2502.073269377175,0.0097698765,0.001275795,0.05118909512761021,0.01942397114059735
-382.63507,24.44235,181.69775,18.208271,-41.224545,4.8205276,58.182426,5.081737,-24.053116,10.274024,35.325974,12.416885,-13.508809,9.87761,13.552068,6.6620574,-5.8235655,5.4802775,3.5668373,4.621369,4.81579,3.118399,-4.261424,3.4637594,6.314594,3.5635707,1220.6731044418414,542.1584504895893,1478.2830639059207,315.44592305689724,0.00020372318,0.00027046158,2567.5222162304235,0.009912872,0.0011465121,0.049016186919953596,0.021380179307970246
-331.98724,15.65819,143.62222,9.581162,-85.96956,5.4759574,68.40885,5.0337834,-59.903477,6.7599645,47.9709,8.091979,-31.594748,6.557781,26.100029,4.2849874,-16.493174,4.044984,7.479675,3.5629687,-2.6815155,3.0885022,-4.294655,3.6958961,15.753349,3.4736192,2330.073209820973,314.0844808091702,1899.171819415374,116.47861113344057,0.0013257562,0.0018653142,4560.3427258555685,0.007452105,0.001256292,0.16396053871809746,0.022409469437939516
-386.6584,25.114697,189.206,19.995893,-45.243256,4.994278,59.64639,5.529362,-23.810705,10.554744,36.057026,13.375705,-14.455432,10.762358,11.937385,6.9559836,-7.1800814,6.0587087,2.7371573,4.5007772,4.59502,2.9704063,-4.5583034,3.1459398,4.927661,3.4810488,1188.7606741391437,556.0864756060778,1421.1054415733076,339.5241023570864,0.00020399003,0.0003104496,2455.134883446926,0.009705684,0.00090340106,0.05147232091067285,0.022916819664931042
-369.2598,20.283337,150.39238,12.108825,-37.944115,5.5629063,68.97483,4.654181,-25.17438,7.690315,48.09227,10.138544,-20.668959,6.7975974,25.661783,3.943023,-8.825069,4.76881,9.372994,3.897625,2.3761444,3.5690634,-4.8893504,3.496958,6.512109,3.7261348,1629.6402413908704,472.4609702823093,1910.4558477413348,184.78831796851023,0.00039302325,0.0006306727,3755.495543159078,0.00946768,0.0012366029,0.06207176261600928,0.02046588570857077
-377.84515,27.318293,184.41194,17.966206,-46.494488,9.801004,58.941254,5.1485515,-25.705355,9.590384,34.18926,12.887341,-14.404169,10.110463,13.820464,6.085829,-6.52507,5.852301,3.6896074,4.5189514,3.8637803,3.2141106,-3.6448202,3.3525395,7.2844725,3.8571448,1245.2205574253853,504.8645754591067,1466.111581497522,315.2490503710577,0.00022944303,0.00035392962,2616.084335574971,0.009698162,0.0011539578,0.0534175155887471,0.019307399317509102
-366.97217,19.158623,156.92622,11.565607,-43.20114,5.0693145,57.09773,4.743973,-45.00473,7.07769,40.595478,9.455714,-23.99123,6.616764,29.276302,3.9221303,-13.672212,4.0160327,6.3272715,3.803933,-2.8455508,3.2733014,-10.805206,3.1519222,6.3774123,3.0553188,1743.9531700674527,447.87211274019114,1891.8505643845158,166.14852290457407,0.00047689973,0.0006362029,3819.995230477813,0.008461369,0.0011753554,0.084477187862529,0.021612704500590392
-361.06525,17.178421,113.86619,9.193716,-76.56361,4.5422163,72.560875,6.0712633,-43.28723,6.227688,46.41092,7.743906,-25.596416,7.3765354,26.807568,4.061513,-16.620754,5.3260956,10.661856,4.3344965,8.032802,3.7066915,-2.300503,4.3873672,6.788902,4.065911,2545.721457344617,329.61519328656635,1967.2195871066754,102.13082346754817,0.00093041954,0.0012417252,4893.183095272621,0.006756579,0.0013100227,0.1746993275087007,0.0249715538413937
-384.1018,24.987228,190.9937,19.12055,-46.639236,5.1029997,61.193916,5.148967,-26.493666,10.774972,35.396244,12.931692,-17.108297,10.708525,11.587054,6.7498803,-8.735398,6.0110593,2.4377017,4.661848,4.3205605,3.0871646,-4.4442916,3.302642,6.0823927,3.3254611,1198.1440741813701,546.0347199090971,1421.1236037673552,330.3801334152305,0.00020619546,0.00027434778,2463.728180285673,0.009672967,0.00095217914,0.05404287811774942,0.02151923259974689
-348.02588,13.010357,118.21718,7.427978,-93.58735,4.3698277,94.48697,5.509273,-56.318462,5.538858,56.801296,6.234004,-36.201275,6.2569156,33.25426,4.61338,-15.66817,5.0478992,12.8462105,3.6852398,-2.90467,4.8787436,-4.1742735,3.6722202,8.079743,4.378675,2894.368508496861,232.8520040052204,1983.3788031251167,75.31641790797374,0.002138325,0.0024813472,5119.2067865429235,0.006260967,0.0009375743,0.23599051986658934,0.020927863242158208
-376.17767,21.46218,163.62619,13.850447,-40.481007,6.4030533,47.80141,6.1846943,-43.16495,8.214825,42.715824,9.321082,-28.474258,6.7611685,23.388554,3.7818913,-15.040626,4.423199,3.0651243,4.0369344,0.9813832,3.805322,5.471589,4.526728,15.4715,3.1292002,1626.333209380426,484.07623464749446,1810.1770709221196,200.52660703820453,0.000534781,0.0025885887,3361.0782065690255,0.008486411,0.001087215,0.08263848607888631,0.02087439421092436
-374.57837,34.628178,188.61006,20.110325,-50.837543,10.269395,50.053635,7.557937,-24.219833,11.887443,29.570808,12.87682,-15.529654,11.329504,10.824504,7.599094,-4.5426526,6.38248,2.5328975,5.486864,2.3286026,3.615503,-4.851039,4.5682335,6.6722717,4.923829,1268.4656259394003,527.0731944613115,1392.5365388368152,322.2426224884111,0.00024801405,0.00033357966,2506.594742423144,0.009328096,0.002269117,0.06587605133410673,0.025774563112573857
-370.2714,20.755611,151.37335,13.285638,-27.710098,6.424647,47.941425,5.6510973,-40.151287,7.3043776,39.476692,8.306177,-24.842426,6.1888795,22.856327,3.5669432,-5.0970473,4.793667,13.734562,3.8908885,0.65931267,3.8809257,-8.103758,3.785203,-0.0516963,3.3205206,1681.8086839675107,475.2585135205182,1921.664883652489,175.80121967278765,0.001007344,0.010974948,3837.6564539225637,0.009104906,0.0014807453,0.07709745685904873,0.020888737566649353
-385.5121,20.720736,164.19983,13.0648,-39.25466,5.499768,47.891968,6.3005633,-43.37225,7.361744,48.312836,8.82536,-25.510475,6.979253,27.872665,3.5117779,-13.427373,4.4794865,4.236361,4.5786214,0.6505986,4.144256,4.811814,4.509231,16.810503,3.4573135,1605.423930288839,464.109971533017,1839.7464227264536,177.51623732887094,0.00036043063,0.00045457293,3395.8510821490718,0.008154313,0.001072261,0.07731384135730858,0.01976658828735473
-377.36798,21.08933,156.73091,11.869684,-40.5224,5.670756,57.08695,4.8286505,-44.62871,7.4088373,36.549507,10.485586,-24.601881,6.6761107,30.684147,3.784026,-13.935878,3.9144783,0.9566925,4.369299,-2.1464417,3.118918,-12.396845,3.778608,3.8179235,3.5984883,1699.2232027947043,460.3338838629006,1856.0733305514113,175.56043965171196,0.00041102953,0.000775604,3633.8404396570477,0.008470087,0.0010798908,0.08041912884280743,0.02106939095954165
-407.23978,29.974068,179.4816,19.673187,-21.822338,6.5649467,56.360596,7.1802616,-20.824524,10.922872,36.156723,14.013031,-13.125041,10.419571,11.52099,5.7919455,-7.9489675,5.1445303,10.685998,4.1345053,5.0981073,3.8283665,-2.720275,4.5127687,7.75424,4.1351414,1113.5242363098373,605.3632552036125,1479.8210187428285,347.8362389940572,0.00017596391,0.00027965833,2257.9137248948664,0.009424873,0.0011162595,0.04448684019721578,0.025118532600461416
-402.37775,27.688425,153.12584,14.827217,-24.972683,8.544288,50.063847,6.124628,-39.187347,8.588601,36.335243,10.839974,-25.901718,7.0420246,19.945755,3.6892645,-9.858603,5.098015,9.82802,3.9109814,-0.87446415,3.356988,-13.880517,3.231659,-4.5430264,3.5287313,1545.2224412251708,562.5438766877393,1825.323771151863,214.70810012233017,0.00020181028,0.0002956537,3336.7721663826856,0.010141582,0.0010807873,0.053033461426914154,0.02025081743243607
-409.02103,30.09694,176.02814,19.83737,-19.821432,7.3348403,55.04352,7.4239216,-20.50019,10.975112,38.946354,12.879235,-8.059442,10.539758,13.0415,5.9537096,-6.9895935,5.0916085,12.759956,3.3810158,8.015902,3.433243,-3.5412052,3.8816752,4.1469746,3.88418,1114.3782344428305,611.660754132336,1502.1536571953072,356.4990501179584,0.00020746123,0.00064943405,2271.9028127718966,0.009555211,0.0012436821,0.0452039678799304,0.03005444412829418
-376.43695,22.497742,181.08795,17.466028,-46.645153,4.738839,62.257236,4.708899,-26.396173,9.487438,36.501842,12.569267,-14.420151,9.472115,15.167576,6.351668,-5.6169133,5.9175835,4.1529083,4.398378,3.483032,3.0034485,-5.6674714,3.1080832,4.9051623,3.600111,1280.2446876734286,517.6630343173669,1510.6817587313774,300.06657425647984,0.00023464274,0.00028525197,2745.5583399796983,0.009703081,0.00096027285,0.053919391676334104,0.02195903765317178
-382.85376,22.037111,161.8183,13.473232,-37.99656,5.8844175,47.703243,6.263032,-42.176216,7.6008096,45.585506,9.226651,-25.920792,6.4490705,26.767117,3.695254,-11.417398,4.7194834,3.3363001,4.110763,-5.2422986,3.5144038,-0.65044445,3.961356,15.528264,3.2279005,1634.8481296153914,490.5445129595912,1842.6418295974213,190.40057131563373,0.00038204098,0.00032027072,3458.6021334831785,0.007991354,0.0011989061,0.08280162412993039,0.022297589007263165
-389.2276,23.191746,162.56613,14.259479,-41.125168,5.645654,44.10279,6.6112757,-43.93595,8.595796,41.459724,9.384539,-24.869112,7.3783917,26.442276,3.7062035,-9.468094,4.9768214,6.762436,4.633561,4.198022,3.6027272,5.62494,3.9547637,15.521958,3.2270975,1587.222138266959,504.62738516144896,1761.4885279328666,211.59962025013436,0.00031697092,0.00073409185,3196.681443499855,0.008866799,0.001033593,0.0747228918938515,0.017486111868291465
-376.577,22.245092,181.7754,17.565914,-46.77716,4.8451085,61.843605,4.9752483,-25.796156,9.317956,37.145912,12.465175,-14.766144,9.682189,14.224098,5.873268,-6.9438534,5.7310166,3.901539,4.3138514,3.336189,3.0032718,-5.955154,3.1589465,5.0394673,3.5403666,1276.569578519742,516.4991162809498,1502.0162263459845,301.32029438128507,0.00024306339,0.00037514136,2705.414653875435,0.009707811,0.0010151004,0.05491974514211137,0.021450225515056483
-374.6084,22.504427,170.01392,15.730511,-48.37724,4.7489667,59.118004,6.3051395,-32.487587,8.684424,51.493263,9.851595,-12.88361,9.156437,23.710892,5.185019,-12.797865,4.657269,4.4206743,4.409935,1.2289556,3.559234,0.065866455,3.8883717,10.003387,2.9359558,1457.9178099286908,506.049766954119,1687.5079927214022,253.8491478777572,0.00033242066,0.0004656947,3112.8468382939386,0.009166925,0.0009843131,0.06519517655162413,0.02202996409691121
-372.78128,21.6383,180.62126,17.103933,-48.35029,5.039267,63.68437,4.795204,-30.031668,9.291884,38.932026,11.436584,-17.160954,9.2985325,15.683226,5.641793,-7.502761,5.837097,4.0853734,4.5717545,2.4156535,3.0058808,-6.2109876,3.2788413,4.959644,3.1677663,1331.5038109522695,516.5954733027013,1545.9644225221518,284.5439628849702,0.00034876162,0.0013955338,2843.15720843605,0.00955435,0.0009803168,0.058032962949535964,0.02093016985501109
-384.92865,22.389002,161.73796,13.463277,-36.724976,6.638164,45.2488,6.492437,-45.13577,8.25359,42.037495,9.580417,-28.534395,5.609233,27.086176,3.9702744,-7.793076,5.009958,10.518434,3.9775953,-1.3488098,3.422521,-2.143546,4.1295857,13.357394,3.2401268,1613.7476839998792,488.2319287455678,1838.3299869531968,186.0127799865433,0.00031782957,0.00038761485,3386.283545261746,0.008803992,0.0011756393,0.07712917814675174,0.022852807805798087
-386.29163,23.425245,144.51883,11.39228,-18.255217,7.160283,52.161507,5.736926,-33.75507,6.856421,40.584797,8.893418,-24.432682,6.144519,16.798693,3.5253549,-11.269692,4.281819,10.010623,3.776302,7.47941,3.446292,5.0114937,4.664854,9.871354,3.5363328,1613.5779716012305,477.95776638949764,1955.828110589037,165.7053292608794,0.00025783372,0.0003934179,3854.018690635876,0.010333909,0.0017287009,0.058520111296403714,0.018828693141405506
-380.56635,21.5984,168.28644,14.19644,-41.606457,5.5769715,47.3986,6.4876223,-43.59886,7.8796606,43.660076,9.368081,-29.96877,6.3658547,24.983387,3.605774,-12.757346,4.622437,4.6324716,4.119886,1.6643661,3.4606128,6.7510433,4.648879,15.897823,3.286276,1576.9018533709761,486.98369481754895,1772.100848450608,203.2608966540345,0.00034025474,0.00035389164,3150.3176093931265,0.008561304,0.001027459,0.08109094040023201,0.021632322562354808
-381.6403,22.063213,169.79385,14.038818,-41.008503,6.125389,48.82244,6.2109036,-44.61301,8.344288,41.083836,9.732703,-31.396706,6.6889687,24.95709,3.60439,-15.655971,4.5087423,3.0556448,4.252252,0.47497615,3.6398766,4.0693955,3.8830373,14.873577,3.4790351,1567.8303989920892,480.0798041571272,1771.4067431834992,199.62072259471068,0.00037034045,0.0006656791,3144.1724029328598,0.008351421,0.0010690709,0.080570937862529,0.021115512056275397
-349.9394,45.70963,143.81772,10.646044,-79.07811,15.309279,78.57471,6.070945,-53.289738,7.112254,45.161007,9.028479,-33.412277,8.246982,26.608776,5.4580684,-16.06932,6.136655,8.540207,4.607626,1.4211178,4.326765,-5.224666,3.2875667,10.395473,3.4339805,2298.6762960731307,380.7959831719974,1914.8547408539487,142.8617493215202,0.0012604103,0.0015400022,4529.541752012036,0.0069820997,0.0023187648,0.1569535328451276,0.029922563560722558
-383.58707,24.513262,184.13902,19.005157,-42.41787,5.528181,57.478493,5.7024612,-21.33435,10.757408,33.82513,13.159977,-11.42878,9.971351,12.144616,6.6685467,-4.9488835,5.9991345,2.956547,4.770549,4.7420015,3.011125,-4.8581066,3.545001,4.53893,3.7635462,1193.266448745538,531.7848293294927,1438.4031455901916,323.84568988910894,0.00020425595,0.00033979322,2497.202069134281,0.009731413,0.0011465322,0.04985680104408353,0.01924569732396953
-375.71033,21.20178,151.90817,12.577707,-30.18862,5.9026732,45.427692,5.7255154,-40.820488,7.1511245,38.329823,9.194085,-24.337948,6.001462,23.758873,3.8288875,-4.49036,4.5156536,11.977983,3.9140003,1.9252539,3.6422207,-5.8301926,3.4488435,3.4432428,3.4409559,1660.7431641461267,475.72889564955113,1885.2596247035247,174.989823679203,0.00034526543,0.0004385458,3700.713275812065,0.009048528,0.00155051,0.0762500453161253,0.019031330475894045
-351.4527,23.325073,162.48863,13.175362,-43.561848,6.740726,62.4615,7.0839233,-37.409443,7.581827,41.43362,9.590162,-25.224134,7.9430623,20.571241,4.481787,-11.559113,4.261445,8.923199,3.8730977,1.5339973,3.7149286,-4.065114,3.1212862,8.794438,3.4410968,1615.4526201958524,436.1676963783942,1819.6223316916728,218.39108711990855,0.0004528191,0.00068775855,3594.421188460702,0.009531427,0.0018156163,0.0742119525812065,0.020805625528513984
-368.2235,20.831272,180.43242,15.631095,-49.511383,4.728662,63.569298,4.68889,-31.552309,8.675986,37.97799,11.470486,-17.863876,8.707146,15.184518,5.866555,-7.428499,5.2383227,4.350318,4.4369416,2.7221794,3.1441302,-5.6447916,3.4789655,5.1025276,2.9212093,1346.9095608857492,482.4154141098203,1550.9218378755136,274.54802186864936,0.00028159947,0.0003872486,2874.332889990574,0.009547934,0.0010533984,0.061039687862529,0.0183735218429403
-384.86407,23.281881,175.83861,16.77913,-41.459015,5.206343,53.703674,5.988233,-28.665924,9.2220335,45.321514,10.880119,-6.837468,9.535188,18.71564,5.254351,-10.466664,5.4714003,1.9781448,4.74262,1.0112454,3.3213463,0.8307547,4.240144,8.792747,3.5179396,1299.1654394375637,524.0851670530022,1557.631745729404,283.307985803951,0.0002975004,0.0010892637,2679.859587985789,0.009216969,0.0009988176,0.057085855930974476,0.021804464333430775
-387.46875,22.336367,157.4282,12.929241,-29.246447,6.632448,55.80825,5.6705494,-39.96699,7.544058,45.211613,9.308747,-24.901411,6.0404,24.157324,3.9777637,-7.914665,5.0253,16.424082,3.7135468,3.8273058,3.8534815,-5.3436728,3.2199996,1.2522469,3.7806654,1568.5629966749136,480.6610808711714,1890.4716165469222,180.26374145942262,0.0003090097,0.0005057172,3586.7521706424013,0.009159293,0.0011845188,0.06320239994199536,0.020301014679588697
-386.56146,22.288685,161.50038,13.802511,-37.223164,5.962761,43.12057,6.8686438,-42.601833,7.917001,42.33842,9.334125,-25.433268,6.3528852,24.508968,3.5793283,-12.99231,4.637789,5.5681453,4.4883146,2.0612578,3.7688828,6.5769153,3.9908352,17.150486,3.426611,1603.3078278932,481.307667254053,1802.7363752127235,194.99335736652324,0.0003368358,0.00050021167,3276.59410799739,0.008422689,0.0011253383,0.07949241408062645,0.020492631912434355
-412.1695,31.830801,173.4927,19.979137,-24.075932,7.091226,60.061558,7.4872885,-19.44209,12.02006,40.410046,13.577758,-11.881173,9.209633,20.888685,5.429818,-5.468987,5.4597535,8.662075,4.4530582,4.07456,3.2552838,-5.6578236,3.5236964,2.8873367,3.6339777,1155.2729122003204,622.2704224852906,1547.6767343722388,350.69170018199054,0.00018113361,0.00032173132,2444.618087025087,0.009687752,0.0010690218,0.03950093351218097,0.022508979191201418
-380.58154,23.029915,184.33968,17.847244,-44.899593,4.834849,62.844482,4.644374,-26.461142,10.100139,36.3519,12.1297865,-16.288013,9.599372,12.463006,6.3949265,-8.018215,5.6251464,3.0968728,4.9076715,3.8942175,2.881834,-3.3597574,3.1091075,7.0161433,3.3198109,1238.02644708793,516.9972694149781,1480.246545705039,306.4436681319946,0.00022884659,0.0003679038,2617.308380764211,0.00980176,0.00094494445,0.05212260730858469,0.020687526661105925
-384.5931,22.374859,169.06807,14.079739,-37.342358,6.116799,47.617664,6.890438,-42.966213,8.12276,45.1068,9.171017,-30.08403,5.9499793,25.71464,3.6080558,-15.937564,4.468015,4.0535975,4.572224,-1.2371858,3.8526134,3.9926634,3.963606,14.146435,3.0473132,1560.3452156607166,487.7417140464787,1806.2240728535564,199.30109268692107,0.00034759007,0.00045710208,3138.2020600710557,0.008335573,0.0010528424,0.07731157555104408,0.022523012253631913
-357.27408,17.330914,144.01271,10.792936,-43.23973,5.165444,68.655945,4.40162,-27.299757,7.7401376,47.063705,8.217646,-22.00851,6.023652,25.102127,3.5731094,-8.627388,4.2645903,11.316366,3.4639218,3.762168,3.2963417,-2.6862302,3.2611399,8.487893,3.3319032,1788.4981633440939,423.6928560062648,1968.7867711652016,153.72530615706813,0.0005352043,0.0012765229,4073.147760023927,0.009337202,0.0013444012,0.07349029328596288,0.022637588008927043
-386.61508,23.119787,161.45657,14.052241,-35.37331,5.587405,41.361576,6.8620625,-40.488068,8.635069,38.186745,9.410713,-25.19727,6.177269,22.495007,3.9511049,-6.4124503,5.5638094,6.624129,3.8410678,-4.785,3.8070228,-6.8305173,3.91014,9.371618,3.6296937,1556.7692742312895,495.50358996365964,1750.536897165905,215.31243176931108,0.000317166,0.00037193115,3128.8093867821926,0.0083987815,0.001349759,0.07873336898201856,0.021951233060887403
-382.5769,21.319828,151.45927,11.964788,-28.406084,6.379153,54.892437,5.2976727,-38.76544,6.751329,43.72288,9.105184,-22.43268,5.8266063,23.625868,3.6497555,-7.3020635,4.845723,14.866964,3.4606683,2.2672875,3.4168496,-5.9285955,3.7091444,0.71499205,3.6975026,1633.4349853411397,465.3845480842229,1923.8256306065098,166.19786222090053,0.00030375822,0.00027275202,3805.6813959179235,0.009220218,0.0012374538,0.06812599695475638,0.019717090117461953
-402.22775,28.756071,170.26111,17.34747,-27.584814,8.503706,63.74427,7.738215,-24.728539,9.946592,46.542625,11.3886595,-16.189287,8.092213,18.180552,5.4035506,-9.212322,5.787504,5.916209,4.84319,3.5459,3.3449593,-8.1963625,3.4367115,7.641146,3.3915854,1266.3179438129093,565.9071860544256,1650.4744516599528,304.09052709309833,0.00020384394,0.0002584069,2755.7753702327436,0.009398518,0.0010377663,0.04477912920533643,0.022172025927856203
-338.425,25.387608,148.12508,11.559433,-83.44298,9.987028,54.70375,4.9420724,-50.32759,7.263293,34.531612,8.821294,-34.74397,6.8156023,13.452662,5.331547,-17.960735,6.254119,5.3831944,4.1907353,-2.730788,3.4984734,-6.073297,3.6774535,7.2423134,3.5442514,2075.924463128166,370.6272828854152,1751.1298221024688,161.9049912998114,0.00097223127,0.0012191692,4017.5910967408645,0.0076051983,0.0021678454,0.13735090994779584,0.022126626869070423
-382.61182,21.548096,166.41916,13.454343,-41.25091,5.6327395,46.631252,6.801178,-45.048588,8.0752535,42.760822,9.075628,-30.45675,6.2215943,23.811525,3.6597023,-15.183953,4.6796875,5.2872114,4.3285356,3.5168593,3.411457,7.912666,3.9252214,17.409761,3.2424219,1596.4907421997823,458.4245830979895,1788.5902300821817,193.47774679586192,0.000359772,0.0006003588,3229.0561897295534,0.008381211,0.001086041,0.08360711825696056,0.019036442065014654
-339.81543,21.949766,167.55507,12.751743,-69.42611,7.2807817,57.382504,4.728535,-50.53723,6.9075475,34.330387,9.685135,-30.806341,7.7660847,20.160828,4.8532414,-13.474,5.3421197,2.3402765,4.8638935,-1.7719326,3.1897433,-8.780376,3.8187778,4.597509,3.592771,1762.8600129135646,402.1067380707833,1698.6113382973067,201.33210368530223,0.0006799749,0.0020687282,3553.603028476653,0.008713279,0.0015704028,0.10203265479988399,0.01911386697973572
-385.32486,23.377615,177.11517,17.17755,-38.53135,4.5908585,51.92233,6.512736,-27.726372,9.551456,44.33859,10.9097185,-7.2363048,8.943068,17.295807,5.7390904,-9.81281,4.7919464,3.5029845,4.658785,2.2260144,3.1051154,0.8388226,4.0689416,9.297848,3.2134292,1262.7582116410608,519.36012437832,1537.3708118070952,290.395280218713,0.00024848068,0.00046531006,2568.221670624275,0.009305927,0.0010938849,0.05604018633990719,0.02184144260204192
-394.12173,26.05777,175.48872,17.748705,-39.304832,4.575938,52.67829,6.217929,-28.701498,9.344988,45.964058,11.370088,-5.547911,10.002501,21.111101,5.0001745,-8.237165,4.927551,4.6335897,4.96574,3.828854,3.4959013,2.4580135,4.1961493,9.862083,3.24289,1267.3300220195588,557.7175861119098,1553.7998264242674,297.7359545193713,0.0002833162,0.001437207,2601.2209297056265,0.009350144,0.0010625756,0.05018194424303944,0.021435162444969742
-373.48483,20.185617,150.46124,12.136935,-36.59198,5.2555933,48.115208,5.4398417,-39.189636,7.8959236,36.17969,9.046213,-22.35309,6.3813987,27.505924,3.6127763,-4.9976096,4.7890277,7.4424963,4.1249585,-2.7082741,3.3764913,-10.759786,3.4931953,0.11437428,3.5836594,1701.2869267032174,447.43716975385837,1857.443600205616,172.375821452193,0.00048293677,0.0018615881,3665.166004295969,0.00871809,0.0014325618,0.08418716466067286,0.019946334287507948
-374.42242,20.445322,167.2658,14.165137,-42.50724,4.3235235,58.773964,5.564853,-29.968311,8.377601,49.619507,9.543144,-12.445945,8.126315,23.422297,4.3803086,-12.488843,4.0448194,3.5259473,4.5350714,0.912691,3.4524155,-0.95452416,3.7293055,9.040219,2.875478,1430.0933196660858,481.08190470083366,1705.1224697176108,233.87597655834014,0.00032142224,0.0005144402,3090.0895899796983,0.009262448,0.0010793975,0.061456596215197216,0.020342428580161585
-387.65323,24.828545,173.93974,17.727663,-39.18459,4.4164186,53.998234,6.301289,-27.134394,9.5652895,45.028675,11.406188,-8.150716,10.003489,18.100677,4.967818,-9.321307,5.340772,3.4834738,4.4788384,3.046159,3.2178748,0.9946548,4.239191,8.139897,3.4781752,1301.2470517696245,559.6665475665377,1574.3816899945975,295.41165541426204,0.00029936357,0.0010631871,2716.930670859919,0.009126066,0.0011523301,0.05269925500290023,0.0230170898071068
-370.44485,24.206247,188.22937,17.994553,-50.49828,6.004922,58.74238,6.4279847,-34.34189,9.940311,37.89718,12.052817,-19.056763,9.329102,15.950744,6.991511,-7.2677298,6.0499964,4.807249,4.0365944,2.943414,3.2835612,-5.264875,3.555032,5.0401306,4.024699,1294.4918358259524,498.4762737782108,1491.7463120409975,301.2996201773358,0.0002665954,0.0003454773,2660.949338837732,0.009600093,0.0012749494,0.06149284911542923,0.02142082954753933
-408.01193,29.083532,176.10284,18.081032,-28.849365,7.1551642,64.60793,7.0387373,-23.133257,10.699661,43.74927,12.56756,-14.342937,8.814652,20.292011,4.715112,-6.907529,5.4942803,5.6388702,4.5967927,1.2273792,3.4291174,-10.7027445,3.295852,2.7583506,3.6071448,1174.2471561705775,569.5550290848214,1554.9524765240021,314.53964193131674,0.00020583138,0.00053604017,2485.2364028966067,0.009507454,0.0009592216,0.04207262362238979,0.021567012032256517
-391.96875,23.86892,149.37584,11.9093895,-18.817205,8.054332,53.034286,5.824388,-40.712715,6.680249,39.851036,8.909549,-21.73264,7.4909115,17.60812,3.8883915,-14.386136,4.510097,13.817766,3.9666991,4.958688,4.0696807,3.3261254,5.2056146,13.37422,3.8852403,1610.0164516143432,478.6143272835877,1950.3284885549235,159.37610439089457,0.00028258612,0.00036915342,3800.235643851508,0.009499283,0.0016888232,0.06088674593967518,0.018911185806941157
-380.7083,23.837446,185.87732,18.229303,-46.08106,5.0544834,59.160275,5.568381,-23.65184,10.594193,34.423866,12.566821,-13.428242,10.115444,12.595404,6.1696215,-5.3645854,6.1125574,3.965679,4.3903036,3.7376804,3.1740003,-6.110712,3.5076675,4.201952,3.707178,1220.5085435769636,516.8947128716696,1442.3891648900783,312.6693562385779,0.00022789024,0.00042144564,2540.6431830952724,0.009607467,0.0010218532,0.05247833889211137,0.021212580623151667
-377.38626,22.171654,180.69495,17.297737,-45.592476,4.361095,61.64329,4.8226867,-25.32828,9.786839,36.380623,12.248373,-14.0335245,9.205715,13.994749,6.2399883,-5.989267,5.7671976,3.6428597,4.4027376,3.7712586,3.079841,-5.0153346,3.4240055,5.179944,3.6288068,1267.7064747385884,509.68264063202906,1503.6850639037116,298.51680969320563,0.00023585073,0.00032702225,2706.3639134099476,0.009746832,0.0010965538,0.053525141386310905,0.020024484964647423
-371.1699,21.017092,179.74008,15.955207,-49.079395,4.1358747,64.85639,4.1955857,-29.133648,9.085674,39.138397,11.44228,-16.577183,8.473298,15.829804,6.1353183,-7.546983,5.6544175,4.565724,4.4569902,2.791985,3.1925025,-6.1163697,3.3077598,4.852573,3.2803645,1323.4115869681802,490.7925537690711,1548.156703567329,276.2665087855446,0.0002626369,0.0002926555,2853.124433548434,0.009644895,0.0010066673,0.05850538355568446,0.020425266565648553
-408.06918,28.987345,181.3675,19.880964,-23.042402,6.5477552,58.15906,7.492433,-23.163795,10.931775,36.374977,13.217129,-14.471205,9.606083,13.582145,5.2629175,-8.480909,5.667986,9.183018,4.068997,4.1149454,3.7932801,-2.7867746,4.0326166,7.437142,3.891186,1115.097144048842,592.9805109803204,1485.605096001613,353.30048013970315,0.00018887478,0.0003348544,2279.8466162449245,0.009386061,0.001014825,0.04606724006670534,0.028440783595117883
-380.53735,24.775133,187.42169,19.831266,-46.373394,5.0383244,59.017693,5.1282606,-25.229925,11.379727,35.48004,13.130343,-13.818024,10.60809,13.303722,6.814907,-6.3181014,6.2457952,2.6293695,5.008117,3.1484053,3.0527322,-5.821009,3.576242,4.6031876,3.5543067,1230.188630609382,556.9363175112883,1443.8965170865993,339.59381823651023,0.0002406324,0.0004701787,2561.3520292560906,0.0096430015,0.0010026222,0.054412204538863106,0.023171194509789165
-391.59607,25.878395,175.6618,18.373411,-37.53449,4.918541,53.035954,6.391028,-26.32388,9.977495,45.17451,11.982662,-5.7599506,10.039868,19.179588,5.588879,-8.590591,5.0765243,3.2548435,5.146189,2.3115478,3.478952,1.6474499,4.6468644,9.64418,3.3915071,1256.3201115226504,571.625628696062,1542.3761900032766,311.2396060577196,0.00022486552,0.0003632355,2582.6853882685614,0.009419919,0.0010818645,0.05169436992459397,0.02330887793429749
-382.93207,20.901167,154.55284,12.07701,-30.424595,6.203546,56.59698,5.1774063,-41.061268,7.2370872,44.298344,8.8955555,-25.02234,6.379715,24.147625,3.6376653,-8.921347,4.916484,15.508772,3.688937,2.6559308,3.4762845,-5.1541805,3.8030167,1.8851622,3.1921444,1634.9870903555482,461.8731272090617,1928.7881227786288,160.9279960738219,0.0003503617,0.0006172274,3809.7282391966355,0.009078098,0.0011900997,0.06759806409512761,0.019820829256333848
-368.79358,24.244307,180.3075,17.741907,-45.356068,5.5818105,61.931446,5.860642,-28.601936,10.748318,33.774784,12.656776,-21.41814,9.184705,15.039485,6.005988,-8.034618,6.2793427,3.0990326,4.944966,-0.46646452,4.5871406,-4.5417275,3.601858,7.8283944,3.8299713,1332.081711882957,495.9165469078926,1549.3020665700815,306.0322037051541,0.0002715936,0.00032028375,2822.7481284440255,0.009677193,0.0010374187,0.060267047926334104,0.020067752088328204
-361.6501,18.834175,172.72481,14.581874,-64.368805,5.5052094,68.68623,5.048581,-32.294235,8.972063,39.876225,11.1028805,-22.357136,8.879767,17.579935,6.3643913,-6.704461,6.3389235,10.251472,6.415124,-5.147876,5.546878,-7.270888,6.766573,9.199052,6.106299,1579.577030614552,450.6037725742145,1608.6885708333625,236.3250052641833,0.00042758728,0.0009061738,3253.4121909440255,0.00883949,0.00092777977,0.0921016259425754,0.02019650578548075
-375.9319,22.122889,182.77235,17.071764,-44.625683,4.1919394,61.714317,4.7176485,-26.362144,9.659745,36.316277,11.935608,-16.38551,9.249355,12.572297,5.582039,-7.688628,5.9698806,2.0519574,4.234637,2.9116352,2.8672493,-5.6861267,3.3822489,4.8271875,3.373868,1259.3100092487075,514.1329874195977,1492.465329719549,291.30722797031956,0.00023585724,0.0003191551,2648.384140262471,0.009719466,0.001017655,0.05558022766821346,0.02189248037016421
-390.10077,23.014473,163.61353,13.679307,-38.77309,5.9378133,45.035156,6.7828717,-45.62779,8.393187,42.49118,9.012544,-26.533062,6.5208907,26.421637,3.17774,-9.73268,5.038863,7.715963,4.51644,3.5613332,3.3847988,5.360126,4.2310185,16.18561,3.2440813,1597.8005106393607,492.8859608983918,1798.1622868634329,193.53982220361422,0.00034199381,0.0006853774,3284.2631258156903,0.008287965,0.0009755384,0.07742486586426914,0.020971298373491733
-387.24658,24.187407,161.66637,14.534247,-40.0609,6.3051424,46.164818,7.0730743,-45.489582,8.780434,43.171,9.236219,-25.430288,6.991307,26.924572,3.8854437,-12.580119,4.850805,5.6488137,5.1770105,1.2412144,3.995607,5.0126085,4.6726475,17.118902,4.3977275,1657.0689452130337,506.95595526137123,1828.6711851945913,200.2754782352118,0.00038031166,0.00035235434,3443.3890004169084,0.007862364,0.0012692325,0.08493941234048724,0.0247835405026335
-385.79837,24.692537,176.63167,17.739367,-37.9557,4.6405506,53.15629,6.341877,-28.133162,9.8559065,44.544846,11.253043,-7.6004014,9.467759,19.45642,5.618885,-9.347908,5.6993656,2.6925254,4.787289,0.9390032,3.3407679,-0.6069678,4.3134356,7.5670705,3.5538697,1274.914926332272,538.4056570128799,1556.4525947940645,302.2023478793904,0.00023581347,0.0002972192,2640.6651614160382,0.009303091,0.0010582765,0.05412331424013921,0.023287103511215684
-393.7132,27.495266,175.80952,18.948835,-25.576916,5.45005,51.93142,6.81179,-24.389336,10.658356,36.645515,12.812016,-13.855253,9.243261,7.2803497,6.243694,-10.990445,5.058444,11.234056,3.5453131,6.2007713,3.184579,-5.070122,3.7003045,4.995549,3.8696918,1213.8904795670508,590.6868376309395,1528.628103176286,329.5633708195471,0.00022260762,0.0005226747,2435.625101961282,0.009348886,0.0011598265,0.05083336354408353,0.02854340765619145
-373.82642,19.600643,154.30057,11.955639,-42.978016,4.967112,55.39955,5.066889,-44.798626,6.8784733,41.827133,9.074362,-26.65379,6.1643386,30.447739,3.653635,-5.664592,5.345966,2.2015898,4.1369486,-7.0849795,3.7258427,-3.0816743,4.266245,10.146677,3.0802214,1767.8201141838201,443.22717141873443,1902.5971404957431,158.68391810843303,0.0004943072,0.0010885779,3976.1734044192285,0.008189083,0.0011485806,0.0873910147186775,0.020981450059269182
-341.29874,34.479404,158.95094,11.077336,-66.68476,10.195719,72.07597,7.5676465,-58.303925,8.420434,37.279617,9.173274,-37.424763,9.074338,23.230795,4.7121806,-15.151739,5.6236877,2.4982188,4.473143,-2.238862,3.8205535,-1.5638671,3.8768752,7.691897,3.7825649,1981.784875997784,389.7218866208687,1871.1018116161472,159.71976239825742,0.00082056987,0.0014373646,4218.034741607454,0.00839273,0.0019728043,0.11916781467517401,0.02599373376110571
-340.37222,39.717888,158.63557,14.873345,-62.51739,10.649529,55.365337,7.283189,-41.660973,11.786982,31.141863,10.888665,-24.970667,9.117537,18.27126,6.1816297,-8.117508,5.7868795,5.1396503,4.932063,-3.1140878,4.194056,-6.9507737,3.9640126,6.843545,4.1939845,1797.0686363249029,451.62393221926953,1711.436514701806,230.10319641299526,0.0006685902,0.0010915798,3660.3947261093385,0.008409993,0.0021734887,0.10679424666473318,0.026303814553788125
-429.23862,40.506397,178.03036,23.098227,-17.219446,10.580977,45.499947,9.548024,-12.562299,13.92329,35.960236,14.400395,-4.1695204,11.364683,11.729653,8.312564,-0.16274384,6.8398795,12.953859,5.0169306,6.799165,4.80727,-6.1084924,4.5060964,2.8973498,5.631091,1045.4914529325754,648.2621035042557,1381.4018547907863,389.8000749862553,0.00015742914,0.00028021084,2087.996268217082,0.009030599,0.003306673,0.042180249419953596,0.024216318532665187
-369.57037,20.351923,177.4705,15.921081,-46.689655,3.9979243,62.71014,4.23865,-28.098415,9.078285,37.828205,11.440189,-15.763196,8.784203,14.682712,5.714797,-6.5729012,5.334302,4.108269,4.259449,2.7706647,2.9873407,-6.3323474,3.2774153,3.988968,3.503027,1329.6150853831155,495.8821723817148,1553.9522264981533,270.4441816788134,0.0002732515,0.0003785326,2860.093996972883,0.009632478,0.00095442135,0.057892482961136894,0.02027772926643506
-386.02493,22.682314,167.36784,14.044566,-36.41582,5.2481904,42.25559,6.81348,-43.599915,8.290231,42.75017,9.035629,-25.86124,6.119789,26.233582,3.5861738,-11.04277,4.431083,4.3847084,4.6228747,0.5788956,3.7506893,5.2586393,4.4397364,15.905025,3.257615,1530.225130608545,483.04512791271077,1761.2357530854404,205.1219148499377,0.0003258705,0.00066284,3029.4369018271464,0.008639085,0.0012036624,0.07768203487529002,0.01946583265528924
-373.7245,20.602942,157.72942,12.636209,-35.051514,5.20981,53.790848,4.9075675,-46.050694,6.942848,37.359566,9.64571,-25.7645,5.87913,29.035582,3.3816378,-10.631057,4.3947945,10.351874,3.623192,0.5014163,3.3902836,-9.767888,3.3612597,3.644204,3.498938,1676.434143574354,462.21319652890077,1888.6132835358806,173.45425393527927,0.0005522461,0.0035707795,3666.0653028023494,0.0088287005,0.0012204326,0.0796974695475638,0.019300445922044798
-399.2095,26.938747,180.95787,18.539001,-27.476995,5.642153,50.908634,7.297687,-27.452183,10.174074,38.6679,12.226426,-13.120755,9.497196,11.434289,5.5676346,-12.279494,4.8354197,8.814074,4.0906105,2.98865,3.4093783,-4.7285624,3.3071463,7.00537,4.1813307,1171.0499879127256,556.8638425376064,1507.1997069935476,328.8809641224474,0.00020974535,0.00049451593,2329.5328587224476,0.00929913,0.0011148474,0.050081115864269145,0.02415442377416809
-375.48926,21.31987,153.49911,11.371669,-22.673258,8.964072,60.22273,6.76398,-44.941517,5.746709,46.57944,8.180121,-27.794926,6.057094,22.401333,4.0977235,-15.416954,4.556495,6.38252,4.017067,-2.2550197,4.0279,-2.4306307,4.0194488,8.79069,3.6377823,1712.8716076578917,435.14811924284936,2037.8256321841272,139.2143000662299,0.00039125825,0.0004868503,4239.642886274652,0.008998088,0.0010674922,0.07093106511020882,0.020125980365155102
-384.13422,24.13095,153.93481,14.7470045,-32.131584,5.698658,61.4374,5.9072084,-24.68445,9.192653,44.03262,10.59623,-16.624886,6.9504323,25.038982,4.214621,-6.252739,5.4712615,9.09094,4.1880007,3.1442995,3.492555,-4.9220867,3.6391432,5.5949106,3.6985407,1496.6961814167719,530.9814494470478,1822.1128455703304,226.7604989341855,0.00035072895,0.001163321,3376.491183747825,0.009388337,0.0014587555,0.051862039588167055,0.02245606501946772
-375.37003,21.576662,156.95189,12.575036,-24.934387,6.718365,46.55799,5.9465747,-38.912052,7.7906175,35.395706,8.726791,-27.99405,5.6410127,19.074898,3.8314412,-9.467715,4.845779,12.364992,3.9361227,5.648212,3.5510113,1.0510566,4.160106,7.2069902,3.6720917,1556.1409842913545,459.94751817404676,1853.036033491302,182.27200604536648,0.00027909744,0.00026231774,3397.3499129930397,0.009790233,0.001660231,0.06756520990429234,0.017773174478853626
-418.13565,30.270771,181.99844,19.682476,-25.087597,6.808359,60.978153,6.7575264,-22.214375,11.557067,41.2962,13.0021305,-14.574905,8.48353,19.262249,5.4477344,-6.221846,5.8214936,7.573786,4.465846,0.7691678,3.2121508,-10.492869,3.3441968,3.0229526,3.3499372,1089.2624305922043,601.5272592947075,1477.272833084233,346.2941092269151,0.00016475476,0.0002969783,2210.525689711427,0.00956087,0.00089050917,0.03909082257830626,0.021812770102347327
-405.7877,30.632944,175.73427,20.121296,-18.168324,6.883204,52.659485,7.676992,-19.367334,10.542507,35.676857,12.90606,-10.132067,9.589452,11.753335,6.4317155,-4.4894285,5.4506044,14.787738,3.2960362,8.904066,3.4389722,-2.0293908,3.9265966,4.8181343,3.5506103,1100.51189726819,593.3620766931662,1486.8420424383555,358.0019512116593,0.00020514619,0.00074660016,2222.491355949101,0.009751733,0.001239139,0.04205336426914153,0.02290953565525612
-368.80017,20.124178,178.66075,16.09821,-48.702095,4.316852,61.808086,4.637986,-28.631716,8.881884,38.590904,10.898644,-15.568314,9.038268,15.364121,5.6167936,-8.19902,5.625448,3.4924111,4.743986,3.0810652,3.0224214,-5.6218133,3.2234435,4.126791,3.2318535,1340.8622338237612,485.09248016852086,1548.9522526429316,274.0862287383095,0.00027867805,0.00040202888,2870.1861246555973,0.009561654,0.00095151196,0.05962016023781903,0.021349697525178627
-384.90378,22.017832,150.72156,11.640164,-24.857317,6.2378707,51.204365,5.155552,-38.57848,7.143702,42.33815,8.300892,-24.873777,6.0142255,18.796284,3.5327892,-11.795676,4.544761,12.237267,3.6940236,7.398179,3.4068959,2.8128939,4.2145166,5.991606,3.2390416,1620.6714769672378,458.8997006728278,1924.3123974325995,168.18423200465028,0.00029051953,0.00031370803,3769.1848648673144,0.00947416,0.001552805,0.06670080481438515,0.017480410450524626
-340.45364,21.871187,147.21732,22.79618,-69.170715,5.800457,58.88206,9.955587,-55.205418,6.583915,42.45125,9.039802,-33.270256,7.323173,24.146357,7.740155,-17.783466,4.9381256,8.080174,4.5009146,-0.42396605,3.5406148,-5.170757,3.7053947,12.571631,3.5908983,2119.420242040874,491.7249052441889,1904.6988601362111,225.14486656311988,0.0007970325,0.000997857,4333.269852994489,0.008171134,0.0023679358,0.1424659675899072,0.040486069087315626
-377.4102,19.955395,165.06664,12.960273,-45.091103,5.027725,48.03776,5.8016424,-46.45387,7.8890605,48.227306,8.278924,-24.888733,6.2357197,28.629135,3.2607741,-13.68237,4.309642,4.861263,4.810646,0.75050926,3.550363,4.255725,3.6395688,15.327401,3.3726988,1648.8011595528476,457.8306878457926,1827.3995070352269,181.6718861114323,0.000393974,0.00030745525,3467.6700600891822,0.008150023,0.0009586732,0.08528381489269142,0.019877908479623226
-369.83948,27.711918,166.64948,17.302744,-44.100544,7.712358,62.521557,7.2900662,-33.398342,10.015045,34.66021,12.52662,-15.272141,8.484316,14.599164,5.4261045,-3.8450058,6.1798964,8.657035,4.5741158,-0.7840015,3.781326,-4.03793,3.6842637,10.788599,3.401954,1483.942518503744,520.0591455561615,1660.0801321176234,278.7137098488519,0.00029489925,0.00034919954,3277.9430557569603,0.009689019,0.0012076729,0.05879427385440835,0.02227310377299768
-373.87457,21.642025,185.28976,17.12598,-48.05013,4.720394,64.75932,5.442974,-30.43469,9.025304,36.38077,12.011995,-18.439777,8.505021,15.436598,5.9837728,-7.9933186,5.872474,4.0133853,4.559455,3.9247952,3.126725,-4.9386554,3.6227858,5.5794635,3.571366,1275.9217445116508,496.2183275994535,1504.7225277007465,291.1403599404613,0.00025947252,0.0005024255,2703.6909984048725,0.009715522,0.000928849,0.057056400449535964,0.018199377435621986
-400.47876,27.67495,183.03825,19.503984,-36.82345,5.7572927,48.303577,7.193295,-25.381731,10.950375,39.361423,12.482816,-8.481212,10.117658,16.766981,5.915412,-6.8355365,5.5966945,3.7224877,4.7981067,0.81813395,3.2889745,-3.9857175,3.9815314,5.9062734,3.726488,1183.7477734311844,559.356742430675,1446.3072815906141,331.80054844687646,0.00018871685,0.00026147615,2327.209670914298,0.009224179,0.0016325108,0.04787988507830626,0.021598643032137096
-386.3466,21.809484,164.91983,13.450499,-41.16079,5.6267242,48.14053,5.949464,-44.704285,8.153244,44.662033,8.791368,-27.452087,6.0256476,26.760786,3.357786,-12.965326,4.6971006,6.92281,4.329362,2.3386915,3.0710185,5.74453,3.7925544,16.81486,3.371393,1601.6909216820202,461.576536117643,1812.2324844438701,187.9705447904867,0.0004033851,0.0012063461,3328.1289085158064,0.008313625,0.0011114661,0.07824961934454756,0.017942879107573615
-349.11667,16.049103,149.1276,9.850592,-52.01175,5.0322394,71.10718,4.428438,-33.19132,6.684802,50.84742,7.6672044,-26.123045,5.44414,27.391684,3.492183,-11.001552,3.9512098,11.66484,3.6335094,3.509131,3.0363023,-3.2148795,3.277981,7.6644,3.0263603,1855.1835807066946,380.73875144896834,1973.0335337244012,137.59974239711178,0.000567854,0.00043877936,4157.9316247643565,0.00911436,0.0010538785,0.08597941741589327,0.021468918490876277
-428.82104,38.5009,209.62431,29.24105,-20.319914,7.4936867,40.052277,11.394131,-22.612968,13.872556,28.265085,16.148626,-4.825343,12.360646,14.165796,6.76952,-0.12733683,7.8993573,3.3286731,5.766822,2.7602723,2.9219005,-6.180618,3.868448,0.65854526,3.9726646,906.5318216570613,616.3680654832972,1153.2954924306825,454.51630514451335,0.00014616009,0.00052744255,1689.0574585810614,0.00980042,0.0019989265,0.038616136165893274,0.021271230823738406
-344.7885,31.400116,138.70407,17.249315,-92.94817,15.880662,76.206665,6.190178,-53.676296,7.903909,44.14626,10.637726,-31.387707,7.3172274,26.265072,7.6140156,-15.244056,5.875548,11.278624,3.627132,-0.13230284,5.021184,-4.4848804,3.622002,9.790936,3.8250816,2394.779156875402,449.33022523668336,1818.3612939123705,169.6526689140761,0.0013832597,0.0017285212,4406.088051497245,0.006862189,0.0014607876,0.1799673270736659,0.04234980454635971
-388.85587,22.945915,155.83255,13.179669,-23.46638,7.005589,46.96239,6.0628242,-40.49406,7.63018,40.303654,8.900895,-25.064632,6.0172505,22.740961,3.4758995,-7.499114,4.808856,12.1823015,3.9748147,0.76535225,3.6506267,-7.6826534,3.5427103,-1.3991592,3.8914149,1564.5561907483684,480.21482130797364,1873.157903539971,187.35406816595003,0.0003218996,0.0007328527,3447.285960611224,0.009011832,0.0012305636,0.06862447433294663,0.018956671936498606
-378.32196,22.329733,157.75058,13.485253,-27.980814,6.094377,44.832684,5.641748,-42.2854,7.8786936,40.326656,8.737693,-24.49568,6.4895053,24.565277,3.5845656,-7.281105,4.7926025,12.194687,3.815483,-0.7823377,3.516759,-7.4464965,3.5946507,3.2905376,3.6513088,1604.8657569650718,495.21716493280024,1867.5353274232234,187.91032952835312,0.00037263354,0.0011657954,3479.635726326856,0.0089885965,0.0013621252,0.07506049702726218,0.019697983439053157
-380.19693,23.234703,185.8146,18.649681,-43.727512,5.0417347,58.004036,4.8607526,-23.555977,10.381226,33.621502,12.760523,-13.098197,9.577801,11.826487,6.425085,-5.657589,6.4243836,2.5799778,4.7072964,3.3916166,3.1625173,-5.7461367,3.4608529,4.1121473,3.4248238,1206.0859639782423,514.3444982810407,1437.7662690815325,320.0870906947446,0.00022597678,0.00041854978,2514.838312064965,0.00960081,0.0009796997,0.0541074535962877,0.020376511886298753
-338.68796,13.803302,164.27872,11.114973,-62.93594,4.0682163,67.476715,4.180163,-52.923023,5.969154,37.490284,8.521175,-26.914982,7.069155,24.52164,4.4215093,-14.743688,4.6020775,1.7623993,4.148403,-6.224714,3.2865274,-11.449334,3.2334042,3.8806186,3.1902423,1810.8208830005372,373.10591485614935,1799.107237772358,167.2770094954479,0.0006311136,0.0009800231,3864.460545515516,0.008999795,0.0009366937,0.09855577508700696,0.018546118261188797
-358.23767,26.32669,177.80244,17.380117,-53.272972,6.2933626,58.509434,5.8004174,-32.963486,10.759874,38.417297,10.979629,-26.76083,8.235235,16.385414,6.076915,-9.44979,5.91684,7.4189234,4.6718874,1.2322131,3.7006135,-6.325128,3.8653336,7.3851643,3.8855886,1458.5501966693703,492.8174684018916,1598.6758415528382,279.31954578079205,0.00042558054,0.0014331129,2969.2588434418503,0.009382611,0.0016182747,0.07484297962587007,0.020270779791085575
-378.26807,20.269733,164.89824,12.677536,-41.40532,4.894579,48.305016,5.988936,-44.68324,7.496157,47.095287,8.79931,-25.771896,6.3898826,26.808681,3.7745087,-14.0037565,4.5835867,5.348396,4.5303407,-0.48236454,3.8844795,5.584979,3.8250332,17.650888,3.4826634,1618.650229536787,443.3474587145813,1829.2768606355428,184.13944363871408,0.00037946712,0.0004984291,3423.404589164008,0.008413841,0.0010806314,0.0818477196925754,0.01863036477338945
-377.75217,23.129114,180.61327,17.989723,-45.64539,4.370983,62.079365,4.640404,-24.91194,9.912618,37.378822,12.438383,-14.265533,9.42509,14.5423,6.3266845,-6.381953,6.0376062,3.92121,5.042144,3.5022545,2.8475423,-4.9185915,2.9953048,5.6942263,3.6968627,1269.475019535617,519.7296396934292,1510.3721915177903,313.3517428364574,0.0002418346,0.0004226329,2716.655885205191,0.009788442,0.0010067911,0.05261768597737819,0.02002256202210314
-371.658,20.899042,180.12329,15.908213,-48.477783,4.550398,63.905483,4.3588796,-28.907846,9.198657,39.003708,11.1248,-16.28379,8.5170765,15.298664,6.0930343,-7.9713364,5.568015,4.904188,4.6520643,2.6444502,2.8722107,-5.9768014,3.2679276,4.8808413,3.2475436,1317.0545463437045,485.74361348573495,1543.6537881388508,279.71485131733476,0.00026416505,0.00031982156,2822.823069986224,0.009614669,0.0009973093,0.05721727269431554,0.01931058682172125
-374.18002,20.97681,181.5661,16.293257,-46.80698,4.320153,64.46179,4.434886,-30.20079,8.95535,37.641792,11.20007,-17.67546,8.435744,14.203635,6.183461,-9.298302,5.7608366,4.795672,4.426946,3.3047066,2.8389928,-4.6204543,3.2437406,6.894073,3.3426497,1299.7012229076372,491.40216781954814,1535.5082308768813,281.11335959589644,0.00025692387,0.0003700977,2785.801948140226,0.009594622,0.0009489887,0.05750389718677494,0.02030380308136658
-379.55396,22.520374,184.44188,17.463785,-46.361996,5.3410935,62.669147,4.9317856,-27.094404,9.539422,37.05986,11.9604025,-15.165793,9.149747,14.665652,6.565323,-6.5510645,5.8269367,4.7613125,4.7632704,3.2183387,2.9775164,-5.433844,3.3732877,5.3435755,3.5711563,1243.6095178504595,494.3591882575939,1489.179851982645,302.99604372839553,0.00024852014,0.0005991235,2643.437998477378,0.009706322,0.001002093,0.05363503299013921,0.01988770233280957
-387.05386,23.939508,190.17198,19.679811,-44.28988,5.0813823,59.903374,5.6109643,-23.954697,10.244553,34.735004,13.198779,-14.499366,9.786952,12.145518,6.569542,-7.537398,6.4493303,2.606498,5.377895,3.367902,2.81138,-5.4608736,3.2760835,4.1721807,3.522717,1173.2064613295838,534.1132055208343,1410.6845130074548,330.4361407399593,0.00021073026,0.00040448538,2415.3908855677205,0.009716156,0.0009647143,0.05099536869199536,0.020008933322666265
-343.20108,13.207049,150.84953,8.44344,-48.882927,3.675479,72.636086,3.4918492,-42.486477,5.664281,49.077816,7.0457997,-29.63622,4.960446,27.628054,3.3194582,-16.338514,3.7468598,11.6402235,3.1912487,0.5780652,3.0563846,-4.292998,3.312945,6.8896236,3.188689,1932.472246208763,334.31467428387526,2051.1812918964047,110.55314516922752,0.00069764,0.001005596,4427.371449481583,0.00889635,0.00084718823,0.09459967734918794,0.018688881984269164
-378.2452,19.990078,152.74303,12.301658,-28.437431,5.904802,55.279964,5.1050563,-42.862568,6.407988,41.7799,8.407397,-26.77409,5.8450594,22.589182,3.3970165,-8.362661,4.618696,16.351719,3.653338,2.73715,3.4412453,-4.7892113,3.531468,0.9097614,3.6333065,1670.7267230401844,452.80880366834697,1952.0571424361597,161.23544658196658,0.0004192362,0.0016839764,3920.042189312645,0.009213685,0.0010712537,0.06906517365139211,0.019113737651084636
-368.64194,19.852365,178.98322,15.545958,-49.88458,4.721712,63.304962,4.714843,-29.669865,8.744776,39.568455,10.702798,-16.005386,8.486963,15.990619,5.8896785,-8.151418,5.56287,4.7866936,4.362837,2.9257038,2.843341,-5.938324,3.1867378,4.886528,3.3097517,1341.265050680095,467.0607658519378,1559.4409355006192,270.48375635823305,0.00029943473,0.00054883235,2889.5210425427786,0.0095704,0.00094526645,0.059154537050464036,0.018474862212596185
-342.55426,20.384254,148.07523,11.880785,-70.41125,6.712801,69.81969,5.316765,-45.32533,7.0824566,40.523693,9.171538,-25.918865,7.3587375,23.367731,5.4204783,-10.562021,5.505481,9.418306,4.70798,6.6369195,4.080973,-3.820853,4.17859,5.010439,4.248044,1968.3136515648678,371.4337405290484,1805.4347087505685,171.5341481830392,0.00061335263,0.0012197754,4003.3022426950406,0.008351328,0.0014810379,0.12823783715197215,0.020752067659690784
-371.25024,21.135612,179.87375,15.883411,-49.889683,5.6565547,62.973515,4.455462,-29.26149,8.660983,38.585278,11.305323,-16.200127,8.569484,16.401484,5.5009055,-6.9563,5.9748816,5.3048377,4.5641503,3.7357006,2.8620074,-4.781922,3.325197,6.2517414,3.405241,1324.5153184971448,475.65994768199573,1544.3941231555543,271.9141936264233,0.00028000347,0.00040866857,2833.5646910346577,0.009501358,0.0009744003,0.058639066125290025,0.019989988866451962
-386.68503,21.506956,162.71336,14.160012,-42.23246,5.633525,46.036846,6.11913,-43.504646,7.751,42.908596,8.866557,-28.383604,6.1263185,24.314562,3.5917275,-12.398005,4.990907,5.872076,4.2658596,3.4763231,3.4313724,7.565854,4.1083994,15.976241,3.4698188,1625.9936512101522,474.1952506545974,1793.7061373054182,198.7760978102729,0.00037858283,0.0006745071,3314.914216574826,0.008116002,0.0010050236,0.08316188732598608,0.019349009041707735
-372.9447,19.33638,167.16379,13.499091,-44.11442,4.724868,60.545677,5.401904,-31.160698,8.001314,50.69024,9.096509,-14.65492,7.325689,23.886106,4.3601637,-14.262913,4.2613506,3.9980083,4.591284,0.97814465,3.3038197,-0.5501827,3.4974844,9.720325,2.9552863,1456.065902660487,453.09865387728246,1732.1349531551855,220.78717824533743,0.00035852514,0.00082034536,3171.8757930321926,0.009201752,0.0009989721,0.0633983921838747,0.017720669736171292
-368.8517,20.45712,184.88866,16.0717,-48.295307,4.4541693,63.236115,4.704363,-33.30973,8.498546,35.139637,11.407734,-20.985086,8.551492,13.637621,5.9569335,-9.916215,5.741582,3.7527363,4.9338756,2.908458,3.2289176,-3.6752675,3.4069264,6.4429235,3.6762197,1305.345600453791,472.82605119010816,1517.433898394799,280.95239399804944,0.00026761813,0.0003411979,2753.826890135586,0.009655815,0.0008827097,0.059086562862529,0.01853479084748949
-379.61234,27.519753,176.97261,18.139624,-42.179615,6.8606124,50.872284,7.3173,-23.607985,10.904965,35.90802,12.022307,-12.474559,9.467829,14.853949,6.958606,-4.9750137,6.0168147,3.7246037,5.485885,4.4062114,3.701163,-2.83742,3.724776,6.0334706,3.8485773,1272.7695142699247,505.1756945338242,1505.271637496015,308.7237150724097,0.00025016512,0.00067764276,2614.910251413863,0.009711806,0.0017348779,0.05084129386600928,0.01948032308869282
-357.71796,19.917347,152.2687,14.514231,-45.569088,5.6766214,76.91736,9.269575,-31.9456,7.3357053,37.90269,9.91894,-21.221233,7.6565957,20.787626,5.4585752,-6.233808,5.6561594,9.954643,3.9447348,1.7661881,3.8119771,-2.843476,3.5604014,11.73087,3.9457006,1697.8551704106712,456.28868519245214,1837.7433203884136,211.66286008468728,0.0004087932,0.00029268384,3797.038138051044,0.0095563745,0.0012853843,0.07405334614269142,0.02676562904034274
-380.5985,22.338312,160.68236,14.002586,-32.343082,5.87082,44.344883,6.348426,-42.46516,7.1604013,41.370377,9.325964,-26.942917,5.2301946,27.218796,3.612466,-5.6453342,5.201083,9.554899,4.019815,-4.319814,4.0737686,-5.1296754,3.658679,11.286597,3.217379,1604.5296810608313,480.92870973053755,1846.3397557263872,190.33346879665433,0.00047249906,0.0020439622,3377.3904822542054,0.008541851,0.0012223088,0.0806536397911833,0.018396949590747672
-396.47183,25.43223,156.24815,14.844941,-23.724527,6.522027,51.11774,5.942194,-37.39976,7.5677443,42.040333,9.613191,-24.575998,6.042023,20.962671,3.6344807,-8.096854,5.0770493,13.522902,3.7365336,2.1813247,3.5616221,-7.336591,3.5660675,-1.514876,3.7198093,1511.2021946796426,530.8909811240386,1848.5510817172144,212.23139090517094,0.00053212384,0.0046076574,3319.685494761456,0.009369131,0.000982257,0.05732036687935035,0.019577315216929726
-393.35757,24.261513,179.42136,17.466623,-38.44239,4.278859,56.039284,6.0037727,-28.34792,9.313081,46.053627,11.193675,-7.8493204,9.41214,21.031866,5.444582,-8.496925,5.40296,4.8743105,4.8738184,1.2040408,3.3381937,-1.8402324,4.0365567,7.5124564,3.1423512,1224.6725940198282,546.1526217653497,1536.5851849890805,294.43490013474644,0.00021909489,0.00030349105,2521.8828170316124,0.009291678,0.0009733611,0.049036579176334104,0.02033297028361161
-358.7122,56.82198,126.16969,22.593742,-88.74498,21.412422,73.197365,10.336339,-50.644287,15.232745,53.12573,13.847847,-32.395275,9.621587,32.18583,9.512671,-14.768531,6.3388968,9.807922,4.1410446,-0.62728834,4.283003,-2.999463,4.05643,13.263726,4.5823965,2612.640488464766,634.3886387732738,1929.7285385085054,226.27353087493807,0.0016096889,0.0014332698,4919.012946816995,0.0063899118,0.0018127927,0.1993909512761021,0.0665537816764069
-374.95062,20.223846,164.82346,14.154915,-39.50408,4.127065,58.341614,5.2562118,-29.631308,8.087329,48.786526,9.028469,-13.226895,7.6073637,23.21627,4.6542583,-11.03037,4.4030185,5.9370923,4.3783164,1.6849864,3.169346,-1.3761891,3.7524812,9.313767,3.1412206,1434.5542392525845,485.411723813373,1735.7392758323786,228.44197170020857,0.00031947411,0.00041943524,3157.362114359774,0.009283873,0.00093282014,0.057256924303944315,0.019222923614860922
-378.93945,22.5913,187.45465,18.7094,-46.21684,5.3489885,59.164623,5.238678,-25.870722,9.759847,34.792606,12.329795,-14.975431,10.025926,11.804892,6.489203,-6.8915787,6.6923323,3.2587621,4.931704,3.3783908,2.9822736,-4.9565864,3.5355701,4.992525,3.397748,1225.04911141395,521.5297248914836,1443.8890034136575,318.4316713444964,0.00023383016,0.0003723786,2535.5971192539155,0.009577041,0.00082801696,0.05400549231438515,0.021118278242487538
-370.1994,20.022854,178.91187,16.408657,-47.713783,4.584985,62.115665,4.730198,-28.442072,8.913598,38.047745,10.786101,-15.789364,8.857192,15.556694,5.899147,-7.1374593,5.899144,4.540233,4.3567433,3.587493,2.8451042,-5.8477674,3.5344927,4.131468,3.481801,1323.8842036668536,489.1769679619376,1546.381151069653,275.2640324563343,0.00028001203,0.00046890767,2832.1657822469547,0.009592099,0.00087165803,0.058661724187935034,0.020882239804789867
-402.6859,27.356232,179.9638,18.6984,-25.824728,6.248314,56.17658,6.940345,-27.447449,9.621407,40.19244,12.393815,-9.609677,9.324338,15.842727,5.7984724,-8.074068,5.1025014,14.249062,3.6251223,5.7734137,3.096451,-4.9491124,3.4606102,5.41758,3.7980857,1148.0268587762841,554.3423740351761,1524.1864328243244,335.55441859237374,0.00019659518,0.00040397965,2339.6749474332946,0.009513268,0.0010572701,0.04787875217517401,0.028464106089025314
-378.90335,23.198154,182.49046,18.425312,-44.226513,4.326488,61.219646,4.7243614,-24.79064,9.826056,36.989883,12.328741,-14.682207,9.11373,13.303478,6.766835,-7.4563255,6.260587,3.6152513,4.8316483,3.0480182,3.1400013,-5.569004,3.63014,5.182651,3.4225643,1249.5894979460886,521.5161117064679,1491.6045385427146,314.77719298785627,0.00023537636,0.00030845348,2641.614420950551,0.009667268,0.0010717115,0.05232539696925754,0.019450599654867316
-375.43137,20.695433,160.4159,12.602105,-30.592499,5.4516554,45.827335,6.2149234,-43.935127,6.834745,40.78326,8.801015,-25.7143,5.165842,25.50579,3.6659143,-5.069136,5.1512675,12.357476,3.70156,-2.0559335,3.3963606,-7.191069,3.593225,5.300857,3.5597045,1596.9974707953693,443.74244238800037,1856.1992872523986,183.09050003845337,0.00037645746,0.00069512957,3484.906614794809,0.008846926,0.0013616306,0.07654913174303944,0.015718357613253655
-379.15967,20.389868,152.05177,11.834623,-25.607117,6.2160993,49.07681,5.2824626,-40.136192,6.6541147,40.596634,8.094475,-23.983639,5.371958,24.209455,3.4478667,-5.2240133,4.9423957,15.509092,3.5131316,3.8244944,3.4846108,-6.4016333,3.3784306,-1.2899364,3.5963192,1620.1427013076332,445.49627534533465,1915.905682081841,162.34361156237486,0.00033542485,0.00051822816,3720.248037811775,0.009306592,0.0013350161,0.07172749601218098,0.017748236630844485
-360.71948,16.946205,139.51355,9.378235,-41.66519,5.0943384,63.351418,4.382202,-44.92491,5.877808,36.920677,8.408333,-31.166855,4.7567024,30.476263,3.4273748,-6.226226,5.1262984,2.7685888,4.6540947,3.3714273,3.614987,-3.977527,3.94496,-5.4276075,3.841465,2011.9091516865506,367.440932121825,2034.0104361960696,115.34751579680527,0.0005896334,0.0012199028,4669.207806155742,0.008872888,0.0012893848,0.0954029056699536,0.019613411840585213
-369.9813,19.845177,159.10558,11.654999,-33.31698,5.022513,46.567654,5.4472194,-43.266403,6.886317,42.76752,8.387609,-25.21887,5.374864,26.491879,3.8071184,-5.1488013,4.9957137,12.238163,3.6412275,-2.4134758,3.733127,-6.918654,3.9669316,4.9158173,3.3335369,1629.5131604195888,427.52888489052214,1877.883440080481,173.39775294965503,0.0003631148,0.00038999048,3607.6608609157483,0.009132563,0.0013569274,0.0788081405887471,0.017612854448334426
-372.41727,20.894299,181.39264,15.997058,-47.499157,4.934943,63.615467,4.6757703,-29.225904,9.206451,38.1578,11.203999,-17.506718,8.673133,14.127166,5.482144,-9.161395,5.8154764,3.3421118,4.366132,2.9604328,2.8438773,-4.4961267,3.2990453,5.3808002,3.284029,1297.8284305021677,483.2703079461408,1531.8713980205318,275.98571230656904,0.0002762277,0.00053738547,2766.7667964218385,0.009692803,0.0009242718,0.05696350239269141,0.019016683857169835
-370.9415,19.208805,157.47118,11.914576,-42.613228,5.381314,72.423,5.042657,-31.30171,7.207523,50.127872,9.068341,-23.065748,6.154455,27.423885,3.5397341,-10.730616,4.3405347,9.775332,3.9462605,0.82710695,3.3082814,-6.253062,3.1597295,4.387618,3.1214004,1611.2822175536448,433.71075202784596,1892.7718668698785,187.41215827075308,0.00037380581,0.0005192722,3721.3721609447507,0.009394823,0.00086793536,0.06355359991299304,0.01985355362795285
-330.83322,13.341445,160.56754,11.527926,-79.13313,5.319253,67.18697,3.9198642,-52.77648,6.1069136,38.199146,8.452771,-32.780582,6.8090534,22.662054,4.5514545,-14.460013,4.741209,4.382085,3.6475558,-4.524422,3.4308822,-5.396744,3.8935533,8.230087,3.0929456,1969.0016934315252,357.5006596110545,1769.6210862356168,168.73431767111487,0.0009582724,0.002636571,3964.0578550971577,0.008359027,0.00076950033,0.12468731873549883,0.016811147098210577
-342.6666,21.41391,166.05405,13.361235,-66.42506,7.0182934,63.14484,5.092863,-39.02117,7.9075127,40.868565,9.030203,-22.822813,7.400152,20.751581,5.299067,-12.245382,4.82409,5.8497953,3.6601515,-0.6642987,3.6046627,-5.0450406,3.3183928,8.809992,3.3729343,1713.8838537169752,407.30610464188555,1705.3125229637856,204.92111921956007,0.00058102765,0.0006936692,3531.1455463312063,0.008623069,0.0012504391,0.0956000308149652,0.021797602453575583
-395.74356,25.257687,180.9029,18.145243,-42.72465,4.742618,48.319595,6.6826797,-27.311172,10.290129,44.209496,11.370188,-8.995746,9.264928,19.32497,5.6835713,-4.331268,5.4882717,8.334589,4.4145255,-0.064034276,3.4050572,-7.8360076,3.563825,4.195431,3.519058,1258.1705184362222,528.2494226400424,1472.0966424440492,309.0965940807627,0.00022577136,0.00041404986,2357.7358591031034,0.008991386,0.0009906063,0.06647082547853829,0.0199393276932435
-419.9118,31.88782,176.71274,20.0029,-21.570154,6.9224405,58.565113,6.704475,-18.901583,11.418091,37.98284,14.38044,-11.269334,8.794286,20.153263,5.425233,-1.5697671,6.129395,11.865542,4.6029873,6.1516027,2.9993622,-5.5405755,3.4520433,0.7196511,4.375129,1083.7965937235829,617.5668334845369,1487.7508182081565,357.5593423138882,0.00018298184,0.0005797216,2234.4320416727087,0.009667817,0.0010408259,0.036295950551044086,0.02062891682078008
-368.28827,18.353836,148.56848,10.280361,-31.830235,5.616184,59.974373,4.5125623,-41.09308,6.5550222,38.76745,8.48072,-24.196255,5.9461484,22.961376,3.5991,-19.101767,4.3111067,10.361826,4.0641594,6.313344,3.7320862,-4.2191377,3.9628303,12.396702,3.2660942,1768.798582648147,401.91059598695375,1987.8058477272155,138.45103261706646,0.0004369894,0.0005738519,4058.23439312645,0.008984773,0.0014840303,0.0755940944025522,0.016740767789691486
-427.82288,34.008118,178.84485,21.472727,-13.079612,7.736852,48.947193,7.7592254,-14.250097,11.9939995,32.01855,14.637783,-6.130342,9.549831,15.626485,5.460011,-1.2183926,6.2283072,8.187541,4.3600507,6.05815,3.4342563,-3.0836086,4.100868,5.3295755,3.7800505,988.8035344495532,621.4067093932769,1389.2928207974983,378.42757819656305,0.00013714556,0.00025503416,1964.2428015334976,0.009638221,0.001582549,0.031056273564385152,0.02143709063157247
-387.97195,23.24839,166.14803,14.307697,-39.91507,5.680466,45.60248,7.065331,-44.398705,7.9483333,43.954628,9.296001,-28.453728,6.2205076,23.61151,3.5719233,-15.5883465,4.90983,4.359253,4.706551,2.1621225,3.5213118,6.368653,4.4611797,14.775962,3.794182,1584.5137307145947,488.62962184933974,1784.7457168700375,203.72050342508336,0.000412133,0.0012237836,3177.546369725203,0.008134166,0.0009735057,0.08077712623259861,0.018114791909216173
-383.32602,21.404072,158.25475,13.2607155,-33.952183,6.236489,43.122322,6.6236324,-43.158043,7.3944016,40.56857,8.624986,-25.142084,6.006878,25.079834,3.4943752,-8.75141,5.3476205,6.572575,5.1434755,-2.2499647,3.9156806,0.91671985,4.1986947,15.391619,4.150655,1628.3616913729509,463.51766656960575,1846.3278338483242,180.29691843274085,0.0004067694,0.00082578964,3474.9144091683584,0.008132595,0.0010872227,0.07935873151102088,0.017413896314977126
-375.00177,20.793987,181.90932,16.224415,-48.35738,4.156306,65.35233,4.2900324,-28.95702,8.888179,40.22478,11.195944,-16.604445,8.713182,15.165617,5.6529694,-8.279589,5.8123503,5.0336595,4.6182504,3.812752,2.8550637,-4.665052,3.442687,5.361932,3.1867182,1287.2147917251211,484.1283947547759,1533.3275091320215,275.36981167567495,0.00025768674,0.00035534202,2765.7425953451275,0.009672576,0.00085130526,0.05453908968967518,0.017834822975298644
-377.59494,20.991688,149.89018,11.52702,-26.217363,5.508943,43.102985,5.430278,-37.8202,7.0194163,35.791496,8.547713,-24.239569,5.4192486,22.36356,3.2763267,-3.8627572,4.463409,15.118184,3.5592604,3.0747328,3.2133033,-6.1529584,3.2854242,1.0434895,3.6403096,1637.2749347881934,438.73974803501136,1886.9796690233431,169.86030118211005,0.00033907083,0.00049310573,3632.8412190944027,0.009164992,0.0015614803,0.07702721686484919,0.017666465145018434
-377.68982,20.451298,172.15259,15.74059,-44.268208,3.8871202,53.374584,5.2034144,-29.01915,8.203848,44.673664,9.961245,-8.281589,8.998365,19.403763,4.76209,-9.033551,4.534464,3.937369,4.456613,1.4293493,3.0947196,0.1564267,4.4833717,7.7068133,3.1396494,1355.2330511465282,492.5575327664138,1593.4362157491412,259.1767751729943,0.00027881569,0.00029527288,2835.3133270192866,0.009002301,0.00090605766,0.06003027117169374,0.019660673833775285
-390.3997,26.30422,173.73988,18.279358,-32.43645,4.9799356,48.33493,6.4242454,-22.894907,9.7201605,42.33628,11.922347,-3.732453,10.173253,16.656282,5.4355845,-7.740661,5.6066723,2.3391397,4.6908035,2.102076,3.2130826,0.5229032,4.411704,7.844204,3.2350116,1231.1176024177194,558.5749566718398,1525.5378434833463,317.70672171989196,0.00025100858,0.00065485894,2500.224711336282,0.009353466,0.0012781352,0.05044024615719257,0.021818110792658992
-405.28345,30.042076,170.89716,18.116377,-26.868582,8.327555,61.82671,7.241251,-23.529316,10.073143,42.435425,12.321393,-14.665943,8.423598,23.02447,5.059149,-5.2876763,6.140143,6.7577677,4.437604,0.5725999,3.4115975,-9.11768,3.3347542,1.5942008,3.6071985,1215.9612707520864,553.1763255836979,1612.7768858062993,319.01023022950494,0.0002067274,0.000440557,2631.622215324101,0.009608067,0.00094973395,0.042265217154872387,0.019972269894877413
-338.6472,15.96329,147.00053,11.9638815,-66.13502,5.569406,78.040115,5.88891,-46.31827,6.431038,48.45676,7.299547,-33.52945,6.4457636,23.498573,4.5863957,-11.224729,5.196996,9.783348,3.6450799,-2.3528612,3.1796343,-6.6872835,3.5996666,11.5169325,3.3982549,2129.330381704781,382.6156558238756,1950.0925593552938,146.20821336820097,0.00088385446,0.0007064786,4449.803951112964,0.0081625115,0.00094979076,0.13354095671403712,0.0320871345558352
-388.49573,25.752182,177.07008,19.250055,-36.417942,4.923856,56.918827,4.899189,-18.98004,10.347031,33.978336,13.457817,-9.543959,9.700102,12.200492,6.379634,-3.7475817,6.171929,3.2029529,5.048888,4.4117846,3.204487,-3.7287655,3.297294,5.28334,3.4431164,1198.8667231799134,563.1745364715173,1477.9098606463474,329.69460868689214,0.0002778921,0.001402971,2548.0374152588456,0.009883202,0.0015064882,0.04480971758990719,0.02055749566465634
-381.6827,20.925287,160.50291,12.325871,-30.930077,6.129303,48.46474,6.0979905,-43.84214,6.8064995,43.02089,8.455756,-25.90625,5.7270937,25.635042,3.1036847,-7.513241,4.6337743,9.092286,4.136808,-4.799236,3.6752696,-8.642341,3.7456324,6.892981,3.1603162,1587.0475620971538,451.7476309926609,1859.7494787403766,177.9760128062976,0.00033548527,0.00036824433,3486.7052118075694,0.008770365,0.001055705,0.07535391893851508,0.018004995349823978
-339.39423,15.954665,154.92271,11.535114,-75.985306,5.293332,50.693092,4.691287,-44.32642,6.7808504,40.6549,8.5148,-22.225872,7.0093346,20.702518,5.0893354,-13.273154,4.429203,7.941072,4.263339,-1.599209,3.9701705,-2.9905312,4.061364,15.862999,3.7617934,1904.8115686673673,364.722416307292,1713.484462861225,178.64775413446594,0.00070177554,0.0007883216,3733.4627297527554,0.008174723,0.001403723,0.121572968024942,0.01602116441340435
-387.0041,24.679842,192.15187,19.39768,-46.379658,5.324647,60.001057,5.532564,-24.960398,10.777166,32.737774,13.087126,-15.115126,10.954234,11.844914,6.459353,-6.697584,6.416445,1.7170539,4.7539506,2.0374782,2.956285,-7.159583,3.562369,2.5139909,3.505831,1180.1181546254734,519.138568369906,1399.2101837231744,338.6599007594911,0.00024133018,0.00078657316,2439.9966919228536,0.009526766,0.0009928559,0.05134770156612529,0.018436368382205217
-404.662,28.261276,174.61852,17.33494,-27.950018,7.14869,63.597637,5.967933,-24.109148,10.034952,43.410126,12.299436,-15.18753,8.264983,21.593061,5.1431537,-5.781743,5.5889454,7.160098,4.788435,0.842804,3.4220858,-11.784975,3.051168,2.1920676,3.6241288,1190.5633134066043,557.8045910001672,1580.747438249126,314.76092731567934,0.00018719293,0.00026912647,2538.844586082512,0.009646147,0.00096987246,0.043099033860208816,0.020928978098961604
-376.66296,21.333534,170.07774,14.8518505,-45.721912,4.0910187,57.135395,4.9830894,-32.968723,8.316165,50.771507,9.985339,-12.744612,7.9454136,23.335562,4.7469077,-13.332258,4.612364,4.48589,4.371168,2.04473,3.4985712,1.143344,4.0137124,10.18571,3.3147004,1440.3173290410716,498.07610538215323,1686.8794790575384,244.31740987965136,0.00031267168,0.0002971283,3055.641461082512,0.008990515,0.0011025013,0.06418802566705337,0.01959533735541002
-379.60724,22.027346,185.08708,17.210821,-45.742004,3.9975147,63.020626,4.2148457,-28.024837,9.312429,35.953663,12.147957,-17.167582,8.903517,12.909486,6.114807,-7.8019953,5.798989,3.4170961,4.803469,3.8394337,3.107887,-4.5525174,3.549331,5.139971,3.3612628,1249.0609696337729,504.41402182776517,1484.45191769983,300.9434810107415,0.0002276168,0.0002830002,2636.8931037920534,0.009612632,0.00088704325,0.053265706569025524,0.01840105963590913
-445.61243,38.763287,184.84415,24.274004,-6.477503,9.437083,44.961704,9.788521,-15.14494,12.365959,32.70864,15.5639105,-4.406249,11.236466,12.195704,5.6703873,-3.799521,5.975137,8.915973,4.594791,7.4970374,3.4346387,-2.318987,4.1980214,6.284966,3.74681,921.9312914055038,663.2823659890905,1318.4085176233739,424.5524131761399,0.000119463904,0.00026090996,1778.0130691705338,0.009641404,0.0015566411,0.028876567937935034,0.021998806312198704
-383.5864,24.254349,190.83542,19.663082,-45.682865,5.250124,56.768642,5.478424,-23.967064,10.3549795,34.33082,13.050837,-12.878299,10.271329,11.512875,6.717342,-7.467088,5.960508,1.3130721,5.4140553,3.7278137,3.1119082,-3.9691114,3.4542258,5.3521514,3.4513993,1180.1052410911952,513.6906195598336,1400.9878774285035,341.2607114775028,0.00024041008,0.0008259796,2431.7531222810326,0.00962377,0.0010042973,0.05150517510150812,0.017238299030921524
-372.359,20.552288,181.60141,15.760863,-48.94903,4.318443,65.00783,4.385168,-30.222696,8.362062,37.848507,11.051335,-17.632921,8.688649,14.726256,5.7474694,-8.692714,5.721137,4.503699,4.354732,3.4186678,2.9364133,-4.6744194,3.3834198,6.0469146,3.2291312,1305.3136130555192,478.3935464813317,1534.0852863632454,273.9634352456645,0.00025402804,0.00031022832,2796.9682379277842,0.00971516,0.00083106646,0.05760925717807425,0.018936846629478823
-399.58643,41.043938,171.30649,20.959518,-32.4719,14.130462,63.869457,7.5679984,-25.743011,12.089989,43.145573,12.846151,-17.366613,9.270184,22.812372,5.535696,-6.840809,6.0370927,9.20773,4.7016563,4.000502,2.9904377,-5.3344045,3.6812034,4.391778,3.795054,1308.662134378218,629.2553922611576,1633.6642599722247,356.9410991554872,0.00037887,0.0019586354,2819.1509344185033,0.00944098,0.0008990163,0.05202291183294663,0.03288077334151424
-381.48126,20.395626,168.35281,13.576907,-40.90463,5.0521355,46.676052,6.492328,-45.72172,7.518426,47.984776,8.210876,-25.853748,6.272848,25.96235,3.4355874,-15.102655,4.3198113,6.8099194,4.6721034,0.49508014,3.5819356,5.0173254,4.658606,15.729483,3.4173038,1583.8444932006335,464.96476420527745,1805.0315384522735,188.60443334266606,0.00036526128,0.00050279766,3243.8446540566997,0.0084439255,0.00087718363,0.07987986695185614,0.019360167937254313
-399.29083,27.521338,182.40889,18.977556,-35.01373,6.0538697,52.281155,6.606497,-25.718428,10.123627,38.558693,12.474321,-8.402638,10.2283745,18.931318,5.2994432,-6.4713573,5.534092,3.1522672,5.4365263,0.5063749,3.7423255,-3.509832,4.316316,5.158961,4.029573,1167.842025965178,550.9221262531762,1459.6154191511919,322.885226872136,0.00019549055,0.00031533584,2348.867776609629,0.009412771,0.0011795934,0.045970943300464036,0.020118202914695443
-363.50732,18.81438,130.27168,9.523527,-36.31252,6.0062413,69.33564,4.965185,-45.52388,5.157698,31.306831,10.051277,-23.395626,5.938731,27.416061,3.4993865,-13.823121,4.4493146,13.529114,4.650669,12.841777,3.2037742,-10.004257,4.3682213,1.6692891,4.052331,2106.9322553217617,380.50390356435724,2068.6837763062485,109.26484702428625,0.00063263206,0.001260541,4670.756598027842,0.008541595,0.0013197808,0.09635567720417633,0.01894475156007527
-370.8546,18.79815,148.5898,10.910704,-39.27683,4.3569183,68.06095,3.9921303,-26.454649,7.202667,48.10723,8.813595,-20.162354,5.887279,25.68819,3.8380153,-8.133591,4.2557383,10.689929,3.8067374,3.6683242,3.2850306,-3.0883906,3.554585,7.791978,3.5928364,1655.0232741493,434.45770931519286,1929.1791711509895,167.30038276971374,0.00040227053,0.00065643905,3845.475354825261,0.009422366,0.0014853,0.05972552022911833,0.018861074503686133
-371.9784,20.359077,182.20505,16.014174,-50.269596,4.8159537,64.24966,4.7525516,-31.127111,8.7126465,38.98355,11.313974,-16.267601,8.94648,17.29903,6.3340344,-7.830485,5.618682,4.516991,4.7964687,2.306799,2.7379656,-5.929854,3.4810665,5.120445,3.3965166,1315.4717618894626,477.4040920241581,1540.659633132964,280.97395438089444,0.0002843611,0.00056588475,2825.4959849912993,0.009574359,0.0009812353,0.05676297853828306,0.01708080949183111
-376.63235,29.144379,165.06812,18.188564,-38.87533,10.142103,61.195023,7.324666,-23.267189,10.714321,34.06101,12.027001,-15.072971,8.91745,14.841714,5.9020424,-5.277245,5.8746157,6.525999,4.817933,5.7043524,3.1271262,-4.003891,3.7095742,5.939357,3.9375827,1393.4530274555054,551.3503664005971,1626.5985594228998,302.60501796863434,0.00039305564,0.0016883779,3047.1231057859627,0.009643442,0.0013583084,0.05476227160672854,0.028160963726243715
-367.20816,17.737947,161.0753,12.480274,-48.94934,3.8795435,63.86144,4.6599154,-32.541645,7.2088213,52.836365,8.174079,-16.407108,7.313478,26.47854,3.8559062,-13.895662,4.330242,5.5424204,4.063415,1.7646589,3.4461124,-0.85496503,3.5989044,9.532911,3.211499,1588.7629011652687,444.6452512657735,1809.7824231175766,196.94925398720966,0.00037557897,0.00029325142,3515.4078224695477,0.009112607,0.0009487755,0.07161647150522042,0.01930461791414888
-376.49854,21.923422,182.238,17.034409,-43.9496,4.842493,61.14012,5.1907854,-26.711508,9.138601,37.413795,11.559053,-14.170621,9.038673,15.494724,5.6849895,-6.0665536,5.8617454,3.7926118,4.6320243,3.533064,3.0653214,-4.9174647,3.0282419,5.2390084,3.373383,1249.7460059155346,490.95844221116135,1504.873912400022,295.7001486896951,0.00027129098,0.00082678674,2649.8579905923725,0.0097595975,0.0009662902,0.053325750435034805,0.01825426894581518
-384.81134,30.21679,160.52133,15.9084635,-38.048336,10.953132,71.22313,7.1573095,-27.945429,9.39086,49.261147,10.155369,-21.184584,7.4888353,25.2408,4.958118,-10.529841,5.1659174,8.814691,3.977672,0.45533714,3.3671074,-8.673012,3.6146407,3.307791,3.6000533,1503.2837676370602,521.5181285117258,1816.2224080893666,258.81582814665256,0.00033958355,0.0005817007,3397.3748935071058,0.009344252,0.00079708156,0.057117577218677495,0.022874237489863867
-367.19196,17.77865,139.08476,9.480422,-41.27113,5.0609064,69.90992,4.268397,-42.935543,5.8506956,30.674587,9.487221,-27.672686,5.5285664,32.604992,3.3071628,-13.806482,4.5517817,8.006475,4.7013783,15.7427845,3.2842205,-6.097042,4.005119,-3.3547592,4.649023,1955.6603755617373,373.38914711989895,1989.3885814376763,126.6141549288602,0.0004942965,0.0006088674,4351.455667234629,0.008877048,0.0013500943,0.08915381199245939,0.017272454863412865
-382.66827,21.94,157.04088,13.28207,-32.957195,5.419681,38.020092,6.770745,-38.74439,7.7703133,37.54523,9.034696,-23.770605,6.085842,22.398174,3.3262649,-9.411722,4.926746,4.879459,4.235238,1.8974841,4.186951,6.6554184,4.5572643,17.142784,3.6543982,1593.2652745018172,456.41759281295566,1801.185828026736,195.62807739798808,0.00036132813,0.00058296137,3270.7236871918503,0.008273764,0.0017375167,0.07932021280452436,0.0183450275544214
-363.24173,17.41493,162.46701,12.473333,-49.275032,4.368642,62.75535,4.6717224,-33.483627,6.97246,51.813,8.478001,-17.403847,7.017773,26.32679,3.9219947,-13.471204,3.8649826,5.8532214,4.173026,1.2696723,3.1619473,-0.68538857,3.563149,10.25653,3.138028,1588.1154877307724,435.35824026321757,1807.9362810879998,196.73286009598,0.00044653725,0.0010537808,3510.8363883954466,0.009080717,0.00094493094,0.07152697215777262,0.01875077177163727
-382.08392,23.94715,191.09314,18.879236,-47.624203,4.945402,60.107967,5.0101943,-28.101274,10.565031,33.895355,12.800022,-16.828978,9.88109,11.646061,6.424948,-6.402354,6.175657,3.5608492,4.6595235,3.775968,2.9057076,-4.438331,3.6290545,6.2334003,3.2936893,1204.0036727765694,516.2762921580578,1420.892202598201,318.31091098775926,0.00021468758,0.00028417082,2477.717268162703,0.00951018,0.0009273393,0.054414470345127613,0.019640696756080128
-401.47488,28.674458,176.6901,19.454397,-25.359951,5.8497367,56.215416,6.852918,-22.638344,10.407657,40.29365,12.695944,-10.237189,9.934595,14.239196,5.6340303,-7.6460376,5.0679474,10.582874,3.9042842,5.1962266,3.2979558,-2.6829486,4.1336265,5.344148,3.8123405,1162.4550561918086,588.0376997106601,1526.1502694488372,339.5281713196482,0.00021558523,0.0005424628,2392.7835203378772,0.009453924,0.0011872498,0.04675831097737819,0.027752489004124727
-372.14658,20.464174,178.97072,15.916225,-48.120445,4.6649084,64.941185,4.534767,-28.987236,8.893325,39.346226,11.381715,-16.592438,8.709412,16.031029,5.5750256,-7.090274,5.813583,4.06827,4.2801976,1.938377,3.1015105,-6.56048,3.4728246,4.403804,3.414557,1327.204528700282,490.12673974312787,1557.4967339079246,270.7533923669476,0.00030355726,0.0007245821,2860.0190554306846,0.009591122,0.0008964494,0.05734302494199536,0.018090382177160472
-373.0748,20.284182,180.37642,15.795133,-48.91225,4.472862,65.010315,4.722578,-29.787323,8.319264,39.796974,11.215539,-16.13936,8.533803,16.884312,5.793045,-7.716653,5.603232,4.0437527,4.610911,1.4056885,2.9605238,-6.2545023,3.4304872,5.2963777,3.3107095,1317.8301897910662,474.09307925228126,1550.6654733699922,271.0285602377288,0.0002728599,0.0004237555,2834.9136387942285,0.009628765,0.00087611174,0.056624764356148494,0.01737057833428357
-380.12286,20.881878,154.25584,11.4234295,-28.419477,5.6334066,56.132412,4.8790007,-39.844524,6.8844624,38.110634,9.896248,-21.088573,6.371781,22.163692,3.6463435,-8.720933,4.566899,18.75001,3.7701743,3.7401483,3.736695,-6.893159,3.6996717,2.723068,3.8285296,1590.1122946679016,438.1304470672456,1880.7679471660015,172.7822988505637,0.00030090156,0.0003075832,3649.7030660890373,0.009298624,0.0012428104,0.06497199463457076,0.016545009424480037
-409.26468,29.400747,179.66136,19.610088,-25.808172,5.8818903,59.783787,6.7399335,-22.385612,10.390744,40.09016,13.644883,-12.517052,9.451721,14.867378,5.6315937,-9.091983,5.3546925,11.577527,4.0026026,5.1497617,3.1464539,-3.192787,3.8970587,7.633433,3.594809,1125.2435234959605,585.0953616858018,1508.5894888950368,347.159041675594,0.0002475211,0.0013100293,2326.4602554923144,0.009378219,0.0010766886,0.043876205408932716,0.022392296490690657
-412.84506,29.417276,173.33798,18.556078,-20.155085,6.6833434,55.872917,6.466708,-19.224356,10.734242,36.626293,12.814437,-10.988197,9.325647,12.174378,5.4362426,-6.2408743,5.586893,12.135219,3.6301212,5.81691,3.1556945,-5.548853,3.6905715,5.863419,3.6677585,1118.2033082337073,587.8170182238579,1517.4635067250458,333.1336894535468,0.00018220513,0.0003567208,2327.4844565690255,0.009376095,0.0012546737,0.04084229082076566,0.023423720399188563
-378.85114,22.235008,184.70265,17.06517,-45.595978,4.6586976,61.93796,4.7593465,-26.585602,9.412616,37.04356,11.685314,-16.84286,9.535355,11.373,6.1315155,-8.815513,5.559482,3.0997949,4.759224,4.4992495,2.886412,-3.5643437,3.6010218,5.4201336,3.481769,1241.7707961182252,495.5579372882258,1479.476522272384,299.6850778559543,0.00022638545,0.00033042056,2606.716642800174,0.009728419,0.0010005033,0.0539171258700696,0.018955974354682253
-372.1057,20.73811,179.18013,16.213446,-48.73752,4.3232517,64.56519,4.177557,-28.990398,8.4737625,39.229626,11.433804,-16.77088,8.258914,16.75067,6.2540097,-6.9887915,5.466512,4.720147,4.5295897,2.6773322,2.9988456,-5.9056087,3.401421,4.619812,3.2626743,1330.7647551836644,482.8565619091361,1558.5701052671623,280.63825521663335,0.0003194405,0.0010809981,2869.736475402407,0.00963205,0.0010129185,0.05710851399361949,0.017572321819837252
-369.50406,17.934998,136.2718,9.143377,-35.30194,5.333878,65.722145,4.4197636,-38.435642,6.169977,30.316902,9.26969,-27.971361,4.818706,30.045225,3.2246506,-9.310656,4.2282314,5.151913,4.639388,12.318142,3.1070168,-3.1493628,3.128686,-6.785081,4.0839972,1924.6218393994463,367.2758124339806,2007.9536924705938,115.83120783432915,0.0004901502,0.0009936871,4437.088869453306,0.008819543,0.0014508741,0.08332275957076567,0.01667216362433242
-377.96436,19.905613,165.06906,12.567398,-42.858685,5.0556645,48.151955,6.022218,-45.305008,7.4997396,47.076878,8.03637,-26.282255,5.7608423,28.226276,3.525755,-13.84895,4.1254807,5.2298927,4.614298,0.5994979,3.4692235,5.1796193,4.097098,16.71665,3.2325916,1629.5962357323306,440.02823353867484,1833.7552922893235,176.4495980017268,0.00037928313,0.00032684862,3417.3842852740718,0.008312184,0.0010281119,0.08240737383990719,0.01818173602040206
-378.1877,21.050213,175.2588,14.988778,-49.10777,4.127322,55.09457,5.316244,-32.42249,8.220853,47.40498,9.910331,-9.21366,9.077031,19.82153,5.0095987,-12.607728,4.7098985,2.2888982,4.8021755,1.2093823,3.3073845,2.0923645,4.115996,10.497225,3.3688393,1374.119028026635,470.0419182962953,1588.894457316212,258.5818123344428,0.0002942986,0.0004962922,2847.4288763413574,0.009049388,0.0009827627,0.06493347592807425,0.017178850527055266
-376.86752,31.464842,182.56398,17.608118,-37.57764,10.081166,56.200817,6.0021605,-33.89767,8.968008,33.191822,12.031238,-17.50439,9.901003,15.33855,5.7826724,-5.3304157,6.0391154,3.7436037,4.5282607,-1.9640231,3.305547,-7.922286,3.7390742,5.404581,3.4948637,1259.0139250582504,501.0238633861379,1509.6172340373798,300.85343604087717,0.00025588807,0.00039696394,2583.5097452327436,0.009634637,0.0017026935,0.055327590269721574,0.01958770507171181
-376.66968,21.989801,183.57492,17.07658,-46.044952,4.7018647,62.80383,4.9854293,-27.532564,9.1688175,38.162186,11.623275,-16.543749,9.347537,12.930208,6.2370005,-9.188028,5.856453,2.2402182,4.932051,3.287443,2.8350372,-4.7397685,3.3200686,4.699421,3.3879848,1265.557344779938,489.7890005158796,1503.7325031804844,299.284055645245,0.00025523992,0.00045117183,2683.1570158425175,0.009664849,0.0009160047,0.054528893561484916,0.018520258895640546
-373.2914,20.47455,179.79013,15.817224,-48.06423,4.549863,64.04352,4.378206,-28.162891,8.593794,39.718845,10.992826,-15.473496,8.740948,16.266212,5.8836823,-8.043147,5.3854313,3.3858745,4.736308,2.8066409,3.1561744,-4.95401,3.4551873,5.027143,3.2189775,1306.0449314702366,473.970422003447,1544.8384830576197,273.75762708004964,0.0002592914,0.00036899466,2810.707520664153,0.009665895,0.0009118278,0.055191641893851506,0.018057471639090765
-392.1319,23.654936,177.55238,17.365805,-37.02415,4.841191,53.777977,6.360876,-26.705502,9.123469,44.656685,10.68942,-6.2078753,9.808606,18.838417,5.2621546,-8.688921,4.8095145,3.6237068,5.218917,2.2852929,3.6246538,0.6983206,4.4181104,8.283691,3.312904,1225.5316908915156,530.3726512895392,1532.286536187175,291.67847197108154,0.00022853038,0.00038634206,2518.4604866045534,0.009287825,0.000992607,0.04960189783932715,0.020530844150964223
-380.72644,22.00195,153.23909,11.693837,-20.12554,7.7098756,49.54417,6.0822067,-43.849297,6.5349565,47.856667,8.026154,-28.73302,5.3783846,18.768917,3.6226506,-11.687349,4.4750834,10.499124,4.619333,7.4502373,3.464116,-0.5268232,4.031026,5.528378,3.6320388,1667.7509863474886,446.3912448141097,1992.3904654277803,153.28642177051938,0.00034374834,0.00042225045,4109.61931056047,0.009157108,0.0018866933,0.06945149361948956,0.01795338799017335
-370.84723,20.218382,180.13972,15.503189,-47.30457,3.9628963,63.767414,4.449663,-29.452377,8.140529,37.577187,11.1563015,-17.225765,8.568607,13.829539,5.7430086,-8.526377,5.489596,3.4729261,4.617983,2.592493,3.011375,-5.304929,3.0998914,5.2261715,3.2200418,1316.215433281639,462.06351163458936,1541.4251179735245,271.40965008299423,0.00025312952,0.00026719004,2825.8956732163574,0.0096310275,0.000990623,0.057573004277842225,0.017885869721344975
-385.26035,24.169722,186.47057,18.907042,-41.56291,4.9782834,55.75281,5.3651304,-20.672205,10.420832,32.578796,13.006698,-10.233264,10.01474,12.220975,6.344611,-4.450214,6.3560038,3.5386121,4.4905124,4.2750382,2.8398898,-3.9995134,3.7741818,5.668411,3.2571964,1159.0834411794322,514.3046256134097,1408.2916291054958,326.6057641334669,0.0001934911,0.00027667024,2406.522803074246,0.009774224,0.0009965131,0.04868198049593968,0.01998633715964834
-353.01297,18.1716,160.81877,12.657504,-37.480312,5.4002814,56.79979,4.9761257,-29.79914,6.816042,35.13351,9.660352,-17.5753,6.5855265,17.532505,4.2327867,-8.405057,4.7057667,5.789261,4.0949283,2.504954,3.310545,-3.7263696,3.530265,6.330571,3.8202658,1495.372410084828,420.5787234760509,1728.1599282361126,207.80825916900778,0.00039023394,0.00046350103,3289.608955825841,0.009482138,0.001939124,0.06629069388051044,0.01804408438480398
-385.5836,24.295036,187.32005,19.538527,-42.59406,5.4860086,56.384743,5.53462,-21.253794,10.394337,33.727547,12.977001,-10.71363,10.125565,12.849845,6.472718,-4.1461554,5.982712,4.546083,4.516482,4.43839,2.8007553,-4.0464067,3.3304696,5.398865,3.8558936,1160.2263576381172,518.9124498981172,1411.6706880880956,329.75472522533744,0.00024328454,0.0008346606,2405.6235045678654,0.009762441,0.0010749362,0.048549430829466354,0.01851543548344682
-389.01227,23.229113,179.64821,17.039484,-40.894257,4.255222,54.204494,5.7681994,-29.77119,8.597707,46.0188,11.450001,-7.479722,9.036261,19.561707,5.24392,-10.845449,5.038475,2.7874527,4.8095446,1.6279709,3.380167,1.2103853,3.9984872,9.629901,3.259162,1251.8752076507733,509.42317171821037,1533.0820345786967,289.9757481731374,0.0002239643,0.00027091452,2548.312200913573,0.009250684,0.0010616842,0.05515085738109049,0.01851115198146285
-335.40683,16.818777,141.66386,9.682315,-66.5134,4.965646,68.541145,4.6444263,-45.255985,5.8247585,36.819363,8.253658,-27.370504,5.987972,27.486776,5.0892477,-11.25057,5.0439777,12.362001,4.0705,3.1051774,3.2576914,-3.377839,3.5830002,10.870255,3.956948,2121.58059637471,320.4423646691301,1924.4249116113972,125.3666951322482,0.0009197121,0.001650892,4297.722581478393,0.008307843,0.0014389749,0.11745033352668213,0.02249324041016333
-374.65842,19.905766,161.54993,12.000491,-40.17733,5.1213923,46.582947,5.3573475,-44.283012,7.4220614,42.86227,8.559741,-27.454756,5.6329722,26.99028,3.5294487,-8.813977,4.6515393,6.884043,3.9833283,-4.395603,3.8502944,-1.3933378,3.5854592,15.761401,3.05597,1641.6918244319756,426.25798928537904,1842.9571524066505,174.54893935979806,0.0003672682,0.00039996096,3502.7676823520883,0.008673948,0.0011193587,0.08316981764791183,0.018037763265456266
-383.75162,23.570496,186.97762,18.777071,-42.606346,4.821713,57.036057,5.3299,-22.673157,10.019053,32.16747,12.94496,-11.6836,9.991873,11.391234,6.3413715,-5.0918183,6.128129,4.1601768,4.4471383,4.1502476,2.9792588,-4.3785563,3.5804243,6.1027374,3.6722364,1172.3729555178863,507.4525171610761,1414.974728468101,316.8269215974478,0.00020469274,0.0003218169,2433.7016023781903,0.009742637,0.000931115,0.0494081714037123,0.019599611204779325
-354.4196,18.866394,170.33327,13.295742,-52.19839,5.5231433,66.53726,5.165639,-34.399204,7.7026234,40.128223,9.24708,-24.831123,7.154052,15.407818,5.089047,-11.221573,5.2757587,4.882686,3.6495028,0.7775944,3.0641015,-7.6112456,3.1506352,2.485071,3.3786669,1523.6233517792216,412.5490284473655,1681.3810904225318,218.28186343310972,0.0003931774,0.00047061144,3272.27247906395,0.009456079,0.0011918441,0.07209229082076567,0.017001860761176282
-356.7577,16.942898,148.13968,11.098732,-50.383038,4.8134804,73.02504,4.538497,-29.433475,7.018063,52.043762,7.911511,-24.959309,5.946159,26.228514,3.7647727,-12.452221,4.4082675,10.003259,3.5722182,2.1459002,3.0469391,-4.5980268,3.3047628,6.977653,3.1857615,1820.9752756537018,410.42405200991493,1966.248473495463,156.5407894389445,0.0006394833,0.002064041,4097.578702780597,0.009149021,0.0010921314,0.07731157555104408,0.019771923618352616
-372.74905,19.954103,159.03317,12.504946,-33.89833,5.6529574,42.5824,5.526468,-44.803024,7.004658,36.297745,9.204064,-20.745691,5.9207716,27.280144,3.3914068,-4.7015023,4.4171214,10.109413,3.5692687,-4.178572,3.6025896,-8.288163,3.6363313,8.421594,3.2103903,1610.2982059224194,439.3015904227295,1821.8924620208775,182.2690197642352,0.00046029847,0.0014398166,3461.649756199246,0.008381387,0.0009877118,0.08025938950116009,0.018724303892573912
-412.00833,29.006844,179.57199,19.188927,-22.075144,6.546077,57.682514,6.7823133,-19.492971,11.167867,36.929333,13.240762,-12.788247,9.147266,12.582385,5.6340895,-5.8511405,5.7942066,11.332091,3.8717773,5.533813,3.5513108,-1.1120987,3.9713004,8.693106,3.7326517,1078.0286854344565,569.6094932288505,1470.6991796691093,344.61723893444844,0.00017683693,0.0003379726,2222.9659857163574,0.009492274,0.0010778003,0.040485426334106726,0.02330134286673471
-382.19852,20.25983,152.83228,12.064571,-28.421124,6.534091,55.638615,5.434307,-38.34541,6.3626285,44.434925,8.814059,-22.296806,5.6128216,25.147272,3.607799,-7.515707,4.7549143,16.044989,3.7070787,2.8747938,3.4756222,-5.6096954,3.7313535,2.4895084,3.5815594,1615.9016618211665,443.07463213531355,1929.0081073390343,163.989558176011,0.00035350877,0.00080614863,3766.0373200949825,0.009177733,0.0012994491,0.0658194061774942,0.019406906637422984
-380.69592,22.010897,182.06532,17.760202,-45.929234,4.995848,62.710754,4.98522,-25.010942,9.660776,37.48436,11.949372,-14.214898,9.403493,14.350647,5.6870723,-6.0673738,5.7194386,3.4557998,4.575016,3.6003845,2.8681405,-4.8372316,2.9966917,5.159364,3.4271932,1251.502779555278,508.930100349723,1497.7508039353784,299.8817949291266,0.0002789411,0.0011452297,2663.9719810397332,0.009744234,0.0009207664,0.050785781612529,0.018437058613691645
-386.30325,22.154032,157.53435,13.012595,-30.22229,6.8940325,45.165127,6.2926116,-40.810795,8.018428,41.751713,9.009415,-25.545002,5.666553,25.991236,3.3802097,-5.643219,4.876188,9.344804,3.664232,-4.5027914,4.239966,-6.341106,3.9003384,9.641798,3.5001283,1605.9684719908828,473.90189184217365,1861.6990582370458,180.37460155992275,0.00036942496,0.0009611497,3443.164175790313,0.008630094,0.001230656,0.0789089689675174,0.020921320026784755
-371.90262,20.510363,182.73846,16.022142,-48.80081,4.6041517,64.66731,4.7052045,-31.025906,9.152369,38.546616,11.060511,-18.408674,9.0032625,14.407464,5.5594974,-9.042118,5.075041,3.1770303,4.667375,3.2300184,3.1858644,-4.684132,3.178502,5.8459687,3.2082522,1310.0408029868877,482.1569190503622,1532.3532832411888,273.9342677517452,0.00028785848,0.0006395178,2784.0533121555973,0.009681036,0.00089183846,0.0586923125725058,0.018572469114254662
-362.59375,16.86377,143.53926,9.882476,-39.676876,4.7019873,57.16826,3.8013942,-44.779892,5.669241,35.489586,8.370839,-29.526003,4.9333396,27.804733,3.2608542,-1.1542778,5.299849,5.6449356,4.1759467,-3.6272993,3.2752578,-5.8458724,3.8630002,0.66238767,3.3825934,1919.5980929650443,384.43784006496037,1980.2918982794301,128.83447646254194,0.0005431317,0.00050158217,4401.966266676334,0.0082923705,0.0014645138,0.0948160618474478,0.017000458930625153
-410.51416,28.88071,178.79204,19.491096,-20.257128,6.10942,53.444736,7.4898596,-20.890493,10.389697,38.13508,12.835636,-9.184412,9.340209,12.393825,5.9490185,-4.822311,5.599024,13.732748,3.3261516,7.231195,3.29246,-3.681911,3.7989104,4.990059,3.7735627,1083.4852593938838,572.2237247781251,1475.7514960417395,355.3512506876022,0.00017145381,0.00034861054,2210.350826112964,0.009554397,0.0013483108,0.042758030017401395,0.029206610962589363
-377.71185,22.857063,182.81572,17.55912,-45.498722,4.289091,61.495155,4.595543,-26.335543,9.514911,36.574886,11.89763,-15.191671,9.001781,12.66164,6.2904243,-8.42228,5.676534,2.2534666,5.0611906,2.8593717,2.8239954,-5.4769,3.6198554,4.5559072,3.2221434,1260.9844155431033,506.0376900630329,1492.3153814751447,306.1764118729005,0.0002875765,0.0012285897,2660.8743972955335,0.009727498,0.0009791758,0.05336993365719257,0.01699808780810753
-398.3632,26.275076,176.54619,18.121769,-27.896688,5.3192472,53.401764,6.767595,-23.12682,10.519154,38.07501,11.432875,-14.04667,9.101939,9.73978,5.345534,-11.228148,4.9469247,10.209666,3.7698896,4.635777,3.383516,-2.784395,3.7840965,6.656492,3.8672967,1191.0423007185836,549.3729431676312,1537.3844043266363,324.95378342102765,0.00022950469,0.00074208085,2443.3191002936487,0.009308257,0.0010626584,0.05031562681264501,0.02728985436791202
-332.17395,14.9586315,149.71518,9.363724,-83.770226,5.1989717,64.91213,3.9740145,-67.093094,7.051805,44.534554,7.1639547,-37.996185,5.7490335,29.194387,3.5228891,-14.889976,4.082968,7.8480263,3.7673125,-6.9969387,3.133046,-7.816654,3.6150434,10.476001,3.1996582,2275.45797515373,313.1337797126156,1930.828568985564,111.72222280882823,0.001159109,0.0008676806,4561.791595671404,0.007700334,0.0009359231,0.15341321055684454,0.022250790941277014
-370.62854,20.23742,186.00867,15.7192,-48.601,4.23715,65.50409,4.4647326,-33.2806,8.269831,36.47377,11.136617,-21.549227,8.545467,13.7286,5.7738237,-10.228118,5.6016564,3.643886,4.3401275,2.8353152,2.876937,-4.2409315,3.4595702,6.384925,3.4612114,1293.3796273117575,455.49309890127967,1519.7777941080667,280.16857600603527,0.0002574524,0.00030004658,2757.5489867314386,0.009688111,0.0008810114,0.058982335774361946,0.016283094900569485
-399.71967,25.82165,173.76653,16.34561,-30.622353,5.9553404,62.387062,5.9591184,-24.619728,9.3560705,42.883553,11.587638,-14.740203,7.951188,22.22614,4.4580846,-5.3310122,5.219541,7.011235,4.522333,1.7275444,3.1950645,-10.25927,3.1774018,2.558306,3.476435,1222.8063102903384,525.3173661096573,1597.7537116858748,287.9336107789727,0.00021333525,0.0003755944,2624.2030026464618,0.009480607,0.00096997054,0.04521416400812065,0.02025523216162522
-368.98615,19.036016,160.52913,12.683738,-44.919537,3.752161,55.1934,5.071436,-28.262177,8.332312,46.35631,8.797648,-15.954815,6.812496,24.426384,3.9079611,-8.267988,4.265043,8.509426,4.0754805,1.9945525,3.3033497,-6.662745,3.056166,3.8509576,3.0492687,1530.59171774125,439.7955046081054,1746.7886963382168,208.173734283745,0.00035568664,0.00038511257,3252.4629314095127,0.008914238,0.0011075435,0.07103755800464037,0.01896942991266157
-351.28143,15.396963,146.2694,9.326218,-51.794315,4.3233113,72.91752,4.366978,-30.672758,6.5565867,51.267296,7.2988033,-24.67976,5.6538835,28.116001,3.428457,-10.114627,4.1531305,11.114097,3.4024923,2.0370653,3.2104342,-5.20618,3.298445,6.1377363,3.0799317,1865.8100646749224,366.0749021678187,1981.1297683445623,139.25093356994725,0.0005660522,0.00067677995,4176.99175699681,0.009113525,0.0010534303,0.08391753371519721,0.018873673982826966
-379.86057,23.391031,197.6148,19.709797,-50.8014,5.6016564,54.98638,5.9633284,-30.18815,10.100457,31.470097,13.165884,-15.278567,9.756406,12.401652,6.9746847,-6.6754537,5.813143,2.7199168,4.675935,3.0444665,2.885497,-5.8091,3.1134923,4.4282403,3.523028,1181.1623879543183,492.1642470203876,1362.7983909838679,333.3575880879448,0.0002257938,0.00045262583,2360.3837935941124,0.009545672,0.0008723558,0.05683435143561485,0.0163269133492333
-366.4499,19.77797,183.00113,15.961135,-48.459316,4.2037597,60.49185,4.33096,-31.140404,8.357285,36.81429,10.765266,-18.036804,8.310615,13.777509,5.5997357,-8.012773,5.570681,3.5718856,4.3988676,3.2359238,2.87577,-4.809473,3.4409552,5.2619767,3.1149988,1310.5792128593778,464.9434577962868,1520.0668403097573,275.60897405040066,0.00029052852,0.0005572109,2760.2718627646464,0.00969018,0.0009285377,0.06138069170533643,0.017982501579627965
-321.07547,11.379352,138.08643,9.069383,-62.024185,4.3228803,63.082664,5.1329155,-44.643333,4.8611135,37.59459,6.958275,-24.99134,5.57799,17.563002,3.8859193,-13.064376,4.0808887,3.9945672,3.5927768,-0.4805601,3.383743,-5.4537487,3.3523624,8.069258,3.104822,2144.8699494088646,302.96677624423614,1914.4145243474936,116.97943125428326,0.0011027808,0.0019678124,4410.659485571346,0.00809313,0.0010642163,0.13597103393271462,0.018292919135074043
-435.876,43.758404,175.93062,25.619205,-14.066146,11.011033,33.50612,10.837818,-13.748772,13.792652,28.981806,14.3544445,-1.6422694,11.502833,9.4046,7.4699564,-1.7434936,7.373816,5.752577,5.8031096,0.14858155,6.6448936,-8.045065,5.4505677,3.8959112,4.643103,1076.5209845403888,640.4833492485914,1355.640395226999,396.27537683787716,0.00017706814,0.000320353,2057.7448656830047,0.008618308,0.0039768526,0.04574322977088167,0.030273140133725163
-378.21606,22.095758,182.04659,17.255033,-45.0092,4.462206,59.90598,4.5053897,-23.760319,9.693249,36.763504,11.785157,-12.319716,9.084059,13.21084,6.240183,-6.4195323,5.244151,3.6583188,4.7949495,4.2942405,2.9611576,-5.1946893,3.1092618,3.9892213,3.3983874,1236.869766463027,494.0089347503704,1480.805894602297,299.69589533067096,0.00021782464,0.0002913239,2628.074982326711,0.009803827,0.0008974441,0.051830318300464036,0.019242900532359736
-391.82047,22.813564,163.93771,13.498315,-30.090021,6.760482,44.342518,6.932025,-41.94722,7.9629736,42.74377,8.818697,-26.119434,5.8229494,25.641855,3.5062265,-7.4243536,4.593371,8.835912,3.7577322,-4.4917016,4.008583,-5.4450555,3.8504212,10.117937,3.307414,1520.0362619686548,468.4889245303641,1804.9688985868884,195.41196567695346,0.00032267466,0.000645437,3114.4206106801043,0.008543884,0.0011085956,0.07297368945765662,0.016742323373651207
-376.1736,22.62535,182.72833,17.511421,-47.917164,5.0223107,62.23772,5.0833845,-26.590153,9.589859,38.31353,11.696901,-14.69627,9.614605,14.685868,6.0508404,-7.2199655,5.4276404,3.6455412,4.7140136,3.45911,3.1092904,-5.300528,3.3557978,4.5939484,3.3286119,1273.8145846491695,505.0238771841779,1504.1737496417786,303.2605783364475,0.00026758187,0.00060929527,2703.840881489269,0.009741812,0.00093168224,0.05344810397331787,0.01743030660954487
-371.6852,19.059034,154.8568,11.6117935,-41.094303,5.3915176,50.13641,5.6133122,-43.727768,6.4057484,41.20851,8.718031,-25.269135,5.782386,29.075994,3.4377093,-4.1652803,4.9768934,3.8725264,4.4596915,-7.3224764,3.9828823,-2.1081302,3.9907868,10.940878,3.4419227,1729.7891103440354,424.13246677523705,1883.251085777088,166.14434425233443,0.00046192936,0.00078181096,3865.884434817285,0.008335529,0.0012241048,0.08638952834976799,0.016993316851810842
-407.33185,32.492393,164.04768,19.757105,-20.293196,10.232686,53.403713,8.726276,-15.727924,11.130059,34.932144,12.816226,-10.230655,8.116034,17.40279,4.9426813,-0.6920796,5.9074306,8.595457,4.6129355,5.2111664,3.7508676,-4.1786327,3.889626,5.242995,3.6176367,1195.0043552446298,586.4434997328532,1579.8407389805118,333.7967314977222,0.00018562567,0.00024832124,2572.568280071781,0.009527282,0.001955573,0.03888236840197216,0.021152658734835704
-395.23047,23.304688,144.67989,12.1446295,-17.699175,7.9020777,52.17183,5.376685,-33.54519,6.8221874,40.964626,8.838382,-22.202728,6.1405067,16.97986,3.397241,-11.553108,4.508052,9.136322,4.3259544,8.170853,3.5545683,7.3973074,4.6687126,10.465079,3.1813824,1579.8305840890011,479.1500543298622,1939.5304032046702,172.63544507188539,0.0002808966,0.0008613121,3770.9335008519433,0.010106858,0.0016921703,0.05433176841647332,0.01712573913413729
-340.64023,27.282751,155.34065,14.705111,-79.58927,10.667133,62.507023,6.551714,-48.27511,7.31703,39.693077,7.9991865,-36.793167,6.422295,18.678503,6.2448955,-16.546518,6.277132,5.8318205,4.0929136,-2.4941242,3.3801954,-6.5565805,3.053295,7.098112,3.5119839,2012.3967101964597,366.32749876593357,1782.9552082675407,196.01691715756337,0.0009393488,0.0009058651,3981.6940980278423,0.007928477,0.0023270042,0.12770537267981438,0.020661996093842384
-381.47086,20.79553,163.1825,13.169479,-37.77679,5.567358,43.41153,6.5611343,-42.403553,7.7663875,42.641953,8.820536,-25.47723,6.280992,24.338846,3.5143678,-12.58858,4.1734195,5.726902,4.2206473,2.183656,3.5632598,7.098201,4.2399764,17.337753,2.9766498,1575.5581081348328,446.3065688928795,1789.8907440276648,189.1429651655402,0.0003585088,0.0012169185,3204.9499936557427,0.008931207,0.0011439082,0.07706913428074245,0.015931395827198068
-336.46432,16.40331,156.4647,10.21229,-61.387,7.8760705,68.08163,4.86253,-43.058838,7.494942,39.100376,8.4886,-30.11311,5.5469365,27.095808,3.7998493,-10.300973,4.8446536,8.274871,4.0625854,0.20558691,3.200758,-6.483154,3.2130063,6.3882217,3.5885932,1866.5721222373188,359.9806886791909,1855.0594462135084,146.08206060646654,0.00068930705,0.0007133964,3934.231121302204,0.008822607,0.0012213906,0.10189444061774942,0.02637276555981206
-375.84338,20.064322,154.26021,11.892541,-26.076681,6.3427486,46.803345,5.640172,-39.336845,6.706688,39.538048,8.482196,-26.463589,5.625822,20.300604,3.3211238,-7.522908,4.4197364,15.600906,3.8584843,6.7326474,3.5584316,-0.92358583,3.9804842,2.1411881,3.4855196,1617.5099765918187,432.09572709020625,1904.3824533415373,162.75523019315742,0.00034099063,0.0003812304,3662.617991861224,0.009068022,0.0014468244,0.07290005075406032,0.015591905241341885
-371.11194,21.195915,179.57758,16.566408,-47.491627,4.121718,63.927513,4.57246,-28.51889,8.733444,37.70692,11.314967,-17.176579,8.550577,15.109561,5.416047,-7.2449937,5.503402,4.681554,4.581821,2.9541094,2.8083243,-5.3560734,3.051118,4.835842,3.396087,1317.2905424103753,493.327059417071,1542.8711653032817,278.1197608182284,0.0003104167,0.0008701171,2815.878487075841,0.009648471,0.00091478514,0.05722407011310905,0.018024449741429537
-379.14566,22.195124,183.7662,16.787937,-45.742123,5.0855265,62.574574,5.161937,-26.88053,9.484021,36.41531,11.89568,-16.394732,8.927234,12.099194,5.776613,-8.259199,5.430731,3.175364,4.4458723,3.6585803,3.0697274,-4.6413727,3.472342,5.186707,3.2882898,1245.908418064481,481.4484154421384,1488.4335141338715,291.23667556763894,0.0002406819,0.00049940683,2644.1124723571634,0.009671678,0.00090656243,0.05328836463167053,0.01801641578562523
-374.86798,21.330572,183.31982,16.694267,-48.20337,4.9023843,62.27391,4.773954,-26.908762,9.184159,37.45347,11.601091,-15.066378,8.906899,13.964406,5.8118796,-7.888666,5.605943,2.8023257,4.664462,3.2268999,3.014178,-5.1372232,3.520947,5.121802,3.0120244,1266.2587279993613,478.2198015376959,1496.219197997805,286.2351469611506,0.00025818494,0.0004545773,2685.5801257069315,0.009651302,0.00088562595,0.05491521352958237,0.017789948774937513
-391.56033,22.189388,151.50493,11.736522,-22.38143,7.335044,55.683502,5.3095264,-37.345573,6.602839,42.568157,8.279658,-26.094126,5.6452637,18.823286,3.3481238,-13.195844,4.189591,8.799587,3.9657016,7.138382,3.3531742,6.784233,4.4505124,11.26466,3.1568677,1558.6110316687036,450.39378846555223,1919.7360548617112,167.1256549188381,0.0002424029,0.0002740099,3680.9287086716936,0.010027651,0.0013087954,0.056255437935034805,0.017960841743296103
-389.28467,24.368118,193.09393,19.428436,-46.62131,5.671783,61.003128,5.497127,-25.24492,10.756201,34.249207,12.847177,-14.432171,10.136249,12.574868,6.6227555,-6.4974327,5.972113,1.785294,4.723263,2.2766628,2.7447321,-7.0894833,3.2099552,1.905349,3.3848011,1157.856776896966,500.4158763146299,1394.2140829078014,328.10736587579567,0.00021865976,0.00061795965,2406.4228810179816,0.0096015595,0.0008418575,0.048901763703596286,0.01766419112487034
-373.42883,21.465914,175.56584,16.829113,-44.843002,4.3292727,62.53506,4.517421,-25.933327,8.583647,37.909355,11.648085,-13.890917,8.817641,15.951322,5.6498365,-4.726732,5.3237925,5.144442,4.691259,3.3594608,2.9826427,-5.341662,3.1506553,4.724817,3.1441915,1317.9403240869258,506.1319747035548,1559.6145100782735,284.388428878564,0.0003268951,0.0012163427,2847.953467136746,0.009657311,0.0010421881,0.053726798143851506,0.01776932535224894
-406.21588,27.54359,176.0022,17.33152,-30.612633,6.5488424,65.52395,6.675587,-24.980345,10.507937,44.483746,11.750715,-14.997807,8.388847,22.419209,4.4760284,-6.3711267,5.5328674,6.7489233,4.6429415,1.2072972,3.1977952,-10.353666,3.3215349,2.1952765,3.6750484,1193.085611034958,543.6718492773418,1577.8246819090489,303.92586281438923,0.00020818265,0.00037856237,2564.474593514356,0.009497418,0.00088404387,0.0430605151537123,0.02146018132742788
-384.19568,23.841066,192.85283,19.532993,-47.2684,5.038977,58.61939,5.4203424,-25.249338,10.61826,32.247032,12.693089,-14.744368,9.9616165,12.223296,6.820682,-6.070734,6.222164,2.0068598,4.9293194,3.0682354,2.9191573,-5.967985,3.5732734,2.8339868,3.3661828,1180.2133145297253,511.4834967875019,1389.4562957753574,329.8698136711462,0.00020992535,0.00033444763,2431.0037068590486,0.009522261,0.0008142452,0.052350320838167055,0.018325836374869484
-364.50262,19.240433,146.785,11.127048,-31.375217,7.7504025,49.017006,6.069997,-39.117985,6.772028,37.96156,7.4794507,-26.931963,5.4190483,17.623894,3.6181152,-10.560849,4.6079173,9.535266,4.102202,5.317513,3.7711525,3.7099051,4.1554613,10.619333,2.9672387,1743.0766625255108,404.0825386076054,1945.3948171065153,146.90412518786135,0.0004023178,0.0007917947,4018.9900055285675,0.009802693,0.0020885493,0.07324558620939675,0.016993729531236266
-372.6232,20.582172,181.85197,15.729322,-48.189186,4.146399,64.31523,4.587957,-29.266447,8.6238165,38.56254,11.085509,-16.329258,8.6448,14.317877,5.639785,-8.806524,5.2897177,4.2964654,4.344246,3.1606507,2.822259,-5.4805393,3.1379964,4.877139,3.3108766,1290.2285139556375,463.4889656682146,1527.2272983914302,271.7511209502941,0.00026247164,0.00041110677,2761.5458689820184,0.0096729575,0.00096472277,0.055130465124709975,0.01529684069968134
-400.58893,26.069635,176.34502,17.182568,-31.042284,5.226809,60.7281,5.416875,-22.67447,10.031733,39.55855,12.64796,-11.953621,8.57814,20.85039,4.98609,-3.5935557,4.726344,11.83718,4.191456,4.4044347,3.4846964,-7.0825057,3.5148,1.8717004,3.6850026,1175.3438714594342,527.2635982431941,1544.479841703145,310.4415671625016,0.00019610993,0.00039161884,2514.2637602414443,0.00959969,0.0010499682,0.04415943119199536,0.01881847991165131
-379.40167,22.092472,184.68561,17.052591,-46.145638,4.431033,63.587254,4.906284,-26.912237,9.384173,37.11267,12.070722,-16.145004,9.262574,12.686753,6.0291,-7.985884,5.565576,2.7552547,4.623878,3.3526897,2.8137016,-4.630443,3.2818172,4.8879433,3.1744864,1241.7922001885927,489.5103976758954,1484.4683351937006,296.86509141657916,0.0002347843,0.00037926942,2631.5222932678366,0.009682237,0.0009275649,0.052290276972157775,0.018869519620469958
-373.31845,20.42319,179.33566,15.640772,-47.9208,4.418514,64.59865,4.575153,-28.20442,8.489064,39.252247,11.248284,-15.843312,8.533696,16.275362,5.4765773,-6.473242,5.591607,4.324005,4.516249,2.4931524,2.9288452,-5.657122,3.3090246,4.409493,3.3498611,1307.2722309263827,468.0432144042408,1549.1949794355553,271.91326738781214,0.00025968737,0.000325827,2824.9464136818447,0.0096644135,0.0009799885,0.05589404183584687,0.0180818069766032
-383.13828,23.376804,188.55476,18.393982,-45.8749,4.615122,59.015472,5.238619,-23.715342,10.165906,33.711388,12.388221,-13.0581045,9.593446,12.350584,6.2322273,-5.5151343,5.8842926,2.6325152,4.801856,3.5121262,2.8759282,-5.4629097,3.1095285,3.1469567,3.7388415,1182.7826349378458,495.0829163779726,1415.9348514529167,311.63634603598575,0.00021333962,0.00032135734,2463.0287258918215,0.00957671,0.00091291143,0.05026124746229698,0.016941749579882537
-334.54916,25.895712,142.30849,11.064024,-80.0431,8.588303,81.66063,6.1361494,-56.221394,8.437264,48.06131,7.736586,-34.342056,6.291992,27.810642,5.26075,-18.277925,4.46634,10.230302,3.6521983,-3.9031475,3.4632916,-7.2276053,3.0908375,9.852345,3.4568725,2380.917334777767,360.0503961599325,1962.6122571684223,125.71017753395974,0.0013469069,0.0009981797,4640.605117550029,0.0074224896,0.0011340596,0.16706582620359628,0.032550958695072976
-361.32816,16.205719,122.825134,7.0238338,-41.397396,5.7139544,77.02811,4.9764323,-47.349613,5.1601076,30.208096,9.359047,-24.629759,5.728498,31.238983,4.200241,-14.360688,3.9951873,12.231431,3.8577726,11.290022,3.2905405,-6.6304607,3.4430835,2.199552,3.5672755,2293.2383059702825,307.4270508497796,2111.9028279402514,79.20449732522899,0.0007275437,0.00091259397,4949.164427294809,0.008282726,0.0014454447,0.11177902044663574,0.019219917633596657
-370.87537,20.582872,178.13828,15.475777,-46.228176,4.1224785,61.687447,4.1294274,-27.464304,8.631614,37.714962,11.096638,-15.328294,8.539268,15.042297,5.679191,-5.750211,5.3227987,3.8548048,4.540102,2.0645711,3.0811822,-6.564298,3.2502093,3.427219,3.3352146,1312.9828501732525,471.13993237352383,1544.473650159957,268.7439501454109,0.000272794,0.0004155939,2814.85428599913,0.009557094,0.0009600782,0.05713230495939675,0.018600736223394896
-377.42844,21.37507,180.23495,16.907694,-45.390633,4.6234202,61.80701,4.772403,-24.513182,9.151701,35.791893,11.771613,-13.004198,8.8114,13.565652,5.749213,-5.7406387,5.4290457,4.023321,4.6370115,3.905965,2.9969525,-4.556135,3.451279,5.0339637,3.3786616,1258.4631968631431,481.6858135018533,1501.070212901704,286.95708624987526,0.0002343671,0.00037660004,2701.8924013921114,0.009749067,0.0009528333,0.05247267437645012,0.017708760411107555
-389.2056,22.130327,172.50746,14.303269,-39.266304,5.7352047,47.455135,6.704294,-43.60579,7.689082,44.501007,9.368472,-28.58655,5.815956,24.953665,3.3912416,-14.411562,4.599635,3.7643762,4.524767,1.2963134,3.597021,6.162849,4.0112796,15.000242,3.4640667,1494.7364770112426,465.40983765529404,1738.663569072694,204.1418245054635,0.00030350554,0.00030163862,2942.05506362384,0.008353455,0.0009733365,0.07375765842517401,0.018163325847890613
-381.39386,22.65996,185.2554,17.628754,-45.273,4.228517,62.403812,4.8181553,-27.55927,9.167731,36.496258,12.217396,-15.958957,8.9765005,13.892775,5.5450177,-6.9245205,6.012437,3.168236,4.643222,3.3055294,2.854986,-4.4295783,3.0973845,5.402201,3.160741,1229.93300673222,495.9573983078687,1477.4237236084016,302.206816957683,0.0002453657,0.000620282,2592.0780615574245,0.009722823,0.00092501316,0.051223082221577725,0.0165276777459346
-387.94574,22.938152,175.39484,16.311344,-38.983116,4.635787,52.764122,5.996821,-28.556824,8.322524,44.688816,10.982439,-6.5129595,8.956454,20.256874,4.9840612,-8.464046,4.3539925,4.3041553,4.9426746,2.669535,3.3616705,1.4971123,3.9652174,8.751604,3.2748194,1266.172338373381,497.24964622256755,1561.420229977766,276.04951882550506,0.00022713796,0.00027037002,2632.7463384570765,0.009245766,0.0010941146,0.05069968097447796,0.018323838136930167
-389.4156,22.643633,149.53589,11.877844,-17.346115,7.5974283,48.732788,6.084726,-37.85333,6.3694487,40.973454,8.530016,-22.68774,5.749435,20.761396,3.5561109,-8.374588,4.0905385,14.170697,3.5166507,8.100321,3.4635456,2.8853462,4.310727,5.216429,3.450203,1584.5025058892736,450.1484982769112,1953.8672357136863,160.0747597068942,0.0003377159,0.0012680151,3766.0872811231147,0.009404441,0.0014448138,0.06026364921693735,0.017043818086527468
-342.4226,20.02712,147.06117,14.2476845,-44.62478,9.069046,70.800735,4.8122053,-42.258575,7.4807525,49.05673,9.398515,-30.684803,6.7615905,26.00043,5.968976,-16.244934,4.824773,7.896416,4.330315,-1.2635453,3.462212,-3.6043096,3.180602,8.929651,3.1350455,2026.9712282175446,445.75865788075237,2088.675437856058,231.8994847758862,0.0008385608,0.0017297957,4636.932981982309,0.008806651,0.0011512506,0.10522517582656613,0.030523577385052778
-374.58002,20.312094,164.11017,13.398259,-42.301243,4.9026494,58.588665,4.985763,-29.96622,8.316983,48.53399,9.06925,-12.502967,7.531149,24.960127,3.8400488,-9.979843,4.2105813,6.4376526,4.0105724,2.7918117,3.1588833,-0.013891119,3.6581025,9.054369,3.1561468,1451.4002379377946,464.5338355964287,1738.345106893384,214.52992456577238,0.00036572697,0.0010170173,3185.2653485716355,0.009279261,0.0010926288,0.05764664298143851,0.021215565493215363
-396.92404,23.75511,163.46516,13.957839,-33.741867,6.4809003,40.95095,7.322155,-42.788174,7.8103786,39.77104,9.697566,-26.282337,5.8657503,24.880306,3.2464666,-10.6417265,4.338269,5.056667,4.682132,1.4641935,3.8150203,6.689733,4.119149,16.77744,3.3935428,1529.3097516175158,476.5438023236983,1760.733264573616,201.18292832306386,0.00026110726,0.00034776228,3014.0988661905453,0.0087134605,0.0010931621,0.07262928690545244,0.01650129644073812
-380.8517,22.899063,188.09657,18.670845,-45.328293,5.0585685,58.07566,5.258566,-23.789885,10.110417,33.082172,12.460966,-12.635255,9.977047,10.807835,6.1227465,-6.5613685,5.7852345,2.8532329,4.5370245,3.5946739,3.2665315,-5.815265,3.22745,4.025249,3.2592115,1190.7100051494165,498.2539215655984,1415.6742765293197,317.28483127077476,0.00021976931,0.00042529867,2462.8788428074245,0.00969677,0.0008607223,0.052232498912412995,0.017145405933788785
-380.66342,20.188354,164.5074,12.632988,-40.692516,5.3801246,46.928463,5.9183807,-44.776436,7.334335,45.445305,7.9705143,-26.470264,5.602161,26.909182,3.5884142,-13.594719,4.2925744,4.58698,4.514376,0.47721404,3.724428,4.8446813,4.0174413,16.119694,2.8379595,1611.5985622334172,433.9233934611451,1825.074158492449,174.59049459767982,0.00036318618,0.0003864293,3375.192197016386,0.0083394945,0.001092793,0.08082244235788863,0.01878030624806175
-384.23193,23.570093,189.60477,18.75533,-44.967228,5.234217,58.963696,5.6374016,-23.242758,10.3313875,34.019672,12.444391,-13.560746,9.750248,11.431437,6.0384355,-6.8585887,5.932147,2.2063344,4.7582316,3.5119038,2.9346185,-5.489923,3.420777,3.752173,3.49342,1166.689872722462,491.9335884319911,1406.8564917493097,321.0689244601928,0.00022740944,0.0005541905,2415.865515334977,0.009653209,0.0009294337,0.05029183584686775,0.016986794899163698
-388.4305,25.475916,183.66956,19.902498,-37.03311,5.793565,52.7531,6.1370525,-17.623735,10.663025,29.932175,13.434308,-8.865196,9.804541,10.202092,6.317083,-3.56426,6.1435556,3.3827007,4.7725854,4.9117165,3.1356134,-3.7243598,3.3890684,4.9110274,3.6552496,1138.2011169698014,521.9499372652037,1398.9967866471204,336.7572827996269,0.00020999249,0.00058377994,2365.1550717807427,0.009848566,0.0012298229,0.044790458236658934,0.018529997330715333
-396.15894,32.485065,163.58987,18.066757,-27.935093,10.716118,66.008446,7.4888678,-20.951923,10.343265,44.805035,11.367957,-16.111134,8.186526,21.587152,5.387988,-8.081595,5.3842797,7.705573,4.1325927,1.6552677,3.3714547,-7.519448,3.5701818,2.9758558,3.5765955,1322.798695969241,550.1491996739312,1701.6630283226393,315.614761156131,0.0002631564,0.00044120578,2949.8989450406034,0.00949786,0.0010882268,0.047431255437935034,0.022980757437678048
-381.80707,19.934649,154.71283,11.602754,-29.700325,5.966777,57.717567,5.0729303,-43.256294,6.2901735,41.58145,8.736133,-25.234262,5.470207,24.01198,3.5586593,-9.93692,4.330573,17.486158,3.6203246,3.9663725,3.645412,-5.615413,3.5425816,2.5250654,3.4563708,1641.1395134783945,425.8767500628524,1938.528190775083,155.35086663804765,0.00032080457,0.0003553595,3823.0928142220127,0.009153353,0.0011627004,0.06537417524651973,0.016789418401554564
-382.639,24.174103,187.90352,19.66298,-46.123295,5.3723607,58.898556,5.6191044,-23.64519,10.205896,34.398922,13.054536,-12.469152,9.985691,12.166584,6.1547923,-5.7945642,5.804938,3.8499475,4.986679,4.2371817,2.6760776,-4.9044423,3.235805,4.149957,3.4973118,1198.3896223857837,510.7852565668626,1426.1377185064339,332.0414511292485,0.0002856936,0.0012862431,2503.821905361804,0.009672557,0.0009594847,0.05103388739849188,0.016173976704706286
-426.32034,34.431614,178.20316,21.410324,-11.028664,8.267856,49.140984,8.4331455,-12.673701,11.92074,34.018074,14.120604,-5.0646105,9.798993,16.62222,5.2217393,-0.99065244,5.9520626,3.8968496,5.22013,2.853315,3.6365569,-7.3893437,4.040875,2.0943658,3.6745086,985.0812855169494,606.8684818244164,1386.4951010354887,374.6096283824637,0.00015740994,0.00040289323,1934.366106710412,0.009446598,0.0017040027,0.03510640226218097,0.020514629125834523
-364.12006,17.712229,161.19691,12.052091,-45.234108,3.8913822,60.05751,4.828328,-30.792261,7.227786,49.470924,8.44113,-14.571498,6.746805,24.437881,3.428592,-13.181285,3.9193578,4.0997386,4.010776,1.3272946,3.1004152,-0.3265982,3.5303907,9.613243,3.0442867,1545.4414414963464,420.29421823032,1784.7945997447705,191.53162990541935,0.00036996228,0.0003206116,3411.8635916654584,0.0091587445,0.0009663811,0.06784616988109049,0.01818165413449308
-373.91943,21.476183,179.5893,16.192005,-46.617043,4.9248724,64.74851,4.726876,-28.338974,8.800764,37.86833,11.875257,-16.073444,8.424452,15.32274,5.085739,-7.359516,5.0968437,4.22412,4.4904046,2.4030893,3.0233278,-6.158944,3.2292817,4.672381,2.931352,1303.051067950658,477.5425947536573,1544.499220617137,277.8381086798454,0.00034524442,0.00134008,2813.5802797817573,0.009587545,0.0009053768,0.054932207076566125,0.01758604959281989
-383.91718,21.594563,162.57747,13.534973,-28.360195,5.9471083,46.446636,6.510712,-41.905483,7.4946165,39.870636,8.728909,-26.151527,5.591989,23.390602,3.5729446,-6.420599,4.9656677,10.112924,3.9891496,-3.2555704,3.8994157,-7.5311513,3.5824347,4.9253626,3.6142287,1517.6407526706366,459.39973815324527,1811.9245958173774,193.6952575386731,0.00031326612,0.00050324487,3221.5370549956497,0.008892799,0.0012923575,0.069345000725058,0.019508179693102316
-369.17822,18.84516,150.84485,11.563895,-32.923355,5.72237,50.841385,5.6936865,-41.60187,6.5049644,34.710632,9.138129,-23.249678,5.9112496,25.349142,3.3765597,-11.610446,4.4451013,8.030726,4.4801974,1.8174293,4.2696657,-12.42122,3.824107,-0.934693,3.2973464,1707.6628543327388,420.53355548344877,1896.9054218595422,158.05592763060935,0.00040504965,0.0005619889,3747.7266032845127,0.008907515,0.0014287259,0.07945049666473318,0.018000591736333515
-406.08707,28.166603,174.56963,16.927267,-26.682518,7.1314845,62.681995,5.9999995,-22.530651,10.297621,41.998875,11.981817,-13.475536,8.073443,21.294624,4.4801307,-5.373841,5.285927,6.29674,4.4023128,1.3268493,3.1377919,-11.045553,3.336369,1.0485985,3.615858,1165.731988044239,524.8776552438752,1559.859484913941,307.41799854745716,0.00022135506,0.00076266954,2489.3831682315836,0.009587404,0.0009533952,0.042350184889791184,0.019039705063626435
-372.68448,20.348013,179.04636,15.583627,-47.77091,3.6989858,62.970047,4.1965017,-27.646288,8.565169,39.180202,11.048001,-14.467129,8.670837,16.041075,5.0678134,-6.9326997,5.4831953,3.7356815,4.3664856,2.910277,2.9440796,-4.9596014,3.4184604,4.7796173,3.279166,1303.4317636405983,467.591308689457,1541.1248412012706,268.1559130264403,0.00027083347,0.00043125686,2804.86208037268,0.009654671,0.0008062034,0.055823801841647334,0.01872829577111752
-344.21976,12.800346,149.23338,8.071344,-53.11522,3.497095,75.82357,3.3202703,-42.111313,5.2574325,50.576637,7.0882835,-31.49424,5.1044817,27.119268,3.1092978,-18.058586,3.910344,10.110146,3.4006946,-2.4169927,3.3337355,-4.62465,3.2765772,7.2348895,2.9301186,2015.044147410581,321.3340643313662,2070.362357347859,109.02320285516446,0.0007509046,0.0006882784,4531.115524398202,0.008493787,0.0008233609,0.1029378444025522,0.018325235035330765
-375.967,22.23694,182.59897,17.620804,-47.133545,4.810053,62.69069,5.0038977,-26.654028,9.711043,37.29665,12.2209215,-14.973969,9.388522,13.621313,5.6966453,-8.11495,5.577307,3.5522983,4.7871504,3.3531797,2.992305,-4.9232655,3.2104576,5.310031,3.339011,1273.2306927305622,509.00649332200425,1501.1963891989267,299.7132667855725,0.00026237775,0.00044309726,2702.392011673434,0.009637638,0.00094211067,0.05511120577146172,0.019425254899971434
-375.353,19.75471,163.23453,12.529882,-40.810043,5.0308933,45.373676,6.4009724,-44.10042,6.7959657,47.23961,8.393072,-23.48545,5.9228063,28.146652,3.2966042,-12.173188,4.0819926,3.646361,4.5448523,-0.4819524,3.445079,3.5895226,4.151502,15.105561,3.0989914,1626.5781424011561,437.63506241874353,1832.3636284780682,171.58834758027953,0.00038111536,0.00035379498,3441.165734665023,0.008350578,0.0009777728,0.0830100783062645,0.017564272802114755
-374.01602,28.210325,182.94229,19.042337,-41.60722,8.295058,54.842926,6.6707997,-24.668127,11.075649,28.982708,13.327003,-15.951996,10.380506,11.373271,5.7834773,-6.192447,5.573302,1.3364727,4.901319,2.0405822,3.6325855,-3.8617897,3.90542,5.78556,3.9538052,1244.1244913352273,507.1346974963233,1455.3844731182082,321.0023474612059,0.00024780654,0.00039785463,2581.3364405089906,0.009683378,0.0014143211,0.057287512688515084,0.02046745390321443
-358.39377,15.733411,133.7376,8.448264,-43.36736,4.669192,72.133125,3.8831909,-44.033886,5.141719,28.93798,9.868036,-23.55635,5.6555805,27.93321,3.1185563,-11.951693,3.7746685,11.089342,3.6127458,10.177974,3.1490214,-3.6846786,3.473163,-0.25763413,3.64559,2044.6169061778808,341.4780906775291,2000.3939415463778,113.8430131872272,0.0007033365,0.0018606513,4427.646235136311,0.008539411,0.0013257642,0.09838357381090487,0.017988999439299883
-380.82144,20.19453,149.20753,11.095991,-28.200605,6.0465546,54.031807,4.7791123,-39.016125,6.370655,41.41725,8.74939,-22.16085,5.4677777,21.282206,3.327035,-8.300093,4.341424,16.85431,3.5580735,2.2736216,3.5050344,-6.128529,3.2607253,1.1833459,3.2003505,1653.9228989182639,428.0209192293864,1935.427402423482,154.25667574612584,0.00032107765,0.0003286497,3862.7368900449537,0.009157018,0.0011024968,0.06770115828016242,0.015855226759312772
-376.94852,20.992802,185.89061,17.023378,-49.03449,4.3348656,63.51293,4.922826,-29.892424,8.850431,39.878925,11.232438,-16.375973,9.072364,14.562483,6.027025,-8.542118,5.5205216,4.4034286,4.8778834,3.8111126,2.8641458,-4.996634,3.3965273,4.77861,3.3141987,1265.190008062711,486.5423982031155,1499.4390195725284,292.2202903318728,0.00025464268,0.0003660032,2665.146065200841,0.009593851,0.0008362865,0.05570258120649652,0.01870172985645283
-379.7931,21.019726,165.64244,14.1113205,-39.09113,5.412074,46.748676,5.8621917,-43.13796,7.3422785,44.653786,8.521998,-27.73815,5.5826,26.344198,3.4785128,-11.355159,4.6588345,5.8518977,3.6570776,-3.3178315,3.4992733,0.45520487,3.8546095,15.913322,2.8892248,1576.1716979281393,462.1298622983785,1808.7521982251103,188.39731675717968,0.00046289238,0.0023062031,3249.465269721578,0.008790377,0.0010084223,0.07695924267691415,0.017396365971773662
-414.73425,29.508894,174.46153,18.817871,-18.149527,6.635416,56.91264,6.733987,-15.2231455,11.017323,38.624058,12.484919,-10.788865,8.741807,10.034264,6.1088943,-4.867173,5.4313455,13.405402,3.515091,5.1653957,3.5703661,-5.159438,3.447467,4.5057545,3.7622905,1076.825720439539,564.9105746211585,1489.8940752656176,345.11952030271846,0.00016156562,0.0002709143,2245.998019685325,0.009500528,0.0011370049,0.04006398636890951,0.022820476535403606
-417.51364,35.84309,167.8962,21.0803,-20.557568,8.691307,51.718292,8.342444,-13.1539955,12.648177,36.44165,13.977923,-8.271225,8.884113,18.142181,5.734269,0.21102436,6.5910916,7.761363,4.7488484,3.143556,3.9429302,-6.663156,3.5274124,2.0032368,4.3222504,1152.3422018952326,628.4083857459444,1524.2203569354253,363.67236931666366,0.00019119977,0.00032466088,2429.105187790023,0.009385359,0.002591884,0.03638544989849188,0.022800187377840116
-369.38525,19.651005,180.57254,15.284459,-47.407375,3.949284,63.845123,4.468818,-30.562918,8.248406,37.49005,10.560991,-17.702509,7.997721,15.195197,5.191703,-8.316718,5.5325217,3.7395134,4.698669,2.0312648,3.2848015,-5.39147,3.4127443,5.4981523,3.1731298,1313.3985856529898,449.7754554518071,1546.9648638815074,261.76899287755833,0.00027709463,0.00043242745,2822.0736545642403,0.0096654175,0.00091326004,0.057975184889791184,0.01744767676838847
-381.17865,41.315,171.05278,19.658468,-38.759205,13.228377,48.57454,7.8910832,-19.829025,10.435325,25.46469,13.01137,-10.849591,9.71406,8.519646,6.7594695,-3.356497,5.8871574,3.1942656,4.580057,3.8556612,3.3622558,-0.5013097,4.4579883,6.018986,3.4612665,1323.9585824181227,525.2627155018054,1492.4004387361933,303.15249395854005,0.00030029955,0.00037569168,2722.751130637326,0.008849022,0.004222381,0.0597765008700696,0.028535325531393627
-377.8879,24.710724,176.40512,17.385265,-39.943867,6.4894075,57.521263,5.3142757,-22.475153,9.800829,34.060917,11.436506,-11.59854,8.866835,13.963256,5.690466,-4.0806947,5.819873,4.14455,4.983983,4.7184267,3.0844579,-3.696619,3.1489992,5.896147,3.5533037,1238.3375230565118,498.4886451030954,1506.6666543811111,296.0988639032224,0.00023414893,0.00037625618,2648.1343351218097,0.009818104,0.0011140442,0.05006298941415313,0.018611029291534867
-356.61346,21.78281,141.51979,12.860459,-65.04996,5.427751,67.14828,4.7657332,-22.116299,7.964715,36.202156,10.002119,-18.58149,7.904497,21.791252,4.7921386,-7.4376006,5.6636643,9.029548,5.699011,1.2063231,3.9850926,-3.5110621,3.2901714,11.000077,3.2986722,1906.9011559853009,418.47711034401254,1771.1980733915038,176.76074673509993,0.00067894504,0.00046770088,3762.8398142945184,0.00838681,0.0036220453,0.10267501087587007,0.039031861288625715
-380.05106,21.826206,184.63118,17.618586,-46.43912,4.997114,63.428093,4.7633996,-27.165586,9.498656,36.775158,11.359285,-17.56684,8.953272,12.59198,5.750262,-8.887558,5.844009,3.0191965,4.769685,3.9066284,3.2580228,-4.1998067,3.3384635,5.6076355,3.4203935,1253.0334153227948,496.35671129206185,1488.676069766956,301.0185200566483,0.00026473842,0.0005835534,2647.135114559165,0.009546707,0.0009518785,0.05327703560034803,0.018100325590886913
-393.91574,23.275753,159.92786,14.642343,-33.45331,6.284508,39.719845,7.242552,-41.62423,8.068236,36.410007,9.420039,-24.867224,6.6379766,22.2918,3.1361787,-10.516259,4.850885,5.551137,4.4847865,3.974593,3.5503335,7.617735,4.1164975,16.75251,3.4471922,1551.6883472569777,492.5069652077124,1754.9097886256147,211.8466866837322,0.00030363997,0.0009218551,3087.891304741879,0.008941054,0.0009988535,0.07220558113399073,0.017168665506708577
-378.97708,20.456059,156.78117,12.61398,-30.681252,5.69044,42.84674,5.513436,-41.188656,7.394032,39.36926,8.044668,-25.474163,5.2058024,24.148514,3.4964871,-5.611134,4.9332495,9.202683,3.7932189,-5.3917828,3.5867267,-9.339102,4.051882,5.3595066,3.0953424,1612.781982044624,440.10826476134554,1847.283228794333,172.46609829112768,0.0003557343,0.00042277845,3464.9222035419084,0.008556515,0.0011794504,0.07944823085846868,0.016116778230042265
-355.02414,15.171057,131.28703,6.9203196,-45.492252,4.6492605,76.98524,4.077626,-43.47157,5.3833904,35.600597,8.035386,-31.327618,5.2990174,32.90465,3.2594671,-18.098053,3.6159682,0.4126257,4.5261326,7.0016446,3.0985687,3.406375,3.7497735,10.345678,3.3370512,2233.092774140171,303.1491005858779,2113.1694575901133,84.32667978017147,0.0008570398,0.0012027468,4917.11442774797,0.00787415,0.0012467047,0.11474042923433875,0.018882845856798662
-383.3702,23.884953,186.99066,18.651264,-43.727196,5.0652447,56.199635,5.2290015,-22.889084,10.342445,32.51988,12.861485,-12.202166,9.929537,12.121608,6.4626994,-5.4289002,6.2355657,3.7682009,4.8071604,4.3510866,2.8841238,-3.623213,3.3693311,6.1610503,3.2266698,1182.807932889861,504.71713327351557,1420.3777401517825,325.20494520436773,0.00019913101,0.0002665051,2463.178608976218,0.009705862,0.00118635,0.04922577399941996,0.018478943676792443
-385.2995,22.426771,172.50293,14.81019,-40.185257,5.2490635,47.403732,6.58001,-42.810932,8.063606,44.619118,9.038406,-28.255568,6.1937404,24.94336,3.4870856,-15.54034,4.50379,2.6537364,4.6109624,-0.65875214,3.4014578,4.885741,4.5897055,15.001296,3.6782496,1511.0975748732574,478.6348676938855,1735.6618579191452,220.40703996178885,0.00041478727,0.001733593,2961.1151958562937,0.008334627,0.0009455356,0.07705327363689095,0.018233739277397576
-370.7091,19.018873,148.68614,11.100479,-38.79431,4.8942595,51.936344,5.4212704,-39.613518,7.258542,34.635735,8.81564,-23.906252,5.87541,28.788122,3.7377088,-4.313167,4.805081,4.93381,4.42721,-2.1874304,3.8380291,-8.094987,4.169474,-0.45627496,3.6916223,1747.9938911045372,411.94901907094373,1879.47260473268,160.97056839007786,0.00045812383,0.00096316,3836.482369761456,0.008578267,0.0014800286,0.08564860970127611,0.01707700685761922
-386.9628,21.240675,165.02824,13.615595,-42.261463,5.535757,48.451893,6.3733664,-44.85542,7.9518995,46.596024,8.651935,-24.911556,6.2100224,28.1327,3.546321,-12.11451,4.8512726,4.923216,4.4967275,0.15647408,3.5234113,2.932011,4.0018854,15.101854,3.3195941,1614.112326617458,465.4274969478052,1815.6840280356482,194.0235821667369,0.0004465074,0.000985179,3389.5559926044084,0.0077153337,0.0010324089,0.0811464526537123,0.017828813956337845
-431.32303,35.743893,185.2418,23.639488,-11.90985,8.642492,48.24668,9.59638,-16.15889,12.295561,34.649784,14.553133,-8.669079,9.846336,16.538645,5.561606,-2.7806206,6.3945646,4.0151224,5.2336373,3.3528214,3.4040937,-6.819082,3.8186862,6.1890864,3.9371095,968.8799960394086,635.5350596467141,1349.7831880797467,404.3342153865986,0.00014056341,0.00027784362,1872.0896851435614,0.009472452,0.0014427974,0.03449236876450116,0.022469792810039347
-368.8634,19.488916,157.67053,13.498967,-44.98546,4.338262,61.695507,5.2763224,-29.937912,7.896537,51.01825,9.076345,-14.624909,7.340201,26.229225,4.3597355,-11.621467,4.244323,6.614303,4.678256,2.5060933,3.2228684,-0.9619571,3.560938,9.789989,3.1386578,1588.1730701362171,475.4426122592683,1822.8294880473766,203.3933419278103,0.00046751366,0.0013861782,3528.447650812065,0.009151619,0.0013227463,0.06642777515951276,0.019788567247146758
-374.02185,20.426308,143.31929,10.257436,-22.752737,8.215464,60.832882,5.00618,-38.329838,5.6835637,49.4107,8.205697,-21.71869,6.0373225,24.348314,3.7629993,-11.212999,4.736109,8.888879,4.2746,-1.1090605,3.7676394,-3.714102,4.324658,4.390928,4.327256,1784.8054848516244,424.93132422963185,2095.4607995187253,122.05213025498705,0.000413818,0.00044097612,4472.386335828742,0.008981228,0.0013612306,0.07007912195475638,0.02206308405351941
-370.52444,20.686462,182.04742,16.827875,-49.88606,5.404244,66.2898,5.291275,-32.136593,8.83704,39.836544,11.650475,-18.96879,8.862269,16.32327,5.845895,-8.9227295,5.752927,4.5771503,4.6942396,2.2505634,3.0473344,-6.1822023,3.2703102,4.6065664,3.5339956,1338.8520797780604,493.7561596863661,1556.0633806070268,282.92105617546133,0.00032991325,0.0008928099,2872.2095462949537,0.009699868,0.00084936555,0.05883279256090487,0.01919427403143799
-418.42828,30.637112,183.53906,20.18464,-20.872828,6.4940233,58.669083,6.9568954,-18.394276,11.44328,36.668476,13.999872,-13.429906,9.099043,17.410622,5.2075696,-3.6998997,6.019562,7.49233,4.339037,0.3180719,3.4802217,-7.7062926,3.7453167,2.1971612,3.7275152,1032.690125163958,585.3140038688342,1425.6717460788327,362.05053578285396,0.00016105984,0.00035401457,2102.4100248332365,0.009618561,0.0009781076,0.03736314530162413,0.02119379751131654
-385.75925,22.01054,167.17847,14.448831,-38.657627,5.797114,44.29832,6.8707485,-43.17743,8.005139,41.812637,8.566919,-30.581081,6.2081366,23.213385,3.320927,-13.335167,4.399492,3.1280217,4.7493267,1.3793138,3.700888,7.5751443,4.6034126,17.296522,3.5509772,1561.9205832056196,470.22811985656625,1764.5880542003083,210.07559704818232,0.00043793904,0.001870405,3104.253541455191,0.008314252,0.0010392495,0.07967367858178655,0.01702901666152616
-373.40024,19.547533,161.16397,12.210086,-33.33574,5.531218,48.46498,5.690894,-43.907867,7.1195273,42.51187,8.15672,-27.36461,5.613542,24.589096,3.7799814,-7.4489627,4.471254,9.87403,4.47385,-2.8986413,3.7569723,-7.769909,3.9415605,3.7622612,3.2953007,1606.5765750157373,435.5702500621409,1859.776834133817,171.5176379644313,0.0003698727,0.0006416301,3537.9402461571926,0.009034897,0.0011184716,0.07580708019141531,0.016660625532819696
-413.2083,29.07711,176.39972,18.906532,-23.903645,6.2492056,58.128834,6.6321664,-20.090683,10.946542,38.945915,13.104534,-10.628605,8.757949,21.034513,5.1029625,-3.6826138,5.206155,9.149094,4.716991,4.913071,3.233825,-4.9435744,3.582101,2.248912,3.9385555,1107.517871802336,579.7899954657936,1508.0465036567825,333.3976984775859,0.00016768019,0.0002939709,2304.802149796984,0.0096307015,0.0009793352,0.037844629132830626,0.019413465692199823
-436.05197,35.945362,184.43307,24.146069,-7.547634,8.554788,46.46923,9.112025,-14.633925,12.428886,32.618774,14.792205,-6.433033,10.397206,12.447513,6.324178,-3.6440063,5.8901925,8.894279,4.6113386,5.773599,3.5414681,-3.6842463,3.7967124,6.734811,4.0722446,939.1506249993791,651.0718807836575,1330.8264919058158,416.4201141111021,0.00013204257,0.00029622897,1818.4565214435904,0.009582135,0.0014215807,0.03140294192285383,0.023210513110754286
-407.2617,28.63844,179.2071,18.564495,-24.810846,6.3818746,60.39424,6.6649632,-23.391165,10.570217,39.03086,12.916526,-16.43874,7.965351,19.566664,5.4633484,-4.0846224,6.1052938,9.102794,4.5589547,3.6522322,3.0573325,-7.120126,3.3911462,5.182333,3.9209616,1133.1448577745034,571.7818447990722,1525.7283602784405,332.3716947344962,0.00018780964,0.00036886486,2359.88418331279,0.009542667,0.0010228972,0.04182111912703016,0.022762313189651887
-374.59872,21.852856,183.50305,17.329216,-47.511837,4.82278,63.400433,5.227085,-30.27748,8.97282,38.495266,11.691761,-16.805365,9.182563,15.8367405,6.296703,-7.3501496,6.585666,3.8675692,5.072711,1.9586282,3.022994,-5.776782,3.6996384,5.676835,3.5217872,1287.4714653248095,504.0292150074199,1524.0521580149175,301.3644529350729,0.00031186297,0.0009304535,2737.3147703378772,0.009641371,0.00093112054,0.05588724441705337,0.01775203010435562
-388.15933,22.608843,176.11765,16.763786,-37.631344,4.357822,54.664577,6.0951047,-27.643639,8.497895,43.627365,10.323539,-7.136634,9.220013,18.438456,5.50477,-9.224115,5.198114,3.8857632,5.3055205,1.6842064,3.398703,0.6685866,4.363445,8.482481,3.410107,1258.1749956212245,520.806269433356,1556.5572135083992,287.63624720424633,0.00024512887,0.0004132081,2622.4044056337007,0.009204361,0.001095927,0.050512751957656615,0.018861444412188583
-337.22855,13.8553095,151.20174,10.060411,-64.12848,4.4677815,69.50513,4.1866946,-44.38019,6.839961,50.93096,7.431109,-20.943747,7.2119737,18.663141,4.8241673,-14.045629,5.254493,11.351946,4.3188415,2.511074,3.7745533,-2.4667153,3.599833,6.663989,4.5225754,1961.9634405914162,342.924521291373,1880.6731336396572,152.18459710488386,0.00075417454,0.0009380716,4182.112762380365,0.008610662,0.0010773081,0.112313750725058,0.018707416020365367
-385.48184,22.900229,157.19995,13.407229,-30.837458,5.6129575,41.294056,6.24372,-39.304756,8.290947,37.497402,9.075791,-26.052784,5.737109,26.377039,3.481239,-7.3523426,5.125882,8.539562,4.3355165,-2.4545305,4.033994,-3.5448022,4.022616,11.328253,3.3302374,1612.8769247211442,479.11619568222426,1840.1016937728257,197.2107123608718,0.0003893765,0.00085729774,3335.9977704466355,0.008074397,0.0013345423,0.0811487184599768,0.018345546810979586
-372.91605,18.697332,143.07793,10.685856,-26.814632,5.673996,55.315254,5.080157,-38.808956,5.678729,31.62935,9.555104,-19.275042,6.2445173,25.771046,3.5567625,-14.821137,3.8268855,12.6341505,3.9748824,11.663181,3.9629798,-6.7573833,3.7727103,-0.5509104,3.7712057,1742.274700613583,412.1949581139473,1957.4885291499486,152.65841999178565,0.0003644368,0.0004076808,3910.025003172129,0.009357527,0.0017142874,0.07422441451566125,0.018004540908086716
-377.82098,21.721441,185.12747,17.296474,-44.86533,4.519514,62.16747,4.863871,-26.807148,9.634381,34.74335,11.553563,-17.069302,8.958178,11.647851,6.0712247,-8.434677,5.817064,2.3945556,4.8273644,2.8414896,2.9928315,-4.6060925,3.3266082,6.531199,3.3020093,1231.8731312996556,489.79473080272135,1471.1722391640792,301.33265034465995,0.0002588411,0.00071141694,2582.585466212297,0.009729231,0.00077240425,0.054302312935034805,0.016922533096943908
-368.24347,29.631437,180.19412,16.565842,-43.891647,8.816149,53.93247,7.0006623,-28.505816,9.462009,32.68834,11.313349,-20.091139,8.798206,12.752866,5.6636834,-5.955316,5.916093,5.7089615,4.419963,0.4925272,3.4804206,-6.550594,3.64543,6.8984256,3.7574017,1305.113183973765,464.1029066174781,1511.9630100197633,283.1512697137758,0.00027628613,0.00042188808,2667.6191360933876,0.009611471,0.0020070134,0.059897721505220415,0.01717524894735116
-380.35284,23.435581,196.28288,19.672125,-49.220055,5.8086553,54.037735,6.0962696,-28.887733,10.527905,31.502995,12.734578,-13.334263,9.925178,12.613064,7.2617693,-5.986021,5.888464,3.0249019,5.2483654,2.9086452,3.221715,-6.2892766,3.300398,4.9868107,3.6951714,1176.8121624439505,490.0850789346809,1364.8172355839392,331.74884236046086,0.00024528286,0.0007314989,2354.8131389573664,0.009590054,0.0009420472,0.05548846251450116,0.01695691071773106
-361.1706,17.258266,172.91655,12.790514,-45.476994,3.6362014,67.59975,3.992705,-36.50438,7.066548,41.48344,9.409625,-24.610903,6.3722496,18.234133,4.526836,-12.501356,4.7128506,6.8031816,4.05661,3.1747322,2.9252486,-3.5270956,3.3789341,6.9512415,3.2066674,1450.060654097342,424.5389291998317,1701.7324582555825,217.1374472602091,0.00034821787,0.00039309703,3201.902370939675,0.009563103,0.00081471895,0.06393991988109049,0.017183325727181755
-411.3932,54.415546,166.96017,29.699102,-50.634083,20.033585,63.635994,14.204752,-31.90877,15.411244,39.44464,14.867944,-19.052204,10.946919,15.826181,8.250984,-8.5180855,7.245288,6.639124,5.6825304,3.6782668,3.9135027,-3.8151555,3.825389,6.9587126,3.9940374,1591.112000797448,796.5299535664524,1614.8701161008742,336.12784123393436,0.0005492648,0.00061087444,3188.937484139356,0.006155592,0.00265457,0.08528041618329467,0.07057182436037114
-386.08795,21.62014,144.38675,10.283321,-22.2585,7.894766,67.21719,5.760391,-37.262554,5.4627533,57.795013,7.431385,-22.472427,5.427351,24.385622,4.2059364,-13.739396,4.7136865,6.3966393,4.5302863,-3.629675,3.9660788,-1.0322928,4.2189555,5.8194013,3.868339,1783.1478493367608,419.30499068073334,2130.5500221991224,127.51517996343092,0.00040079805,0.00043629276,4560.092920714907,0.008791383,0.0018597972,0.06635866806844548,0.02080163685606523
-376.5783,20.353432,146.4479,10.795663,-21.51262,6.3021655,57.71433,4.8344097,-39.323055,5.939126,48.655186,7.0611477,-23.265194,5.637089,21.881979,3.2659078,-16.558477,4.1426187,3.4109585,4.4030046,-2.086439,3.4589128,-2.8159716,3.8785934,7.764827,3.1775558,1757.7479351759994,434.52486522520405,2070.9601672335157,132.76277800837036,0.0005413397,0.0020561884,4396.870241806844,0.008861643,0.0012721296,0.06925436847447795,0.018760833386154044
-369.66815,20.167006,177.39864,15.311869,-47.192802,4.5750017,61.93845,4.463964,-27.332851,8.779466,38.17128,10.694237,-15.423888,8.727608,15.074694,5.788402,-6.4804916,5.6013513,4.596129,4.2636003,3.2175326,2.889887,-6.100493,3.4737663,3.7871275,3.509857,1331.5044964941414,470.8510253853106,1554.9708854755365,274.32520814878626,0.00028602313,0.0005198858,2867.13850193953,0.0095374845,0.0009379094,0.058056753915313224,0.01871812992800302
-372.13538,19.871529,180.60434,15.996835,-49.396324,4.5344696,65.27061,4.4147644,-29.585604,8.499194,39.718323,10.9184265,-17.181349,8.780156,16.280687,6.04501,-7.7813225,5.6848407,4.238234,4.929522,2.935862,3.2785776,-5.322345,3.4038875,4.986491,3.1962264,1323.7130640140322,483.94089029285914,1551.6873074723237,278.2797284374288,0.000264282,0.0002940513,2854.2735371954755,0.009602297,0.00090251665,0.056800364341647334,0.017873732544532422
-355.17676,33.125362,154.67714,18.73615,-71.64165,11.676041,57.479053,7.5184426,-46.309555,6.666963,38.05121,9.45455,-25.046698,8.511096,17.22745,6.323248,-11.394874,5.276999,9.853881,5.2493033,3.644828,3.585995,-3.1539729,5.0889344,10.688774,3.8377504,1936.345646746474,422.97226228675186,1750.3244457894168,238.93965328498263,0.00087475486,0.0009029042,3866.0842789298144,0.007368443,0.0036123213,0.12187205445185614,0.022875835666343908
-366.65405,18.299154,155.06908,11.6663685,-37.54493,5.0070043,46.58084,5.544807,-43.22798,6.633656,40.253815,8.260075,-22.945864,5.75705,27.534218,3.609678,-2.6806164,4.5271745,12.398943,3.8758636,-2.5564406,3.4065382,-11.499737,3.3754654,0.39795178,3.4163086,1680.0280625607047,422.4151808695326,1864.6453656958408,172.072350069064,0.00039710148,0.00056524656,3702.986502592082,0.009129008,0.0013780694,0.08200972484048724,0.017657503305004197
-376.28394,20.001652,156.7222,11.98312,-26.929539,5.818414,49.15216,5.549855,-40.992702,6.7521753,38.329212,8.548368,-25.937836,5.591136,23.264828,3.6091464,-6.137417,4.1108766,13.588863,3.9762602,0.6678757,3.4499052,-9.242731,3.5066986,-1.9603715,3.7196004,1586.8316642054385,440.0835587619214,1868.1979782399508,175.31576162289565,0.0003178593,0.00041237238,3536.291532228828,0.009382664,0.00141055,0.07310510622099768,0.018640604575718374
-380.6973,21.898302,173.76091,16.771353,-43.066624,4.4408226,51.24796,5.855097,-27.497478,8.689524,45.324562,10.503907,-6.560103,9.534472,18.494192,5.8690014,-9.568696,5.406618,3.218592,4.8957677,2.464946,3.8123071,1.4199344,4.6843987,8.781046,4.0956154,1325.9918514516744,514.8234615428997,1565.1925957859082,281.88227742471724,0.0002711173,0.00042207784,2721.6270075043503,0.009118491,0.0012708487,0.05948194605568446,0.01984009987622446
-354.54587,25.479832,172.76096,15.804057,-54.606724,8.178358,63.677185,7.5472035,-34.9933,9.073752,38.36165,10.4715185,-26.217617,7.6585765,14.356567,6.902749,-12.344659,5.6171455,6.0513487,4.4553876,1.5922934,3.2097127,-5.3149557,3.7132392,6.4960856,4.007472,1534.112349709596,449.99488896418626,1653.463744900405,258.16272393957195,0.00042685267,0.00077619904,3229.8805466937356,0.009206981,0.0014734492,0.07863140770011601,0.02157160404907703
-438.68405,36.982906,187.28319,24.759975,-11.286324,9.090071,45.88377,9.674143,-13.977546,13.02266,31.340893,15.972315,-4.3920956,10.97437,16.042896,5.702721,-1.7533703,6.3445706,7.617326,4.8263803,6.697788,3.3512487,-2.1627889,4.239022,4.6924996,4.167239,926.3612165445745,649.9520422807144,1300.658294043303,421.9583876209851,0.00013178412,0.00029234178,1796.2738249528713,0.009690219,0.0013788978,0.030692611658932716,0.01912730480248612
-416.32172,30.338957,176.6499,19.894272,-17.165043,6.649511,55.95589,7.2227674,-17.045269,11.303208,36.383728,13.689442,-10.035309,9.823978,10.372723,6.474887,-5.885442,5.2887955,13.6568365,3.8258603,7.3345623,3.6762571,-2.4819124,3.6230361,7.8932886,4.1521745,1060.2914916362893,599.7799608101794,1465.5114790083885,360.61838333670585,0.00016423942,0.0003096555,2175.503008990719,0.009529837,0.0012306664,0.0375058910962877,0.021749839729199846
-359.16864,17.533916,173.1383,13.89417,-53.99787,4.515497,70.5146,3.7841089,-39.46824,7.1178308,36.245716,10.590372,-18.550087,8.728324,13.605904,5.9716253,-12.120394,5.1309733,5.0286117,4.1352224,3.0026658,3.0179806,-0.5669439,3.9230042,8.230706,3.0822415,1520.6563500961743,437.0233362786806,1647.0008215789342,234.71890015872958,0.00037038568,0.00048689434,3375.0173334179235,0.009322547,0.0009335465,0.0748905615574246,0.018040209678706766
-377.70865,21.649286,182.91292,17.47402,-47.557117,4.3795047,62.609898,4.652506,-26.17535,9.364736,38.281258,11.48079,-14.895007,9.509414,14.564652,6.14923,-7.686336,6.2134523,3.6984382,4.7543383,3.5368624,3.1802776,-5.552466,3.35749,5.116567,3.4283233,1265.0340460417524,510.75040895293864,1500.7376210118075,302.7433632664214,0.00025047988,0.00040540175,2686.2795801007833,0.009662387,0.0009015995,0.053432243329466354,0.019512967597488464
-422.71454,31.488554,179.0522,20.004816,-15.157106,7.9511485,58.267025,7.6094465,-19.852083,10.7700615,39.254322,13.125919,-14.149362,9.313451,14.269645,5.8064523,-8.765528,5.8456664,5.235242,4.444974,1.7532572,3.4710777,-8.316531,3.5966768,6.743531,3.658713,1054.5007229017567,593.1148588930806,1474.451003963455,356.88039656549125,0.00015351232,0.00030563262,2109.079822088892,0.009650723,0.0009736718,0.03771547817575406,0.02028172415075421
-382.14465,21.537605,174.92447,15.866508,-43.977642,4.4665966,54.227055,5.517805,-29.288414,8.380367,47.417698,10.456272,-7.680939,9.385918,19.808643,5.0893817,-10.813969,4.856478,2.300382,4.9427557,1.3149068,3.4042323,0.63207257,4.202158,8.634681,3.2663257,1326.2723750280575,499.5054165317282,1574.8881304800789,275.11489773359733,0.0002782255,0.0005054203,2738.3639519286544,0.009192356,0.0008495102,0.0608312336861949,0.018725902445894192
-351.18976,26.237402,165.88051,14.173235,-70.53878,6.2329245,64.42351,5.1033206,-39.110237,8.575061,44.93794,9.049221,-25.55834,9.447827,17.445232,5.749386,-15.655781,4.644042,7.483444,3.943846,0.18198627,3.6585677,-3.2019846,3.8380156,12.734982,3.6829658,1742.3974273751576,421.9484036776783,1694.523552871847,206.818195349263,0.0005877597,0.0010001796,3554.1026387579755,0.008547855,0.0020179374,0.09999342916183294,0.018960164672957105
-378.6585,23.484531,196.71698,19.891731,-50.691895,5.9636497,56.12996,6.5500255,-28.879152,10.459164,31.210724,13.363188,-14.828419,10.966272,11.880865,7.102381,-7.7827783,6.923313,2.1955194,4.741373,3.1222768,3.0574663,-5.856315,3.6646981,5.7935486,4.1355987,1191.5533148806044,512.1981291626654,1366.3552604992756,337.5373612177378,0.00021745423,0.00037539043,2401.676583345418,0.009816734,0.0008237228,0.0574155307424594,0.018662336233456627
-382.572,20.228277,165.81366,13.567678,-47.460293,4.633514,49.14101,5.781486,-46.100143,7.715853,48.73337,8.27343,-25.13522,6.3311033,29.556942,3.3813198,-12.567148,4.9233985,5.0320177,4.606902,0.39299914,3.77961,2.8483644,4.3137946,15.3066845,3.1649957,1646.5290941743776,464.9339707793772,1813.3722114085501,185.7103450399706,0.0004326278,0.0005186712,3439.8917284476506,0.0077507203,0.0009986787,0.08542656068735499,0.019824412848363372
-384.85654,23.56561,188.7581,18.895239,-44.207584,5.440292,59.187614,5.7382445,-23.842037,10.516777,33.98921,12.411369,-14.308512,10.38831,11.907559,6.508568,-6.687543,6.054889,2.733411,4.631355,4.0109076,3.0448246,-4.939526,3.8319411,4.7343216,3.6652246,1180.6083990020643,514.420150717993,1419.2928988665315,324.8503129118832,0.00020577459,0.00030727912,2449.539248296114,0.00970763,0.0008976026,0.05043344873839907,0.019246864740009716
-370.28915,19.961004,179.93242,16.014664,-49.65533,4.362041,63.57556,4.9112864,-29.411842,8.706646,39.264183,10.845026,-17.030691,8.712328,14.976399,6.2087903,-8.144521,5.738313,3.9694057,4.58469,2.5298088,2.9533687,-5.755109,3.504877,4.864387,3.8931987,1338.531301073446,480.3736016963993,1549.6561404365063,275.378627684259,0.00029609792,0.00054299907,2862.0424770700406,0.009518614,0.000899609,0.058490655814965195,0.01777720348327664
-380.51672,21.037605,155.44316,12.845857,-29.438871,5.970458,44.40199,5.5980763,-42.62778,7.138001,37.361073,8.845286,-22.87422,5.62887,26.160015,3.6940982,-4.6014724,4.8117375,9.558878,3.9727745,-5.2931695,3.7133682,-12.043697,4.08246,2.772972,3.623646,1630.3424012159405,473.2604207006676,1854.8206052557832,186.37411303755994,0.00038471216,0.00074076164,3556.3259045098607,0.00859712,0.0014020089,0.07972126051334107,0.01880522763802818
-380.2697,21.03602,151.45801,12.293489,-18.532827,7.015373,45.976578,5.911705,-38.733414,6.4448123,38.56107,8.24544,-24.479708,6.094523,17.504236,3.9984689,-8.966578,4.3838787,12.248394,3.9647405,5.9145827,3.2892385,0.38425103,4.3965707,3.8036804,3.738453,1586.7471171119764,467.5546806514925,1911.4486780060945,169.83982875621643,0.00033466576,0.00046897,3669.662496827871,0.009352542,0.0022259753,0.06659091321055685,0.02155218238421588
-419.6889,32.078842,182.45874,21.841303,-14.902848,7.5530343,47.349777,7.996466,-19.917274,11.407391,31.89746,14.199113,-6.1589046,10.167818,18.606106,5.701021,-0.33051306,5.3852015,9.013081,5.1262393,5.074718,3.9318912,-5.1133866,4.088439,3.4949427,4.0449266,1009.0089305610087,604.88672324768,1389.2666115658358,383.28357553832495,0.00015695908,0.00038447962,1960.6206269939096,0.009764353,0.0014156302,0.03668340342227378,0.021616518044175023
-383.13376,20.077187,150.6232,11.91856,-28.531372,5.7665234,51.54986,5.127738,-36.48931,7.1078997,43.056526,8.531403,-23.72901,5.583099,21.993551,3.6624804,-6.5627627,5.028098,15.739103,3.4363658,3.6957664,3.2047849,-6.3909526,3.7345507,-0.75765526,3.8885996,1618.8929333251435,454.6593602256708,1911.4021605069272,166.84113787861122,0.0003132148,0.0004819141,3728.066938714472,0.009235107,0.0010758808,0.06642324354698376,0.01772148952772193
-379.20743,20.336103,159.60484,12.738252,-34.750378,5.8769426,43.23819,5.661766,-41.513992,7.424409,42.404217,8.381185,-25.871012,5.423852,26.11425,3.482811,-8.388639,4.70341,7.951922,3.6334157,-3.2327921,3.5316684,-4.522077,3.8068209,11.550598,3.2323246,1624.2555213887472,441.57408963383574,1849.3099109566194,176.80164750371708,0.0003844956,0.0007175771,3435.545119000145,0.008459042,0.0011634158,0.08075106946055685,0.01758443909269883
-374.2081,20.28625,179.09726,15.797384,-47.631435,4.127723,64.44677,4.1215672,-27.963995,8.503128,39.479713,10.952772,-16.527924,8.9110365,16.559622,5.954026,-5.7734146,5.497473,6.055229,4.4419456,3.5073922,2.978101,-5.8209386,3.3673346,4.3592997,3.5611358,1306.2672343933673,484.06450321901093,1552.9365316148467,278.6543784929028,0.00025820118,0.00031232717,2829.218081587152,0.009591071,0.0008769542,0.0552675464037123,0.017199171654019234
-339.6711,14.812476,156.45842,10.627388,-64.51065,5.799274,70.21056,4.6877365,-38.6184,6.378906,43.84202,7.644289,-29.63515,6.244902,23.944103,4.195453,-10.462956,4.972716,4.5021205,4.2503777,-0.94952065,3.6929317,-0.548303,4.129106,10.615753,3.3541272,1862.8305464475,346.96915187576604,1828.895722457271,154.29805176478305,0.0006833616,0.0009070306,3908.8009579828886,0.008715552,0.0011854608,0.1049068300464037,0.019145846006318544
-360.09323,22.419521,113.08046,10.765444,-67.10927,4.777451,81.61845,5.6865635,-48.14997,6.337111,41.428795,7.9151373,-31.17919,6.6404614,30.77381,3.761474,-18.442368,5.1335497,7.69843,5.6127486,2.5535793,4.4877486,-10.277792,4.423956,12.45315,3.5330555,2776.70301514801,311.2792535218996,2083.7321433901934,85.72568221345844,0.0014577555,0.0015545458,5392.593532482599,0.005999637,0.001595442,0.23900517510150812,0.03688230551961594
-374.32446,20.692865,184.0252,16.61232,-46.87897,4.650864,62.879242,4.575927,-29.569618,9.067266,37.065594,11.038556,-17.02792,8.990424,15.207447,5.990736,-6.5097785,6.125437,3.1912034,4.5402675,1.3901141,2.9333847,-6.0079966,3.3196335,4.697988,3.289667,1270.9020450519831,489.68955074098176,1507.4869523278899,288.88042243328346,0.00025912115,0.00045321073,2688.203079683875,0.0096753845,0.0008452891,0.055071554161832945,0.01895359901218646
-383.02643,20.80971,169.67244,13.399014,-40.629414,5.2289524,46.03648,6.997492,-41.525276,8.46799,44.961025,8.757498,-23.85687,6.402929,27.904888,3.593836,-12.135487,4.955758,4.521963,4.6322436,-0.88501835,3.8086078,4.481741,4.270647,15.037116,3.5868604,1507.0010802158092,454.7606240987048,1749.35790084253,206.22961312080255,0.00032580775,0.0004739048,3011.5758342698664,0.008595975,0.0009675757,0.07464245577146171,0.018226575565847405
-381.91953,21.823946,154.65001,13.208706,-31.012108,7.92786,45.58305,5.506081,-36.789295,7.8894315,37.587593,8.86768,-24.24437,5.500894,20.80434,3.848973,-4.077518,5.2103167,14.8612795,3.95952,4.192236,3.5704837,-4.8960114,3.8343942,0.33392507,3.9648473,1572.852906283086,471.39374116322097,1818.3474820123674,194.73902782468505,0.00029736053,0.00038666796,3370.146133175029,0.0093820635,0.0015658371,0.0698355477813225,0.01628268273402289
-389.4741,21.584145,169.80453,14.087109,-41.231525,5.14895,45.59647,6.665822,-44.097637,7.927459,43.571316,8.515963,-27.64314,6.1970954,25.042791,3.4459872,-13.5117,4.8236914,5.516881,4.681114,4.002212,3.1570737,8.296202,4.3219852,14.583518,3.504748,1534.0860849210026,469.90986001754055,1736.6758147381033,210.39216665070123,0.00030782341,0.00030857825,3005.280744725203,0.00837202,0.00090966764,0.0804791727088167,0.01722843857950794
-384.01724,23.96713,189.59666,19.62485,-45.216522,4.9891925,58.544254,5.468128,-23.357494,10.899508,34.314705,12.581096,-13.286054,9.854764,11.657467,6.5625424,-6.389515,6.427899,2.301131,5.0991955,3.1881263,3.1362915,-5.8752933,3.4819484,3.513168,3.7876797,1178.8481091547224,531.2959029765016,1408.5514982340148,335.0694957642346,0.00025902299,0.0009074901,2434.02634906105,0.009615123,0.00078170263,0.05055806808294663,0.01888088318523592
-347.32104,16.229618,160.5682,10.775434,-54.160004,5.5358195,71.219795,5.4245934,-39.677513,6.3371954,42.267452,8.122203,-28.98452,5.539899,23.376173,4.097916,-16.13539,4.199168,9.56831,3.56717,1.0512859,3.4336078,-3.162275,3.4687586,7.6114426,3.4183183,1746.4027613953635,376.9281461934541,1860.723846021298,155.2962985137773,0.0005530271,0.00041205707,3789.6938669156034,0.008810339,0.00090177375,0.08813306627030162,0.022179791019874308
-370.69815,19.855873,177.13113,15.673824,-46.12913,5.276582,61.453384,4.6530666,-26.692593,8.582707,37.79818,11.0253725,-14.966559,8.353376,14.962331,5.7764983,-6.3252835,5.3618836,3.7493832,4.392706,2.8653758,3.1400561,-5.5260997,3.4334385,4.632307,3.5708382,1314.969964174067,466.1282066948698,1550.3305090034642,273.1791811652208,0.00027699582,0.0004964879,2829.193101073086,0.009593391,0.00095792767,0.056911388848607886,0.018030323515784815
-380.43213,24.878635,187.68317,19.665907,-48.289993,6.954531,61.52424,6.323075,-26.310646,10.26491,35.338657,13.044973,-16.837187,10.010271,12.555927,6.8129973,-7.984828,6.436677,3.2303398,4.8978615,3.97132,3.1556487,-5.3509192,3.696931,4.6302595,3.5209875,1251.5116426551274,534.1235390748311,1456.9537543076578,335.24612584259756,0.00027629719,0.00077297207,2599.896962460122,0.009479852,0.0009644675,0.056107027624709975,0.019589737593738252
-364.5262,17.368462,149.20071,10.395936,-42.87218,4.206268,70.85929,4.2479806,-27.341085,6.872457,48.795254,8.484537,-22.031717,5.751964,26.433819,3.6867995,-9.022089,4.214089,10.951534,3.8720045,3.1771622,3.0190804,-3.3570435,3.482378,7.164701,3.2220428,1696.7127943933565,410.3207283872122,1937.7695240633568,163.03220552616978,0.00042807672,0.00045629856,3904.429368021317,0.009256166,0.0010167126,0.06833898274361949,0.01980978835200747
-338.74695,16.439476,153.72078,11.053183,-82.30257,6.5322146,72.33748,5.162191,-42.63588,7.306675,47.534657,8.255524,-31.97446,6.33885,23.064806,4.94468,-13.630593,5.102618,13.965276,4.9717712,0.9459277,3.8548348,-8.16495,3.5077662,8.312586,3.7425666,2047.1442856944816,343.381845417255,1804.0400125954993,153.54046533051533,0.00095401367,0.0016000051,4029.506801950406,0.0078789275,0.0009820058,0.13206025232018562,0.02238032024427569
-374.79248,20.874584,183.67677,16.177517,-46.952972,4.637468,62.901363,4.821879,-29.718536,8.974385,36.856113,11.371285,-17.779497,9.046853,14.788695,5.7958746,-7.1218414,5.887793,3.5634935,4.5601935,3.014234,2.902765,-4.5798707,3.6719444,6.19905,3.0488765,1267.4427192059284,473.8918268407523,1511.3931600838416,284.3965198212073,0.0002803118,0.0006915879,2699.3693694714325,0.0095349755,0.00089553726,0.05578301732888631,0.017550085626908477
-373.05923,22.146002,181.18744,17.03838,-44.24091,4.616125,60.69483,5.087794,-27.407913,8.994323,36.612255,11.820555,-15.718389,9.09139,14.56337,6.113717,-6.511087,5.7131796,3.3957984,4.732357,3.7700782,2.8652308,-5.2622194,3.4091349,4.807421,3.5168805,1277.6828752764309,492.66129946187556,1518.3829113849235,299.7131585113399,0.00031202091,0.0009980211,2716.605924177059,0.009709876,0.0010483303,0.05535024833236659,0.01737321222581867
-381.40698,20.70465,156.37038,12.279528,-30.027588,5.7606535,47.832485,5.2612753,-41.35817,7.2865043,38.12293,8.561881,-23.799442,6.053747,25.229609,3.628165,-5.3805127,4.861453,10.909726,3.8826513,-2.4587212,3.7897222,-10.935024,3.4528162,2.0294337,3.5094802,1608.8430241613962,456.97411025666236,1854.0336916313256,177.58472841972832,0.00034795157,0.00039604044,3529.022202635586,0.008645533,0.0015552875,0.07731950587296983,0.017943467510749753
-377.66983,19.857021,157.31953,11.6437235,-31.180666,5.884695,51.302704,5.61358,-40.936447,7.247394,43.847095,8.384384,-23.198444,5.6833134,27.885777,3.6418002,-3.7051122,4.8181844,15.092892,4.3001657,1.0771749,3.7110105,-7.907779,3.8174982,-1.0877178,3.719251,1604.1351340522194,432.76685167610503,1885.8813108450931,170.7019545197056,0.0003527564,0.00052434846,3625.946597212152,0.00908494,0.0013417267,0.07338266748839907,0.016159446573605147
-382.18158,22.532106,176.55388,16.713783,-38.36852,4.5193515,59.951847,4.944213,-21.84745,9.357455,35.61983,11.770956,-12.026351,8.711041,13.530201,5.891968,-5.2104497,5.9644136,5.014559,4.6530585,4.5071645,3.112697,-4.600754,3.675441,5.091911,3.415613,1223.1847842868558,501.2058141957662,1515.9008618667574,299.7208525772853,0.0002358775,0.0006679091,2640.190531648782,0.0099149,0.0010633899,0.04660990066705337,0.018559769304429895
-392.90164,22.479877,168.18927,14.234562,-37.186867,5.8433,46.585632,6.7883353,-43.178383,8.220286,44.326313,9.003619,-28.671698,5.599269,27.004967,3.6387606,-10.064795,5.2777095,6.3828526,4.270044,-1.0514346,3.3269966,2.3985054,4.3555927,17.512897,3.3426425,1500.7200925281804,480.7014311937836,1760.4785030889693,206.8555395181401,0.0002750338,0.00044699045,2986.145670950551,0.009134619,0.0010587818,0.0702966393561485,0.017573931896718357
-371.28998,22.139887,132.85245,10.48922,-21.008162,8.87332,74.71565,6.658516,-42.96142,5.4707117,51.42162,7.77443,-21.995813,5.459542,30.62172,3.5940127,-8.995329,4.5144243,15.422167,3.8620389,0.72706157,3.6305447,-4.9913225,3.517992,6.6997557,3.6380002,2051.753412817555,429.3211862927769,2270.6539638966824,118.80351809619762,0.00056051975,0.00077377923,5036.671168068446,0.0087858755,0.0012486182,0.08763345598897912,0.03084431377961697
-351.0313,17.308126,168.73999,12.671516,-63.841072,6.0667176,74.46581,5.080627,-39.306873,7.316283,35.8357,10.255755,-22.785402,8.000402,14.200012,5.680779,-12.1224575,5.6439013,12.030235,3.634255,-0.87456197,3.3577678,-6.811592,3.5458362,8.278348,3.5174701,1655.5789250612313,383.8174175074378,1678.4216438837161,204.2126050499883,0.0004912289,0.0009264376,3544.7349459831785,0.009024578,0.0009813011,0.08911755909222738,0.01737249110380024
-444.97916,40.284676,186.46152,25.649416,-8.260956,9.760955,42.712883,10.392991,-13.371454,13.294127,30.944288,15.778132,-2.4474926,11.128168,14.357567,6.248368,-1.2736905,6.465198,7.3180876,5.094685,4.6894093,3.8875182,-3.3377411,4.81468,5.2593,3.902431,911.3496872008993,640.1231338845259,1287.9785000433958,435.1528183450498,0.00012469194,0.00028322623,1770.4939344366298,0.009580575,0.0019769308,0.03010123622389791,0.020402158696596832
-381.51593,21.099146,176.24095,15.653473,-46.011795,4.484625,55.22871,5.6953416,-30.420652,8.505499,48.056156,9.996194,-8.353525,9.280169,18.9904,5.3022456,-12.071532,4.740264,2.2868397,4.4749775,1.519246,3.3063095,2.0164258,4.2350917,9.771316,3.3807929,1329.5972847073667,485.731710568352,1574.4963581350491,269.46207098563207,0.00026901782,0.00035779312,2757.623928273637,0.009142624,0.0008812941,0.06010844148781903,0.018382364387184172
-394.30136,22.827818,163.93405,13.96198,-36.329964,5.7965646,43.43843,6.696793,-42.97582,7.801661,40.41837,9.03907,-28.265013,6.2054305,24.082325,3.3227458,-9.810636,4.9069586,7.0485983,4.799731,0.39945418,4.2048306,4.170045,4.4289484,16.580145,3.514826,1557.4447006506407,477.89747567499904,1777.2771988987267,201.28767242827988,0.00033160395,0.0005880833,3145.5213506924306,0.008176809,0.0010604787,0.07436829321345707,0.017559572938601
-395.93222,24.81601,176.28952,17.641186,-34.923233,4.665886,50.11892,6.2765183,-24.016397,9.151166,44.337547,11.513646,-3.8562355,9.184472,17.960964,5.219604,-8.133537,4.9011836,2.09345,4.8620934,1.9047279,3.6511602,0.59284914,4.370522,7.852199,3.0694094,1207.6432024512399,519.4555869891927,1509.3902513611918,297.3445057451903,0.00021129781,0.00031357698,2436.3495368691997,0.009184284,0.0012833142,0.05084355967227378,0.019185831982240296
-374.40778,19.348574,158.65077,11.826288,-40.51584,5.1510696,51.355423,5.085753,-43.91414,7.3651915,37.53543,8.748952,-26.41763,5.8613696,33.05853,3.543066,-6.17665,4.8853736,1.7165824,5.17345,-1.6875325,3.2272005,-4.2764544,3.882348,3.7370157,3.6871526,1665.0889380013914,427.75651852180386,1848.3677881853937,176.38747849141035,0.00047052556,0.001700175,3570.4648754712875,0.00853538,0.0011102204,0.08186244743329467,0.017933590209757017
-371.10074,19.862722,179.93318,15.97102,-49.29208,4.90806,63.28464,4.8508277,-29.271439,8.740058,39.339848,11.278986,-16.526468,8.664589,15.69016,5.7373724,-6.8274837,5.715328,4.9980793,4.489953,3.597948,2.853916,-5.51403,3.7584066,4.4491363,3.4376159,1328.7226811522178,475.09146552494855,1550.225979517567,277.0608069258589,0.00029978136,0.0007377232,2845.955026011456,0.009567563,0.00091452897,0.05793666618329466,0.01698377409250624
-396.38007,22.920082,162.83513,14.018973,-37.30541,6.0871153,43.326023,6.7596316,-43.8589,7.78182,44.698326,9.15296,-25.142675,6.4674206,25.824469,3.6673727,-12.078748,4.9613905,5.310321,4.867453,3.2622375,3.7623262,7.69459,4.794166,16.955257,3.1657422,1594.2333925503065,482.8316921563139,1808.2487493331248,190.1718512377479,0.0003629753,0.00050040433,3270.27403793866,0.0075915796,0.0010519194,0.07896674702726218,0.0192886637393775
-387.49435,24.52276,194.41328,19.684328,-44.407284,4.9906726,60.2821,5.1888165,-24.393217,10.569798,32.304634,13.498238,-15.203792,10.309012,12.01265,6.6391397,-5.9769607,6.3683414,2.6125665,4.780681,2.5564702,3.0031135,-7.34463,3.4194326,2.4172955,3.7471108,1137.1679593237468,514.9089615408352,1372.3489679978304,335.65727679789387,0.0001873595,0.00027729216,2327.1097488580335,0.009800845,0.000843801,0.049209913355568444,0.01718011617960558
-369.0835,19.80181,180.14008,16.039047,-48.31732,4.883009,62.501488,4.899208,-29.582298,8.6212435,38.554413,11.233816,-16.536089,8.721056,15.4388,5.5916214,-8.654422,5.1475053,3.549024,4.6857815,3.1876683,3.0164416,-5.045214,3.27661,4.955515,3.4108934,1319.6347866348513,474.22582746407124,1545.3690403713388,277.83054691768734,0.00034587027,0.0013681726,2825.0962967662413,0.0097017335,0.00082506,0.05657831532772622,0.0165956967147449
-411.01526,28.90106,179.29242,18.355038,-21.267221,6.0277534,58.569542,6.56751,-20.44287,10.618365,38.959797,12.88616,-13.608059,8.771328,9.706553,6.031169,-6.6396084,5.540173,14.406642,3.2489526,5.666895,3.4653726,-5.5744147,3.4188347,4.986253,3.89189,1092.6690004821364,558.4685408601393,1485.2762561592945,336.5039010170721,0.00016911767,0.0002643204,2228.6865234375,0.009349336,0.0010546452,0.042291273926914154,0.02112028379263706
-363.9285,16.765572,142.3903,9.048131,-45.062836,4.1464972,64.88095,4.042061,-44.983902,5.6819844,33.459255,9.341005,-27.005457,5.245342,33.08694,3.4753304,-9.511428,4.817833,1.2495191,4.590216,1.2634697,3.2928805,-10.169915,3.390213,3.4845057,3.5003304,1966.9913975794566,365.6222634563155,1968.2721877158333,128.52413935604858,0.0005993117,0.00080715993,4389.575931699536,0.008060824,0.0012168766,0.10002288464327146,0.01700819122615032
-343.07294,18.478039,155.32755,15.590559,-63.8729,5.137635,75.739265,7.2398024,-46.139225,8.156987,44.41699,8.831618,-35.103424,7.6107244,20.5523,5.5586534,-7.2451057,5.5730133,10.193685,5.0441084,-4.327004,5.350144,-6.4720435,4.2939935,9.708783,4.7131133,1983.684602705295,424.19953533462603,1878.831671808065,207.45132526074738,0.00085479877,0.0023638408,4148.588912503626,0.008330787,0.00096804183,0.12073575261020882,0.027225656019625365
-384.47842,22.227907,165.52208,14.4187,-38.375465,5.17315,42.887444,6.6079717,-42.559143,7.935834,43.141403,9.466424,-24.395897,6.5577755,24.27745,3.7926204,-10.289654,4.906238,6.9362483,4.346211,2.3030987,3.7755861,4.353756,4.49812,13.877576,3.4854395,1561.369060767673,494.2953146035659,1763.8163026044874,213.6976346208808,0.00041122592,0.0012457952,3130.907749963747,0.008291193,0.0011509701,0.07919672636310905,0.01931565288293821
-394.29718,23.229002,163.6622,13.522236,-34.104282,6.721615,44.794304,6.4738536,-41.376873,8.160606,44.307716,9.023452,-26.595291,5.917514,25.850225,3.6545153,-9.692032,4.983268,4.1007223,4.361653,-4.822096,4.724196,-0.49516198,4.047948,16.752243,3.4014518,1552.418345989937,474.4964118003262,1807.268589977044,190.6122563717173,0.00032775392,0.00048290478,3181.69313506018,0.008069582,0.0010910197,0.07492454865139211,0.01779783277677262
-373.17627,20.45856,179.92499,15.344426,-48.300346,4.1974263,64.88156,4.197892,-28.478827,8.574467,39.68912,10.861286,-17.06932,8.816338,16.341402,5.817313,-6.9664145,5.598277,4.1291037,4.746563,2.5811934,3.108505,-6.468856,3.5869896,4.60504,3.2394354,1311.5792740651902,468.1125176703835,1551.7940788511235,276.0811497803519,0.00025403083,0.00028420927,2837.386709686775,0.009631305,0.00093968323,0.054816650957076565,0.01728144170264711
-378.7921,22.856932,183.5424,18.50761,-45.197887,4.725251,62.44915,4.609911,-26.929132,9.801889,37.24134,12.326343,-16.744722,9.787969,12.335503,6.509582,-8.115129,6.3621078,3.4195447,4.738754,3.9793093,2.8741262,-4.8983593,3.5878286,5.14505,3.747842,1261.5141073764696,537.8088215367354,1496.5033807100517,320.8145793746079,0.00028927234,0.0010367568,2666.544973988544,0.009740635,0.00084610726,0.05421734520011601,0.019596134131135003
-363.93668,17.775003,163.07054,12.2089,-48.16069,3.7749414,62.269684,4.7478137,-33.388874,6.7183805,50.951294,8.880013,-17.143877,7.248665,25.62969,3.7020109,-13.706159,4.097631,4.831041,4.068124,1.2435342,3.4346333,-0.8111575,3.658067,10.404554,3.0080147,1569.4611281703826,427.49642097538043,1795.769295162471,194.64568308456677,0.00038111376,0.00032905818,3467.570138032918,0.009103471,0.00092644524,0.0703192974187935,0.01768892486943215
-349.57846,20.416712,163.94615,12.377225,-50.695873,4.8517485,67.99861,4.334273,-41.11214,6.464611,38.578033,9.590027,-24.481089,7.6211004,16.835426,4.9945707,-9.378777,5.8297358,7.0259366,4.193606,-1.3722264,3.5160398,-5.917822,3.7054555,10.810307,3.4455495,1649.8642403410781,420.7185492750645,1771.7870979705488,203.19966147678716,0.0005072272,0.00092852744,3702.661755909223,0.009151587,0.0014324437,0.08164266422563805,0.018950179160852815
-348.6649,17.12794,162.627,12.203908,-57.124092,4.9406934,77.79929,4.477892,-44.820236,6.3729587,42.984116,9.655722,-20.13864,8.283785,20.677359,5.211344,-13.2248745,4.907778,5.7530417,4.2796416,4.55415,3.3031595,-7.344775,3.6517646,9.208158,3.8116462,1726.5742577579458,402.1895590032236,1799.2527418395227,192.72517561722452,0.0006166229,0.0021086712,3804.8820194678074,0.009071475,0.00083356455,0.0905178273636891,0.01933497388305117
-365.109,17.100746,148.26045,10.069854,-46.759087,4.6253986,59.12765,4.3153214,-46.877552,5.9603763,39.47059,8.517646,-26.259548,6.1329308,31.110102,3.434171,-11.328,5.045067,-2.6768563,4.4480643,-6.6020865,3.4840198,-5.5833964,4.3347745,9.506884,3.267746,1900.6791471864658,391.6277239901241,1950.6477350248904,140.7677887855181,0.0005773901,0.0010064129,4270.044171893126,0.008082547,0.00089229597,0.0932730477813225,0.017998254035586875
-383.8316,20.824533,164.57466,13.851419,-40.412224,5.549417,45.144146,6.2604713,-42.751637,7.8405776,41.790283,9.039413,-27.510405,6.113926,25.541437,3.8538196,-11.4427,4.6815,4.810888,4.654043,2.4137425,3.7077253,8.008395,4.518767,15.651731,3.4556932,1592.450911523872,472.9267029083048,1778.288813027563,198.66634754565743,0.0003663081,0.0005841623,3200.5784036941704,0.0082593,0.001027592,0.082505936412413,0.01950128531756413
-378.49298,21.693068,183.67102,17.063711,-45.02144,4.625727,61.97365,4.97935,-26.522367,9.5154,36.69051,11.618121,-15.541395,9.241337,12.558496,6.269754,-8.160329,5.6773777,2.1191025,4.6129427,3.4163373,3.161107,-4.590858,3.5169287,6.2409673,3.4798954,1246.1405209336567,490.41173740356203,1487.685307677805,295.564144181247,0.00023414523,0.0003475423,2636.843142763921,0.009693682,0.00089613855,0.052919038210556844,0.01904018501789472
-361.7354,15.885155,113.24335,8.004376,-78.290115,4.5650887,71.00906,5.9529104,-43.385365,6.073426,47.791935,7.5657535,-24.406242,7.4214864,28.420126,4.2160554,-16.527348,4.879443,9.152279,4.556288,8.172204,3.8874998,-0.73635405,4.2012286,5.4454794,3.544376,2569.4392945789536,309.74742352280555,1967.0463921933904,101.01286950624768,0.000979148,0.0017990953,4923.1097511238395,0.00694762,0.0013349403,0.17328319859338748,0.022638009259181607
-375.0726,21.917503,185.91502,17.228582,-47.69895,4.683811,60.074844,5.1430993,-28.056269,9.770389,33.422096,12.127429,-18.535538,9.540182,14.473054,5.6096,-7.6418557,5.726434,2.7036395,4.6886587,0.09811549,3.3044116,-5.691403,3.5569894,9.538466,3.4743104,1252.4285485683283,490.0154292952988,1472.3436314231758,299.9495575522144,0.00025810619,0.00064080814,2613.6112646824245,0.00985743,0.00087506155,0.05472035419083527,0.01675332838844727
-338.88913,20.382677,158.8069,12.480474,-54.915337,8.275476,61.496067,5.352229,-38.60158,7.830936,41.625256,8.196054,-27.857517,6.6336765,19.461432,4.804339,-13.693826,4.574539,6.863387,3.7473185,2.296752,3.3582258,-4.2964478,3.7996154,5.695786,3.4685745,1765.1205357870717,387.135040652882,1824.0966436986014,188.39338593426714,0.00061281916,0.00071540487,3785.1224328415024,0.008947463,0.0018397077,0.09405814965197216,0.020524722784656647
-381.08566,23.035702,193.8482,19.613043,-47.23969,5.199383,57.88844,5.5673795,-27.060144,10.279707,31.235579,13.233229,-16.207104,10.401105,11.008411,6.4941893,-6.162488,5.984098,2.9564254,4.9674373,3.748945,3.4359643,-5.5381103,3.7026958,3.9929006,3.2032964,1181.9099673772248,506.8734296124083,1385.831373224994,328.05986481846406,0.00022995078,0.0004576242,2404.49938143489,0.009608827,0.0008617745,0.05287485498839907,0.017016814932593095
-360.80496,18.128548,161.60468,13.337364,-42.599197,4.2234316,62.584606,5.0066276,-35.82066,6.8315387,36.50386,9.924712,-18.528938,7.7996826,14.496932,5.303406,-3.8473816,5.2949743,7.0386047,4.033839,-0.39223373,3.5769498,-5.080659,3.552847,8.008963,3.218916,1548.1527036935759,439.02131067640846,1738.5861420849492,216.23264081569056,0.0004473,0.0020277135,3507.8137461934457,0.009583148,0.001246841,0.06354000507540604,0.018645169549790678
-343.96948,28.958302,149.03152,10.286851,-81.635605,12.318087,71.45448,6.789793,-51.176296,7.832288,38.381947,8.572812,-41.430676,5.803833,26.98052,5.0430284,-11.420461,5.341914,6.0678744,3.6917396,-3.0768144,3.6495879,-4.8511853,3.5198894,7.1967726,3.9675946,2175.6099105278745,341.0302302480483,1849.4393385509272,144.13771539059982,0.0012540016,0.003249661,4307.889650703306,0.007219903,0.0021599212,0.1481078251885151,0.022085499760771152
-382.34784,20.257557,152.9922,11.208601,-31.713352,5.6207376,56.68571,4.642906,-40.75708,6.7397566,43.00658,9.279408,-25.213913,5.8274474,23.340832,3.4495354,-9.00906,4.5478783,17.558176,3.5245962,5.471166,3.1588879,-3.9523852,3.8412364,2.4420164,3.5972466,1651.5880973038907,443.73027141270893,1935.2530348324046,160.86503850651513,0.0003176322,0.00037421045,3835.7829153676043,0.009256797,0.0010305438,0.06400562826276102,0.017565674281319207
-371.03604,20.866907,179.80191,17.47868,-49.44746,4.850365,63.30713,4.5528073,-29.810669,8.739917,40.636547,11.054019,-16.09195,8.961127,16.038681,5.6736465,-7.9896,5.363002,3.9657843,4.4225526,3.4760609,2.9407136,-5.3725233,3.6469262,5.100435,3.7613664,1337.036019325532,503.25734206608905,1554.154161246306,284.91859033472275,0.0005178724,0.004011167,2857.8957117350637,0.009580795,0.0009295645,0.05771235136310905,0.017650350699212957
-344.2003,13.318863,155.88136,9.1426525,-51.339428,3.6967769,70.2157,4.0279937,-42.032745,6.035753,48.51423,7.6075125,-30.61392,5.2204847,25.892778,3.3154798,-17.605736,3.5133631,10.2169695,3.4604428,-0.94452655,3.5339973,-4.1965218,3.3076153,7.213161,2.9933963,1856.4525321097294,344.8555020832166,1988.8510715861098,120.54997386964163,0.00066932227,0.00094941864,4190.031585339327,0.008861104,0.00081002346,0.08998989450406032,0.018249792561626316
-385.06638,21.613373,170.39574,13.931606,-41.094555,5.2486873,47.736477,6.83927,-42.339428,8.106016,44.61906,8.907177,-26.880669,6.5243764,26.360962,3.6794593,-12.018972,4.3762374,5.3571196,4.7865577,3.2923288,3.9104772,7.929293,4.6305165,15.741556,3.3696258,1524.9297060393328,473.4331387479432,1743.3301758559155,211.5487419692194,0.0003318526,0.00043512209,3013.024704085702,0.008373623,0.0010095219,0.07827341031032482,0.017265899343877043
-376.92728,20.063349,157.54184,12.042546,-34.692123,5.8909807,46.13922,5.7867274,-42.716507,6.936146,42.171513,8.902311,-23.814697,5.789673,27.843658,3.4151335,-6.1210012,4.4487953,8.511006,4.112436,-2.9620817,3.8611922,-4.402033,3.7758112,9.829072,3.4608395,1640.3767111900218,435.0640244064175,1866.9945202257452,170.18715346111952,0.0003903944,0.0006050483,3590.5492087804523,0.008604915,0.0011438507,0.07998749274941995,0.017230684522071476
-373.2542,20.203432,179.4975,15.718679,-48.631706,4.001067,65.334045,4.3245244,-28.83458,8.507161,39.60609,11.184019,-16.347616,8.603331,16.266266,5.710103,-6.9349656,5.3585477,4.7847824,4.4540153,3.2595727,3.0229032,-5.741957,3.229472,4.709372,3.684455,1319.0000931324269,482.08512336006663,1551.7054352986008,271.9201039112309,0.00026273556,0.00032608391,2847.15409068663,0.009598595,0.0008665528,0.05661343532482599,0.01847803829847796
-375.87003,21.39589,184.48946,17.012913,-45.18948,4.6037216,61.709133,5.1922765,-28.421885,9.1364155,37.153748,11.943428,-17.13755,8.79926,13.952575,6.3222027,-7.651638,5.2658353,3.4599931,4.456885,3.585171,2.88614,-5.353561,3.94433,4.9410415,3.5640793,1252.6623221590485,491.41384655043817,1496.7231562523266,296.26563749370763,0.00025748234,0.00055541395,2642.3138753444027,0.009706537,0.00088486314,0.05372906395011601,0.01762861468030254
-395.57812,25.590338,177.60835,18.412075,-34.021996,4.957154,49.40109,7.031486,-24.164083,9.931562,41.350895,11.649994,-6.920323,10.352029,16.383575,5.425102,-7.7965918,5.2118692,3.5692842,4.719029,1.5091009,3.7926092,-1.9419274,5.0270596,5.9440417,3.8882298,1211.5493436629342,549.0415254983302,1510.4018814131573,307.0585981992185,0.00023544094,0.0005654377,2421.2363258591936,0.00920134,0.0014010494,0.048812264356148494,0.018236862557876092
-416.7878,31.505203,173.8849,19.244347,-21.561985,9.236369,60.312157,7.1806417,-23.275692,10.103959,42.261528,12.660471,-13.867361,9.130655,16.731863,5.0415783,-7.9710016,5.7577887,4.022003,4.7545958,1.3363683,3.5706828,-10.187656,3.2574575,5.9787664,3.7409854,1162.1034390504904,594.8399528581256,1559.460726491068,330.0930180670676,0.00016644354,0.00026902326,2426.8319610100057,0.009565924,0.0008254935,0.03914633483178654,0.019516336641686456
-380.3522,24.337624,189.20647,19.852118,-47.919464,5.5200677,58.946327,5.571937,-26.027328,10.80139,36.155453,13.169959,-13.610569,10.723922,12.720362,6.6576,-6.970577,6.1230507,1.9196957,5.0344796,2.7359643,3.2039058,-6.282712,3.682336,3.8394938,3.5270598,1224.5031749480067,537.8144203357718,1433.3235786960508,335.70701412275315,0.00026665017,0.00073231774,2530.4511333562937,0.009617393,0.00095662515,0.0541969529437355,0.019665012521415445
-383.57242,32.489155,164.11794,20.934525,-62.97724,11.760531,39.70155,9.795148,-24.325558,11.666262,19.480244,13.960224,-22.33743,11.447335,4.248315,6.587784,-10.934481,7.7128086,-0.9673926,7.3452263,10.488953,7.2503524,12.9911585,9.813987,18.356863,6.9780903,1534.6011983167814,528.5411834042277,1429.3183068617327,316.76795794006824,0.00033918978,0.00043386137,2869.836397458672,0.008552848,0.0029350983,0.08484651428364269,0.02186031653896953
-383.80316,20.969753,167.13994,13.940594,-42.62274,6.0905914,48.65528,6.335037,-45.746872,7.704389,43.228645,9.47269,-31.359259,5.907444,26.011347,3.6504674,-13.993827,4.1814895,4.9105234,4.2370987,1.5305505,3.452471,7.3827734,4.6677575,16.420496,3.4959686,1612.7229062901056,465.02845411144835,1806.5213288955,189.21635420579932,0.00045771478,0.0014571475,3302.6487841683584,0.008013031,0.0010499724,0.08200066161542924,0.017983119018978144
-376.299,21.761774,182.70721,16.867836,-46.243202,4.163004,63.57525,4.424871,-26.991648,9.114619,36.92408,11.918728,-16.918839,9.171732,13.655671,5.7890635,-6.634295,5.3245816,3.1769357,4.9791403,2.2823462,2.9837246,-6.649379,3.549935,4.9608436,3.7918756,1268.6585541048375,504.8299032228195,1502.356249654927,286.1432552680075,0.0002348225,0.00027438876,2685.080515425609,0.009638392,0.0009174016,0.054953732236078884,0.018490849910466334
-365.24158,18.154552,153.53256,10.989611,-37.606117,5.541679,54.647385,4.882741,-42.530155,6.6051173,40.056202,9.061386,-23.776905,6.0924764,28.931107,4.085685,-8.05325,4.075891,11.2681265,4.09216,0.023219557,3.92273,-9.310977,4.18851,-1.3439771,3.9957273,1724.4956666725939,414.64038309239703,1923.801027463316,153.98020096232116,0.00042913193,0.00055970345,3895.386421929379,0.009008086,0.0011538323,0.07875715994779582,0.01832301706622828
-400.2766,29.86613,173.71782,18.6643,-26.24034,8.434221,62.25796,7.129174,-24.357876,10.142445,43.113796,12.391816,-18.332651,8.230741,20.949097,5.3119664,-5.705724,5.628333,8.032065,4.3452783,2.7202678,3.2777224,-7.990948,3.6809745,4.153278,3.5526228,1223.9158075615244,565.8259531174683,1612.8765323715297,330.47734997394247,0.0002298834,0.00041863692,2624.053119562065,0.009566073,0.0011230544,0.04501137434744779,0.021381892758784903
-374.1711,20.75163,181.5443,16.182596,-47.84741,4.0905375,64.43356,4.8615212,-28.757605,8.493271,39.458363,12.015241,-17.054457,8.552912,15.756555,5.8750696,-6.3787155,5.2178884,5.1597247,4.3209944,3.5439339,3.2064664,-6.3314695,3.4723854,4.1952386,3.4317594,1292.9245204329625,479.70517633987583,1534.4493964800142,281.84704283835197,0.0002587867,0.00038466393,2772.3124705445184,0.00969619,0.0009628447,0.05515085738109049,0.017888612923711387
-379.8461,22.463165,184.14413,16.849745,-44.074528,4.351892,62.86979,4.673069,-26.222328,9.01412,36.29461,12.007128,-17.013395,9.708226,11.838052,6.143288,-8.090613,5.575228,2.3081539,4.4925785,3.2037456,3.0335827,-4.66969,3.5388274,6.359957,3.2046814,1232.2330011470992,494.5105502631857,1482.8669957221848,297.7515397457682,0.00021859094,0.00028454332,2608.265434672274,0.009744784,0.0009340185,0.051569750580046404,0.017467635413814932
-383.56662,25.477304,194.88014,20.717978,-47.917877,5.6270356,57.21598,6.156114,-28.405117,10.757444,35.52423,14.275511,-13.903459,10.924246,13.178007,6.8115644,-7.0230274,5.969818,1.9868677,4.9999366,2.9847274,3.22345,-5.6229787,3.6997936,4.519996,3.6852,1185.126528746918,537.6284769586596,1392.2091221608016,353.1723853283521,0.00025012993,0.0007584291,2399.952927874855,0.009637309,0.0009561095,0.0526426098462877,0.018032583108441958
-386.84854,21.573828,166.85303,13.3346815,-42.399178,5.3621907,45.57275,7.015563,-43.378044,7.5132275,48.116436,9.237195,-24.91631,6.749154,28.033237,3.673605,-12.605602,4.3339086,5.4239573,4.7961736,0.7228137,3.7504265,5.7955704,4.6539087,16.132177,3.2145913,1584.9275885344605,467.4119191628368,1798.898166074777,193.4929754567454,0.00036741153,0.00040470116,3227.3575147730567,0.00792605,0.00095541467,0.0816302022911833,0.019572348753802243
-391.47372,23.72014,175.71564,16.82831,-37.339592,4.9661183,55.019386,5.838576,-26.18568,9.33999,45.528893,11.138333,-7.183159,9.816228,19.580776,4.803327,-8.350556,4.45288,4.118398,4.654721,2.5308638,3.3140104,-1.262507,4.515111,7.410092,3.5332074,1243.5990697142745,529.9407157834265,1555.4702974474048,287.1024697008235,0.00023645165,0.0003620154,2596.549573575261,0.009280351,0.0010656749,0.0478447650812065,0.02078048488863997
-371.9276,18.52986,143.25716,9.248617,-37.938236,6.1137743,72.059746,4.09914,-41.791203,5.3313856,40.95211,9.566562,-25.667747,5.8824797,32.92687,3.4108806,-14.3751135,3.8870523,2.235296,4.8270464,13.099711,3.0745378,0.73576665,3.4966009,5.25192,3.8893273,1888.330720334785,378.05144472030906,2034.290040205193,123.41866664367501,0.00049961,0.0016400866,4496.992142183874,0.00914447,0.0011859706,0.07723680394431555,0.017720231614862168
-379.66895,21.12044,167.69691,13.4868,-41.051334,4.3159575,60.14114,5.1710086,-30.514238,7.859249,49.947124,10.192446,-13.601542,7.7725363,24.30791,4.1151032,-10.718554,4.2536063,6.368781,4.1401467,1.9106368,3.3066404,-1.2133948,4.010887,8.80698,3.2168183,1405.4113482315813,468.8781757681791,1720.705058194248,232.23534067119328,0.00030003657,0.0004293564,3096.8593092916185,0.009256885,0.0011189402,0.0547792651537123,0.018747557273143717
-343.9001,12.88379,149.0437,8.178588,-52.37912,3.5084481,74.96023,3.1082752,-42.191486,5.313455,49.590958,7.672858,-31.883146,5.197474,26.241858,2.9042997,-16.901403,3.6311376,10.268381,3.5033476,-1.8530208,3.2687776,-3.8464582,3.390043,8.736613,3.1560354,1997.3641742006432,339.3465230887426,2056.5933165522083,108.55136881826215,0.000721564,0.00039399156,4497.391830408933,0.008507736,0.00081239815,0.10228189348897912,0.017805896086475478
-381.15762,23.582954,189.07889,18.486685,-47.09647,4.5485373,59.064648,4.914098,-26.350828,10.023243,36.060726,12.73605,-15.1504,10.104678,11.789267,6.517327,-7.1272,5.9200306,2.8536801,4.6770344,4.217063,2.8929498,-5.33539,3.6176257,5.1611214,3.8035228,1212.3678070432834,515.7552025447393,1432.000892252101,317.09177621728026,0.0002217006,0.00031685317,2490.8070575333527,0.009578036,0.00096152583,0.05373019685324826,0.018491141018163754
-373.43808,20.00692,159.52228,12.261052,-32.897068,5.665799,46.339413,5.875876,-43.531364,7.2634044,37.46109,9.381954,-27.65458,5.5638404,24.280174,3.744367,-7.44386,4.4009566,12.100418,3.6457539,-2.6025765,3.793496,-9.183527,3.797332,4.850679,3.2466319,1608.452638086853,444.41910237557585,1836.4015759662077,181.32833819841025,0.00037854785,0.001001934,3434.920606148492,0.009154303,0.0012202077,0.07979376631380511,0.01679675423318005
-378.6042,21.62414,184.58798,17.549038,-47.735573,4.255255,62.392765,4.583281,-26.684309,9.021893,38.77877,12.604634,-14.974743,9.457352,14.081884,5.9183235,-6.9320645,5.4914165,3.950342,4.505498,3.6571536,2.7992659,-5.0263786,3.5961862,5.3952026,3.3321307,1245.0632016229758,507.4247819336757,1484.2716252454202,299.20333023764607,0.00023077702,0.0003277208,2626.1514827436195,0.009739705,0.0009315639,0.053432243329466354,0.01809587737064422
-369.48328,20.144503,177.15959,15.330034,-47.820335,4.4388156,62.74117,4.5106626,-28.130526,8.470798,37.739193,11.509118,-16.211832,8.731302,14.67492,5.7680078,-5.8596463,5.2930384,4.531362,4.511289,2.6815777,3.1661823,-6.2972646,3.474743,4.0322776,3.3182373,1336.2326096835732,466.74822402798105,1559.0828486877572,271.3909164327744,0.0002887998,0.0005674961,2887.222835248695,0.009538116,0.0009791495,0.05812586100638051,0.01760543897330926
-381.76694,14.544028,160.1104,8.81593,-35.170746,5.0206165,44.40768,4.5942655,-41.664974,5.565003,40.71721,6.683907,-24.514069,4.4575543,26.460102,3.69731,-5.5251403,3.7878637,8.557242,3.4755,-3.9527438,3.5957057,-4.388853,3.6282113,10.8686695,2.9745128,1563.4195044007474,307.22953031633926,1824.5047360092706,125.10963055462643,0.00032452133,0.00039544012,3387.0079801696634,0.008541473,0.0011188142,0.0776344529437355,0.013310351859617087
-365.78214,15.022679,159.67609,10.568282,-46.345226,3.7558699,61.823376,4.249916,-30.073257,6.4131613,49.93816,7.453225,-15.483378,5.957026,25.358532,3.8984776,-12.372958,3.5605595,6.1178083,3.832178,1.8851734,3.0635185,0.22620174,3.6791933,10.603,2.911697,1554.9184336973337,375.9889456643306,1808.1292060356266,164.0963530199738,0.0004046695,0.0007770634,3483.2828813805104,0.009104517,0.0009541824,0.06612982163573086,0.017468233947230346
-378.91858,17.02111,184.4517,13.397812,-47.569885,4.1384444,61.029076,4.0732865,-25.099886,7.525651,35.335133,9.469153,-13.132289,7.398026,12.746812,4.982386,-6.475951,4.6088867,2.6516635,4.4393816,3.290104,2.8782356,-5.3895335,3.5210414,4.0843015,3.451515,1208.2744848100492,392.45932456020233,1455.1739353691787,226.51977323153054,0.00022743939,0.00053343264,2557.629932660238,0.009543324,0.00095338863,0.051973064095127613,0.015196812192053257
-412.42764,20.748596,182.37556,13.428754,-24.01711,6.0178604,58.52081,5.4440193,-20.61164,7.9171352,36.99464,9.536777,-13.861899,6.4293017,18.203068,4.042811,-3.872452,4.623227,5.91284,3.8920233,1.3072938,3.1026154,-7.822812,3.3555498,4.2358284,3.4324992,1025.503752454612,404.69914899676746,1451.581242068967,234.01161774052042,0.00014786393,0.0003606177,2086.347554288718,0.009409951,0.000882275,0.03783330010150812,0.01732245795230681
-400.09015,20.756195,203.05005,16.37495,-52.294323,8.007792,41.38894,6.246627,-23.57909,10.23157,21.277136,10.288637,-14.873856,8.570661,6.4337125,6.079559,-1.7267073,5.3175144,4.970096,4.3989887,8.887581,4.6221023,-0.5956353,5.902238,2.112479,5.412241,1098.612031724848,381.48326515125217,1185.210803245062,264.24630999002176,0.00012493723,0.00020993258,2032.8392931590777,0.009466274,0.0015825072,0.07072147803074245,0.016571690810065005
-344.108,20.599964,163.25076,11.806813,-73.49181,4.469022,70.42049,5.3152723,-36.507732,7.60578,35.863613,7.790648,-30.358568,6.6661506,18.516115,5.0120153,-9.092869,4.976597,8.016797,4.281112,-2.823223,3.5829859,-5.6063213,3.7224085,6.9935007,4.2366815,1783.5519757406942,306.18120420386913,1683.5787993566707,153.8961339102998,0.000635271,0.00060467265,3574.0121084686775,0.008293741,0.001933179,0.10936706967807425,0.017384383318728627
-357.64255,30.704239,156.82149,18.37381,-72.289,12.239825,57.302715,7.545891,-45.349632,5.6846275,36.561176,8.376456,-23.715958,6.450199,16.324436,5.82896,-10.551289,4.3623567,9.589118,5.2152605,3.6160302,3.53572,-2.97531,5.2734165,10.635756,3.7852352,1876.6875577380133,365.0067512811489,1711.8583478357555,214.77351102171704,0.00082074414,0.0008856927,3742.555636872825,0.007291329,0.0035631128,0.1193286869199536,0.02262578647075095
-349.59512,14.604036,159.7605,10.101627,-74.346275,6.5256925,72.89681,4.154558,-27.767868,6.4854617,37.648727,8.3319645,-33.07513,6.9753513,28.867102,5.244493,-11.165415,5.0748496,4.6747656,4.2271633,-1.5029382,3.8704321,-3.7708256,3.7537696,10.845427,3.7679298,1796.415640621187,282.6313811907578,1713.383636921322,152.48141001547228,0.000588491,0.0008484902,3448.135298089472,0.008075465,0.0009192726,0.11630383555684455,0.018232476721991277
-391.61145,16.300999,171.48657,10.551306,-37.451176,4.836888,46.205086,5.567998,-39.689095,6.4822445,39.80794,7.397165,-29.127518,5.1539345,22.451836,3.683162,-14.72277,4.246699,2.0947227,4.3230577,1.0205505,3.3157604,6.8829055,4.025094,15.18539,3.6446617,1447.8523840376142,342.71887507960247,1712.324764269942,151.78009870415295,0.00031992613,0.0005691955,2844.2563510549594,0.0078669,0.0009297608,0.07502877573955917,0.015306286657073407
-382.35205,16.620531,162.28285,10.032371,-35.783695,4.881146,44.12654,5.186667,-41.668835,5.990511,42.510635,7.226991,-24.797659,4.9770417,25.42846,3.1993783,-9.032165,4.0042315,5.3945217,3.7299647,-3.747964,3.1661577,-0.72299147,3.6001651,14.48869,3.517351,1564.8957793282464,355.47665190888597,1817.7781839073816,139.88488773314594,0.00032635996,0.00027661474,3342.068035364704,0.008250243,0.0010771103,0.07743846070185614,0.015059979154719327
-402.39435,22.309078,176.33594,14.108231,-30.31966,7.0659337,57.627583,6.5545564,-14.591769,8.213581,29.84147,10.444078,-5.3876615,7.298349,18.702845,4.6367846,-2.5928605,5.2848506,3.5883167,4.7595534,1.9683241,3.600038,-2.1064968,3.9387743,8.000812,4.0536175,1063.240057539,403.86644615148737,1437.068267414709,226.5442793541699,0.00015179785,0.00026528808,2317.1675042597158,0.009906412,0.0023354504,0.03773133881960557,0.01617086533245308
-383.04926,16.133812,185.50523,12.342743,-46.79834,3.53386,60.890606,4.024678,-22.847393,6.9865603,34.961205,8.822944,-12.565555,6.929572,12.67477,4.8512173,-5.0571175,4.564253,2.9309518,4.1180077,3.9541526,2.6928895,-3.866432,3.1788988,4.5908537,3.4402034,1163.4216210183317,356.7055479578308,1431.0802460056443,214.08063188256904,0.00018312517,0.00025394425,2464.0279464544665,0.009635546,0.00093896093,0.0485301714762181,0.014988524314824747
-401.46542,18.481352,184.24898,13.975569,-42.80095,4.4654684,46.92598,5.4242578,-21.292904,8.005134,41.25438,8.78204,-5.610534,7.300814,17.889454,4.745026,-2.98881,4.468532,6.4444146,4.133247,0.10052104,3.2837915,-7.2075896,3.8028002,4.107233,3.7777197,1148.65434786046,387.62094966869563,1387.1453950642024,225.0944129088954,0.0001838302,0.00049533363,2109.3046467154873,0.009054603,0.0010290636,0.0641551714762181,0.015561117321463655
-404.76923,23.275925,176.38438,15.679961,-25.271914,7.053029,61.02662,6.2103734,-22.49807,8.7855,39.313408,10.221955,-17.02233,7.1154323,19.729753,4.9751987,-4.6065154,4.692236,9.566912,4.076504,3.013049,2.9552662,-6.553882,3.4395733,5.1155667,3.3545818,1133.713970893993,456.6288346806256,1560.0277339859522,273.3869839801046,0.00018191886,0.0003110873,2416.8397553835557,0.009466439,0.0010324549,0.04150730495939675,0.018875081595787394
-390.591,19.38443,192.42543,15.353397,-43.252426,4.715773,57.731728,5.056875,-20.68221,8.133364,31.25039,10.590089,-10.109477,8.372223,11.162336,5.5247726,-3.804717,4.9938912,3.999121,4.1241484,4.1838717,2.9370265,-3.8806968,3.335184,6.021557,3.5153296,1073.4524347145027,406.33791825419655,1347.0580549365188,263.4901402779266,0.00017778798,0.00054958736,2215.5717535527842,0.009728257,0.0010373167,0.04564693300464037,0.015407664278546397
-398.31766,17.439905,179.44577,12.821734,-36.760643,4.1539707,56.02452,4.696039,-24.149326,6.6613946,43.30391,9.048792,-6.354091,6.624087,18.148281,4.357707,-8.20978,4.0759583,3.080177,4.09717,1.5165981,3.0469408,0.37398526,3.8037739,8.602862,3.2666018,1138.1865802896803,384.41122758346285,1494.0724426247027,207.36960895398096,0.00019681572,0.0003964167,2363.856085049304,0.009179165,0.0010410941,0.04363489704176334,0.015018044409447866
-363.7345,14.220906,161.34288,9.57816,-51.15193,3.8840814,60.334652,4.2032585,-32.03452,5.7818317,51.0116,6.988372,-14.30778,5.900913,24.63515,3.2898307,-14.18455,3.5187085,4.8087773,3.8685155,1.4314568,3.2253861,0.111893125,3.56744,9.713205,3.1093612,1569.7397874426447,335.92273362347004,1774.4915526271247,147.25617023666405,0.00038281546,0.00033006602,3441.6153839182134,0.008907229,0.0008830281,0.07366249456206496,0.015399799516449925
-343.3743,13.182684,157.50359,9.314496,-94.91443,5.27283,77.484535,3.6858351,-39.511955,6.1522336,42.371994,7.6231384,-32.269264,6.2975287,24.482456,4.093682,-14.119677,4.421579,6.5348086,3.7069993,1.7826012,3.5995739,-3.5585024,3.927853,8.648106,3.2944393,2030.4460269387118,292.9248850734844,1675.3883910180089,148.58602901289495,0.0008630606,0.0006997762,3751.948310161688,0.0074424427,0.0009285466,0.14293045787412992,0.014435577875202157
-381.38406,14.590984,165.21227,9.36023,-41.67456,4.878439,48.30069,5.0003767,-41.9187,5.691691,45.46877,6.7125106,-24.573326,4.8115087,28.586094,3.372547,-12.784329,3.7388577,3.4538112,4.0950794,-0.76299024,3.1150014,3.645032,3.798724,14.776722,3.2295594,1578.3976618777415,324.5428135845596,1821.5204015703328,128.92693999222337,0.00040279425,0.0007407263,3354.9330001087587,0.00786472,0.0009828854,0.08137869779582367,0.015352104736228932
-374.58694,15.078505,182.4468,11.430941,-47.14009,3.7194555,60.823456,3.8913612,-26.01776,6.4280806,35.947693,8.27444,-14.319199,6.995081,13.330676,4.2227936,-5.6052003,4.46156,4.3510466,3.7722561,3.7200115,2.9946375,-4.6480265,3.513803,4.0682096,3.2518022,1222.2886282075058,349.47479229923533,1478.8807394260762,193.0674732552729,0.00022022414,0.0003017015,2596.6245151174594,0.009584781,0.00080502144,0.05448244453306265,0.016261966614945562
-381.17838,17.905638,185.63416,14.007982,-45.328045,4.1531987,61.889004,4.7506976,-24.632063,7.809229,34.563637,9.565115,-14.627664,7.76988,10.917877,5.0316477,-7.849801,4.67578,1.7208917,4.39371,3.5880597,2.9399369,-3.9223711,3.2292953,5.959773,3.422969,1184.1750884651758,394.6535278678818,1442.321949168703,239.99424171636863,0.00025698467,0.0011288859,2499.275451801769,0.00967948,0.00091826107,0.05072913645591647,0.01745307803553697
-380.221,18.913052,187.59943,14.9843645,-46.516766,4.132533,62.850086,4.188546,-26.481588,7.767652,35.513443,10.301037,-15.943669,8.228008,11.830712,5.113308,-7.383027,5.064884,1.7562246,4.4611063,1.4703213,2.86943,-5.6188517,3.4006267,5.025367,3.2834115,1195.1237497982813,431.98723700897335,1443.0132305331708,252.4492623363519,0.00023649834,0.0006754608,2497.052186049884,0.009671552,0.0008738407,0.052120341502320186,0.015749028189781692
-383.59137,16.45531,185.28462,12.588027,-45.6845,4.782228,60.367737,4.601404,-21.756718,7.1743555,33.962452,8.730196,-11.957789,7.086373,12.400341,4.930983,-5.0327206,4.5479274,2.7392483,4.0863805,4.127332,3.0117722,-4.1150117,3.1389458,4.041734,3.4295876,1155.2657287068662,355.5479987298123,1425.3384306941655,215.8533966116555,0.00022032087,0.00094060105,2440.9209709433003,0.009637489,0.00090064725,0.04729757286832947,0.0128725982677862
-389.63828,19.465609,192.18224,15.249261,-43.765488,4.3086987,58.243725,4.6053877,-22.03367,8.152292,30.960997,10.407431,-12.322039,8.601152,10.65997,4.9627905,-4.7541833,5.395301,2.1306548,4.214981,3.6960404,3.082125,-4.8530445,3.3362691,4.3849583,3.3419058,1092.708814625878,418.55599075816076,1353.2633600573693,255.95888989466758,0.00016579388,0.00025870936,2240.027676823521,0.00967883,0.0008308238,0.04732589544663573,0.01655077863669323
-379.44284,16.569838,160.87671,10.332976,-33.32292,4.7831225,44.99526,4.588892,-41.574142,6.04184,37.30394,7.66425,-24.915785,4.8746133,23.590963,3.3347611,-6.2298455,4.0948877,10.571699,3.876653,-2.0839458,3.2570908,-6.71969,3.731762,3.9735682,3.3124561,1541.2541575068378,370.03119553658485,1797.0628548232035,151.74792316657772,0.00029779886,0.0002796596,3292.0320656902554,0.00880825,0.0012975464,0.07493701058584687,0.014830932738129842
-413.99838,20.789568,180.03015,13.991869,-21.30271,5.323228,56.485104,5.4951077,-15.26883,7.971986,34.473446,10.099077,-10.306856,7.275915,9.35743,4.725008,-5.075361,4.6893106,12.012323,2.9731507,4.298555,2.7957196,-2.8414385,3.5008748,5.8295135,3.815654,1003.8964285382611,415.8864364114248,1425.4909010530139,262.5206113672223,0.00013503614,0.00023078443,2044.9798229952146,0.00926209,0.0010515443,0.03938537739269141,0.01998451246893283
-375.8341,18.297375,183.0636,14.731702,-46.53212,4.2383842,59.58007,4.912191,-24.234869,7.615968,34.615955,10.468754,-13.708442,8.016931,11.696591,5.163251,-6.526364,4.9711714,2.2825627,4.187889,3.2282972,2.9686644,-4.8081985,3.4609113,4.4124136,3.7243602,1230.3366389787934,423.44789087873204,1463.08117909195,247.73731769596128,0.00026080894,0.0009316613,2582.560485698231,0.009558391,0.0010372526,0.053265706569025524,0.015815802791786182
-375.62564,14.561152,183.64348,11.88814,-48.73553,4.1429815,63.715633,4.1109195,-28.067966,6.03628,35.944244,8.400221,-14.228557,7.0900097,14.54751,4.4629626,-7.0331984,4.4442897,4.1214232,3.8992262,2.4853828,3.002941,-6.125159,3.3531947,5.1186156,3.1377423,1232.8193747905154,349.21988338893203,1484.4793417767137,195.26384002445326,0.00024328889,0.00059853087,2650.6823475565543,0.009451737,0.0008343662,0.05519504060324826,0.016279872250945814
-378.8183,14.155589,152.60004,8.966334,-29.477858,5.4680953,58.734608,4.502483,-45.593105,4.6533284,34.212605,7.8319216,-21.07133,5.423249,25.067997,3.5336382,-15.092786,3.8001466,18.25603,3.5909564,10.886277,3.1234136,-3.2383425,3.1551144,7.321569,3.3802612,1651.8171573346422,318.0933187452028,1925.3467502081755,112.66734665399582,0.0003972613,0.0011986351,3746.427616553074,0.009096622,0.0012754333,0.07150204828886311,0.01546404210252662
-391.6422,17.571321,171.38792,11.313406,-39.911724,5.1994596,45.893757,5.534943,-43.10533,6.471263,40.46871,7.399081,-30.861036,5.7595243,24.524994,3.232309,-14.27472,3.8455186,4.360359,4.2928066,0.7156897,3.4772592,8.044846,4.166101,17.440994,3.5747795,1490.1660954637966,379.9415399572672,1733.062828330649,159.90527712796052,0.00029037907,0.00023057823,2922.745126250725,0.00798144,0.00094354065,0.07764464907192575,0.016562279027488448
-393.41248,19.898132,176.02287,14.077508,-34.701412,4.386484,55.852867,5.3202167,-27.119179,7.0189314,43.858795,8.901829,-8.319602,7.938369,21.304625,4.417941,-8.237343,4.3349876,4.494089,4.33021,1.037324,3.332661,-2.2133892,3.9391408,6.7083716,3.2127619,1204.9074875980766,432.2555175988329,1561.920039565699,232.5684125803805,0.00020759115,0.00026820967,2537.37073575261,0.0092160525,0.0011141676,0.045853121374709975,0.019426405711623865
-375.7095,15.354962,184.79208,11.184965,-50.11085,3.9181194,64.19186,3.6112967,-28.809586,6.307734,36.860584,8.569902,-15.890683,6.5329046,14.190085,4.6412134,-7.0020804,4.816334,3.846371,4.204166,2.172965,3.076285,-5.3498945,3.5749998,4.321231,3.286423,1240.7274089285497,337.0892169435306,1486.2176572058427,195.96391555581474,0.00022221365,0.00025795217,2652.8306717662413,0.009456734,0.00092058,0.05437142002610209,0.014082581994186917
-406.79224,17.589142,161.7367,10.775912,-34.047173,4.934916,40.73231,6.028804,-43.352596,6.3089585,38.060555,7.17446,-25.036001,5.2396736,25.13213,3.206511,-9.3238535,3.965089,7.4124913,4.317419,3.4271011,3.2887049,8.180208,3.8907444,17.049551,3.125135,1515.3900197181126,364.66997771206644,1765.2808515042564,156.24168298219922,0.00022029893,0.00024254623,3061.8366285709108,0.00832978,0.0007367719,0.07069428835556844,0.013318235662697344
-354.113,36.36714,145.88583,10.114423,-60.285873,13.199603,63.069824,6.942531,-36.259445,9.033007,36.92448,7.654413,-25.824554,6.3098364,18.38906,5.291261,-8.0901375,4.7777667,8.218703,4.058138,-2.6008646,5.00041,1.4998161,4.2746496,9.940998,4.265564,1938.667290244687,332.6442518319472,1847.512384588994,147.71857250723042,0.00085570145,0.0011737748,4055.586458635441,0.007156496,0.0030476425,0.11868066632830626,0.027430033636951182
-366.99524,16.458645,145.03543,10.136563,-39.885902,4.567155,67.74232,4.553237,-25.292103,7.100925,46.41096,7.9317174,-19.970392,5.6261897,25.108355,3.3954234,-7.2271833,4.115348,11.207212,3.4673305,4.3779435,3.232296,-2.3098893,3.6006427,7.533722,3.3903697,1695.261183049813,392.05838046771356,1942.6031342728022,148.43067026185915,0.00042540382,0.0007720054,3922.5402407192573,0.00929905,0.001455342,0.06459700369779582,0.02069648439756454
-433.71207,38.957012,183.86891,18.757683,-24.329851,14.920812,42.182358,8.2803955,-9.34093,10.164276,31.89275,11.370225,-2.1707797,9.068305,11.845179,5.956157,0.47687873,5.2972283,10.148857,4.6659565,6.201318,4.569586,-2.4168608,4.8667083,3.5563412,5.8543587,963.3565302483418,476.1918227467354,1294.7511581773156,287.7326036293169,0.00012125198,0.00021494475,1881.0327091792344,0.008806082,0.0030522111,0.0380791400812065,0.02348851853550047
-392.09552,18.380398,179.92618,13.301653,-41.17345,3.8956714,55.45732,5.005772,-28.275364,6.9109178,46.125053,8.984886,-5.8136272,8.119061,20.082195,4.2560625,-10.505259,4.103572,2.3357956,4.237932,1.4405329,2.8476465,1.7843444,4.040882,9.481919,3.7800117,1205.5556239872615,412.39845607822366,1517.2542545860415,223.10779359844537,0.00019670898,0.000218627,2482.9881566306553,0.009174192,0.00087780965,0.053869543938515084,0.018411756767660777
-389.58017,19.913057,173.74945,14.00541,-34.653786,4.6588635,44.684265,6.092023,-20.817518,7.6374183,39.77248,9.48905,-0.8552349,8.466431,16.367052,5.8931003,-6.004141,4.478318,0.9132194,5.4165134,-0.08909338,4.9512305,-0.68959117,4.2437134,7.9763303,4.7378287,1195.6839100578386,432.75889795514274,1481.2810002086844,240.83058326142933,0.00020013121,0.0002513095,2386.388508736949,0.008893742,0.0012873674,0.05382196200696056,0.018569107285636516
-393.71057,16.600176,171.41292,10.37316,-39.53901,4.8207836,44.286854,5.1986637,-43.18595,6.271169,37.36559,7.31414,-29.088627,5.7584205,25.011286,3.0014346,-12.17264,3.8968258,3.548507,4.0078173,-2.084201,3.2244515,5.5733047,3.7161994,17.44728,3.5769112,1461.8181429803117,348.5362887097559,1701.1041509401903,154.23857831312085,0.00026941043,0.00033242587,2825.1712383084396,0.008228765,0.0009465023,0.07618886854698376,0.01563735929734571
-386.0222,17.198034,192.18376,13.568162,-45.873425,4.5827274,58.862526,4.453445,-23.050058,7.252715,30.446419,9.693991,-12.950123,8.041322,10.646887,4.986349,-5.8990445,4.9980326,2.4968197,4.2712975,4.3666735,3.0239398,-3.8381488,3.5150397,6.2698045,3.7646875,1106.8744133400096,378.5319860466484,1360.3093324246859,228.4516931018017,0.00017564556,0.0003374461,2278.5726100275524,0.009577394,0.0009215383,0.04894481402262181,0.013893112833815564
-491.5187,81.67729,157.17995,28.173685,-46.39348,20.177269,51.57336,18.130455,-25.68254,18.73479,45.53986,14.44069,-13.273978,16.974056,20.655209,8.867199,-4.4604187,8.815403,12.420203,4.9182606,0.99222934,4.211884,-6.959099,4.8260307,3.3017335,5.109802,1644.314070265145,871.6127273878044,1645.6263907819566,350.35453042645514,0.00077535684,0.00076765864,3138.30198212732,0.0033502153,0.0030200928,0.10222298252610208,0.07648092419942533
-356.60855,21.326529,166.2504,14.17288,-64.84581,11.147266,71.69133,9.238586,-37.5558,6.79942,47.506134,9.0185995,-23.94423,6.9579763,18.834803,4.9510994,-12.856067,4.382642,7.6922626,4.790263,1.2776386,3.4382944,-5.287231,3.4775999,7.375558,3.1980374,1682.5847003687115,388.13131613707606,1727.2315715757609,169.56484609820725,0.0006031242,0.0014951738,3537.240791763341,0.008363263,0.0008878124,0.08929089327146171,0.027012057956484783
-441.53052,29.210167,193.29128,19.131897,-9.809611,7.3736444,45.974804,7.9033084,-12.889977,9.49817,33.051075,12.782238,-3.9559624,9.152278,11.901972,5.2734365,-3.9713342,4.6710877,8.508615,4.477767,4.311283,3.4125133,-3.4087737,3.8038216,5.571956,4.200878,826.7287415838636,501.28210932686073,1233.8133540290783,333.9565795880435,9.230626e-05,0.00020964044,1547.767671023057,0.009575955,0.0013531604,0.029478139501160093,0.01762612293613195
-375.07297,16.118044,185.47842,12.883838,-49.671318,3.884129,65.516815,3.8339562,-29.92121,6.764601,37.25859,9.346825,-18.266815,7.330654,14.305535,4.6838803,-8.432177,4.6860123,3.955282,4.1180353,2.208037,2.9278703,-5.3239584,3.3904984,5.3977833,3.3359292,1243.9693243513143,390.339678618428,1493.1173760078896,215.77322057151855,0.00022430331,0.00024481557,2652.805691252175,0.009627955,0.0008212311,0.0542955155162413,0.01522230764650605
-373.85727,16.169376,181.94543,12.675604,-48.124672,4.2927384,63.440987,3.8727405,-27.45557,6.976561,36.275936,9.193115,-15.459646,7.349498,13.798619,4.50625,-7.1967254,4.531797,3.0970147,4.158522,3.0144124,2.9869957,-3.8811822,3.428525,5.920393,3.2149866,1250.875771102972,382.8937575555566,1500.3345783408558,210.87671268137854,0.00024182016,0.0004063155,2681.683165512616,0.009575685,0.0008018671,0.05500471287703016,0.01743384452885394
-395.23456,19.112093,177.01544,13.131379,-40.860676,4.171943,54.009144,5.0644083,-24.979683,7.109267,45.00124,9.367539,-5.4578934,8.072618,18.873667,4.3705206,-7.839769,4.1905622,4.4545074,4.4624033,2.7493088,3.2639942,1.6988015,4.0565476,9.482486,3.6228025,1201.1144405985367,410.0941989954307,1522.624967268601,223.77005174667696,0.0001958635,0.0003009614,2503.372256108614,0.009202502,0.0010546517,0.04581800137761021,0.015639920714662053
-384.13443,18.363022,163.10028,10.980676,-33.670998,5.212873,48.313843,5.0140343,-41.678,6.0253525,43.543915,8.079327,-26.106123,5.2535925,27.299126,3.6585977,-6.9116645,4.2137065,9.021139,3.7550075,-4.848029,3.7370293,-7.00987,3.700259,8.079485,3.360921,1547.7871104637466,393.4535955498531,1833.6605970318653,154.05936988302568,0.0003430392,0.000807939,3331.1765312318735,0.008578589,0.0010592322,0.07434110353828306,0.014564531112550487
-421.56076,23.79521,184.81519,15.428137,-25.601503,5.926686,62.965706,5.713017,-16.813196,8.759808,39.07382,11.054715,-12.190257,7.8571296,17.127197,4.3106017,-6.8426256,4.669603,6.5302052,3.989025,0.304595,3.053814,-7.553693,3.449481,3.0490868,3.7739587,991.2128186352239,462.61122666609924,1412.2231712404907,273.34614046650574,0.00014785294,0.00046011704,2021.8478669699825,0.00947835,0.00095789356,0.03596740864269141,0.017011453883435935
-375.73743,14.640421,182.98709,11.407927,-48.5297,4.001079,62.965794,3.8944323,-26.695404,6.405487,36.053936,8.513932,-14.181956,6.71453,14.130008,4.6534686,-6.0604744,4.3392773,4.088092,3.985884,3.0365975,2.8756943,-5.2413697,3.3231206,4.348937,3.231241,1226.696345698801,339.5860232192883,1482.8647315180858,198.7629650717848,0.00021088729,0.00020067146,2637.4926361296402,0.009567068,0.0009850711,0.05396244199535963,0.015199676855307672
-387.54517,18.9813,194.59383,15.45212,-46.6236,4.9560094,57.030933,4.871886,-22.573992,8.329683,31.262394,10.343156,-11.900215,8.848219,10.178716,5.642352,-5.6462336,4.9038415,2.2243364,4.4421945,3.5951931,3.1505308,-4.5214295,2.9987502,4.4017973,3.6437328,1100.819667791579,409.73421140780994,1339.2111654316773,263.8945767465538,0.0001848478,0.00042180993,2237.00503462152,0.009606308,0.00089276506,0.04879866951856149,0.016693115718367357
-382.58203,16.79835,160.11514,10.319435,-33.838932,5.5119357,44.703606,5.656755,-41.25647,6.4273877,40.354904,7.378147,-25.840538,5.561677,27.083494,3.3799486,-6.3350115,4.408631,9.737419,3.5612612,-3.7966757,3.496307,-4.3639393,3.5171711,10.923434,3.4276755,1578.10111289177,364.61478048272136,1847.28978132987,140.37637581308292,0.0003675723,0.0009248153,3409.79020899797,0.008327329,0.001064743,0.0767360607598608,0.016331578618693176
-375.833,15.230612,182.34099,11.034051,-47.792976,3.5925186,62.985077,3.6297216,-25.904781,6.0623527,36.22874,8.494615,-14.401445,6.7998495,13.880952,4.52776,-6.302561,4.443925,3.5352774,3.9069984,2.3398373,2.878466,-5.7272296,3.012307,3.836965,3.0712714,1225.8420924879163,334.63448274917096,1485.858281187691,193.6350530395183,0.00021330964,0.00025379637,2632.021903549159,0.009515927,0.0009370608,0.05312522658062645,0.013980087631696482
-393.31287,16.416328,160.82399,9.483447,-22.558064,6.0567975,49.17436,4.7351093,-39.288284,5.126309,40.63428,7.0198474,-25.783049,5.030387,21.28472,3.373403,-7.2605395,4.38883,14.729109,3.5477097,6.066532,3.4074047,1.2944449,3.7988608,4.715069,3.3971293,1435.4864217839906,342.7573347301153,1828.9483442040978,136.23478126215318,0.00023404288,0.0003111669,3196.4316383591936,0.009407194,0.0014102819,0.06042452146171694,0.013546864941295228
-424.69852,24.658289,181.35193,15.602805,-18.504538,6.667151,59.756554,6.256493,-16.218555,8.726396,37.717587,11.400977,-10.134229,7.8947973,11.377328,5.0808744,-6.61912,4.561291,13.369472,3.3461828,4.6420846,3.0561855,-4.3778653,3.6598547,4.772866,4.030827,978.1008224909096,459.6265063374783,1424.6814953089925,285.6300947705846,0.00014612237,0.0005535153,1975.0343836100637,0.009437864,0.001265547,0.036086363471577725,0.021979151857029096
-372.462,15.357272,155.20088,9.824285,-34.53892,5.052681,48.508408,4.574254,-40.242737,6.2165804,38.368122,7.4332743,-23.448584,5.2112675,25.096363,3.4191298,-2.0412166,4.163244,15.168103,3.4411585,2.1854544,3.3327744,-9.088125,3.348408,-1.4854879,3.6476955,1607.8324154843415,355.0661314344812,1847.6348966462026,138.91602673995175,0.00039065402,0.0010670593,3595.420409023347,0.009022941,0.001323529,0.07540943119199536,0.01450819477705113
-385.09775,17.021788,192.27505,12.895054,-47.262547,4.024455,58.06884,4.085139,-23.289211,7.401181,32.16122,8.927788,-11.566593,7.6782947,10.924605,5.2837963,-5.4835443,4.6036453,2.1110911,4.109209,3.5107727,2.9541032,-5.114215,3.4257786,4.1811285,3.40202,1117.5672359951773,352.6608033612113,1362.121752451924,225.17589142696534,0.00016914369,0.00020774896,2298.6819238507833,0.009421361,0.00094158214,0.05026011455916473,0.014353693926795811
-359.85455,50.33128,153.17168,12.621121,-92.46335,15.980197,53.12825,8.088811,-46.594883,11.192517,25.900211,9.993582,-36.084133,8.858142,11.098084,4.9061184,-12.226679,6.388129,7.415121,3.624176,-3.1943889,3.9864402,-12.01746,4.170205,3.5883534,3.8034468,1942.429193717218,372.4157374189296,1586.1812920497148,176.68223260706034,0.0007009802,0.00083161436,3553.6779700188513,0.0073896716,0.0023503227,0.13142922527552203,0.02701617911366293
-346.48846,10.991421,155.38728,7.832492,-52.78563,3.6754994,72.00273,3.8306823,-41.663822,4.8911057,47.1998,6.7769523,-27.56015,5.1056843,25.113297,3.5180516,-16.256138,3.6799018,9.688765,3.2844546,-1.7558254,2.8212276,-5.1611924,3.178288,7.720105,3.1857727,1836.9419874406658,288.1279884258858,1956.4082229535704,102.58528512397191,0.0006854756,0.0012984828,4120.585756235499,0.008667622,0.0008305217,0.09165299630220418,0.017025252666520548
-373.95184,14.661312,182.14314,11.244503,-45.41728,4.322441,61.478203,3.8435423,-26.20662,6.157126,33.94317,8.28216,-15.145025,6.7438087,12.780561,4.4702935,-6.9322367,3.9881575,3.0752485,3.9116154,3.2076814,2.9682949,-4.3384495,3.20244,5.960745,3.3200657,1217.538313085026,337.50409088090873,1480.1599131407309,188.90167789499074,0.00022149093,0.00035218947,2596.2498074064674,0.009644995,0.00089031743,0.05320339689675174,0.013950527953922225
-380.3227,17.345121,190.4589,14.050272,-49.15986,4.689847,62.458145,4.8361425,-28.413074,7.4378734,34.236523,9.842179,-15.9508295,8.057207,12.678226,5.2654057,-7.6549087,4.7384305,3.925667,4.27147,3.2781038,3.1596947,-4.932933,3.5924277,5.653585,3.239415,1182.0890470359655,387.87744305079195,1423.024856873983,233.97915772550095,0.00021760778,0.00042984588,2465.6516798687644,0.009583069,0.000834159,0.05290204466357309,0.016322711933358276
-378.1898,15.285057,152.57176,9.14373,-29.175718,5.144307,57.12568,4.3248353,-39.548378,5.3270683,41.864243,6.8993216,-22.321352,5.4209137,22.162495,3.4114735,-11.936728,3.7277498,14.538736,3.6758611,5.088365,3.6938305,-0.03737405,3.987139,6.928804,3.2991664,1608.3956228319441,352.1519138448974,1925.054699873946,124.58999020660045,0.00031105115,0.00040956488,3782.3246152660963,0.009580057,0.0012704836,0.06513286687935035,0.01496740288671337
-396.0075,17.919327,180.6925,12.337318,-35.407997,4.0915055,51.326267,4.798713,-24.096066,6.5689774,42.24382,8.781824,-4.3834,7.6203356,17.020601,4.191884,-9.25971,3.9319227,1.0905995,3.9467862,1.2736771,3.3694305,1.7884519,3.5954864,9.669688,3.5204039,1130.9243606125938,374.33262514295166,1461.0433027392212,215.15014835026258,0.00016811604,0.00023205909,2251.568674322071,0.009262537,0.0010694086,0.05033262035962877,0.014609492367320353
-398.3735,17.729652,178.81685,12.3362465,-36.024498,4.1594677,54.279366,4.967246,-23.713308,6.452733,42.54693,8.563532,-5.1428227,7.5676765,18.224531,4.158431,-6.995868,4.129502,3.509509,3.8365238,1.868104,3.3222928,-0.25660947,3.6300926,7.7460876,3.3680716,1135.1766099105262,383.0795131128586,1488.8820042677787,205.1933190769957,0.00017363593,0.00022088189,2345.095718985644,0.009194935,0.0010098375,0.043936249274941996,0.016869036287999784
-373.44443,15.755844,153.78995,8.993296,-35.35826,5.270316,56.055115,4.5711713,-40.938667,6.066115,37.423824,7.3842335,-22.053709,5.740923,27.25973,3.529696,-9.955556,4.1118865,12.402831,3.6375246,0.9350446,3.3200417,-11.859699,3.8245034,-2.4151971,3.8287516,1649.8419436779923,346.09900906071147,1890.5948598202583,123.93391356388035,0.00035627725,0.00036368155,3716.251155561195,0.008919239,0.0012140641,0.07429578741299304,0.015807802111765704
-386.833,17.341541,191.3076,13.678049,-47.327045,4.3130546,58.721603,4.3269334,-21.745115,7.5821314,32.00015,9.463838,-11.696534,7.6368933,12.160211,5.146822,-3.6883807,4.8848553,3.7593877,4.003389,2.6878915,3.4203875,-5.675078,3.4421296,4.6002655,3.569358,1116.9226833523246,371.6092921099759,1367.1563955155461,226.8666564830664,0.00016484753,0.00020799792,2301.4297803980567,0.009509872,0.0009267328,0.048269603755800465,0.015870070122253627
-334.82483,17.777317,145.7525,8.850045,-88.825035,4.103164,73.45902,4.0727277,-57.90585,7.3952365,54.671665,5.977904,-33.751797,6.687114,27.043932,4.2098827,-21.054325,3.8858254,8.462228,4.1778855,-2.1062417,3.398875,-4.616073,3.2316287,12.273689,3.1517198,2344.195127364767,286.2054295827127,1930.7708401869404,114.89837741608274,0.0013520203,0.0011510338,4624.9423352305685,0.007258239,0.0011222375,0.16657414624419953,0.024138882498255246
-389.1835,20.787346,199.50008,17.278204,-47.136436,4.7818627,58.44495,4.789344,-25.133774,9.3001,30.22795,11.31519,-14.934496,8.986587,10.3405485,5.7250047,-6.3492866,5.381698,2.1335945,4.7427063,3.0575533,2.8991082,-6.0637083,3.348505,2.86856,3.7285187,1088.9068124210764,449.2800195657368,1314.672505000175,278.4132643702127,0.00023473846,0.0010846104,2182.84728012616,0.009579289,0.0008062462,0.04908755981728538,0.017021414170384844
-374.36557,16.561087,186.32997,13.141574,-46.821045,4.436946,64.97194,4.281805,-29.197592,7.4345956,34.061703,9.308476,-18.935389,7.407548,12.403771,4.977269,-8.440034,4.628773,4.0044403,4.011418,4.1640954,3.0344996,-3.4034228,3.589786,6.0146265,3.3457778,1218.8799361264514,392.13714701110587,1474.387534415619,223.29564836463695,0.00023956527,0.00047501465,2605.3926755546695,0.009672915,0.00080669904,0.05571504314095128,0.015898682798499243
-351.68793,26.908274,136.73447,11.958216,-85.13861,9.867897,81.93643,6.8179774,-58.09582,8.321321,39.77259,7.4801,-30.354023,6.877805,28.081886,6.369385,-20.36542,5.187546,9.681211,4.1174994,-0.17695099,3.7064316,-8.988952,3.757157,7.662461,4.217797,2452.5067482847066,338.8487903899985,1887.2631160752899,105.5081581905167,0.0015043158,0.0037979523,4585.323239921694,0.0064485916,0.0016357071,0.1921097828451276,0.0386962590694984
-376.88974,15.533461,157.08292,9.786206,-26.123718,5.072072,51.285183,4.787998,-41.296604,5.184936,40.935707,7.4123044,-26.56003,5.0350685,21.376553,3.487087,-10.84962,3.6214352,13.016922,3.5742662,5.525221,3.4469967,0.49112284,3.9050517,3.522854,3.4029176,1580.0124769812853,355.2970325897917,1907.508794496328,129.7429789692113,0.00033384492,0.00063132413,3694.692971922129,0.009322237,0.0013427687,0.06985594003770301,0.015484278973559489
-350.25653,16.2893,154.71129,9.585644,-109.26516,7.6341543,62.713684,5.189661,-50.17499,6.6331716,37.468586,7.037936,-44.89377,7.22747,18.528456,4.7758937,-15.870738,3.9376514,10.667425,3.454902,-0.6670654,3.0978267,-7.385538,3.3024518,6.486901,3.0757384,2101.0440329762746,272.510965158207,1615.4106352512786,136.119345816055,0.0009471434,0.0018300698,3706.858482272332,0.007220963,0.0013123981,0.15601662195475638,0.01403992019674838
-423.6688,22.1798,187.1163,14.755033,-22.15102,5.122382,57.882572,5.117269,-17.398151,8.321772,35.149094,10.505111,-7.8054624,7.8143578,19.55171,4.2433143,-3.2182405,4.335134,5.682128,3.799579,-1.8435543,3.1933303,-9.698,3.210442,1.4059019,3.5489562,937.1975044589169,428.1778284051369,1352.409511866978,260.31207266599716,0.000116322044,0.00026613392,1848.6579629495359,0.00955965,0.0009182362,0.03469062681264501,0.01606900409820479
-369.7902,13.386772,163.46353,9.80227,-46.790974,4.142358,61.503418,4.2238116,-31.521591,5.8749633,49.30363,6.806907,-15.734554,5.8957376,26.078922,3.8383076,-10.968498,3.499326,7.052179,3.3376997,1.9821639,3.0137389,-1.2747577,3.483954,8.7326355,3.364516,1498.9570881605468,339.5972735043224,1775.9151036145859,145.29558846455092,0.00036795577,0.00072074914,3349.811994725203,0.009034708,0.00094570493,0.06217712260730859,0.015517402779326884
-359.32773,59.12702,155.50624,12.478702,-65.40452,14.846164,65.96474,9.680853,-52.860237,12.867683,39.90267,8.663695,-31.995634,9.728857,23.76851,5.729062,-16.218264,5.3442516,6.9760447,4.3175974,-2.6038432,3.6654353,-6.4351664,3.8166027,8.673128,3.1367488,1987.49896294776,436.3921882831071,1875.4020354044294,163.0982356607411,0.0009911893,0.002281735,4141.244641368185,0.007354981,0.0030084976,0.11929809853538283,0.03296615379533105
-391.73517,17.213568,198.7794,14.57494,-48.248425,4.5108166,59.613056,4.5956407,-24.360296,7.497123,30.595474,9.981571,-13.362105,7.938264,10.929205,5.6282425,-5.316237,4.5635176,3.1226072,3.8922312,3.6678581,2.938108,-5.509434,3.6820722,4.2371836,3.312707,1071.7663216952355,374.65678079262074,1312.207255791795,240.11094093482933,0.00015546998,0.00026121325,2177.4514890878772,0.0095837135,0.00074915134,0.04851317792923434,0.015762690468321374
-377.49673,18.16451,141.46991,8.633126,-23.49227,6.62781,65.85211,8.965259,-40.773266,4.951403,34.22413,7.8265953,-15.273474,5.8692746,19.751347,3.9752703,-17.843933,6.996218,14.908335,4.2569246,8.042845,5.146763,0.041161343,4.6452484,13.466174,4.8834887,1728.3088085631239,324.98005203215683,1988.0793573764813,104.87203111370364,0.00030306514,0.00018512944,4000.6792887180973,0.009543806,0.0015296497,0.06910482526102088,0.017523684053245926
-432.6637,27.105976,187.2605,17.476084,-16.254574,7.158032,55.338455,7.0837436,-15.624667,9.459457,35.575775,11.64367,-8.707138,8.521191,18.399828,4.8118916,-3.4320786,4.987939,4.2629585,4.168878,2.513704,3.2773216,-8.115164,3.7542562,2.5793695,3.7513742,912.1173966872839,477.8228709886353,1339.5948423557945,309.94283221777675,0.00011932271,0.00025724966,1779.087231275377,0.009395147,0.0011345271,0.03220617024361949,0.01860799523079419
-376.30725,17.697645,176.35046,14.220788,-37.354977,4.1716285,52.804817,4.265023,-16.791506,7.6690884,28.555016,9.776703,-7.016361,8.193473,8.908355,5.0490255,-4.0112,4.6583633,1.2552981,4.153597,3.808154,3.15214,-5.197274,3.4204788,3.2085018,3.459852,1182.5226632032688,417.2802223817262,1437.7376772845807,238.34296842532743,0.00022289895,0.0005569443,2489.832817484774,0.009527903,0.0014697002,0.05144739704176334,0.019325418805258163
-345.338,9.824036,123.523636,6.040457,-56.379173,3.970746,83.677895,4.405633,-46.54286,3.8833654,54.69461,4.9636164,-29.059454,4.1834054,31.628126,3.0553555,-11.437271,3.2287056,12.824133,3.1380785,3.7332501,3.2128487,-0.9540606,3.1671717,13.319342,3.0549784,2526.2864566650996,198.33215370030646,2213.3476660503766,43.151878641488246,0.0010271117,0.0015459033,5296.318631271752,0.008194595,0.0007054581,0.12332443626740139,0.01987514195142152
-412.8966,23.556616,183.72177,15.713794,-23.435732,5.3717685,57.999725,6.1479273,-20.051134,8.982266,34.719643,11.299767,-12.78694,8.370262,11.069401,5.13948,-6.975631,4.331826,11.328952,3.6597896,4.259227,3.2822201,-2.213708,3.8742306,7.1543612,3.917632,1028.1271570840895,467.3214469936846,1430.8973177106345,283.61389929027973,0.00016888307,0.0006007218,2075.2312255292923,0.009325771,0.0011075987,0.04129885078306265,0.022438502058637306
-373.00098,17.955826,186.98878,14.103488,-48.326637,4.141952,63.70248,4.176108,-32.442173,7.1306877,34.22166,10.283189,-19.40561,7.8496766,13.708874,5.249929,-8.67165,4.5504646,4.2375607,4.0712585,3.4636486,2.819768,-4.1771593,3.227991,6.6110477,3.4063346,1246.3688992251102,413.884698531816,1483.4678598697208,239.92315764624036,0.00027477267,0.0007663481,2633.37085130873,0.009605713,0.00092767907,0.05667121338457077,0.015495369883254622
-383.0744,17.78022,184.56235,13.66133,-46.19351,4.2561107,62.266838,4.354847,-23.382757,7.381711,35.254536,10.334418,-12.345324,7.900449,13.711057,5.236773,-5.2778525,4.6818085,3.7452848,4.017555,3.6590152,3.0270061,-5.432018,3.2998528,4.0981593,3.34841,1178.6037205957698,398.4492704261123,1447.1033025624283,232.14493777321684,0.00019921327,0.00032072025,2518.9101358577436,0.00964459,0.00094428787,0.04828433149651972,0.015826899960861226
-378.67053,16.798054,188.37552,13.78451,-49.018715,4.195307,62.194466,4.288245,-28.304674,7.3941827,36.006046,9.40532,-15.137435,7.770722,12.902159,5.286904,-6.961702,4.8358665,3.3717005,3.9188938,3.86804,2.929738,-5.671168,3.356521,3.7371686,3.7321203,1202.5042998994857,394.93750758569314,1442.6131161566102,231.82552803164893,0.00022030088,0.00033143314,2513.039715052204,0.009491403,0.000911225,0.05419128842807425,0.0170037835322905
-405.49734,21.62686,176.28577,14.135174,-29.782053,5.889639,64.37871,5.700421,-21.489958,8.110011,43.24873,9.876437,-14.382269,7.489681,20.711927,4.7543974,-7.1244373,4.5530853,5.4448304,3.9510896,0.8452404,2.9812171,-9.483102,3.5028985,4.602553,3.3319252,1139.404329953369,446.44120411711634,1556.2607220067862,245.53983789089344,0.00018447125,0.00046584383,2456.533792234629,0.009502959,0.0008984463,0.040943119199535964,0.019009816950338914
-405.18634,18.596167,160.60655,10.23699,-17.404438,6.439315,47.687943,5.417932,-37.03813,5.7313757,37.460083,7.363665,-23.525862,5.5470195,18.073261,3.4130032,-10.841581,3.7271106,7.491952,3.7073681,3.6244032,3.5523,3.95712,3.9927351,9.158518,3.7305386,1362.338789422548,367.9033518670863,1791.8169826503192,147.86143214506828,0.0001778297,0.00019790397,2977.6023351399363,0.009544657,0.0015836774,0.046749247752320186,0.017395318513631793
-373.73224,17.373457,180.70714,13.847098,-49.047474,5.0500298,63.786045,4.6535864,-27.377964,7.4287314,37.894417,9.87952,-15.319144,7.9291005,15.109418,4.88228,-6.334828,4.912875,4.0858865,4.1722875,2.8617654,2.943725,-5.65112,3.525842,4.370322,3.5640836,1275.0359885003202,417.64045683529605,1519.2537294536037,229.223301118177,0.0002881794,0.0008342578,2742.6356198339618,0.009542089,0.0009396773,0.055307198013341066,0.018414013814396356
-382.1414,15.658926,185.61807,12.350304,-47.686874,4.3073115,62.022816,4.1650386,-24.416117,6.7670465,34.9533,8.8319025,-12.774241,7.56188,13.399669,4.6914797,-5.9534273,4.3895354,3.0735943,3.7788746,2.8040805,3.0236728,-6.4179916,3.2563472,3.564645,3.2488415,1182.0151542551266,348.307210703597,1440.6491661735047,209.612909753482,0.00022083559,0.000635518,2512.465163228683,0.009523086,0.00088911795,0.05103955191415313,0.014232368293396594
-365.0094,22.788841,184.87616,14.808071,-55.022457,6.889657,54.384453,6.5156612,-30.544659,8.011419,32.01687,9.925535,-18.130762,8.141941,11.748599,6.0185723,-7.7677097,5.2428946,5.2007732,4.492606,2.9243815,5.006967,-7.304731,3.703773,4.103157,4.3780127,1312.9011601198583,372.2810614257111,1454.4877282234315,234.54982231865148,0.00028703388,0.00051760784,2651.4317629785382,0.009283639,0.0014004535,0.06743605894721577,0.018236048550555727
-374.71295,16.211073,183.37021,12.279566,-49.44287,4.1199055,64.31298,4.1227145,-29.455536,6.619083,36.98827,9.160836,-16.762672,7.324618,15.313366,4.9258,-6.23728,4.7918,4.5547037,3.7533705,2.261546,3.0427969,-6.706892,3.2903814,3.7894177,3.2981997,1256.1755985631721,366.5534256057123,1504.3101873931353,211.93725317113314,0.00024573682,0.0004319,2693.9735784331497,0.009502735,0.0008508438,0.05538083671693735,0.014257136396848839
-381.60355,17.033873,189.82347,14.037771,-49.02282,4.5958467,63.77175,4.422822,-28.129765,7.6372175,36.48895,9.752648,-17.106878,7.6426396,11.171989,5.496453,-8.560523,5.053409,2.7780051,3.8697743,3.911663,3.050486,-3.6939864,3.2844872,5.1640153,3.4961753,1182.513783638572,392.3401692776032,1433.181241289034,238.30600428008077,0.00022457475,0.0005759402,2474.8195285310326,0.009626776,0.0008613136,0.053920524579466354,0.016753337351794052
-383.63254,15.568709,190.15974,12.645672,-49.27956,4.080782,64.00153,3.7634099,-27.054722,7.120862,36.028885,8.314825,-16.174957,7.17324,11.809491,5.2328963,-8.357096,4.5556974,2.7320533,3.9472353,3.1613622,2.9244282,-4.4507713,3.502105,4.9574933,3.2534778,1172.2972710321021,364.2735121805347,1423.1812420074264,210.54364752718325,0.00018799744,0.00021645759,2450.9131765697507,0.009438269,0.0008003038,0.05238657373839907,0.014985863293120844
-388.19882,19.381657,186.7857,15.097285,-41.818836,4.2562566,57.277267,4.2413654,-22.25427,8.381983,31.817627,10.272742,-10.323413,8.414649,12.634133,5.4657426,-2.2747288,5.07883,3.8407118,4.045753,5.083885,2.9465554,-3.6176023,3.8797014,5.3474684,3.4869347,1120.8368028131795,436.3675474608075,1397.7989750793488,253.46885971751567,0.00016628962,0.00023073622,2338.8755709831785,0.009739303,0.00095128745,0.04497852015661253,0.017678230897777494
-409.43094,22.626535,183.91063,15.698038,-26.095245,4.9603496,52.404915,6.094398,-20.828575,8.713737,37.158318,10.5215,-9.135172,8.256589,13.921424,5.069766,-8.311529,4.2289753,6.8170185,3.8830063,1.3684852,3.255998,-3.015126,4.126862,7.6355486,4.1193995,1048.565094418671,461.8547288876421,1427.9253203046164,276.76859968750557,0.00014770843,0.0002617426,2080.077445258121,0.009343112,0.0011245924,0.04332221577726218,0.021638363286249157
-438.94714,26.442087,192.19214,17.522776,-8.241893,6.8730845,40.434055,7.3889737,-11.745774,9.391461,27.82928,10.704748,-3.2368271,8.485019,13.506747,5.4078937,0.3326666,5.1331205,7.6908836,4.162552,4.215305,3.7770662,-2.2640414,3.862808,4.442778,4.1613426,812.4927027997105,463.0184630796692,1213.7096140304975,304.7945642505281,0.00011624968,0.00060270354,1491.1118651210847,0.009488691,0.0014236307,0.02960955626450116,0.018790403139698014
-405.5777,19.258827,183.18224,13.054324,-24.748829,4.715558,55.50329,5.3654814,-23.885452,7.676252,34.777367,9.068532,-13.989646,7.4179306,9.815136,4.8670683,-10.524011,4.011297,11.480497,3.1587188,3.942121,3.0914764,-5.170988,3.478304,7.1972303,3.6982093,1065.7349750073067,402.23076843178075,1461.877965838977,247.21240018550424,0.00014989932,0.00023772343,2133.7355894721577,0.009307691,0.0010068265,0.0459902026537123,0.023549787039317024
-374.24957,16.004097,183.13399,13.118885,-48.242237,4.3068523,64.270096,3.8720767,-28.968628,6.944995,35.861977,9.19489,-15.491041,7.622315,14.762127,4.928325,-7.1792445,5.0249376,3.9900339,4.032416,2.11431,3.0945728,-6.404605,3.4303255,4.6129227,3.4100142,1251.4379903530096,397.78707451727485,1499.0718608962673,220.3945287967567,0.00024812444,0.0005217449,2698.7948176479117,0.009615692,0.00081992574,0.05505909222737819,0.018245093631292043
-354.435,10.494559,142.89845,6.1490407,-47.266605,4.3606186,66.75809,3.4225194,-41.783916,4.3178673,58.84758,4.8336124,-23.982386,4.524444,30.89855,2.9887893,-14.596362,2.9214754,10.502947,3.607634,-1.3248326,3.628964,1.3496065,3.4982452,8.598035,2.9796324,2050.3493073412114,242.9252235004496,2160.0819321688073,62.48195074159257,0.0007261559,0.000907939,4769.554531159368,0.008234447,0.0008833403,0.09988693626740139,0.01612331514742865
-384.71335,16.121279,186.9926,12.556939,-45.711754,4.0971584,60.71656,4.25361,-23.040545,7.119268,34.102097,8.5977745,-12.091247,7.40375,13.4255295,5.029067,-4.9671674,4.5987625,3.2107806,4.0450644,3.1545377,3.1601183,-4.659545,3.4435544,5.330289,3.2372205,1140.8441607347381,368.5828186261972,1416.168236210283,216.5448569261614,0.00018996018,0.0003362075,2398.803824227813,0.009589054,0.0009389126,0.04870917017111369,0.014598455775505765
-377.005,15.216009,142.76941,8.123408,-33.456966,5.0736685,67.562195,4.2826977,-38.699863,4.790579,37.971375,7.241967,-29.857698,4.8404818,27.631025,3.4610205,-7.3795514,5.012153,-0.15189654,4.2738323,6.7945356,3.2812786,11.769998,4.4760222,7.7759876,3.7948587,1795.5016476682342,324.32216328359567,2007.6693330302105,101.9185854188265,0.00034700107,0.00051820517,4389.650873241734,0.009554606,0.0013725727,0.06930534911542924,0.016500749716627617
-370.5353,15.09095,144.66873,9.100439,-35.17992,5.064022,61.554924,5.163484,-37.17979,5.292926,32.35264,8.619024,-21.603716,5.7251196,25.785383,3.3013158,-8.8295765,3.6598554,9.68195,3.971379,8.860271,3.2503085,-8.19819,3.7677364,-3.1677365,3.680233,1733.6403780738658,350.07991971702853,1903.77635201198,125.3026506574487,0.0004257548,0.0011532948,3888.4418390189967,0.009054558,0.0014150927,0.07707819750580046,0.016501449899805516
-372.1009,13.219659,153.28539,7.9014378,-47.836136,4.6817617,62.860058,4.331087,-47.60979,5.0304723,40.97956,7.0557127,-25.56192,5.2648396,32.587288,3.2783802,-11.777696,3.915035,-2.8484073,3.993932,-7.7409005,3.3766007,-4.5106673,3.9560406,10.699932,3.6205306,1811.4377937383006,289.32434396236744,1924.4678597386414,101.30041375839701,0.00054305216,0.0010929207,4121.909723481003,0.007954449,0.0009770048,0.08858509462006961,0.013993856854232099
-383.65503,18.515255,186.21198,13.434261,-45.572914,4.460282,60.8303,4.3371787,-23.525803,7.683599,34.646534,9.553521,-12.570254,8.117009,13.583476,5.2386723,-5.039484,4.8198447,3.241561,4.2352905,3.2480035,3.2516913,-4.6780114,3.3689373,5.4411764,3.2602913,1159.027845642567,396.07671180415525,1430.8677205354263,233.06405872869007,0.00020825061,0.00044969932,2446.3167619815836,0.009622126,0.0010028306,0.049320937862529,0.015774184397051166
-373.1857,24.719603,185.46985,16.409904,-45.608788,7.756187,51.54094,5.813649,-23.998486,9.128629,30.85042,10.227571,-18.255028,8.297914,11.696755,6.1680737,-5.4759383,5.392151,4.401802,4.115155,3.4193773,3.4889581,-4.0576687,3.705776,6.385103,3.4597466,1215.571068551741,421.0845700437363,1424.79685146582,254.3741017151543,0.00024678692,0.0005806497,2425.682857362964,0.009653146,0.0013576853,0.05612855278422274,0.01945778434782442
-377.40024,14.63774,150.81512,8.636521,-37.293118,4.247057,48.2078,3.9365134,-38.40355,5.7060995,33.719395,7.150087,-20.347937,5.191344,29.956348,3.3767588,-3.6010103,4.0728197,8.16586,3.5852742,-1.720568,3.2849572,-10.339043,3.8615818,-0.12319741,3.715552,1656.447724068826,323.3331098740068,1837.4598239570907,126.08973030704068,0.00034768082,0.00027672533,3586.8021316705335,0.008489652,0.0014312854,0.08339186666183294,0.014420083811202992
-359.35516,11.755449,168.22667,8.639841,-49.817226,3.6559117,66.18339,3.8823283,-32.64469,5.5566707,41.477043,7.003628,-23.078522,5.211781,20.978815,3.7132146,-12.539706,3.5187547,7.1569195,3.3151329,-0.2718469,3.0888858,-3.781313,3.2666972,6.5474043,2.9412134,1497.809813481359,296.9626654870809,1732.1770301600993,137.26066468664814,0.00040358942,0.0006797575,3281.2155030996228,0.009060946,0.0008120246,0.06881706786542924,0.014538307669400905
-391.24802,17.467867,165.1554,10.115,-38.7521,5.4011335,48.324997,5.5379953,-43.62818,6.1782684,45.823963,7.2279277,-24.669785,5.94156,29.781435,3.468485,-10.853343,4.1592517,5.928058,3.7927206,-4.3164353,3.8380075,-1.2314501,3.7896209,13.339447,3.463856,1578.4959975369486,357.5062882599155,1846.9765618712163,133.06318926917828,0.0003732379,0.00037612265,3420.331985933875,0.0073904013,0.0009378451,0.07641544917343387,0.017461517308358303
-374.67285,15.915782,164.82787,10.591143,-42.36171,4.407394,59.71159,4.4768167,-28.443481,6.143036,47.65225,7.791986,-13.097319,6.357122,23.405245,3.569159,-11.315442,3.4937327,5.0044026,3.7346125,1.8857982,3.1945965,-0.17033236,3.9162445,10.287656,3.281812,1417.7036612164075,360.5615054325909,1725.3985281206576,170.18063556320587,0.00029595057,0.00030868335,3146.7204153676043,0.00918274,0.0010361593,0.05833204937645012,0.01661773502140261
-391.7151,16.120502,169.72673,9.904845,-40.99093,4.6432943,45.262356,5.515776,-41.662838,5.597385,44.53628,6.847679,-27.311354,5.2670574,24.790504,3.2959874,-13.867436,3.6178129,2.407021,4.1769495,1.9024951,3.6478267,8.229938,4.020019,16.21639,3.3792262,1496.3138312617857,335.65810123154046,1739.0050570027852,141.80180790115273,0.00030051556,0.000290289,2962.0894359048725,0.007906259,0.00087935047,0.07818391096287702,0.015432705284251062
-397.87,17.255056,150.12004,8.461189,-19.10868,6.5626216,53.325794,4.5516667,-35.90593,5.2112722,40.601543,6.650487,-22.850895,5.5299997,19.075289,3.116447,-10.76973,3.5533388,9.790732,3.818216,8.043646,3.119327,7.3844047,3.9536455,11.128648,3.1017764,1497.0171327770909,333.0275260643072,1904.6546630483351,122.26424412858309,0.00021896481,0.00045537966,3611.632762652262,0.009947969,0.0013334859,0.05333141495069606,0.012855836922440253
-367.34418,18.245554,144.26202,9.972405,-32.049503,5.6478167,65.52196,7.7735476,-41.384895,7.139915,34.51834,8.228207,-17.274494,6.153562,22.7687,3.622388,-23.704065,3.2141714,9.355506,3.921561,9.668908,3.7656336,-6.3569303,3.464124,10.238082,3.509699,1790.3108696615366,358.5223299028749,1951.927408738821,114.6224786562143,0.00048048169,0.0014051774,3927.36147993402,0.009182759,0.0016377046,0.08156109520011601,0.025668424802480196
-397.94662,17.793823,181.07304,12.132102,-37.27706,4.3402004,52.8179,5.0548544,-24.310139,6.2568393,42.29382,8.707277,-4.5339465,7.660394,18.592033,4.290209,-7.4149013,3.8397818,2.7428718,4.0667686,1.5373608,3.3455791,0.28684896,4.0861955,7.629563,3.0846527,1124.2275189858867,373.10212765880414,1466.0122746909108,207.64054431947105,0.00016713834,0.0002110109,2287.315789950696,0.009236775,0.0010118231,0.0441515008700696,0.01519351583533493
-410.02103,20.801361,182.23264,13.538967,-22.003931,5.4228864,54.223606,5.715208,-22.390396,7.538661,35.646156,9.805731,-5.709458,7.4692173,12.928001,4.612771,-6.731425,3.729409,12.528799,3.1929324,4.945656,3.0507536,-4.4554844,3.4360874,4.4847026,3.4636865,1013.5391082469295,400.0492667461879,1425.8214916718803,245.96703475419733,0.00019747295,0.0012214958,1991.2966982671114,0.009419501,0.0011434609,0.04064516567575406,0.019753043790690317
-388.44727,17.68317,167.46173,10.465162,-41.876003,4.870922,45.798145,5.2359695,-42.857227,6.4512057,42.11299,7.6710906,-26.960993,5.73554,25.925451,3.2840497,-11.790028,3.7527053,5.220329,4.030393,2.5455604,3.433682,8.565411,4.261011,15.079685,3.5932002,1535.474257921238,364.5556647600032,1749.3140814074818,156.13240246036548,0.00031971966,0.00037267565,3066.6079067575406,0.008155122,0.0010085992,0.08177294808584687,0.015410531472408017
-377.1954,15.982959,149.42744,8.881935,-23.90277,5.553115,49.9829,4.5399857,-38.683956,4.9117746,38.218765,7.8027797,-22.833998,5.1284046,19.746195,3.592434,-10.507001,3.9182673,12.893849,3.6137145,5.1452203,3.3637598,0.48679063,3.721747,3.7131646,3.6591206,1628.9220887652575,341.69088372882567,1937.8323954528537,120.1034711410244,0.00030585477,0.00024955315,3849.9718473571634,0.009259794,0.0017031076,0.07026605097157773,0.014165899680878757
-378.63464,15.421409,185.50201,11.697633,-45.73784,3.8409605,61.244263,3.836555,-26.124302,6.526995,35.366245,8.544261,-12.945253,7.204962,14.039578,4.6279945,-5.5894904,4.6764855,2.5632524,3.759846,3.4857142,3.050444,-4.694011,3.393402,5.1730285,2.9676135,1178.5063768324603,344.5046121827494,1449.7133495118023,201.48386406320856,0.00019497615,0.00023063453,2498.226270210992,0.009642656,0.00080433226,0.05084016096287703,0.015599909526799042
-403.56256,20.435781,183.42928,13.8827915,-37.252216,5.521184,48.932632,5.7078586,-22.191261,7.9282994,37.631496,9.308564,-4.554419,8.343393,16.449015,4.7923336,-7.3239064,4.374921,0.7752312,4.42265,0.39343652,3.4518852,-1.7535553,4.326277,4.7552404,3.9478226,1106.0936516556592,389.3468204163838,1405.1030928798575,229.95694979777173,0.00016503586,0.00030405045,2195.362517673289,0.009113529,0.0014662669,0.04527534077726218,0.01807875899719576
-407.47107,21.799423,175.4812,14.255154,-25.326677,5.786389,46.513603,6.4590893,-32.39044,7.0580273,31.054617,10.098801,-18.836985,7.233453,12.846105,4.256793,-5.0478644,4.654859,6.7837224,4.078744,6.5812225,3.2384944,2.6223848,4.0577807,9.76234,3.6787016,1171.0695163911353,434.36958055783066,1493.8247341324025,238.97101997744724,0.00015491106,0.00032962134,2240.427365048579,0.009778716,0.0013981713,0.05028503842807425,0.015385482656850509
-394.79083,20.860445,181.5058,15.186083,-40.137886,5.2613034,48.328045,5.5639997,-24.176275,8.88073,28.942081,10.573835,-12.058396,8.007894,18.391634,4.638257,-3.9917495,5.1115527,3.9567504,4.3895164,0.4373523,3.098095,-7.87865,4.011334,2.583663,3.8127363,1192.3143666089372,436.8047221885045,1427.8807480311257,247.00068798144116,0.00017438023,0.00025017542,2400.8772068953017,0.0093136,0.0014829334,0.04939910817865429,0.017764485244250436
-380.95233,17.339409,185.56822,14.0537405,-46.39415,4.681803,60.905807,4.7093883,-24.724432,7.4814444,34.96144,9.752655,-12.453125,8.0132265,12.416059,4.761891,-6.461775,5.176814,2.0941675,3.9401217,2.86359,2.9504793,-5.017873,3.5923166,4.83202,3.6983333,1188.9464642127798,399.8145012253983,1442.4550871068743,234.96492208586574,0.00023174359,0.0007645794,2509.7672677095416,0.009664651,0.0008961395,0.0507744525812065,0.017890329695621685
-373.71823,15.050578,151.62993,8.959074,-29.517487,5.2817383,58.99537,4.206994,-41.74223,4.753614,39.98105,7.652121,-21.075434,5.921265,20.192793,3.6365912,-11.503516,3.4453022,16.423582,3.4221404,3.7560587,3.373351,0.033843447,3.8656173,7.479023,3.2958114,1653.6763740847994,340.1114391097712,1935.1959314213864,119.70078648969178,0.0003442851,0.0003258411,3883.745502374565,0.009184868,0.0012757032,0.07036801225348027,0.014064560891551935
-435.6603,28.023088,188.66309,18.081495,-13.410808,7.5336494,50.905758,7.5091777,-14.208386,9.626658,34.5548,11.851867,-8.822467,8.113516,14.252451,4.587388,-3.78284,5.0213275,4.8915234,4.424155,4.174531,3.1073575,-4.5174823,3.789646,7.347707,3.765982,878.5953883900366,495.0105369456564,1302.3380237421795,318.57117023045595,0.00010490425,0.00023290374,1679.0152919264792,0.0095319105,0.0010874171,0.02953138594837587,0.019630263747448067
-378.7871,16.645187,158.53847,9.621431,-34.53974,5.19909,46.200523,5.3125987,-40.843895,5.7454453,39.684864,7.8000984,-23.610197,5.183059,26.333525,3.1190774,-4.797899,4.2961235,8.482722,3.7124119,-2.8835866,3.3690279,-4.805076,3.457011,9.900887,3.5506458,1577.0469362349963,350.7681188144803,1830.2490198697997,138.3618151253538,0.00034649804,0.00050277263,3451.0330377211426,0.008527899,0.0010987674,0.07662503625290024,0.01482271322406
-395.14044,29.74151,189.98698,17.261236,-46.788937,10.172687,56.244164,7.0254745,-15.8027935,10.414502,28.769373,11.340779,-10.988539,8.8214855,9.065901,6.5348835,-1.1689402,5.52735,7.6233816,4.724128,3.316161,3.5419893,-3.9356077,4.1453667,7.402099,4.565177,1128.8797288722426,428.80870999208526,1342.168692547749,274.27938539492243,0.00018223793,0.0005465406,2328.1339499347446,0.009415009,0.0012864679,0.0539057968387471,0.02258209439398511
-373.2471,15.979904,182.19,12.346522,-50.63478,4.096581,65.35007,3.763486,-28.425726,7.0543633,37.825188,8.8843355,-15.818894,7.192604,15.096071,4.763062,-7.3076982,4.548158,3.7925591,3.8432848,1.9362348,2.7681441,-6.243061,3.1940615,4.319594,3.4042902,1276.6112013928325,370.88570610755124,1513.2977049494002,207.3829180865795,0.00023553615,0.00028084576,2754.101675790313,0.009515315,0.0008680065,0.05604018633990719,0.014871697823374875
-387.04257,18.617056,168.40836,11.950825,-42.9686,4.4171834,48.458725,5.1402717,-44.05091,6.2738194,42.746464,7.2963977,-29.588285,5.9223666,25.043201,3.3660746,-14.290121,4.0040503,5.868347,4.027363,2.64782,3.2849095,6.3801703,3.9041893,15.764087,3.4055274,1553.9079033805901,389.0355879242591,1774.6210904072773,162.63359281398263,0.00046568405,0.002303091,3174.373844438805,0.008090156,0.0011280278,0.07719488652842227,0.01573554670657866
-389.13828,15.299768,166.81845,10.107302,-36.78779,5.04112,45.376637,5.346138,-41.701477,5.1504207,46.90391,7.4625998,-22.802351,4.92044,27.583094,3.4607255,-12.372437,3.6224813,4.641144,3.8632598,0.40047574,2.9673848,6.641991,4.3260913,15.723571,3.674658,1499.527714621832,335.84244129158577,1795.5309472055112,134.29958521277254,0.00032963036,0.00082347053,3125.786744580191,0.008215973,0.0009846467,0.07230527660962877,0.014217061270495114
-388.5459,16.260405,172.23285,10.045123,-39.66256,5.0413938,44.373867,5.290062,-39.701633,6.118319,40.398266,7.0781536,-26.83099,5.27481,26.652407,3.6514695,-11.333169,3.624865,4.664309,4.1140833,0.54288954,3.740446,7.073037,3.9525883,15.473651,3.3862386,1440.9815793476635,336.34120524999685,1699.5432873597367,150.90319047509183,0.0002764363,0.00031080612,2779.556819623695,0.008331625,0.0010117872,0.07506389573665893,0.013688105928072366
-381.70605,17.53337,186.88501,13.595109,-46.575912,4.4781566,62.344467,4.43156,-25.788645,7.492381,34.38567,10.006667,-16.053736,7.556423,11.010307,4.8590565,-7.265157,4.7189384,2.64854,4.117603,3.4565687,2.9572015,-4.257078,3.2426271,5.2610803,3.435099,1188.034077003138,388.94677447021365,1438.7968442015192,234.0603021185199,0.00021166135,0.00045250345,2497.651718387471,0.009601056,0.0008810547,0.05178047056264501,0.015942545450511145
-373.9789,14.945542,188.47858,11.680481,-48.108364,3.7592015,63.701775,4.1149554,-31.416935,6.214509,33.752827,8.841618,-18.756838,6.78544,12.152258,4.3387094,-8.579914,4.4515734,4.109541,3.7931507,4.14483,2.7962377,-3.44871,3.5375693,5.8222237,3.1510077,1203.6654156625518,351.4434139828378,1456.5730513157932,201.1341101803585,0.00021103042,0.0002392673,2539.943728701421,0.009639713,0.0007872928,0.055189376087587005,0.014027782163199184
-363.01343,21.302673,166.93025,11.351254,-48.40636,7.7265687,56.742775,7.7383065,-30.734856,7.1267395,34.775894,9.426572,-18.220667,6.9284987,14.841428,5.308909,-6.354998,4.4431524,9.886949,4.0105615,4.2990565,4.8189087,-3.7115831,4.8926015,7.3245316,3.6138165,1461.2855426457695,351.50425879235115,1638.2058025988429,179.2782659475872,0.00038370787,0.0005490256,3128.3847180430685,0.009089462,0.0031381694,0.06886804850638051,0.024389593672060332
-381.29404,17.597298,185.00345,13.653139,-47.443813,4.0260506,61.84723,4.287752,-24.120354,7.5096836,35.39225,9.855789,-12.269171,8.037736,13.078931,5.0381474,-5.960114,4.3147693,2.6086872,4.0703554,2.5431852,3.020334,-5.272076,3.4017458,4.9600987,3.4774368,1193.7848651202332,397.5989618338164,1445.3057244438462,229.86303848861473,0.00020225595,0.00031951623,2528.6025753154004,0.009640584,0.0009849473,0.04955658171403712,0.01504351035520461
-328.92422,15.850274,140.36487,10.786191,-53.70677,3.6869302,64.25296,5.0964932,-42.484936,5.513492,40.783043,6.0542307,-23.663603,5.8181114,20.414171,3.4546235,-15.310716,3.7757766,3.9042335,3.4566813,-0.8155838,3.38626,-3.8873475,3.988603,8.68122,3.3301654,2058.1308247896927,267.0600467925723,1967.848325407814,109.05602571329834,0.0008947778,0.0007040014,4405.1887529908645,0.00841336,0.0026179014,0.12067457584106729,0.01856139972959295
-386.52814,15.384311,165.51074,9.631511,-40.676434,5.0318437,43.78156,4.8488817,-41.506413,5.9375653,42.768444,6.9277835,-25.145134,4.9572864,25.493374,3.4533885,-12.213396,3.7845635,5.5186095,3.9056144,0.6470865,3.6316607,6.486703,4.0061793,17.293097,3.4514565,1533.3214691387375,321.0836757418592,1769.600632933928,131.07283625172622,0.00029986826,0.00030653644,3125.8117250942573,0.008271618,0.0010502115,0.0783221251450116,0.014708316573623035
-370.8385,18.034307,150.18358,9.30992,-27.030909,8.04815,52.554962,4.981976,-35.44804,5.7548923,37.626957,7.4970775,-23.432398,5.5671244,17.754932,3.554834,-10.653695,4.1027827,7.9320464,3.7439942,5.0143857,3.3271556,2.1917002,3.912627,11.870188,3.6007102,1591.9038306750442,355.3852994915357,1894.4531127139364,128.14944847922195,0.00031151655,0.00040520978,3715.5766816814094,0.009766353,0.0014600684,0.06403961535672854,0.017398617162519
-375.57904,16.646885,184.44925,13.076614,-49.01498,4.3799143,64.396835,4.419475,-28.01108,6.9917035,36.352413,9.929747,-15.752198,7.3647923,13.976973,4.7058907,-7.780022,4.518743,3.5577888,3.9922094,2.3749216,2.9488358,-5.577893,3.1994045,5.0131807,3.4343367,1235.7238130471858,386.0767086081538,1483.536329995063,220.63958698940513,0.00024220777,0.00052971893,2639.615979825261,0.009624983,0.0009975854,0.05532419156032482,0.01673915953910505
-388.88037,15.94889,181.54298,11.999568,-44.671413,4.5935173,54.3565,5.286745,-29.349401,6.79594,44.06096,8.093473,-8.464349,7.5520334,17.448309,4.5100822,-11.689942,4.087938,0.84260905,4.022981,-0.9693683,3.2320457,-0.44695505,3.7327294,7.913717,3.7105598,1223.687279552211,358.5822524171982,1502.5754277414753,203.47235675445074,0.00022524827,0.0004353473,2494.054524361949,0.008960248,0.0009601683,0.05532079285092807,0.018633554579508944
-379.32266,14.665881,162.04642,9.477229,-36.957653,5.380706,47.146454,5.127964,-43.817245,5.6431265,42.98257,6.2675543,-26.550997,4.813724,26.118908,3.3950055,-7.203322,3.9107628,9.305882,3.7391293,-3.3312564,3.6125169,-5.3891597,3.4923177,10.53152,3.3720899,1578.240356881103,318.03998508680945,1842.2688810214695,131.056951261352,0.00038514571,0.0009399815,3485.7309717589906,0.008526054,0.0011225783,0.07700229299593968,0.0140901218019347
-381.2517,16.435429,185.71161,11.929593,-45.380814,4.2424917,60.567783,4.165666,-23.38568,7.130086,32.81489,9.070144,-13.010851,6.9776564,10.414239,4.8668942,-6.6103816,4.3039064,1.8610488,3.7909892,3.5855875,3.2446146,-3.8122473,3.5686023,5.3329434,3.3063378,1162.2808159608112,339.712689812245,1422.4730550802703,207.6923725400575,0.00020445466,0.000566274,2452.2871048433876,0.009640823,0.0009465614,0.049595100420533646,0.013561856155723381
-378.63855,17.716082,157.88351,10.489968,-34.68981,5.5004945,45.790077,5.620454,-41.8411,5.580701,41.67169,8.064975,-23.159332,5.2292404,27.459242,3.3249712,-5.9141293,4.2398467,8.967943,3.789125,-2.6940908,3.781768,-4.1305604,3.869582,9.937584,3.4998622,1613.5661565668615,370.18512000460333,1858.3007306144993,144.21755275244257,0.00046881812,0.0017925382,3559.923098535383,0.008492421,0.0011655216,0.07825868256960557,0.016205651811275375
-383.21252,16.560778,163.75027,10.665337,-36.150772,5.0966578,40.965103,5.568807,-41.52653,6.319349,40.155796,7.132622,-23.960587,5.8903604,23.185373,3.4200027,-11.97606,3.6171696,5.1149445,3.9043007,2.6762593,3.4012284,7.581514,4.2095304,15.977555,3.3694046,1522.1504473308573,365.11840815192244,1757.776083928302,150.41075087291273,0.00029081787,0.00048278953,3068.881133537558,0.0088828625,0.0011266742,0.07600986985208817,0.014547099125018512
-342.18555,11.588051,130.64798,7.384367,-99.08906,5.51817,76.94779,3.906404,-48.900864,5.7709236,39.09719,6.092243,-34.654495,5.361076,26.112282,4.016821,-17.398405,3.75002,6.272064,4.024827,-6.3900337,4.03497,-10.404709,2.9854589,9.947924,3.4091873,2464.404712252474,216.39765904691583,1781.3899304285994,82.33670824277743,0.0015140716,0.0022665255,4398.369072650812,0.006666045,0.00077525765,0.19220041509570765,0.020085708564638288
-385.99246,20.200453,194.61209,16.04037,-47.728256,4.819511,58.937237,4.819679,-22.829395,8.662606,29.62559,11.492016,-13.451455,8.909197,10.406308,5.3532805,-5.3521256,4.891953,1.6002336,4.429233,3.384787,2.937842,-5.7146354,3.3975217,3.3045175,3.494863,1125.8212544751068,425.81015677010436,1343.2855819147112,269.4580233870063,0.00018233202,0.00040160248,2308.873973589762,0.009487718,0.0008673954,0.04954072107018562,0.015309325335632964
-376.1445,16.426126,184.18826,13.014732,-48.824547,3.6463687,63.778786,3.904381,-29.422491,6.5828366,36.876717,9.458239,-16.648325,7.324442,13.200327,4.6883206,-8.737794,4.749347,3.3074682,3.9529576,3.0866349,2.843316,-4.893822,3.3062282,5.422992,3.1957488,1249.0322585515514,388.0602416867003,1490.5154642904602,217.08857313545496,0.0002363219,0.00036037716,2661.2241244924594,0.009494195,0.00081520656,0.05525961608178654,0.016378199052570378
-376.7126,14.592138,185.98782,11.322978,-52.201847,3.8497872,64.82467,4.0947304,-29.055195,6.197661,38.764935,8.449416,-14.908038,6.836109,15.598844,4.475853,-7.7877088,4.094441,4.7252994,3.85437,2.9992025,3.150514,-6.5906796,3.2541094,3.7529042,3.1045485,1226.2558024682296,330.8074395403416,1478.9733534187453,192.7322704767311,0.0002265753,0.00034211067,2627.675294101653,0.00948358,0.00084080815,0.05455041872099768,0.013538207219749418
-378.6835,16.111364,160.63997,10.271404,-42.04289,4.197634,59.923107,4.5345254,-27.15185,6.1021256,48.650223,7.5834026,-11.945411,6.713493,25.388342,3.5363903,-9.584514,3.3943663,6.573404,3.7430432,3.398701,3.3488204,1.1447314,3.7008443,10.620655,2.9245405,1442.1851033832377,359.7332629723011,1761.401618578226,166.01695536513648,0.00029965033,0.00047380044,3246.567530089907,0.0092152385,0.0010991432,0.05453115936774942,0.01594987793535548
-416.08243,23.943047,175.00316,14.667959,-23.392822,7.551049,58.5763,6.2646985,-20.206913,7.868541,40.613842,10.5731325,-12.185786,7.7744694,15.249705,4.9230022,-7.055596,4.6687264,3.390177,4.4241796,1.0793983,3.304927,-10.525848,3.3288915,5.0904546,3.5258276,1097.4095020264742,454.546239883104,1516.9671719876505,259.5803335610199,0.00015573973,0.0003642421,2275.325143198956,0.0094627505,0.00089093926,0.03685333889211137,0.01908609361171382
-392.6307,19.41442,192.07513,15.0790615,-38.57732,5.75496,55.98926,5.272934,-20.47682,8.136096,27.129433,10.440972,-11.316037,7.964206,10.729379,5.806955,-3.9394832,4.771169,4.1412644,4.3050447,3.8526115,3.2172506,-4.4967866,3.6383443,4.3025813,3.3167937,1047.232470334489,377.94535345336317,1335.297900094438,256.20748877569685,0.0001572408,0.00032422456,2152.920624274942,0.009780085,0.0011047327,0.0438535473462877,0.015051304958774015
-349.1513,11.026555,158.2754,7.49211,-51.519005,3.6375692,67.01605,4.0073314,-34.652637,5.3450246,43.347843,6.2398834,-26.628445,5.0479083,22.710941,3.549879,-12.941352,3.5999813,8.671801,3.3901296,-0.5933227,3.4076517,-2.1748092,3.1456838,7.1026707,3.057529,1692.7367005713697,271.6375669862283,1859.734199400385,107.75465503012653,0.00056787895,0.0011393696,3742.00606556337,0.008741849,0.00080483814,0.08090514428654293,0.014695482663915715
-370.14798,15.524465,145.88066,8.718558,-31.077446,5.7241106,55.651363,4.8130784,-36.791103,5.1326833,32.335182,7.2805705,-23.134535,5.639696,22.873972,3.945348,-11.856336,3.809613,7.275743,3.8753176,11.4957905,3.6018915,-0.74288976,4.2467976,1.6943693,3.5749087,1697.2884727770834,326.7931843584742,1909.3814877160626,121.36457361817502,0.00037653622,0.00052789965,3858.4652221396464,0.009076759,0.0015429005,0.07582860535092807,0.0162095818168664
-387.2356,17.197302,192.81422,13.694109,-47.097412,4.246312,58.423,4.479693,-22.379663,7.384519,31.882137,9.565129,-11.908154,7.8788257,10.336617,5.34772,-5.30565,4.7465,2.6112437,3.792634,3.1850522,2.8496332,-4.7435317,3.3748882,4.872558,3.1054723,1105.901807830517,365.19801254092386,1354.370087203998,235.76195383215185,0.00018123024,0.0004915351,2273.0768969330047,0.009531087,0.0009344857,0.04790480894721578,0.016271605505398835
-357.5141,12.761545,137.5223,8.576539,-58.507732,4.7441735,83.60184,5.083867,-64.09598,4.91076,57.131863,5.9072857,-31.11086,5.0494246,19.132996,4.0887,-11.392766,4.5419016,1.4817226,3.8721628,-5.7428994,4.15043,-5.064606,4.0466113,4.39082,3.519034,2374.2956218921145,278.6470135067371,2066.349760530543,74.16782618036395,0.00082703325,0.0006735121,4800.180641404438,0.0066909534,0.000916626,0.20744929125580047,0.03631515613067226
-372.0068,16.09424,183.23985,12.453212,-47.79599,4.2875013,63.00172,4.5298715,-28.370546,6.9996705,34.750755,9.360932,-16.135174,7.3353376,13.306148,4.83739,-7.968428,4.34904,3.1374304,3.8977215,2.1638513,3.1774778,-5.2776656,3.479251,6.0471916,3.3512108,1246.4371714170054,370.8612281326906,1490.4142618385881,216.83563189515476,0.0002502459,0.0004711163,2664.971201602378,0.009610818,0.0008716219,0.05568558765951276,0.015827437038516363
-388.64914,17.92958,158.7372,10.952896,-26.160065,5.641636,40.492588,5.417723,-35.578167,6.226451,36.190414,7.6188107,-23.777695,5.3136115,20.825342,3.9334533,-2.5362082,4.4830894,12.431158,3.8049083,0.51576483,3.5786462,-6.468879,4.0903206,-0.8311388,3.8286235,1468.054334964093,380.93113423368817,1767.2831895181127,164.0827461511628,0.00027165707,0.00040715796,3037.3307442720416,0.008861129,0.0015011687,0.07039860063805105,0.015904114867635558
-378.1922,28.86424,167.85301,15.0019,-48.534065,9.687997,61.788807,7.2934155,-16.256952,8.966997,28.38305,9.718088,-14.716917,7.7228775,14.197712,5.9209347,-4.158342,4.5644855,6.0303583,4.8747,6.066231,3.397191,-1.2467792,4.2779174,10.189983,5.164483,1330.9966994634358,378.6654971241534,1525.0579620638543,219.2407069642717,0.0002023367,0.00020631254,2845.980006525522,0.009484648,0.0017662112,0.05763418104698376,0.018629048903644564
-398.62784,27.57933,166.56209,14.87187,-32.371582,9.831845,65.53863,5.946639,-22.277275,7.9698954,42.775604,10.108929,-16.596464,7.8792334,23.963797,4.2765574,-6.4076343,4.964752,9.886675,3.8691783,3.7548177,3.3818738,-4.947859,3.2501872,3.7513244,3.7837367,1283.5051601282962,469.2052613954483,1676.8111969769088,255.07856120217647,0.00022816606,0.0003938214,2860.069016458817,0.009479037,0.0009173415,0.046833082584106726,0.022361883427287014
-378.61774,15.954846,157.36829,9.870502,-35.80704,5.55464,53.015934,5.048962,-41.951195,6.055158,34.217834,8.205266,-23.249569,5.629076,27.826052,3.621049,-8.273452,3.8886392,8.573394,3.5666924,-0.39121655,3.3566384,-9.849187,3.559176,4.458153,3.4674659,1600.621866692756,359.2276176815642,1826.6303178808034,139.81569084416392,0.00038330632,0.0008427403,3471.042429488109,0.008648014,0.0012222074,0.07737161941705337,0.016417932207237404
-387.42734,15.942367,171.1818,10.03889,-37.908695,4.734283,45.297424,5.085134,-38.19155,5.9933777,39.742023,7.172192,-26.28262,5.5426955,23.627438,3.595954,-13.144206,3.8893974,4.492285,3.7935162,2.384704,3.3338208,6.643744,4.1623096,14.292384,3.859241,1433.8179091855125,338.1834295684448,1703.809815857888,145.53024631496552,0.0002792422,0.0002210296,2816.053350674304,0.008184332,0.001001841,0.07151790893271462,0.014329090396959931
-387.0421,17.006899,192.7362,13.283258,-47.035774,3.8763015,57.685978,3.9389474,-21.523846,7.456299,32.02838,9.245236,-9.639885,8.043907,11.14094,4.722907,-5.291283,4.672191,2.0446446,4.083054,3.7861044,3.1636548,-5.016188,3.0817916,4.119752,3.3961987,1091.8114260582192,361.3746065683471,1344.5172333379335,228.44841621734867,0.00015642778,0.00019189331,2247.396928473028,0.009561069,0.0008421005,0.048266205046403714,0.014496581467732417
-370.2429,53.419765,140.66055,30.935822,-80.48258,19.414824,83.23243,16.64998,-45.07952,11.753637,44.772934,15.679318,-32.557384,10.554602,22.467644,7.8851395,-17.44895,6.288906,11.113334,5.538103,0.4915661,4.808449,-4.5536337,4.167399,11.306138,3.6776402,2338.9149376724104,704.5319862076677,1811.17924616779,290.92061816012034,0.0013869752,0.001756086,4366.868644413428,0.006201442,0.0018284105,0.17621855060904873,0.069885183922481
-388.79025,18.703377,193.93448,15.395012,-46.628803,4.3586054,60.592087,4.390359,-23.416477,8.1500635,32.95597,10.683826,-12.833995,8.477771,11.741302,5.6365614,-6.3221717,5.066572,1.393451,4.203681,2.7767615,2.924107,-5.298289,3.3697436,4.361376,3.4145653,1109.4567085980584,415.60333850878845,1359.5619218308807,255.1337800268403,0.00017019892,0.00024173623,2291.162789116879,0.009591879,0.0008320253,0.048756752102668215,0.01685286091478559
-374.32288,14.539988,183.65585,12.107809,-49.146152,4.008621,63.69863,4.02722,-27.947443,6.3421655,36.18825,8.511512,-15.983766,7.0011764,12.993223,4.6730256,-7.800736,4.393222,3.7494223,4.038973,3.646566,2.9522228,-4.9745336,3.1438305,4.7909017,3.2134135,1236.0355751651948,356.65848843827064,1484.7679386748368,199.80019824509782,0.0002334773,0.0003798276,2642.26391431627,0.009601836,0.00086246367,0.055596088312064966,0.01640668642037498
-387.2498,19.236126,192.19493,15.201496,-45.254948,4.7333755,58.73172,4.959174,-22.148874,8.308291,31.651316,10.714349,-12.400105,8.285038,10.066918,5.478441,-6.1662216,5.023346,1.5080311,4.2577295,2.9726229,3.07352,-5.4172926,3.1969476,3.9194884,3.5371513,1111.1821911236805,401.97322550817694,1359.7409233515077,258.10095217879217,0.00020080878,0.0006680763,2293.3610743546983,0.009622908,0.000981479,0.04831605278422274,0.01513129038121719
-418.98862,28.012789,181.16757,17.11168,-20.812864,7.7945366,43.55931,7.4057884,-14.577612,12.10893,30.638182,11.476151,-3.6971302,9.110484,13.132618,5.7106915,-2.0809689,6.0018396,9.016761,4.8908134,6.828361,4.770672,-4.177533,4.583437,3.2363532,6.364805,1003.3153783544939,477.24655728568445,1355.5355641446808,297.52875310547194,0.00013086486,0.00021614796,1969.5636510295824,0.0091311475,0.0022828532,0.04238983649941996,0.021595641158327843
-375.79916,14.575358,181.70784,11.597577,-49.056156,4.059824,62.99019,4.3101635,-26.936304,6.3655334,37.157024,8.33344,-13.281716,6.7949796,14.973476,4.3740067,-6.7332087,4.331644,3.3735387,3.5103981,2.833913,3.0479937,-4.7714777,3.5208702,5.333751,3.121121,1238.161496960611,339.99001603928957,1494.9027812162808,190.2704097997641,0.00024040224,0.000446164,2663.522331786543,0.009479803,0.0008389593,0.05483477740719257,0.01475549813986181
-387.5506,15.475972,166.19467,9.892339,-40.752415,4.9415174,45.677376,5.154648,-44.467525,6.036385,42.038925,6.795024,-27.053204,5.2477465,25.499819,3.5817988,-11.187613,4.0111203,7.311255,3.8899338,3.935027,3.5887332,7.510803,3.9924834,14.175418,3.493219,1555.5230637627553,339.3189738760253,1781.8189462088772,135.32892378970686,0.00033713723,0.00040001125,3217.7150363435326,0.007951408,0.0010973979,0.07966914696925755,0.014335175268422122
-346.55014,10.802872,151.36281,7.4789157,-51.27025,3.3984604,72.949814,3.6253262,-42.583565,4.772434,47.438423,6.4503217,-29.2291,4.6362286,26.936281,3.3349006,-14.938426,3.6241293,9.716003,3.4375293,-1.5028702,3.2464397,-4.8250923,3.0558558,7.993418,3.1045618,1908.9953058541155,288.55669105478484,2010.9101348457164,89.69591514051409,0.0006883001,0.0008183165,4340.764007214327,0.008619909,0.0008628765,0.09613702689965198,0.019033694903996094
-376.6545,15.267623,185.1765,12.184525,-46.15396,4.1613464,60.610725,4.013561,-25.416714,7.174238,34.5006,8.565155,-14.290538,7.0406003,12.138292,4.4972367,-6.8105288,4.466297,3.099777,3.7993197,3.8890119,3.037907,-4.780621,3.5017676,4.3954225,3.48824,1188.7491733497443,356.29889217759313,1446.3086602794406,201.85602524378598,0.00020281004,0.0002595204,2500.8242436738688,0.009599828,0.00088939926,0.05253385114559165,0.01617405693138629
-347.93332,25.71791,143.06244,16.657646,-49.08558,9.516869,66.99639,9.813686,-38.38544,6.827521,37.20189,7.9310436,-22.070417,6.9786344,25.60444,6.3955894,-10.554715,5.41264,10.585661,4.212147,0.2378892,3.979317,-4.1820483,4.059246,8.1176815,4.309781,1941.501434046002,377.19172887658584,1936.5663699629736,166.1912682374303,0.0007132935,0.0006214809,4139.346122299159,0.008183694,0.002509261,0.10876776392111369,0.029172116715001504
-377.94675,15.436444,182.77327,12.462642,-44.22745,4.0091133,58.18525,4.20832,-23.135529,6.462166,33.591522,8.416817,-11.343641,7.7006907,11.369539,4.7326655,-5.855335,4.7455883,2.4070091,3.7667391,3.6064332,2.6606412,-4.632856,3.233448,4.6127663,3.2801027,1185.4131794499274,361.7989310571398,1443.7140663123253,208.1804424031634,0.00020360386,0.00027733878,2493.7797387072214,0.0094405245,0.00096217,0.052576901464617166,0.01743000595785179
-384.00116,16.442587,135.88052,6.873276,-36.315716,5.0426483,74.11281,4.338193,-38.692066,5.270052,29.29069,8.525268,-24.558838,5.3232255,28.903776,3.2715218,-14.17366,3.930851,3.7600706,4.2450876,14.156154,2.9733384,4.748315,3.6878214,10.500746,3.3471463,1842.3615856849378,307.46761536707976,1986.9645891596183,99.03217301393998,0.00030385252,0.00025671508,4229.450836535673,0.009527494,0.0009976573,0.06184065037703016,0.01529781362209108
-387.15747,16.954239,160.39381,9.987157,-34.638115,5.44001,45.145107,5.2329497,-40.80635,5.819282,39.0829,7.606628,-26.898748,4.8682885,24.11334,3.5792372,-7.132895,4.144587,7.7831426,3.6608987,-3.662616,3.9461718,-5.7045918,3.7549813,11.052758,3.3832963,1551.2477411522304,351.88920864650936,1804.6770163443707,143.16665044498012,0.00032085803,0.00063743937,3295.554318173579,0.0085461065,0.0012672332,0.07650834723027843,0.015452990834503225
-377.20383,14.587576,181.671,11.561581,-46.589027,4.2787848,63.891582,4.135866,-25.80694,6.675344,35.657948,8.106042,-13.681138,6.384241,14.862033,4.3106823,-4.74518,4.591171,3.8312304,3.6095643,2.3897629,3.1410525,-5.971556,3.185045,3.7587953,3.2358677,1215.0333119223983,335.7091860886526,1489.0917643325722,190.69365659691422,0.00025561202,0.0008806878,2626.6011319968097,0.0095177,0.00082334364,0.051283126087587005,0.014708390134868701
-375.84845,14.393023,185.92606,11.850881,-48.863804,4.056567,65.20795,4.2731194,-29.41428,6.8955865,36.647533,7.893569,-17.03792,6.6562476,14.284821,4.76947,-8.751272,4.2412643,3.9781,3.949151,3.239745,3.0873666,-4.486545,3.2497003,5.544132,3.0999303,1212.6919944497033,346.6234384943042,1479.7523234640885,198.75389694808143,0.00024768317,0.00076910114,2594.7509765625,0.009814551,0.00080772175,0.052885051116589324,0.014490260211945698
-373.7894,16.620998,182.19072,13.376063,-47.428333,4.447552,62.05464,4.3442874,-26.355867,6.916129,37.055607,9.263301,-14.349147,7.5742197,13.696677,4.731818,-7.374056,4.72186,3.6480114,4.014911,4.2456474,3.006845,-4.5449886,3.101955,4.930096,3.1980364,1245.172171282448,384.6994437499753,1495.2591891934394,224.2652773680108,0.0003009544,0.0012634482,2668.4684735716355,0.009594147,0.0008316936,0.05406553618039443,0.01548841381437655
-405.07266,18.552225,181.44197,12.417696,-32.01158,4.72752,60.06428,5.0206876,-20.696808,7.409366,37.336025,8.597317,-10.918994,6.930248,18.779503,4.059985,-4.104068,4.2404532,10.241035,3.3970847,4.1955895,3.4360101,-4.5332484,3.1914256,3.574179,3.5671978,1067.4200109370888,368.26549884777967,1466.523134224932,225.9062448682873,0.0001729568,0.00060039567,2251.7934989486657,0.009577944,0.0009948035,0.04153109592517401,0.019741891447667706
-379.4525,15.630008,185.42696,11.661765,-47.882023,4.1784267,61.018463,4.203198,-24.736631,6.7586718,34.524876,8.298983,-12.8525095,6.778189,12.590875,4.5154276,-6.3827343,4.3565903,2.7450583,3.6227372,3.6833215,3.0184042,-4.7346773,3.1699004,4.73584,3.0249298,1181.8192886747288,318.2966794413422,1440.7029549327915,197.8469038410745,0.00022493572,0.0006624242,2509.39255999855,0.0095157,0.00087532913,0.05061358033642691,0.013694336152768001
-372.625,14.0124,149.91469,8.164138,-47.029064,4.773174,60.640907,5.0930395,-46.880592,4.918263,39.316376,7.180316,-24.731924,5.4377427,31.798029,3.5138323,-12.242495,4.5028524,-3.410384,3.886304,-6.9347553,3.5395775,-4.497014,3.7500346,9.857761,3.3128037,1844.6646112007868,299.8794242646581,1932.3427656228473,102.10367356271611,0.0005232279,0.0007853723,4175.268101526247,0.007921017,0.0010549625,0.09017908932714618,0.015272382867988122
-373.86,16.180939,182.83614,12.154122,-49.68557,4.4265666,64.79852,4.656685,-28.50452,6.7475357,36.535828,9.066237,-15.973183,7.1561685,14.527611,4.6530285,-7.6078615,4.427143,3.1872983,3.8019018,2.1987436,3.1899114,-5.396198,3.4640884,5.1026707,3.2025354,1259.154609417807,355.0799235885204,1503.403244181923,207.51533022721253,0.00028953532,0.0011482639,2712.8588470671402,0.009515802,0.0008876778,0.05485856837296984,0.014279799037605113
-389.48132,15.82447,175.21669,10.044894,-40.581978,5.363555,47.018787,5.775491,-41.88759,6.055321,41.4405,7.4006553,-28.314854,5.9272914,24.750023,3.5042396,-15.280108,4.0175095,3.5402172,4.0796065,0.41363588,4.0420065,5.4987664,4.026096,14.464508,3.4598367,1425.9734538443993,323.8551993887734,1695.3322381107816,152.68004350601913,0.00029996008,0.0005977655,2778.9323067720416,0.008325474,0.0009822211,0.07268366625580046,0.013599848721306358
-412.01718,23.230473,183.34077,15.162679,-20.951107,6.7781143,59.598274,5.833218,-23.085657,8.307544,38.47113,10.102379,-15.315159,7.3290176,16.060587,4.9271946,-8.209279,4.890791,6.5255513,4.0223417,2.1261377,3.3376184,-7.4888024,3.3898199,8.024067,3.6959708,1035.810033407401,453.61417141873767,1469.8685605408482,267.07275456669066,0.00015564082,0.0002716953,2078.8034390407483,0.009399191,0.0009417694,0.03928681482018562,0.01880605509102497
-388.5528,15.384445,169.28214,9.844744,-42.158333,4.795999,45.44746,5.2000275,-41.32702,6.1752906,40.654606,6.6491976,-31.21508,4.956137,22.974815,3.2963514,-13.243732,4.2404203,3.3454697,3.796977,1.5664167,3.1548746,8.982779,4.0625596,17.351118,3.3765097,1517.3504349195073,326.0571555162845,1739.4127369489922,136.13420801288623,0.00032930973,0.00034758527,2999.8599731728536,0.007755158,0.0009932916,0.07938365537993039,0.01429863375047204
-453.54572,32.5034,191.98058,19.593555,-5.9445715,8.197164,41.952217,8.785407,-10.644133,10.545569,29.006031,12.864528,-0.0066678077,9.619851,12.931883,5.497406,-0.5569488,5.481444,7.982319,4.2127886,5.4068646,3.766388,-2.5324361,4.101911,6.0880356,3.6689885,784.9590643216286,514.645466731172,1191.0470643779756,341.50997678418776,8.0740065e-05,0.00019920788,1455.1149443517982,0.009577653,0.001437678,0.02687359520011601,0.02131102904666415
-374.97693,16.615595,183.68347,12.606762,-48.69896,3.8441556,63.28286,3.884156,-27.577753,7.066704,37.47234,8.950732,-15.542919,7.269495,14.36296,4.7583585,-7.2146473,4.8845577,4.0580125,4.2836747,3.4272563,3.219872,-5.3918676,3.537626,4.5551143,3.3177676,1241.0512262636514,383.78813366231833,1491.4570568963532,216.6357616964088,0.00023416003,0.0004177735,2644.5121605822214,0.0095753325,0.0008039643,0.05414597230278422,0.01795150858933302
-374.3002,15.016737,152.33617,8.833055,-35.978203,4.9155817,65.10936,4.4825683,-22.509436,6.6026483,44.124752,6.798093,-16.796057,5.2808456,25.704992,3.3207674,-6.2021756,4.174211,9.14433,3.573027,2.4094481,3.6172671,-4.7237473,3.7403216,5.049248,3.4529476,1507.6599462147503,334.35993338156635,1843.3242326118946,136.54355003243114,0.0003259637,0.00037931922,3480.5849858613688,0.009287222,0.0013083621,0.0574200623549884,0.018003293647162924
-375.75586,16.547491,182.26285,12.585034,-49.32249,3.5102966,65.26549,3.9258254,-27.050392,6.8147473,37.055428,8.851147,-15.697882,7.1602526,14.704431,5.0427985,-7.4337273,4.7602334,3.5231118,4.0813723,2.2580216,2.9929452,-5.998446,3.3379188,4.2076926,3.290946,1256.327209276952,381.16569989604204,1503.139707234225,216.3604856252565,0.00022062549,0.00022566874,2708.4622765915024,0.009558448,0.0008981317,0.05373359556264501,0.015908644101358463
-438.74985,28.95043,190.96802,18.919098,-8.3196125,7.955183,45.519943,7.3575172,-13.65211,10.167073,31.251907,12.322408,-3.7131886,8.980352,11.804112,4.725326,-4.016116,4.5346694,8.77112,4.094539,5.011756,3.61907,-4.1887484,3.7767267,5.54141,4.038135,839.6841093171618,500.2258505825841,1251.9343880983101,333.6399339231356,9.210866e-05,0.00018876592,1567.352394050899,0.009587451,0.0012976524,0.030515878770301624,0.020370510920835215
-388.28647,15.783407,168.18753,10.189074,-40.847725,5.1386056,44.391613,5.763586,-43.303654,6.190653,39.99641,6.8752193,-30.523163,5.4449205,23.633266,3.3966517,-12.144771,3.793534,5.683032,3.8691142,2.8714542,3.661422,8.583505,3.9835808,16.742233,3.5800953,1529.7631487527012,329.5200227703998,1753.2668753192963,140.76666338520135,0.0003928014,0.0014708666,3059.063791509571,0.007886397,0.00097435375,0.08069895591647332,0.014952584470010454
-387.2523,15.286075,152.67445,9.340819,-24.195335,5.55624,50.980507,4.5382404,-36.21736,5.0432577,39.247345,7.258846,-21.041628,5.031893,22.270937,3.1966662,-5.241253,4.337639,15.272649,3.7092564,3.9644394,3.2857428,-3.104747,3.854353,1.1985822,3.6262553,1520.3198098932196,346.6841395130735,1876.4048154586608,125.79863985443669,0.00029285357,0.0006541189,3556.52574862239,0.009189203,0.0012540363,0.061304787195475635,0.015185092712587864
-438.63492,29.356676,192.64705,18.737492,-8.824483,7.5349593,44.90949,7.852305,-12.4424925,9.673075,31.171753,12.292792,-3.1116736,8.923773,11.556819,4.854015,-3.9949875,4.7436357,7.85206,4.0946736,5.820613,3.484032,-4.1695685,3.511657,4.2833247,3.9984891,825.3702650599624,491.03071126577146,1224.8074164399866,328.65860804111,9.3037044e-05,0.00019847482,1535.802004785383,0.0095702,0.0012259651,0.03005931880800464,0.01617408787925738
-383.44025,16.206991,184.57191,12.890834,-46.577995,4.480948,61.53047,4.161138,-23.411394,7.220623,33.938908,8.966181,-11.653796,7.473105,13.343451,4.578321,-4.665789,4.427364,3.473668,4.048783,3.5159297,2.9558942,-4.708271,3.2569792,4.958327,3.1894765,1171.115923502202,357.89605207385995,1438.4053235002953,211.017909341442,0.00021656838,0.0005733859,2501.4737370395883,0.009634753,0.0008640686,0.04811439602668213,0.01462506440092039
-407.52573,18.664536,163.3208,10.462081,-31.816471,5.6478443,37.427223,5.7230034,-40.523727,6.353863,32.677834,7.5136805,-25.54955,5.623893,21.013464,3.2826169,-8.633398,3.9122775,6.6349287,3.912072,4.467238,3.434387,9.137801,3.6497946,18.098988,3.4519942,1434.948243697014,348.1727433663738,1680.6465844897461,154.121818896697,0.00018678018,0.00032055072,2744.808924557715,0.009009505,0.00095483195,0.0672887815400232,0.010504190845854383
-418.8503,26.739565,181.27287,16.541512,-19.075624,6.5179152,58.18604,6.126337,-18.867123,9.129015,38.544823,11.135956,-15.756464,7.846726,13.615606,4.906793,-7.6456847,4.958621,5.6578937,4.0327926,0.0575655,3.3638318,-9.453537,3.483219,5.919705,3.6389496,1034.9130026872424,494.56571233566655,1459.827271653854,292.40636267484007,0.00023788027,0.0018596149,2079.4529324064674,0.009363282,0.000956644,0.038932216139791184,0.021675402400447314
-408.7506,19.808664,166.19849,11.915959,-36.143574,6.351794,42.093216,6.5574517,-42.06945,6.490977,42.879875,8.310934,-25.7911,5.6560445,23.92062,3.32908,-13.873258,4.1094136,6.3523636,4.130964,2.2647672,3.381832,7.5914235,4.2910686,16.270445,3.5030754,1519.1378185879082,396.6562866343089,1771.7010637072435,155.70147405034234,0.00033161507,0.00074040896,3044.50015180902,0.0070751584,0.0009849387,0.07555444279292343,0.01654441659014265
-381.67017,15.157418,163.11823,9.527641,-30.247892,5.1902876,44.283535,4.927787,-40.58182,4.9305744,38.188793,6.992294,-23.123129,4.5932775,27.267586,3.4097111,-3.7559564,4.091281,10.668763,3.4645588,-1.6322786,3.1915405,-7.3768287,3.3218606,1.505215,3.2083566,1490.941796256757,327.5032228894731,1791.89090239935,134.45983547471886,0.0002906842,0.00029453987,3153.165387996665,0.008662291,0.0011785462,0.07239704176334107,0.014634888880016954
-357.26,16.473211,148.50018,11.03983,-48.738647,5.4123216,66.98186,4.7150264,-23.025803,6.978914,43.04177,7.488651,-15.917468,6.434304,18.437208,4.3830113,-9.387516,4.6988406,12.949187,4.163618,5.9645615,3.9748323,-4.424843,3.8379297,8.096326,4.72069,1665.3836957912524,364.8439061466963,1815.5779214549316,141.32663217309184,0.00047497815,0.000778485,3643.3580155162413,0.0092363395,0.0023665463,0.07537091248549883,0.020513412289856908
-385.95868,17.423096,167.25432,10.438007,-37.810257,5.3651295,44.226105,5.528944,-40.436142,6.485628,40.460167,7.4634733,-28.444496,5.3680935,27.258076,3.380004,-10.416159,3.7431774,6.405526,3.667031,-3.7708504,3.3742397,1.3264161,3.6778078,16.98313,3.202913,1509.4846363238555,355.126693834888,1772.180593712178,145.88029147751107,0.00030246453,0.00047049893,3021.7179229807134,0.00848316,0.0011100464,0.07530180539443156,0.014274828073490894
-365.90753,28.55571,188.05254,13.085462,-63.435566,13.069452,51.89914,6.1653543,-30.973724,8.042802,30.25866,9.2060995,-17.545366,8.232086,12.019707,4.9163456,-5.934329,5.351762,6.7194605,4.485028,3.4190269,3.6688192,-5.559193,3.3205059,5.3371215,3.6996975,1325.3206097565849,328.439706603963,1397.8018413023046,209.6263015844727,0.00027976962,0.00046897514,2586.2326212659514,0.008916191,0.0017341083,0.07504803509280743,0.01943492513404251
-351.75818,26.099886,160.9383,25.701712,-54.638958,8.99697,64.33084,9.800929,-42.06076,12.934905,35.68607,8.938139,-19.341675,7.8604226,20.035763,5.435575,-12.7013035,6.7018023,9.625648,6.438843,-2.2940202,3.532925,-8.296302,5.876995,12.516511,5.6066604,1775.3460904416927,578.0848242795221,1744.3656823561141,306.6550180980386,0.0005953422,0.00040476953,3621.025435941125,0.008701882,0.0020633014,0.10662091248549883,0.050475838038254554
-345.1664,10.955175,146.42734,8.6142435,-96.01871,4.7215743,84.0926,4.523167,-43.195057,5.438535,41.911236,6.734591,-30.074259,6.0963364,26.30687,4.352433,-17.710686,4.3910956,6.4265466,4.0199556,2.2365227,3.766201,-5.3004313,3.748751,10.588216,3.5396338,2229.8990321711576,230.22184648035,1730.5638941749855,105.64167049677349,0.0011385033,0.0018315021,4039.47402706279,0.0069673904,0.00082180894,0.1697587369489559,0.015526193857610034
-408.32852,22.971037,173.75764,13.683534,-27.144989,7.896511,63.159595,6.3622637,-22.547464,7.8486037,44.191216,8.991556,-14.44127,6.6747165,17.293213,4.7773046,-8.032741,4.56157,5.1112866,4.083747,3.0883884,3.2687707,-8.035887,3.4202833,7.501526,3.4992476,1154.5194105369662,420.03626928836326,1580.8278747853033,232.79377582615234,0.00016620035,0.00021581654,2492.4307909476506,0.009267505,0.00084640796,0.04070634244489559,0.018381560454091162
-387.7874,17.869036,179.8241,13.206081,-47.106937,4.226031,55.017982,5.5696707,-30.516123,6.964848,46.431553,8.90244,-8.327423,7.780039,19.604454,4.3725863,-11.25921,3.7961638,2.493796,4.321249,1.6099259,3.262317,2.3950582,3.9987798,9.547636,3.2441828,1271.5806272712352,402.963325796405,1526.6529321143807,215.98537402163663,0.0002809463,0.0010941422,2589.904756833672,0.00891028,0.00091774715,0.06152457040313225,0.017073230514437043
-387.98984,19.635138,198.92056,15.623896,-48.49588,4.6443005,58.49266,5.0550804,-24.803135,8.294918,30.965174,10.894946,-13.299532,8.397952,10.978911,5.7891216,-6.5684805,4.681543,2.8638704,4.124029,3.3532896,3.0454924,-5.6524816,3.3562422,3.9064574,3.5123947,1084.5171452921147,392.1361912131436,1317.8593919875943,255.85290779674202,0.00017363566,0.00031463435,2193.4889791183296,0.009611199,0.0008629404,0.049558847520301624,0.015446571153011466
-388.7371,17.1142,200.57416,14.760819,-50.039692,4.813189,56.481003,4.8649426,-27.005026,8.095516,31.357504,9.418405,-11.431791,8.114969,12.359299,5.230719,-4.6679306,4.553079,2.5103486,3.8256207,2.5447938,3.0512016,-5.0276327,3.3714561,4.437615,3.2518744,1079.6545141654408,363.5720227682606,1304.350461229978,232.59250827716414,0.00017994482,0.00051236304,2154.2695720345127,0.009528392,0.0008363028,0.04928581786542923,0.013911872132132368
-461.9432,32.28705,183.45552,19.643456,-9.213179,8.781238,45.670288,7.634413,-9.895398,10.610315,32.27563,12.534063,-2.2031186,9.636902,12.226205,5.426631,-0.26330498,5.2777557,11.729635,4.071229,8.291478,3.4143434,0.78028226,3.816991,8.191288,3.8988216,836.4363981108564,555.9164984602558,1274.166505718767,343.38815129462733,8.8185174e-05,0.00023204085,1613.5413645591648,0.009614842,0.001378621,0.021060669228538283,0.0186539306620534
-380.58975,17.565687,172.46835,12.264247,-46.4508,3.9345663,56.975193,4.5931325,-33.61018,6.734981,50.154297,8.459521,-12.4877825,7.0674796,23.278475,4.4545693,-14.10366,3.9611268,3.9483519,4.0503545,1.5991114,3.3021579,1.4590136,3.8023686,10.974247,3.2014976,1396.178507669418,408.0901425135621,1661.3998969691881,199.43100831275584,0.00028636726,0.00028902525,2960.3407999202436,0.008828812,0.00096043624,0.06606864486658932,0.018084691212178695
-385.9074,15.474052,168.54839,9.574226,-43.64085,5.04887,47.341488,5.4103265,-43.28579,5.9359965,43.239563,6.6710057,-30.184193,4.9816403,25.048866,3.5355082,-14.212739,3.699761,4.472541,3.9250321,1.3947514,3.620723,8.528505,4.122194,16.988106,3.3176613,1555.25291407725,322.42609857119385,1780.2708554794146,133.59870406257104,0.0003706254,0.0005341788,3180.319206786543,0.007730963,0.0010037812,0.0809606565400232,0.014071669911351349
-382.95337,15.865237,186.12463,12.786611,-46.517548,4.41962,60.64969,4.420283,-23.319012,7.019025,34.44832,8.933551,-11.580345,7.294503,13.069168,4.865616,-6.2183547,4.4200788,2.4420485,3.8727748,3.4789786,2.9949548,-4.219085,3.164612,5.0908833,3.5035965,1158.961637794607,357.2124914678943,1426.4691369347759,213.20877520583625,0.00019752329,0.0004035503,2458.1325451348607,0.0096590705,0.0008629976,0.048668385658352666,0.014847362783270807
-340.9623,18.082859,158.59799,10.635742,-67.21821,6.0279727,63.56746,6.5931106,-37.35333,6.400507,37.37819,7.54356,-19.61384,7.7154307,18.79814,4.442649,-10.152658,4.4487824,9.50262,3.5856082,2.6264775,3.3721845,-1.6007396,3.532049,11.891138,3.3011684,1757.6066532669445,313.3728367675304,1713.047309738663,155.15595768323902,0.0006136339,0.00144794,3597.7186163174306,0.008681009,0.001688053,0.10118750906322506,0.018658457431733885
-376.58078,14.591943,182.79935,11.560039,-49.386784,4.109776,64.40418,4.186978,-27.884521,6.217183,37.602,8.520832,-14.44627,6.8630624,15.250038,4.564394,-6.239171,4.1989107,4.1184297,3.859296,2.8349338,2.9125621,-4.667602,3.189872,5.5761533,3.2398968,1236.1438878054796,346.47245598015695,1496.9508716444602,190.26576739786182,0.0002483027,0.0006360649,2661.398988090922,0.009516306,0.0008295805,0.05334161107888631,0.013840915560557405
-402.9119,17.446768,166.9772,10.505711,-34.24202,5.6693273,42.811153,5.6363435,-37.987823,6.2284365,43.61726,7.2810006,-24.37772,5.2246737,26.472788,3.1106052,-7.792092,4.1082487,5.069573,3.8467548,-2.7455487,3.5747182,1.3250296,3.8395562,16.392185,3.3066084,1435.98284664744,362.9734871217757,1738.502763107444,147.54578733565756,0.00027198935,0.00038404408,2840.309429832512,0.007875776,0.0009951612,0.06916486912703017,0.016333636399882914
-372.86646,14.112973,154.47263,8.000233,-42.72064,4.443877,52.12901,4.164235,-43.109547,5.2350817,38.353123,7.0085196,-24.947119,4.8397837,30.788446,3.1813223,-4.429397,3.9125612,1.87094,3.50887,-7.5688534,3.4125206,-1.5771477,3.721713,9.560885,3.311805,1712.6216976622775,292.32636965396523,1876.71776094353,110.60750450127676,0.00044105493,0.0006314807,3867.7080123441124,0.008117175,0.0011202113,0.08620486513921113,0.015237100530968587
-412.1327,23.21926,184.47081,15.166781,-22.456696,5.6386003,56.812454,5.8196406,-20.576887,8.666562,34.747303,11.102764,-12.92067,8.096987,11.874335,4.8651285,-7.4992566,4.6902337,11.3171015,3.4178162,3.7026854,3.3380616,-2.2700937,4.1071405,7.4188886,3.509246,1018.148168838102,455.52624350212295,1425.2654009090738,276.06293558302644,0.00015039911,0.00028449055,2037.6105713457077,0.0093125375,0.0010587135,0.04106547273781903,0.02290741400782562
-390.18054,20.21732,192.23987,15.621536,-42.914185,4.242422,55.281204,4.9113674,-20.006792,8.361847,29.834538,10.918556,-9.788748,8.672268,10.020867,5.8715734,-3.2728467,5.1002455,2.1590407,4.248516,3.9638531,2.8885996,-4.5647917,3.5910578,4.055931,3.4790137,1081.9517073049808,419.57345329719726,1332.7033961174234,265.7484962683726,0.00015586002,0.00022646315,2206.6537100311775,0.009623721,0.001122817,0.04722393416473318,0.016683991451153627
-383.91528,16.884892,193.89851,14.051441,-50.2067,4.8322787,60.32735,4.8101254,-25.929647,7.1637135,33.74643,9.683543,-13.409534,7.8126755,11.354657,4.606582,-7.692058,4.9023767,1.5406035,4.3439884,2.932212,2.9941313,-4.3200145,3.183911,4.2168794,3.2977843,1138.5789952094763,365.0159963850287,1370.8643495558288,226.95615654462188,0.00021617798,0.0007229967,2345.145680013776,0.009428099,0.0008146001,0.051920950551044086,0.014265415834346871
-409.79654,24.591454,183.33629,16.469564,-23.60227,6.110894,56.42123,5.807569,-22.477085,8.16796,36.47771,10.960327,-9.616542,8.310858,14.038387,4.5523047,-6.0605235,4.475863,13.159203,3.5945036,5.553345,3.1630545,-3.4548736,3.4336104,3.8023655,3.667621,1036.7499159251458,476.38966827946564,1433.9115706105072,279.7997891864812,0.00029883513,0.0032728226,2068.4864867314386,0.009554851,0.0010747389,0.04147671657482599,0.022913536663393044
-433.4586,55.73706,177.67412,24.765476,-23.353443,13.745573,37.229763,9.885964,-10.856724,12.301363,31.212719,12.761963,-3.1760123,11.039766,8.778809,6.3489833,-1.6271063,7.086515,9.236655,8.23116,4.287854,5.4255004,-6.020535,4.510024,3.694643,5.9667006,1072.2568776033963,578.2444017822421,1343.8735363757326,332.7428160638172,0.0002645422,0.0015155483,2064.8892927059164,0.008194128,0.0041210316,0.04810306699535963,0.030265813673149254
-344.15115,12.829425,148.78572,7.7350345,-86.758484,4.240076,65.168144,3.9842846,-57.766296,4.609061,41.953396,6.1216803,-35.71483,5.4639626,21.040676,4.1155224,-22.120916,3.9440198,4.0260878,3.8247604,-1.1939878,3.1481566,-3.9939501,3.3932228,9.294663,3.3678474,2171.6499552841833,239.7242562319552,1820.7484571482423,100.68944725071748,0.00093448936,0.0005155054,4258.35329131018,0.007376839,0.00088550174,0.14780080843967516,0.014425890975198117
-379.5135,15.592109,159.65614,9.505922,-33.168327,5.325596,43.58024,4.4281645,-39.531296,5.736602,39.59493,6.981968,-22.314674,5.2465496,27.228962,3.267345,-5.3094172,4.312023,8.048857,3.6427886,-3.3904731,3.4705884,-3.6572323,3.4094837,9.5479765,3.350358,1544.5687155178377,342.15768274071814,1813.8220761397379,136.03648928465827,0.000300962,0.0002596765,3308.11951674884,0.008653385,0.0010295287,0.07559069569315545,0.016197435299475243
-375.0698,17.465988,181.99373,13.434805,-46.11273,4.4617662,62.176315,4.4434266,-27.310736,7.006771,35.820885,9.699323,-13.770178,7.385687,14.357412,4.818304,-6.5608325,4.7407227,2.6025321,4.3137827,2.13698,3.011473,-4.9007893,3.4306881,5.9541955,3.3357723,1236.2415694712022,391.3218007347689,1493.571329194266,226.17510583649667,0.00025232506,0.00058957003,2652.181178400522,0.009558316,0.0008901126,0.05393978393271462,0.016330033029847313
-383.39926,16.123135,158.45705,9.344033,-29.465624,5.5670037,44.257072,4.5147953,-40.809383,5.6622286,38.807716,6.7750974,-22.500607,5.1390076,25.309835,3.3199859,-4.2836933,4.2076583,10.413471,3.5143259,-5.108788,3.4402084,-9.769915,3.4800718,3.1081831,3.49476,1548.211158683595,341.71784246648343,1830.6426968632554,133.77448018462624,0.0003096437,0.00026381464,3405.768346233324,0.008439071,0.0013143017,0.07706460266821345,0.01483257206204019
-395.423,17.718655,180.3451,13.123736,-38.333954,4.8582554,54.679527,5.253721,-26.356358,6.9201965,41.86107,8.597542,-6.531695,7.7951345,17.47707,4.5360584,-8.501812,4.3633175,2.7829685,4.408531,1.0904713,3.2244253,1.2082278,3.8666186,8.475765,3.4696841,1162.3701117796754,384.52005924045386,1493.5411763341283,213.91680877405423,0.00025989994,0.0012856886,2408.4712831714037,0.009105259,0.0010659756,0.04534444786832947,0.01628333546417389
-416.61346,24.800323,176.4557,16.03605,-25.762217,7.3766866,60.64409,5.9892807,-19.787539,8.809795,39.580265,10.815659,-11.743051,8.092033,21.824215,4.229356,-3.8111403,4.7326055,9.903357,4.233714,4.322704,3.0786364,-5.7324557,3.4313965,2.106681,3.8150394,1083.5244275345817,483.4011665763612,1512.1747283240934,284.3970004724687,0.00020337693,0.0010925245,2298.7069043648494,0.009571075,0.0009430847,0.03768035817865429,0.018960081139670976
-388.3115,20.045362,191.83916,15.418429,-45.165295,4.588241,58.53967,4.6466618,-21.932678,8.281462,32.90864,10.535873,-12.265808,8.919791,9.350033,5.571878,-6.4583535,5.384744,2.0038698,4.256316,3.9809604,2.9462402,-4.6404753,3.1044035,4.267683,3.41778,1112.6769913679718,420.1942362144832,1362.5883913123494,263.6208888535463,0.00017724413,0.0003187201,2283.7435764392403,0.009631392,0.0009239774,0.047922935397331785,0.017521763836006673
-363.61844,14.983969,182.04573,11.496632,-52.655704,4.6214857,62.109882,4.8823724,-34.16033,6.2465653,40.575443,7.958162,-18.994429,7.0026765,17.592577,4.560261,-12.718494,4.472117,4.4485884,3.719149,-2.2439177,3.3273416,-4.7647176,4.200295,6.582217,3.3842957,1344.1860394797588,340.22179826601564,1566.5545849754747,191.51960856923884,0.0003391453,0.0010168267,2837.93628099623,0.0095366705,0.0008731646,0.06360684636020882,0.015274802231373497
-347.90103,12.688786,146.51506,8.019567,-56.68277,4.6665955,73.42411,3.9264672,-32.252457,5.665234,52.354626,6.3935995,-25.32049,5.2131815,28.051592,3.5265121,-11.58385,3.9112623,12.477233,3.3178906,3.4670866,3.054172,-3.007793,3.3598754,7.613725,3.2021544,1904.950943141532,301.41635143741905,1982.4655935246637,107.73249708941685,0.000635948,0.000956771,4228.026947233904,0.00893682,0.00090265146,0.09184785564095127,0.017199244412181524
-389.23224,19.995598,191.86974,15.759197,-43.544346,4.4199924,57.30361,4.793922,-21.78475,8.101669,32.172897,10.976887,-11.350265,8.857169,10.122976,5.475621,-5.939856,5.060423,1.4801005,4.65635,3.93525,2.7814395,-4.066312,3.454654,4.4045362,3.5781677,1098.3933763138766,423.76641718904835,1354.3226668374173,267.9332841828663,0.00016815162,0.00027233202,2249.045642401392,0.00967234,0.0009229553,0.047290775449535964,0.018741577105200833
-335.5781,12.097949,150.008,8.391645,-66.126175,5.7840786,69.12955,4.1857176,-44.961464,4.8905115,46.248985,6.0415287,-26.755957,4.9991198,26.221292,3.773079,-14.498548,4.2658157,5.8701844,4.5889316,-2.2306068,3.4447944,-2.900577,3.7532248,12.238775,3.7905092,1999.0847318361036,268.35828640046105,1916.3882553768674,106.02212461065075,0.0008752799,0.0015268069,4234.721725003626,0.0083145825,0.0012494609,0.11609198267111369,0.019693844661914244
-378.38425,15.983228,186.5341,12.358665,-49.87402,3.9845374,62.918022,3.9335654,-26.08851,7.173848,35.6317,8.634306,-14.671449,7.274008,12.896359,4.97137,-6.794743,4.5575204,2.3686428,4.258339,2.8846884,2.9064093,-5.335012,3.2966614,4.2776446,3.2898655,1204.7324501561857,359.10375029340065,1445.62435519435,205.1487231681306,0.00020691109,0.00030593658,2547.0132141821346,0.009555357,0.0008165977,0.052085221505220415,0.015326626561917116
-382.2946,16.891552,170.71802,11.098957,-40.92512,5.5645556,47.852814,5.5771656,-43.402206,6.351476,40.58676,7.9298754,-30.934187,5.6054068,24.236341,3.258062,-15.037646,3.8827634,4.565089,4.2367353,0.8981785,3.4859753,6.2022,4.135871,16.303865,3.2960846,1517.3450056282045,372.85128746838984,1756.498174910663,154.58765727784083,0.000342319,0.0006196226,3045.749177512326,0.008405115,0.0008477266,0.07797432388341068,0.016641033209721386
-396.91873,17.694805,172.00406,10.958912,-39.171627,5.179814,43.62246,5.2259116,-40.956043,6.5185122,39.502174,7.313689,-26.916477,5.622763,25.192553,3.4923627,-9.6262865,4.3579755,5.2956095,4.0890713,-0.2524693,3.8705444,4.3355236,3.571419,16.38801,3.4492779,1426.888752165289,362.4099960009935,1677.6187646737735,167.38688800776143,0.00025358092,0.00033005344,2750.429540222593,0.0082255965,0.0010258307,0.07228828306264501,0.014969183057003078
-357.45752,10.98953,128.81215,7.5587516,-92.27108,4.358282,100.0879,5.552416,-49.065266,5.7123365,49.57383,6.7241282,-35.3494,5.25812,28.974703,4.1508107,-16.82013,4.348623,11.8711,3.6306274,0.69035536,3.6002522,-8.97069,4.5027046,16.62484,4.434354,2649.2108068341745,223.85414959202706,1906.4765305790884,85.53651869728118,0.001629001,0.0030287027,4806.550672491299,0.006167861,0.000727519,0.21705064530162413,0.020471927178707248
-384.30466,19.258636,200.82472,16.96863,-51.56488,4.9495687,55.97931,5.2602344,-27.099781,8.385509,30.436094,11.291906,-14.5140915,9.100489,10.07405,6.210685,-6.94043,5.3731747,2.0283349,4.3089457,4.052128,3.0551157,-4.884044,3.3286073,5.5141087,3.4911678,1115.05039887105,432.11765113232707,1305.572860800336,271.5413052789956,0.00017289394,0.00031594827,2203.8558924557715,0.009770232,0.0008360732,0.05428418648491879,0.01601177178430136
-386.90283,21.108168,196.16713,18.035183,-49.916737,4.6681914,58.875908,4.6058197,-24.91968,8.088617,33.963818,11.418294,-13.32549,9.399689,11.270534,5.794049,-7.4316106,5.2148733,1.3605955,4.4257565,3.2433107,2.8966184,-4.6793437,3.5221531,4.7279677,3.4633625,1132.6609077207843,456.0703885738639,1349.5556641479197,283.89169585899475,0.00031613224,0.0021890684,2297.482859175609,0.009558372,0.00086557143,0.05192548216357309,0.016913727614153905
-364.50986,13.238187,145.9869,7.3146214,-44.14609,4.7674932,62.422813,4.465039,-44.77522,4.6374717,35.87051,7.060769,-24.22669,5.182529,33.880543,3.5985534,-9.305777,4.1140156,1.5010755,4.5345154,-0.41442087,3.5043702,-7.8960085,3.2051392,6.08455,3.6037688,1875.950645774638,279.9157542457321,1955.3894852234328,101.64300172346097,0.0006462255,0.0023157843,4254.256487003336,0.008222161,0.0011434216,0.09273718459976799,0.01575772278980208
-382.84933,15.338176,167.27893,9.668833,-42.09647,4.7659736,46.814503,4.850629,-42.310787,5.564048,40.054985,6.706464,-29.189249,5.284717,24.68559,3.5898697,-13.8326645,3.6295795,4.3603106,4.070643,0.73876506,3.3996472,6.9551735,3.976163,16.438765,3.3849277,1548.4566406280164,330.417325040677,1764.1463963565739,137.74211490966616,0.00032429394,0.00026947915,3129.0591919228536,0.008177424,0.0009900705,0.08371247824825986,0.01559765110208123
-371.47235,14.042734,154.87036,7.97587,-42.49156,4.7988014,57.261818,4.1487,-46.708954,4.818058,37.839836,7.0015397,-24.856085,5.2179885,31.747662,3.4006455,-10.871915,3.7186394,-2.122894,4.093728,-3.8628259,3.1008108,-4.595348,3.6424077,8.39793,3.3247514,1741.846735483977,302.4048133972342,1899.6418129517579,113.45305750400595,0.00045141968,0.0005706023,3964.7822900050755,0.008162525,0.0010417068,0.08326838022041763,0.013936026039950731
-383.13138,17.930637,170.84372,12.541231,-40.11587,4.6807785,54.39887,5.3481007,-28.735264,7.0117817,42.39231,8.48174,-14.005866,7.330741,21.705755,4.1476374,-10.97893,4.183996,2.5578415,4.4958572,-0.8895857,3.3207366,-4.048451,4.189425,7.0476766,3.127296,1337.2487963448377,413.32983435747406,1630.2398438680766,200.0887705993623,0.00025147645,0.00027760377,2816.8527271244197,0.009095037,0.0012074617,0.05380836716937355,0.017908145226426937
-388.88907,16.639309,171.82791,10.36676,-41.819984,5.1375713,46.783607,5.261103,-41.287792,5.8665996,41.04945,7.696399,-25.816673,5.6608953,26.510376,3.6241546,-11.187484,3.9337552,5.0605516,4.2767467,1.8222232,3.6132686,7.0971737,4.1413026,14.917342,3.5419407,1460.3852988713916,343.98952093078327,1700.750696831466,154.11010063557626,0.00031169038,0.0005006063,2868.5873717553654,0.008156507,0.0009945993,0.07757554198085846,0.01513624793625308
-374.8408,15.98595,183.32356,12.649,-50.020084,4.6355405,63.27067,5.2120304,-28.596186,6.5669417,37.02263,8.853349,-14.266216,7.3115287,15.626036,4.778467,-6.735973,4.4709888,3.495562,4.061417,2.3072882,3.316246,-5.207618,3.246051,4.9741187,3.5046933,1247.2478646404593,363.9441100062525,1493.8308760978573,210.8988724244559,0.00032817342,0.0019229938,2677.411497607309,0.009501673,0.0009500629,0.05540009607018562,0.015756378478532392
-391.42587,18.901375,170.21971,12.895461,-41.23412,6.1728916,47.192837,5.759172,-42.253227,6.4277196,41.262688,7.8024845,-31.756672,5.91872,24.00528,3.4141526,-13.437652,4.19402,3.0849218,4.387893,1.7568637,3.380508,9.157618,4.0414004,17.457184,3.5395596,1513.130593287323,410.97748010486754,1732.6154053156165,175.12064108228952,0.0005142447,0.0038928299,2968.559389047999,0.008085611,0.000953092,0.07829606837296983,0.017141605350005803
-411.06308,22.164026,178.74901,13.99229,-24.385529,7.015333,59.10643,6.064506,-18.835392,8.174094,39.250183,9.857199,-12.45312,7.149387,18.41867,4.301917,-4.221324,4.7561903,6.6657653,4.217359,1.6275312,3.4756446,-7.988785,3.4683459,5.527591,3.5509548,1051.7983048913713,427.5991546077566,1487.519470935466,253.079759233881,0.00019830759,0.0010707097,2189.217311213022,0.009482217,0.0009795091,0.03733708852958237,0.017278551221769634
-384.06592,16.010258,170.82187,10.881336,-42.255955,4.328942,59.93536,4.468459,-28.257885,6.4729548,48.08269,7.564161,-11.639389,6.666729,23.492695,3.9781175,-12.463253,3.9159398,3.614928,3.9504147,0.8289833,3.3723295,-0.64368427,3.4787104,8.639109,3.081619,1326.8444010119726,365.11539923289024,1652.9221700743178,174.85147468171704,0.00027514173,0.000553954,2873.1088448013343,0.009125901,0.000984272,0.055790947650812064,0.016542461296439968
-383.8876,17.226568,170.97374,11.636296,-41.267292,4.989108,45.910774,5.056971,-42.15315,6.556515,42.60356,7.9141645,-24.79375,6.2216997,26.03987,3.542368,-12.273111,4.436387,3.1858404,4.435609,-1.2823316,3.9072378,4.677123,4.2613373,15.000517,3.4201558,1478.0090435389516,389.7030956261223,1721.25156689804,169.55905030985872,0.00031024526,0.0004334228,2950.648360462587,0.00847152,0.0010653283,0.07423687645011601,0.016746696189150995
-379.2898,15.450997,160.7716,9.601048,-32.205383,5.027167,41.847473,4.8676815,-40.75332,5.322307,39.051144,6.9214196,-24.870216,5.379724,25.817493,3.2699788,-7.440186,4.1636624,7.823881,3.75386,-3.5173192,3.8146892,-3.2730858,3.6771827,11.818541,3.2634335,1542.6869670513522,343.3687397549483,1810.145451109897,133.65047980003564,0.00029871112,0.00041077595,3242.2708816705335,0.008929424,0.0010632831,0.07662503625290024,0.0153230449526693
-381.55054,16.126776,187.04501,13.10203,-47.77845,4.3578224,61.29291,4.378011,-24.933092,7.2295637,36.218163,8.921031,-12.639738,7.782055,12.979143,4.893551,-6.758142,4.7337337,2.614915,4.1912966,3.3352628,3.1110473,-4.59478,3.5627556,4.864856,3.2893193,1171.188579745795,371.9962118842502,1433.0688212644418,217.69989562095682,0.00020999071,0.00046099542,2466.0263875797564,0.009577008,0.00084690267,0.051168702871229696,0.01495538443451908
-390.94748,18.468811,153.00113,9.648428,-23.600077,6.2331953,51.8989,4.991306,-37.659122,5.419514,41.438103,7.7981195,-23.194647,5.61261,21.511415,3.5501728,-7.081027,4.287279,14.249178,3.638236,5.422777,3.429663,-2.1563349,3.7690647,0.18721806,3.8592432,1527.8555269272022,367.9780755786638,1887.1176006640296,140.21240839731325,0.00023728357,0.00025108492,3587.351702979988,0.009540603,0.0013437136,0.06334287993039443,0.015248294883855545
-401.3706,17.127687,168.19145,10.709182,-33.174908,5.7489104,46.294495,5.313429,-41.740013,5.7681646,42.128468,7.579782,-27.265467,5.1790347,26.520542,3.667799,-9.349581,4.3709393,5.0125175,4.17343,-4.234368,3.673463,1.046507,3.920435,16.700508,3.2834709,1456.730147069996,375.65085881642904,1764.9555684437923,151.4024408389075,0.00025805467,0.00025018663,2949.074588076421,0.008063564,0.0009582647,0.06976870649651973,0.015938907938464086
-385.34375,15.59042,171.27954,10.380152,-43.405075,5.4288917,47.049477,5.480141,-43.186905,5.9612336,43.040577,7.4829693,-29.217543,5.385436,23.956501,3.4122632,-16.076857,3.7874274,3.375017,3.9342747,1.1224312,3.2932599,6.5596385,3.7897162,15.000675,3.4156833,1511.989879727135,332.37882387021364,1738.2891094193938,144.1817417051981,0.00034751793,0.0007841407,3011.051243474478,0.008173005,0.0009294317,0.07962383084396751,0.015398223664790404
-383.1552,16.613747,164.7162,11.155238,-40.797836,5.378823,47.146507,5.4736295,-42.5293,6.105988,44.939373,7.377017,-26.002674,5.5727515,28.062263,3.377221,-9.22996,4.1413007,5.7093782,3.9916205,-3.545822,3.6487122,-0.55867314,4.0069656,15.395352,3.1601996,1569.6610801528282,385.93939786718033,1809.1916300930259,149.8350417612633,0.00037430454,0.0008689153,3308.094536234774,0.008253217,0.00090967055,0.0787209070475638,0.01890490857878933
-377.0422,16.339598,163.91492,10.161683,-43.171875,5.132782,49.09103,5.0356426,-42.331757,6.054216,41.535076,7.538515,-28.106163,5.527918,23.999422,3.5720766,-14.62687,3.7423086,2.7016516,4.006534,0.50645816,3.3647356,5.05529,3.9215105,14.764253,3.4557884,1608.301037326024,347.5663398811482,1803.3954240463236,141.50392868656178,0.00040440503,0.00067454315,3392.6285958345416,0.008079324,0.0010558119,0.08348136600928074,0.01678861410292974
-372.65146,15.035037,159.19186,9.27646,-45.514294,4.3985324,60.246746,4.2690353,-27.780584,5.734095,48.463646,7.013891,-12.566782,5.833812,26.262285,3.8070872,-9.773625,3.506947,6.8161383,3.8799853,3.3455048,3.294911,1.2437775,3.375029,10.330312,3.039248,1491.7458042753706,331.08480006327954,1776.4300222279376,139.52221768494275,0.00035267088,0.0007846207,3337.996211571926,0.009182819,0.0010863405,0.05845327001160093,0.015333069676166393
-393.32758,18.969116,148.83716,9.984303,-18.403004,6.961263,52.26112,4.8590293,-33.101967,5.4287767,40.787575,7.963105,-20.935936,5.8930078,20.702414,3.610834,-8.446264,3.9501593,10.782636,3.8701339,7.195259,3.112445,6.2606454,4.3585567,11.560762,3.8447561,1503.223117159849,388.3572200072771,1906.5739451829445,146.92425883972678,0.00022995926,0.00042836549,3573.2377125326275,0.010119242,0.0018900534,0.054126712949535964,0.015391335098942197
-378.87436,16.903055,163.8584,10.637428,-33.91636,6.5956454,43.36212,5.299107,-41.091305,6.068973,42.663094,6.7138624,-27.047813,5.681581,25.639977,3.758841,-6.1952167,4.139448,11.74318,3.554166,-2.297865,3.3852491,-8.183996,3.790067,3.1190808,3.6917243,1546.0030058014563,367.04773385985544,1819.18188171999,146.1178250551852,0.00034996727,0.0008242624,3255.2357684708527,0.00871192,0.0011032649,0.07599400920823667,0.01648224234882715
-382.1027,16.548166,185.01898,12.895189,-44.33039,3.8424954,59.705784,3.8731337,-22.260626,6.747343,33.20409,9.26966,-12.237833,7.7388487,10.977973,4.899792,-5.769281,4.709301,2.4849324,3.9327302,4.0742855,2.7836695,-4.5422807,3.4156585,4.451456,3.4989228,1162.77956117559,382.9858258283213,1422.7095626114346,221.05442868010812,0.00017427825,0.00018497938,2445.3425219330047,0.009617975,0.0008780035,0.04980355459686775,0.016293978817130433
-363.49533,15.933694,131.65974,9.382368,-36.66004,6.083488,74.52453,5.403992,-35.59689,5.1218195,54.313976,6.0642056,-23.563534,5.156401,30.628609,3.8364954,-10.330301,3.5262516,12.8094635,3.62694,0.04639373,3.526062,-4.268956,3.066793,7.571499,3.1606076,2110.8474780017686,355.46984557931506,2224.0267247834217,110.57429266277629,0.00064917223,0.00065859413,4993.504839762181,0.008460712,0.0013077795,0.09487837151972157,0.03123975208484395
-373.0877,19.72101,170.98293,16.209301,-25.585026,5.359149,45.65961,4.86665,-25.173986,7.2367396,29.965046,9.580366,-17.199356,7.110087,10.343834,4.5552974,-7.18081,4.069377,8.77033,3.9343035,4.3817587,3.6638033,-3.4022915,4.128424,3.43172,4.01732,1252.9390205681295,470.5643328831144,1558.027403296273,243.24651735031867,0.00029342575,0.0006623516,2535.37229462732,0.009474589,0.0029251147,0.05484157482598608,0.021998371771562008
-343.13507,18.792807,162.47128,10.062223,-70.75438,6.6467614,71.38911,4.0566525,-39.668484,6.3517013,40.251823,7.477698,-26.593088,7.241973,16.80322,5.128519,-10.475171,4.6968555,11.586609,3.6482375,2.9657824,3.2540734,-5.002019,3.426176,6.2873416,3.7517068,1780.5597566278486,314.0897431510688,1718.6460039739109,146.80039857357605,0.0006522799,0.0013444312,3669.4876332294084,0.008602571,0.0012174819,0.1060397331786543,0.018683075799589274
-392.04343,17.5585,170.09917,10.323673,-35.339466,6.263539,45.402798,5.6612453,-37.420353,6.1669173,44.227367,7.0520067,-24.899923,5.596144,26.363163,3.8182611,-10.130024,4.734137,3.3648667,4.367267,-5.5001802,3.737814,-1.166396,4.197647,14.117895,3.5001256,1422.9765142581189,350.4565090088094,1736.2424551853114,150.84632494633928,0.00026397165,0.00027205254,2833.015119725203,0.008437235,0.0011315485,0.0683752356438515,0.01787903446084029
-395.69498,18.496016,177.5027,13.795988,-36.972794,5.1376514,51.72392,4.760941,-23.80914,6.7826004,42.663403,8.425965,-3.9191904,8.053189,18.390266,4.4184546,-7.3802304,4.5679736,2.498842,3.8092022,2.486834,3.13581,2.53226,4.062816,8.439472,3.6065814,1164.355845672937,411.48456035970446,1494.2309786339442,221.12020160650934,0.00025874045,0.0013222008,2405.2737773709396,0.009162515,0.0010396286,0.04501137434744779,0.017189435477292122
-351.76016,26.883535,152.6234,13.284368,-65.35909,9.992652,59.734753,5.8527217,-32.223293,9.633188,42.25678,8.956553,-22.325003,7.9118853,12.995954,5.18333,-8.88728,7.133635,5.118921,4.347695,0.85409784,5.0722084,-0.49482816,5.7762637,9.970051,4.591778,1805.0533796101834,349.08568630236005,1721.428396511882,185.9362737843068,0.00061829545,0.00079705234,3726.418224786108,0.008030379,0.0026477445,0.10953927095417633,0.02214362863956387
-345.4258,11.29973,151.29211,6.9672995,-50.433834,3.8030155,72.21297,3.8102434,-42.818672,4.7980022,49.807606,6.5184464,-30.033949,4.8961225,28.161343,3.3855119,-16.092384,3.6087272,11.3125725,3.6048298,-0.99995315,3.272972,-3.7487328,3.217401,7.897157,3.2663455,1937.8213697121341,275.1376002024482,2054.13094894841,90.7071583167789,0.00075689773,0.001422763,4437.963187445621,0.008610424,0.00087590853,0.09615968496229699,0.016323711694616556
-388.77176,18.348722,167.31511,11.274473,-37.184067,5.182875,44.103256,5.5494885,-40.367443,6.342236,40.461636,7.8971972,-26.50083,5.941941,24.886723,3.2303512,-11.312508,4.322457,4.7630386,4.3111615,2.1267462,3.7531068,7.9739494,3.967581,14.712937,3.6198413,1479.8127265515304,384.9485583543487,1735.5302997310928,165.63557206067605,0.0002720189,0.00039127027,2931.5632477160675,0.008659561,0.0011064158,0.07444646352958237,0.015299353340842927
-388.66333,19.690836,153.33609,11.669937,-16.115751,7.379326,45.33988,5.2457385,-32.60179,5.8445344,34.508102,8.279141,-21.858553,5.5133595,16.179321,3.5327756,-7.8406835,4.3563695,7.657027,4.3250604,3.770403,4.3633075,2.029445,4.6405945,7.9491687,4.0203815,1444.8358366224631,426.0344114165173,1812.2007302180248,168.9341096834447,0.00024846374,0.00029063804,3196.7563850420534,0.009725783,0.0025673595,0.05826180938225058,0.021350815603047628
-367.2725,13.575942,146.16156,7.9270415,-40.519176,4.5045657,51.091793,4.5101395,-46.003925,4.8018703,34.447746,6.907477,-24.933771,5.0351934,29.64638,3.547216,-3.803941,4.244983,0.6948923,3.7031462,-4.494232,3.4616437,-3.053098,3.5305448,7.857386,3.1238124,1852.596261061622,295.27043128471485,1940.5931624740922,101.78892007175008,0.0005447391,0.00087014376,4259.677258555685,0.0077350223,0.0012796212,0.0957812953161253,0.01553296295872428
-402.37234,20.696526,192.29263,14.273669,-36.936405,4.681847,58.47493,4.4180017,-22.48371,8.29725,31.863274,10.638979,-10.830723,7.935456,13.304457,5.0784135,-2.889029,5.017537,4.9046865,4.133452,4.7325687,3.151978,-3.9311078,3.4876802,6.3632746,3.7155123,1022.8592913571218,407.5680183118696,1345.6418858350453,248.0110664917636,0.00012269571,0.00016604485,2089.2203134063225,0.009869254,0.00097308826,0.038013431699535964,0.01517889710849773
-377.23993,19.147026,183.02138,15.388904,-46.879326,4.0817437,60.86888,3.8861651,-24.784904,7.631103,35.132,10.439168,-13.502627,7.876178,12.710377,5.790382,-6.135299,4.8559203,2.6885712,4.378076,3.6996157,3.173169,-5.026212,3.7987027,5.0052304,3.5164425,1233.8118186712622,447.5917682977312,1467.7976473081758,251.7348302547756,0.0003463023,0.002345664,2609.914148600638,0.009634375,0.0009459525,0.0519504060324826,0.01620427361292409
-380.495,14.959877,160.26839,9.902626,-31.425953,5.3186646,44.6228,4.8731065,-42.21196,5.5660906,38.697628,6.9004393,-24.355505,5.0249567,25.915869,3.4682965,-6.2805595,4.0351276,9.420201,3.5166628,-5.743762,3.6454604,-8.464491,3.5553398,5.281781,3.30112,1558.7292441665884,345.398018408096,1828.673693951477,135.54410773909075,0.00039803443,0.0013682197,3372.2195158425175,0.008577227,0.0011322047,0.07875715994779582,0.015047846145426239
-395.41443,19.651829,202.31479,16.858828,-51.077568,6.9436526,41.23043,6.223277,-24.0286,9.365892,21.807106,10.810571,-16.23373,8.478524,2.7523935,6.613024,-4.7036324,5.1069508,4.1917996,4.8433733,10.000245,4.780879,-1.8564569,5.1221776,0.3016231,5.217383,1115.713268815028,400.8650069587144,1197.8031451045579,268.31474890956207,0.00014206885,0.00024494022,2029.6667678726799,0.009324686,0.0015416258,0.07128339798433875,0.016457742954505517
-394.7363,20.101744,180.75375,14.233473,-34.91155,4.6886225,49.305946,4.970917,-24.509657,7.51774,41.568848,9.368908,-2.670089,8.613261,19.175236,4.6730986,-6.9142923,4.2915683,1.5599858,4.666891,1.2665464,3.393922,-0.14648041,4.1275883,6.641487,3.7719457,1134.599667340324,427.12442406149484,1456.1168130109947,243.07226797761618,0.00017663909,0.00024018821,2262.010529201711,0.009321587,0.0009727793,0.048873441125290025,0.0171186484239095
-386.51276,17.936083,178.1647,12.925643,-47.22709,3.8462386,54.021145,4.8077335,-28.84481,6.5128117,47.665195,9.064451,-5.889666,8.104173,19.212086,4.7976036,-11.388831,4.1616845,1.6567593,4.530629,1.0657581,3.3948107,2.278411,3.974154,9.408737,3.5523748,1274.8549337622198,406.4938313084702,1525.105114265458,220.8339558604875,0.00021734356,0.00025931955,2598.897741897477,0.009080204,0.0009931157,0.06179760005800464,0.01605359236171082
-395.09314,17.898035,179.8213,13.462011,-37.40844,4.3983827,55.48298,4.4140525,-17.57821,7.5012813,30.089996,9.445512,-7.0278563,8.032498,10.042855,5.1086526,-2.802439,4.815702,3.346297,4.0225253,5.4157662,3.0544028,-2.3560765,3.7317681,6.1316624,3.7338223,1111.5382901744051,397.5463005739791,1413.2410792838955,227.90602792348798,0.00017912695,0.0005532743,2358.0606057859627,0.009730455,0.0016191178,0.040284902479698376,0.015430877446595097
-376.82846,16.11361,152.26985,9.363916,-39.098106,4.53448,50.05066,4.5517235,-39.577644,5.897406,36.128613,7.4529276,-21.90292,5.7887783,29.607916,3.5824156,-4.182147,4.186955,7.7464995,3.9731705,-2.584228,3.422139,-10.4719925,3.887744,0.22217326,3.6410682,1671.5989941429739,356.529979332331,1846.5353895773394,136.48499096345924,0.00035858655,0.00027275004,3643.8326452834976,0.008489122,0.0013805325,0.08311203958816706,0.015344178122334632
-373.66956,16.461061,184.55052,12.97455,-50.178753,4.5365453,63.84551,4.0082808,-29.278944,6.9695883,37.089287,9.098107,-17.068909,8.050466,14.400206,4.929523,-7.600497,4.9937797,4.1391068,4.0503945,4.0495753,3.2044823,-3.7352479,3.4062467,5.9319177,3.37892,1251.8940544263519,387.5888574078359,1493.2516774857422,221.29669527223953,0.00024394452,0.00047428228,2669.467694134281,0.0096152015,0.00091036514,0.05607530633700696,0.016288244959836745
-430.5019,29.103563,185.7388,15.914841,-21.492823,6.69323,47.415215,6.1390367,-10.692626,10.150542,25.967703,13.515606,-0.058301143,8.378436,19.86508,6.0028973,1.24704,5.3893886,3.4304967,5.8794274,3.0435586,4.5752053,-3.4368782,6.0540247,3.0525084,5.7727947,919.2873899855816,438.17018487479254,1276.7364823824043,271.2977162932999,0.00010028015,0.00019086036,1856.3020002537703,0.00917421,0.0023643128,0.039192783860208816,0.01895619569056535
-353.74182,13.958385,155.34541,8.656742,-77.39298,4.6899414,59.001495,3.7102358,-48.920685,5.070731,32.302822,7.4546294,-31.614845,5.871033,20.003403,4.3242364,-13.058933,4.3687305,4.998684,3.674297,-2.9090142,3.26538,-5.5215173,3.6452456,3.1235497,3.2444463,1933.6111517033598,265.4717542822589,1704.2931200208347,129.34195051013316,0.0007211707,0.0013690698,3776.054506235499,0.0075962814,0.0011658954,0.132839689675174,0.01393454540609753
-393.657,18.220438,179.07352,13.413476,-35.624268,4.2963076,54.449337,4.373514,-15.81296,7.41326,29.343979,9.597541,-6.3249173,8.022469,9.42017,5.2601123,-2.830802,4.604139,2.3927531,3.948215,5.5436745,3.0685225,-2.768654,3.5412714,5.5040593,3.3572967,1098.4019042537932,397.18561910589756,1402.841829695921,223.76974690668843,0.00015334235,0.00020664302,2320.2151269757833,0.009643315,0.0018238297,0.04296988290313225,0.018829454058825645
-386.00253,17.30473,170.50775,11.527445,-38.13873,5.0877743,42.509216,6.094989,-40.377956,6.3977475,40.17492,7.5200453,-29.351969,5.8687,23.897566,3.4338765,-12.1651,4.2333846,3.536707,3.9783645,0.14635348,3.6201448,7.301224,4.3264084,15.392408,3.5768814,1478.9605685638787,380.5699599696507,1716.6478121214757,168.44853753929027,0.00031894445,0.0006500521,2849.552220036978,0.008190487,0.0009615766,0.07664542850928074,0.01602569996961349
-362.9352,14.899097,140.70056,8.343319,-33.174896,5.928271,63.364494,5.5188546,-37.540768,4.728055,29.695477,8.723468,-23.306244,5.6306014,24.832094,3.788853,-18.379007,3.587573,4.2699113,3.9919178,12.672188,3.4998426,0.99009037,4.0248957,7.0587807,3.861893,1814.181852170442,325.7099847003348,1957.2120579814714,112.76681498706809,0.00042717345,0.0010309035,4086.1875883664443,0.009830247,0.0022800646,0.07738634715777262,0.015136365715257286
-384.36877,15.859554,155.01215,9.6993,-26.304798,5.936747,41.614777,4.8438964,-38.247074,5.1927786,34.219326,7.1521425,-21.862879,5.39749,22.177591,3.3514152,-3.6101618,4.2068887,11.525438,3.783957,1.7799797,3.6000886,-5.3288255,3.6859212,-0.012870205,3.4779174,1505.2262602487126,351.99156795566586,1788.1510524798612,146.87086295446449,0.0002723041,0.0006371319,3223.2607104662125,0.009807259,0.0021148592,0.07169577472447795,0.014541744342643291
-383.31296,16.529297,164.74539,11.074531,-41.290478,4.810536,44.2889,4.907653,-43.741135,5.78964,40.62091,7.706908,-27.1583,5.550674,23.467426,3.380351,-13.779343,3.8498013,5.707107,4.121552,3.782341,3.5298307,7.0526133,3.9578052,14.559201,3.568384,1578.328453441639,377.8813239011925,1776.683338876899,150.3440904816299,0.0003305754,0.0002723152,3239.572986151392,0.008090751,0.0010872232,0.08186018162703017,0.015950507109458653
-395.4235,17.824547,169.23672,11.875564,-42.233223,5.0085106,44.718998,6.085989,-42.061512,6.485087,44.83195,7.811038,-23.970512,6.104041,28.108793,3.3662994,-11.680544,4.2472615,5.3658757,4.3609743,0.28309152,3.599452,4.9579897,4.1283216,15.456603,3.2546487,1509.2663470098698,392.8290653540334,1743.5891551681518,163.33919511687628,0.00035796213,0.0007545368,3012.7998794591067,0.007570947,0.0009836559,0.07807062064965198,0.016487659096836665
-386.83923,15.756457,171.77615,12.116277,-37.97211,4.2256246,55.03385,4.857598,-26.188541,6.099327,44.352905,8.192856,-10.688318,6.9205766,23.044867,4.109643,-8.563255,4.231766,5.4560027,3.9333742,1.8718587,3.7286396,-1.6702617,3.53507,7.5425596,3.5486972,1267.5562730532906,383.45679352848765,1614.4397894083252,190.40366038167915,0.00022414753,0.00026502283,2699.3443889573664,0.009219563,0.0011886521,0.04871710049303944,0.01785591006486332
-385.31982,17.493006,153.90836,10.126454,-22.957397,6.2296696,46.89146,5.033464,-35.119415,5.720695,40.82063,7.230209,-23.042183,5.258473,18.564795,3.4996064,-9.186351,3.75555,13.567192,3.4880152,7.7543783,3.2507005,0.14211857,4.0891285,1.4631724,3.6593041,1513.4851065865257,377.42887196794584,1860.7091325633505,141.16791313573452,0.00028754442,0.0006624821,3436.694222647187,0.009370328,0.0014586155,0.06513513268561485,0.014211904813071097
-386.08963,16.818178,164.17949,11.137948,-38.849552,5.2159657,42.88672,5.639537,-40.363827,6.447027,41.10938,7.610341,-26.061485,6.0133314,24.792309,3.4378319,-9.628539,4.2248335,3.283835,4.1968427,-2.1288283,4.0636897,5.517332,3.9149315,19.577097,3.3828757,1543.4485257324031,375.2640770021851,1767.0276428335724,152.66380276272267,0.00032757007,0.00035446588,3129.5837827182427,0.008017963,0.0010072577,0.07891689928944315,0.017687821521085247
-385.94766,19.730549,191.93303,16.173285,-52.32798,5.243644,57.16187,5.0928445,-26.54449,8.046495,35.057335,10.334744,-17.279902,8.941856,10.891577,5.6880026,-8.603081,5.444055,4.3586793,4.207866,5.982198,3.4818602,-2.5124602,4.2017345,5.401985,4.3301096,1200.6494839532013,435.45303869509354,1384.0980289196011,262.14442804286386,0.00028737023,0.0020870662,2378.7194909186487,0.0092390515,0.0009590839,0.061398818155452436,0.017506036664816753
-375.81418,15.129144,183.97006,12.0423975,-50.843586,5.0663853,64.308655,4.308089,-28.04385,6.4605923,37.631516,8.565715,-16.142578,6.9024944,15.051107,5.047048,-7.0940332,4.3095536,4.401857,3.8923106,3.3620796,2.9964778,-5.173184,3.5070035,4.6535964,3.2785134,1248.9688077335773,346.2564737177301,1494.0594111301775,205.48221053989857,0.0002779127,0.0010741733,2679.534841302929,0.0094125755,0.0009467378,0.05555303799303944,0.015518956522014652
-387.29916,15.38862,165.77635,9.945763,-31.075783,5.2679324,45.713783,4.918475,-41.48226,5.4360776,41.842636,6.909605,-25.457096,4.769532,26.477314,3.9141564,-6.6498537,3.8847146,7.863026,3.6308024,-5.8623276,3.7647018,-6.7958055,4.055541,8.820495,3.5281322,1484.523778002304,353.4970480183969,1800.431547059045,138.93436023099844,0.00028398188,0.0002697453,3133.0061131453017,0.008509186,0.0010269233,0.07053568191705337,0.015935914729991386
-381.17154,18.570042,182.3127,15.4297695,-36.10492,4.360926,49.68731,4.8736606,-17.548227,7.833384,25.726835,10.721156,-5.855738,8.88587,9.130172,5.747206,-1.4278278,5.3811903,0.97229874,4.071509,3.5592995,2.9002872,-5.5947776,3.6054406,4.615801,3.6152031,1126.8498192564246,431.76936109190785,1376.3658467090793,263.25046519829624,0.00018823631,0.00034742337,2316.168283697071,0.009554967,0.0014828319,0.04943875978828306,0.018068334185292592
-438.03995,27.230082,194.4072,17.264952,-11.296662,7.9640446,46.006893,7.053422,-13.969825,9.188402,29.692194,11.418689,-3.998137,9.120546,12.883435,5.6052933,-3.6318603,4.4853535,7.5564046,3.8789546,3.6504104,3.8092406,-4.0250354,3.8617365,5.9614105,3.9878023,821.8214136501085,462.49685621896737,1222.3190286034812,307.75954563522686,9.382032e-05,0.00021684857,1523.8862995758411,0.009469589,0.0012296949,0.030226988471577725,0.016842703944682763
-333.16495,9.058843,139.37282,6.391126,-60.4293,4.0245075,84.9331,4.2161236,-49.26004,3.846322,48.351246,5.5761642,-28.862547,4.5926175,24.237965,3.587777,-14.190595,3.503657,8.427331,3.7702928,2.0613592,3.3909345,-5.0196333,3.0825045,9.085125,2.8028672,2244.487649601937,218.87750474249015,2042.9376384443335,70.18128769548952,0.0010615312,0.0016546131,4734.307025812065,0.008304356,0.001004009,0.136745939675174,0.017726018013428917
-375.69193,16.691917,182.30934,12.976726,-49.411842,4.3616986,64.02138,4.1141596,-27.3241,6.9650426,38.711147,9.055269,-15.540993,7.6972485,15.158855,5.58227,-6.227311,4.8975244,4.0484447,3.9940357,2.8756177,3.4323852,-5.933947,3.5345278,4.4257355,3.470023,1260.3396228628405,398.97634620065725,1506.653440849555,218.5702006038829,0.00023596811,0.0003271434,2698.4700709650524,0.009542759,0.00092902745,0.05492087804524362,0.018206534789013275
-381.75922,17.064487,173.69678,12.508264,-42.19242,4.241552,57.37589,4.9078274,-30.680395,6.565411,47.899117,8.095569,-11.688826,7.364621,23.727297,4.233408,-12.078609,4.041819,3.7412884,4.214701,1.1068705,3.346214,-0.16563974,3.8546093,9.495504,3.557068,1322.430857217209,409.64543045062896,1635.482494127586,204.81229530301712,0.00030141737,0.0009207274,2813.205572070766,0.009206372,0.0010185951,0.05815758229408353,0.018369413671405453
-383.27258,15.410217,161.712,9.624133,-31.134033,4.666963,43.363842,4.5896025,-38.613636,6.07009,39.311172,6.448346,-22.637274,5.1240816,23.858986,3.824168,-6.8144145,3.697563,7.094203,3.744339,-4.5065928,3.6139903,-7.077092,3.6579504,6.5214515,3.0551736,1485.2218100663508,343.28041939847276,1773.1539214697634,146.02278328960008,0.00029435765,0.0004395535,3119.916323774652,0.008770214,0.0013143435,0.07233586499419954,0.014616929321571367
-452.86,31.859056,190.71396,20.930819,-5.5753245,9.067639,41.970978,8.468883,-10.760515,10.568921,28.89258,12.989311,-0.5073413,10.312513,12.826275,6.323539,-0.90613014,5.517947,8.810984,4.245142,5.595896,3.537323,-2.6796887,4.420034,5.282326,4.348424,811.1351719487515,556.136418782759,1209.6098806274692,361.1432023756772,9.612289e-05,0.00027638607,1515.293002737094,0.009526081,0.0016680062,0.02728483903712297,0.021553419118830096
-369.97324,16.097984,153.36134,9.730343,-39.679756,4.6734614,57.46427,4.1778774,-44.550274,5.7772064,32.54445,8.275006,-20.5095,6.3479915,30.212156,3.5254588,-10.933949,3.9887862,14.314827,3.4517329,1.0987226,3.1601474,-18.331371,3.510471,4.5618067,3.4425056,1718.584072107563,365.20534925387386,1868.7414449374153,138.51215171637904,0.00048433157,0.0014225589,3673.6843595925175,0.00863963,0.0012392037,0.08458481366009281,0.014876978791116009
-373.13657,13.31102,147.09474,7.4672194,-26.124832,5.3799043,64.163826,4.2287827,-45.664402,4.2500744,44.233032,6.1845117,-19.954094,5.468799,20.914865,3.2591834,-21.882559,3.7590907,10.02805,3.9501028,-5.0162854,3.5855632,-5.4603524,3.7099311,13.7861395,3.558059,1818.2859539893589,298.1562742733943,2081.5147384612937,86.05837910700197,0.00044182662,0.00055613945,4348.982596342083,0.008621198,0.0012166927,0.07821789805684455,0.01717262677094854
-397.0563,31.828987,194.03264,15.07153,-72.99815,20.06772,53.90421,5.450671,-17.919273,8.683144,32.022495,10.159524,-13.695052,9.717602,13.113033,6.6583986,-3.8185663,4.992273,1.9834578,4.2497416,0.072256,3.9405227,-5.6531444,3.5584557,5.533577,4.1191216,1292.7712654805134,395.9400561438867,1283.7081728961552,220.86538733649206,0.00022437716,0.0004137359,2418.1137616009282,0.0077154306,0.0015737078,0.08363544083526682,0.03188411595925991
-370.16803,16.312654,156.03117,10.72559,-38.467236,4.825674,46.356438,4.6857967,-42.94805,5.3111963,37.61182,7.7915454,-26.678503,5.599431,29.482323,3.8643663,-6.210142,4.5230656,0.2744176,4.3115106,-3.5773432,3.543826,0.5536321,4.397291,6.8883367,3.8337886,1702.2737282010735,390.7974724252349,1880.9707336935037,138.7028398023952,0.0004812669,0.0013095427,3799.411286887326,0.008180473,0.0011550665,0.08362524470707657,0.017574031074675953
-403.3389,19.594627,179.58015,13.830055,-24.874962,4.9699,52.899258,5.5582423,-22.285528,7.6030807,34.752098,9.235328,-11.826673,7.90527,7.7708874,5.1059384,-10.905511,4.203,9.815303,3.470034,4.378102,3.331438,-5.2756143,3.7049592,5.9504194,3.9915268,1095.88212646148,417.4917959103485,1473.2823327128224,251.8246145323943,0.00016261653,0.0002789387,2210.675572795824,0.00916306,0.0010685014,0.04638332004060325,0.02474573255869175
-376.77527,18.115316,178.77367,14.383864,-42.90007,4.786106,56.83194,5.547184,-22.47426,7.900547,33.940693,9.167892,-16.59726,7.5970454,11.337141,5.638948,-4.980541,5.1415086,6.524106,3.526701,3.9044719,3.2501929,-6.2894373,3.6062837,4.5631366,3.8132005,1240.9253882371338,414.17731203550096,1489.274015177636,237.31297679499647,0.00022762611,0.00039181043,2584.409043739124,0.009705984,0.0012888276,0.05186996991009281,0.017715304484920286
-395.76016,17.542206,183.70808,12.740907,-38.88635,4.2712874,53.778526,4.6961637,-26.224382,6.5255513,43.421722,8.489407,-6.363281,7.7194476,18.398315,4.7601357,-9.939238,4.295398,0.7859605,4.021991,0.16498606,3.2901511,0.26791564,3.6983023,8.296262,3.5126665,1139.6162679099,388.97059227616995,1458.77968012348,217.98031315993074,0.00017797708,0.00022227719,2285.3922903676043,0.009225555,0.001053754,0.04987039588167053,0.016301160939155363
-390.32367,15.599788,170.54735,10.152408,-39.00233,5.127102,46.42928,5.403817,-43.576637,5.954747,41.163284,7.1087475,-30.37008,5.395813,22.470036,3.6291933,-16.025692,4.049259,2.44446,4.0974793,-0.19068225,3.8919055,7.1888604,4.014329,17.038078,3.6828887,1497.9202027567044,341.2877559871423,1748.5922526983352,147.00964434416377,0.00033368313,0.00071551907,3001.2089209324245,0.0080541745,0.0008968257,0.07573570729408352,0.014520523525688776
-374.61304,17.545721,200.0658,14.892914,-52.307926,3.9585423,54.21403,4.571278,-34.578888,7.534179,31.431084,9.669595,-21.144894,7.7475977,12.042138,5.762632,-8.920545,4.9751863,3.4127395,3.959393,5.4645243,2.9740918,-3.93634,3.6232831,6.25209,3.3503675,1168.9126950284056,399.0643452402706,1349.9426113758282,250.32796586877348,0.00019760778,0.00021806687,2258.4632962043215,0.009530436,0.000935794,0.05951140153712297,0.0168032227711287
-386.41785,34.661446,155.46222,25.709663,-37.209663,8.631592,68.86871,13.976072,-24.701824,14.566393,37.942795,11.66402,-12.353015,10.175304,12.570523,5.7337046,1.9122963,5.002248,7.8752513,5.2762322,2.0305028,5.879747,-3.1160874,4.768625,7.8915925,4.653186,1530.848892533971,587.2995403022683,1702.4145433849906,369.7134887085067,0.00034369098,0.00080133346,3413.1126173687644,0.0093316715,0.0014442963,0.06715963058294663,0.03632529869201351
-377.23477,14.9851885,182.00153,11.365978,-48.206173,3.7207415,63.08773,3.7322106,-26.226044,6.2707686,37.44954,8.283373,-13.56473,6.6566796,15.224677,4.772371,-5.881168,4.5792446,3.6030478,3.8854775,3.4911475,2.790855,-4.7178364,3.4463646,4.455454,3.059999,1231.3512888111961,349.2696796195899,1492.0771896704068,194.36621118021432,0.00020515236,0.00018994481,2644.3123164696926,0.009543397,0.0008985324,0.0530232652987239,0.014512731533306445
-394.71237,21.716246,174.58228,14.881524,-32.010483,4.752587,50.109356,5.2305055,-23.485294,7.942143,41.190002,9.67838,-4.471488,8.765061,18.735134,5.1891823,-7.5530987,4.9787865,1.7633717,4.6759105,1.5368346,3.1854386,-1.3188901,4.3913965,7.4211035,3.622884,1181.6287370690952,475.0611921887271,1511.8597715605595,253.1379813385823,0.00021163757,0.00054132484,2398.8537852559457,0.009371257,0.0012190631,0.04718088384570766,0.018404639821839368
-366.2807,14.743846,148.81769,9.104497,-41.998123,4.8165603,69.33202,4.3829055,-25.474962,5.739554,48.830822,7.014397,-21.590868,5.1690173,25.57495,3.8819678,-8.594736,4.019341,9.899607,3.3838902,2.2391791,3.284258,-4.8891172,3.4698195,5.5767384,3.203191,1667.65393943424,350.7531410670109,1926.5864172303118,136.532590635214,0.00040976968,0.0005428547,3867.633070801914,0.009173781,0.0010399547,0.0682857362964037,0.01745048054339774
-372.3499,20.088593,186.67178,15.980169,-48.91994,8.272152,51.885624,6.416726,-26.19045,7.219533,33.451996,9.202174,-17.479492,6.841991,12.239441,5.085931,-6.1701183,4.84101,8.706343,3.551585,3.784482,3.6965473,-6.868777,3.4146698,3.1141725,4.1541686,1228.0371327203954,371.48238835052337,1430.1252018390844,235.15149078232994,0.00023317787,0.00031380914,2439.3971595852668,0.009387014,0.0015466826,0.05984447505800464,0.01621473638629058
-389.23608,17.213284,168.06123,11.528563,-40.773483,4.735103,44.318962,5.3641224,-41.773487,6.168935,40.470806,7.421813,-27.9128,5.9690323,24.598536,3.7262602,-11.498419,4.242,5.078312,4.3587027,3.008687,3.5681193,8.994883,4.474859,16.009584,3.3162425,1512.9181201754652,386.98493792586214,1724.4965136676137,165.39168580935146,0.00028383255,0.000233655,2963.5133252066416,0.008285918,0.0009803148,0.07979716502320186,0.0174410965210475
-391.8524,18.547228,179.71526,13.423711,-40.470345,4.0903735,55.0386,5.130358,-26.47922,6.896262,44.33464,9.03221,-7.2534566,8.206767,18.126099,4.8388786,-9.335529,4.518939,3.3829381,4.2068396,1.4618447,3.779656,0.48795673,4.269749,8.913852,3.7572908,1198.4483468488852,420.6313106802832,1512.2818216522678,227.3827879791837,0.00020233015,0.00026137955,2469.1989128661544,0.009162286,0.00095283135,0.049274488834106726,0.017526499322472456
-384.44092,23.452616,199.34944,16.702906,-47.86418,7.3056927,50.030087,8.632248,-27.324242,8.624049,28.33157,10.481261,-11.93776,9.212428,13.463613,7.2329226,-8.456188,5.305978,2.9555693,4.333281,0.7694869,4.1228595,-5.440115,3.9182808,8.177781,4.0235524,1099.1506645518061,394.0349950004813,1297.036277060038,258.52679257956646,0.00017678863,0.000311827,2129.039252827726,0.009519161,0.0015280431,0.05436802131670534,0.014807716644061122
-391.79416,16.77176,165.33002,10.312086,-36.224392,5.701418,41.76569,5.8557353,-39.95579,5.750187,37.986794,7.4573936,-26.549612,4.998054,21.428087,3.8358557,-14.772888,3.7078195,2.3259208,4.1574903,0.32020694,3.5491896,7.5762944,4.3684273,17.435562,3.6753304,1507.2374547439235,348.00550884595737,1742.6670850790747,150.18422889221517,0.00033654505,0.0008741364,2990.5172609121228,0.00787866,0.001030389,0.07819070838167054,0.016033699025003498
-399.10236,23.50519,171.87091,13.933969,-33.501316,7.8422484,67.55451,5.7258863,-26.193531,7.944609,44.474083,8.997398,-20.24841,6.716234,22.878698,4.997257,-7.7909975,4.6668186,9.192324,3.8739147,-0.46397668,3.3593154,-11.283964,3.421626,2.157974,3.7172322,1267.055936618721,449.1755493072931,1660.5033483072789,234.27987885148133,0.00020858957,0.0002486204,2789.973693989269,0.009381718,0.00080933014,0.04712763739849188,0.01980378889260103
-383.9591,16.490698,155.9026,10.708359,-31.33814,5.92656,49.300156,5.05832,-39.523827,5.6046157,38.310234,7.7933607,-23.937664,5.4282813,20.851574,4.064195,-5.3492227,4.188088,13.544616,3.7210438,3.6444595,3.531593,-4.0930295,3.7093303,1.41158,3.6806035,1548.2760862148066,383.31178047522565,1827.3093305048642,149.7826764944198,0.0002890847,0.000537757,3467.570138032918,0.009238391,0.0014417622,0.06678237383990719,0.016581061953331325
-389.55212,17.245026,196.09657,14.429953,-46.652977,4.8722486,57.120132,4.791634,-23.675478,7.463961,31.518293,9.914367,-10.487852,8.4737625,12.018451,5.7828326,-4.3057303,5.077434,2.7417774,3.8219912,3.2916496,3.1817265,-5.2734604,3.7773297,4.9487553,3.6153872,1079.7444960885514,380.67440894506467,1329.5440628199292,248.00905829516182,0.00017801837,0.0005807367,2197.8605690799013,0.0095679695,0.0009640843,0.048352305684454755,0.014834947998592482
-379.19766,16.34071,154.14908,9.458353,-26.341764,5.613981,51.129047,5.1331625,-40.397465,5.101922,42.48055,7.255684,-24.152695,5.6756372,22.184225,3.8622417,-8.654711,3.9602726,13.955962,3.88416,6.6759863,3.952173,1.8944893,3.7801003,5.177639,3.7430987,1586.6901698459344,349.1502273666334,1925.0001057571253,135.37747092232385,0.0003237368,0.0006129777,3774.505714363399,0.009404928,0.0014160795,0.06589531068735499,0.014035773332636088
-387.401,13.263164,168.31073,8.779552,-39.73678,4.405039,48.815006,4.8080783,-42.382397,5.364438,43.312244,6.295477,-28.129194,5.051216,25.473015,3.303534,-14.627744,3.9723158,3.9527817,3.453298,1.538639,3.2644107,7.5310006,4.0128627,15.109744,3.553872,1509.4263873476182,306.68392442933373,1778.567515984344,126.5918390753594,0.0003013624,0.00037123033,3112.297266984484,0.008356746,0.00084616785,0.07491208671693736,0.01673016517759669
-382.721,15.427488,166.76608,9.831784,-38.818935,4.1997247,41.65685,5.1026535,-40.080048,5.8816195,39.896694,6.646543,-26.31672,5.330672,23.268183,3.4057958,-14.537981,3.668697,2.3195455,3.9604185,-0.2980773,3.3563895,6.7946525,4.291081,15.065039,3.2029014,1519.7294224947707,342.5484842539024,1743.0120196661242,142.12268252588208,0.00031156474,0.0002715018,2991.8662086716936,0.008156547,0.00097577885,0.08230088094547564,0.015249072691427657
-350.7004,27.623592,144.15776,10.421162,-64.18968,5.892411,80.89712,9.52843,-30.090132,6.303027,36.15028,8.522443,-25.66955,6.9401603,23.372047,5.705471,-8.958516,5.211996,6.6131716,3.6876807,0.7678732,3.5658727,-6.9402857,3.2241106,7.270655,3.5896246,1954.5803153746322,320.3626811361797,1828.4288974077526,154.8261973777019,0.0006455143,0.00042395285,3980.470052838602,0.008280914,0.0019062867,0.10755782337587007,0.024533908071209528
-379.91592,17.228273,185.75624,13.966434,-47.163403,4.355215,61.904305,4.50767,-25.6679,7.460098,35.24208,9.476137,-14.287936,8.020151,12.806214,5.4487896,-7.3802094,5.041612,2.0751586,3.9389641,2.881742,3.1281328,-5.9750905,3.7622778,3.8044884,3.4237342,1205.8641945589545,401.95115509896027,1451.6554992644753,236.6616831191359,0.0002206326,0.00042762057,2545.314539225638,0.009488333,0.00089333166,0.052405833091647334,0.014906336030433006
-358.11633,13.343437,158.73793,8.87272,-55.488026,3.6674645,62.935997,3.9183586,-35.040657,5.693966,53.214138,6.5795174,-17.377731,5.849955,27.597729,4.08695,-15.181043,3.5873175,5.6900463,3.5586329,1.4327946,3.377829,-0.8216643,3.8627172,9.617795,3.026587,1684.3337373781592,323.9179074630385,1839.9981207832586,138.756060300141,0.00045023017,0.00033261586,3710.4556762978536,0.0088316435,0.00088980974,0.08199839580916474,0.015696722494834607
-391.3631,17.398685,193.35956,14.416053,-45.492397,4.7411513,60.797184,4.75842,-22.755356,7.4213176,31.990887,9.786967,-12.380553,8.119595,10.628022,5.601771,-5.830635,5.0903516,2.209228,3.971727,3.8928897,2.9006114,-4.844856,3.5836198,4.685901,3.5463915,1088.4841629516627,377.9983152199459,1354.2248607969275,244.92242434611873,0.00020316814,0.0007485182,2254.1166867568154,0.00961945,0.0008843001,0.04701774579466357,0.015618788415745856
-377.15955,27.16858,184.56451,14.903841,-48.302326,6.6765485,52.61834,6.185738,-27.32492,10.761267,32.797966,9.905754,-13.76887,7.7958484,14.294372,6.2333035,-4.5793037,5.348479,6.109444,4.116622,5.159937,4.3577843,-1.6527222,3.981228,7.7873735,4.097069,1235.1403530650932,402.84032561406985,1441.8161648031455,243.04863397459513,0.00020645639,0.00023248665,2508.643144576566,0.009478503,0.0014071336,0.057918539733178655,0.017320928461093184
-384.6888,18.209377,159.1383,11.456287,-32.435936,4.807384,42.62584,5.064013,-39.867744,6.368733,40.581726,7.3059416,-25.140043,5.4556594,25.272686,3.5465555,-6.325972,4.313786,9.021145,3.5703259,-4.0420594,3.8900232,-5.462951,3.740986,11.089004,3.4430082,1563.0451632743627,407.8580244050414,1815.6791164990498,160.683968458228,0.0004027501,0.0018159439,3288.9344819460557,0.0087188985,0.0011957885,0.07870164769431555,0.017445038228088867
-386.5694,16.96557,167.12326,10.508071,-41.279846,4.8055673,45.19373,5.2548966,-42.77011,6.21438,42.136883,7.2327213,-29.6404,5.525587,24.287443,3.4385328,-13.496641,4.133961,5.1333256,3.9897568,2.6681848,3.457692,9.148972,4.1901984,16.59916,3.720143,1550.7180901945392,357.99219156357634,1773.872742549114,145.5092885793059,0.00038656703,0.0010368917,3137.9522549303942,0.008009405,0.0010383439,0.0795875779437355,0.012858921171354053
-377.84875,16.638382,187.85709,14.275531,-49.788837,4.4486423,61.49579,4.2195683,-27.49461,7.366949,34.637833,9.682647,-15.462479,7.734451,12.352358,5.947782,-7.7064047,4.6493545,3.6980927,4.2179847,3.864947,2.9870002,-5.223648,3.70764,4.394743,3.372549,1212.8832616537516,406.30446340717083,1440.1796301926884,239.97788597764566,0.00021972865,0.00038001215,2542.7665267908933,0.009527795,0.0009359649,0.05509987674013921,0.01698278220288789
-334.92548,10.627374,153.30235,7.325778,-92.391785,4.9410014,64.155106,4.396506,-58.449146,4.9251494,43.875343,6.1841717,-42.167976,4.8073807,26.723291,3.6357322,-20.483685,3.9657862,2.5945802,3.382457,-2.4487622,3.4138088,-7.8950615,3.129205,5.9547863,3.2301989,2165.8555140998833,234.7890046139884,1828.0679952739051,99.43986088609,0.001045119,0.001219644,4290.053563660093,0.0076505467,0.0007752541,0.14836612710266822,0.014220438843194775
-387.5676,15.581612,169.59427,10.485345,-40.534473,4.7828155,44.7384,5.6588473,-41.889164,6.058333,38.997044,7.2539964,-26.913305,5.7061744,23.652607,3.690622,-12.202815,3.7509716,4.4777584,3.8314104,2.2613783,3.5156226,8.221848,4.037371,16.166433,3.4694288,1481.6810785782595,343.3671388995721,1704.7939384930498,155.56467052715092,0.00035211595,0.0011953729,2902.7107539696926,0.0083328625,0.00086212665,0.07921032120069606,0.014169404305454106
-406.76123,21.025007,177.21806,13.021319,-29.271408,6.59354,63.518524,5.452217,-20.70686,7.7289834,42.219265,9.071727,-13.536176,6.62635,20.75924,4.476198,-6.6047177,4.296905,5.2975,3.7229226,0.76312184,3.4512162,-10.115085,3.367849,3.9854193,3.7011044,1108.8251567554958,399.9252456347463,1532.8082418671993,227.27781005763399,0.00016437762,0.00026424852,2368.5274411796695,0.009448489,0.00090875913,0.03949866770591647,0.01641416038433233
-386.7323,18.81956,163.5029,11.567963,-33.653347,5.1925526,45.553146,5.1658044,-41.76274,6.442538,41.851227,7.297665,-24.411648,5.5183573,24.635866,4.011057,-8.593569,3.9975278,6.970585,3.832388,-4.6484833,3.5675552,-6.7115264,4.0737057,6.243213,2.960487,1511.2921398111248,403.5686894250247,1785.5891368370176,168.73982729983015,0.0003628413,0.0013954378,3167.803969239414,0.008689263,0.0010921704,0.07201978502030162,0.01632245040489435
-404.22775,21.936789,175.57367,13.722175,-27.657084,8.372931,58.360226,5.9810286,-21.71483,7.0678267,39.622635,9.538128,-14.158078,6.720464,16.321901,5.294588,-7.286524,4.8037424,3.8482635,3.9675262,2.0444021,3.3125975,-9.032661,3.6909804,6.887423,3.839226,1142.6241373567675,404.69582031127413,1539.9494572183992,236.83952418418062,0.00017061416,0.00027327402,2400.902187409368,0.009292928,0.0008243703,0.040972574680974476,0.016956900802330938
-383.4466,16.011173,186.05421,12.203719,-45.644203,4.21897,61.57648,4.5174823,-23.853176,6.59588,33.44458,9.057603,-12.85226,7.365534,12.620539,4.934514,-5.3519955,4.8768396,3.5083547,3.6281562,3.857062,3.0177662,-4.841035,3.114284,5.404116,3.3025846,1158.7912748247131,353.20541209244305,1428.984617847617,214.38551787647583,0.00019794007,0.00039664487,2454.2855459686775,0.0095221065,0.0009099467,0.049094357236078884,0.013382777980581805
-338.8194,19.781677,145.80992,9.508507,-65.64873,11.809398,69.70726,5.461049,-48.6455,5.949845,42.66999,7.350864,-23.199423,6.7155056,27.28047,4.602735,-12.053683,4.25074,6.4568653,4.3717966,-1.0615094,3.5768344,-5.308512,3.1188388,11.581792,3.1660113,2074.029667569176,287.7995558515325,1921.7790735881633,122.43031126164405,0.0009713932,0.0027392597,4353.828816070911,0.008216753,0.0017475554,0.1191247643561485,0.03136031243393908
-371.7564,15.701661,163.8526,10.564649,-42.977966,4.139202,60.983902,4.540336,-29.954851,6.7619953,48.83429,7.0575047,-15.317215,6.431386,24.335346,4.0834227,-10.836396,3.8063848,7.2828355,3.7029781,2.529925,3.1492627,-1.8201051,3.4099972,8.18794,3.301407,1461.809325332501,370.34014087125274,1763.5069755842096,165.12460795873963,0.00035143705,0.00062837586,3271.697927240429,0.009066429,0.0009603408,0.059526129277842225,0.01627482797812514
-375.43787,14.747401,185.47209,11.594835,-49.083035,4.3054724,63.85894,4.2241063,-28.411318,6.6655803,35.146107,8.519083,-16.591988,6.803858,12.799216,5.132224,-8.543245,3.940024,3.5759826,3.5450513,3.343009,2.9066217,-4.9459987,3.2774758,5.7909636,3.0001752,1217.59540316031,331.0202277549965,1468.6810322759998,203.3271619974407,0.00023392019,0.00068033295,2595.550353012616,0.009688273,0.000818857,0.05477699934744779,0.013235469278527517
-388.7927,18.794233,192.38232,15.372072,-45.00834,4.4196215,58.824753,4.876853,-23.148096,8.356406,32.370808,10.426855,-12.663333,8.763491,10.31089,5.498001,-6.75872,5.1976895,1.7891483,3.9680295,4.4866767,3.104602,-3.9098392,3.5784578,4.8769975,3.6482399,1111.4486379199286,414.6557644797299,1362.9772267144451,259.69188048635954,0.00017073643,0.0002610213,2286.091744761456,0.009558824,0.0008547865,0.04871483468677494,0.01599266999212279
-350.27783,11.561028,162.46443,8.67911,-50.069508,3.9372435,71.109764,4.0595994,-37.84803,5.180957,41.355377,7.221113,-29.714697,5.377135,21.692307,3.7520933,-17.253275,3.3176215,7.5296254,3.1627457,-0.24534278,3.255832,-2.8994164,3.369401,8.726836,2.7540107,1664.3817409751937,306.0530657326157,1848.6242146663897,129.71724785369665,0.0005539507,0.0013745677,3686.724187935035,0.009078345,0.00079752,0.07885005800464037,0.014868673292289395
-377.33466,14.584695,150.63881,8.280034,-30.383066,4.3760796,48.66281,3.9952147,-42.891483,5.3805585,29.26547,7.1718783,-16.270256,5.1673074,25.638464,3.6461496,-12.134016,3.2208815,16.210594,3.6335218,-2.135264,3.5416505,-16.430096,3.1800332,7.6088185,3.1608887,1665.1582164354957,298.10300318782214,1865.0020085012084,120.34856318587599,0.00035950757,0.00073959294,3571.8138232308584,0.008881692,0.0016376217,0.08291718024941995,0.011100370930397877
-340.09653,12.245242,139.27867,7.6107297,-89.221756,6.4985404,82.759735,4.7347918,-51.37405,4.8820505,48.74767,6.095291,-32.933887,5.563864,29.91049,4.8139634,-16.285746,4.6661644,11.729818,4.4478846,-2.1153388,3.3657234,-7.0077214,3.3989723,7.836485,3.2000926,2411.6585274222,228.10271295197265,1911.7133582229023,80.21756564775617,0.0015091579,0.0024912287,4587.896232870505,0.006893886,0.0007726855,0.17721097375290024,0.020480885274649977
-385.46213,20.07279,187.40009,15.009425,-39.53315,4.659963,52.077057,5.2084756,-19.568777,8.1043825,28.166424,10.661805,-12.164255,8.535553,10.03543,5.481111,-2.07651,5.295106,3.0722113,3.8963237,4.5636125,3.2321846,-3.816758,3.260804,6.5383034,3.6749458,1106.8841864753633,402.1359919244511,1369.3190733598617,262.12451583853624,0.00017182632,0.00036555587,2265.158073974043,0.009748059,0.0009896009,0.045737565255220415,0.015221198863323506
-376.53677,14.123454,156.82222,8.618524,-29.735878,4.810557,48.657173,4.3098946,-40.30332,5.389927,38.958252,6.089053,-25.2034,5.167519,24.55583,3.4896004,-5.2069554,3.8509262,13.998348,3.5250769,0.824937,3.3670175,-8.466356,3.0975206,-1.2364267,3.0595756,1577.8898649003,310.2020116570858,1869.6295688245782,122.0900804543669,0.00034353786,0.0007619027,3576.0355301080335,0.009150559,0.0012508766,0.07400803001740139,0.011864827382091265
-354.56693,10.222914,140.24991,5.4155674,-48.512444,4.1749153,69.82532,3.4165192,-41.750195,4.4936404,59.320568,5.0152802,-26.356062,4.3583336,32.314186,3.1023812,-13.348698,3.6524725,9.468674,3.4473321,-1.9610907,3.473356,2.8044825,3.4817238,8.737137,3.355575,2124.4632922583296,220.42490906343565,2188.4533302722384,58.40512533471018,0.0007674793,0.0007690264,4889.036329937645,0.008003987,0.00083494966,0.10574970997679814,0.014846402010515947
-387.80484,16.57504,164.75119,10.862633,-37.998405,4.88444,47.42122,5.7343774,-41.12074,5.962994,44.138283,7.627091,-25.521534,5.6652384,28.350147,3.6556242,-10.587105,3.9884658,5.5749087,3.8276114,-4.4813857,3.6804311,-0.5783787,3.7410572,15.33061,3.1091523,1551.6778333610598,365.18234518323226,1816.1358797676787,148.95247992163803,0.00033529912,0.00036339357,3268.3255578415024,0.008042431,0.0010042185,0.07726059491009281,0.017234875345953023
-374.57178,15.822084,185.27788,12.61923,-49.985878,4.383473,64.57151,4.4193144,-30.111835,6.684474,37.734142,8.846963,-16.78058,7.6868377,14.43381,4.9979215,-8.301908,4.8063173,3.1687102,3.6782055,2.481119,3.0587978,-5.1060033,3.3025296,5.778855,3.1138728,1248.4683596482064,374.6890940780035,1492.937604376797,215.25866857052245,0.00023263258,0.00038455948,2666.4950129604117,0.009630346,0.0008246555,0.055108939965197216,0.014063252955921033
-393.3127,16.423656,183.26122,12.484694,-41.994606,4.3010573,54.120514,4.992842,-27.584064,6.4379854,45.16978,8.108587,-5.4947987,7.8473697,19.29872,4.5468736,-9.441333,4.065207,1.7369659,3.6336362,-0.08209977,3.3583329,0.5173242,3.5395143,8.2551775,3.111726,1164.8472462821514,373.15474076580153,1474.4189042557678,212.59405940772044,0.00019938845,0.00037920164,2349.242484320621,0.009170301,0.00095887994,0.05139301769141531,0.016448942560686332
-389.3009,17.475113,180.89735,14.013088,-43.154823,4.114368,52.084187,5.281251,-27.887794,7.0421953,42.61735,8.551783,-6.0613184,8.218461,17.761204,4.8075194,-10.384665,4.092619,1.3592733,4.7369494,1.7533164,3.5522559,2.1805308,3.7999372,8.313543,3.345611,1214.3741563692122,408.5831553232613,1481.7260600511966,223.48732425829152,0.00022189035,0.00045954227,2449.863994978973,0.0090739485,0.0010376021,0.05630075406032482,0.017180690664398916
-412.26193,22.714329,180.06,15.530377,-18.51034,6.0040455,53.39552,5.9022098,-19.194622,8.280573,32.99863,10.702857,-7.7570868,8.406661,12.59015,5.1109486,-4.083655,4.5030203,14.0712185,3.2126164,7.500135,3.2296793,-2.7161543,4.272466,4.6508102,3.1990063,1008.1192923992596,459.29306293838965,1425.3535306817553,284.80328742496135,0.00015050525,0.0003993771,2013.5043752718968,0.009630581,0.0010834527,0.03942842771171694,0.023229717190571444
-327.3356,11.920152,125.0723,8.548845,-69.671616,7.324112,61.613407,4.2375298,-44.042007,4.681554,37.583225,6.3115053,-22.034437,5.172047,20.62728,3.9109278,-12.501509,4.412386,-0.03689745,3.8544543,-4.749154,3.5403497,-4.41411,3.3509037,12.253432,3.7754807,2362.1468286493296,247.88616843837045,1919.307263168641,88.07560006310337,0.0013531732,0.0017988823,4642.703480731583,0.007220077,0.0015929372,0.1681590777262181,0.026909027564155395
-382.29944,17.284132,185.0318,13.539827,-46.074726,4.191786,61.99911,4.243871,-24.525785,7.377304,35.26507,9.43411,-12.163317,7.8327913,14.10359,5.2774105,-5.040849,5.1611624,2.653203,4.117924,2.70537,2.9552226,-5.187397,3.1551423,5.012916,3.1458347,1175.158749775148,387.321194355811,1447.1921095913676,234.99133045210948,0.00019288292,0.00026021607,2508.568203034368,0.009641063,0.0008736202,0.049847737819025524,0.016648356252744072
-389.9449,15.980565,164.65782,9.716894,-27.530878,4.888124,42.92608,4.832113,-41.019413,5.761826,35.158165,6.653303,-24.564384,4.746834,22.84233,3.4741764,-4.452639,4.042318,10.173142,3.610884,-3.5778189,3.5989242,-6.8284016,3.3707037,3.972483,3.289293,1417.0661988034547,329.6778571145845,1731.2846104592682,146.3629572933105,0.00021326127,0.00016411123,2893.2431391386312,0.009057311,0.0009992673,0.06748024216937355,0.013123282694516882
-375.96143,13.940349,159.55899,8.881567,-41.08244,4.608038,53.929764,4.4657435,-39.979477,5.64152,34.537228,7.176214,-20.059479,4.686302,32.49019,3.2435875,-8.099824,3.819199,2.402859,3.9217215,-0.43407533,3.3645103,-8.716144,3.4904304,3.633971,3.3868115,1573.8844956607838,306.7805130337766,1780.9473056005454,127.71494900770551,0.00036620084,0.00064364396,3316.2631643343966,0.008543015,0.00095036504,0.07751436521171694,0.01436601893241224
-373.99146,14.567223,186.9516,11.540223,-50.247997,3.7117867,64.69702,3.8600261,-30.622082,6.136274,35.682716,8.019588,-17.929497,6.878632,14.234462,4.573771,-7.9461713,4.6073127,4.021696,3.9343512,2.8053372,3.1942286,-5.5308986,2.883598,5.388722,3.295119,1227.8163656140257,337.54253685809175,1474.10738154878,195.08199321712004,0.0002170462,0.00023405744,2613.161615429234,0.009622543,0.00087163545,0.055421621229698376,0.0138793565765435
-350.36664,30.911726,164.46129,12.816838,-63.16874,12.436955,58.831516,5.470856,-35.308826,9.058144,32.165276,8.503125,-25.597353,11.226215,17.116898,6.4250855,-9.141784,5.642357,9.165769,3.6767197,-0.8869176,3.4027975,-6.4507265,3.904311,7.2778263,4.31349,1655.4776247989525,370.2930696457345,1664.601138135535,196.82516557027145,0.00057287986,0.0011830652,3381.6371696454466,0.008533612,0.0023420535,0.09206310723607888,0.024153244338675064
-384.5628,15.881538,187.17912,12.63599,-46.22593,4.112047,63.827724,4.005356,-23.66512,7.3340206,34.67554,8.44699,-13.898918,7.418258,12.011749,4.83648,-6.8045797,4.3086877,2.6482253,3.6993072,2.9800994,3.0034845,-6.1834965,3.2500796,3.7064598,3.2816901,1153.7640450096346,362.85889033666876,1425.3752155317081,215.05932146581077,0.00019440195,0.0004124807,2448.6899108178654,0.009631905,0.0008292325,0.04891875725058004,0.014150780341674123
-389.57925,17.474201,198.57498,13.949625,-46.920197,3.9648454,57.714363,4.3358865,-24.50629,7.422934,28.597803,9.60628,-13.875861,8.086964,9.5943165,5.421066,-5.464605,4.723285,2.1341736,4.065835,3.8770988,3.1477244,-4.921535,3.1488762,4.4770703,3.1261601,1073.794783251643,362.4390859224141,1308.3976999144325,236.92479809765246,0.00015027492,0.00018976138,2173.9791976326856,0.009464571,0.0007929476,0.04880886564675174,0.014994240321515818
-390.23477,18.370022,167.51033,11.988739,-36.08469,5.608681,42.791916,6.0122514,-42.44088,6.8938594,41.079628,7.523411,-27.237928,5.8552327,25.565329,3.6390758,-9.486779,4.401267,6.7155623,4.0120645,2.1513684,3.550426,5.580231,4.157495,15.962115,3.3570328,1473.8119723322627,398.23378918819134,1737.9289476822191,170.80339702092897,0.00026556198,0.00081610406,2911.42895337877,0.00943821,0.00089120556,0.07075546512470998,0.014208540116306819
-383.958,17.05423,161.49852,9.725122,-33.50164,5.2684574,42.223934,5.571954,-41.223988,6.130005,40.538864,6.9776344,-25.013191,5.504453,26.13677,3.7088296,-7.6413217,4.007417,7.3211503,3.2426007,-3.8170996,3.473438,-4.7904453,3.9484837,10.7170925,3.302851,1551.4125419520515,339.804287443856,1810.7723493277654,141.78821933907557,0.00032118722,0.00052395836,3270.973492332512,0.008507451,0.0012255164,0.07921032120069606,0.013014368408693945
-387.16016,16.142992,176.31732,12.413612,-39.4189,4.114467,56.76723,4.119819,-18.645498,7.145524,32.76561,8.671387,-7.723826,7.017063,12.379492,4.8879104,-2.5225976,4.6567307,3.8756855,3.7168882,4.7454405,2.9503558,-3.534032,3.1786437,4.9339023,3.2552178,1160.8824003220216,370.26671573985834,1463.3777208770782,209.16274909697682,0.00018784819,0.0003724332,2499.050627175174,0.009698226,0.0011387547,0.04233885585846868,0.01503628345070011
-377.35208,17.96007,188.2416,13.883915,-44.34268,4.1887116,53.684086,4.757831,-25.565138,7.6865273,28.4085,10.335628,-15.540264,7.3375983,14.045543,5.352107,-5.1332884,4.7202597,-0.16820695,3.8199244,-1.4186788,3.1725988,-6.11656,3.3930864,9.06267,3.6661859,1172.537700586342,381.80635530042946,1403.1593598944357,246.06261290484477,0.00018280536,0.00020285645,2398.928726798144,0.009662344,0.0011185053,0.05242509244489559,0.014282045323696008
-382.03604,17.022715,183.94138,13.884393,-38.65839,4.0167994,53.001007,4.2947054,-18.852415,7.231619,26.828316,9.520297,-9.511177,7.936554,7.9870367,5.093923,-3.0003796,4.7741942,1.048681,3.7898812,5.084104,3.007071,-3.1502311,3.1618133,5.180109,3.1290312,1117.587996909352,374.09293934342907,1379.3290983059146,237.98878331862701,0.00021470795,0.00084291433,2319.240886927204,0.009490376,0.0011357333,0.04888250435034803,0.014104606415024383
-379.80533,15.410603,186.72432,12.215663,-46.993557,3.8219676,62.15407,4.0925026,-24.95506,7.0264373,33.900948,8.670496,-13.74904,7.051769,12.839906,4.9198194,-6.3907914,4.178454,2.4623327,3.7846577,2.4764404,2.9118257,-6.227491,3.179138,4.653242,3.231464,1175.988771195884,346.03222987640476,1432.9210845443129,205.79870443074722,0.00020752163,0.00038442775,2485.686052149797,0.009549652,0.00082605705,0.05139188478828306,0.014295108733507745
-383.08163,16.2443,172.82915,11.413702,-45.599426,4.5077214,56.949986,4.806593,-32.523502,6.252535,49.67904,7.735592,-11.74742,6.952297,23.28598,3.7987478,-13.492464,4.1486807,3.8871753,3.3513248,0.79245865,3.146997,0.5108301,3.6816852,9.558809,3.1731884,1365.5608228020744,366.11798975815645,1648.9210779874163,183.36552808501597,0.0002755403,0.00035749687,2898.7138717191124,0.0088373665,0.00084884773,0.06322505800464037,0.015877467926919103
-341.2999,19.789177,161.91345,9.010777,-80.37447,8.248617,51.27934,5.305426,-42.631145,6.2541275,35.689137,6.4958305,-39.805195,5.623909,17.102365,4.712552,-11.924515,4.2570987,7.496817,3.41451,-2.4760134,3.0025272,-5.435132,3.7085497,1.5497224,3.6311517,1837.8253029676796,276.4224784770734,1676.9434916233838,146.60525339826978,0.0007212212,0.0012834248,3517.656068735499,0.007943273,0.0016593313,0.11860589472157773,0.013833553336150183
-374.3006,14.521469,184.40056,11.048082,-49.63489,3.928695,63.98085,3.7626512,-28.41289,6.161226,36.804466,8.256775,-14.988288,6.6816354,13.75918,4.6112027,-8.00326,4.242697,2.9056444,3.559924,2.311159,2.775354,-5.201376,3.1914346,5.5512853,3.1569083,1231.8824460720227,328.3786544160566,1481.3681272259903,192.41762483803254,0.00021786396,0.00024529768,2647.934491009281,0.009606175,0.0007581011,0.054530026464617166,0.013300751848006494
-388.8808,18.75871,192.1958,14.988848,-44.349026,5.072541,58.43381,4.9331656,-21.419659,8.4159975,32.028244,10.118349,-11.771537,8.289279,10.44658,5.3514805,-5.8434315,4.969303,1.3355956,3.9650977,3.4505596,2.946148,-4.717176,3.271731,4.193083,3.1798487,1097.7065879464267,390.8539355920354,1356.1569480092985,254.5905022531623,0.00017064098,0.00028995733,2261.8856266313805,0.009638051,0.000888799,0.047145763848607886,0.013403999029705483
-398.39062,16.066319,152.24191,9.0766735,-20.726955,6.4198694,53.78851,4.4393954,-35.50525,5.108892,41.468826,6.4419994,-23.584162,4.8071914,18.734999,3.3340843,-11.670396,3.531142,9.980451,3.6126146,8.649831,3.5337553,8.714885,3.6192372,11.215506,3.2549045,1471.7753771761202,331.8304123699383,1880.3295761137645,123.0347471547524,0.00019533331,0.00024065841,3496.322709723028,0.010018838,0.0013352057,0.05299720852668213,0.011430059296650785
-387.84753,16.501213,166.89287,10.721681,-41.087822,4.829219,45.957176,5.429741,-44.800064,5.779245,41.927544,7.229563,-27.549213,5.275728,25.63555,3.378819,-11.739861,3.9573288,5.9392543,3.869405,1.0471886,3.5964515,5.914315,4.236482,16.796206,3.5430715,1538.687012178439,358.3374331175719,1763.9451939393502,150.27585968871568,0.0002904783,0.0002440925,3139.1013585774363,0.0083960425,0.00088620314,0.07785650195765662,0.01623721248339199
-396.3976,18.213156,160.99432,10.888603,-30.40482,5.8403563,43.454712,5.71368,-39.873787,6.0411053,37.85913,8.118096,-25.902279,4.9709435,22.643894,3.7254994,-5.8350053,4.354293,9.119478,3.4625564,-3.010527,4.0870404,-3.8174148,4.1913457,10.194356,3.5054963,1505.5825201722043,372.6497577300322,1781.9002476614628,160.49560903919155,0.0002796127,0.00025343226,3130.1833150558296,0.008155039,0.0014730473,0.07400916292053364,0.0161819432318669
-391.36423,16.279922,178.93864,12.404562,-39.621284,4.1191607,52.294395,5.045274,-24.94769,6.3645363,42.73462,8.006858,-4.390609,7.402324,17.024147,4.440072,-9.174419,3.8045135,1.2607605,4.149585,1.8078151,3.4858394,3.3289158,3.7582624,9.573753,3.2108142,1175.3743133284252,359.6794125414896,1486.1017315684903,204.3560153939651,0.00021537865,0.0005218337,2398.1043698339618,0.009148042,0.0009960929,0.05020007069315545,0.015024168466311466
-413.4497,23.80856,211.30507,17.285913,-31.462166,5.1848445,43.863358,6.5901375,-27.724533,8.903425,23.061897,11.141895,-6.8215156,8.791777,13.560461,5.5934873,1.7309216,5.121922,6.035297,4.030353,7.0970435,3.2124183,-4.000343,3.7184775,2.7033844,3.5646741,889.0523986675021,376.0521144435925,1144.9047789327558,283.515924357917,0.00011615561,0.00037379764,1604.048769214037,0.009559131,0.0014790313,0.04213719910092807,0.014194043924113078
-382.98804,16.829496,162.41423,9.627876,-31.919758,5.4053116,46.519096,4.7746105,-41.677067,5.849357,41.881172,6.97615,-24.18664,5.324068,25.168678,3.5117123,-7.4852457,4.001456,8.2846365,3.6692996,-4.615085,3.643271,-8.202787,3.9619706,6.084991,3.275905,1526.1197991983513,347.64751339261164,1813.4645384074643,143.28229456310225,0.00030829394,0.0003344283,3298.7018629459108,0.008615512,0.0010539718,0.07554311376160093,0.015842985170708184
-392.10782,19.418274,194.62056,15.700957,-46.525803,5.1341553,59.01828,5.3809457,-20.97128,8.481759,32.33463,10.842121,-10.837764,8.882162,10.726295,5.7670484,-5.61007,5.197323,0.8681312,3.9512112,2.6131713,2.96201,-6.5333195,3.2630522,2.109582,3.418902,1087.6934149277827,404.9455909216497,1337.2531894266428,265.2607301478221,0.00020287561,0.00083956885,2243.89965650377,0.009512372,0.00083309464,0.04684327871229698,0.0144131352429673
-373.19104,14.891694,180.12373,10.9991455,-47.60846,4.5661807,61.773327,4.3851256,-25.390121,6.534108,35.509953,8.058706,-13.972367,7.089298,13.824695,4.6259046,-5.2641263,4.3454747,2.7773805,3.792179,2.5985558,3.1540644,-5.508544,3.3339362,4.196082,3.0887837,1246.9473581424434,318.71174191943095,1498.9841649761581,194.84616072722207,0.0002863391,0.0011373227,2685.305340052204,0.0094745755,0.0009038002,0.05419128842807425,0.01405770492348883
-374.8761,16.234438,183.83504,12.615505,-48.06511,4.2972965,64.139885,4.110062,-28.84556,6.856708,34.693203,9.344214,-16.965939,7.5086203,12.27686,5.05684,-8.180941,4.435408,4.4836016,3.8212237,4.248447,2.9929307,-4.4986715,3.09091,6.1242943,3.1804595,1237.2419997690247,370.67201188107964,1484.3092710582175,217.3759872347167,0.00023331087,0.00045920146,2651.0570552675463,0.0097428,0.0007818655,0.055171249637471,0.015686656318741644
-393.4219,20.04066,187.19522,15.53815,-37.18482,4.3601213,52.761284,5.027202,-17.72796,8.19468,29.162457,10.608466,-7.6854663,9.040346,10.319957,5.565469,-1.6744947,4.905211,2.4727657,4.1907663,5.1428175,3.3473284,-3.757856,3.535211,4.9721103,3.425103,1060.6757688127102,418.6343614461579,1351.1410940826029,263.2965936540261,0.00016304657,0.00038421716,2185.6201171875,0.009759421,0.0011110682,0.04161719656322506,0.016078704306018425
-402.68744,18.993198,182.20567,13.123531,-27.659754,5.0330367,52.819534,5.731652,-21.089695,7.3699875,34.28257,8.891469,-12.250137,7.5562024,8.955366,5.009897,-10.163879,3.7070422,9.372177,3.1768277,4.147861,3.224761,-2.387335,3.6592505,5.6014166,3.5757897,1069.9847094359206,375.36131673381306,1444.2591948874685,239.29855865761903,0.00016746599,0.00043221939,2141.354646262326,0.009206417,0.0009887379,0.044702091792343385,0.02054808108502092
-383.9659,17.627966,193.97713,14.498583,-50.50995,4.6786695,60.161488,4.3075294,-26.51429,7.6178637,34.080906,10.04751,-13.539051,8.444432,11.452299,5.522379,-7.811664,4.671804,1.9638108,3.811252,4.136193,3.1499958,-4.316016,3.40909,4.8366175,3.3667018,1149.325946070143,388.73709535384904,1376.7638904792564,245.0549964228282,0.00020583376,0.0004584891,2371.799888522332,0.009345613,0.0008637742,0.05232086535672854,0.015486131421952426
-420.2567,24.403276,182.15831,15.36797,-19.041832,6.7056236,59.209976,6.6406612,-19.508005,8.406459,37.95817,10.5474205,-15.36907,7.4945617,14.29592,5.1984315,-7.4101586,4.338449,6.9159794,3.8089573,1.5785128,3.4382985,-9.060913,3.2198846,6.961395,3.7848513,1010.7336624756405,449.1851524912387,1452.6542864768737,276.74247492898667,0.0001358078,0.00022664794,2023.4716003842807,0.0093292305,0.0011580999,0.037550074318445474,0.02044067123822946
-362.30588,23.928467,168.29753,12.21581,-70.399086,14.576662,60.858032,8.01155,-32.67528,7.7004557,53.163708,9.322645,-24.04208,6.0522933,15.290894,5.163777,-12.263942,4.1890974,8.93286,4.0309186,3.0061252,3.353196,-6.806049,3.3714068,5.302074,2.9475095,1640.5403366315934,351.49353677514614,1653.707111421757,174.58073832058187,0.00053390465,0.0008417587,3317.162462840777,0.007841724,0.0011151627,0.09548447469547564,0.02735924792480041
-382.95337,15.116062,160.7646,8.863328,-32.170074,4.485214,41.96199,4.8635073,-39.750248,5.30127,40.289555,6.33312,-24.819798,5.0647326,25.535412,3.6093576,-7.2684503,3.725557,8.310399,2.8894928,-3.6799212,3.6134663,-4.131229,3.3300433,11.304828,3.1476693,1540.7415517292911,313.5831511582386,1818.767591001474,129.82744414650256,0.00028301575,0.00022668362,3268.100733214907,0.008636899,0.0011216617,0.07722320910672854,0.014468367776394292
-388.96396,18.773064,183.56201,14.002937,-39.798546,4.453365,57.40319,4.5853286,-20.234524,7.75708,31.794777,9.887145,-10.758205,7.960352,9.697626,5.747794,-4.406775,4.6298313,3.2105267,3.9846034,5.164247,3.194727,-3.2301924,3.5427794,5.0955424,3.490535,1123.0202361227098,394.11532959026266,1413.4675613450647,244.7942974060168,0.00017354204,0.00026504433,2365.9294677167923,0.009686592,0.0012553895,0.04491394467807425,0.014997828738567996
-382.10403,14.477867,170.40027,9.792711,-41.446888,4.354234,46.28561,5.4048734,-41.73489,5.3259006,44.47842,6.8326135,-26.25944,5.3947,26.716042,3.1748233,-14.314326,3.8449857,2.5946796,3.798222,-2.028292,3.6767566,3.98717,3.8114405,14.717769,3.295495,1512.7546550430502,319.5312326423525,1762.4582461601856,140.54124060814183,0.00033533407,0.00037636136,3052.0442670569896,0.008125235,0.0008946822,0.07968274180684455,0.015184943784662036
-384.2622,15.720499,159.30067,9.087495,-30.480894,4.9259677,41.494198,4.824144,-39.730587,6.090878,36.395576,6.355806,-25.241875,4.61702,23.517866,3.5315335,-5.0523996,3.738961,10.64757,3.4647994,-2.946812,3.5544171,-6.8078814,3.6718566,6.377198,3.145566,1526.9194719041973,316.10620814057205,1801.5277413597453,130.03053150163854,0.0003062831,0.0005911608,3235.825909041473,0.008745224,0.0014146386,0.07570511890951276,0.012586131426350832
-386.58148,16.952337,169.10791,11.000982,-39.959244,5.0505567,45.263786,5.354624,-42.538517,6.3287725,39.578743,7.1079893,-29.626455,6.010473,23.809025,3.0310447,-13.671307,3.971383,3.7147293,4.139459,1.3247637,3.9465628,7.0381246,4.18579,16.168943,3.473334,1505.574091561558,361.4750129828958,1737.0889573876862,154.4728805682103,0.00029761813,0.00032764126,2980.8248214544665,0.008433144,0.0010484478,0.07683688913863108,0.014629043255820406
-389.96042,21.337234,178.31511,13.601808,-43.373535,7.0838685,49.926716,6.141343,-24.472021,8.1055565,40.8187,9.097661,-6.503036,8.591318,16.044727,5.682723,-8.0649185,4.7108684,2.3438551,4.139671,-0.47410062,4.2746973,-0.9195494,4.731409,7.976834,3.7352526,1231.404747047726,400.60916125705756,1478.5398973939398,223.29110404799079,0.00019598367,0.00019379084,2458.8319995287125,0.008853018,0.0012865938,0.05647068953016241,0.01801063638712786
-375.8218,14.388454,184.12894,11.628472,-47.615868,4.091214,63.901096,3.9068766,-27.954737,6.211542,36.20085,8.374691,-16.229311,6.71112,13.144803,4.882443,-7.931578,4.457399,3.313348,3.6513498,3.3230405,2.9675875,-4.917155,3.3772361,4.2218533,3.3722181,1213.4661386638343,338.1142816166126,1479.4230293617914,193.98477029160176,0.00021490679,0.00033902912,2594.800937590632,0.009831012,0.0007710572,0.052370713094547564,0.013298417501132812
-408.0285,21.370237,179.06665,12.852541,-27.80888,7.706622,62.104446,6.2483077,-22.429028,7.272465,41.422943,9.334661,-14.360941,7.299451,15.547254,4.914752,-8.100608,4.995739,4.5906544,3.9520004,1.2125605,3.4088786,-9.235671,3.6489124,6.30226,3.4952803,1095.6389594638908,386.5570960178436,1511.3939023079968,224.9875001898126,0.00016421842,0.00030930428,2297.7826253444027,0.009377005,0.0008940465,0.04038799666473318,0.014992387620332129
-357.50262,13.694549,131.4885,7.0667114,-40.321663,6.0705967,69.58539,4.566198,-49.61707,4.6338873,42.46499,6.106504,-32.03555,4.7084823,23.126083,3.6963732,-0.3574897,4.169789,8.178071,3.6069372,7.120053,3.7065918,3.461768,4.2272606,4.6255674,3.5250041,2208.2948415666788,264.1890390659533,2122.250619474395,71.08077577889449,0.0007054272,0.0012349358,4885.13936974333,0.008403307,0.0013928384,0.11044899216937355,0.02074028880702459
-378.19794,15.923679,155.8829,10.558497,-31.961536,5.2688622,42.419777,4.7028947,-38.632755,5.8522143,35.514126,6.9696894,-23.024199,5.1401997,24.793423,3.741537,-4.7806892,3.875454,7.7625904,3.770667,-4.3980737,3.9133348,-9.842978,3.5077374,3.4056501,3.0701537,1585.2547151226465,357.4789552282462,1817.7960363765774,142.54737316699178,0.00044421828,0.0020823374,3395.2015887833527,0.008518439,0.0015177809,0.07989572759570766,0.014769813466415692
-380.39398,16.7416,186.39885,12.147684,-52.545074,5.547426,57.98537,5.488611,-29.338207,6.630395,36.01533,8.4118,-14.415662,7.342732,13.971856,5.234331,-6.2704144,4.359232,4.8942842,4.4212956,4.7620554,3.5675387,-4.680344,3.9451702,2.2501757,4.2396226,1236.3008986242157,339.6302007174691,1440.8212419533454,200.62509472300283,0.00023503807,0.0005612732,2534.722801261601,0.009082264,0.0010600752,0.0620139845562645,0.015591649811460741
-390.69962,18.466185,178.83751,12.6837435,-38.497116,3.8994389,53.95722,4.8150992,-26.499325,6.758354,41.95491,8.93158,-5.952315,8.042863,17.829515,4.7521214,-7.9379783,4.340649,3.20306,4.2775545,1.3601673,3.722006,1.2646561,4.198593,8.260226,3.4197438,1189.241373205372,394.1474584701493,1509.3913226954671,221.73995797279113,0.00019827981,0.00024580653,2475.668866009281,0.009113448,0.0011187822,0.04857548760150812,0.015021797509372431
-334.28806,12.334427,150.82765,8.328311,-80.23154,4.51367,59.340107,4.904241,-62.743584,5.4909835,41.29172,6.3610754,-37.378628,5.076254,26.992691,3.7230418,-16.072227,3.9068742,7.3089595,3.581128,-4.620094,3.3398414,-8.628414,3.434439,9.364374,3.4939518,2159.605532548812,254.0555009555421,1897.8233232946814,106.36120747660362,0.0010678642,0.0016965022,4412.607965668503,0.00781696,0.00082677184,0.1384770156612529,0.016473271326954402
-371.6097,22.365664,164.5037,13.188095,-37.607895,10.085579,69.67626,4.896806,-31.088932,7.213651,38.426617,9.087843,-19.258615,7.3473935,16.826557,5.171294,-7.806304,4.89937,7.843477,4.4482317,2.138279,3.7755785,-5.107246,3.8636706,8.822988,3.7415707,1424.1607691470767,390.74681605535744,1723.7206708210924,206.5767816457702,0.00031814704,0.00060234853,3286.561333109774,0.009623505,0.001416182,0.059357326711136894,0.022392464831431168
-387.9022,16.653456,168.46777,11.319743,-34.812855,4.6512337,51.70717,4.809938,-23.234543,6.325406,42.99865,7.672116,-7.252513,6.550208,20.41077,4.3169646,-9.211681,4.213338,2.9613318,3.780612,1.4117063,3.474394,-0.9691259,4.135417,8.284804,3.5016313,1262.2381489512022,343.27510342252265,1606.9777356274633,188.43042613985813,0.00025885037,0.00071555225,2688.203079683875,0.009074245,0.0018820525,0.050246519721577725,0.01571890983073195
-434.97418,28.336397,163.41183,18.801666,-20.548077,7.3243713,50.846333,7.496292,-14.572316,10.015091,42.033978,11.213649,-0.6949685,9.643373,17.688066,6.1620164,-3.5036337,5.7016478,2.6161067,4.849383,1.8698668,3.9249668,-1.7210015,4.6212425,4.492611,3.6749763,1116.1279295732613,514.7544859078635,1537.4164974031244,336.3397934875235,0.00014778243,0.00039461578,2401.551680775087,0.009111806,0.0018104533,0.03150037159222738,0.017321373125573258
-379.68674,15.06165,186.11253,12.462817,-46.722122,4.027571,60.902454,3.9388173,-23.7711,6.4003086,34.24928,8.638464,-13.318829,7.2786117,12.280164,4.7048507,-6.357467,4.8471985,2.5712705,3.6638684,2.566118,3.1466186,-5.602876,3.3045313,4.2472897,3.1167688,1174.82615550332,352.52687759383775,1431.2079105670764,209.39636814300505,0.00019973297,0.00029632036,2475.0443531576275,0.009521904,0.0008633348,0.05170343314965197,0.014072213144448849
-383.37573,15.3885145,187.39497,12.801378,-47.313305,4.113615,59.73854,4.119549,-23.624706,6.8688154,35.297123,8.640753,-11.449781,7.0708575,12.3477125,4.9905457,-6.169556,4.3734603,2.6268637,4.1447268,4.448177,3.193079,-3.6890717,3.2553976,4.3898425,3.322375,1149.12314375704,357.5717489346361,1413.8886803288613,213.79897309620722,0.00018077511,0.0002831646,2407.522023636891,0.009683709,0.0007938688,0.048117794736078884,0.013599844380110514
-364.74704,19.717663,196.43628,15.476455,-74.16286,9.39411,43.523445,8.731314,-29.389492,10.603471,40.279354,9.951234,-20.106268,9.436849,17.661531,5.7574553,-7.1671553,5.12152,4.495144,3.9147377,-6.7788515,4.073125,-8.082651,4.553978,7.547819,3.1208835,1342.9370937205556,369.80466416845263,1336.0697928671195,255.34496706983148,0.00026593747,0.00029989754,2419.287845762036,0.00906208,0.0010134954,0.08360032083816706,0.017804636567955237
-374.8131,17.45075,182.39499,14.361424,-49.826958,4.6416917,65.39168,4.386548,-28.26278,7.1625648,38.670765,8.833501,-15.658497,7.5033526,15.650221,4.9337807,-6.9524736,4.827536,4.8350954,4.0831137,3.260792,2.967044,-5.8506107,3.5837061,4.5078025,3.1459863,1268.0601492362512,411.0667710162077,1514.2472010010356,228.73700624789612,0.0004004056,0.002401596,2734.2421671077436,0.009569609,0.0008407371,0.055249419953596286,0.015907742182108952
-383.80814,15.581364,188.38704,12.823714,-46.676243,4.629806,62.559147,4.8966584,-25.137083,6.66494,33.731106,8.835784,-14.939331,7.1153827,11.216461,4.723034,-7.5538273,4.589565,2.3863711,4.1823936,3.8816736,3.0059564,-3.4680777,3.2579541,6.0878444,3.0938783,1149.4878923059175,352.83409296269235,1415.6297358093402,212.58789871300064,0.00021711693,0.0007226741,2413.742171639356,0.009645568,0.0008229735,0.049701593314965195,0.01222480006032631
-392.961,16.611544,171.661,11.503448,-32.93367,4.6033435,54.015724,5.395997,-23.17098,6.552162,41.978848,7.849992,-7.9972086,6.6717887,21.313913,3.8839588,-8.622638,4.102218,2.5070963,4.133861,0.24975005,3.2757413,-2.2445974,3.7558548,6.4105363,3.1172795,1203.2591126247,361.6934218831588,1575.8159485490708,190.81821013089746,0.00021143688,0.00043004745,2557.3551470055104,0.009236077,0.0012780499,0.04418322215777262,0.015320317460393052
-408.08817,22.107018,169.97339,14.175665,-31.20972,5.217985,52.368458,5.805616,-20.868847,7.9127364,43.0959,8.970166,-5.9211674,7.651175,21.829351,4.13378,-5.1709986,4.352679,6.1981306,4.3603315,3.0224304,3.8878849,-1.8078916,3.8720503,5.998681,3.4203591,1172.8202671941049,450.13498345154295,1559.9067112663658,230.67589147979848,0.00023004848,0.0010824923,2464.4775957076567,0.009479113,0.0012105056,0.035539171258700694,0.015072040403778766
-395.09146,18.024265,192.80235,14.185796,-39.812073,4.5685673,57.61386,4.78935,-17.482067,7.574371,29.010454,9.833437,-9.485232,7.5618725,9.9521055,4.9639864,-2.9119802,4.723783,2.7872317,3.8736799,4.5495024,2.7628503,-4.1760235,3.533444,4.4728985,3.546668,1021.7570296706145,359.2417589480929,1314.2837159259716,239.40953501491782,0.00016017635,0.00047703405,2113.9010613036544,0.009757743,0.0009197117,0.043016331931554526,0.012967897428086801
-379.95627,14.056866,153.37393,7.9943705,-26.382908,5.2181153,53.27477,4.6745276,-42.311543,4.649989,40.1483,6.050885,-23.407742,5.5272074,21.324009,3.3642175,-11.219173,3.7061949,14.367873,3.3915799,5.6535473,3.7788334,1.8926166,4.0641093,6.3510175,3.4745543,1609.3923015811422,300.05105312265204,1933.429275717207,109.74404199426952,0.00031416916,0.00029637717,3820.14511356221,0.0090425555,0.0012465144,0.06903911687935035,0.013147621851647926
-377.8547,15.681934,156.47142,9.632041,-21.752905,5.803587,46.046856,4.7781725,-38.70889,4.9455733,35.878475,7.524293,-25.72537,4.8218255,19.565996,3.4861817,-8.4408865,3.8402603,13.26798,3.5942287,5.866823,3.7789335,-0.29038563,3.7611701,2.198972,3.5205722,1522.3948311695274,345.6693777875871,1864.6719106178077,133.12686231168075,0.00030206665,0.0005383316,3440.5911828415024,0.009420532,0.0013026356,0.06818490791763342,0.01404546337488838
-378.27203,16.470812,185.82994,13.243174,-47.853657,4.2123704,63.219692,4.1376543,-26.169722,7.166267,34.90018,9.233536,-14.964342,7.4981985,13.336035,5.215476,-6.544226,4.5854626,2.9402275,4.3581123,2.6610093,3.1316056,-5.963413,3.41999,4.698397,3.3232644,1205.5868598566724,376.84962167800455,1456.3894019929492,222.72774832388166,0.00021545873,0.000301901,2563.22556781105,0.009545231,0.0008402368,0.05201044989849188,0.01411916825317128
-395.0479,15.690138,167.84106,9.883972,-39.13846,5.1183724,46.18624,5.051909,-42.891823,6.0509815,42.540524,6.633477,-25.733522,5.336129,26.89201,3.5392401,-11.315754,3.9663253,5.534342,4.0081334,1.3729061,3.4447715,5.7712564,3.6618671,16.308151,3.3068404,1494.8611843680494,331.93070139443756,1759.4275472235488,137.4326071021366,0.00030392205,0.00061447994,3051.2698711209396,0.008010268,0.0009062229,0.07310397331786543,0.012975308276515026
-417.95575,24.121681,186.90161,16.084625,-22.545914,6.363983,57.912323,6.607971,-19.334501,8.655581,35.894733,11.10179,-11.404313,8.155534,13.677481,5.763353,-6.0223103,4.7921853,6.8958864,4.026526,-0.16635554,3.5378535,-6.2246184,3.800187,6.8952,3.716218,985.1350073306705,453.08092431212526,1391.9068829130133,295.33014586021204,0.00015956482,0.00068877154,1975.4340718351218,0.009358932,0.0011434357,0.03860707294083527,0.018372243534636287
-388.25186,18.607367,191.95746,15.221301,-44.820442,4.763791,58.89224,4.77776,-22.80768,8.2036495,31.54894,10.427745,-12.184541,8.149296,10.863174,5.770165,-5.214245,5.1196985,1.5021975,3.972975,2.603301,2.9394932,-5.9427814,3.4859047,2.9587736,3.5290422,1108.3457729400034,402.70387138717473,1363.356946097287,257.2762801637862,0.00019387637,0.0006141248,2288.6397571962007,0.0096257245,0.00090623647,0.04807701022331787,0.015350139039402268
-370.30826,14.049431,182.44914,11.515096,-48.181213,4.1540956,60.59703,4.4769087,-26.621513,6.45759,35.298687,8.373446,-13.834622,6.6045375,12.692041,4.638415,-6.7706766,4.173656,4.100344,3.680128,3.549129,2.961704,-5.351419,3.3015685,4.061084,3.2867916,1237.7864576649856,328.76628906882377,1479.8178354719348,193.36815099965625,0.00028441002,0.0011419695,2627.9001187282483,0.009587997,0.00085257937,0.05714703270011601,0.013224574842752386
-377.4332,14.250265,184.18094,11.209169,-50.278934,3.7585368,65.02013,3.7145343,-28.253363,6.2154856,38.247635,8.005513,-14.652114,6.9148116,15.953102,4.5628266,-6.600822,4.521491,3.2277133,3.5345004,2.1334658,3.2179546,-5.362468,3.3124754,4.9968166,3.0905929,1232.2949319931195,333.19204386701097,1490.3011495287408,188.6406171614754,0.00021628923,0.00024304785,2658.2264628045245,0.009508423,0.00088080845,0.0529337659512761,0.013018395402911522
-391.62436,17.67995,173.71474,11.588316,-40.11542,5.170981,46.96433,6.221467,-40.73075,6.47804,44.56938,7.33436,-26.971745,6.080273,24.753935,3.339383,-14.73616,4.044761,2.0594404,4.3802996,0.50934654,3.9674618,5.043612,4.390231,14.215027,3.500919,1447.28742221962,375.89065046701984,1709.6358003227965,169.9725730006258,0.00029159297,0.00030295996,2834.414028512906,0.008054303,0.00087452785,0.07285360172563805,0.016513194656654732
-390.04462,15.66291,150.54128,9.358912,-22.728107,5.9320226,46.914722,5.202088,-35.753532,4.789154,41.367805,7.190467,-20.912577,4.8316007,19.697147,3.3751292,-7.5195484,4.251717,14.357957,3.5028782,7.418252,3.48866,-1.0238295,3.9023297,-0.29368886,3.8391006,1533.7898113552455,329.6855516452305,1884.1343819992574,136.98159324774392,0.00027886743,0.00077174936,3579.8825292742167,0.009452566,0.0013803937,0.06489155851218098,0.012546895387139849
-381.23828,15.283775,162.33542,8.508909,-31.497717,4.7632995,44.542526,4.793414,-40.721478,5.533228,40.71517,6.135594,-26.479681,4.9752874,23.67183,3.679609,-6.7967916,3.7497094,9.859327,3.2393322,-5.806095,3.9280834,-5.015043,3.6004114,11.112692,3.322822,1519.457623402444,298.4206475722863,1817.1957419282317,125.93879206423432,0.0002782913,0.00023968029,3271.697927240429,0.008913439,0.0011982205,0.07384715777262181,0.011735316089455546
-347.19946,12.058514,145.95605,7.4812818,-77.08428,4.161292,83.06823,4.318392,-30.236282,7.1389575,37.27548,7.2159295,-36.201008,5.204221,37.620564,3.5610933,-22.190804,3.6294396,7.2461534,3.4371264,-0.1866587,3.3122241,0.34799173,3.4359124,3.5323799,3.2799537,2142.828448281296,247.85521968193132,1888.288757543828,92.29140347258708,0.00095301395,0.001292637,3964.182757667488,0.0076291864,0.0007458698,0.14696019431554525,0.016349083091705425
-385.90604,18.759789,159.30586,11.203768,-26.510439,5.8537235,43.389244,4.9833136,-40.955338,5.7578435,36.44458,7.2126675,-26.093666,5.306105,22.738132,3.5199795,-6.3126235,4.306387,10.023056,3.5911927,-1.4274058,3.8795903,-6.8924026,3.653631,4.713113,3.1990445,1535.4280061805766,382.5151601673506,1822.7932815281172,150.5311857479343,0.00046130488,0.0026523739,3292.0070851761893,0.008668029,0.0012593627,0.07425726870649652,0.014656918938244357
-353.9515,47.48014,145.51468,7.072054,-78.829895,15.9819,78.76834,5.585757,-51.857346,6.2202244,43.00208,6.129325,-31.781414,7.6009827,26.0478,5.180598,-15.1710615,5.7465596,7.964365,4.287366,1.0338954,4.23841,-4.9252872,3.2208636,10.175383,3.497967,2219.3081889541,257.76989205814215,1888.1144706943976,111.96806372017505,0.0011693012,0.00092595926,4407.486960284948,0.0067326943,0.002279352,0.15297477704466358,0.027099664639521834
-349.2465,12.021834,165.03088,8.711488,-53.047855,4.106534,71.067825,3.7815957,-42.70766,4.988404,40.84833,6.6627,-22.171614,6.118027,17.57711,4.4128995,-9.42614,4.465533,5.97945,3.620749,-3.8693864,3.4933999,-10.23104,3.1586604,8.799744,2.9150844,1630.803190801471,268.8315098384338,1771.9758653005254,137.9687352698642,0.0004515173,0.00063066353,3694.543088837732,0.009187664,0.00079574593,0.08087908751450117,0.014990088010961399
-382.45877,14.72205,168.66049,9.2136755,-37.108418,4.4089513,43.87869,5.415668,-39.52863,5.313796,41.327927,6.7402697,-26.45075,4.8609896,26.430916,3.4149284,-8.117447,4.1484337,5.911364,3.499667,-3.388955,4.06513,1.0046129,3.421046,16.352097,3.3735714,1453.6864447158107,315.71782529598397,1736.371826411245,141.15389486235782,0.00025648047,0.00025205582,2886.2735757141822,0.009021244,0.0009000561,0.07244122498549883,0.011575488633122619
-420.38123,24.277819,180.86325,15.353493,-18.143639,6.1698656,55.859447,5.9538093,-16.992752,9.008227,34.10488,10.65699,-10.323459,8.240623,9.584211,5.1968265,-6.330822,4.5830126,13.854903,3.4447567,7.0067816,3.494599,-2.3390772,3.359732,8.54388,3.7349422,984.3225601541927,455.59692902362724,1415.775026081781,278.4327312008054,0.00012787688,0.000221659,1982.4036352595708,0.009398482,0.001187869,0.037724541400812064,0.01925149969531873
-473.4981,75.182816,137.66475,20.67642,-45.469765,20.036978,58.325523,13.915465,-29.517895,16.110748,46.733486,11.571418,-15.51147,14.802281,22.64026,7.0558314,-11.047109,6.7352877,7.0593824,5.5745964,2.9749799,5.5314107,0.6846305,3.7835374,9.062453,3.7333972,1933.0827559717745,744.3168204191463,1900.1478533977415,218.89506081974196,0.0012458444,0.0014670831,4035.302281213747,0.0031978434,0.0030619167,0.10807556010730858,0.07691899369450153
-436.00015,26.559914,180.51399,17.043625,-14.217513,6.520841,38.963684,7.7773376,-7.88133,9.272349,30.354357,10.981232,0.6009119,8.441671,9.868006,6.7000833,0.5533479,5.106968,10.853479,4.332395,7.646832,4.248517,-5.2131925,4.107235,0.7188096,4.9570794,917.4971116839519,431.161613170204,1299.1802263646778,292.4837682194262,0.00010712297,0.0002525825,1788.454924050174,0.009064572,0.0028151842,0.03415023201856149,0.016387503762084234
-335.79163,21.297562,152.75569,7.457142,-80.82227,7.037856,67.221504,5.4472065,-57.6497,5.185596,37.577824,5.876669,-38.04934,5.6328273,21.489378,3.6924877,-17.185719,4.1132393,3.3608837,3.4413257,-7.5110636,3.317956,-12.306711,3.3736079,5.4464874,3.1958919,2089.262197272778,236.19942305525169,1833.3093781152215,90.53620783006981,0.000959803,0.00096911105,4181.638132613109,0.00774466,0.0012676765,0.1364253280887471,0.018065401300669044
-383.77423,17.628819,185.05228,13.178556,-46.283447,4.0591063,61.1787,4.0247846,-23.895174,7.731262,34.964813,9.006289,-11.66232,7.8953357,13.847319,5.5274215,-4.6765575,4.8251405,2.9327621,4.142767,3.4543626,3.037518,-5.236291,3.366413,4.120335,3.0555763,1173.6534015485906,380.80702612425335,1440.801761775863,231.2457207640759,0.00019194394,0.00029051787,2498.201289696926,0.009663286,0.0009270948,0.04828433149651972,0.014678681777714525
-391.09818,15.261895,153.8212,8.722446,-24.068977,5.281881,50.98584,4.640226,-35.990574,5.1188507,39.60836,6.738166,-21.5862,4.986227,21.400032,3.4866128,-6.4348726,3.8212845,14.777432,3.1934876,4.421727,3.2057846,-3.9547355,3.6113656,0.13047022,3.3870776,1494.6647563203494,319.1681088298053,1863.7567365515783,129.45483614159537,0.00026375364,0.0004139996,3476.7130061811195,0.0090841325,0.0012153032,0.05964621700986079,0.013213551951889604
-373.56604,15.004173,147.49382,9.489632,-36.894512,6.3458834,73.56043,7.681557,-46.509018,5.401265,37.621197,7.6873446,-14.128211,6.483782,18.866407,5.333851,-19.944157,3.7496994,17.317265,3.7656856,0.31463814,3.7772822,-3.4255686,3.7113824,15.799057,3.5181563,1808.9065884217882,319.57545696593866,1950.916151755538,104.62864100025047,0.0004719421,0.0009868983,3965.7315495395883,0.0086318,0.0010884089,0.08458481366009281,0.02315861296578782
-394.00217,18.390434,180.8282,13.292744,-37.97736,4.495229,52.200333,5.458465,-26.444994,6.897898,42.63049,9.109738,-5.7223525,7.6847153,18.037994,4.50187,-9.765799,4.090674,1.6028626,4.185648,1.8846384,3.6588771,2.0252278,4.0122986,10.210378,3.2266824,1163.3837709252768,391.04350133516016,1477.6722624248257,225.347297605438,0.00020021788,0.00044002302,2335.4782210701856,0.009268739,0.0010594476,0.05261655307424594,0.014610490944063626
-388.94336,17.260986,173.00601,11.404933,-36.427845,5.3379183,42.7921,5.919497,-39.05706,7.021659,41.66713,7.630947,-26.084158,5.214182,24.585539,3.6817904,-14.878516,3.808243,2.9966488,3.9381788,-0.054357648,3.681655,4.941538,4.137206,14.387605,3.3462818,1428.4541905457256,371.2204447530386,1704.0930346514454,164.16612474001704,0.00030731264,0.000588375,2731.9939208417923,0.008207637,0.0008486859,0.07222257468097448,0.015619275129007034
-389.48636,15.568085,162.06137,8.7405615,-31.274542,4.9188495,43.73954,5.088711,-40.472195,5.809824,37.722275,6.729594,-26.65393,4.4277086,25.520609,3.4422355,-6.3115697,3.9905782,8.953373,3.5188518,-3.589799,3.534637,-3.4081814,3.6009412,11.988931,3.277731,1514.1259740594826,303.0589253766278,1808.69739876358,123.5274763641253,0.00030798398,0.00038431815,3206.0990973027842,0.0080767125,0.001057064,0.07468324028422274,0.012869456162382198
-366.50266,13.979676,147.90363,7.498314,-43.098717,4.4548306,57.64202,3.740851,-43.201637,4.7446375,33.594723,7.433594,-25.565607,4.7430983,33.9907,3.4933686,-5.9088974,4.4034185,-0.8977634,3.9100556,-0.60045075,3.3795888,-4.591351,3.7472284,1.7645919,3.5561864,1824.149882060963,286.3577294188294,1918.2729405605012,108.34803949855738,0.0004946805,0.0005513906,4142.81841375435,0.008172168,0.0011218084,0.09156123114849188,0.012447036524776812
-385.94928,18.527195,190.81837,14.767023,-46.27044,4.761316,58.245678,5.1258683,-22.474705,7.796768,31.79905,10.018994,-11.942487,8.679363,11.21002,5.673245,-4.0138125,4.9521646,3.1486359,3.9308264,3.2848022,3.2496188,-5.289163,3.6386552,4.5210967,3.3402817,1127.2861806980293,391.3242514675148,1374.3201630454641,248.4613938402376,0.00020983552,0.0006772696,2324.236989740429,0.009529038,0.0009661717,0.04867518307714617,0.014543508220850102
-373.67676,13.647666,153.71222,8.329123,-38.899544,4.5714045,49.66831,4.207245,-42.592575,4.9982157,34.923573,6.458865,-25.887604,4.776555,28.09353,3.4409502,-3.7355063,4.3373528,-0.9079203,3.9298487,-6.024902,3.8840199,-0.7326458,3.7802024,6.899052,3.2974455,1698.5178210605682,296.764565216434,1864.0021956340718,110.02355589476726,0.00043094365,0.0005662725,3859.8641309273494,0.007890307,0.001062118,0.08615275159512761,0.014336286776018453
-354.6991,33.154842,139.74487,9.758852,-85.27427,7.630123,51.817875,4.7645144,-42.894505,8.796904,41.64977,5.8771143,-23.620922,9.421017,17.026787,4.3408623,-19.249926,5.0093846,1.5347021,4.445409,6.0874386,4.715912,5.7980146,4.993723,15.317647,4.4855127,2061.0900811481424,229.3755697393887,1720.5687013319418,112.47291070454165,0.00072709675,0.0007389663,3942.000061176769,0.007596752,0.002037873,0.13159123042343387,0.013327541496541286
-380.1109,15.685385,149.02057,8.1395855,-25.358963,7.1516933,62.32379,4.2982855,-38.884808,4.8849154,49.056206,6.6951776,-21.730097,5.470798,27.55072,3.7512403,-12.268029,4.119009,8.228935,3.7654757,-2.27756,3.9688485,-6.672819,4.1932435,2.3116121,3.6156666,1711.7255507876748,327.68884803647836,2064.1873512537077,99.7948133935465,0.0003755185,0.00035612786,4310.762409820911,0.008659097,0.0013316547,0.06519177784222738,0.017554564963619772
-407.4521,20.934858,179.58754,13.955566,-30.47619,4.9389353,59.839817,4.8698545,-19.277729,8.096739,37.204884,10.118305,-10.440365,7.935263,19.089748,4.556159,-3.2290282,4.301562,10.324708,3.7325237,5.194319,3.5994964,-4.045793,3.6735673,3.8827777,3.4543657,1071.5650637901542,429.809085083651,1470.0518655754397,249.80606908186985,0.00015439032,0.00026441252,2265.2829765443735,0.009562146,0.0010247016,0.04009797346287703,0.017570975654581565
-381.91537,15.743857,185.49028,11.847979,-46.282646,4.0316806,61.06377,4.174833,-23.490093,6.8406234,33.817448,8.500739,-12.148539,7.366547,11.935348,4.8454213,-5.5091157,4.2430615,3.7431295,3.8510113,4.5692387,3.1198218,-4.280814,3.3489335,4.7915664,3.1217523,1159.6401941374502,340.8940425124814,1427.8419166941221,208.41602257184292,0.00019264637,0.00032855442,2458.582194388051,0.00962354,0.00092587713,0.05080164225638051,0.014015504497565025
-389.77863,18.767893,196.65508,15.186612,-46.58214,4.5600686,58.35797,4.8513074,-24.647268,7.9097753,31.422144,11.06625,-11.897405,8.524217,12.640534,5.2610397,-4.630892,5.002683,2.981361,3.79982,3.368684,3.1832168,-5.8139195,3.5504804,4.414612,3.4833872,1085.9968366093508,389.35702550389533,1332.8957917816833,255.90788948932288,0.0001646813,0.0002673164,2216.3711300029004,0.009629537,0.0008449132,0.04747883736948956,0.014854979768479762
-390.84113,16.8199,170.37898,11.47407,-43.02096,5.26514,45.15082,5.576251,-42.277714,6.4860272,40.89928,7.5078025,-30.094631,5.827602,25.420382,3.5505161,-12.201043,4.164342,4.085211,4.1760645,2.3691666,3.7409914,9.024447,4.0018334,16.905704,3.5662196,1513.380292321705,372.35117608639,1726.6783499757985,155.30519866304547,0.0003473038,0.0005649344,2948.2002700841067,0.0077188257,0.0009086871,0.08076579720127611,0.014938388015796568
-389.53815,18.919771,198.31073,14.098263,-49.750355,5.3206286,55.982708,5.0580764,-22.691914,7.8076854,31.256922,9.388649,-11.150089,7.9172997,10.619486,5.7808876,-5.2506022,4.54403,1.8519927,3.7930913,3.7762456,2.8164427,-5.111787,3.1872506,2.826726,3.375085,1077.4788151908892,346.6757052227899,1302.8097376683183,229.3493018445315,0.00017279905,0.00040041615,2167.883952200551,0.0094657615,0.0009919142,0.04894481402262181,0.013941882101801905
-394.64624,16.220608,170.30643,10.046576,-38.09151,5.3456683,41.329014,5.533281,-43.174503,5.8633676,36.410316,6.954862,-29.058176,5.3656855,23.940035,3.211497,-13.138998,4.01182,4.331533,3.6408966,3.4809701,3.7410026,8.864355,4.036067,14.709406,3.378276,1455.5442648653266,327.0301053382079,1693.2112916379108,143.26103487851051,0.0002511773,0.0003524072,2797.917497462297,0.008407474,0.000821204,0.07528821055684455,0.011920705753220398
-390.00623,18.734854,194.3009,14.830704,-46.195114,4.723359,59.654217,4.8002453,-23.862633,8.255125,33.091106,10.373057,-13.671162,8.255198,10.537216,5.5358353,-7.31168,4.680388,1.0149876,3.9958677,3.2826455,3.0477808,-4.7069044,3.5116758,4.7713294,3.4192357,1104.2439737071486,392.81154741476934,1355.5789743610344,252.8681182292056,0.00017572749,0.00037735456,2262.6850030814967,0.009585942,0.00080288114,0.047634045098607886,0.014748329913928947
-351.39624,34.9938,153.28241,12.967656,-74.49071,14.134798,62.98428,11.763318,-50.127506,5.4123945,37.20366,6.7860665,-32.66853,9.908203,25.98805,4.013124,-10.445431,5.4685206,4.542752,4.245567,0.8962608,3.562467,-4.2304316,3.716028,6.6117587,3.287906,1995.9509389661484,377.5104218673016,1795.1955037408,134.36373267048214,0.000788426,0.0006744437,4015.4677530452436,0.007453261,0.0021974915,0.1275977468822506,0.035355014668978425
-399.44373,19.032042,183.10492,14.070282,-39.26731,4.462828,52.3752,5.7440624,-27.232658,7.0303655,42.00222,8.860732,-4.6661825,7.6551523,20.039501,4.771096,-6.8965435,4.153567,4.374117,3.9880836,2.285834,3.2200017,1.2592329,3.9985728,7.3584404,2.910303,1132.0116738804925,383.6660409305172,1459.6190761368493,219.53569539472696,0.0001721039,0.00021739266,2289.7888608432427,0.009176333,0.0012457095,0.04505895627900232,0.01691038887461802
-379.75516,15.856875,152.72684,8.911084,-31.228737,4.9089904,53.1616,4.2709975,-43.99691,5.2830615,32.1679,7.6192803,-18.24096,6.2807612,24.981878,3.2808137,-14.0673895,3.4449363,15.5873785,3.4228609,-3.0214262,3.566301,-16.015627,3.1407342,9.055335,3.1088498,1658.4627729943866,332.58583035544336,1870.6581325305683,127.87688022280342,0.0003219085,0.00029166305,3593.3220458417923,0.008948121,0.001559061,0.08282768090197216,0.01436577645983476
-377.207,15.717938,161.45564,9.89676,-34.168926,5.144295,46.250225,5.1373434,-44.06522,5.4692492,37.599697,7.1538634,-28.194723,5.004013,23.19624,3.3362901,-6.299253,4.4699564,10.884667,3.5350113,-2.2894492,3.7834377,-6.5133877,3.5338528,7.4731617,3.5174024,1567.9596838757532,347.4988884291516,1818.4341158623565,138.60231761735375,0.00031085606,0.0003102587,3402.670762489124,0.008876156,0.0010550995,0.07745658715197216,0.01628204700440636
-388.67422,16.225405,165.50938,9.637889,-31.595175,5.651833,43.70354,4.7561116,-38.385868,6.2703776,40.106365,6.560113,-23.572287,5.1349897,25.117563,3.805789,-8.119928,3.7381651,5.3352027,3.5042284,-6.6452193,3.5706744,-8.718133,3.7495306,5.8532515,3.5690215,1455.4119483315374,328.84594114178657,1756.8732123889322,141.70566013196222,0.0003031917,0.0004707935,2989.917728574536,0.008328819,0.0013400211,0.07172976181844548,0.014562688345002295
-349.6601,19.235817,123.0328,11.78067,-74.95372,5.4724927,69.54204,7.685906,-48.015038,6.642717,51.244102,5.7852497,-30.978819,4.7865796,27.780245,4.4511395,-17.06737,4.403155,12.947748,4.385261,5.1589746,3.9043167,-4.2076187,4.0472884,8.163649,3.857882,2492.867244420285,255.10458710752536,2031.3554158828651,92.91277502275697,0.0010124727,0.0016815242,4994.554021352958,0.0067481943,0.0016732042,0.18656988652842227,0.021482612487912875
-382.10895,20.090689,183.05775,11.973072,-38.336227,5.498914,54.318092,4.4805903,-22.838242,7.8510423,31.781996,8.392177,-13.587765,7.063967,12.326863,5.2119584,-4.337621,4.6104684,5.2568293,3.7675266,2.807762,3.3502762,-1.7736446,3.4914799,6.509703,3.2953184,1141.8251090864928,326.9385782645214,1439.1859763042164,210.25901368395645,0.0001750991,0.0001844023,2366.0793508011893,0.009747952,0.0015238374,0.04732702834976798,0.014023719021431652
-364.6451,12.501811,159.33638,8.371437,-49.765427,3.777628,62.020657,4.378307,-30.039734,5.3462253,49.810272,6.623485,-15.096446,4.858191,25.668709,3.5300996,-13.029182,3.4521925,5.5180874,3.4935646,2.1962602,3.0889895,-0.02416755,3.4930136,9.953818,3.1230648,1570.7755525812859,286.2242622116967,1798.7710563423525,133.4580485483959,0.0003975934,0.0005562138,3487.179841574826,0.008874379,0.0010165547,0.07044844837587007,0.012376014370528623
-374.39044,27.03002,183.6578,13.693144,-46.68198,10.26113,58.547733,5.6640487,-24.41839,7.9245048,32.024025,9.7441225,-13.739679,8.297688,10.644397,6.0875854,-5.838032,5.178036,3.9166574,4.2621527,2.9578538,3.4539337,-3.8684173,3.7753675,6.995686,3.6498325,1220.3763477673165,381.01126592201166,1444.2826481635075,233.59393715322392,0.0002245901,0.0003118314,2526.579153676044,0.009456216,0.0015065391,0.05699635658352668,0.01946854566998152
-381.3384,15.818061,184.77112,12.908297,-46.825535,4.6598935,61.497147,3.955812,-24.621748,6.85613,34.732365,8.576048,-12.483033,7.1687975,13.691418,5.007326,-5.526862,4.379396,3.0001705,3.7660334,3.107426,2.9858236,-5.3333907,3.5860543,4.7619567,3.2902203,1186.1611785560563,355.8492789458708,1448.3517154852157,217.87528595825958,0.00026950013,0.0012848501,2529.3020297092517,0.009577214,0.00084971363,0.050512751957656615,0.014654075959303967
-381.16257,14.849869,175.17487,11.011125,-45.79973,3.9022315,51.71339,4.305038,-27.795938,6.319428,44.392597,7.4624896,-5.979166,7.0865808,17.44892,4.255698,-10.463867,3.9088624,1.1160384,3.7096965,0.90051144,3.2671251,2.6733596,3.9871776,9.756235,3.40138,1282.7339928335161,341.2151205408895,1536.9615752109437,182.15200885315627,0.00026684074,0.0006446845,2642.1390117459396,0.008915991,0.0009258743,0.05928028929814385,0.015113585176457634
-383.32556,18.884935,197.02664,15.899979,-47.67534,5.244455,54.05714,5.1650376,-25.749685,8.2773905,29.008411,10.505882,-11.430158,9.169804,10.722613,5.5249085,-5.19772,5.228487,1.695672,3.9897072,2.8240635,3.167208,-5.741777,3.7037978,4.9564714,3.455082,1110.1623295618365,400.9448765494134,1320.1015203807601,261.23143860610116,0.00019085153,0.00046143844,2216.920701312355,0.0095867505,0.0008494599,0.05167624347447796,0.016290600040476694
-379.53204,24.311106,184.43344,17.933393,-42.210964,7.350498,59.46048,7.7351027,-26.733047,8.342343,32.373463,10.786489,-19.527548,7.7138963,10.489312,5.6489224,-6.2709527,5.675319,7.3816457,4.0807567,2.8941998,3.6152353,-6.033966,3.5607119,6.519081,4.3693304,1209.783726899576,413.8906246000322,1464.0002590887755,266.10626063497693,0.00021787998,0.00026360646,2502.9475873694896,0.009558848,0.0019766747,0.0558589218387471,0.017842144122069067
-375.80286,14.908666,181.90607,11.10196,-48.44165,3.6543608,63.559174,3.646697,-26.16901,6.2012954,36.226467,8.243824,-14.879839,6.6825657,14.465608,4.738656,-5.949117,4.2932525,2.8508687,3.8003333,2.185386,2.8647134,-5.3932,3.231151,4.426344,3.2328782,1239.1281378349947,333.3650430994496,1492.9595516526138,190.04941904516022,0.00021687787,0.00024676192,2663.5972733287413,0.009514359,0.0008502552,0.053410718169953596,0.01325066440308238
-395.25906,16.545948,175.7715,11.907175,-40.81202,3.9474325,53.08102,4.915566,-23.931711,6.589987,43.77044,7.781486,-4.423044,7.188646,18.016867,4.453455,-7.1712093,3.756646,4.4693003,4.140255,2.6818213,3.6694841,1.5318383,3.6485143,8.68467,3.329154,1193.6696348470302,359.9152924299454,1517.5234693879054,198.87627613374923,0.00018444145,0.00026867256,2498.226270210992,0.009162146,0.0010502298,0.043730060904872387,0.013060820463821277
-394.55176,18.488964,179.71512,13.580305,-39.883003,4.1765532,54.51632,5.2847705,-26.406113,7.0314984,44.25449,8.620418,-5.6359854,8.071539,18.594053,5.0044446,-9.474564,4.0598073,2.6224225,4.3912916,2.0807366,3.6192417,2.517798,4.112179,9.534554,3.2714827,1181.872227640673,414.0855643635366,1499.9703239626351,223.21800555631145,0.00019987082,0.00033169246,2431.478336626305,0.009183747,0.0010820677,0.04883152370939675,0.017858314910902447
-390.58328,17.407185,196.51773,13.808297,-47.484547,4.6397257,58.231968,4.79826,-22.275776,7.619609,32.011562,9.218883,-11.290563,7.9514813,10.4152565,5.5316944,-5.7158747,4.459224,2.3228447,4.050252,3.8965743,3.2104607,-4.6160507,3.5394597,3.1553855,3.3826025,1069.4000621748037,357.40495212035114,1320.084595248651,231.11026375957474,0.00016927709,0.00037190533,2174.9284571671983,0.009548967,0.00084745797,0.04807587732018562,0.013600539331295783
-382.95386,14.902567,166.75311,9.444453,-38.708855,4.8355026,46.100925,5.2160854,-42.046337,5.682306,42.186657,6.4882355,-27.36155,5.0062003,25.319738,3.2165208,-13.210855,3.6619582,4.8832455,3.7490945,0.8269591,3.5372195,6.9227138,4.2353334,15.85809,3.4073834,1540.893686572254,309.70799685236267,1789.3698488093175,131.63109956937743,0.00037980467,0.0010078133,3173.8742341574825,0.008158255,0.00094253744,0.0826067647911833,0.01438034185443499
-383.81436,15.882885,186.6415,12.535248,-44.72093,5.023054,60.485306,4.363702,-23.799435,7.378586,34.050537,8.314585,-12.744292,7.089207,11.689111,4.987459,-6.0740027,4.3069324,2.1495697,3.9800887,3.248693,2.9660408,-3.8972905,3.3916798,5.0351734,3.2112286,1147.123372228368,345.3307689076012,1422.206625720973,214.82872042051224,0.00022694825,0.0009204984,2411.2191397186775,0.009611195,0.0008173373,0.04779491734338747,0.013843928311858093
-379.09293,16.234459,162.80478,10.0531645,-27.963308,5.530653,45.13661,5.263791,-43.315018,5.306727,38.694427,6.8369336,-26.43342,4.960095,25.56381,3.2889607,-5.44363,4.2348075,11.4571495,3.2594516,-1.583005,3.3539062,-5.20245,4.03413,5.2176533,3.5340135,1518.320238448938,349.39007979613524,1831.3643716542051,138.8036176198026,0.00029106296,0.0002679474,3296.028947940835,0.00900558,0.0011174722,0.07247407917633411,0.01458780455997721
-375.4749,14.716715,181.57709,11.413597,-48.09182,4.0204625,64.01255,3.894042,-26.057486,6.1328464,36.651096,8.174542,-14.322923,6.763441,14.752773,4.56641,-5.9994254,4.4778094,3.3718772,3.9666815,2.4881516,3.016868,-5.721718,3.05787,4.282517,3.0961673,1233.2060178952686,327.9631865423483,1496.7246038977628,193.6994091876687,0.0002283341,0.00038059833,2673.6144594692573,0.009562774,0.00085113343,0.053488888486078884,0.013582139176218158
-414.4726,21.365332,181.99747,14.567675,-22.135168,5.7749414,58.195526,5.859902,-17.909834,8.176401,37.135242,9.699582,-12.301165,7.367375,8.86865,4.980916,-6.2995033,4.5348334,12.831881,3.325093,4.30868,3.4073162,-4.713297,3.6185548,5.282359,3.8903527,1015.2974820892507,406.7451315421454,1437.782910437441,273.92462741881826,0.00016297857,0.00059677195,2070.584849912993,0.009231132,0.00095074705,0.040768652117169374,0.021599157634536275
-372.5235,17.943537,181.91463,13.479626,-52.218052,7.823919,61.679317,5.564094,-27.25169,7.2552686,36.395065,9.434224,-14.895811,7.2715893,15.718281,5.276282,-6.104555,4.8885536,3.701501,4.194211,1.9604003,3.38642,-5.556909,3.3328602,4.9664288,3.2691374,1283.2161276044692,380.2145306310544,1495.7970932747085,223.94248663201284,0.0002966233,0.0009526863,2715.5317620722158,0.00941903,0.0008989967,0.05813945584396752,0.015263926580973588
-334.5691,11.7079315,143.38898,8.539624,-89.092224,5.1024995,71.73974,4.2686133,-54.619926,5.589251,50.326675,6.0588703,-32.306896,5.823114,26.6974,4.4391804,-20.433264,4.0371304,6.768115,3.6331017,-2.346518,3.5196893,-3.1270268,4.1363297,11.606052,3.454779,2315.2004971068764,250.58440657397728,1890.3791770813277,96.942470573662,0.0012687973,0.001356429,4519.224799702726,0.0072792675,0.0008132871,0.16623993982018562,0.01974948877559479
-415.87454,20.904675,177.63475,13.348603,-27.635914,6.4598885,63.408768,5.6503234,-20.117895,7.477356,41.164135,9.025307,-12.312507,6.6855793,21.09264,4.185323,-5.151115,4.7460337,5.5064416,4.0060225,1.3094534,3.516796,-10.6736,3.1897693,2.12639,3.7138417,1069.032334898404,400.7394842279224,1501.0650865033967,228.0899673530757,0.00014840155,0.0002668328,2255.5905370867167,0.009412572,0.00077535777,0.0385719529437355,0.017000157471752698
-342.52118,15.350573,145.81436,10.856839,-78.43157,5.000021,60.792416,4.796777,-49.148457,5.649744,37.65174,6.5808034,-28.44659,6.317598,17.903658,4.55549,-15.266304,4.7617736,9.356259,3.7149916,4.252395,5.2189913,0.5644177,5.736154,6.742411,4.890684,2081.3468402655744,275.52588129213257,1782.4716785484613,133.34082799350406,0.00086064485,0.001315721,4078.2188043793503,0.0077826916,0.00085643487,0.13608545714907191,0.015664389295334546
-386.5002,16.892218,171.63193,11.031339,-40.210728,5.0877986,47.315876,5.8620663,-39.532955,6.3405232,40.573925,7.959112,-27.483822,4.896963,24.34427,3.6592157,-14.174872,3.7201285,4.8523545,3.945336,2.8810642,3.3670712,5.768189,4.1890626,13.875634,3.702418,1458.5971531884975,359.85551328052196,1717.912819227382,157.49177271529516,0.00029737523,0.0002805949,2899.738072795824,0.008203954,0.0010185462,0.07246501595127611,0.01710649142041171
-353.99615,25.286734,162.91559,14.222934,-51.495205,7.8581944,66.857124,7.289596,-35.56835,7.273415,30.647251,8.767958,-16.786829,8.5452175,12.591307,5.0788774,-9.990959,4.3199844,5.5252237,4.748304,1.7560565,3.5391414,-4.0628314,3.8799343,8.762339,3.6636047,1572.0285332899841,334.72898498784826,1673.8533815705912,184.34014863930605,0.00044225066,0.0009743801,3435.2453528313513,0.008964467,0.002220568,0.08079411977958237,0.01847894534373117
-361.13882,11.193183,136.84007,5.8644238,-38.00169,4.550258,65.758156,3.593423,-39.67746,4.3918753,55.94959,4.935726,-20.634203,4.4539437,29.024076,3.1221387,-11.445096,3.230381,10.524238,3.4697623,-2.2133641,3.4179034,-0.9626747,3.7388008,5.901526,3.0117836,2042.3908165381063,239.68794424115083,2192.8087523967747,55.96217705094681,0.00061332627,0.00056366954,4820.989409621519,0.008361984,0.0011060082,0.08926936811194895,0.018478067262936004
-381.327,15.042548,187.4295,12.408664,-46.624527,4.1355076,61.779354,4.2966456,-25.361465,6.499815,33.303738,8.331779,-14.107376,7.200503,12.543435,4.59443,-6.0594745,4.82782,3.1214566,3.792788,3.0680053,3.0113654,-5.311234,2.9503546,4.592054,3.3491733,1166.5847297387088,343.4592904325925,1426.7807641558402,207.87524329848043,0.00022084154,0.0006413958,2461.0802457946634,0.009466028,0.00090854336,0.05050708744199536,0.013282230438360292
-382.15436,14.841661,159.75887,9.165734,-29.72275,4.8958616,43.131165,5.753872,-40.52033,4.9883037,39.798847,6.2779512,-22.661383,5.3746085,23.561218,3.3928196,-6.626612,3.9607956,9.554403,3.644689,-2.7935772,3.332373,-7.5269337,3.6543798,3.38069,3.563421,1541.0729997938045,321.2055269041778,1823.7975725487172,137.43742295357495,0.00030881615,0.0002335366,3364.5504980242167,0.0084119,0.0012922365,0.07509108541183294,0.013409443286100279
-385.55618,16.402573,163.3992,9.779506,-38.276264,5.4665976,50.305943,4.938611,-43.617737,5.765533,43.873306,7.298283,-25.975288,4.917431,28.388708,3.5561755,-7.5345426,4.1205697,9.488665,3.5664651,-2.702997,3.6580138,-3.7818704,3.7449098,10.864158,3.4990675,1569.0860360115462,342.63013857115214,1839.1845721739237,134.4419452942796,0.0003290905,0.00034516526,3452.307043938515,0.008360204,0.0009428289,0.07401369453306264,0.014627558101199678
-378.30405,15.754782,153.98993,9.282387,-33.60704,5.003158,48.003445,4.400337,-39.59112,5.589236,32.168213,7.108737,-24.490074,4.922054,25.678812,3.3573384,-5.9158893,3.902893,6.0933185,3.463561,0.2162269,2.9303932,-9.541514,3.7522104,1.0043379,3.559464,1609.1117658813002,336.9126170960379,1819.0534636823545,132.19615566731068,0.00032538842,0.00030824455,3465.646638449826,0.00872539,0.0015032162,0.08002601145591648,0.014671588782760502
-360.30746,13.322995,186.867,10.776423,-60.18291,4.8223257,63.8409,3.9065292,-42.41457,5.5478444,36.794903,7.79745,-19.274647,6.335714,20.324713,4.566334,-11.762682,4.074931,5.223452,3.4655108,-1.5314744,3.1201174,-9.8934,3.1786017,7.861934,2.9915164,1378.8030563928776,308.21416037493645,1537.3847497056915,176.82309591808465,0.00028764244,0.00030775112,2912.3032713710845,0.009387373,0.00077688665,0.06994090777262181,0.013252800010879815
-364.26114,13.207647,160.69598,9.324409,-51.813595,4.32279,63.76262,4.326188,-32.18478,5.7498784,52.183033,6.623428,-17.030848,5.815856,26.25348,3.6788518,-13.83891,3.8382118,5.51958,3.6644347,1.7012402,3.1286237,-0.97775304,3.256681,9.849894,3.1857324,1598.4973997702,323.82977553944556,1811.120773000456,138.50880638961982,0.00043367626,0.00088053435,3551.2798406685033,0.008887105,0.0008044396,0.07398310614849188,0.01593741881342723
-362.17462,16.534136,175.59908,10.285202,-55.877457,5.2310014,69.366554,4.399759,-35.03447,6.7987976,36.88274,7.700897,-15.5381775,6.947914,13.7423935,5.1060266,-9.644792,4.553361,7.706628,3.4400804,1.4222072,3.6042652,-7.8864493,3.6039202,4.3267555,3.715321,1429.9832604197893,309.2707810977352,1599.2212769569142,167.05101309545952,0.00036538194,0.0010063171,3167.204436901827,0.009319316,0.00092746684,0.06752669119779582,0.014664357046994026
-384.69177,15.119216,168.6627,9.207238,-40.86677,4.423085,43.79308,5.4051805,-43.884636,5.59308,40.13443,6.647987,-27.141792,4.7891316,25.00828,3.1642082,-12.66044,3.686809,5.459085,3.6675718,2.0803525,3.2100773,7.2013326,3.7171438,14.316058,3.611903,1511.577274916375,300.38340250520923,1744.2780058016197,134.58823841887698,0.0003156508,0.00044980968,3032.3096609447507,0.008322776,0.0010220344,0.07799584904292343,0.013103604081397836
-388.8378,18.854599,191.89871,14.400837,-44.14548,3.813549,58.747074,4.0463142,-21.649206,8.519022,31.64609,9.441518,-11.89006,8.183111,9.999556,5.2433114,-5.280509,5.206715,2.0233493,4.12745,3.4047973,2.8622699,-4.8775887,3.2323575,4.487217,3.286731,1092.5747583555972,389.0293383251799,1355.6321923998253,249.45002647185984,0.00015967492,0.00021093403,2254.441433439675,0.009612979,0.00065848156,0.04663822324535963,0.015501015488842832
-420.2725,27.881702,178.18286,14.253885,-22.025974,6.644927,56.071156,6.305561,-15.683582,8.578128,36.54992,9.542401,-9.438236,7.3237667,12.894569,4.759946,-4.500464,4.5589967,11.737547,3.5063584,4.7338347,3.5618584,-3.6349661,3.2990518,6.888666,3.5655344,1003.7819145467313,399.43248556806685,1446.6157323971436,261.97186310022255,0.00021624407,0.0015581048,2086.647320457512,0.009303997,0.0016160505,0.03595494670823666,0.018888277384438882
-357.37262,32.33415,124.30081,13.184199,-74.64695,15.215565,73.78443,6.9634967,-49.31375,8.495106,52.417236,6.884008,-27.245804,6.7552056,26.002047,6.225853,-19.877684,3.9661245,11.55101,4.350331,5.498433,3.4782844,-1.8146628,4.396492,9.804312,4.462652,2507.784672582733,383.6841924082208,2018.1699192838905,123.17587564717482,0.0011300093,0.0021200438,4970.897474532338,0.0067626135,0.0016080895,0.17853760332076565,0.04085341160862428
-386.45453,16.315573,166.22134,10.278092,-39.81123,5.326454,47.424213,5.582078,-44.392563,5.842037,42.897945,6.736922,-24.704199,5.2781243,27.27133,3.2316465,-11.273227,4.1828547,5.20061,4.0632715,1.2875758,3.4882205,4.963032,3.8312352,15.621716,3.2723062,1533.8189155802038,340.7118110804697,1780.1782780461524,145.27688551167188,0.00032555714,0.00047848115,3211.3200247426043,0.008356774,0.0010347773,0.07557256924303944,0.01356222580745216
-455.235,52.38459,158.61565,22.706867,-9.769494,17.296225,25.324268,11.579838,2.0471296,15.78307,24.13227,13.512666,7.0640826,10.767234,8.560844,9.279268,5.0488043,7.339644,9.250659,7.2379804,6.0982313,9.2340145,-2.7501383,6.455688,2.385092,8.017578,1071.6836694419383,573.621042099648,1350.2290785816758,337.65139856374014,0.00020184871,0.00052585837,2113.051723825406,0.0069627673,0.0048817387,0.048211825696055685,0.02937088634661168
-427.48904,26.768661,184.61003,16.111917,-15.766964,7.856928,53.570004,6.3099246,-16.347359,8.392733,33.964443,10.919349,-6.8378296,7.199854,17.081924,4.3328753,-2.6249354,5.2772217,4.345686,3.8502884,2.0127583,3.5329514,-9.535708,3.505682,3.6427133,3.3884914,918.3515232074162,438.3385091166211,1348.233908691416,279.97508549582864,0.00015367164,0.0008459971,1782.9342304415604,0.009494852,0.001150387,0.032222030887471,0.015275918466408998
-385.4817,16.84938,158.39117,9.639585,-20.608614,6.056844,44.95338,5.031201,-39.603157,5.180184,38.86821,6.1731954,-25.631706,4.762916,19.09627,3.0353177,-10.032704,3.5626667,11.485025,3.6922507,6.3194594,3.254132,2.0795233,3.6240468,5.3033366,3.4449203,1481.0939726574106,341.23873826135394,1843.7546717364178,137.3159635418762,0.00025417062,0.00031169958,3294.2803119562063,0.009603764,0.0015734715,0.06507282301334107,0.012896739072339479
-387.1935,14.2597065,166.47128,8.933112,-41.89015,4.8074746,47.96725,5.1888843,-45.04075,5.525449,45.207073,6.057021,-26.49126,4.6744456,29.666279,3.503411,-11.311935,3.7970717,6.190959,3.5038927,-5.19619,3.7376752,-1.3742636,3.399928,14.003598,3.1423032,1583.435407837994,291.986663210781,1838.0046875198586,117.25406201434402,0.00037982542,0.00033814876,3407.1422745069603,0.00756494,0.0008665179,0.07975524760730858,0.015288634175777385
-409.1327,20.328577,179.7545,13.219343,-22.796432,6.4359703,52.599415,5.6265635,-15.504702,7.834169,35.20235,8.46929,-6.2632384,7.2047353,11.7606945,4.190292,-5.6783314,3.9734845,10.639357,3.4065573,6.1555676,2.9709404,-2.1110437,3.2749538,4.958954,3.4161873,999.2692606503183,374.54388605217173,1412.1937021533151,237.10616972878248,0.00013549012,0.00028655343,2001.0390987529001,0.0095914425,0.0011476595,0.039655008338167055,0.019085642450838727
-384.77716,15.279544,162.55847,8.319999,-29.357761,4.9889503,45.888313,4.667835,-41.213413,5.1346264,39.67528,6.502825,-23.00982,4.2569985,26.006027,3.595398,-5.705819,3.809007,8.196686,3.464988,-6.009251,3.3755887,-8.35414,3.5255084,4.1380143,3.031366,1486.407010015438,290.50457779036407,1804.2530981688778,131.40883624295614,0.0002794152,0.00025038398,3215.7165952182427,0.008637851,0.0011191564,0.07275730495939675,0.01253214945992682
-373.9705,15.182276,156.19438,8.989159,-37.733307,4.398952,50.113853,4.546905,-43.729534,5.2469044,30.069456,7.6881742,-20.766773,4.775045,31.284517,3.2055514,-9.977328,4.0005884,5.812938,3.8459113,2.0897512,3.44018,-12.4145565,3.1887283,6.6067796,3.105807,1640.894550039645,313.74365733637654,1821.0477150142372,134.14102419778573,0.00042563732,0.00085982407,3471.0923905162413,0.008004497,0.0009868545,0.08289452218677494,0.013149348146216027
-389.41614,18.827494,192.12332,14.42516,-44.885586,4.050604,58.988506,4.555354,-21.364862,7.8281775,31.922066,9.825812,-12.832636,7.8589864,10.17079,5.316983,-5.4154153,5.274304,1.9858121,4.1793613,3.8687289,3.103085,-5.0900908,3.2954524,3.9839451,3.1873467,1092.0835683444307,378.2748136856083,1355.3535381407212,247.02839575728748,0.00016014588,0.00021565674,2256.6397186774943,0.00962689,0.00082135946,0.04771674702726218,0.01446171842151845
-379.89734,14.229713,164.70671,8.705176,-40.992428,4.8485975,46.157,4.982243,-42.051865,5.440287,43.12363,6.4128923,-26.417526,4.508418,25.919147,3.5219276,-9.858665,4.3751183,5.955934,3.5706162,-3.8853128,3.3881042,0.0014605245,3.4320073,15.995135,3.2571418,1559.4211844527708,287.24122753975934,1800.437822307273,121.36891393448755,0.00036136713,0.00055865716,3307.6948480097158,0.00813612,0.00091932283,0.07839123223607888,0.011985137675934536
-381.53534,16.095364,161.94061,9.620187,-28.382654,5.253629,43.8247,4.789009,-42.806347,5.27721,37.94153,6.9048376,-23.809622,4.2225404,25.7215,3.4689517,-4.3465257,4.141239,11.118942,3.4188335,-2.273118,3.3443978,-8.425003,3.6243124,2.2152617,3.2579005,1507.659145274928,338.8370025700375,1805.2547850023898,144.65006209455538,0.00028457987,0.0002896221,3234.951591049159,0.008889168,0.0012521847,0.07499932025812064,0.013294540782958627
-395.71405,18.130478,163.70004,10.236173,-32.555798,5.9748096,44.83018,5.7979984,-42.692608,5.800625,38.74751,7.3887215,-26.020552,4.9326863,26.043657,3.3592472,-5.8467817,4.30658,9.252206,3.8542755,-1.9699484,3.7659261,-2.6123562,3.9291868,12.113428,3.1479568,1488.1385004244526,347.38605284982606,1776.1725125803796,145.34014036576957,0.00029420937,0.0005637498,3094.9108291944603,0.00832538,0.0008673936,0.07082683802204176,0.01331325619563954
-386.92758,17.997213,184.11398,13.872298,-36.47651,4.429046,57.537937,4.6578536,-20.794903,9.394077,29.935692,9.42409,-10.603203,6.6110606,10.80058,4.497241,-4.130872,4.9904,4.025053,3.2584033,4.304718,3.1492417,-2.5568078,3.1485274,5.659391,3.8428113,1107.656903949585,424.2116728670724,1409.1382218526942,242.54927758423034,0.00018484489,0.0005336599,2323.437613290313,0.009881979,0.0012254516,0.04469756017981438,0.01911035948626618
-342.54153,34.684105,159.2992,9.072687,-65.26523,10.300639,71.18715,7.6847687,-56.551327,8.382912,35.2268,7.197194,-35.68523,8.2712145,22.431078,4.553847,-14.225117,5.523246,1.8640883,3.6318452,-2.264753,3.6247456,-0.57475257,3.6297843,7.688851,3.9532785,1927.3008942698414,319.1912709885891,1847.404674336904,132.07058129301575,0.0007744933,0.0013623276,4130.403098263486,0.0083234,0.0020353077,0.11614409621519721,0.02525997147135819
-348.6461,12.488738,160.8755,8.863405,-51.565517,3.0045476,71.31284,3.3891826,-41.923523,6.8393545,45.117184,6.9755483,-28.87708,4.064574,24.104122,3.5449681,-15.348003,3.9301805,8.251544,2.9625337,-0.59779257,2.8951483,-3.8691583,3.2277253,8.131196,3.3855832,1733.5134305294864,344.63639147306804,1890.9358674151829,127.78901641590267,0.0005069118,0.00020273194,3876.975783062645,0.008952507,0.001001139,0.08351648600638051,0.019335312222625883
-400.62292,22.992994,184.25192,15.215549,-33.897377,4.2491665,49.24134,5.8612175,-25.249853,9.784517,38.742115,9.202787,-5.068654,8.345552,16.780802,5.440241,-7.403951,5.550584,2.3170516,3.788348,0.44075632,3.5157824,-0.6050181,3.3626335,6.832743,3.5491998,1110.4654066976036,460.30021581270717,1425.2257091760168,271.0123739049625,0.00016681704,0.0002549466,2183.646656576276,0.009243616,0.0012969617,0.04570471106438515,0.02135756821238411
-375.4543,15.353242,181.50262,11.571685,-47.849567,3.636977,63.901684,3.6764135,-26.221884,7.9575086,36.45176,8.295428,-13.986155,5.9362183,14.448883,4.3752303,-6.140212,4.7598057,3.4411445,3.737871,2.0946162,3.1785362,-4.892312,3.1320245,4.437459,3.488259,1238.567969760088,361.06297899815473,1498.331618902582,207.91572646314046,0.000215039,0.00023669197,2679.434919246665,0.009596961,0.0009900574,0.05420488326566125,0.016967145919741106
-360.63007,13.779458,158.92007,8.916087,-52.81853,3.924791,64.680824,4.539813,-33.024033,6.431662,51.779636,5.9927826,-17.786072,5.7821784,26.968882,3.628223,-13.580189,3.8281286,6.296081,3.2162824,1.9353564,3.118702,-0.2439265,3.2748516,10.485967,3.5191438,1639.4816016252612,324.1455295489105,1833.740830098358,135.45951807639943,0.00041819207,0.00035374283,3648.0043911325406,0.008942505,0.0010437868,0.07645396787993039,0.019042883726471428
-331.69836,17.77411,143.88902,14.106703,-77.53715,6.1137176,67.81676,4.905998,-49.904156,6.971414,43.562717,6.1521463,-36.661316,5.68865,21.779703,4.9160395,-17.703526,4.491636,9.039,4.314821,-1.318436,3.789453,-6.302032,3.8359835,7.29728,4.4987817,2239.6669443501437,356.23370630453655,1912.876973885801,139.21477523016674,0.0013115666,0.0028610136,4444.033452363689,0.0077506322,0.0017015776,0.1529906376885151,0.03349599271637333
-356.99936,36.068695,160.15245,17.46697,-84.3033,18.537,79.72801,8.614162,-36.807384,7.243831,42.6427,8.873114,-26.700602,7.9802723,21.668173,5.74449,-15.800836,4.4554768,5.398996,4.0723634,1.5974646,4.0274687,-5.6013346,3.8641446,7.962818,4.0223007,1895.031082271376,453.54335632906043,1655.6127384979318,158.49242768668688,0.00072206545,0.00052465434,3622.0496370178366,0.0074431184,0.001312257,0.12859810034802785,0.04484201033445466
-376.96387,21.62446,166.78172,14.658458,-43.27882,4.1728554,48.760612,7.3626914,-44.439358,9.123278,44.60129,8.942382,-28.71712,5.625975,23.008165,3.276562,-17.312054,5.456313,4.0275598,4.4945407,1.0839889,3.1846557,6.2622104,3.4536927,15.834006,3.6798005,1623.0355170280861,511.14842857716627,1790.9578816710546,210.30997309704665,0.00035962538,0.0004321169,3301.574622063515,0.008627194,0.0012699162,0.08565540712006961,0.022616923004848157
-347.7409,17.10709,162.38602,13.308528,-56.44979,5.6547055,68.51264,6.821356,-40.58639,7.0483785,40.30729,7.708822,-23.148197,6.8890123,19.107622,5.28111,-7.7788315,5.404199,7.16389,3.543911,3.275104,3.479307,-4.565744,4.0801334,8.846482,3.6700394,1684.2354885764419,365.983505521138,1765.7375672879205,172.43749438232564,0.0005699889,0.0016905711,3690.3963235027554,0.009093445,0.0011377599,0.08711232054814386,0.023899582327621245
-400.18695,30.078579,175.78403,19.430817,-27.139479,5.55367,62.374683,7.3448405,-27.052223,13.0105915,42.3131,13.243094,-16.663094,6.8854785,22.095913,4.3015738,-5.733294,7.3275533,8.958986,4.2736325,0.3936674,3.1313903,-8.852243,3.8986151,4.4904847,4.9636126,1231.964828740688,634.8366617371596,1598.9820477736264,344.68005644396646,0.00020115377,0.00031803938,2617.708068989269,0.009778181,0.0011751874,0.0476521715487239,0.028073357995979303
-336.60266,9.9908495,150.9917,7.504702,-68.95885,4.2003984,78.51207,3.995554,-50.09638,5.283461,47.282703,5.8059464,-35.253395,4.285882,25.123766,4.1636977,-15.441039,4.5145645,17.20168,3.5918574,1.5826384,4.846172,-7.188942,4.192529,5.1708317,3.933753,2114.285824433159,255.70254661714623,1974.0353219645365,85.72676464437102,0.0008945303,0.00059045467,4417.703990537993,0.008247006,0.0008962728,0.1267627972737819,0.018643119208674407
-330.46432,18.657364,145.98933,11.757932,-82.23325,8.020669,60.777992,5.0953307,-57.24854,7.3258204,38.387226,8.329799,-31.08324,5.274563,22.9272,4.8430862,-16.50961,4.6367674,-0.19963169,4.178464,-4.7809453,3.552104,-5.397644,3.3788168,7.1130676,3.687545,2187.1259123399177,378.1850493208936,1828.1555549121902,151.6288317200344,0.0010320853,0.0009821402,4328.998185089182,0.007799366,0.0013920773,0.1495839979698376,0.025959801581223907
-382.1688,16.374075,160.40683,9.97984,-32.839382,4.420275,42.663074,5.1953773,-40.780037,7.050456,40.580944,6.5573115,-25.870245,4.1074734,26.085865,3.6848192,-7.8540177,4.560915,7.4786024,3.0297678,-3.6743238,3.5956373,-4.155524,3.3251534,11.33865,3.5475101,1564.422288424973,355.82450101049784,1826.0192365002595,135.72700573543824,0.00030619348,0.00047414022,3311.4419251196346,0.008734935,0.0012450067,0.07931001667633411,0.018168849417306968
-370.3566,22.832712,178.65741,17.408163,-48.416237,4.578152,65.487335,5.1499677,-30.227007,11.612875,40.28358,11.882234,-17.37341,7.6730394,15.632411,5.4986672,-7.8159328,6.0748873,5.2890635,4.3896976,2.0550232,3.2692459,-5.0748634,3.2474718,5.1669626,4.4207253,1365.8957676815605,554.1168032099675,1576.79219531458,301.46703839906365,0.00027604942,0.00038755508,2941.655375398782,0.009817114,0.0012169818,0.060126567937935034,0.025276289095890973
-386.16046,19.752174,176.46106,13.990154,-41.318604,3.699504,51.496475,5.4966216,-27.2247,9.293912,42.418274,8.529368,-5.533388,8.154861,16.786438,5.1252084,-9.788901,4.717291,1.6193069,3.881688,1.734255,3.7749195,2.5864785,3.510064,9.212287,3.9668388,1250.4045710427772,447.85631877606886,1516.9278508747238,230.65433766801087,0.00020921542,0.00021947821,2567.247430575696,0.00917563,0.0013601559,0.05533098897911833,0.022838026743155118
-376.86768,23.294935,182.86073,18.358484,-46.432514,4.2152653,62.911247,5.4457994,-27.938646,11.174488,38.037643,12.7969265,-15.302356,8.535424,13.815407,5.345942,-8.342418,6.015887,3.0982594,4.812108,2.7919667,3.4311302,-3.5779426,3.0739033,5.767826,4.2657223,1286.3066383651567,553.5439304683096,1508.9946515410006,313.8150399531839,0.00022197686,0.00025694133,2727.372525739559,0.009845559,0.0012400624,0.056199925681554526,0.02391705060598245
-359.14462,15.26467,152.35011,8.82765,-50.69146,4.644308,74.728615,4.313336,-31.937151,7.5054593,50.896732,6.425778,-26.89717,4.9436374,25.845789,3.856756,-13.413446,4.4430833,9.017364,3.101394,0.53201413,3.1318166,-5.365674,3.5492878,6.58233,3.649364,1772.958163409099,337.50838631627374,1946.922909292472,129.4936118842159,0.00050270377,0.00089972035,4028.757386528422,0.009146323,0.0010540192,0.07802303871809745,0.019438687823120682
-378.99884,27.398155,197.35162,22.913368,-50.881325,8.257205,56.38908,7.200798,-28.392677,14.707472,32.010483,15.039116,-20.894156,9.586016,14.15813,6.4140267,-2.6609397,8.131882,5.296222,4.5824056,-1.0354968,3.865847,-4.770171,3.7845724,7.2857,4.6629124,1224.583776771734,598.220447298619,1382.6538814306168,381.6959936443944,0.0002474948,0.00066614145,2461.8546417307134,0.00984647,0.0012516268,0.060329357598607886,0.026631906979017357
-379.75348,17.2774,186.07834,13.188399,-46.536106,3.945662,61.883877,4.42085,-24.734667,8.568779,34.080624,8.854742,-14.940244,6.7008595,11.660555,5.435709,-6.073377,5.303766,3.1812835,3.3132663,2.5677595,3.0817223,-5.4804573,3.2768028,4.029839,3.2810044,1182.8362369032834,384.05825938306634,1437.700257794349,224.8225978237031,0.00019080294,0.00019525421,2493.1802063696346,0.009600158,0.0010732774,0.05242282663863109,0.018501835875475933
-382.125,22.804487,165.80711,14.891536,-36.488884,4.5110335,44.70827,6.6392007,-43.30098,10.395715,44.105255,10.188038,-25.1997,5.5537443,24.620571,3.942613,-13.374472,4.6590796,4.6478853,4.02185,0.5603547,3.3853238,7.3610806,3.5063472,17.836855,4.456528,1561.453836722005,522.6721051116397,1781.8561611424866,223.19083748937663,0.00029845073,0.00049091456,3148.8687395772913,0.0092306975,0.0015789417,0.07762425681554525,0.02348617278318223
-376.68332,17.642197,161.5594,11.653674,-34.903923,4.364161,43.056076,6.0813394,-40.2139,7.3550844,38.169304,7.1942053,-26.041527,5.279363,21.513096,3.687814,-13.207747,4.284684,3.2950046,3.6849732,1.5002699,3.848948,7.3122745,3.4765813,15.964196,3.3187208,1564.359437348307,404.8634231065119,1786.1829506072083,160.8357771384451,0.00033316444,0.00036912868,3226.982807062065,0.008523176,0.0012748799,0.08021860498839907,0.020936219083125464
-342.1202,26.155704,143.49048,15.453632,-47.390907,6.489323,38.385685,4.8137345,-35.792587,9.428655,17.522556,11.453968,-20.792728,7.051381,9.6790495,4.5111346,-5.442546,5.2461967,0.75499195,4.3470044,-5.2150216,3.6473634,-6.7458878,4.3293476,5.233269,3.9385753,1809.604949891638,471.3058667009375,1722.5645429784877,226.71916619160734,0.0007210213,0.0010777982,3671.785840523492,0.008163601,0.004506123,0.10537585194315545,0.02872231975530615
-403.9085,22.847094,183.17804,16.314692,-45.10482,5.915915,50.639877,6.841498,-24.589785,10.258629,42.413628,9.866598,-8.366526,8.466155,20.343088,4.9951057,-3.2154558,6.474685,8.199699,4.6900268,2.0595603,3.1629703,-4.161562,5.3020964,2.7158048,5.181182,1210.6835777605934,476.5314930397594,1434.0728601720525,266.8294998327384,0.0002047109,0.00057624665,2313.2955245794665,0.008660064,0.001116149,0.06754368474477958,0.02418433023416723
-382.07083,24.385256,187.8705,19.540695,-43.981937,5.7477775,59.224895,5.4466724,-24.901333,12.556674,35.435734,14.043732,-14.658415,9.020445,12.194723,6.2126703,-7.256521,6.008232,2.7518637,4.1961474,2.7608051,3.2343848,-3.7741396,3.5443907,5.8393726,4.380493,1210.0400690658073,555.9694185104943,1445.0392249442557,351.278431171273,0.0002202053,0.00051952974,2523.906238670969,0.009765938,0.0011271946,0.054150503915313224,0.023977604112876284
-461.4052,31.611038,183.14568,18.063622,-7.747639,7.151492,46.41546,7.288591,-10.27148,11.2083845,30.978567,11.545782,-1.8389711,8.379298,11.204221,5.5016775,-2.4057322,5.625362,10.63271,3.0393531,7.981575,3.3804903,1.0734015,3.4703982,8.958316,4.388758,822.2636244413751,519.1048682329135,1273.2944720742107,312.69465791324905,7.157335e-05,0.00016626848,1571.8239060687356,0.009679917,0.0013316275,0.021851435614849188,0.021771023928536037
-378.8104,23.074331,181.38602,18.165285,-45.354862,4.793174,61.86917,4.3047886,-26.88363,11.82802,36.906498,13.879757,-14.078818,8.832521,14.580662,5.689906,-6.192821,6.070835,3.6005404,3.919163,2.4999974,3.2383738,-3.8500025,3.4086452,6.815381,4.2467837,1278.3341331118174,561.8071303217932,1512.3874006460478,324.9875611523105,0.00022611493,0.000338664,2731.8690182714618,0.009870979,0.0011159003,0.05434649615719257,0.025027158868427955
-384.68954,18.047827,171.48494,12.649367,-40.425682,4.4292316,46.590614,6.507556,-44.662807,7.831876,41.82527,7.6472383,-30.901075,5.010396,25.719465,3.8136368,-14.018219,4.2722077,3.6735172,3.7309077,-1.0190048,4.0752573,7.7577424,3.0857255,16.422607,3.226641,1517.6681746332665,410.59700136615515,1753.6871806673917,167.34123967415957,0.0003001882,0.0004238611,2996.3627012035963,0.008539566,0.0011164943,0.07797998839907193,0.020089689564867272
-427.2323,35.90593,180.21991,22.199259,-18.215057,8.7423115,57.19844,8.457753,-18.24317,14.244327,39.03345,16.282423,-9.505835,9.393731,13.237708,5.61448,-6.686093,6.768572,4.6235056,3.7703667,-1.2730371,3.1437488,-6.9349217,4.769442,5.774424,5.4664397,1063.6743186061694,654.4796003517952,1440.881549166631,401.83596725822787,0.00013790223,0.0002963704,2158.6911230242167,0.009737425,0.0011465161,0.03838049231438515,0.027380697689919832
-358.25177,16.742565,149.98227,9.405106,-47.422356,5.3303914,69.69372,4.61162,-30.55829,7.398924,49.018826,6.6239386,-23.375977,5.064287,26.887161,3.5092447,-9.372315,3.8157337,11.066344,3.1719127,3.5918355,3.2479591,-2.689873,3.6490676,7.6336746,4.1198273,1745.2921738394477,354.42324099739426,1941.081115351644,126.69967009085782,0.0004756856,0.00048694946,3985.5161166799594,0.009176007,0.00119462,0.07660577689965198,0.022825079029999015
-335.24606,14.912472,148.56488,10.342482,-82.883865,6.477659,67.583374,4.2869883,-53.72629,7.82011,39.751495,8.659059,-33.007183,5.8930125,23.453224,4.1588387,-20.811522,4.4450874,-0.14411315,3.570547,-6.8679748,3.2974124,-5.505089,3.5701962,12.1254425,3.4940426,2160.9783558837557,362.2984070231959,1829.7707814416535,151.3306145395535,0.00094014086,0.0013913496,4242.041015625,0.00807175,0.0011768445,0.14310945656902552,0.021712762556582492
-393.73373,18.42274,167.80853,10.505785,-30.33102,4.1879077,45.886314,5.6695366,-41.31841,7.154085,38.452614,7.160067,-26.246765,5.056392,21.786263,3.8298705,-9.82739,4.843131,4.626875,3.5409064,-7.1483083,3.540191,-7.779955,3.5541937,6.2347836,3.2094898,1415.588175208605,364.65754023027836,1724.1084059951088,159.49998095054437,0.00021668563,0.00020456254,2867.313365537993,0.0090067545,0.0011288328,0.06345617024361949,0.016757260462397373
-371.05228,21.240562,177.10417,16.860437,-44.88144,4.6175,61.179585,4.436658,-27.105742,11.354367,38.684772,12.591861,-14.030165,8.449894,14.435808,4.67647,-7.326318,5.618216,3.7234735,3.4669309,2.9897254,3.23876,-3.8713305,3.6512244,5.448344,4.1525226,1326.2132443893652,536.6183527542285,1554.6363408479924,297.96271325358714,0.00028513852,0.0006150452,2846.3047532083815,0.009729095,0.0010974096,0.05885091901102088,0.024093905759206575
-362.7313,17.057133,175.30562,13.378194,-47.40222,4.051,69.705055,4.8047576,-36.44546,8.138109,39.195824,8.7844515,-24.66987,6.561529,17.058243,4.917321,-12.198077,5.3416524,5.5840125,3.3388503,1.5262593,2.9060318,-4.2618012,3.3194199,6.8114758,3.7408233,1429.2775925082174,396.54572847586826,1667.4059395755985,216.01723925905307,0.00034868033,0.0006453511,3164.806307551479,0.009470756,0.001021487,0.06584659585266821,0.020412071676847804
-367.04648,22.302284,181.27313,16.703968,-48.52742,4.659587,65.03033,4.183696,-32.505135,11.4927845,38.55725,13.4010935,-18.767485,8.288816,14.91592,5.474424,-9.45836,5.270147,3.9793684,3.7276495,1.6593524,2.8971562,-4.856463,3.634551,5.66388,3.8310924,1360.853005425502,541.339208624422,1565.466201334584,310.4390257502448,0.00027560827,0.0005133184,2933.087059074101,0.0099083455,0.0012355717,0.06168997426044084,0.025172924457165312
-359.0316,30.8967,173.67853,15.64611,-58.649666,9.859868,55.27563,10.554774,-30.893698,10.139052,31.956429,8.651381,-21.18526,7.8013496,10.94413,6.0808764,-7.384528,5.4849534,3.95416,3.6513708,0.10579907,3.3057337,-7.0541334,4.2123423,4.2925315,3.8684726,1477.9181589177106,404.0191344908193,1535.138641239951,208.31742932287867,0.00044621862,0.00153804,2948.025406485644,0.008712928,0.0023358993,0.08106714943445475,0.02887165737715692
-366.51965,22.168041,179.50916,16.296907,-49.76185,6.3061557,62.943737,5.0152683,-32.258583,11.23451,38.430676,12.60067,-18.168375,8.084281,16.719105,5.1740727,-6.882447,5.8886557,3.245499,3.4366186,1.1508887,3.1873748,-6.43737,3.6048634,4.6334043,3.7514338,1379.9955866685561,521.7855404698007,1568.5980579235468,291.12928207173843,0.0002849508,0.0003779207,2939.5320317031615,0.009667216,0.0012176925,0.06315934962296983,0.02539798886404284
-356.11267,14.587421,156.23293,9.821216,-51.979717,3.78242,61.373726,4.378017,-33.891903,7.076765,50.696617,6.574582,-16.346804,5.861424,26.203678,3.5535402,-14.0004,3.9404995,5.2508464,3.1785262,1.4693621,3.3411822,0.17437248,3.4533682,9.935011,3.4403903,1684.427207414735,349.92970927550954,1842.6098567778254,145.02174927400455,0.0004548697,0.00047628855,3726.643049412703,0.008977628,0.0010697291,0.08197007323085846,0.020222948599081348
-405.95532,29.89886,174.57138,18.949684,-22.64845,5.9345655,60.856987,6.9684424,-22.784166,12.934343,42.223118,14.446149,-14.29526,7.57303,18.836159,4.58677,-6.328741,5.8877034,4.559461,3.461499,0.32647324,3.4049747,-7.3418536,4.568482,4.88817,4.538973,1182.725806948893,616.2494803496631,1574.158213518307,345.62175232356435,0.0002507338,0.0013898145,2504.9460284947795,0.0096458495,0.001291277,0.04510427240429234,0.02908785321936292
-386.00778,17.876902,154.00288,11.361069,-23.787386,5.4324155,43.0693,6.3943396,-37.413857,7.1110377,34.017723,6.9356174,-25.391785,4.5770016,17.892265,3.6672618,-5.3349676,5.091034,11.493638,3.904177,2.7535284,3.762183,-2.645337,3.6597807,2.1573873,4.1776676,1531.1719948540626,383.4318103681403,1814.5276183599651,161.94189533218963,0.0002542885,0.00023755548,3319.7604363036544,0.009273631,0.0019561716,0.07184418503480279,0.016988096241304766
-373.55936,20.953018,153.13092,12.447063,-20.83847,4.8443165,47.012943,5.2523503,-41.042408,8.767164,39.87182,10.505326,-25.384457,4.8348403,19.719833,3.147368,-8.953868,4.1770716,12.875037,3.4896955,5.1844306,3.481442,1.0829158,3.6325748,4.573851,4.580719,1630.6377361161044,490.01595771733923,1930.9435740427116,179.89575099987144,0.00030027048,0.0003462724,3756.869471432715,0.009739909,0.0018929157,0.073228592662413,0.02303089151374975
-345.86444,11.272754,156.63805,7.552502,-51.037006,3.4492774,69.852806,4.026903,-41.417534,6.2013073,47.070942,5.909189,-29.937489,3.9233377,25.47697,3.5028682,-17.658033,3.4195516,9.737961,3.089041,-1.4770833,3.344931,-3.6362288,3.0165484,7.2532487,3.1915953,1818.0611337374921,269.08705139646906,1970.908179424117,94.41844034502151,0.00064106705,0.0009083314,4111.467868601363,0.008742396,0.0009582486,0.0889657500725058,0.016947842213713503
-382.2377,24.462296,189.42825,19.945377,-46.215187,5.4425735,59.460037,5.0825496,-27.315414,12.6305485,36.25386,14.8537245,-14.73548,9.384885,12.987828,5.7118087,-7.44196,5.9764757,2.4091282,3.8313308,2.6359882,3.1682184,-4.3913145,3.826393,5.290651,3.9704154,1228.5608288102542,577.1245510758831,1439.1316983105248,340.77739086796237,0.0002117732,0.0003740651,2535.397275141386,0.009782975,0.0011462625,0.055451076711136894,0.026360158319017408
-384.54144,20.4376,190.47775,16.117132,-46.40213,5.07496,57.688797,5.3205647,-22.077015,10.137194,32.94058,10.374193,-10.179316,8.423324,11.204464,5.8554187,-6.0366154,5.721101,2.1234765,3.4889598,3.4767318,3.2425249,-4.6455784,3.0420434,4.3830724,4.261838,1137.161596541955,443.80738771119076,1375.3772973267241,269.96316453646756,0.00020008362,0.00047476662,2347.768633990719,0.009663821,0.0011143371,0.0505841248549884,0.022047385797055667
-381.60767,22.574844,163.7156,14.481251,-39.439724,4.690604,45.71736,6.311709,-45.40411,9.864005,49.75678,10.399563,-24.705837,5.626088,27.23268,3.4652107,-13.311601,4.296768,4.4170246,3.7059674,0.83065706,3.2906265,8.211793,3.591857,16.829092,3.970881,1643.3255852845448,521.0851074506179,1847.383113735348,208.10802520134388,0.00041235232,0.0011473126,3442.514682424594,0.008472651,0.001371814,0.08231560868619489,0.025372348463550045
-374.97855,16.18962,182.99757,12.630905,-47.260006,4.9112573,63.22824,4.4304004,-27.13524,8.276011,35.89348,8.407796,-15.197193,6.4564977,12.956035,4.7113833,-7.364617,4.595675,3.2934825,3.342689,2.8240438,3.2057664,-4.4910274,3.1192403,5.2021494,3.4867384,1229.421459878582,365.79265729190524,1484.16561995265,204.51299561791785,0.00024090138,0.0005865396,2632.1717866335557,0.009661402,0.0009659429,0.05493560578596288,0.019446320248484403
-383.9705,22.335594,151.47945,12.384695,-26.600092,4.860257,53.53038,5.2279778,-39.366898,9.568196,42.53473,10.940501,-22.192173,5.7270827,21.229633,3.6791232,-8.293465,5.0359025,15.21102,3.5501063,2.7815464,3.304206,-4.1036263,3.5895097,2.132741,4.557107,1625.8093891373874,499.4897809435824,1915.452552373436,185.71400136395167,0.00032204427,0.00083094044,3759.367522839327,0.009428544,0.0014826608,0.06732390153712298,0.024588334987840722
-440.97412,28.422083,194.12222,17.937128,-10.874712,6.5221887,45.169083,7.4579644,-11.783208,11.368292,28.61967,11.376919,-2.4466674,8.327251,16.362234,5.037364,0.2124208,5.604824,4.3492174,3.5563056,0.21500935,3.5357547,-6.2464457,3.8338718,1.6208326,4.5387244,812.2599320750522,475.99145353108236,1196.7249609291423,308.47867238951176,9.2704344e-05,0.00025145823,1493.4600334433005,0.009524359,0.001440544,0.031100456786542923,0.020624568015620737
-439.35403,38.96978,187.5953,25.0137,-7.811222,7.1370206,45.97034,9.17405,-16.925346,15.630216,34.76575,18.001158,-5.1480103,10.143028,12.470257,5.48001,-3.5633037,5.984999,7.5160556,3.5617588,4.9166355,3.261225,-0.7926568,4.4304647,7.6987104,5.244635,946.8212380522539,700.5313386874751,1319.9599316807685,447.58429511334685,0.00011028249,0.0002182629,1837.8414003589037,0.009842001,0.0016144175,0.033900993329466354,0.0280790861579144
-371.33295,17.610662,179.52379,13.382149,-46.528244,4.1107154,60.07323,4.273974,-26.55469,8.439546,36.199192,9.167898,-12.860934,7.225647,13.303349,5.211432,-6.5694118,5.2127004,2.3983254,3.2387168,2.7608323,3.2021487,-4.5914598,3.1744049,4.7240257,4.2018914,1265.0890311021396,408.0131812056706,1503.8781392756778,224.06413922192232,0.0002329199,0.00026932298,2704.140647658063,0.009585818,0.001069484,0.057080191415313224,0.020715894944966926
-370.96185,19.64777,156.10173,12.228675,-31.174313,4.1916738,48.03072,4.974647,-44.20848,9.219748,42.504288,9.633067,-26.07599,5.075251,24.97858,2.9668765,-6.1469545,4.4317427,10.583195,3.050097,-1.2432169,3.2855623,-6.1727443,3.5381536,4.89463,3.577765,1671.82083990503,481.4329941290717,1899.614909951345,180.96445845112567,0.00033797036,0.00044964656,3745.003727251305,0.009451751,0.0014138727,0.08113625652552205,0.023889627875479595
-356.6269,14.146722,103.33179,6.677059,-76.27022,4.413324,93.30151,5.511002,-60.61353,6.631208,57.035236,5.409293,-43.829666,4.4626484,37.863995,4.270562,-23.455187,4.7765784,13.493075,3.9443855,-2.9565043,3.2450686,-3.1010804,3.6309118,11.171575,3.715039,3345.8089406950103,199.55406762024336,2207.7935651188045,51.93695645779094,0.0029623185,0.0025756303,6060.522517582656,0.0054656183,0.0011466724,0.295844058149652,0.026328206268575113
-377.15762,22.330093,153.89882,12.797657,-19.480747,5.1073422,44.41932,5.5750055,-41.519695,9.01494,38.955963,9.944736,-26.268244,5.2941146,17.678854,3.4281874,-10.766844,4.0599627,9.243841,3.3889003,5.511079,3.3478951,3.0570157,3.518295,5.362773,4.587346,1608.5527564208883,496.7296951884419,1905.5009330412993,190.4086507442546,0.00032069263,0.00085092615,3635.4891535854117,0.009663506,0.0017655214,0.07183059019721577,0.023996919778255774
-355.8351,15.334029,183.95389,12.790917,-58.87844,5.777006,58.32756,6.0048556,-39.32074,7.4200063,38.3377,8.354689,-19.444223,6.4709053,15.486112,5.1056437,-14.17874,4.8924327,3.7460723,3.388623,-0.6038519,3.3216612,-5.0214095,3.5144575,5.5382524,3.8100991,1396.1014725067587,339.79752951458266,1537.3927053625105,197.8909720090656,0.00035248068,0.00078574696,2880.0284471976506,0.009350399,0.0009740293,0.07303146751740139,0.017226776691513984
-366.4815,18.908075,164.15192,13.8292885,-45.524345,4.0560846,61.622543,4.5416746,-33.396927,9.8001,51.964138,10.095589,-16.78266,7.390003,23.999855,3.7220845,-14.4695635,3.8584912,3.9208875,3.316732,0.9250838,2.9564242,0.35394564,3.413064,10.865357,3.5766733,1552.6846882308264,503.378086020848,1784.2097602404783,219.7132212528509,0.00035967407,0.0004197884,3406.417839599043,0.009370693,0.0011651672,0.06953192974187936,0.02794032643636784
-382.10266,21.07172,191.98788,15.52982,-43.86746,4.272245,56.90267,5.1159387,-27.137547,9.874637,30.757418,9.981568,-15.601968,7.164136,11.7154875,5.048512,-7.496914,6.4090137,2.5301347,4.0331745,-0.038535524,3.3207972,-4.2146664,3.1458085,8.680961,3.447709,1140.4983843950213,442.7666354452933,1381.704505011388,257.76145306253545,0.00018399564,0.00024950478,2299.1815341321058,0.009711036,0.0012662401,0.053988498767401395,0.020653168505580247
-370.9274,21.398087,180.59576,16.705746,-48.883377,4.9627047,63.25764,4.6369834,-31.003605,11.250686,40.1534,12.8573,-17.075724,8.240417,15.523514,5.6244617,-7.7756343,5.1828156,3.780756,3.2530146,2.1859117,3.294365,-4.8738365,3.506189,5.051249,3.811876,1346.9966239270716,524.2508970327021,1555.5658477902641,291.5215614484837,0.00028531023,0.00061183004,2871.3851893307715,0.009695111,0.0012008342,0.06125947107018562,0.02701754140266442
-371.7381,17.312836,182.83182,13.689582,-48.763374,4.6800413,62.563305,4.750836,-29.040037,8.849773,35.810818,9.153819,-14.8704195,6.405323,15.13289,4.880371,-6.439476,5.170634,5.1441417,3.5609958,2.853223,3.0586157,-5.5895314,3.2552576,5.071748,3.8457632,1262.619065636758,402.5653179423881,1499.8046106386694,225.86535200756754,0.00030174846,0.0012149909,2703.416212750145,0.009593097,0.0010469123,0.05773274361948956,0.019673082327087543
-353.61832,16.635397,157.39322,11.552801,-55.562504,3.8847363,63.92011,4.0850177,-37.449593,8.993743,54.455914,9.031,-19.01437,6.6059804,27.450003,3.4970224,-15.2366905,3.6257584,5.401094,3.1898787,1.0216413,3.1613216,-0.29003733,3.5043356,9.988639,3.721307,1761.6349920083328,449.2654096272195,1871.1009814490224,179.33155778889997,0.0004940786,0.0006460439,3857.466001577001,0.009115842,0.0012123424,0.08723920569895592,0.024173928342452886
-407.59085,20.33894,176.67749,13.855607,-28.276037,3.9757292,48.281567,5.349832,-17.593569,9.06685,37.49651,8.531059,0.33384284,7.1069775,16.197878,4.315593,-4.548003,5.2412376,2.6165972,3.94902,1.9600974,3.162002,-0.11470172,3.1954043,5.452283,4.074749,1068.7317978093254,429.9984001823003,1430.761589568635,231.9294794527404,0.00013937675,0.000175436,2156.3679352160675,0.0093477545,0.001772028,0.03911914515661253,0.02236498003971879
-409.60977,30.595037,168.75412,19.118069,-17.846865,5.828881,55.433105,6.9064827,-20.744356,13.12473,38.71655,14.68533,-11.985651,7.780088,18.8103,4.6468544,-4.448263,5.4775496,7.73376,3.31029,5.083081,3.3844008,-2.0668359,4.409204,7.543581,4.78553,1181.0811368890998,639.4136029010209,1589.1076114710518,338.8942577276599,0.00016757808,0.00026231667,2496.402692684165,0.009865694,0.0014930282,0.041003163065545245,0.03230563755662379
-383.4819,15.623237,152.38641,8.860886,-29.704817,4.417705,54.85969,4.609971,-39.456238,6.32862,43.046448,6.505838,-23.271154,4.183006,23.464643,3.417827,-7.7607784,4.1454873,15.372148,3.2762768,4.6678185,3.0291154,-3.6458442,3.259176,1.3816438,4.0065355,1612.8852197215958,329.6987070885163,1927.9409871360842,114.18305436576446,0.00031605977,0.0006215399,3825.69078768489,0.009111915,0.0013486254,0.06617287195475638,0.017483802278144854
-383.11298,26.292835,192.70801,21.114246,-47.511013,6.0409927,58.9072,6.044991,-26.039867,13.317284,35.560364,15.441455,-14.6668005,10.556567,11.4880705,6.27301,-8.201714,5.6342196,1.8881216,3.5701578,3.0195475,3.2935228,-4.576366,3.7500262,3.6336656,4.160331,1211.4567700859789,581.504885497105,1410.0733499113082,366.1656783384252,0.00024733724,0.00078182644,2486.410487057715,0.009802761,0.0012152076,0.05618746374709977,0.027003264027035824
-375.5986,18.142548,165.09485,11.923516,-43.872417,4.6241975,46.091938,6.1063867,-44.632812,8.032296,47.39758,7.6846848,-23.105333,4.5223427,28.229624,3.578504,-12.086761,4.042543,3.6287565,3.7498755,-0.19760188,3.3273537,4.069737,3.1791668,15.391426,3.8844166,1606.8974335144485,409.8079694590307,1801.6395286122752,154.47455901310798,0.00039821392,0.0007330116,3358.505213620215,0.008383684,0.0011180281,0.08462899688225058,0.02030024753008885
-368.88815,24.168224,179.40082,16.552792,-52.665413,9.849957,63.97425,5.25135,-29.016346,10.913564,39.928738,12.312336,-17.526497,8.50207,15.459868,5.308635,-8.02652,5.6944656,3.8969486,3.6076236,2.8218634,3.23229,-4.585959,3.3781867,5.213427,4.032594,1376.3899344308243,509.058477734142,1553.5273971139802,286.30756801169235,0.0003028929,0.0005821983,2907.4320711281903,0.009509304,0.0011477572,0.06485077399941995,0.02542179502640976
-389.77707,18.821514,201.61734,15.038284,-47.45663,4.2580934,55.59948,5.0985327,-26.285147,9.2434,30.23231,9.847092,-11.83777,7.0578027,11.138767,5.327832,-6.6040783,4.930489,1.3203962,3.895488,3.0266771,3.0008657,-3.7591538,3.1628473,4.0546317,3.5025783,1062.820819008229,386.33826478570256,1289.7111254402128,251.38464667878512,0.00015056704,0.00020564989,2108.830016948231,0.009568296,0.0009828785,0.049872661687935034,0.017910783118249434
-384.4164,21.951288,165.07188,14.3442955,-38.087917,4.1814675,44.6173,6.1502404,-42.681816,9.447639,41.002865,11.22887,-26.95261,5.779755,23.046148,3.3749273,-11.326984,4.321869,4.042049,3.7216911,2.371336,3.154978,9.049261,3.308648,18.018661,3.3236449,1571.074577615878,502.3519859530612,1758.2597960279697,221.00451875680795,0.0003099149,0.00032528784,3144.846876812645,0.008554577,0.0013281715,0.08323665893271462,0.021580217595113887
-374.04227,17.25289,180.67986,13.106226,-47.76579,4.1236,63.416325,4.27919,-27.35613,8.550895,36.6889,8.837634,-14.722697,6.3552456,14.693405,4.695727,-6.4830365,5.2380114,3.7598016,3.7061355,2.574412,3.0383935,-5.267058,3.402167,4.630549,3.7492244,1266.7207866279266,395.0180204063485,1511.598908461922,217.4325807937189,0.00023262779,0.00029584306,2724.374864051624,0.0095999995,0.0010662251,0.055734302494199535,0.020602771098926928
-355.59143,17.491222,169.29291,12.393127,-45.72805,3.62634,68.0648,3.497696,-39.43333,8.577514,42.15272,10.263398,-26.009981,5.9321933,18.45304,3.7255654,-12.986106,4.1571403,5.9817386,3.2513156,2.7244973,3.1430638,-2.3781495,3.1436517,7.598683,3.4494658,1543.0961924306462,447.43879143363546,1759.9067374954438,213.21463774168765,0.00040172416,0.00068658043,3428.975243800754,0.009589977,0.0011370674,0.07160514247389792,0.023045115025767778
-342.52356,13.0659275,133.567,14.93992,-92.51196,7.8030844,79.90035,5.5023155,-52.894558,8.722466,44.73092,6.355017,-40.51744,4.5578775,32.127636,5.736606,-21.090822,4.162166,11.494926,4.198343,1.7989866,3.2472122,-5.1847425,3.612805,8.853132,3.9515383,2514.9994996338737,290.24212204734334,1919.1717719385379,65.86970266872135,0.0014674459,0.0009411398,4755.340618655742,0.0067522144,0.0010579341,0.19108903712296985,0.031228114006802747
-387.63596,24.106691,177.15067,17.16469,-39.58816,3.8271747,55.972164,5.63766,-29.633936,11.070151,47.02863,12.051462,-7.1091185,9.351827,19.34264,4.5807457,-10.36544,4.3864007,2.7389545,4.0721283,1.3209486,3.119234,1.7156136,3.2143009,9.567544,4.0296435,1284.521145351396,557.2318623565528,1564.8120277433065,299.53375072385774,0.00021462291,0.00022431693,2669.9423239015373,0.009428907,0.00120482,0.05667234628770302,0.025763962506670117
-389.9146,16.535597,157.91861,10.773017,-31.474092,4.5099626,44.955956,5.3598013,-37.425423,7.277621,34.327297,7.4017215,-20.346392,4.46839,24.583487,3.4787252,-5.5952454,4.7564197,7.3866324,3.174653,-4.9906197,3.481627,-9.19341,3.755782,7.125537,3.7071059,1524.6690801937743,373.8420972173121,1765.3469752519961,151.55570290080834,0.00034387477,0.00089067087,3203.3512407555104,0.008268421,0.0015144899,0.07862574318445475,0.01863504975522355
-418.1786,32.77888,177.90646,24.049622,-22.076849,6.1418157,42.760994,8.3603,-15.072819,15.273937,39.5541,15.956172,-4.657253,11.194262,12.365011,6.0749006,-1.3169768,7.5914946,12.317001,5.567701,5.5916824,5.058151,-4.254122,5.3170333,5.693618,6.912557,1119.204095451167,677.7733146715045,1417.8436953583564,400.7994616123334,0.00016895522,0.00043104685,2208.8519952689967,0.009459562,0.0024407753,0.053120694968097446,0.033543873193473676
-389.66785,17.922342,167.65598,12.1886835,-40.53888,4.5661073,45.94821,6.505603,-43.35244,7.33926,40.97411,7.536579,-29.111128,4.7546945,24.112185,3.6290867,-12.823374,4.5407243,4.895566,3.6979752,1.9021815,3.1727197,8.671313,3.577085,17.10186,3.7531474,1547.244974484558,402.81001662624624,1761.9907557949182,165.42434980237766,0.00034291862,0.00049892615,3115.8694804959396,0.0077870158,0.001175912,0.08138096360208817,0.02021671534144056
-370.82074,21.253002,180.85545,16.283422,-48.390152,4.3076468,63.48011,4.3136024,-30.736992,10.877672,40.347473,12.587816,-16.585197,7.782338,14.858792,5.757824,-8.64277,5.0527368,3.6653817,3.4271505,3.631977,3.0841773,-3.335971,3.5458105,6.0432453,3.7876697,1328.4964043295072,514.6575976552176,1550.2315692165926,290.24776904829935,0.00024502905,0.00024402872,2844.7060003081497,0.009801934,0.0011539888,0.06009937826276102,0.024529289974918985
-387.89108,18.04715,192.43074,14.66948,-45.299316,4.6261272,58.416878,4.9569054,-21.79609,8.947873,31.17541,9.838934,-10.659112,7.236257,11.318611,5.087122,-5.0857086,5.2350526,3.9970772,3.795993,3.3750663,3.2146351,-3.1527762,3.1438653,6.445657,3.6701548,1092.6066719714051,402.98451332402607,1354.830099536677,247.45233684769985,0.00020139058,0.0007552177,2259.5124777950987,0.009728272,0.0010750487,0.047205807714617166,0.018217813102635406
-339.70563,21.55288,159.7481,15.3160715,-58.087265,7.781089,63.858875,6.47558,-40.12839,9.309311,35.490265,10.417185,-14.866578,7.256201,16.706621,5.017469,-10.441202,5.2674437,4.2855554,3.3283331,3.951133,3.7466228,-6.9837427,4.255375,7.31729,4.045451,1730.5105900102508,461.23511340680153,1710.5771157360075,212.02014729548972,0.00053322106,0.0009631633,3630.068382033063,0.009131154,0.0018625367,0.10077286651682135,0.03230330113095777
-429.74304,30.549261,183.4324,20.055197,-17.761528,6.1344814,49.41947,7.276277,-14.656419,12.396733,34.60071,12.6361,-4.649484,8.645666,12.785025,6.8598123,-1.6693941,6.619855,13.598013,3.7719474,6.088967,4.32638,-3.3959603,4.9857903,4.4765115,6.0613213,968.6479665070198,567.1669933330923,1348.6709637989036,351.5357082061896,0.00018181567,0.0011386184,1925.4980242169374,0.009473649,0.0019274617,0.03957004060324826,0.029267143198350363
-369.31454,22.401615,178.41217,17.32189,-47.002995,4.1282225,64.239716,4.4657426,-30.41564,11.297495,39.625877,12.443873,-16.356438,7.725624,15.189549,5.426087,-9.014016,5.6029253,3.3323145,3.377588,2.367763,3.1381133,-5.149821,3.6499891,5.574204,3.7118986,1352.1707752131651,533.5849956821173,1567.6422292403072,285.41422865034934,0.00032199326,0.0011729589,2915.600699227813,0.0098239,0.0012022953,0.06104082076566125,0.026910100907355378
-385.13327,19.60696,193.48354,16.530258,-46.41254,4.2238035,57.112392,5.2362623,-22.721416,9.608934,31.071846,10.490998,-11.758144,7.8594756,10.304984,5.6950455,-6.532899,5.2664294,1.6835561,3.757726,3.222711,3.2281454,-3.5950222,3.3802626,5.010215,3.7218533,1124.4185233782623,454.1471918664671,1350.1018910398504,278.47480772933665,0.00016918954,0.00022733337,2295.8341452472446,0.009642953,0.00092458853,0.052406965994779585,0.021354149831413462
-369.86572,21.864574,178.47157,16.095339,-48.080173,4.4296784,63.959713,4.93931,-29.688007,11.2871065,39.74363,12.114162,-16.555618,7.735069,14.9833555,5.4951687,-7.418357,5.6037955,4.20721,3.1865747,3.1065755,3.341799,-4.938215,3.5018837,4.919059,3.9325256,1354.168569788058,511.34589511790585,1564.0266882232845,277.041268876966,0.00026581928,0.0003998347,2909.355570711282,0.009766289,0.001223472,0.060704348535382834,0.025178827446777526
-388.21048,18.123943,196.98445,14.862975,-46.263195,4.613274,58.638424,4.7454214,-25.18977,8.856734,29.669632,9.996664,-13.062929,7.057592,11.893593,4.84634,-4.9218755,4.8934164,2.752514,3.9473414,2.2882233,3.0487053,-5.085295,3.0055838,5.412378,3.6501844,1084.6159005156549,405.2378756120067,1328.8950484476825,248.97559554702227,0.00016278637,0.00026982607,2205.079937645012,0.009713607,0.00087053725,0.049384380437935034,0.018112683443100318
-410.15668,29.939539,175.9276,19.943607,-23.116137,4.9521756,56.85677,7.002004,-20.107365,13.607221,40.62133,14.585188,-11.793655,8.513846,13.095761,4.8542094,-8.427395,5.419458,8.939232,3.2431836,5.218075,3.2684152,-0.84196067,4.0739717,9.313463,4.3219957,1146.6297504397035,631.9809712747577,1521.0443572055215,349.37478620598654,0.00017145932,0.00034109378,2383.0661003661544,0.009620242,0.0013676456,0.04410052022911833,0.03090258161051945
-382.2869,19.35665,186.33133,14.36936,-45.05543,4.0864744,61.801888,4.89974,-25.498482,8.778267,35.20628,9.924493,-14.630773,6.884957,11.125646,5.513268,-7.9537153,4.908116,1.5000051,4.0552907,2.57364,3.3202229,-4.7232943,3.0724487,4.8230834,3.2986422,1187.5534884575877,418.9685482862619,1444.2404123533927,250.7210471918749,0.0002094593,0.00047837224,2493.280128425899,0.009709829,0.0011059077,0.05112905126160093,0.018111960795725413
-374.01154,24.339157,183.29292,18.42162,-40.701855,5.2729654,57.268253,5.0634007,-30.340881,11.960505,32.2012,14.228413,-17.946653,8.601356,9.765602,6.1186466,-8.983762,5.7579145,1.808287,3.823795,-0.3903808,3.636309,-5.9023314,3.9275148,7.3759823,4.108017,1273.3456341406231,551.507210899411,1487.383418859389,317.2357986434647,0.0002303085,0.00035192957,2624.60269087152,0.009923563,0.0013670254,0.05851104807134571,0.02574272391857366
-382.5765,18.225412,170.06174,12.335022,-41.258926,3.9519546,59.804478,5.3104043,-28.814505,8.445234,47.904392,7.718393,-11.93272,6.4299483,23.25266,4.376648,-12.645598,4.209779,3.4907782,3.5513873,0.7697406,3.2874966,0.01642771,3.4389133,9.313514,3.4994175,1349.5280264949304,419.00473822663866,1665.3283866388797,203.5255018116577,0.00027547416,0.0005278671,2924.094074010296,0.0092325555,0.0011463264,0.057716882975638054,0.020390057548740494
-370.087,20.360643,152.93642,11.230261,-41.230686,4.2017207,56.277462,3.9494562,-47.670635,8.802858,37.885292,10.390431,-25.713875,5.198183,30.183634,3.3795273,-11.139563,4.8915844,-4.015581,3.4673297,-3.860598,3.1323686,-3.0372825,3.5481272,9.361033,4.280564,1801.5767840266742,444.9201400188731,1909.5576558554649,153.5158823354016,0.00045456633,0.00059154676,4033.8534113979117,0.008369744,0.0013418398,0.08909943264211137,0.024132974086043615
-425.96765,26.26292,187.9375,17.056753,-20.9867,6.180953,42.063583,6.9996324,-14.1758585,11.03522,29.000973,10.909294,-3.2014675,6.9259405,14.220094,5.1757092,-1.8750085,5.7002616,4.920214,3.7220173,2.3570101,3.2879913,-7.4538536,3.9004695,4.3774858,4.7977757,941.2904336644455,460.8019430023224,1281.1808286212643,291.5776755851764,0.000102135185,0.000163982,1821.6290467299884,0.00918441,0.0018282224,0.03635599441705337,0.018860509964143016
-380.35342,24.609972,193.33313,20.266909,-47.752438,5.349103,56.040176,5.6819587,-29.066793,13.4646635,34.451782,14.938708,-13.869628,9.383877,12.828738,6.30662,-6.740391,5.4462533,2.3954787,3.753481,2.6241088,3.1630611,-4.7028775,3.4515789,5.231138,3.9441476,1216.6851278241081,566.9177160198493,1402.912292471156,343.57527673410675,0.0002230397,0.00053504115,2460.630596541473,0.009777301,0.0012307927,0.05707565980278422,0.027057425654289733
-381.48825,17.030588,167.60237,11.884019,-42.701973,4.3851476,47.23758,5.930491,-43.74315,8.21439,42.362457,7.850104,-26.465364,4.7768292,26.371496,3.7413135,-13.538578,4.1427703,6.0731483,3.991853,3.7017865,3.2588854,7.653113,3.2769976,14.6364975,3.2505784,1557.4958248714588,416.5462830943425,1765.043970901768,164.83165468731954,0.00032876365,0.0005258589,3153.7149593061195,0.008448331,0.0011200457,0.08179787195475638,0.020195799552127008
-408.34567,29.927452,180.29967,20.367422,-23.888695,4.71548,58.578415,6.5791636,-20.86381,13.289785,39.640358,15.257868,-14.4508,8.52658,11.156034,5.3907933,-6.537065,5.8864007,10.9684105,3.2515457,4.907972,3.4705029,-2.8092551,4.39726,6.5644326,4.7303977,1132.5434471897527,624.0395266901292,1487.1945631229707,358.29214929544725,0.00015996289,0.00021197242,2335.927870323376,0.009538544,0.0013805986,0.04661669808584687,0.031283432740279116
-383.25247,16.003859,161.48251,10.687934,-28.539568,3.8538768,41.792446,5.2626553,-37.99536,7.5352354,38.698185,6.9920664,-22.585314,4.1792765,24.46666,3.4800007,-4.889461,4.429858,11.02007,3.1818914,-2.066716,2.8430173,-6.223986,3.1556292,5.18046,3.6819499,1488.5484483038526,381.3293777296623,1784.0422862947642,152.75185261204254,0.0002639402,0.00029898406,3091.1387715704755,0.009175063,0.001665855,0.07397404292343387,0.018140638777001204
-371.14297,21.86446,181.15428,17.008547,-49.586002,4.5391884,64.47021,4.334892,-31.694098,11.371365,41.568607,12.851016,-16.564512,8.79348,16.80718,5.9614663,-8.657375,5.0231223,4.0761847,3.3847892,3.1803787,2.9902012,-5.012129,3.9557865,5.8775616,4.37123,1347.5076240433345,542.4819255107587,1556.9986781730752,288.76289996023576,0.00026523348,0.00031880575,2883.9254073919665,0.009761845,0.0011907154,0.06122888268561485,0.028380830376029523
-374.30286,17.766932,181.39632,12.915464,-47.877583,4.043656,62.864853,4.07292,-27.367199,8.879002,37.309654,9.043323,-14.346107,6.652812,14.980919,4.587574,-6.527058,5.4797435,4.4726257,3.2565448,3.3420393,2.9511027,-5.1881924,3.3617797,3.5156488,3.8757994,1261.2204483353091,412.9199795275214,1508.1286628475275,227.5038717888133,0.00022182515,0.00021671291,2706.7136406068735,0.009609886,0.0011209255,0.056046983758700694,0.019270254489012907
-370.88727,22.08651,154.20755,13.282374,-37.533844,4.3240075,53.238033,4.292735,-42.367798,9.911674,37.04182,11.695129,-22.355398,5.8060427,31.153805,3.304462,-9.210219,4.856976,0.02485786,3.4375072,-1.5505649,3.1818159,-6.9340944,3.8785188,4.2078834,4.7637787,1712.1839305485912,512.211765396944,1860.498261258638,181.98618064794866,0.00041315195,0.0007233682,3675.632839689675,0.008793748,0.0016135193,0.08535632069315545,0.026678704085796083
-417.05145,27.299292,176.81793,17.645311,-18.448378,4.3178005,54.963104,6.353537,-14.171537,12.223058,36.03622,11.98848,-7.840822,7.5982585,10.993721,5.142164,-4.8661184,5.8556256,10.682418,3.44953,4.8970456,3.126709,-1.0179332,3.7471027,6.405322,4.6455874,1031.2335833270436,559.7941247192232,1439.9080887969867,327.5080586999706,0.00016918413,0.00072949845,2123.3436956206497,0.00952939,0.0013464758,0.0396448122099768,0.02817542853829132
-346.22113,17.210957,166.74881,12.513542,-58.47777,4.6506495,74.608154,4.1949606,-46.204628,8.789782,40.63524,10.961503,-26.154493,6.90723,19.400764,5.207837,-11.165167,4.982353,6.065358,3.1584282,0.24153909,3.241585,-2.143904,3.4128618,8.957997,4.1465416,1717.4442687089017,431.30342343097146,1776.8460125783981,197.43031918347438,0.00054477475,0.0011971984,3780.051388486079,0.0093061775,0.0012834928,0.09069229444605569,0.02420433789689121
-390.39465,16.373285,167.38728,10.841036,-37.56825,4.447234,44.328938,5.302618,-43.040394,7.5322614,43.81328,6.7630377,-25.766123,4.553571,28.240253,3.3567286,-11.242113,4.608385,4.4480853,3.6826293,-0.024702528,3.78996,6.8388696,3.2374642,17.083778,3.5583525,1511.9865827132817,374.45087239558495,1778.472756674918,145.73393309006542,0.00027968176,0.00028322625,3055.4166364559164,0.00844578,0.0012192756,0.07759253552784223,0.01844799924761959
-378.70242,23.055265,167.26006,15.5688305,-36.26244,3.6544766,56.153366,5.1166677,-28.562819,10.814934,47.325333,11.274455,-11.459443,8.553504,20.45089,4.1792707,-11.945309,4.2200127,1.6155318,3.227876,0.9474861,3.4953442,0.26416367,3.3338168,10.19817,3.7665033,1391.001257489027,551.8768792493848,1674.9609473397336,255.53802427466135,0.00026662237,0.0003362947,2975.803738127175,0.009462147,0.0013358819,0.06062844402552204,0.027992391553964817
-383.0852,16.897715,185.62358,13.40255,-44.462715,4.097254,61.667423,4.2516546,-24.354431,8.888296,33.5074,9.399955,-13.165383,6.2470765,11.7056875,4.8173494,-6.532737,5.215567,2.142462,3.4330268,3.400454,3.182507,-3.1581006,2.9719436,5.126516,3.801255,1168.9106300670526,406.5968593128172,1434.2072708686962,229.04326429395508,0.00018457463,0.0002393808,2477.6423266205047,0.009643325,0.0010588377,0.05019553908062645,0.01926011720966712
-379.8927,15.305831,158.10869,9.484839,-35.16657,3.8287148,49.54633,4.6276007,-42.29173,7.0508933,34.10435,7.309059,-25.392962,4.0020313,27.058716,3.3332503,-6.050416,4.357062,7.317213,3.3909855,-0.27812293,3.165847,-9.416756,3.4698672,1.1826355,3.5117006,1590.286987840792,358.37531513226315,1808.3582623027517,143.2056583952951,0.00032250816,0.00036525424,3410.23985825116,0.008684253,0.0013696437,0.080561874637471,0.018176741152203666
-374.54083,23.76032,183.77832,18.20841,-45.49874,4.725953,62.259533,4.7841845,-30.36595,11.337064,38.51519,13.851252,-17.070326,8.2098,14.447556,6.2684746,-8.162508,5.3975077,2.8506505,3.2142327,4.1166124,3.262573,-3.9696352,3.7374375,7.2297835,4.001371,1290.9814895101315,548.9338924234759,1514.331679254056,303.8193472388098,0.00024839272,0.0005089782,2713.4583794047276,0.009877419,0.0013614869,0.05815984810034803,0.027036776806064207
-385.84543,20.061186,196.96346,16.204012,-47.167236,5.485353,59.262665,5.1182733,-26.744848,10.333273,29.727242,11.430318,-14.646435,7.469718,11.17758,5.4373283,-6.08105,5.7668166,2.425112,3.8034616,2.9985316,3.1103158,-4.7901216,3.4456654,3.8700209,3.992053,1122.0326400838785,443.40175381743677,1347.7771710244697,282.8468299110854,0.0001880739,0.00045732054,2294.909866226798,0.009645719,0.0010409835,0.05091493256960557,0.019442479226128635
-386.61194,24.803562,177.34926,17.954548,-37.959293,4.181263,53.604446,6.047697,-30.598392,11.214512,45.81775,12.651195,-8.581077,9.765583,19.25836,5.389651,-10.332337,4.4184613,2.0654051,3.6589067,2.2749608,3.1648655,2.693811,3.712413,10.426055,3.9926736,1292.5145166567863,580.0192101738625,1560.0192588954924,299.57146288543225,0.00022883379,0.0003510092,2633.37085130873,0.009532456,0.0013180835,0.058315055829466354,0.02854129999893133
-380.06708,18.44773,184.82338,14.454207,-47.277534,5.033671,64.544716,5.6486835,-27.082705,9.4361,34.557354,10.316846,-12.685479,7.3115587,11.924193,5.522931,-8.05408,5.2202134,3.5142033,4.2243104,2.9246821,3.032572,-4.807265,3.437747,5.198776,3.9715977,1226.4272551126865,430.71252442168105,1466.6276932964486,245.71124571635028,0.00021290623,0.00037551534,2647.4848417560906,0.009684653,0.001023161,0.05393411941705337,0.021505052837746712
-362.54932,20.790792,157.90628,13.953951,-41.404762,4.479829,57.618275,4.9454293,-28.809748,10.087307,47.792725,10.585847,-14.692762,7.39158,22.846859,3.9317207,-11.311885,3.8183663,4.164766,3.3044806,2.1376655,3.3944182,-0.16710944,3.9252841,9.764027,3.796071,1573.6701242458898,518.8912066307918,1793.6540541397915,214.7386741982069,0.00039608864,0.00091391837,3442.6395849949245,0.009377238,0.0014546256,0.06867318916763342,0.028950605243000367
-355.25842,14.202973,149.63934,8.677708,-49.39636,4.675449,69.90525,4.420465,-31.046642,6.314494,49.01358,6.271483,-23.012707,4.385709,27.775972,3.4200037,-8.830104,3.9486015,11.400023,3.1949456,3.1111207,3.0988576,-3.3247414,3.2565703,6.165451,3.6174574,1766.5970985121055,320.08247999180526,1942.9556991346785,120.95062882658063,0.00047784377,0.00035104374,4010.4466697179523,0.009125276,0.001118971,0.08077599332946636,0.021256191138030515
-356.88168,27.253588,147.97858,16.813623,-52.37598,10.974045,62.946148,7.7564983,-32.216553,10.932786,34.117607,11.925316,-14.338763,7.872599,17.790922,5.359143,-8.039357,5.451088,5.041362,3.8337796,3.5543857,4.1589985,-2.9378884,4.0523267,9.698462,4.2901525,1789.917726447289,539.1972720535634,1762.183303277406,211.47903578422634,0.000515979,0.0006348656,3723.845231837297,0.008968599,0.0031542329,0.09475941669083526,0.04593601912388561
-419.13272,32.01151,181.83958,16.3489,-29.297565,8.388062,45.261356,7.2050576,-15.989901,11.387993,35.230156,10.859412,-1.0654253,10.577096,16.425138,4.8160543,-5.337512,6.017128,1.1778498,4.3793693,1.0573843,4.0553155,-0.5068406,4.606892,6.5084343,4.3606024,1048.2468727240005,492.8725607509641,1365.8214131751486,295.30435289116986,0.00012907789,0.00020357041,2056.820586662558,0.009225612,0.0021638197,0.04132717336136891,0.022983716669433916
-370.25616,22.313631,177.55417,16.639273,-46.6304,4.1526814,63.489006,4.400066,-29.579643,11.021012,39.46563,12.846026,-15.707736,8.429274,15.637675,5.6794257,-6.6966567,5.3577065,3.2867105,3.5460248,3.3017924,3.3367178,-3.7280805,3.82809,6.3954525,3.9852862,1344.419999446523,536.9537802797951,1564.6749434787262,281.4547972927286,0.00025221065,0.00026137053,2890.7201072179523,0.009826804,0.0014018693,0.0601526247099768,0.02743978724174788
-385.39682,19.632622,177.03697,14.191051,-43.379,3.578277,55.38438,5.1730704,-28.49485,9.203546,45.767097,9.397982,-7.9744043,7.4854865,18.232841,4.5465794,-9.738035,4.705254,4.501768,3.8563638,0.9600026,3.0761685,0.7496525,3.1959667,8.210953,4.2702913,1279.066301259149,467.12609739246534,1558.2815537257081,245.78713901785085,0.00022902605,0.00029112413,2678.0110299448957,0.009102325,0.0011774023,0.05450623549883991,0.02230618925103735
-362.38754,27.429094,174.02527,18.287216,-45.664692,6.7937374,57.319324,5.5912547,-28.244282,11.897193,34.904087,12.957316,-15.963954,9.039941,13.630472,6.310059,-4.8613577,5.779859,2.0433476,3.4683914,3.3260171,3.3360598,-4.497515,4.0600653,5.2486305,4.164344,1403.9234239129428,554.8826174445882,1564.0443965744685,297.4467016322632,0.00030387353,0.00042431953,2951.797464109629,0.00959788,0.0022615236,0.06794133374419954,0.02744035235979229
-381.62494,24.763235,188.27612,19.803131,-44.47978,4.9851885,58.478714,5.152165,-25.257008,12.576878,34.588642,14.028513,-12.9828,9.27778,12.337819,6.0057364,-6.417843,6.0549335,2.4021416,3.5560575,3.768955,3.3504236,-4.104225,3.9980054,5.094323,3.9952521,1211.4382679338732,557.0622654482733,1429.9914845684825,330.83461704463684,0.00020236237,0.00027296838,2506.7196449934745,0.009849312,0.0012146453,0.053928454901392114,0.0260289280890566
-380.4736,24.763935,188.0816,19.479595,-44.98386,4.652404,58.868156,5.466958,-25.98126,12.550535,34.31425,13.911011,-15.224756,9.085428,11.709334,6.3229804,-7.2526712,5.75045,2.3082025,3.4706903,4.7225633,3.0053053,-2.1701195,3.7830262,7.2522354,3.8254726,1217.951072122449,566.593912776699,1435.4946324909083,331.26459412094727,0.0002159054,0.0004320083,2516.7867921621228,0.009898252,0.0012655115,0.05526641350058004,0.026307528787012008
-381.53052,22.445213,167.5762,13.927136,-38.435333,4.7189355,45.917656,6.754789,-45.39907,9.864958,46.355133,9.911988,-26.287458,5.8757906,26.077953,3.6846774,-14.491827,4.7806425,5.836512,3.2841246,2.0103362,3.7130096,7.563844,3.4029124,16.030052,3.5620124,1589.4387323510311,501.1984389598179,1809.4889055373455,197.52827171636082,0.00035219043,0.0006638271,3246.517569061775,0.008628198,0.0014742078,0.08225896352958237,0.024447813982579298
-392.6136,25.269749,143.83894,12.950058,-22.420467,6.343678,53.16439,5.485127,-36.143368,9.149021,36.274296,10.779351,-17.216877,6.4662776,19.316982,4.163182,-10.244796,5.22726,11.739722,3.8290932,6.7288933,3.347062,0.42500067,4.372162,10.143283,3.9950786,1618.8140941622225,524.1978057496431,1905.2694027966795,191.19118495619247,0.00028500071,0.00096717384,3735.211365737384,0.009713068,0.001819317,0.06000421439965197,0.02733521805289165
-393.31253,25.995516,152.94273,14.3714905,-28.772675,7.1444764,57.53621,8.710494,-41.806286,9.231746,40.34348,11.72223,-21.229866,6.3297777,24.998505,5.362926,-10.264626,5.4985657,9.411203,4.061942,6.567358,3.9889963,1.9942832,3.9037051,11.558016,4.780638,1603.4222939005094,543.0910173314618,1884.296341446062,205.88072080568804,0.00027852738,0.0004636548,3652.675747262906,0.009440836,0.001463163,0.060015543430974476,0.02735918801846236
-387.25543,23.217056,166.64034,15.148393,-36.979233,5.937727,47.843357,6.8720007,-43.920734,10.031839,43.88662,10.558125,-28.6953,5.4327145,23.99754,3.3236716,-15.562489,4.3043947,0.7812806,3.3819098,-0.8890485,3.587172,7.215063,3.561411,17.400316,3.726179,1579.6602881563037,531.22241085168,1793.2054446279185,202.12074392605226,0.00031259324,0.00031927956,3193.159191016531,0.008424492,0.0013844201,0.08052335593097448,0.026855691721424657
-375.822,21.418896,164.66907,13.425608,-40.481846,4.2271333,47.343452,5.810441,-46.217262,9.544638,46.20729,10.286727,-27.013685,5.203982,26.279316,3.4293263,-13.718647,4.019664,4.9901075,3.0205119,2.4565504,3.4041367,7.1473403,3.4159799,17.506157,3.3284616,1623.4913472202493,492.4711283490849,1823.8138695811526,187.3041965119526,0.0003110496,0.00031011825,3382.2367019830335,0.009276163,0.001434045,0.07970993148201856,0.024126491296447356
-388.5065,28.43965,162.33693,17.576193,-31.916328,4.577444,45.783607,6.1759715,-20.278461,13.292761,43.73469,12.165827,-9.489956,8.667667,17.04139,4.8108096,-3.1947389,5.2929387,7.256284,3.9388742,0.829651,3.6006825,-4.9738107,4.6135345,3.3691065,4.623134,1387.9323649218577,593.1478474557641,1633.1463285996037,302.1610327534754,0.00029961634,0.0009865572,2829.792633410673,0.008691482,0.0019522632,0.06740207185324826,0.03015078368597902
-406.3316,16.467512,164.2766,9.902615,-33.759544,3.7229943,42.44797,5.1747613,-41.399334,7.1754565,41.822872,6.388802,-23.36489,5.4649653,25.282047,3.5973146,-11.293324,4.7421594,4.825478,3.2546113,2.9843292,3.5131247,8.646717,3.4708853,17.142479,3.2122295,1477.1538024014612,352.05102577307423,1761.3773046129302,166.9805936077632,0.00025431617,0.00025624814,3018.5953587224476,0.007774025,0.0012404514,0.07066143416473318,0.014488502873202441
-375.96948,15.81906,181.97534,12.665476,-47.76224,4.2962775,63.06756,3.9226646,-27.241573,7.7997136,38.469143,8.824416,-14.015086,6.375275,15.244814,4.631731,-7.1687784,5.4133887,3.9415898,3.6578555,2.995013,3.0064383,-3.7687883,3.1567273,5.0458617,2.8464527,1243.818914473134,381.1226556020887,1508.191904868534,236.70189715529068,0.00022981693,0.0003622454,2687.053976036833,0.009588434,0.000855298,0.0533212188225058,0.01565593725319828
-338.81302,13.923118,138.11711,8.993353,-59.903492,7.592454,71.336105,5.2164364,-42.397022,5.7691736,45.75521,5.6902113,-26.395252,5.0864325,24.603584,4.7832637,-13.976347,5.0345497,9.97464,4.157038,3.1705394,4.22628,-2.7349863,3.6188416,8.610072,4.310777,2030.194843613166,297.53090156799226,1943.4176143280856,119.28460905164611,0.0006146588,0.0012006366,4319.08092100493,0.008067829,0.0014305536,0.13756842734918792,0.022561796739906576
-339.80252,11.96638,118.48882,10.583707,-71.12931,5.5223966,82.105354,4.6642413,-41.598076,5.509988,38.38971,5.701892,-28.705727,4.6916513,25.380531,3.8058414,-13.703066,5.327216,4.6120105,3.2827706,-5.5309043,3.915787,-7.0897713,4.3133235,11.066803,3.207387,2537.101551469576,264.1304484839528,1960.8964442670995,88.351549200991,0.0017178571,0.0053382562,4832.755231746664,0.0070804465,0.0017402369,0.1780708472302784,0.04296640906707125
-378.2954,15.849063,154.36902,9.217784,-31.273819,4.0269136,50.3052,5.0976233,-42.652134,7.086517,41.927593,6.7715726,-24.83542,5.6701846,26.750961,3.4447498,-5.0396266,5.097529,14.545747,3.4369884,0.27933434,3.5469406,-8.044704,3.5618434,-0.91726077,3.3507607,1662.3085135958042,364.89034400997156,1928.69079632087,154.11228830992454,0.0003742492,0.000614139,3856.566703070621,0.008774871,0.0015510689,0.07788142582656613,0.015420298566429418
-394.34875,16.896402,182.04102,12.222381,-38.065918,3.93422,53.74414,5.1378846,-26.820107,7.944306,42.546494,7.9510784,-5.823814,6.6486197,17.91298,4.156376,-8.397158,5.0760074,4.124167,3.683695,1.1752713,3.3760092,1.5921918,3.448575,7.7172,3.1302898,1147.9330526658666,379.6425828634922,1483.3351930786343,228.31920837607612,0.000184784,0.00024645755,2349.142562264356,0.009181203,0.000991137,0.04580553944315545,0.015365002229051775
-385.5261,16.49373,161.27632,11.315315,-30.125584,4.5543346,58.987823,5.403194,-23.818436,8.237663,39.648746,8.290396,-16.050219,6.023322,22.51836,3.804255,-6.8224344,5.1382227,6.7314157,3.62246,1.3907298,3.4287617,-4.682246,3.4567182,4.2117987,3.3380346,1357.743474865058,390.0057591286581,1729.581185362607,200.74769555679384,0.0002780201,0.00064313033,3039.2292633410675,0.009120653,0.0012989129,0.049676669446055685,0.017282906515603946
-432.90863,27.186714,181.63878,16.538609,-14.42968,5.534132,50.36533,6.6923084,-16.744144,11.395692,33.180996,11.156849,-6.629533,6.9381175,18.665651,4.042487,-1.8046198,6.262912,8.056407,3.43224,3.7748299,3.1859574,-2.8105693,3.4367898,4.696889,3.5277267,931.3700729685494,479.24628020691875,1382.5418500348667,312.97734633133564,0.000104626146,0.00019673017,1837.4417121338456,0.009685616,0.0011475357,0.028109592517401392,0.019222756094087846
-377.349,13.715206,167.97708,9.883086,-41.890545,4.6352067,61.254154,4.685299,-30.289078,7.1466208,48.443,6.847175,-14.111831,6.193073,24.579199,3.959305,-10.953316,4.247775,6.582796,2.9409535,1.7259591,3.2587988,-1.3388969,3.266314,7.733108,3.079054,1388.845189729369,340.04760791730496,1722.1561888498902,178.71365775377998,0.00028859483,0.00029744333,3098.982652987239,0.009092979,0.00089872885,0.0556572650812065,0.016144301801517984
-332.776,8.806284,133.65424,6.8154454,-86.1138,7.221586,79.14619,4.1285396,-61.452866,4.9315286,59.020985,5.552161,-36.41788,4.357841,25.704752,3.7448153,-23.716825,4.762157,8.154307,3.693665,0.60077965,3.4493344,-3.192118,3.9106503,13.243309,3.347433,2621.4990624310153,189.45866558300264,2035.3645760868721,75.44517825167502,0.0018065003,0.0031743876,5134.3949390951275,0.006993349,0.0006668491,0.19749220562645012,0.015773820202257448
-465.14218,31.342686,180.6662,18.921219,-7.0248265,6.066788,44.38681,8.357982,-10.284574,12.914526,31.252174,12.407743,-2.996932,9.629598,11.751622,4.8973794,-1.4627151,6.857288,11.355535,3.3478346,8.358313,3.9976354,1.3605427,3.1970272,6.6777487,3.589873,847.3105224424854,558.9513899988091,1300.74724703747,358.32505989943587,9.392676e-05,0.00034909227,1649.7631099550465,0.0096359765,0.001229401,0.0205100783062645,0.019289693952147923
-403.90594,22.346287,173.2968,12.516783,-31.685944,4.983858,51.822983,6.919395,-21.198687,9.082235,39.467808,9.245701,-3.2987745,6.8633237,20.98815,4.966924,-4.734359,4.8699346,3.8746397,4.051205,2.3986814,3.36608,1.1043315,3.9473686,6.9051228,4.1025953,1150.4694598151561,383.6123917988756,1517.034891996307,239.72970650502634,0.00017066329,0.00016927607,2431.528297654437,0.009076873,0.0025392652,0.044444922781322505,0.01783715813402426
-373.0098,15.046666,183.27582,12.509876,-50.53204,4.73019,63.53632,3.8703878,-29.547808,7.771674,38.965343,8.392914,-15.5162525,7.731712,15.324326,5.028882,-8.049581,5.085005,3.0496519,3.2820196,3.121687,3.0642552,-3.9080846,2.941407,4.422019,3.1215575,1274.3771554710502,388.03419067952893,1511.9280168490689,232.65936259278718,0.0002404228,0.0003516662,2730.27026537123,0.009521425,0.0007535698,0.05704053980568446,0.017545080576675098
-421.49008,24.029089,188.38553,15.388418,-23.009544,4.732472,57.17098,5.6611466,-18.126587,11.206788,35.722797,10.753676,-9.157768,7.0894756,18.551842,4.016503,-4.050204,6.5096498,7.521777,3.4752328,-0.84025985,3.4856086,-9.636852,4.11016,-0.3855446,3.165209,955.5431298782266,451.9675150040748,1360.9106395043002,304.86060522546546,0.00011704456,0.0001940348,1910.0101054959396,0.009630272,0.000942877,0.036341266676334104,0.018060839589274576
-365.08954,12.186369,150.35437,7.1976047,-46.303528,3.4315436,61.09859,4.115102,-48.428665,5.220289,38.90247,6.150936,-26.501333,4.193086,33.27428,3.4656024,-11.91774,4.1402807,-2.0778904,3.1896086,-2.403821,3.2652192,-2.4735243,3.2735794,8.231164,3.3113348,1872.215905732273,270.6460823785594,1962.495400251379,108.2003496731323,0.0005271949,0.00040219963,4306.365839345272,0.00801234,0.001038707,0.0935574064675174,0.015186083020789713
-372.3951,16.893064,181.6805,13.429443,-47.195377,5.009329,63.248924,4.0351963,-27.461227,8.363918,36.49563,8.887707,-14.741682,6.4521303,13.705451,4.5191436,-7.4315386,5.349756,3.5335336,3.597158,2.0745492,3.0570738,-4.792951,3.3334506,4.208207,3.0739698,1258.3043090190558,390.24620587924585,1508.23976000066,248.51926734581767,0.0003452008,0.0017935628,2718.6543263304816,0.009620012,0.0008777656,0.054411071635730855,0.014912698922375334
-373.0554,12.496414,153.25363,8.241355,-21.23178,3.730037,46.37943,4.629005,-38.193295,5.889161,37.140415,5.9900584,-23.34688,4.9589586,19.713217,3.4874945,-8.580567,4.774472,12.965996,3.729313,6.0826035,3.5299745,0.9500351,3.4003997,2.6976037,3.421803,1560.055355702086,318.2163860721772,1902.9467066774992,136.55298215169302,0.00029344633,0.00035089516,3656.1730192321634,0.009585133,0.0013649127,0.06918639428654293,0.014298332507072518
-383.46494,15.495289,184.81871,12.008383,-47.453915,4.2688804,62.276485,3.7721977,-23.794447,7.810134,35.230377,8.336589,-11.590622,6.204116,13.369786,4.6193805,-6.35052,5.167231,3.6803396,3.7841995,3.4666073,2.9036708,-3.2862403,3.2391477,5.010728,3.097169,1176.3829748346716,356.5184022782935,1447.0964729929235,229.72173905113362,0.00017703924,0.00017819578,2528.0530040059457,0.009587412,0.00088497024,0.04819936376160093,0.014056749435737242
-383.37268,17.650642,186.86981,15.061887,-44.79695,4.996781,63.163204,4.513942,-26.22547,8.786572,34.98234,10.382109,-15.609797,7.8328357,12.330778,5.2997675,-8.065461,5.636639,2.0301192,3.417895,3.40746,3.0919344,-3.4820025,3.1723669,6.188464,3.07073,1184.2637169016587,433.685361432197,1450.2603768379186,274.0602246092663,0.00026635636,0.0013750861,2511.740728320766,0.009667266,0.0008718196,0.05018421004930394,0.017496091040817337
-468.49356,29.627823,182.53099,17.205978,-6.103033,6.119015,46.50311,7.5185657,-9.109803,11.6070385,31.269974,11.412693,-0.70729023,7.688445,11.849637,3.9320247,-3.1529448,6.6573644,10.34237,3.7832525,7.215903,3.304941,1.8546466,3.649899,6.8997245,3.3280654,801.9887915405847,495.97774750588934,1272.2038592471706,339.3879991156924,6.0465212e-05,0.0001300368,1548.0174761637181,0.009663754,0.0012488278,0.019134733903712297,0.014745353541698696
-356.61826,17.557451,166.88992,14.137998,-56.555946,7.612245,66.29994,6.1242094,-33.235943,6.4103956,37.965797,7.32926,-18.01148,6.3225408,21.155005,4.069739,-7.0322204,4.8763957,7.74755,3.624764,2.0976586,3.410667,-2.407115,3.3601646,8.034104,3.480347,1543.8348331366662,355.73241245371815,1675.6195450058815,179.35735937995418,0.0004272168,0.0005922271,3308.793990628625,0.0091295615,0.002016466,0.07596568662993039,0.02183818641694857
-388.76385,19.783775,188.9311,16.436806,-39.419556,5.218246,55.735508,4.6508055,-18.685001,10.140594,30.243504,10.524933,-9.05248,7.7654567,9.959478,5.0155377,-4.569604,6.384274,3.8397434,4.0187006,3.468439,3.5400095,-2.8336136,3.3544056,4.9773655,3.2095075,1091.2622726253078,444.15456757458935,1368.5057529632804,308.7190585713192,0.00023712077,0.0012992404,2275.150279600493,0.0097852945,0.0009864509,0.045191505945475635,0.015354236945502602
-361.93207,11.821301,139.89496,7.839133,-77.57983,4.995972,58.856556,4.332137,-46.55085,5.6828146,45.570827,5.725397,-27.768044,5.9509544,13.642929,4.0569997,-13.601,4.863207,9.442671,3.5784268,8.185251,3.401454,3.9374142,3.4066627,12.276657,3.9734337,2112.0499311419344,240.87327834233443,1779.6712318052148,119.23638013214484,0.00074048276,0.0019807531,4146.565490864269,0.0077129086,0.001027578,0.13804764537412992,0.01383594220079448
-372.75668,17.93726,185.93391,13.438221,-51.864796,7.7862234,62.23674,5.556753,-26.75939,7.8291035,32.78088,8.374878,-16.497393,6.365366,12.8339615,5.1747575,-6.4319906,5.1875496,4.7350965,4.1505632,3.6521544,3.2274055,-3.7929165,3.6845872,5.1828346,3.2900765,1238.922724008877,379.7957296811726,1451.7177855354869,231.05976802671032,0.00022046303,0.00023005244,2600.571436339907,0.009526777,0.0008010095,0.05776446490719257,0.018027137396943685
-385.48117,17.71754,194.26341,15.787345,-48.15283,5.860323,59.954647,4.8007197,-27.152634,8.95668,33.68725,10.944236,-15.013752,8.109759,13.02367,5.389198,-6.185243,5.7238164,3.3091676,3.2221384,3.171894,3.0191839,-5.4161267,3.0745168,3.6402304,3.2334888,1144.4103414404904,418.9880525976623,1385.2573514721566,285.0861512793988,0.00024711195,0.0012076204,2357.685898074971,0.009499802,0.0008294421,0.05239223825406032,0.018762048415534537
-385.70953,16.877735,194.63945,13.26364,-48.259422,5.6403894,57.617805,4.786847,-24.95158,8.295289,31.721642,8.764952,-12.406708,6.598624,11.869537,4.791321,-6.0097346,5.3775387,2.4565818,3.9109719,2.932029,3.3415458,-4.1416826,3.2884717,3.8416638,2.853597,1110.1747083914106,354.84734105880426,1353.0859781317668,243.96600777063782,0.00017539649,0.00028323437,2271.528105060905,0.009467097,0.0008702582,0.04978202943735499,0.013545275061844877
-381.18372,18.017923,164.1927,15.964643,-61.148335,5.371676,37.799824,4.9914136,-21.011204,10.992166,12.044247,11.036902,-21.871298,8.142884,2.4541214,5.926055,-11.761478,6.150546,-9.499204,5.099851,-2.0263045,9.847342,3.411229,11.204332,14.023605,8.331656,1451.0536816753781,397.42232333222904,1382.937956557908,252.6024998782048,0.000254116,0.0007294859,2731.0446613072795,0.009023858,0.001547164,0.07619226725638051,0.018739935234526914
-390.26645,19.126925,165.8133,11.86688,-27.391045,4.6795545,57.747887,5.861664,-23.779203,8.9871435,39.735615,7.723483,-16.591167,5.7659054,21.328636,3.9014916,-7.5188923,5.676398,6.488708,3.7980793,-0.04813284,3.4234476,-4.943518,3.8928914,4.773943,3.2524858,1283.931511805026,402.9236279127546,1686.7868273264664,222.57579864416851,0.00026853435,0.00082637987,2823.5225243800755,0.009265092,0.0013552116,0.04592562717517401,0.015084142295359588
-382.64233,17.094593,183.43341,13.447558,-42.457184,4.9687085,58.55062,4.503842,-22.018353,9.126213,33.515438,9.579976,-10.535989,7.9624267,11.973947,5.499405,-5.2784657,5.388522,2.8807538,3.2643368,2.9650545,3.024326,-3.9534936,3.25603,4.941207,3.1019225,1161.9062838715424,408.1137562117242,1438.9765534625392,259.01129021124456,0.00018553,0.00026673672,2458.956902099043,0.009745522,0.00097013067,0.04811099731728538,0.016826310734721822
-394.183,16.8207,157.48453,9.334995,-28.876514,4.1283317,55.019466,4.36321,-38.790035,7.1330175,41.415646,6.5190487,-25.007545,4.31966,22.26014,3.4177198,-8.801048,5.4014993,14.890426,3.2552013,2.435345,3.1410077,-3.9961958,3.4953804,0.54001164,3.261911,1517.3305769492727,368.28749438116114,1871.670129182646,161.42760181197602,0.00023944379,0.00019954018,3511.286037648637,0.00907228,0.00094455364,0.05790721070185615,0.015896449623334953
-372.81985,24.681995,188.14943,12.94963,-52.596287,6.818712,63.325443,4.351599,-32.94392,9.943465,34.023987,9.349501,-19.774498,7.7405295,13.947339,5.936431,-10.244913,5.412483,4.0676284,3.4783888,1.848965,3.9714093,-5.687766,5.10541,5.6444206,4.4668846,1268.8389649257003,379.70548693112727,1475.4429347997516,242.95585511926885,0.00024309209,0.0002638497,2672.090648111224,0.009365712,0.0013427893,0.06138409041473318,0.017982389808777532
-380.8132,16.22046,161.93547,10.088801,-28.08083,3.8507266,43.62873,5.7391176,-39.336395,7.261051,38.96991,6.17281,-23.39925,4.181754,25.3226,3.3984854,-7.5927844,4.6106796,6.613323,3.5303876,-5.9168906,3.412708,-6.8271155,3.6371133,5.4100294,3.0597637,1511.2705579046187,363.2396074320798,1819.73289442227,166.36501875039335,0.0003246595,0.0005867685,3224.784521824246,0.008582652,0.0012015208,0.0728547346287703,0.01644411913111107
-361.25748,11.181131,161.61084,8.184049,-53.553185,4.318521,61.82957,4.26983,-34.08131,6.184999,51.75225,5.660233,-16.476496,6.022939,26.648129,3.683085,-14.0765915,3.6741633,5.8150625,3.1655498,1.7045568,3.3345802,0.3609487,3.1597002,9.799668,2.8602748,1608.5554033752608,300.3560657612311,1804.5694726427962,150.54052644559187,0.00041482053,0.00041146987,3548.407081550899,0.008848298,0.0007952653,0.07671793430974477,0.016224061667936773
-367.26868,13.693563,146.69225,7.392462,-30.233051,4.959335,56.41771,4.8171396,-32.879597,5.843709,33.316833,5.3689713,-23.8559,4.5651903,24.477903,3.1714914,-11.931051,4.26541,8.305725,3.4620569,9.723582,3.702437,0.87599456,3.47283,7.671993,3.3345807,1640.61706582476,300.225422306031,1908.3060186165678,126.82788617785326,0.00029057692,0.00020851986,3717.924850003625,0.010118332,0.0017916271,0.06911955300174014,0.015672410119800903
-375.3542,15.192509,180.10687,12.201531,-45.677532,4.3405566,62.526737,3.7134473,-26.65824,8.116871,36.178993,8.771091,-14.241257,7.076666,14.434167,4.828112,-5.987922,5.447156,3.163755,3.2978098,2.3303874,3.1747892,-4.942997,3.1796062,4.451654,3.0735798,1247.344506732543,373.354773555752,1513.2103859778822,232.8166379778322,0.00023647177,0.00041992086,2702.4169921875,0.009540786,0.00084387505,0.05327930140661253,0.016592433447925884
-382.17026,15.906125,164.3717,10.457214,-41.620403,3.8767483,46.457764,5.819858,-41.72773,6.9824805,45.86904,6.1641116,-23.734121,4.83661,26.213474,3.3725438,-14.508013,4.6933293,3.989772,3.8598971,-1.3128675,3.4414384,6.4862046,3.223239,17.275545,3.3596072,1589.2133352638978,363.9398759566302,1813.4844189866023,161.94580189950307,0.00038109018,0.00049404526,3342.9923143851506,0.007889175,0.00093642453,0.08300667959686775,0.016201611531050247
-386.36752,20.725616,192.25127,16.618166,-40.86764,7.144454,50.185287,5.3866816,-20.355032,10.216379,28.144222,10.767605,-10.184616,8.740772,10.200152,5.898648,-3.4837434,5.546654,3.3088753,3.719156,4.1058273,3.2317753,-2.8724582,3.190087,5.0821285,3.3289714,1087.0296069260999,437.44534221312716,1330.3218553867257,293.2544807317179,0.00017962129,0.00041845668,2190.166570747535,0.009668213,0.0013518508,0.0486264682424594,0.017517954347729008
-382.0182,17.296347,186.28694,13.667937,-46.011074,4.285347,62.31113,4.614232,-25.246532,8.391489,35.36424,8.752409,-13.559048,7.061351,12.385083,4.469414,-7.0659723,5.881086,3.5358088,4.0035505,3.7799761,3.160124,-3.05935,3.2662528,4.7928867,2.8959835,1181.3652281476968,398.40762910705945,1447.039376079423,252.55190828328767,0.00019252635,0.0002490756,2510.391780561195,0.0096801,0.0009116534,0.048932352088167055,0.015969574704973
-342.27493,12.108689,155.75496,9.324905,-98.825806,5.426146,58.214672,6.5684943,-54.10304,6.111593,36.317066,6.492694,-37.63965,6.6966486,20.114872,3.9288592,-16.62126,4.738751,7.726876,3.4123535,-1.279471,3.1741781,-6.178428,3.2854578,5.9320555,3.552066,2046.166233089385,256.03791891685665,1666.937314093777,138.87293587993014,0.000869699,0.0007569664,3790.842970562645,0.0075141885,0.0011682018,0.14332697397041763,0.01717859896927705
-372.5989,42.417843,183.13689,13.346954,-49.088512,12.13469,56.974606,5.8712697,-31.650097,12.591666,29.825815,8.709396,-19.746084,7.824435,17.944473,7.2084804,-7.4924927,5.5011463,3.972037,3.9416947,-2.5798562,3.6654046,-10.770102,3.4534228,3.9115927,3.0907433,1297.4226983121146,391.66316655424527,1490.5840597258452,241.57687404102035,0.00029140644,0.0005902582,2647.160095073231,0.009076584,0.0021176524,0.06430244888341068,0.02116420954140627
-370.94867,18.34967,183.42421,11.647223,-49.218006,5.5231376,63.044086,4.2224894,-29.08151,7.5544887,34.80208,7.992597,-17.743498,7.3686867,13.3396015,5.3265524,-9.451153,4.633309,4.171338,3.5916662,2.8943188,3.0204554,-3.4140284,3.0414407,6.4089284,3.2449493,1259.2266710633662,348.1246811878082,1497.6394861028698,215.969901085657,0.00023818275,0.00025244794,2683.7565481801043,0.009518216,0.00089322135,0.05842721323955916,0.016512974074819116
-387.67227,17.065256,159.78175,10.460837,-33.351036,4.359907,45.06897,5.4503155,-39.472843,7.331828,37.681297,7.202887,-24.565874,4.5561233,23.091373,3.4188392,-6.686131,5.202944,7.767149,3.5157375,-3.7817054,3.3376675,-4.4613733,3.3714287,10.411279,2.971373,1534.977309482536,377.4285344622559,1782.2267564857036,175.307184888422,0.0003197956,0.00080804364,3228.4066963638343,0.008640508,0.0013090039,0.07656046077436195,0.014644736828973768
-337.54807,14.503976,153.54832,9.47703,-71.32189,7.706489,74.76284,6.192348,-42.932865,7.386716,47.580025,6.7872615,-31.934666,5.994551,25.898956,4.075792,-18.489597,4.6999154,12.349782,3.803305,-2.1017368,3.4081883,-2.3029313,3.5169175,11.8456745,3.6314547,2043.1526336683944,300.35877411357166,1922.1592031671842,159.6976227339476,0.0008873678,0.001179924,4187.633455988979,0.00822198,0.0009899195,0.12428287231728538,0.022371893701533405
-377.82056,17.194824,154.39034,9.572015,-30.322313,4.646064,63.479485,4.865139,-25.583473,7.905517,44.35463,7.731273,-16.701881,5.2464914,25.573648,3.7389066,-5.299346,5.08988,9.476927,3.838428,2.9280677,3.2008414,-3.5821447,3.2657197,4.4420238,3.4823396,1471.5924636933998,361.548596519075,1848.676122797376,177.2258635467972,0.0003126128,0.00047291207,3454.4054071200694,0.009282704,0.0013029338,0.054586671621229696,0.01879483858509315
-393.2325,15.329688,170.51822,10.094819,-36.378414,4.7646065,45.265488,5.409942,-41.085594,7.1809855,41.340332,6.8990226,-27.75168,5.3411994,24.847822,3.5380232,-13.90163,4.6518145,3.0468655,3.4833555,1.4203609,3.6749127,8.331298,3.238237,16.157663,3.0375583,1464.5705822884167,344.00607945654787,1743.487559630422,167.82954706949872,0.00032212024,0.0008812549,2903.3602473354117,0.007998141,0.000930379,0.0751058131525522,0.016740899963599096
-364.71948,12.403906,144.4503,6.6366305,-39.274754,4.8247266,62.38381,3.9076474,-41.7969,5.9832845,32.916073,6.593561,-21.989315,4.880119,28.885353,3.8127394,-11.325075,4.112023,8.810832,3.593923,9.8514805,3.5359697,-8.25765,3.241569,-2.6004062,3.2094874,1799.2775108545404,269.43806655792315,1941.53035231967,105.41640124598753,0.00045265054,0.00073675934,4074.4217662412993,0.0089460695,0.0012426415,0.0803692811049884,0.014619401759116225
-389.37573,14.186254,156.16615,8.71539,-26.994362,3.8238587,54.03785,4.5827503,-37.18864,6.3281612,41.39692,6.1982503,-23.864218,5.1555953,22.527985,3.369353,-7.567037,5.072403,15.132226,3.4791315,4.780757,3.342723,-2.2917476,3.235472,1.6812419,3.360274,1512.1312346190186,344.5578212610987,1876.2360639178216,144.28800529428528,0.00025259104,0.00032464686,3525.100261927204,0.00927329,0.00094935775,0.058598281612529,0.015842140842729377
-384.6528,14.452424,166.78531,8.976865,-31.78092,4.884665,48.223076,5.4383345,-40.103844,6.481078,42.077156,6.0463347,-21.89551,4.460438,27.678068,3.892051,-6.849788,4.6694903,5.9001074,3.9187229,-6.797219,3.2116528,-6.9939666,3.180756,5.6305466,2.817757,1446.5971963968802,319.3627699119705,1776.1895575252163,153.8596885652108,0.0002851826,0.00040473597,3067.507205263921,0.008753381,0.001060185,0.06778046149941995,0.013810061486853856
-400.10358,20.061726,182.563,14.926572,-34.561565,4.4513226,50.56163,5.7206926,-25.059523,9.688709,41.269768,9.180327,-5.8003545,9.250553,17.682766,5.1440034,-8.608928,5.7730956,1.417913,3.6713712,1.127685,3.496813,0.3686603,3.5673501,7.630813,3.4975355,1132.0022438610956,464.7153182189011,1451.525493233522,280.51278355112646,0.00021616068,0.0009696389,2241.6763907518853,0.009337089,0.0012287587,0.04710044772331787,0.017495529846938352
-376.56912,14.512348,165.02547,10.133009,-44.453888,4.0839148,60.499657,4.7426944,-30.951385,7.5460796,49.996918,6.6533284,-13.478296,5.8324504,25.664682,3.5015583,-11.744091,4.2617836,5.9262176,3.5978086,2.3762152,3.2619417,1.9525716,3.327287,10.169147,3.1156702,1444.7197661485516,354.7595615630633,1753.1771164181562,181.82039076218234,0.0003308685,0.0007035893,3226.208411126015,0.009137147,0.0009354587,0.05730224042923434,0.016980894543041858
-388.32864,16.059954,168.01622,10.718762,-36.354187,4.3486524,45.255657,5.264503,-42.46596,7.546245,42.919292,7.1369386,-28.326942,5.035932,27.207018,3.6192935,-10.495638,4.991479,6.2568517,3.4497366,-4.018684,3.5325522,0.8038186,3.4174016,17.15046,3.214104,1509.9989477506529,371.44813204274215,1791.4683537617611,171.88542821626166,0.00031647156,0.00071028166,3092.5126998441124,0.008514834,0.0012132785,0.07466624673723898,0.01716148715686003
-384.70132,15.077631,173.23988,10.908909,-44.63852,3.6407242,57.921635,4.868298,-31.820824,7.5306582,50.108196,7.405541,-11.472488,5.9586153,23.861847,3.5500126,-13.353008,4.491732,4.4948277,3.5831375,1.4447571,3.2026408,1.6202747,3.2070348,9.382998,3.2558603,1343.0384205091423,364.41382389287065,1649.6860721184091,198.64215074753886,0.00024226417,0.00018820495,2869.3867482054816,0.008994216,0.0008058927,0.05871497063515081,0.014545062314507706
-384.59164,14.366023,154.11336,8.798592,-18.185606,4.2068486,41.04848,5.1565175,-36.763187,6.5710616,32.795677,6.856601,-25.443127,4.590672,19.973043,3.798154,-4.063493,4.8775077,14.103661,3.4669259,5.6292458,3.351079,-0.8340411,3.203534,3.5622613,3.503389,1498.651131408631,335.3963177961649,1848.333480065219,153.06899961063766,0.00029150376,0.0007194656,3304.0976539841936,0.00916497,0.001485924,0.06912295171113689,0.01594304723609915
-417.88776,20.208738,189.24083,15.124928,-30.04285,4.8298926,55.366608,5.5817094,-12.398481,9.565949,30.334455,9.99471,-5.871995,7.980226,10.339146,4.747222,-2.2088985,5.8044906,4.7689443,3.9602935,6.841465,3.4619074,-0.40814346,3.2018418,5.1787553,3.107063,923.4099629138328,403.46858440715226,1297.9567581717315,284.08109968001116,0.00010854205,0.00020318058,1918.0038699970999,0.009905599,0.001498524,0.032437282482598605,0.015347050570172561
-408.49442,21.127012,176.57043,14.848714,-22.766336,4.819576,55.47717,5.7027817,-16.906685,9.726786,36.061916,10.417037,-8.87918,8.028026,11.45298,5.116337,-5.5795693,5.592179,11.227263,3.443003,5.1803837,3.403777,-3.4488387,3.5920694,4.076274,3.2532523,1059.299523066251,460.0191619629632,1469.8208098650246,285.79646162631997,0.00015191092,0.0002527977,2192.8894467807427,0.009324237,0.0011234407,0.04027130764211137,0.02174940375505599
-393.10132,14.602118,167.06714,9.54263,-37.225014,4.182406,38.338062,5.5483503,-43.63623,6.6227255,42.83803,6.2314196,-24.341833,5.022854,25.238243,3.6027513,-10.444114,4.405794,8.064461,3.2906914,3.189232,3.3021224,6.988336,3.2138216,12.341169,3.328147,1512.3515434002554,325.8565812926736,1762.145144529166,150.8841316719948,0.00031305203,0.00038286494,3012.625015860644,0.007627768,0.00084162585,0.08063438043793504,0.015864850653080347
-363.6611,13.9584055,147.02782,8.529034,-41.707268,4.7843075,68.9858,4.4474354,-26.871868,6.8311715,46.686592,6.4290304,-21.752192,5.575218,25.21181,3.7872655,-8.676211,4.6842356,11.1083975,3.3366802,4.312925,3.192059,-1.2705283,3.267184,8.834867,3.1112885,1702.4917807415816,340.1767939315267,1949.7384905234783,146.78390246774467,0.0004300585,0.0005158791,3951.392734465632,0.009283584,0.0011834026,0.06782011310904873,0.02159401646740072
-388.0438,16.329971,197.38312,14.3733,-43.088528,5.1044135,54.24996,4.853449,-21.26718,8.348358,26.477676,10.354337,-12.140029,7.6633005,7.8203087,5.529935,-5.7896414,4.764154,1.4237608,3.2393825,3.7893734,3.2621179,-4.671868,3.1673348,2.484678,3.2955644,1051.0928917774356,355.8503991190372,1290.6898935466388,260.38219067337417,0.00015153528,0.00032436883,2117.648138413573,0.009587029,0.00084120047,0.048815663065545245,0.01391003120365488
-374.66748,33.90613,192.16019,14.318488,-62.082096,20.385834,53.703453,6.0491495,-34.730465,9.474557,27.5869,9.7594795,-22.048763,7.793907,14.11305,5.1930156,-9.795452,5.18157,5.6939654,3.7980478,1.2474662,3.1246874,-4.3585978,3.4569833,6.3525553,3.5100038,1312.9443368128366,390.02926280629987,1400.5851885624568,247.90689128124544,0.00027866673,0.00033509792,2573.892247317285,0.00852136,0.0023812174,0.07302467009860789,0.023757863001188456
-390.57578,15.882501,165.67891,10.405573,-36.35585,4.5542274,46.94567,5.355237,-43.655308,7.1381965,40.83882,7.0530667,-29.515697,5.0376363,24.647686,3.506335,-11.197669,4.657498,4.907149,3.3142357,-3.1192594,3.1078322,2.63389,2.992022,18.11479,3.0910673,1533.2321884641754,361.0685133401569,1795.7899854315656,165.46626723174526,0.00031823138,0.00075847085,3209.646330300174,0.00853556,0.0010170479,0.07485204285092807,0.015921277214477808
-387.37677,15.746683,191.48352,13.578631,-45.58978,5.3551664,57.87871,4.6665688,-21.876595,8.399364,31.355995,9.554014,-11.83212,7.7958536,10.888988,5.474805,-4.404748,5.07086,3.1809578,3.3883073,2.5130885,3.3619738,-5.1476636,3.4167175,4.15669,3.0247953,1104.1291054730088,362.9139294289083,1364.9026437902737,247.64213575046116,0.0001813426,0.00044798435,2284.717816487819,0.009533303,0.00091328344,0.048036225710556844,0.014259820448584726
-375.64337,21.581573,181.39288,13.817191,-45.248608,10.011182,57.208595,7.398615,-27.808771,9.247174,34.634087,9.903311,-15.001676,8.027007,14.395542,5.0610166,-7.9854727,5.8891892,1.319431,3.6325758,-0.39435723,3.4885154,-6.1947646,3.4963515,5.0768037,3.576886,1261.4187274639623,391.94470775329995,1496.9148292095208,257.1819370587667,0.00024374666,0.00058411196,2630.847819388051,0.009579533,0.0013018973,0.05624524180684455,0.01801310258752259
-407.41885,19.86271,182.38852,15.228325,-28.543825,4.8901343,49.19541,6.3469357,-22.477348,9.5461645,37.45262,10.052017,-3.8021288,8.541439,17.539507,4.942587,-4.7603993,5.9110584,2.9243724,3.3586295,1.1464751,3.775582,-0.84985715,3.2777264,5.0701203,3.0283928,1068.3351645766807,454.4758437573512,1423.124962600455,286.5012989678723,0.00017751106,0.0005695285,2122.2445530017403,0.009291254,0.0013965254,0.04054886890951276,0.019027292830183482
-383.81927,14.956147,169.01437,10.578243,-39.328976,4.1902237,45.46793,5.687777,-42.690056,6.9196734,46.468822,7.1453667,-25.126123,5.2728815,26.965792,3.5105243,-14.514442,4.490541,5.7184596,3.3303075,0.11064328,3.3421152,5.6032934,3.0584502,15.766085,3.0493414,1530.8689663998703,367.1178211137546,1793.6122593876719,168.90219549733405,0.00033610722,0.00035827231,3142.848435687355,0.008129481,0.0009870462,0.07823942321635731,0.017642885366371323
-385.76202,15.692026,152.54881,8.883475,-27.168327,3.7596886,51.31418,4.58044,-35.74299,7.4290648,41.893375,6.361217,-23.12969,5.61155,21.60793,3.5916576,-6.3191953,5.3942504,15.442152,3.30262,3.812751,3.4219735,-5.0719233,3.5121002,-0.90161544,3.4105947,1556.5372320439897,362.46848919185203,1890.911630756891,154.0208569242332,0.00027656995,0.0004332714,3617.4032614015373,0.009186793,0.0010880422,0.06421408243909513,0.016174114938757676
-401.06345,15.893302,166.66899,10.203972,-32.60714,4.489962,45.122757,5.4633393,-39.85006,7.061094,40.94854,6.774121,-27.080872,5.116102,25.457848,3.7192154,-9.02236,5.226227,4.276694,3.2890265,-4.626721,3.7290118,1.971,3.133814,17.40333,3.2714276,1456.1238742604398,352.9515392447781,1761.5503604608127,165.0057593487696,0.00027688302,0.00052706775,2947.5008156902554,0.008061751,0.0010024195,0.07097411542923433,0.016878294885341087
-380.2382,14.609788,182.83235,12.537329,-44.53043,5.0212173,59.786293,4.105674,-22.929369,7.658796,32.488205,9.02227,-11.712649,7.2977467,12.839762,5.0943027,-5.257043,5.025799,2.4692369,3.5750709,2.9998114,3.1585715,-4.841671,2.9267542,4.5147376,3.1539736,1187.0770503099016,371.9582753725924,1449.0449441662054,230.05144724764537,0.00020251334,0.0003691926,2536.5463787884282,0.00959209,0.0008985715,0.049934971360208816,0.014211187828150054
-394.60486,17.740105,179.90628,13.383201,-37.764114,4.081007,53.776184,5.3444667,-25.941095,8.379807,43.770718,8.851535,-5.281702,8.070557,18.731634,4.570462,-9.158173,4.959387,2.5141618,3.4357162,2.3829508,3.59626,2.7866104,3.2446141,8.88667,3.0789223,1169.028371924717,413.6637646952606,1499.943155212479,253.59422369830955,0.00018568548,0.00027288933,2413.092678273637,0.009308173,0.0009954801,0.04810080118909513,0.01763771701604408
-396.68808,16.9734,180.41075,12.968187,-34.960415,4.5735207,53.56688,4.936622,-25.185501,8.36399,41.715622,7.550776,-5.4974375,7.292254,19.194073,4.8623,-8.074615,5.355915,4.0081863,3.3987854,1.1786995,3.2737029,-0.65663266,3.1401017,7.3670826,3.283289,1136.8056295211209,404.74174812407574,1488.6207029978873,240.86004898393338,0.00017959242,0.00024602865,2333.4797799448957,0.0092149,0.0010047625,0.044501567937935034,0.018195868733373293
-381.61096,14.922556,171.05351,11.44355,-42.9021,3.9072986,56.032764,4.8867736,-31.113997,7.513658,49.335068,7.2482147,-11.5377865,6.746654,22.83796,4.104994,-13.304966,4.438565,3.4373345,3.4271193,1.1279901,3.4027927,0.9203067,2.8429928,9.199419,3.0124996,1366.1079264431655,383.2700522666934,1662.3765921786053,206.48320385688334,0.00028766674,0.0005986495,2913.227550391531,0.008974156,0.00085626176,0.06117223752900232,0.017831315381105453
-385.84766,18.539242,189.52878,14.962908,-46.225338,4.948728,59.591076,4.5244584,-23.113363,9.395915,33.34447,9.767317,-12.866927,8.034796,11.898662,5.7207623,-6.1483088,6.379534,3.9524424,3.6553435,3.4641323,3.217898,-3.925872,3.399188,4.6730666,3.3703108,1148.5030541934989,427.5985319828174,1402.5047475122276,277.32500133669976,0.00018335489,0.00024323771,2393.8576824427205,0.009544245,0.0009370137,0.04943309527262181,0.018420525635066385
-385.21667,15.485366,185.43747,12.464197,-43.82007,3.9681275,59.820038,3.9506845,-21.58366,7.677834,34.026653,8.911204,-12.325778,7.0950584,11.471294,4.772557,-5.548153,5.176611,2.9263058,3.5146053,3.8735,3.2347453,-3.3735278,3.1458573,5.2790728,3.0702264,1137.8495514583071,364.5803989360711,1421.5679146102375,234.32928723376816,0.00017315129,0.00022442245,2402.4509792814674,0.009640081,0.00089329196,0.047083454176334104,0.017235375847008773
-379.426,15.786166,160.1366,10.29824,-33.68206,4.2250733,42.922825,5.733306,-41.14147,7.026791,40.6631,6.400636,-24.75901,4.8288307,26.689915,3.378853,-7.9011383,5.6203074,8.199567,3.454315,-4.034006,3.3933914,-4.2289615,3.376309,10.195168,3.0732412,1587.214605679337,374.78256730856685,1841.6003415524447,167.41859794310952,0.00036245093,0.00070894987,3392.228907609484,0.008496434,0.001086945,0.08136283715197216,0.01747254776290914
-376.58258,13.505921,165.20987,9.854203,-42.541832,4.499762,59.0265,4.7223983,-28.117388,6.9127464,47.833145,6.333632,-12.1817,6.231171,23.668585,3.5384333,-11.797512,4.038354,4.789406,3.119881,2.2284825,3.0325427,1.6670196,3.150166,10.320604,2.9685795,1405.3194673816574,339.40884397025326,1717.9391528435447,174.26498354590137,0.00028540794,0.0003344069,3105.1028789334396,0.009183478,0.0009415863,0.05764551007830626,0.016262078213972835
-398.23972,17.236515,180.37163,12.950332,-37.237495,4.992045,52.19024,5.1645293,-24.75803,8.858224,42.140167,7.6451726,-4.2852306,7.561721,19.232372,4.3803525,-6.741304,5.953674,4.4062285,3.7388165,2.1498806,3.357547,1.2363439,3.9042215,7.34264,4.1476064,1142.5414205054467,413.20383937087064,1476.3059106208325,241.31910788196976,0.00018666388,0.00032151118,2323.3626717481147,0.009204054,0.0010861931,0.04695317031612529,0.01966515264841566
-381.11752,15.555919,178.58484,11.712977,-49.84915,4.569996,55.79493,4.714677,-32.192245,7.810736,47.572163,8.137806,-9.724822,7.7071185,19.372503,4.3245983,-12.301149,4.8826647,2.459339,3.3507469,0.8501383,3.5559382,2.70789,3.6377332,9.945089,3.3254426,1319.3451183830332,375.9305453995637,1564.3323259949889,223.41821261200897,0.00025918733,0.00037728169,2745.9830087188225,0.0089161275,0.0009012255,0.06052421693735499,0.017279892760340008
-436.66492,28.42909,190.74486,19.070902,-9.520386,6.7692523,46.91626,7.9546027,-13.288273,12.107502,32.74533,11.493793,-3.6502478,8.395685,13.034323,5.745902,-5.632648,7.0857244,7.324427,3.5633373,4.5313864,3.7745922,-1.9321653,3.5904882,5.1080284,3.323641,856.4085400976079,512.1319123792231,1273.9240246385189,363.4055816749589,0.00010100557,0.0002299242,1644.9418707402842,0.009571046,0.0012051058,0.032384036035382834,0.021688692869068178
-388.06134,14.777359,171.27896,10.028554,-37.56893,4.3727245,40.869217,5.709456,-41.08773,6.856645,40.647816,6.762156,-26.84632,5.181422,23.07212,3.3961172,-13.569847,4.2467113,3.4693406,3.6216307,2.0953283,3.607843,9.5434675,3.0635345,14.801771,3.33636,1444.326129834093,331.14677803014786,1696.0128899896085,164.74844107941448,0.00028794067,0.0006475929,2750.429540222593,0.00845319,0.0009232314,0.07698416654582367,0.014733014136409038
-400.9818,20.381538,180.18472,14.466589,-46.404446,6.008576,49.145866,6.7289634,-25.774752,10.037307,43.70827,8.377093,-10.822456,8.119199,19.078947,4.75744,-2.9831893,6.203822,11.543938,3.8122983,0.84806424,3.5576947,-7.1883326,3.4981575,3.0145457,3.1759133,1268.9776018151558,444.9715408334855,1476.196491258098,269.0031395991932,0.00021910266,0.000343777,2402.401018253335,0.008302044,0.00083432806,0.07490755510440836,0.0193806776238682
-427.6472,21.715755,181.78412,14.369033,-17.917511,4.50339,56.5067,5.9242945,-12.945517,9.711808,36.70043,10.2103405,-8.347627,7.4293694,10.37282,4.7786474,-4.7251377,5.704979,13.145548,3.107527,5.891403,3.2757294,-3.851789,3.1702535,2.675606,3.6580207,939.2194204804724,430.22864907517425,1381.8003136292045,292.06920286679184,0.0001123673,0.00027145108,1904.1396846904001,0.009454481,0.0012283761,0.03406639718677494,0.019895074895489393
-376.03226,14.369859,182.88472,11.620024,-49.00959,4.5386925,63.845337,3.6451638,-27.226177,7.6243324,37.60278,7.689358,-14.49002,6.440713,15.576719,4.932185,-7.409253,5.6458516,2.8693366,3.8061752,2.354584,2.7932367,-4.4794865,3.073693,4.5104594,3.1780288,1243.3196962358768,360.06757826764317,1499.5137655525084,224.54155863178116,0.00022534702,0.00028855313,2684.630866172419,0.009531898,0.00078418315,0.05465804451856149,0.017681332097522498
-370.32266,13.275857,165.15628,10.158244,-45.96422,4.2741466,63.40183,4.965067,-31.250107,7.1585636,49.393715,6.7672434,-16.410336,6.4116545,24.546482,3.5263867,-13.109912,4.357644,5.1987042,3.3410165,1.3019536,3.2641556,-0.24596903,3.233834,9.85439,3.18354,1483.3237411255593,358.2704529907767,1765.5274540515034,178.19993888417235,0.00036098406,0.00069918315,3315.7885345671402,0.009103679,0.00089730014,0.06273111223897912,0.017504322603563847
-375.43866,14.141838,169.98909,10.942783,-44.940636,5.0149093,58.862263,5.165614,-30.608835,7.459668,48.505764,6.589888,-12.352138,5.929811,23.76084,4.047432,-13.184603,4.8245087,4.03381,3.4113946,0.6510957,3.391637,0.112565465,2.9612079,9.449626,3.0636609,1391.8994171706952,351.9401237933348,1686.2487747109594,197.18173541033542,0.00031608387,0.0007223961,3025.1152728937063,0.009062309,0.0008644489,0.0599668285962877,0.016594859979361103
-360.49774,14.504894,169.5413,12.854264,-51.55203,4.5862985,68.09,6.026918,-40.76017,8.209264,42.439266,8.251744,-24.990484,7.0126386,17.61792,5.322475,-16.509933,4.7197247,6.377681,3.7689528,-1.192035,3.590157,-2.9135048,3.5351827,12.598531,3.36646,1584.8659971254347,403.570612715949,1750.7150031640108,226.21276543770335,0.0004322542,0.00073204935,3507.6139020809164,0.00894822,0.0008405812,0.08117817394141531,0.03122165956014028
-381.01172,15.940399,164.31993,9.92667,-35.201805,4.402229,44.33295,5.6911745,-44.053116,7.4506392,41.79853,6.5818186,-24.788074,4.690288,28.180017,3.759141,-8.991219,5.409154,8.1227455,3.4903321,-2.7812269,3.2993538,-1.7360721,3.5020697,11.462698,3.3527915,1549.1691934978655,361.8457472919101,1824.7378121449792,169.44445186034505,0.00031205526,0.00024731498,3296.403655651827,0.008438571,0.0010823335,0.07641658207656613,0.01678952251951783
-392.26422,15.098517,182.21622,11.700889,-40.494408,4.1733975,55.15674,4.729129,-28.126894,7.816248,45.89581,7.892362,-7.468958,6.9144444,19.567255,4.394786,-11.354304,4.433068,1.3216332,3.432015,0.7613187,3.157959,1.5309002,3.2385266,8.995885,3.1128862,1176.9720272365441,366.2639539854879,1503.0545603826392,219.47463952185092,0.00019040715,0.00024840477,2403.4751803581785,0.00922244,0.000880776,0.052025177639211134,0.016420422278484142
-393.8229,15.899276,169.92671,10.697802,-37.474857,4.127855,41.186302,5.179032,-41.954113,7.400526,36.062527,6.7360063,-28.379309,4.6402493,21.328737,3.6986165,-14.581369,4.837557,4.51502,3.213691,4.479209,3.2963624,10.5328045,2.9763875,17.65912,3.2113457,1444.3326348160604,364.9871892340125,1681.4478962791795,182.1424814507612,0.0002456807,0.00032810462,2765.1180824934745,0.008586246,0.0009064331,0.07398084034222738,0.015700750624255924
-376.1562,15.162472,182.94943,12.149269,-47.119404,4.9550886,63.15288,4.304177,-27.366394,7.8236,36.95552,8.702738,-15.201252,7.447563,14.793259,4.826365,-6.4788733,5.1970406,3.752489,3.3320408,2.8765118,3.136099,-4.909438,3.1129792,4.288158,3.2066076,1235.5874040089575,374.1711166954719,1499.8664262962916,235.35861465719879,0.00023795107,0.00047662118,2660.075020845418,0.009586295,0.0008479044,0.05368941234048724,0.015224486528509183
-376.40082,14.196888,185.44572,12.216066,-48.76541,4.9582253,64.83015,4.485421,-29.64371,7.967951,36.39289,8.0388155,-16.946613,6.090135,13.639415,4.9078794,-9.393853,5.2999783,3.61446,3.5727801,2.3692865,3.3679843,-4.6169157,3.2001297,4.85241,2.8519335,1236.612734714759,368.93112615963906,1488.7355412158774,219.75551926033341,0.00024842826,0.0005559768,2649.558224423579,0.009502067,0.0007894027,0.05531172962587007,0.01636348836494907
-407.99,20.873535,180.1031,15.204106,-32.604195,6.398734,50.501804,6.4653416,-22.057688,9.665527,39.4547,10.844691,-5.754332,7.9421744,20.124903,4.939302,-8.02893,5.296777,1.0889078,3.9982982,1.1791096,3.6953537,-0.56860703,3.9037578,7.0524907,3.6677547,1120.4057529998204,446.8330011856934,1461.3015071623468,280.59347722852203,0.00017283023,0.00044063802,2271.702968659368,0.0092678,0.0015451146,0.04498305176914153,0.019410865386111278
-371.60516,55.81558,179.47226,15.52382,-66.378845,19.12288,61.720222,5.7097373,-39.619198,13.049577,37.833553,10.053156,-24.189217,8.801616,16.779112,6.430749,-15.268171,7.563736,2.9552634,4.452612,0.8990436,3.7123637,-5.923448,4.268627,6.3285656,3.2568634,1534.0687285376275,474.3706491717448,1569.6799805645524,255.46749937165288,0.00043561123,0.00050465873,3075.2761451384863,0.00812935,0.0029625422,0.08641331931554525,0.0294265576412384
-375.0334,13.597025,180.75287,11.614644,-46.010628,4.112718,62.87203,3.505622,-26.098444,7.613257,35.59605,7.9394436,-13.846298,6.8081465,13.982595,4.9353952,-6.34086,4.9652524,3.2671785,3.4328222,1.606378,2.9507425,-5.6344066,3.1214604,4.474344,3.25383,1241.1702785324958,366.1666725100147,1500.616044710853,214.32275073176646,0.00021194518,0.00019338951,2680.134373640516,0.009518758,0.00084001076,0.053666754277842225,0.01751654883069178
-396.38464,20.968754,174.0633,13.840312,-37.422646,5.8874974,49.733368,5.4743733,-23.093573,10.719307,41.4403,8.051643,-10.891188,8.403161,21.119167,4.281316,-5.8573084,6.2269273,6.218919,3.88337,-0.5064407,3.4295468,-6.744664,3.4305205,4.8049445,3.0202434,1239.0049808338356,457.91025893116023,1546.4195071027505,254.2882229958201,0.00024076235,0.00069877744,2514.0139551007833,0.009152682,0.0013348433,0.04902411724187935,0.022572982415516526
-391.42758,16.864204,175.11063,11.409213,-39.87312,4.3347344,46.148285,5.2521915,-24.420877,8.98117,41.85938,7.91854,-1.1677699,7.5865417,18.164438,5.4053645,-6.5066795,5.294404,2.3487296,3.6775877,0.9901265,4.084069,1.3754985,4.2371707,8.513234,3.898693,1216.6137743240117,364.016969141512,1492.2523204368258,218.4970563239211,0.0002189539,0.00051911065,2448.190300536543,0.008878056,0.0017875717,0.057406467517401395,0.019092762003792514
-380.28052,15.318781,186.50128,12.880186,-46.813843,4.765181,61.983776,4.2436094,-25.707983,7.979624,34.38055,8.492447,-13.9537325,7.013127,12.945788,5.4082417,-6.34519,5.3654547,3.7887154,3.5356047,2.9289057,3.220674,-3.9265726,3.2840962,5.025342,3.3837328,1185.0592282125879,379.19378041273137,1446.2280554107256,239.39145136848288,0.00020848277,0.00040098588,2520.6088108142403,0.009551401,0.0008426064,0.05100896352958237,0.015705076258284052
-391.78445,14.863999,156.30544,8.012518,-26.5607,3.8423684,52.01807,4.720699,-38.162666,6.3032284,44.995224,5.573574,-24.26108,5.168553,21.892406,3.4526463,-8.072984,4.786816,15.30212,3.501274,4.804149,3.445867,-3.758057,3.341242,-0.8179252,3.3202784,1523.6089328103853,318.45542656762535,1895.0906969338548,141.54096165954448,0.00025427324,0.00036540662,3582.2306975964325,0.0090897195,0.00094737456,0.06092639754930394,0.015200677021053967
-385.1672,15.999178,187.11105,13.023329,-44.05729,4.431902,61.090305,4.126072,-23.4902,8.22211,33.379932,8.944606,-13.358966,6.3760805,11.674901,5.3925323,-6.7732654,5.709534,2.5460823,3.3579366,3.8369367,3.0604997,-2.504824,3.2466989,6.078534,2.9533958,1142.015554704261,373.83909538430663,1419.5073791813045,241.2234621085877,0.00018224535,0.00034295607,2409.520464762181,0.009711952,0.00078762847,0.047467508338167055,0.0150219216538689
-419.68384,26.678282,181.85153,16.953392,-17.506199,6.2504344,57.193718,6.6843934,-19.317665,10.797764,37.738308,11.23064,-11.593007,8.686467,13.046279,5.3390803,-9.037579,6.2155433,4.6852627,3.4996922,0.7740208,3.4213452,-9.3799925,3.906341,4.508315,3.7627406,1017.9249158701946,506.6495529580936,1437.662353283077,330.53260356941024,0.00015449006,0.0004956996,2044.055543974768,0.009519302,0.00089572696,0.03823208200406032,0.02070550061756404
-349.5301,29.137207,164.5037,12.010949,-92.48901,17.84548,60.521263,4.870337,-50.79666,7.236656,36.516933,7.426022,-31.840311,6.429957,20.243113,4.629211,-14.5020685,5.7139297,5.5630527,3.5606194,-2.0264049,3.146294,-5.5897264,3.223843,7.7088223,3.7647395,1910.3273341789074,354.13667378157527,1626.807950223553,199.3912518210756,0.000907518,0.0023774568,3610.009029237964,0.0074874,0.0021491405,0.13064525630800464,0.02347982905653272
-360.50006,11.959928,160.07506,8.875291,-54.195835,4.184136,64.16238,4.1082816,-34.890697,6.354625,53.49639,6.376307,-17.589376,6.24665,27.33766,3.8228781,-15.360202,4.153096,5.8291245,3.2036328,1.2739968,2.9096649,0.10743505,3.2583344,9.761162,3.076403,1655.287753000479,329.1015597144012,1839.4250237671317,156.63213028069188,0.000448362,0.00061963004,3677.8311249274943,0.008869023,0.0007593082,0.07825981547273782,0.01764612726319577
-383.9781,15.164019,166.49953,10.306006,-42.7847,3.9858775,46.78114,5.0853815,-43.925247,7.534637,45.463676,7.007111,-23.602718,5.6696277,29.072056,3.55914,-10.547025,5.017486,4.6091733,3.7235167,-0.098164216,4.4122148,4.876481,3.4008398,15.775392,2.9379373,1562.0259623239401,369.73798441659267,1790.9273458498385,168.92535643497348,0.00037881965,0.00087202835,3272.022673923289,0.007996938,0.0010466661,0.07901999347447795,0.017391876737553803
-362.37308,13.392759,160.76012,9.11519,-47.1428,4.6140947,60.382195,4.1367273,-30.255085,6.830873,48.536297,5.8257327,-15.430918,5.7259755,23.942902,3.6452694,-12.753194,4.4789805,5.032351,2.9788723,1.5066752,3.0537984,0.47719395,3.2610793,9.789201,3.2306306,1545.4463429641035,327.8503383810199,1785.9997022831328,159.24779367694532,0.00038499167,0.00049594266,3442.09001368547,0.008950933,0.00083149056,0.06955232199825986,0.0169203194503542
-375.38318,13.552339,154.75935,8.156825,-26.36644,4.0303607,46.771526,4.6187296,-38.61307,6.321243,37.555523,5.8263917,-25.922396,4.537133,19.310127,3.5829525,-7.5416207,4.3271866,13.743465,3.478909,6.2815027,3.3074942,-0.4833391,3.2634697,2.3662782,3.386502,1571.1349727224015,316.5993728076371,1881.5500524619233,141.53789581050353,0.00031711333,0.0004295305,3610.1589123223607,0.0091262255,0.001362459,0.06974491553074245,0.014250609589203997
-372.94852,14.01275,183.34375,11.729287,-49.42211,4.4256654,64.27902,4.0910816,-29.055136,7.2701516,35.572334,8.035598,-16.154692,6.3945117,13.806527,4.8253436,-8.227868,5.402512,3.8859296,3.6245162,2.8017793,3.094749,-4.5046425,3.1470654,5.4549656,3.103106,1254.808676780429,363.88763093882994,1498.1655903337514,219.84619942992902,0.00022728987,0.00029852818,2705.889283642691,0.009626361,0.0007229602,0.05616933729698376,0.016652605917185166
-385.47644,15.892503,202.19319,13.876829,-50.436302,5.214462,53.25533,4.575281,-28.430063,8.387147,28.166414,9.724806,-13.067213,7.7053685,10.622152,5.5466247,-6.269537,4.999549,2.0892298,3.3860142,2.7142797,3.0789456,-5.7691193,3.0890918,4.3261986,2.8458967,1088.4075262158879,354.61765521307325,1288.3651342732203,255.6402042896718,0.00016391823,0.00031589967,2137.557608124275,0.009460755,0.00076887023,0.0534197813950116,0.013463979637225437
-395.99722,19.877947,181.54903,14.209252,-37.703396,4.688496,55.399952,5.431647,-26.240133,9.434481,44.448406,8.951501,-6.684398,8.206697,18.195976,5.121783,-10.304639,5.9770074,2.032251,3.3264132,0.30770075,3.5208771,0.6199449,3.3680491,7.6670017,3.2559283,1170.4881493516978,456.98143684891596,1498.919980607613,271.8861719427627,0.00021542239,0.0005576874,2406.897510785238,0.0091851745,0.0009127164,0.04762271606728538,0.01972847442179063
-375.97833,15.073567,183.35565,12.412329,-48.67453,4.7125654,64.41715,4.0330935,-28.937342,7.975392,37.851036,8.453784,-15.3465395,7.566396,15.24237,5.0462866,-7.7686453,5.3783703,3.2027256,3.2392018,2.6450467,3.0294106,-4.3526893,3.0856435,5.0629544,3.3380048,1253.3726206855506,382.5260868186282,1506.6220014885782,231.10305594286052,0.0002292642,0.0003847984,2699.8939602668215,0.009533922,0.00076164916,0.054645582584106726,0.016625067323249434
-382.0996,16.125713,155.08646,9.521024,-27.283588,5.857895,54.613907,5.8045163,-40.450733,6.8041353,39.671032,7.0778723,-23.609402,4.8313165,22.037504,3.567196,-8.393019,5.453805,15.06419,3.6408505,2.356376,3.514649,-2.722516,3.3484774,0.5168476,3.3894236,1582.4934325522631,356.44454392215545,1907.4351886384793,159.3333088715437,0.00034528342,0.0011604076,3744.1793702871228,0.009080279,0.0011353141,0.06441347339037123,0.015540229945798591
-350.0461,37.561085,164.8306,12.776915,-67.58187,12.709954,58.332874,5.617666,-47.104633,10.216342,34.32589,9.145777,-28.397663,8.760757,20.017233,5.4570026,-12.051958,5.668685,3.3655784,6.360907,-2.6856942,4.3305087,-8.090729,3.6861374,5.03658,3.4405484,1762.4857507312277,389.7159830602887,1708.5490403817705,196.45430443505708,0.00061273266,0.000628299,3598.5179927675463,0.00808541,0.0025141744,0.10265915023201856,0.025469195868135282
-396.9031,19.322752,182.3932,13.342339,-35.53804,4.6518235,45.462234,5.0687833,-23.173927,9.293123,34.048855,8.404219,-5.039142,7.9915953,14.5343,4.896836,-6.85652,5.571997,0.23203784,3.485216,-0.12756197,3.2140195,-0.081552625,3.3411007,6.4407253,3.264078,1129.044203404106,402.1960190507919,1407.9257774746004,255.46428078985326,0.00016735421,0.00023812614,2224.0151673071346,0.009078589,0.0015956047,0.04943762688515081,0.01997194022514298
-393.35828,15.589019,179.55417,11.901416,-37.091415,4.3485985,53.533085,4.968648,-26.104906,7.472167,43.57568,8.172715,-5.6742954,7.053684,18.411951,4.5362263,-9.123501,4.943752,2.1104214,3.1996288,2.0351527,3.3604703,1.1668876,2.9982002,8.605021,3.2630236,1162.2010782714299,364.189544091776,1502.0562577296228,219.11469737167315,0.00019562448,0.00035091373,2393.4829747317285,0.009218552,0.0010427325,0.04890969402552204,0.016721119309567937
-367.126,29.38387,176.51141,12.298228,-47.47917,11.8321295,61.32996,5.9618335,-31.735685,8.688866,38.59915,7.919158,-24.644876,7.0434537,15.362205,4.017313,-11.702408,5.770265,6.6480355,3.5391963,2.1208494,3.9120271,-2.6779377,3.7958534,7.832061,3.8273177,1381.030889739076,381.8807265404885,1610.7594612680505,206.32837103121867,0.0003340963,0.00054799253,2909.980083562935,0.009177297,0.0018605386,0.06575143198955917,0.021590052650078358
-363.33466,13.834602,142.69641,7.7976294,-38.55275,5.637758,71.37698,4.2434707,-32.77741,6.5148926,50.547356,5.855303,-23.31303,4.366979,28.0667,3.314447,-9.51628,4.9612184,12.09003,3.0486705,1.8631442,3.0270016,-3.8668802,3.6007054,7.0255413,3.2421224,1844.3935185825244,326.97952895010326,2073.306427905287,118.99588957486894,0.0005104882,0.00056203746,4409.685245522767,0.008971819,0.0012200889,0.07571758084396751,0.022467929771346314
-364.665,11.870463,136.63184,6.317674,-43.099987,3.5801446,74.82184,4.7943244,-44.137424,5.2179723,30.003897,6.589302,-22.893833,4.9530334,27.298155,3.7662554,-14.313357,5.0967565,10.584225,3.415723,9.184638,3.0478077,-4.376194,3.147256,-0.48743165,3.4401922,1974.6312831356433,267.9690615091908,1988.5929139971904,104.82457319782465,0.00053269666,0.0009964303,4334.593820239994,0.008775931,0.0012464204,0.089834686774942,0.015924019448792154
-382.39374,13.890822,157.96367,8.851184,-28.12185,3.904574,49.7711,4.7338753,-38.82977,6.714578,40.369457,6.3698854,-21.383463,4.807133,26.758797,3.5086114,-4.083059,5.1665325,14.454784,3.4151783,0.3592753,3.4196014,-7.7796435,3.5196362,-1.6345614,3.2612107,1526.7752462257713,338.88192813139835,1851.2245558350432,149.9084907474311,0.0002961677,0.0005041685,3450.133739214762,0.0090823425,0.0012600726,0.07085629350348027,0.015326449950790381
-421.0873,23.210135,182.86412,15.458343,-23.707434,5.423864,60.822487,5.8479075,-21.387205,10.628084,39.039978,10.57969,-13.896838,6.796123,19.87154,4.597566,-5.541307,6.4350834,6.1073565,3.4946067,-0.19300885,3.9537642,-8.541062,4.087866,3.0171108,3.304639,1033.357557847467,483.4820180715566,1459.8794604841378,306.59202623431014,0.00014373065,0.00035648016,2109.3296272295534,0.009508756,0.0008445817,0.03820715813515081,0.020078568427976274
-412.40784,22.743158,180.19106,15.833752,-21.314636,4.5861588,56.59192,6.3163533,-18.605467,10.380075,35.132626,10.695842,-8.72395,7.639117,11.263369,5.3962927,-8.896709,6.270437,10.579952,3.2717245,5.227241,3.3060393,-2.0644033,4.094779,7.0870953,3.5792446,1041.4572447285811,482.9752204138469,1449.691542584226,315.9965922320592,0.00014645989,0.00024118178,2136.308582420969,0.009287244,0.0011150358,0.04123993982018562,0.023114749234692616
-387.28293,15.641937,171.59668,10.855265,-35.782543,3.9961972,56.29841,4.547817,-26.861727,7.6108394,45.305008,7.1810727,-9.851143,6.1610975,21.203012,3.8783598,-11.926124,5.0081625,2.4162385,3.3663344,0.5947382,3.479247,0.3008148,3.2075608,8.606595,3.1875358,1267.0061979606703,375.6523762123267,1621.3777755787212,206.06074080156935,0.00022500328,0.00026775134,2716.1063138957365,0.009170469,0.00095552416,0.05268112855278422,0.018637293120276437
-401.33063,20.470957,181.00903,15.2171335,-26.427145,4.9365263,54.167725,5.9246383,-22.256592,10.028644,36.071213,9.922909,-10.124434,7.7385235,10.940024,5.241247,-11.777928,5.5366845,7.9514112,3.2861533,2.4810154,3.251886,-1.9523494,3.190786,7.1863766,3.3131297,1105.385261575166,472.66396496075566,1475.9970731224012,296.0645592688748,0.00016821134,0.00028865345,2243.874675989704,0.009386474,0.0010918911,0.04549512398491879,0.02418507055343239
-355.59515,12.703502,148.66032,8.48667,-49.11468,4.6076097,72.25289,4.391213,-28.549177,6.814246,49.698475,5.956481,-24.1945,4.9217124,25.729042,3.5489771,-11.542941,4.939025,10.005166,3.2849617,2.0154562,2.9055867,-3.2860963,3.5573013,7.258924,3.1253657,1779.5835352275913,338.2331981647769,1954.4547453554585,148.72843823385048,0.00051745656,0.00087483606,4042.3717666944603,0.009104378,0.00088537746,0.07958644504060325,0.02013115611844795
-362.81332,13.234261,174.95438,10.4140415,-45.718994,5.212913,60.99944,4.323188,-32.293247,7.337644,36.98744,7.035474,-21.671974,5.8131003,12.592637,4.0056114,-7.2142377,5.650744,7.1962843,3.3434725,-2.614713,3.2871788,-9.653547,3.430691,5.680522,3.135595,1366.724944560968,328.26446981556535,1598.9647730921888,192.15825987309344,0.00030204523,0.0007502973,2947.4508546621228,0.009624434,0.0008171179,0.06332475348027843,0.01555727446796013
-380.50488,14.150311,172.11652,10.565044,-43.543396,3.970279,55.13903,4.2850833,-30.458263,7.208322,47.904385,7.107201,-10.042412,6.085468,22.2112,3.9833229,-12.626421,4.935072,3.702979,3.4662983,1.9450712,3.4528391,2.7102408,3.0295777,9.756058,2.9858186,1341.5611743075847,357.35798822746114,1635.4230820801504,196.49139104831772,0.00026812928,0.00032144252,2851.9253688732597,0.00891079,0.00091214373,0.061537032337587005,0.01825163048863102
-388.8391,18.183712,192.01468,15.6160755,-45.14998,5.7173824,59.33698,5.002027,-23.088219,9.708828,33.33861,10.258383,-12.351524,8.01927,12.028767,5.722174,-6.196647,5.65582,3.1464176,3.816762,3.3740802,3.085868,-3.6369498,3.4722958,4.540197,3.1798904,1119.327161684686,429.2639857947376,1380.8346264705256,286.17673846002884,0.00017499793,0.00032265566,2325.9106841828598,0.009574708,0.00084246136,0.047835701856148494,0.017732895970149338
-365.5232,18.047064,173.24109,14.019941,-38.916355,6.204327,52.101955,5.0178065,-20.76552,8.783543,27.993633,9.330294,-10.155224,7.0350423,9.504592,5.390563,-3.5609202,6.0529456,0.32619876,3.307488,1.9663819,3.0544138,-5.2934575,3.3984778,3.047996,3.3193748,1271.3451775019228,417.3219506450007,1493.4534764381556,253.6292710225935,0.00025676523,0.00043782665,2695.5223703052493,0.009382505,0.0017954262,0.05928935252320185,0.020177792586134183
-419.20404,22.334486,176.2345,14.177714,-22.523727,7.2382402,60.063698,6.4660654,-19.23704,9.789437,39.235798,9.411221,-11.097127,6.7135596,16.967516,4.7330136,-7.369916,6.036203,2.560138,3.78145,0.3935869,3.5319839,-8.414781,4.421402,6.519418,3.214735,1062.7166493543489,435.4205129048109,1498.8909716787105,270.9551502405896,0.00013590419,0.00030035706,2233.0581133990718,0.0094732465,0.0008596525,0.036690200841067284,0.017938538376283078
-378.52972,15.37783,160.60207,9.720578,-28.435957,3.9034133,48.312256,4.8092346,-42.36495,7.586606,37.389782,6.601814,-25.454466,4.356682,24.29601,3.8094563,-4.6557794,5.0126987,14.282554,3.5623662,2.5594962,3.5974002,-6.6246495,3.5188494,-0.2588699,3.162855,1530.5231191816788,371.6460707480386,1831.7161159419963,165.68616890063404,0.00029642167,0.0004359689,3385.4342077834976,0.00924854,0.0012889692,0.07229621338457076,0.016435247406606446
-388.35864,16.268286,158.1478,9.405615,-30.2825,4.0285325,57.016495,4.4382606,-40.476208,7.42531,43.368282,6.7792773,-26.194452,4.774912,23.28203,3.3788798,-8.938632,5.4221663,15.864115,3.2455971,3.7014346,3.2033896,-3.0202682,3.2635193,1.9117795,3.1907017,1552.7879829054132,382.67917263462124,1897.5751651938012,162.47487115581748,0.00026276484,0.00025203757,3631.941920588022,0.009240303,0.0010071639,0.05862207257830626,0.017551190833135513
-378.63766,15.139691,190.63516,12.810702,-48.04094,5.261179,62.523155,4.6772947,-27.829365,8.136766,33.19541,8.913794,-16.699799,6.823748,10.762689,5.0415115,-9.956292,5.0179806,2.6217084,3.0715384,3.0912986,3.1680808,-3.3719902,3.3783987,5.4038053,3.132657,1174.7285076476812,360.2812861836944,1418.5069753717762,234.12008200036988,0.0002002315,0.00033661057,2452.661812554379,0.009731415,0.0008865139,0.05365882395591647,0.01478546491587505
-380.44653,15.350143,185.255,12.537079,-46.081158,4.9787226,61.715687,4.0683537,-24.580278,7.9563107,33.755302,8.539399,-13.573805,6.974275,12.4902,5.17195,-7.113952,5.7092023,1.8055811,3.4307895,2.3914118,3.003774,-4.2082815,3.1038349,4.8130274,3.124363,1188.9641927547648,367.18583075789087,1447.1999659656506,234.4252236701946,0.00020623916,0.00033707652,2533.6486391567573,0.009536296,0.00093673024,0.051684173796403714,0.017616149374946627
-423.16983,22.80795,175.72107,16.359186,-11.385948,5.514391,41.95862,7.241872,-7.130399,10.509472,31.422224,10.545378,-0.8895242,8.289752,10.432119,4.902896,-0.43130895,6.4222913,8.771802,3.7413719,5.0007253,3.5267072,-2.718332,4.1613135,3.7321699,4.1175833,946.2907063909677,468.86127739879254,1362.8013271870764,311.9745822573028,0.00011995993,0.0002511673,1876.1115479082077,0.009291495,0.0020887174,0.03547572868329466,0.023093948610066566
-386.8861,16.848036,162.80942,10.372615,-29.993547,4.0931573,48.4136,5.039835,-41.770035,7.450086,43.128204,6.730467,-23.503696,4.963719,26.494783,4.0700617,-7.1900964,5.1477346,8.263658,3.3300185,-5.3302107,3.660387,-8.196272,3.4652429,5.4100347,2.826726,1516.888687501822,393.86156382372627,1823.940665176829,174.87338574114395,0.00030377114,0.00038240632,3303.8728293575987,0.008628479,0.0010859165,0.07260549593967518,0.018702999712967343
-340.9085,23.324997,148.57481,9.275778,-70.57838,10.158713,64.35116,5.9006357,-55.397594,6.516651,33.21055,6.9195914,-34.81279,5.1478868,19.065296,3.92652,-16.31345,4.698146,5.500669,3.6163733,-6.119955,3.6618605,-7.1680717,3.5523098,5.857393,3.722743,2085.0040091087653,308.133437846492,1867.4266023119612,136.18537242408834,0.0009177779,0.00041965878,4242.665528476653,0.007438674,0.0017821101,0.13327925609048724,0.02493538885049597
-389.7686,18.668009,188.62183,15.532684,-41.59906,5.3604536,57.298496,4.7291775,-18.991812,9.983674,31.666346,10.305766,-9.31539,8.318715,11.318876,6.010766,-4.1056824,6.1305723,3.7111814,3.3382177,4.2748876,3.2055168,-2.9044158,3.4147563,5.1736684,3.3160667,1101.6929681866427,435.10760910050334,1376.5784819430587,290.1697349319726,0.00017032358,0.0002869095,2302.8286891857597,0.00972928,0.0009510335,0.0466710774361949,0.01911533452331202
-380.60376,17.222591,186.3209,13.8689,-46.518696,4.7525854,63.60638,4.2909408,-26.497171,8.91856,35.206203,9.58543,-15.296499,7.5510383,12.5003395,5.4532785,-8.017306,5.6477485,2.4395251,3.4672656,3.1621351,2.9380405,-3.7296262,3.2769113,5.1294193,3.241003,1196.1531378039815,412.7041071579925,1456.6399677824752,259.37204602632994,0.00019098353,0.00019418699,2554.482387887906,0.0096598845,0.0008741241,0.05192661506670534,0.01684908080073915
-390.6025,14.8665,167.56903,10.549653,-35.190735,4.6292734,44.61098,5.793208,-41.749947,7.3376365,40.694324,6.893849,-27.361341,4.4379387,23.939547,3.6948898,-15.06811,4.5149403,1.0322739,3.1424303,-0.36977845,3.350359,7.8258667,3.131925,16.5342,3.1872559,1495.6091831296449,361.31501282468025,1767.7989390986006,163.58826092185606,0.00032585193,0.00078586146,3015.272950351653,0.00805872,0.0007791101,0.07524176152842227,0.017773520596507282
-380.52908,16.126862,167.3608,11.088168,-39.330025,4.034939,57.988262,5.0626636,-27.73065,8.038084,46.93132,7.0798287,-11.875936,6.8505316,23.204657,3.9585962,-10.532527,4.85621,4.557972,3.1708384,1.5159756,3.578691,0.33302057,3.2577562,9.852095,3.1442642,1354.676820584484,387.96333388935886,1689.2839355301803,201.12229103973206,0.0002574827,0.00022330761,2972.8560374673725,0.00919455,0.0009595442,0.054271724550464036,0.019437482471067014
-428.2194,24.898363,188.49979,17.302223,-16.524906,4.8579936,56.701565,6.630107,-17.542128,11.551092,34.834667,11.328243,-8.495044,7.976468,13.326337,5.338028,-7.6651254,6.6488633,4.1294026,3.1444726,-2.2231839,3.58878,-5.7380977,3.868507,5.034405,3.6266856,930.4350351394511,498.44584480086405,1345.1912462016749,339.4589007810031,0.000112871385,0.00022285529,1811.1122503081497,0.009538276,0.0008852872,0.03678763051044084,0.0218663576698089
-406.82193,21.792685,183.16866,13.412463,-32.52923,5.405827,45.371067,5.5452867,-21.89548,10.222677,35.106533,8.305734,-3.4559295,8.455913,15.606263,4.8801074,-6.021609,5.5986643,0.5304945,3.434383,-0.52887577,3.2800162,-1.4023968,3.81156,5.458245,3.4847188,1080.7166266554639,411.6652856016987,1392.5711085021378,262.4283789094446,0.00015291941,0.00029291463,2117.0236255619197,0.009164568,0.001537211,0.04240343133700696,0.018249957479796474
-382.186,14.584914,160.1138,9.489408,-31.780285,4.4285107,43.574818,5.5319796,-41.967308,7.0361185,39.270874,6.452454,-24.220715,4.6279373,28.111881,3.524915,-6.071395,5.0256033,9.185286,3.2778397,-3.4963334,3.2622402,-2.8384151,3.6012268,11.267912,3.2029083,1563.866758577309,347.9109082516472,1847.126605232672,151.90927180659153,0.00036875458,0.00092319364,3389.0064212949537,0.008383105,0.0010946811,0.07674625688805105,0.016891136105810188
-415.60843,22.224453,180.9503,15.018904,-21.368162,4.6287746,59.138042,5.671908,-18.40468,10.525601,37.137737,10.093669,-12.765518,6.9295497,16.268148,4.5302615,-7.056454,6.2977023,6.0055447,3.2429028,1.5027164,3.2510839,-6.903882,4.040464,5.477632,3.4656377,1026.8649662756907,473.91939876459963,1458.6375713832558,294.9361178668899,0.00013102681,0.00019477007,2103.3842648818154,0.009522207,0.0008456014,0.03745264464907193,0.020010009643864783
-395.86447,15.443879,166.88687,9.562491,-33.64328,4.220971,45.2831,5.5413947,-40.711426,6.8848505,42.611958,6.7198453,-26.989363,4.4996986,26.520178,3.4668784,-10.11039,5.2182193,3.255023,3.2977927,-5.034788,3.1925554,1.1707062,3.0960212,16.517303,3.3413606,1475.2221258425288,343.3070474858649,1781.6560036075023,168.18373232483125,0.00027753765,0.00041646746,3018.495436666183,0.008296745,0.0010282883,0.07095145736658932,0.01687746356711306
-406.23798,18.635286,178.88467,13.286768,-25.850462,4.7326016,55.19834,5.522333,-17.920532,9.204162,37.45515,9.272631,-10.340581,6.906002,11.029905,4.515559,-6.869872,5.7862635,13.204325,3.6087608,4.562665,3.0324702,-4.10064,4.0353246,4.718669,3.6815507,1065.7920910039445,416.38732881091624,1473.3816077168901,268.92243221351936,0.00016455686,0.00044074323,2182.597474985499,0.009317994,0.0009467349,0.042665131960556844,0.02182508919051539
-383.89136,19.193783,191.04503,16.187819,-45.98985,5.748244,58.06021,4.885354,-23.378246,10.075597,32.877693,10.536763,-11.639268,8.827424,11.817083,6.00193,-6.344916,6.335199,1.933795,3.607385,2.363451,2.9076314,-5.168375,3.4642563,3.5304363,2.9821265,1151.0442020077198,454.98250778169285,1388.9980981283052,303.7161270750459,0.00022296103,0.0006399611,2382.1418213457077,0.009596732,0.0008380096,0.051317113181554526,0.01915302031055872
-388.67944,17.975538,196.36288,15.87589,-46.486477,5.172339,57.582413,5.023353,-24.359138,9.163213,31.911234,10.442622,-12.0957985,8.323551,10.627977,6.0531397,-7.8111324,6.115164,1.0853655,3.600713,3.2363768,3.363227,-3.0831432,3.0601,5.006155,3.3415596,1098.9592560901392,422.5057709211147,1339.1596125786348,292.73153644057436,0.00016283419,0.00024322009,2240.102618365719,0.009569808,0.0008288371,0.04949087333236659,0.01732912057792801
-387.5007,13.706391,167.22398,9.724244,-40.572388,4.079413,44.13651,5.471837,-42.174313,7.3793945,46.263245,6.2175937,-25.261778,4.6410565,25.615139,3.538191,-14.731103,4.9422116,5.5818977,3.8434381,-0.17718837,3.655954,6.1917987,3.608868,15.221162,2.9502487,1554.4998179045085,336.03491922846877,1800.964245665686,152.54325639700332,0.0003615774,0.0005122932,3202.12719556627,0.0076797665,0.0009255626,0.08203125,0.0174332083718468
-393.7226,17.4003,178.77388,13.397359,-40.139618,4.4643903,54.31358,5.296749,-27.004704,8.250068,43.834633,8.444612,-6.950746,8.081887,18.428911,4.9332952,-9.228307,5.9252462,3.5826554,3.2964578,2.21367,3.5681164,2.1345665,3.126373,8.620305,3.216914,1209.9978317647367,434.1941428530676,1524.165029198713,251.13421824510536,0.0001973809,0.00023292677,2516.3371429089325,0.009001769,0.0010246293,0.04891195983178654,0.019101648340149286
-373.18924,13.072129,154.41977,8.399924,-41.00098,4.029843,51.61628,4.8863225,-44.21026,6.178951,35.04308,6.350745,-26.03879,4.3243546,30.91592,3.695573,-4.4297757,5.170545,-1.001158,3.5050888,-3.5434735,3.366386,-0.7768245,3.0590389,6.1708117,3.4355094,1718.973200079116,313.05675642324036,1868.2501230753414,137.29870962054284,0.00045351894,0.0007385612,3867.383265661253,0.0079682665,0.0012125828,0.08782151790893271,0.01534078902304746
-346.0868,13.145165,156.56015,10.254789,-98.86333,6.6396394,54.831135,4.8032327,-51.432964,7.1799297,30.150291,7.38447,-35.080334,6.764463,15.376011,4.9201365,-14.467816,5.152913,7.1706934,3.7414725,-4.0775394,3.100908,-11.953186,3.1710277,3.3649342,3.8419995,1962.1474626914257,299.9162004919841,1594.2876529619946,169.5098033903769,0.0006666464,0.0006088773,3599.9418820693154,0.007804279,0.00091570616,0.13274226000580047,0.01804900752133761
-391.40604,16.56072,172.12076,11.340253,-38.127815,4.1092334,47.26717,5.5141916,-45.178654,7.6658244,39.53047,7.513737,-30.97795,5.1341405,23.959791,3.6306288,-15.880998,5.107734,4.4713955,3.5266304,2.6368995,3.595611,9.180419,3.1743724,15.614847,3.3722627,1488.9247956008016,395.78691542308286,1743.3027223391887,183.9059082345943,0.00029608005,0.00034478973,2959.816209124855,0.008181076,0.000843878,0.07579235245069606,0.01897046460711288
-358.4058,10.88997,169.49635,8.61591,-54.929714,3.9209566,69.95275,3.5362413,-34.16394,5.980025,39.829506,6.6764545,-22.845018,5.237766,20.98978,4.0010843,-11.432182,4.3765607,7.5927687,3.0523322,-0.36850864,2.914661,-3.5752194,3.2424748,6.008585,2.8872538,1525.1348432381178,307.65906409259816,1709.3131351732545,161.83933085929337,0.00038474705,0.0002957857,3327.904083889211,0.008925336,0.00068421214,0.07279129205336426,0.015359926403435751
-381.6368,14.890995,183.75467,12.261212,-46.391582,4.5729375,61.390797,4.041955,-23.852627,7.7378125,34.342636,8.368816,-12.233765,6.9820056,12.879561,5.0535703,-5.281847,5.4249434,3.500997,3.7180622,3.3903072,2.9744644,-5.1170344,3.1949105,4.480908,3.003962,1189.97211644566,360.3912610246119,1453.1382679255953,230.74292840118957,0.00017885996,0.0001605483,2546.513603900812,0.009547151,0.000882751,0.05025218423723898,0.0166195291690766
-439.94373,28.862787,180.07591,20.878283,-9.961753,7.483232,41.123894,9.656944,-11.402204,12.837438,30.600794,11.894298,-0.49412858,10.203819,12.508766,7.2252026,0.1287288,7.812786,11.985659,5.048397,5.7375584,5.822152,-3.465398,4.7854104,5.0282326,5.4858513,945.283680621993,551.5471668622156,1323.5099933868678,370.98611707014066,0.000129138,0.00026080862,1858.9749152588456,0.00908342,0.003126198,0.03985666509570766,0.028440505155334517
-386.79422,16.673489,160.39394,10.061693,-27.66374,3.7934787,43.500137,4.95468,-41.819923,7.2400966,37.821453,6.407011,-24.350832,5.1185927,24.683832,3.3089757,-5.3676944,5.1495876,10.484007,3.1293118,-1.872384,3.041159,-6.9071765,2.9851463,2.6828144,3.2202935,1531.8030699479223,386.70495566897097,1822.531899345871,170.15571782656787,0.00030198504,0.0004201737,3308.744029600493,0.008332616,0.0012042066,0.07472968931264501,0.01738610447997669
-388.93845,16.209396,194.81352,13.802206,-46.658493,4.775828,60.58873,4.202452,-23.382992,8.641025,32.016598,9.271289,-13.7065325,7.2057195,11.365013,5.78146,-7.661176,5.1745696,1.4799141,3.567219,2.9161696,3.0416715,-4.241492,3.1034517,4.5287275,3.0316048,1092.0248638143948,372.5816973738942,1351.4216312287274,255.59567750324257,0.00016049767,0.00023604334,2255.6654786289155,0.009644436,0.00080982805,0.04916346432714617,0.016311075680966597
-383.24347,16.846205,165.44225,11.537596,-37.407364,3.5888948,43.835213,5.8151937,-39.64706,8.341731,41.499813,7.424447,-26.74656,5.4732094,28.312057,3.2426429,-10.575707,5.7427564,4.465623,3.1975605,-4.73319,3.339853,0.15853983,3.1279173,15.427542,3.1742291,1544.0135384642572,413.90652742948106,1791.2159230949944,192.4017276163967,0.0003399018,0.0005414731,3118.092746247825,0.008319726,0.0010155283,0.0789135005800464,0.01893493578345903
-373.7516,15.578073,183.04053,12.967036,-45.737213,4.570481,62.976337,3.925702,-26.931545,8.067884,34.86442,8.886559,-16.393877,6.842918,12.605105,5.5613284,-8.089676,6.008973,3.875721,3.346439,3.1714857,3.0176525,-4.0867996,3.3762052,5.339968,3.2418692,1230.8130207865245,396.94303827768965,1491.1343498859299,243.70176522103242,0.00020912953,0.00020578496,2640.26547319098,0.009727753,0.00090153894,0.05394544844837587,0.01763093936927858
-386.26877,14.626358,180.4574,11.616602,-47.555595,3.9916883,54.79403,4.586373,-30.530655,7.380172,47.419445,7.2203913,-6.7052298,6.8268785,19.073801,4.3615713,-12.582822,5.044792,1.4464802,3.223365,0.58465487,3.098089,2.604966,2.8327172,9.219121,3.1179287,1258.1664040200574,368.40257900129546,1520.0930887524598,214.43030511069736,0.00023727457,0.00045238395,2570.6447804886893,0.009025811,0.0007666389,0.06095925174013921,0.01723215216000276
-384.00848,14.241387,153.66125,8.937102,-23.107876,3.6066933,48.043938,4.7634344,-37.294746,6.362864,37.996265,6.0721297,-23.689394,4.5872803,19.846561,3.3232992,-9.196498,5.1092544,12.194968,3.5144322,8.013441,3.438616,1.6089845,3.7170687,1.6477022,3.9772043,1529.9209354912764,348.2953339184294,1871.3003311183725,152.6076253758894,0.0002528631,0.0001752187,3509.687284748405,0.009337602,0.0015262509,0.06640738290313225,0.01497125098190157
-374.64856,13.148853,156.15462,8.745416,-29.534481,3.8965354,47.24988,4.579406,-41.761147,6.323466,39.67869,5.8715177,-24.442146,4.425488,23.802519,3.3477092,-6.6374516,4.6637387,10.140331,3.1615496,-2.028986,3.3239188,-7.0650024,3.2922437,3.4891949,3.0535705,1603.4714492146366,330.2203838787212,1877.9882241405558,148.9950517188024,0.00036546832,0.0012082354,3659.470447088892,0.00912161,0.0013146792,0.07835271352958237,0.01610363602180315
-339.23843,9.558434,165.31735,7.827539,-65.524925,4.4160047,68.012596,3.8454409,-48.533054,5.4322276,35.94839,6.1506023,-32.34199,4.619921,21.931002,4.2478943,-16.078106,4.827177,3.9778478,3.3171127,-6.0211854,3.3427396,-10.682722,3.733201,5.0411053,3.3507853,1780.2871614751766,267.6812132373052,1779.1243550192523,135.9857736531963,0.0006000401,0.0005251009,3734.411989287268,0.008739547,0.0006208235,0.09994698013341068,0.01610560586113817
-430.02356,101.44249,174.06987,24.897741,-69.46869,35.36542,56.161915,17.473146,-26.920933,25.02863,37.134525,12.4186,-18.172192,14.322087,23.100851,6.9197235,-4.9615984,9.276812,10.879323,3.5584288,4.1728396,4.3935246,0.1683647,3.639369,9.04793,4.948404,1521.941974883679,739.3446093488831,1456.901453107531,305.0138846930056,0.0005749433,0.0019172139,2895.841112601508,0.0063123084,0.0033270607,0.08815232562354988,0.07242045709344193
-344.49854,12.018403,120.53358,6.874711,-74.6586,6.711912,73.36221,5.1890073,-46.072884,6.5693555,51.989815,5.3709116,-26.83079,7.1073146,27.945417,4.163351,-18.196562,5.411493,7.50983,5.0123024,-1.2511762,3.9847786,-1.0324203,3.9201045,16.2259,3.982858,2540.5604275277356,258.79904639177016,2037.0757778465468,116.19377039821481,0.0010215131,0.0010731147,5027.003709124855,0.0071427664,0.0008539251,0.1817391875725058,0.021617329974933593
-373.04034,14.985484,181.56233,12.736279,-49.6027,4.8458056,65.22696,3.9211555,-28.506031,7.8628287,37.75484,8.386951,-15.7261095,7.078596,15.2618265,5.3786745,-7.718783,5.6639256,3.7464015,3.385138,1.7546153,2.8553107,-5.5309353,3.2455657,4.192997,3.1908987,1284.4282824005031,389.16798338074597,1525.9339514339997,237.39092320933153,0.00023707894,0.0002804261,2788.574785201566,0.009514328,0.0008067503,0.05747330880220418,0.018969662119976624
-377.08875,13.938554,156.49275,9.150608,-35.243973,4.091052,67.15038,4.50827,-24.462912,7.1248527,45.08608,6.63575,-19.128916,5.050862,24.68773,3.5980852,-8.140712,4.8874235,8.722227,3.2490509,1.8084295,3.5827763,-4.5957713,3.7464883,5.298546,3.177818,1467.978197417893,347.16238358760125,1833.7740853491857,164.63373947330254,0.0003127915,0.00044013717,3411.0891957294084,0.009324228,0.00096861,0.055166718024941996,0.018499986799199772
-381.74228,13.875718,164.20988,9.421696,-37.502396,3.0446506,44.389175,4.928503,-42.793602,6.732769,39.336952,6.2410803,-27.722416,4.6713223,24.875715,3.4143593,-8.53397,4.872386,6.7549767,2.9881966,-3.6575139,3.3211794,1.2944691,3.4003975,17.545261,3.097336,1531.3063576894174,334.58196653444116,1779.336387896035,154.6352006490598,0.0002575321,0.00025205978,3178.7204538863107,0.009156165,0.00086931564,0.0749041563950116,0.014237699254971987
-373.6998,15.261754,181.69997,13.184196,-48.66303,5.107843,63.76209,4.192414,-28.01054,8.052007,38.26585,8.576612,-14.9794855,7.261351,15.627385,5.0938525,-7.277392,5.2877107,3.4695497,3.3985822,2.7294428,3.1586628,-4.044906,3.4170618,5.265419,3.017932,1270.0882603358855,390.0279124952698,1521.44933484908,244.79999384946714,0.00027982914,0.00091380265,2752.3780203197507,0.009568745,0.00076043524,0.05626563406322506,0.018842138235454227
-387.84912,14.311245,166.81354,9.855106,-39.68781,4.4598513,44.188274,5.533732,-42.41652,7.213367,46.055817,6.2841415,-24.944206,5.000958,26.7715,3.897605,-15.626149,4.489546,5.06001,3.1077754,0.4158044,3.276922,6.6377897,3.0843751,14.880053,3.3196278,1560.6407926153418,331.41727441475507,1817.5021457045032,152.3350070094738,0.0003784036,0.0005641967,3243.919595598898,0.00755174,0.00093975133,0.0804746410962877,0.016557583881286756
-383.9121,13.61255,171.35811,9.764034,-39.114292,3.937137,43.60726,5.8610787,-40.151814,7.5696735,45.415173,5.594573,-25.329044,5.3597236,24.729868,3.3560643,-14.9688835,4.4716845,5.2554135,3.5421739,-1.3454486,3.5046263,4.9167266,3.3856323,15.131997,3.2356849,1477.0993333565036,334.7269482452746,1749.2100328282731,160.4373931490306,0.000304483,0.0004591639,2925.74278793866,0.008348801,0.0008847825,0.07610729952146171,0.016628022386771555
-391.13638,17.315697,179.64384,13.893873,-37.643276,4.318851,52.77622,5.0681424,-28.417849,8.782606,43.571636,8.347772,-6.6021876,7.8059487,19.03101,4.5017924,-10.222943,5.2948546,2.4194806,3.6319742,1.8542554,3.2407622,2.3798852,3.1283605,9.3573065,3.2729037,1201.4247130341487,429.4590434000888,1518.6407022866335,255.81773160674675,0.00021989472,0.0005072909,2458.8819605568447,0.009219475,0.00091341656,0.05264147694315545,0.01885419482956279
-415.75653,24.492928,204.39546,23.113358,-21.663872,5.4634485,38.4644,8.318395,-23.538172,11.194867,24.9464,11.954077,-4.953804,9.036049,12.008114,6.2998633,-1.7953149,6.836643,1.1309612,4.4042115,3.7792056,3.996572,-4.5982356,3.6851885,0.40969732,3.4975297,914.6927233835411,498.414688255956,1175.7192696319864,372.5562823405998,0.00011885232,0.0002259795,1683.386881888051,0.009722405,0.0022452537,0.04173161977958237,0.02134549647005209
-385.73172,14.226519,178.47075,12.040851,-47.33118,4.6649613,54.170616,4.885479,-31.126978,7.543822,46.623913,7.5411034,-5.724871,7.041812,20.677227,4.654718,-11.947288,4.951732,1.8545527,3.1194615,1.454107,3.2566125,2.980947,3.2313788,9.621834,3.45684,1284.2025739835706,372.9057514307911,1537.526893042294,221.89785960524873,0.00027821347,0.0011551094,2643.013329738254,0.00903714,0.00077147403,0.06466384498259861,0.018207327628914752
-445.34033,31.239676,186.1864,20.890154,-5.0544667,5.8062987,44.296795,10.29082,-14.212541,13.142347,30.797419,12.797822,-3.0295851,9.193437,14.124385,5.7826037,-3.6238906,7.0605445,8.166705,3.7955186,4.241204,4.3031974,-3.099374,3.8702922,5.272616,3.633406,874.2823751580213,535.7044924259937,1306.9276021177202,391.2498819986292,0.00011268874,0.00041494335,1687.2089005401683,0.009471853,0.0017023548,0.029086155017401392,0.02027068620947057
-381.42538,15.825421,170.86954,11.037372,-39.493618,3.9081733,43.861233,6.727447,-39.17229,8.038064,44.913433,7.3059883,-23.456429,5.202566,26.385143,3.748449,-14.413392,4.868762,3.3820102,3.4154384,-1.1495342,3.6952398,6.2444983,3.251657,15.271586,3.680762,1481.678278425191,372.5066608062525,1742.0302611327243,187.84322450818607,0.00034538665,0.0007385749,2922.570262652262,0.008361369,0.0011623518,0.07828813805104408,0.01698987023981534
-374.68842,13.518138,184.33199,11.718175,-48.239365,5.0777187,64.060905,4.4922786,-28.239265,7.591204,35.873333,8.023754,-15.674646,6.39235,13.481814,4.930796,-8.601896,5.078668,3.2238152,3.4731824,2.7481282,3.0815678,-4.4427137,2.9704444,5.3063245,3.0843694,1229.3031264290266,342.71720979583114,1487.1669382126152,216.96218787984375,0.00024922474,0.0007572727,2647.4598612420245,0.009654945,0.00078724424,0.055243755437935034,0.016390697027813216
-334.4437,10.403856,142.84003,11.688908,-64.79505,6.2501197,79.22568,5.94432,-50.309055,5.3838367,50.118797,6.6218376,-30.32046,5.7588177,25.25974,5.468155,-16.74001,4.8981113,10.748596,4.030712,-0.44544846,3.7882636,-1.6928163,3.7153473,11.151715,3.9590814,2254.3609427648807,315.02108064552743,2047.9664682624762,171.37111614645494,0.0011926729,0.0028505998,4719.793347139646,0.007967831,0.00079921284,0.1443522513051044,0.02536830657328821
-375.40143,17.207283,159.20737,8.91648,-28.48652,8.747741,53.013885,5.1537695,-42.86944,7.0375566,47.054977,6.0870404,-27.62728,4.5475144,21.648691,3.7718706,-14.748594,4.980563,7.3256845,3.703292,-0.9492815,3.6388216,0.7544428,3.6240923,9.445512,3.1719582,1626.055402291495,355.0814116734968,1949.5958881202291,144.32055371746657,0.0003453432,0.00029498446,3890.6401242568154,0.008667742,0.0010539728,0.07326824427204176,0.019970601504463528
-334.0155,9.425656,148.3129,8.272506,-68.72592,5.5757604,71.08908,4.277091,-45.891804,5.498091,47.989395,5.2030635,-24.011024,5.3953443,25.587456,3.757712,-16.207422,3.9144056,5.1582994,3.4440002,-3.1355112,3.3241782,-1.7187697,3.6304047,14.612887,3.1504846,2054.0775722885846,255.93126510043808,1919.3557091922635,100.21400734287081,0.0008820325,0.0012392076,4284.432947995215,0.00829171,0.0008835171,0.12178708671693736,0.021527292186696464
-381.97745,19.011038,191.90652,16.15833,-44.02115,5.3996153,59.955418,5.3312373,-28.715668,9.621562,33.551918,10.519673,-17.779686,8.016423,12.590357,6.2931223,-7.8728814,5.9388466,3.6952028,4.021178,2.059675,3.1627717,-5.2663083,3.0810199,4.2809105,3.0690832,1159.1621616255975,390.2406809653611,1424.9480555176983,284.5176413348317,0.00019528977,0.0002668017,2413.0177367314386,0.00957857,0.00085054245,0.0518541092662413,0.01663146149012303
-379.01022,15.327214,163.74895,10.345523,-27.268564,3.8488598,44.2849,5.554761,-42.881943,7.5028725,37.867977,6.63708,-27.086432,4.63222,24.774427,3.7163537,-7.352877,4.889183,9.934762,3.0674782,-1.2517141,3.031955,-3.5959077,3.2527506,6.1620708,2.9565058,1512.5713275707599,378.01379154055024,1827.7560199062457,169.2579212946898,0.00035511833,0.0013508348,3229.755644123405,0.009028035,0.0010441093,0.07252845852668213,0.017569014071385787
-371.62762,14.943407,183.00047,12.767008,-47.481625,5.579359,63.350945,4.369629,-29.537907,8.048531,35.671146,8.465463,-17.097826,6.559111,13.68333,5.1796846,-8.740831,5.685671,3.6679811,3.5546699,2.788632,3.0286014,-3.896869,3.3231215,5.0226965,3.0930579,1259.4509884094552,378.4763192783107,1509.7237375086506,240.00250694872892,0.00025318385,0.0006457875,2709.1117699572214,0.009646752,0.0008512168,0.056313215994779585,0.017243586576572902
-368.0859,34.666107,163.7531,25.984743,-61.19464,10.61355,68.62438,14.346402,-43.003136,16.435776,41.743896,12.927658,-24.654345,8.938205,15.260917,7.6594596,-13.752416,6.3185153,3.0781126,3.6013806,-4.8531938,3.687554,-8.42629,4.063348,5.074536,3.5187664,1801.0244104589783,632.1697024841715,1715.4564798396245,329.0434367835071,0.0005741256,0.00083885324,3628.5945317031615,0.007367811,0.0012321178,0.1218867821925754,0.07035992082293507
-372.63443,14.997955,182.87186,12.906144,-48.38982,4.63855,62.99728,3.7448885,-29.098005,8.338209,36.559055,8.413442,-16.870375,6.8378177,12.644375,4.7868223,-9.829006,5.1036615,3.5766797,3.5675461,3.2502062,3.01382,-4.7103486,3.2667696,4.520825,2.986047,1265.2299517132467,387.87878261901693,1505.3386706747935,235.25605434158524,0.00023924728,0.00029653092,2713.233554778132,0.009532521,0.00078188576,0.05744951783642691,0.017492716563806635
-384.06744,16.146864,169.83803,11.549073,-40.094257,4.4457436,59.21482,4.9270897,-27.60303,8.631578,47.723988,7.5625763,-11.288163,6.4044595,23.75074,3.7682083,-12.157459,5.0949817,2.8500822,3.3887079,1.6718203,3.3155568,0.26337826,3.086076,7.9484825,3.2067254,1335.393323949104,406.3378485751407,1664.7360120534522,217.97621241216171,0.00025882936,0.0003664082,2889.4710815146464,0.009142565,0.0009122292,0.05524148963167053,0.01937091193109581
-357.96387,46.901882,148.52525,16.201859,-59.328407,15.988561,69.87944,9.731798,-44.743366,12.050155,42.273857,8.41893,-27.56138,10.042735,21.236464,6.6026826,-14.053096,5.988993,6.5589685,3.624207,-1.8982387,3.4482298,-6.176088,3.386239,7.8676343,3.444858,2016.6269703791336,516.1826667480672,1898.598973372163,212.81205415254888,0.0009680145,0.0011281285,4217.709994924594,0.007213689,0.003114814,0.12288826856148492,0.04850645684692637
-366.26993,13.585831,159.54912,9.547083,-44.768673,4.1294694,60.74418,4.301499,-29.968529,7.053173,48.445896,6.822083,-15.130985,5.7224374,24.236317,3.5972517,-13.154778,4.499831,5.4326324,3.412946,2.469784,2.8983023,1.4805747,3.1448917,10.687095,3.373626,1544.5579602205546,363.6835359205517,1804.7222736641982,178.46238697569268,0.0003794915,0.0005284073,3466.845703125,0.009071563,0.0010914038,0.06783710665603249,0.01784174962774476
-382.213,14.154094,174.49887,11.146084,-41.2222,3.5416148,57.03203,4.8684306,-30.09398,7.4709916,46.95103,7.155961,-11.038453,6.1216397,22.518158,4.1593,-12.647522,4.4500017,2.651572,3.3678792,0.42420146,3.1578643,0.9242,3.364215,9.303739,3.2308733,1295.810895894878,367.1752073199708,1618.172107688675,200.76914368440907,0.00024241023,0.0002650037,2753.9517927059164,0.009175145,0.0008473504,0.05603678763051044,0.015966378886977217
-382.0074,15.334099,186.64749,12.7323885,-45.88322,4.6814933,61.74188,4.2196546,-24.567862,8.077108,33.887653,8.771774,-14.220373,6.9267344,11.645637,5.005265,-7.237333,5.388376,2.5964549,3.4187942,3.553545,3.0683236,-2.7732868,2.9798286,6.404743,2.9484322,1170.735403741785,366.5385952851426,1432.6941984259495,234.65026633053012,0.00017930615,0.00019536223,2473.3706587151974,0.009638732,0.0008900668,0.05115397513051044,0.014771966906350062
-381.83307,15.031387,186.93903,12.789741,-45.114105,5.3368516,60.230835,4.4575977,-24.806522,8.23174,34.08791,8.632999,-14.009034,6.967347,10.6444845,5.248923,-8.13351,5.338617,1.9499829,3.3699577,3.8662722,3.1893563,-3.356928,3.344298,4.407208,2.983144,1168.25529032969,364.93480009415714,1428.9952850878028,240.12552846768517,0.00020855234,0.0006143839,2448.3901446490718,0.009613702,0.0008792746,0.049558847520301624,0.016120913575044776
-386.7946,15.68621,164.83762,10.400848,-38.23947,3.660461,44.31258,5.620545,-43.35441,7.6320777,43.03469,7.1738057,-25.015676,4.7326508,25.767292,3.6175692,-13.581297,5.1185317,4.502964,3.3723333,1.3072246,3.4464645,8.288774,3.344925,17.453512,3.214769,1549.2628529109647,375.6932651929417,1788.826601578043,175.35663872482377,0.0002838591,0.00033896946,3186.4394327327436,0.008660912,0.00094317755,0.07681762978538283,0.017076230084549192
-430.3885,29.763811,192.1148,19.289017,-20.043488,7.136457,43.94193,7.6363153,-14.032722,11.927745,29.224232,12.431278,-6.616209,8.846629,10.991269,5.4501863,-5.2405834,6.339845,4.662778,4.303467,0.18272296,3.9654129,-5.021518,3.9486566,3.568885,3.8444426,934.8968787812587,499.6425292236809,1265.9147040323476,344.5507463648743,0.0001889079,0.001466715,1791.427605224043,0.009222173,0.0018882833,0.037351816270301624,0.01738111918526979
-365.54727,17.802208,168.4639,12.28561,-46.349846,6.2591786,58.861458,4.3441176,-25.580196,8.001213,32.115093,8.666845,-12.601513,7.1626716,15.643951,4.8782797,-4.451252,5.1965575,4.854755,3.6629813,0.43712375,3.4899054,-7.1758294,3.4460058,7.382469,3.30586,1382.340371652335,364.9628915983675,1593.129169521115,218.97485483801862,0.00027844516,0.00036474637,3015.647658062645,0.0094759725,0.0012539007,0.059759507323085846,0.017997739592278565
-401.07968,19.541676,184.08412,15.257243,-33.309937,4.7558203,49.639862,5.8357854,-24.249134,10.00628,40.305622,9.842128,-4.466945,7.8480954,17.097166,5.3478117,-7.872623,6.142188,1.1640668,3.653609,-0.28368226,3.6572244,-0.3043725,3.323233,6.455032,3.3768678,1105.0972279370599,453.98566048170136,1429.7420856983842,285.472295724546,0.00016491394,0.00027489493,2182.172806246375,0.009250132,0.0010621542,0.04661216647331787,0.020166354784398648
-355.03067,30.80253,186.22668,14.975231,-70.8176,12.484813,55.88999,5.653586,-46.476818,10.118686,36.008568,9.590693,-24.545033,7.716348,14.640768,5.9907455,-12.952587,5.5750065,6.230658,4.6968565,-0.5151596,3.299965,-4.647118,3.2809315,6.0039763,3.403245,1500.644266825911,402.9858148937176,1512.8898993016587,254.3049547130195,0.00038389658,0.00033040368,2999.285421349333,0.008804741,0.001578955,0.08801864305394431,0.022327441581556123
-380.09955,15.044308,146.47679,9.440845,-21.774038,6.0736256,62.17792,5.648523,-38.66524,6.4391856,51.972992,5.1404552,-21.030033,5.0324945,23.978643,4.1544642,-14.353733,4.5752697,7.3431664,3.2365346,-1.3446399,3.774648,1.0051069,3.5555782,5.2080226,3.362293,1737.54073158747,327.6261236400935,2106.8294072811314,118.53688399222713,0.0003861029,0.0004087321,4435.415175010876,0.008807916,0.0014033002,0.06850778531032482,0.019665366850870947
-389.36362,17.917965,192.40347,15.654567,-43.984863,5.385564,59.328815,4.893882,-23.449663,10.019098,32.460526,10.198625,-10.968185,8.353854,12.931312,5.8748174,-5.0432677,5.772339,2.508092,3.8094661,5.4819584,2.8444612,-2.877909,3.2447133,4.0742555,3.1285338,1104.3387391550034,429.6213859639563,1372.13677770501,288.39209480743176,0.00016661684,0.0002800619,2302.2041763341067,0.009747454,0.0007811577,0.04732929415603248,0.01717377853914057
-348.7128,45.433617,153.50533,18.639215,-71.55842,12.476734,64.90421,10.629184,-45.084484,12.968087,34.60124,10.958654,-26.725815,9.150541,19.930437,6.3326044,-16.237059,7.4624896,0.1864954,4.7633467,-1.6534847,3.7637985,-4.616462,3.8919234,7.327157,3.3457215,1968.1526601193793,453.9645508986782,1751.8885560423196,231.20414604545365,0.0008199939,0.0013416763,3927.836109701276,0.007569012,0.002319877,0.13212596070185614,0.03783478095451444
-388.42142,14.546215,149.46086,8.565182,-21.264505,4.8850617,52.1553,4.858867,-37.412415,7.030126,41.40398,6.624299,-22.481787,4.6987505,21.019228,3.3295264,-10.011107,5.0220704,11.730135,3.2849774,7.021371,3.0576873,7.9221187,3.2035067,11.976205,3.422127,1567.9662188595091,350.2329188017962,1954.143429687025,143.10921751433997,0.00028770944,0.00085907045,3818.296555521317,0.00970588,0.0012227043,0.05703147658062645,0.01644651104474983
-374.39923,15.246944,181.61446,12.883864,-45.71268,4.8107643,61.514656,3.616197,-26.379253,8.135622,35.26131,8.691932,-14.206361,6.98482,12.827788,5.00141,-7.4746966,5.2222223,2.1075697,3.5875468,3.2210815,3.1882694,-2.7147832,3.191095,5.4897766,3.282129,1235.529321162387,394.31457027527466,1491.5701208704832,235.1350417371095,0.00027493163,0.0011282928,2645.136673433875,0.0095826015,0.00086569536,0.05498432062064965,0.015629650108688962
-396.74313,16.974024,166.42227,11.2426,-35.86735,3.7770321,43.33207,5.658695,-43.176235,8.3616,44.74533,7.080185,-24.686861,5.4372835,25.324314,3.8654056,-12.449681,5.481976,4.581992,3.3564641,1.1484871,3.2953942,8.373253,3.2336102,17.113846,3.2457902,1510.1177852824665,407.14576226936003,1775.152565897546,186.79273738700903,0.00029769028,0.00057328993,3063.7351476399363,0.008079294,0.0009944204,0.07396384679524362,0.017158175608444542
-387.21683,14.565968,171.9995,10.638937,-36.50845,3.5521114,43.157475,5.4638853,-42.220947,7.3483534,38.364532,6.7160263,-29.024508,4.8226566,23.977587,3.3875775,-13.870008,4.574547,2.8465295,3.3152816,-0.31419078,3.2869992,8.323032,3.2849185,15.48863,3.363756,1457.2273119225906,359.9904227078107,1716.4247408505832,172.99878377730735,0.00028463156,0.00034691623,2819.800427784223,0.008271424,0.00085521024,0.0760801098462877,0.017374116522684176
-409.581,19.26612,178.26125,13.573038,-22.792545,4.490139,55.256203,5.4258156,-21.117174,9.536227,36.36919,9.778291,-6.687533,7.342271,13.575239,4.464199,-7.59481,5.441114,12.683628,3.2502384,6.5996165,3.1470435,-2.1109302,3.4894304,5.0938582,3.6004868,1056.6992592453987,420.64136265513747,1477.8260597757705,279.8708252676361,0.000139651,0.00020367606,2190.566258972593,0.009384369,0.0010688608,0.042006915240719256,0.021592637024544586
-343.1051,11.6445265,145.12671,8.453371,-77.763374,4.56212,90.88698,5.5749984,-49.79535,6.2600904,42.727325,5.997704,-32.7871,5.502062,27.73041,3.7779067,-24.70059,4.8832083,11.815255,3.6738262,-5.8676157,4.0699635,-8.624272,3.5123425,12.578681,3.602992,2287.8318267020336,274.983038063472,1929.8931469555223,105.02099310336907,0.0011623492,0.0011827177,4350.406485643852,0.0073670307,0.0007616354,0.16247983432424595,0.023999144534194397
-353.57266,10.713894,126.16033,7.62197,-82.139046,4.7550745,79.73626,4.1974635,-37.943462,6.0559425,53.67891,5.616343,-48.98197,5.3029776,32.790066,4.2018247,-12.836604,4.8098397,6.844587,5.119409,-2.653697,4.044322,-6.865771,4.2503667,10.979847,4.0924883,2563.3857966531405,227.76570048904327,2027.6955553095806,80.1347451348889,0.0014122821,0.0023753217,5155.778259135731,0.0063917874,0.0007635041,0.1910743093822506,0.018476648437346116
-352.58932,41.70763,153.11356,16.57335,-40.06425,13.11647,40.366997,8.280477,-26.203403,13.426924,22.096659,9.044259,-14.588078,6.7458344,8.833019,8.152345,-5.7134514,6.173743,1.4003136,3.7654288,-0.84252447,6.0420184,-2.870946,5.377678,5.67382,4.8204627,1581.2448441392646,443.5548317525584,1643.3058861375662,256.3741706595812,0.0005649609,0.0014479659,3273.3466411687937,0.008189637,0.0035318448,0.08693672056264501,0.025686151398360346
-378.04663,19.015717,186.85481,14.305754,-48.62673,6.730271,61.708004,4.8848166,-27.617224,9.516805,34.74862,9.321583,-14.761568,7.810493,12.25968,5.5171885,-7.6987567,5.157316,2.8060472,3.505119,2.9716032,3.126954,-2.929571,3.2248983,5.8831058,3.18365,1220.5393152799415,403.936499903262,1453.3152869162511,262.6981631588688,0.0002926862,0.0014400088,2576.44025975203,0.009481226,0.00093934237,0.05437935034802784,0.01631937622705891
-389.20975,14.546311,166.93289,9.786021,-34.93573,3.7885053,42.495518,5.1506524,-42.07989,7.4452295,36.572933,6.7253637,-26.311172,4.8893366,24.317469,3.1760583,-12.930284,4.4118805,2.265447,3.1725183,-1.6460125,3.3856514,5.721444,3.1059248,16.026625,3.5031826,1495.6399928231642,352.8612131107003,1744.529640740459,172.02014447505044,0.00027563327,0.00021772791,2979.57579575116,0.00817355,0.00095628196,0.07849545932424594,0.015145594908029143
-387.48166,15.887338,169.19,11.06443,-42.41844,3.9473617,46.176426,5.6994,-42.40315,8.421188,40.168552,7.146441,-26.670162,5.6055336,24.749674,3.32425,-11.749795,4.8751106,6.054844,3.5119693,3.0176954,3.3164933,9.763105,3.3743956,15.957897,3.261876,1508.9184793344016,390.1456761783791,1718.9341144699192,194.19368570112422,0.00030295915,0.0003453623,2986.4704176334108,0.008321311,0.0010178571,0.07912082185324826,0.015210203372589479
-373.32547,15.870354,180.02385,12.5244055,-49.173813,5.241293,64.8236,4.412862,-27.486324,8.334056,35.643913,8.885028,-13.998554,7.228501,15.612721,5.153767,-7.218611,5.701678,3.7902265,3.5653605,3.1538327,3.2844298,-4.89907,3.276094,4.045924,3.172944,1284.7756249765969,385.85112738172427,1523.2044249551207,237.2736687066241,0.0002319549,0.00020489199,2805.4616127102668,0.009436325,0.0008309487,0.058003507468097446,0.01852740631395809
-391.80597,16.865139,165.15024,11.241358,-29.556074,4.05743,44.445873,5.268179,-40.996483,8.717865,37.935394,7.082331,-25.558453,4.6826067,22.443178,3.4511294,-9.882688,4.8551807,6.1840916,3.2313027,-7.40454,3.1850102,-8.384915,3.0353277,5.184773,3.011295,1470.3346392849078,398.7336406837623,1758.9881409122586,190.70154910015174,0.00025576,0.00035897357,3007.9036987021464,0.008723385,0.001001965,0.07139328958816706,0.017037218060314635
-380.36646,14.231286,154.93568,9.757144,-25.43593,4.079176,48.922573,5.309051,-39.791676,7.35817,39.306004,6.6380486,-25.753197,4.5644817,19.172054,3.4701488,-10.252282,4.918222,11.604405,3.2330363,3.9429417,3.1427996,-0.6352229,3.02126,3.325126,3.4784262,1572.67714029666,381.8322234711988,1894.2951934442235,162.7071329754895,0.00031045888,0.00070013345,3629.8185768924013,0.00937797,0.0013176787,0.06798664986948956,0.01894547631458622
-366.6316,11.922254,145.22942,7.673762,-39.625713,4.008611,60.96936,4.4391656,-39.56059,6.259205,31.870165,6.546226,-24.532988,5.128719,28.796661,3.6232653,-5.6832256,5.3505163,7.5531797,3.7472692,5.810785,3.7570732,-4.59871,3.528065,-4.735702,4.006109,1784.8095221531762,317.6089916444389,1912.2180204522924,130.35454743498147,0.0004467732,0.00068152323,4025.7847053545534,0.008909973,0.001453189,0.08529854263341068,0.016583125229989403
-380.59216,16.63881,186.03036,13.820374,-46.384968,5.904639,61.42026,4.66961,-25.136381,9.181241,35.2938,9.454811,-13.540694,7.6577024,13.543547,5.343102,-7.084342,5.358509,3.04364,3.5939684,3.000216,3.1224906,-3.737662,3.252153,4.7175617,3.0108845,1195.047543438472,406.1448363698869,1453.1962499425147,265.17897287634264,0.00021330747,0.0004117279,2536.5963398165604,0.009567154,0.0009001968,0.05109506416763341,0.017236812482070252
-420.73746,34.50504,178.40146,18.513298,-28.10436,8.999086,38.02256,7.919288,-15.209509,13.52085,27.20045,12.017961,-5.560132,10.004576,13.919735,6.0465045,-3.260797,7.162873,0.34110793,4.3984685,-0.30820647,4.1709833,-5.5789666,4.2456923,1.4625055,4.40201,1113.3194094933758,540.2624269470524,1369.3777839476083,336.35247332157735,0.00021181976,0.0010861217,2190.3414343459976,0.008869077,0.0030254037,0.042637942285382834,0.022601913064200733
-362.61246,16.7592,143.69818,8.047764,-33.952457,9.162624,57.686665,5.5672197,-41.71338,6.184149,47.398556,5.7738533,-22.419641,4.8524547,28.023882,3.689046,-7.054589,4.908919,9.396325,3.530207,-1.8858192,3.7331111,-1.8648283,3.2580428,5.218955,3.349983,1878.292489202662,317.87717000026925,2086.1490742714223,107.59237331433017,0.0005656843,0.0010535677,4538.035126794519,0.008553131,0.0013549525,0.08249234157482599,0.022640849290511255
-411.9425,19.870068,176.61702,14.602635,-18.93608,4.2445607,48.991184,5.8214726,-16.922127,9.805189,32.479336,9.475926,-3.7578855,7.8497605,13.361203,4.378349,-4.334822,5.9798613,11.318523,3.527328,6.3719006,3.381907,-0.48143044,3.9017813,4.2244673,3.9740734,1024.718055914344,442.58324996553057,1439.5887521409488,291.6011853851537,0.0001394933,0.00026062262,2080.951763250435,0.009296742,0.0014094546,0.042805611948955914,0.024722147620745358
-374.89313,15.211917,180.7425,13.106904,-47.144264,5.1242228,63.29383,4.545696,-26.925646,8.73915,36.530518,8.22854,-15.19437,7.3676424,14.066302,4.650254,-7.07808,5.5642796,3.4145465,3.1603525,2.6735256,3.1831503,-4.239947,3.214518,4.542591,3.2480783,1262.0375139762868,396.6096585654619,1515.3883711611522,241.16865382473776,0.00026123904,0.00063164555,2724.749571762616,0.009552124,0.00083197595,0.054471115501740136,0.01822922940743761
-380.79938,14.541471,186.37785,12.288393,-46.92182,5.2268844,60.939507,4.313137,-24.583782,7.974537,35.314568,8.707237,-12.460423,6.625206,12.520338,4.8287067,-7.576223,5.230268,2.2973092,3.205812,3.405047,2.9756463,-3.988342,3.235838,4.08795,2.9542956,1176.5925212753427,356.4697161543168,1437.2740920959138,231.3975991907527,0.00018621104,0.00020092283,2492.330868891386,0.009577156,0.0008895065,0.05143946671983759,0.014425289170509233
-439.13284,24.742086,192.43481,17.628296,-6.6164794,4.7185326,41.75713,7.0853257,-12.638233,12.019445,27.285036,11.370989,-0.8128682,7.657837,12.352683,4.9967484,-1.6447333,6.0680366,7.04101,3.0623827,4.1770725,3.2651489,-1.9725081,3.5192728,5.223696,3.4329057,806.0625634706566,471.23674543558724,1210.6071231540466,334.80979866530845,8.106177e-05,0.00016882477,1502.7028236477668,0.009677656,0.0012027088,0.029500797563805106,0.018743854556838618
-361.24677,14.764429,179.83788,11.054307,-51.858818,5.7096844,65.79535,4.3291626,-38.523155,7.596021,35.48678,8.4055395,-25.178406,5.992919,10.800422,5.007839,-11.176354,5.0401,6.0536566,3.7087154,-4.529977,3.3030944,-10.649589,3.4993465,8.524055,3.0843594,1401.2331273238578,346.0315384815754,1585.4463988691118,207.11135645805072,0.00031166128,0.00043474403,3038.329964834687,0.009522757,0.0010888627,0.06791867568155452,0.015948630940170905
-339.11703,12.1646185,124.83208,7.927937,-82.70516,5.232329,62.501446,4.7512264,-58.139828,5.5876236,52.961025,4.602945,-31.739489,5.837495,23.822002,4.1342244,-21.743107,4.769819,6.368006,4.369215,2.7481086,3.8241246,5.551743,3.4742215,17.044704,4.280053,2586.8095310247354,242.3947345904444,2017.8331915235149,94.04696746138512,0.0015392519,0.0032122962,5081.611112873405,0.007147727,0.0010161278,0.1771543285962877,0.018806448330008132
-383.96274,14.815318,188.31749,12.983024,-45.68656,4.7385163,62.715954,4.1239796,-26.414726,8.299362,33.702267,8.754494,-15.297482,6.649085,11.842369,4.9276605,-7.148099,5.466421,2.637233,3.385333,3.5051973,3.2348745,-3.5338607,3.415044,4.6872416,2.855841,1165.2561759335404,375.8933093186677,1430.6413815195608,238.09704137874115,0.0001955091,0.00036025833,2467.2254522549306,0.00952928,0.0007867723,0.05075632613109049,0.016620991699046614
-391.86075,17.384855,180.05293,13.319374,-41.616215,4.399776,54.207535,5.137268,-28.769262,9.456057,44.57198,8.42622,-7.1448836,8.249315,17.882986,4.7932525,-10.728429,5.1608114,1.5106399,3.6260805,0.2109191,2.946464,1.9299852,3.5230877,8.120607,3.1535504,1225.7238125084193,433.9314185543991,1517.5534704615543,254.64067966886753,0.00020721143,0.00026846025,2526.2044459650524,0.009067552,0.001028379,0.05316147948085847,0.020743681074713378
-375.63638,31.494085,180.82814,21.003036,-40.969425,7.9581947,57.805187,9.64721,-28.491697,13.11712,33.889256,12.533685,-16.904394,11.346817,13.688267,5.9233084,-5.0150905,5.7505693,5.214736,5.1970754,1.2911826,5.5771327,-2.3006923,4.1238728,7.035391,3.929265,1298.540640724462,513.9969405535783,1519.1151878407682,360.87714001080013,0.00030258574,0.00081225793,2756.974434907918,0.009345547,0.0015147486,0.06283420642401392,0.028198253451270593
-370.317,12.155913,143.68518,8.041283,-28.762281,4.008289,61.758583,4.8495994,-45.61242,6.012379,32.38059,6.588192,-15.456694,5.634241,17.352999,3.8253102,-13.368322,4.5868697,20.819841,3.6640546,4.475101,3.6285336,-0.33015573,3.550585,7.803258,3.3698862,1781.3984373069543,319.6229775954072,1965.5939199210382,126.2939802209788,0.00042575502,0.000726643,4006.624651065835,0.00897076,0.0014365278,0.08166418938515081,0.019002539815414502
-382.81403,13.513926,168.12619,9.792622,-37.925495,3.8423035,45.019817,5.2975316,-43.21499,7.3996315,46.16748,6.19461,-23.605345,4.774504,25.875914,3.6599166,-14.682076,4.5669966,5.0600576,3.1303802,-0.44370094,3.0679247,7.0144944,3.082343,15.95568,3.3096178,1524.7127032304943,341.1788583178719,1797.245814016585,153.6954147303877,0.0003588689,0.0007706563,3173.724351073086,0.008231995,0.0008022245,0.07807968387470998,0.01672360552692781
-427.79858,25.159464,177.6461,17.658558,-14.501725,5.533814,52.72259,6.546342,-15.180726,11.613722,33.000828,11.388041,-7.8238583,7.6975994,16.89173,4.887877,-3.3708389,6.632558,7.5223894,3.304726,4.817264,3.404062,-1.7662886,4.0691466,5.77426,3.5906267,979.8792390570346,513.8057810604708,1427.249389216077,333.0737575985643,0.00015029236,0.00048831606,2000.8392546403713,0.009641059,0.0013882307,0.030733396171693735,0.02032224974861657
-389.6896,14.884144,162.54706,9.206343,-31.538067,4.008747,43.697605,4.8826284,-41.117313,7.3911524,38.846394,6.4972577,-25.72214,4.1149783,24.01108,3.6278,-9.908553,4.801649,3.970454,3.347801,-2.961391,3.1626277,3.4929721,3.0617676,17.745045,2.949428,1501.796347396283,336.0829952961139,1784.6277753986244,157.47752111329604,0.00024650877,0.00022653876,3128.7094647259282,0.008776211,0.001002216,0.07245481982308585,0.01526944106596717
-389.6615,14.929027,158.5427,9.759623,-23.600069,3.6632102,42.434704,5.1085315,-35.85485,7.4081364,36.518913,6.199515,-23.940699,4.4982915,21.017296,3.4197638,-5.3455386,5.0213575,13.952184,3.4990644,1.7513617,3.1548443,-6.3851023,3.5100064,-2.6514065,3.212634,1460.3905240012514,368.2832418103064,1789.906853294941,166.15070190939608,0.00026766298,0.0004867259,3064.1348358649943,0.009139095,0.0017856759,0.06880913754350348,0.017723469067656313
-379.7672,17.51903,185.18384,13.880495,-43.703552,5.021611,63.355064,4.560047,-27.420237,8.811035,33.189053,9.309304,-17.99656,6.952565,12.758336,5.4872746,-8.694585,5.571985,2.370548,3.467889,2.3924444,3.2699587,-4.61373,3.0949864,4.3521056,2.99716,1206.9729521402755,402.5332440990986,1473.1314892049097,254.68710256203497,0.00023030528,0.00065783254,2569.3457937572507,0.009705014,0.0008375296,0.0510633428799304,0.01757892975460789
-430.65726,28.118122,184.51749,20.815355,-13.272254,6.9615655,44.450695,7.9334354,-14.713612,12.087581,29.84931,11.785425,-2.8347545,8.8121805,11.3566675,5.74593,-4.774203,6.44356,6.017307,3.8007393,3.237458,4.7215495,-3.0620048,4.4550376,4.3080735,3.7755978,950.2181774065045,535.1192922968139,1320.1377692772603,354.9120393542499,0.00016359941,0.0006647951,1829.1981424920243,0.009202098,0.0022743598,0.03806214653422274,0.025557419762145872
-375.51144,13.627663,181.68675,11.470194,-45.61154,4.562151,61.977295,4.033247,-26.423874,7.501255,35.365913,7.7523875,-13.306967,6.5997176,13.040884,4.835331,-7.3556647,4.8203883,2.1661396,3.3165796,2.3907723,2.9782946,-3.5509953,3.0985608,4.5632963,3.2092485,1222.1926873785255,349.76186552084005,1489.060269996061,217.6919013858699,0.00020974442,0.0002239126,2639.6659408533933,0.009544985,0.00078680535,0.05305158787703016,0.01473901811239909
-381.42117,16.047876,183.93317,13.336899,-46.284405,4.8975754,62.53287,4.142221,-25.096905,8.7473345,35.014854,9.185127,-13.275693,7.1048684,14.007286,5.323182,-5.026504,5.5072193,2.588597,3.427361,2.5908856,3.009735,-4.239147,3.2190182,5.1968465,3.3694837,1200.7795076564908,402.2402805206451,1466.4984064835623,252.15471876947672,0.00019385868,0.00024068808,2575.016370450261,0.009657693,0.0009111526,0.05015022295533643,0.016900541848319378
-394.86566,16.478634,173.38608,12.854466,-28.929852,4.3471127,45.58744,5.4969378,-18.574226,8.098841,36.438274,8.2930355,-0.44118506,7.5569873,13.205518,4.977647,-6.4965615,5.5808187,0.395882,3.7282343,1.9166948,3.468025,2.8940017,3.3485637,7.743343,3.4293206,1133.6348550371097,399.43906235218356,1466.1334541530414,243.5811966426735,0.00018121644,0.00029067244,2299.456319786833,0.009115059,0.0017246221,0.046573647766821345,0.018167880971148808
-380.50797,16.650505,184.91151,13.002474,-47.33271,5.0556283,61.1922,4.348166,-25.419064,8.867273,36.22145,9.031752,-12.123522,7.5814166,14.168884,5.3025103,-6.579779,5.608178,3.0357845,3.573425,3.1094062,2.999459,-4.771982,3.3908856,4.499032,3.2311745,1205.725904409888,390.9911547436244,1461.6897217606252,253.29700763637004,0.0001933853,0.00020653763,2573.7673447469547,0.009594145,0.0008830409,0.051141513196055685,0.018888329570416446
-379.6258,14.548114,182.93054,12.227506,-45.102966,5.0127854,60.524834,3.9827743,-23.481129,8.287435,33.040653,8.472048,-11.2363205,6.7822104,12.197422,4.731514,-5.6053057,5.1108723,2.6354527,3.2373002,2.9888263,2.8857236,-5.009669,3.1548305,4.080323,3.2962027,1192.0426464014486,357.9853552061723,1451.9640036201222,231.1642836092913,0.00021190778,0.0004810574,2552.5588883048144,0.00955059,0.0009544825,0.05052068227958237,0.016433832934435597
-373.5336,14.779629,181.71994,12.845656,-48.03551,4.8570647,62.572453,3.9870794,-27.47374,8.168441,37.28446,8.941757,-15.262104,6.6892266,14.143048,4.932288,-7.141195,5.42046,4.0002394,3.4444559,2.7864778,3.072653,-4.8898234,3.1210887,4.162417,3.0757506,1261.8047523259945,394.7156107097682,1510.1590327336028,240.0057902312199,0.00023743618,0.00034801324,2709.8611853792054,0.009534223,0.00074558356,0.05697596432714617,0.017594932938380027
-387.52875,17.542097,193.13252,15.694657,-47.11763,5.639598,59.36844,4.732033,-23.05313,10.263447,31.869116,10.205884,-12.156769,8.269067,11.30896,5.41234,-5.955128,5.9000053,1.7744486,3.7802265,1.8037503,3.1931462,-5.392984,3.4954977,2.6527987,3.1726396,1126.6542446064125,420.87532825760707,1365.7667395436872,281.94308066004646,0.00019286388,0.00045111246,2334.553942049739,0.00953951,0.0007912069,0.04957584106728538,0.016867060033652567
-387.1396,18.153341,189.85492,15.15649,-42.962326,5.6986375,58.783756,4.8901453,-22.489801,9.955047,32.727158,10.274596,-12.882657,7.76563,12.075085,5.813575,-6.890629,5.416221,2.556582,3.8953466,2.9471076,3.2410712,-3.9909866,3.5769677,3.6872191,3.0347455,1123.3715020270788,415.831430183858,1395.0689911155362,284.11399915920146,0.00019134876,0.00044412556,2338.6507463565836,0.009609065,0.0009029667,0.048039624419953596,0.01709002282811504
-380.29013,14.149522,153.66513,7.7114305,-30.523642,4.4231153,53.18713,5.477262,-39.670364,6.7927346,33.895164,7.4430795,-18.991129,5.0785236,25.298239,3.5374916,-12.267875,4.8177996,12.931568,3.9847345,2.6510751,3.2403338,-13.486652,3.7782793,-1.9613572,3.2652879,1583.0468545089818,298.0640185414973,1855.2929482136012,139.55465893904423,0.0003071778,0.000577973,3509.112732924884,0.009133263,0.0012408656,0.07112365864269142,0.012985388679943758
-350.87296,12.737477,166.34607,10.314275,-53.638214,4.62902,71.156815,4.493662,-40.789913,7.05385,42.883575,6.9981184,-28.545704,5.9076843,21.139002,3.9435313,-16.501686,4.3248863,8.664677,2.9807243,0.61994123,3.1787062,-1.8866147,3.2023282,9.217665,2.9098074,1649.0793095959375,349.65478729365816,1814.8321214633602,173.24020439102065,0.00060350506,0.0019481898,3646.3806577182427,0.009044288,0.0007452503,0.08147272875580046,0.01808883729778207
-388.23807,16.519407,181.73572,13.364582,-40.549686,5.196179,51.029823,5.6484637,-30.17284,9.120229,38.830193,8.883815,-7.2553177,7.4393425,20.210556,4.926085,-6.421431,5.1517377,4.0702987,3.9483426,1.7505348,4.017321,2.9801657,4.109073,7.8385544,4.0918417,1199.7525035635035,403.3208528773266,1486.5009335447953,250.33593283146476,0.0002049283,0.00032711832,2442.3448602450694,0.009147937,0.0009695257,0.05367581750290023,0.01719851218984802
-435.2952,23.956997,193.75804,16.561829,-11.000743,5.688178,44.42067,7.888796,-15.561097,11.8106785,32.910606,10.156051,-5.1974244,7.5569468,14.780918,4.908042,-3.719347,6.056115,7.1374035,3.666521,3.9218662,3.530172,-2.8993263,3.985994,4.302408,3.6244252,839.6543029507657,445.8075980111957,1258.3817064997709,317.41011414137967,0.00010305515,0.0003258554,1569.2259326058584,0.009535923,0.0010887696,0.03159893416473318,0.018800625204713074
-355.2382,12.374005,167.56694,10.970187,-52.60433,4.321375,71.55567,5.1309724,-40.54413,7.079913,37.268574,7.6866336,-17.799433,6.432067,14.62687,4.5825496,-9.657994,4.868665,4.752897,3.262763,1.2699195,3.4683232,1.7841276,3.2120128,9.526197,3.0804782,1562.864916005715,334.1323178417587,1706.241282151642,184.97601452116652,0.00039300235,0.0004008382,3552.8536130546695,0.009158039,0.0009710529,0.0772560632975638,0.016515941811741822
-374.8956,14.983826,152.46712,9.964788,-25.384195,3.680494,47.219498,4.8610954,-38.4416,7.7598004,36.999485,7.007531,-22.906153,4.6999044,22.021198,3.5527127,-5.650308,4.934413,11.4863825,3.4919763,-0.98634493,3.2900293,-7.9891458,3.5330248,-1.0663581,3.2556322,1609.0760301433395,393.1088667160303,1887.1736949089004,160.6696934539163,0.00036574894,0.00068474485,3667.7889582729117,0.008874973,0.0013383217,0.07511600928074245,0.017831557370835936
-386.32812,13.802574,169.68137,10.650947,-41.32335,3.7567587,48.741123,5.0861487,-42.15847,7.252314,41.40596,6.8892546,-29.818178,4.525977,24.477686,3.4977105,-15.209669,4.3459296,4.427503,3.349177,2.478378,3.5396142,7.1817846,3.4007301,14.9381075,3.300228,1516.5637453429938,361.36293815443344,1760.715268367239,162.57803044261155,0.0003248624,0.00043504653,3067.806971432715,0.008144642,0.0009413263,0.07775227486948956,0.016827174250538736
-389.5915,13.752052,154.8506,8.211676,-29.426376,3.616218,56.94512,4.498196,-38.80775,7.0537214,40.91182,6.2361493,-23.934258,4.340296,21.571823,3.670205,-9.345774,4.658786,16.627264,3.4870002,4.289235,3.7099764,-3.139674,3.4109416,1.5123334,3.2006254,1549.7382437887882,314.4133191997014,1892.8582408022871,134.36225842242737,0.000278549,0.00050824037,3645.0067294446058,0.009145937,0.0009357043,0.05943436412412993,0.014788859775663285
-336.116,13.672461,164.12383,9.5248575,-68.94399,4.979985,57.780605,3.8284533,-43.472775,6.766148,31.746832,6.9596477,-26.621311,5.468434,24.653734,3.804618,-8.253625,4.75803,10.664261,3.1181374,2.5898368,3.3495376,-5.6572366,3.4024675,5.4086823,3.8763945,1744.1892522505639,290.4357617325201,1691.9567728274892,155.46739915061593,0.00066928496,0.0014204883,3477.187635948376,0.008594255,0.0010901879,0.10320860825116009,0.0168728848797009
-382.16452,15.120241,182.04366,12.500127,-37.095985,4.459201,57.056213,4.7187448,-22.97867,8.063197,29.497364,8.704881,-11.32875,6.6188264,10.98774,4.619904,-4.24604,5.1589847,3.5997198,3.3794622,3.98166,3.1303854,-2.0967515,3.4694483,6.178728,3.0654356,1133.525582783703,359.30805319825055,1436.899698448678,226.92203429118106,0.00020675462,0.0005683655,2405.6235045678654,0.009647776,0.0010262917,0.04727264899941996,0.016275536303415307
-389.7245,17.926025,200.35992,16.440306,-46.957,5.7990103,58.700947,4.6630335,-25.849184,10.197343,30.589024,10.615866,-15.423587,8.021842,10.305879,6.0471783,-7.1811023,5.6656604,3.1547017,3.4169853,3.7462087,3.130079,-4.9974627,3.123163,2.6177554,2.9442585,1082.5027316761275,415.3537454858686,1317.760009771872,290.53045342082373,0.00018067351,0.0004518397,2190.6661810288574,0.009602363,0.0007328712,0.049420633338167055,0.015595877818623753
-360.3152,10.698737,143.9337,6.6905546,-42.81524,3.7552016,66.49939,4.3425465,-46.18364,5.56129,38.40801,5.902836,-32.073994,3.8653617,30.640984,3.236825,-3.0776083,5.2502885,5.783599,3.434128,2.6854393,3.1993449,-1.5519997,3.4887254,-2.7156453,3.4464827,1953.3393656369137,269.0371766195463,2023.2858333719205,97.9719082733636,0.00052764115,0.00048098274,4594.640971668358,0.008658651,0.0010629123,0.0952307043938515,0.014928709104927348
-403.8107,20.748743,178.14476,13.622525,-29.925043,6.532637,48.956116,5.5815268,-19.369188,9.514847,36.5952,8.798891,-2.6099935,7.609361,18.379486,4.576319,-4.3971314,5.565639,1.9139344,3.4791362,1.0444834,3.751302,-1.5407457,3.7231345,5.1684957,3.528479,1090.3670382063183,406.26866440248665,1441.2368362476955,256.13527016702585,0.00018144552,0.0004976844,2225.314154038573,0.009113486,0.0016806533,0.042438551334106726,0.016166590971359394
-373.01898,14.65921,182.64233,12.494215,-47.747616,5.2807417,63.757324,4.191569,-28.154406,8.60891,36.701653,8.475305,-14.709478,6.754575,13.450048,5.036333,-8.698794,5.0085654,3.917485,3.683762,3.0090654,3.1744568,-4.1332974,3.170116,5.541752,2.9857264,1243.7979995666676,375.88986064279777,1502.0665175094973,233.84196640433365,0.00023690637,0.0004066071,2688.4029237964037,0.009668078,0.0007760185,0.055534911542923435,0.016828390313206876
-372.07974,13.540951,161.36992,10.236269,-44.695286,4.2117977,61.96253,4.679994,-29.640368,7.4985614,49.716682,7.1769767,-14.653133,5.649505,24.991865,3.9607115,-12.2696,4.3062367,6.1701756,3.3998435,2.4583027,3.2317705,1.9367987,3.4874387,10.610489,3.1915038,1500.9683509115778,370.2023470715062,1786.5857746370168,181.3838174856417,0.0003446847,0.0005469311,3376.0665150087007,0.009181896,0.0010751389,0.06095132141821346,0.016119910710988474
-384.36057,15.000351,190.47165,12.555486,-46.938713,5.0993967,64.345726,4.047028,-26.928913,7.6823673,35.520626,8.911827,-15.927344,6.432896,12.862183,5.5186615,-7.9515843,5.117681,2.8291502,3.4922953,2.50323,3.0400832,-4.10032,3.2212267,5.219601,3.0189538,1150.83296707066,359.190644382266,1424.8697047140292,239.61214656843157,0.00018444035,0.0003013674,2429.854603212007,0.009675106,0.0007918683,0.049761637180974476,0.013890251015628484
-362.17838,13.988786,174.3777,11.632928,-49.398212,5.516656,68.404564,4.1135974,-34.007454,7.210938,30.791582,8.654442,-14.607279,6.6724443,13.349981,4.6036105,-1.9679465,5.4992895,7.6890655,3.073262,-2.6960042,3.061612,-5.9797,3.3580115,8.241823,3.0672204,1402.51561038617,343.52278469973066,1587.5281711629486,207.5288796752386,0.00033994255,0.0011230705,3177.6462917814674,0.009450978,0.0008054905,0.06663849514211137,0.014959912464851894
-422.57892,22.773188,182.33846,16.235619,-18.24172,4.571869,56.12038,6.405005,-18.125969,11.211385,34.126087,10.523766,-10.186983,7.2888193,17.06407,4.5670915,-4.836522,5.8435016,10.140521,3.3046765,7.028205,3.4586804,-0.5040603,3.9859796,4.3464847,3.403007,981.233495683302,476.44392020017193,1421.215993044895,310.06686178817534,0.00013196925,0.00027180245,1979.0312658606438,0.00938912,0.0011149324,0.0368227505075406,0.021887592933500583
-403.06274,23.336044,182.39244,17.063505,-37.721203,7.966986,57.29493,8.40206,-14.254609,10.53344,28.444038,10.265359,-5.4717464,8.040518,11.005003,5.507257,-0.40613565,6.1254153,4.994107,3.6828551,5.804545,3.2555912,-1.270791,3.6749496,5.8990226,3.4796302,1074.7499732726787,431.367069981832,1376.1791631297858,286.7443754615143,0.00012906156,0.00016748109,2316.0933421548725,0.00988845,0.0010770558,0.03770754785382831,0.0170415814077779
-383.92203,14.023084,164.71558,8.868281,-32.896114,3.2014995,47.19998,4.560298,-40.16758,7.220785,42.484802,6.336471,-25.208551,4.0860276,26.800358,3.5464275,-6.936767,4.749126,8.32857,3.281397,-6.076466,3.2721674,-7.2661805,3.4111423,7.6863194,3.193996,1498.9456162060803,332.56815572864133,1806.929204204061,150.63514781490898,0.00029971628,0.00038955937,3187.4136727813225,0.008675347,0.00091128005,0.07292384171983758,0.013931868150362578
-363.61362,12.535691,147.60092,7.1863046,-44.947525,3.5103753,63.074917,3.795964,-45.482002,6.7654886,35.874744,6.1426864,-26.932432,4.4052987,34.05457,3.42137,-7.03181,4.9235024,-0.28841394,3.3112898,-0.22264244,3.3410444,-3.8263555,3.2556393,3.2633193,3.0625815,1878.2446913002507,294.14338752082523,1950.8850991221918,118.7776778956592,0.0005151821,0.00038793348,4309.338520519142,0.008223346,0.0010117353,0.09498373151102088,0.015318327156840745
-392.909,16.356304,170.46567,11.003711,-40.63014,3.8995862,45.70182,6.0203943,-43.051907,8.048115,45.92361,7.1628103,-23.866726,5.2408943,28.45886,3.4043157,-12.461265,5.1709323,4.1148777,3.369633,-1.341729,3.5408132,6.405488,3.5268018,15.921102,3.3498225,1500.6764978483911,384.45749146506364,1758.0933262210538,182.9858292950439,0.00032387298,0.0003585281,3023.791305648202,0.0077434946,0.00091464096,0.07824848644141531,0.017990748009336043
-387.27313,15.604444,161.98174,10.500431,-34.846134,3.870172,46.302902,5.3492646,-42.03114,7.4793525,40.136864,7.101957,-26.522436,4.9321284,25.564512,3.7680864,-6.568909,5.173608,8.086637,3.202533,-3.6090188,3.1878703,-4.853072,3.412526,10.594246,3.1913545,1543.3684468187316,387.421838371688,1803.7989345916483,175.38773707914976,0.00032319623,0.0006608321,3276.818932623985,0.008508745,0.0010454617,0.07490075768561485,0.01624284093050008
-387.79468,17.273392,191.28635,14.895206,-43.129383,5.243683,59.172012,4.285216,-23.279274,10.151303,30.963411,9.650457,-13.192414,7.839093,11.059374,5.3403854,-5.593112,5.514752,1.506636,3.7006106,2.2255063,2.8888016,-4.8710337,3.2777188,3.8983092,3.1256375,1113.0242527126052,408.6127044089545,1376.913686711352,276.94731625114855,0.00017267044,0.00024636814,2312.3462650449537,0.00955633,0.00086399505,0.04819823085846868,0.015537072039348572
-385.87378,14.190039,159.85976,9.44271,-21.216263,3.9386895,41.78024,4.7000384,-40.851826,7.5166197,36.17364,6.048599,-26.089169,4.6468334,21.266356,3.391062,-6.718583,4.46818,11.467015,3.5238128,1.9104027,3.397981,-2.668797,3.0816581,4.5109663,3.1378098,1479.3195510325054,345.122939407226,1827.5892485254703,153.18712198603538,0.00025091437,0.0003216371,3191.5604381162993,0.009284722,0.0014592794,0.06988652842227379,0.01551361354554256
-357.9525,23.102724,155.30376,18.02583,-47.263847,6.7073255,47.27908,5.4136376,-25.858704,8.083995,25.406271,7.8922853,-16.00831,5.963232,7.5521407,4.8782954,-6.6373806,4.932892,0.60935616,3.8851407,-0.36957183,3.4979043,-5.851438,3.3720837,4.43696,3.5295684,1595.0369564760524,382.58696350172727,1629.3427194228368,222.89136915137152,0.0005518652,0.00068746903,3297.9274670098607,0.00786416,0.004903294,0.09118963892111369,0.022895432247489897
-378.62225,13.733495,160.4218,9.040992,-32.14883,3.6010194,42.363308,4.683728,-41.149296,7.100177,37.66555,6.2103724,-23.391132,4.449967,23.689888,3.4863884,-6.9633427,4.3188133,9.115877,3.2751863,-1.6166148,3.1383047,-4.4421396,3.122001,4.0898404,3.3147163,1539.4876130141383,336.0589848201954,1802.5470938402048,153.62235863026464,0.00032304664,0.00055523374,3291.107786669809,0.0086962795,0.0011941313,0.07588864921693736,0.014547620722873066
-349.87738,24.918055,165.34874,13.681261,-99.11543,8.74643,47.589237,6.1075854,-47.987103,10.47002,30.56496,9.700384,-31.791899,7.9734983,20.138346,5.049676,-16.968718,6.1139417,5.5686026,3.5915298,0.21406676,3.7039878,-1.078477,3.1444707,9.205446,3.4879081,1872.3542118274715,358.25977484703685,1535.94459155312,222.31067787748853,0.0005972846,0.0004696336,3354.4583703415024,0.0077852663,0.0013444104,0.13104856982308585,0.01792437734003976
-349.22855,13.593035,139.51366,8.471695,-61.37249,5.239455,61.41092,4.8281097,-38.87809,6.8561845,40.3419,5.8307467,-22.874159,5.396642,19.272749,3.7564652,-16.420692,4.7492576,4.934806,3.5876095,-3.1774445,4.2534223,-0.7209308,4.5829296,14.9570875,4.8318205,2040.8773005395267,282.95354082149737,1880.8750449185154,119.74031781600658,0.00075505715,0.0007613378,4144.592030253045,0.007602465,0.0012729302,0.12713325659802785,0.019689812439063488
-393.42047,15.187785,181.19485,12.312108,-38.821503,4.4479246,55.61822,4.7577386,-27.477432,8.1867695,42.921112,8.102402,-6.6096253,7.032047,18.041061,4.2420125,-9.042988,4.816519,3.2080574,3.359245,1.1934838,3.2065067,1.9610888,3.1726725,8.04378,2.9629798,1169.2542639478218,388.97477938720016,1501.270026272761,230.91174888157417,0.00019918768,0.00033544545,2432.3776351326856,0.00914652,0.00096070603,0.04705626450116009,0.01741855200089635
-378.4193,15.584688,183.57481,13.351438,-47.468792,5.7232103,61.057922,4.759291,-25.31808,8.6974745,34.471073,9.493541,-12.6923065,7.238157,13.304115,5.180368,-6.276252,5.4101024,2.7540393,3.1160564,3.0651522,2.883226,-4.201306,3.4064255,4.6554875,3.2599018,1222.9628668816204,383.83441390813203,1467.2479689714717,253.3043356549268,0.00022019792,0.00047727264,2614.910251413863,0.009538255,0.00088995317,0.05290431046983759,0.016002645855444603
-386.8955,15.344115,167.65143,11.18031,-38.244015,4.278318,43.578697,6.39563,-40.535038,7.990364,39.416157,7.766408,-25.622513,4.9930987,25.486908,3.318102,-10.23972,4.8083596,3.90099,3.6481984,2.3263247,3.4539685,9.655117,3.2384474,14.031202,3.3976269,1494.2585183185306,373.26933034437474,1731.6330878296765,187.20008061570744,0.00035824906,0.0009931779,2961.215117912558,0.0081236325,0.00094528066,0.07651287884280743,0.016068930375834362
-389.43024,33.908222,189.85173,18.657698,-38.58762,9.62767,40.635567,8.1225195,-28.067362,11.3080015,21.508099,10.538624,-11.899561,7.1177373,12.234892,5.290687,-0.89888364,5.9854684,2.77966,3.7788677,3.2171853,4.396784,-2.8890657,3.8860025,4.9216046,3.5055254,1133.9853508511098,387.3115944006839,1331.1545416850163,271.89484768611067,0.00021787225,0.0005389467,2179.9245599804235,0.008832106,0.0037905336,0.056939711426914154,0.01820031656238643
-382.6063,16.303772,186.20415,14.201836,-44.81988,4.954803,62.48945,4.3901095,-25.44882,8.810383,34.19716,9.444748,-15.464769,7.4906015,11.581997,5.4749584,-7.0217824,5.310873,2.8160024,3.4907086,3.6471837,3.0732572,-3.722925,3.335492,4.6788445,3.0483994,1184.8722495659738,422.379757722642,1447.0867108533917,258.5085935022805,0.0001927814,0.00024081163,2510.691546729988,0.009633021,0.0008049497,0.05032469003770302,0.017294853948247778
-387.40393,15.493767,166.64966,10.678605,-39.642292,3.8924863,46.028957,5.708255,-42.48298,8.627019,40.03833,7.1877065,-28.690754,5.0945835,24.307472,3.4289494,-13.739818,4.4244504,5.1842666,3.307079,3.0836298,3.167051,8.152625,3.1252673,14.698914,3.4314094,1542.2196787932965,374.73513554515745,1772.9277165376197,173.21319700981886,0.0003554437,0.00079014734,3127.310555938225,0.008146331,0.0009589094,0.07788255872969838,0.01662240391181149
-390.16412,14.270825,169.0037,9.857695,-39.769432,3.6958375,44.32166,5.6331954,-40.005962,7.26936,44.51863,6.9175215,-22.813396,4.9667664,27.487236,3.7707634,-11.572307,4.9535875,3.6352127,3.2599394,-1.8433577,3.534746,5.885026,3.1534002,15.643018,3.4425843,1483.9194479647203,345.24943568515476,1750.5605415205991,168.88170223854962,0.00035245152,0.00094331807,2990.991890679379,0.0077941525,0.0009327963,0.07484751123839907,0.014617444827696963
-424.56882,19.95938,186.40338,14.016474,-25.948685,3.9456089,61.197395,5.1827836,-18.558144,10.525742,37.43595,9.640633,-9.884957,6.861758,19.265165,4.4774985,-4.5828915,5.494607,6.758083,3.248191,-0.6908702,3.4419217,-8.854843,3.7032769,-0.44203466,3.3865502,973.4772429882025,428.2174538889828,1387.3944524626465,275.64995752433055,0.00011260095,0.00017081022,1972.711195801914,0.009435168,0.00088985875,0.035114332584106726,0.017172166520385525
-437.72137,27.746443,177.42397,18.409964,-6.672272,5.9071517,44.456093,8.235327,-9.485589,12.085667,32.37115,11.928998,-0.58126074,9.09516,7.929881,6.759803,0.46933496,7.4323864,13.719432,4.180991,6.612419,3.8825972,-2.9056094,4.1080947,4.739929,4.754134,910.9152477687442,515.3309422254492,1339.9722733231874,350.01885248211113,0.00011480964,0.00031337905,1820.8546507939386,0.0092489375,0.0026608282,0.033970100420533646,0.021622167796946305
-395.73645,16.11669,179.54782,12.871932,-37.385227,4.4652996,50.728832,5.0377693,-25.659609,8.416468,42.688793,7.971834,-2.3269827,7.22413,18.69734,4.3961363,-9.075625,4.867901,1.3641528,3.2610724,2.0615633,3.097265,3.5017667,3.0931287,8.704425,3.1777725,1161.5476983361264,390.85375985477503,1476.3891826713475,236.47774972227415,0.00017922709,0.00023544619,2343.596888141676,0.009192788,0.0009595585,0.05198892473897912,0.016818387752473598
-393.87637,16.443674,182.74126,13.349654,-36.917385,4.5812364,56.55407,4.130952,-17.347221,8.988259,31.941483,9.480327,-7.800208,7.2565594,10.403223,4.6627073,-4.316494,5.379372,2.4093635,3.3087108,4.0499635,2.8510573,-2.9325843,3.1678927,3.872791,3.0519457,1084.5583282920768,383.16073059329557,1399.5674402358482,247.16217220421734,0.00014158501,0.00015592537,2289.888782899507,0.009754824,0.0012522873,0.04075505727958237,0.015650279793600657
-387.74698,15.936098,167.12924,12.186753,-35.03446,4.1639805,40.23801,5.6742034,-39.255264,8.967144,37.51533,7.4992967,-25.0522,5.154426,22.827772,3.8019416,-12.329859,4.9278517,4.7298265,3.3756073,1.9033875,3.619176,7.3070893,3.2232637,15.586062,3.2490928,1472.5186348716427,408.03666805078973,1719.9731884183586,199.34578291341055,0.00034943735,0.0018890657,2879.9784861695184,0.008762422,0.001352123,0.07254431917053364,0.01575091037092611
-371.35666,14.482462,160.15262,9.121418,-36.8579,4.864311,50.16492,4.8190174,-41.140625,7.5365267,41.36124,6.425419,-26.059542,5.114136,24.850271,3.3370109,-5.779278,5.414688,12.232209,4.1031623,0.03697663,3.5099013,-6.688547,3.7013428,0.7254399,3.23671,1589.6120154369523,347.00489305207185,1845.785287440238,158.35000839010144,0.00035703924,0.00048723974,3535.3672532083815,0.008943471,0.0011737004,0.07484751123839907,0.016661603169199294
-348.74072,9.213726,161.66737,7.723863,-54.35188,4.186938,70.49885,4.0696745,-42.778378,5.958097,44.897285,5.764038,-30.393198,4.7692223,23.078682,3.4861495,-17.303734,3.7153852,9.48919,3.1626096,0.47736213,3.0511844,-2.9103959,3.102755,9.055398,3.210206,1747.684085003475,274.8131477535643,1892.0200595064925,114.99826889391602,0.000622488,0.0012756337,3880.398113489704,0.008659644,0.00067692605,0.08696617604408352,0.016138153146049626
-381.78763,16.316475,185.4615,14.059905,-45.94206,5.1575828,62.539528,4.4450607,-24.86535,9.285916,35.155914,9.610446,-13.381407,7.453068,13.3578825,5.165258,-6.3752017,5.2476563,3.5909994,3.637814,3.547087,3.1231146,-3.662274,3.2761931,4.9737988,3.2923386,1187.0973062764272,412.5876473951481,1453.5942903426235,255.80842967436828,0.00020459785,0.00038172063,2535.921865936775,0.009679765,0.0008041094,0.050307696490719256,0.01769562670727876
-338.48578,8.435795,129.31155,5.5625887,-79.49614,4.1068077,84.95505,3.7520852,-71.07262,4.201659,53.6684,4.595295,-42.118416,4.587745,30.061451,3.699727,-19.99008,4.6704903,12.879099,3.3061352,-2.347251,3.2889483,-4.4142966,3.1635158,10.249076,3.2338884,2836.535076329585,205.6771606710501,2128.5257748032777,63.610222609432,0.0020984777,0.0017102314,5413.227437101218,0.006419266,0.0006887594,0.22473739305394433,0.01844685829639509
-386.3753,15.585369,191.03947,14.021312,-45.335175,5.4734406,57.6492,4.2510138,-22.212288,9.389282,32.249283,9.231284,-11.764976,6.9686146,10.499716,4.869213,-5.4134154,5.0735626,1.9969655,3.453058,3.4951026,3.0647266,-3.4540765,3.016142,4.78905,3.1133618,1113.5795670966434,377.7653473390931,1369.8875018794756,251.83399621708222,0.00019786513,0.0005664277,2300.1557741806846,0.009487247,0.0008238066,0.04907736368909513,0.015983170761253954
-392.6728,14.587249,168.43053,9.96639,-40.33439,3.7550313,44.461018,5.8522735,-42.490597,7.3435416,44.021397,6.44792,-23.770735,5.0985193,28.311916,3.5107052,-10.657719,4.695963,5.482044,3.6188245,-0.063589126,3.1826296,7.6188183,3.1077337,17.118105,3.2719963,1497.36087544416,359.03408639758027,1754.4321148123402,167.90239819288766,0.00029481467,0.00031924873,3017.771001758266,0.008000699,0.0008507592,0.07582633954466357,0.017000924962083875
-376.62775,14.093203,148.15869,9.005951,-20.20128,4.1699862,56.431934,4.368217,-36.964413,6.660105,45.377396,6.6256337,-22.150558,4.315458,20.581594,3.4681883,-16.054884,4.1569695,3.0617568,3.316018,-0.67180985,3.3568282,0.6167094,3.68861,8.87673,3.2907765,1664.8669261855496,348.7884859762764,2024.1029172572576,133.95098249813628,0.00039801328,0.0011310331,4169.872310487964,0.009053339,0.0012483591,0.0645516875725058,0.01781390949117898
-401.22415,15.062548,167.31903,10.052974,-37.630024,3.490856,45.470963,5.248391,-41.65879,7.4030647,47.040394,6.7222958,-23.087591,4.5945334,27.141739,3.5192702,-13.4772625,4.8601794,2.8957882,3.0875573,0.023360746,3.3563302,6.894061,3.405159,16.550205,3.1483243,1509.6834240956773,358.6407433709983,1789.1212018743045,159.29824132889314,0.00033557575,0.00035213633,3130.7578668793503,0.00708719,0.00086366915,0.07491775123259861,0.01613336456238509
-393.6326,15.635971,178.5189,12.27416,-36.755108,4.6408463,52.871204,5.1872807,-24.559713,8.747837,42.346107,7.8873224,-4.708938,6.733517,17.524637,4.5183797,-8.1764345,4.7470517,2.7150385,3.337527,1.3923929,3.2252712,2.4928095,3.4470382,8.408161,3.4907541,1161.8827258227207,375.10761649124436,1500.9950230944494,230.5468830118193,0.00021867803,0.0007903447,2403.2253752175175,0.009195215,0.0009823953,0.04635613036542923,0.016610811553512
-388.2261,16.064838,175.6748,12.945239,-41.84662,4.2389245,53.11127,4.74356,-26.58108,9.087933,44.381027,8.216693,-6.1985617,7.305788,18.053999,4.298668,-8.556953,5.386598,4.2244477,3.1547906,2.165422,3.099934,1.8642648,3.3669415,8.453166,3.1686916,1252.2289679015855,420.5785469150777,1546.6809936180978,236.32876051570616,0.00023014349,0.0003019599,2618.73227006598,0.008979523,0.00095257274,0.05020686811194896,0.0198238481617539
-442.33716,39.280758,186.20555,23.624294,-16.488773,8.306978,41.473972,8.212817,-13.987952,14.224741,31.618805,11.665413,-4.2633777,9.031498,9.589083,6.228627,-1.7464433,7.729423,10.063363,4.7435255,3.9263873,4.3526998,-4.735806,5.108131,3.292256,4.469501,976.7521772312207,564.6347675239768,1309.0362975724759,363.40405641845473,0.00015851893,0.00032737988,1886.8781494707077,0.0084036,0.0039846445,0.042485000362529,0.027674299206693783
-378.9659,13.36642,165.59396,8.827523,-42.339386,3.6359093,45.851746,5.3930387,-45.554367,7.1478696,44.94517,6.450494,-25.78798,4.037871,28.473993,3.5550675,-11.812318,4.025899,5.134452,3.3322942,-4.4218035,3.2377021,0.84648466,3.061853,14.898552,2.8980865,1597.8907836819471,306.2522977395653,1830.7632106459346,139.7680915313831,0.000415242,0.0010976096,3423.404589164008,0.0081589315,0.0010680511,0.08091307460846868,0.014598139882105524
-443.6232,26.755243,192.97328,19.316204,-8.009456,5.199233,47.066677,8.091432,-14.140169,12.946009,34.08188,12.014033,-4.2890453,8.093413,12.482655,5.3260946,-4.528458,6.21421,8.280118,3.3856328,4.8275323,3.4988477,-2.1984649,3.7810059,5.536211,3.33943,828.3924239333023,515.0715612879527,1247.128105724835,368.0755863305867,8.606118e-05,0.00017431672,1583.4148645954176,0.009564986,0.0011863727,0.030091040095707657,0.021065190666017874
-383.21085,15.212888,167.80054,10.32168,-36.282368,3.8564641,43.02388,5.6962457,-41.00614,8.091227,45.98655,6.7867184,-23.834932,5.0107837,26.951447,3.4502559,-13.414806,4.3939486,4.9429564,3.393397,0.5194801,3.3028965,6.2651763,3.0980086,15.35318,3.404637,1512.680103745666,368.61506912470094,1790.8917509292878,174.4023310971583,0.0003278613,0.0006111758,3072.8280547600057,0.008338903,0.00094813656,0.07759253552784223,0.016796237911000593
-381.8175,13.797486,153.8894,8.00985,-29.902079,3.7675643,52.31768,4.5022125,-37.85675,6.98724,40.663788,5.9562025,-23.361826,4.721826,21.076939,3.4641,-9.25712,4.3449626,15.677343,3.5181797,5.7648554,3.408746,-1.3951968,3.360519,1.2283989,3.3886476,1573.4010221438002,302.5732142465752,1892.7956273855605,137.49373818757755,0.0002821277,0.0004393798,3653.300260114559,0.009409525,0.0013765515,0.06623404872389792,0.011955874843802733
-332.9774,13.036238,140.86629,7.048116,-76.89546,6.661403,66.70827,5.117453,-44.886017,5.9699244,29.312426,5.5955787,-35.072514,5.8947287,15.846629,5.6216598,-15.068563,5.110656,5.6248665,3.996889,-2.1004448,3.6405184,-5.2143373,3.9401493,8.094253,4.2463465,2131.1520708202393,219.9587553176687,1804.639183770035,111.02615545017008,0.0010283962,0.00195487,4125.107229281468,0.007705555,0.001244722,0.14082325804814386,0.016949612928792702
-344.47266,14.573525,140.57642,7.457574,-79.14951,5.563083,65.65018,3.6776447,-50.71663,6.089107,40.077915,5.596631,-33.159332,4.9546795,15.116084,4.4171224,-15.217604,4.8351097,10.162907,3.9531574,4.075534,3.590363,1.9651661,3.3034241,9.895804,3.6215148,2194.6713892936573,226.29458890523634,1838.2462090567228,103.24520074298798,0.0009009693,0.0006618341,4287.080882486224,0.0075068646,0.0011815731,0.14350257395591648,0.014398407272247818
-381.47556,17.444902,185.9027,14.586426,-44.35219,4.8113217,61.78199,4.3320713,-26.327078,9.588006,35.32583,9.960197,-15.869,7.8659472,10.651197,5.093369,-8.502338,5.759806,2.384469,3.4379997,3.6748834,2.7413673,-3.045921,3.0527124,5.0400214,3.1453936,1196.8410005446815,425.32400298458117,1456.624599005078,272.2678252384045,0.00020216918,0.0003093109,2524.2559658678942,0.00964495,0.0007975591,0.05133070801914153,0.017240250224899643
-383.37714,15.994197,201.68047,14.160687,-49.898212,5.616096,52.85478,4.501746,-29.235003,9.209433,26.804625,9.711762,-13.555855,7.087484,9.7186775,5.2385745,-6.568571,4.974902,1.7661299,3.435626,2.4624689,3.1011453,-5.494069,3.14457,3.5526834,2.8797605,1098.3162485337725,351.6247859885443,1290.5894661956527,257.1534794136281,0.00017546836,0.00032096554,2158.6661425101506,0.009405529,0.00076534075,0.05445185614849188,0.014466794886369417
-406.57355,18.798485,180.86209,14.160573,-26.262394,4.614529,47.946335,6.398731,-17.664581,9.786386,32.91728,9.470887,-8.092735,7.036891,8.677529,4.9083195,-9.08706,4.9473033,9.140292,3.307707,5.8104596,3.5764043,-1.7540592,3.779447,4.753102,3.8921046,1052.3086583366232,397.8012141024898,1413.5655098414754,269.88467097882784,0.00013183655,0.00014252285,2080.3022698847158,0.009175649,0.0014467805,0.04328369707076566,0.01921292556321572
-363.53476,12.346485,158.33698,8.341611,-46.016422,4.272028,58.43941,4.414363,-47.79832,7.14447,37.666145,7.0228786,-25.322222,4.6311073,29.548698,3.5264466,-13.289271,4.09529,8.544637,3.196924,-1.7177796,3.3060524,-10.322014,3.5640867,6.7832665,3.062883,1729.4990123621244,311.5285103995747,1881.0279466923582,137.18279216795585,0.00047357756,0.0006929154,3793.041255800464,0.008551157,0.00095010165,0.08604399289443156,0.014996364615424715
-380.27426,14.9862175,155.25688,9.534392,-20.690346,3.5298138,43.886375,4.9812565,-39.013645,7.4443197,37.27173,6.635363,-23.350151,4.0795765,19.40146,3.5119085,-7.7983317,4.457345,11.619319,3.3564394,6.828441,3.2641299,2.0051117,3.417296,3.3817337,3.1682265,1515.9397057811457,355.7105775288479,1862.5538661517683,156.3886892621667,0.00026279257,0.0002640807,3439.492040222593,0.009372357,0.0013296431,0.06516685397331787,0.015069033938911377
-372.15063,13.646693,182.24825,11.558502,-46.86642,4.464249,60.91971,3.5214238,-27.308762,7.6146317,35.198586,8.306405,-13.235525,6.1914344,13.858079,4.5590076,-7.598356,4.886032,2.6678894,3.5992253,2.496412,3.2140362,-4.082611,3.0324383,4.8065944,2.9522693,1236.5203890972134,347.2565363860014,1487.5473867785472,217.50575859193376,0.00022540372,0.00026885368,2649.2834387688513,0.009564889,0.00079087,0.056536397911832945,0.015789123457416985
-353.2936,17.281792,154.27016,9.583743,-105.52094,8.401437,60.7768,4.6882567,-46.262318,7.6485577,37.522358,7.519959,-47.00453,6.199792,21.987738,4.098373,-16.379602,4.4293675,10.731371,3.7140863,-1.3095814,3.2375557,-5.609359,3.172136,8.350439,3.1830745,2100.9858374139844,282.9351800552961,1645.0265414156781,170.21146621081127,0.00095751474,0.0014277169,3675.0832683802205,0.007042415,0.0012552774,0.15582856003480278,0.015827694988254086
-376.6253,17.279623,154.1126,8.769348,-24.778517,8.108929,62.653984,5.348573,-45.781353,6.608017,45.158752,6.2002587,-26.474577,4.678922,26.57996,3.7070148,-9.477044,5.1824193,11.343654,3.79071,-0.97996724,3.387203,-3.5208445,3.6225522,1.2078234,3.75144,1685.9480586468233,333.2569780919585,2035.2942411745785,119.06573109393105,0.00044169815,0.0012307336,4238.218996972882,0.008888643,0.0008717554,0.06847832982888631,0.0182522935315398
-340.7222,34.442947,125.62601,13.643254,-63.14461,8.737073,72.72246,5.4653196,-41.58029,9.821737,43.663715,9.780106,-27.347013,9.21164,23.931713,6.387878,-12.826489,5.5833178,7.4172764,3.816582,-0.6531605,3.7673626,-2.2845094,3.6600506,9.388437,3.696464,2435.2783264221252,438.37041986086496,2034.7424848329733,175.6367523347551,0.0012438704,0.000633762,4901.601528512906,0.0072448524,0.0020022562,0.17180362710266822,0.05514623159068612
-401.42712,19.997581,174.9653,13.301299,-33.479073,4.2193885,46.719555,5.305547,-18.601246,9.947959,39.987083,8.724281,-5.5145893,6.575505,17.56733,3.9779303,-4.811186,5.044453,8.917282,3.1212347,-1.3670137,3.3551002,-6.221502,3.2513878,1.8952209,3.4150283,1158.9736948437842,392.6186447125212,1472.6422007345107,237.1176001188617,0.00016668902,0.00023858823,2239.2782614015373,0.009007017,0.0017795141,0.053178473027842225,0.01740261606099932
-392.04227,16.202435,168.56703,10.878951,-38.927097,3.480214,43.585365,5.715582,-43.83176,8.357962,37.781487,7.621498,-29.78174,4.708318,24.632154,3.2993238,-14.051265,4.786473,4.125118,3.380633,2.2312,3.2576647,9.196807,3.3506958,16.05817,3.226854,1518.3803128163117,377.6465071486722,1742.9614158151596,180.62985067332426,0.00029771842,0.00030891298,2993.6398251703886,0.00791753,0.0009097196,0.07982435469837587,0.016001950796114887
-378.6728,13.860725,187.02507,12.136629,-47.027397,4.866189,62.24877,4.111332,-27.956867,8.23949,35.204895,8.10841,-14.3639,6.1321187,13.833955,4.792444,-6.169681,4.7561316,2.1805136,3.2624662,2.0301118,2.99833,-4.235288,3.298456,4.2810163,3.0889122,1185.1486879884756,341.6164707342364,1451.0656500894659,220.85918289126292,0.00022634663,0.00056471676,2512.065475003625,0.009561886,0.0007465651,0.05238317502900232,0.014875914758173842
-369.3268,14.760249,177.63533,12.489032,-41.188324,6.50585,55.34172,4.651385,-24.092958,8.349197,28.690649,8.204328,-13.047733,6.0172668,10.298377,5.208655,-4.2450624,4.649627,2.6041334,3.6479445,3.4840086,3.0193439,-2.974181,3.1766615,5.0641055,3.4578645,1232.7533174411458,340.36539183513247,1478.5998655863418,216.51605834710315,0.000230124,0.000312534,2611.5628625290024,0.00939806,0.001150934,0.05681962369489559,0.01482706605780373
-373.19214,15.593961,180.10684,13.118473,-48.36272,5.3904357,63.432102,4.3720317,-27.496996,8.6977825,38.345947,8.63007,-14.513257,7.115515,16.02717,4.8093143,-7.5138535,5.0147543,3.16747,3.6495183,2.274578,3.0104516,-3.995494,3.428887,4.9947596,2.8676836,1279.7661300868724,391.79598677236964,1530.529531182503,243.4952094634873,0.00027438218,0.0006639989,2772.537295171114,0.009555842,0.0008547607,0.05497978900812065,0.016499580526500215
-397.08707,18.970955,180.48528,14.783125,-27.837103,4.1057773,51.627094,6.04102,-26.4483,9.808176,35.84796,9.748157,-10.282124,6.6487217,11.155201,4.4628296,-12.870233,5.179465,7.6923575,3.5235367,1.8040915,3.0219247,-3.147104,3.6286526,7.4191904,4.1536713,1145.7922058021911,433.6859113110771,1497.2028166274918,279.07090462956484,0.00022253593,0.0011277732,2311.5718691089037,0.009151734,0.0009811645,0.05189262797273782,0.0272364817047533
-390.93088,15.29849,177.93188,11.965963,-38.10263,4.1836176,52.294655,4.8596187,-24.746017,8.502333,42.7946,7.7879195,-4.7149243,7.1180596,17.177145,4.132498,-9.301569,4.446394,1.9838433,3.405134,1.5316088,3.1575685,2.7698998,3.279565,9.345586,3.182154,1180.5965105377334,374.1013629102445,1503.4875725619327,222.16038528845047,0.00019083382,0.00024226254,2434.1762321454466,0.009199403,0.0010179322,0.05040286035382831,0.017732702937279132
-388.68466,15.885944,165.91618,10.935753,-33.793034,4.0383472,42.72637,5.776935,-42.10035,8.3352585,39.8279,7.5450997,-24.764355,4.579697,24.902456,3.421437,-12.255852,4.5849924,3.4616034,3.3298094,-1.307835,3.1333854,6.0949416,2.8680334,14.2552185,3.2500827,1507.187434220573,373.8782439286984,1772.9425884223697,175.3193929053404,0.00035685167,0.0011148821,3056.4158570185614,0.008066547,0.0008924467,0.07637466466067286,0.017468404848048305
-386.05975,13.931495,179.12161,11.140949,-45.681137,4.6698594,55.332474,4.6992526,-29.054405,8.155778,46.420895,7.361837,-6.3353314,6.4622583,18.45092,4.0634446,-11.138716,4.163914,1.8382206,3.200281,0.4492213,3.027218,3.3232977,3.2090137,9.177118,2.9348502,1244.3024623937642,346.9606503580237,1528.5930562364972,204.79365852310752,0.00024045822,0.00055833725,2583.0850764936195,0.008974765,0.0008732165,0.056222583744199535,0.015112727529103948
-374.6707,14.091946,152.34839,9.1271,-25.491476,3.5626202,42.668446,4.545119,-38.781242,7.862122,36.989483,6.358101,-21.802774,4.6052527,21.358974,3.3620536,-4.475399,4.6556377,9.146649,3.4577434,-2.7319658,3.547487,-7.1831183,3.2205172,2.7967458,3.0693088,1593.8827224875183,352.2022363695478,1861.8481605354132,154.83750859173435,0.00032413146,0.0004699174,3595.295506453016,0.009100707,0.0016804379,0.07726852523201856,0.013545170073963967
-394.8505,15.467624,153.06331,9.71691,-18.18884,4.0145526,54.657745,5.0100446,-41.96381,6.936275,39.744907,7.3783116,-21.595339,4.6409063,16.671099,3.627409,-15.880051,4.66374,13.602421,3.5154524,3.3201556,3.7561984,5.3188524,3.3486638,13.76703,2.9307995,1548.569123555199,375.982205046169,1936.5409133212106,148.83930604701655,0.0002496046,0.00026959294,3726.1434391313805,0.009320142,0.0013295906,0.05816211390661253,0.01537367274410135
-430.12906,21.731348,183.28745,14.897442,-16.34093,4.2216663,53.808067,6.015101,-17.134033,10.489352,36.579067,9.638586,-4.219088,7.650742,12.948906,4.25281,-5.8576803,6.208854,12.10057,2.99932,4.5870566,3.0994034,-2.8748896,3.4227643,3.8330715,3.469033,929.7370635058369,454.8283293405146,1373.0145097472575,291.9119937372492,0.00010587856,0.00017874125,1830.8468564203886,0.009424258,0.0014195605,0.032710312137471,0.020231764579017077
-391.14944,73.43956,161.00162,30.789696,-63.161198,27.181196,61.32835,16.39568,-38.788357,18.928246,38.450424,14.690378,-23.999977,9.731459,21.968065,11.802754,-10.603426,7.672766,5.7852097,4.825207,2.293268,4.4763646,-2.9582803,4.6757784,8.334132,4.6000543,1818.0245385072783,797.98828945655,1655.9564998350747,341.3139741017166,0.0008556952,0.001309246,3527.3734887072214,0.00628932,0.0026963558,0.11867953342517401,0.07498458659511187
-381.98828,15.23627,161.76424,9.980714,-30.97156,3.938122,44.303726,5.256653,-39.840855,8.13385,40.55737,6.989238,-22.448185,4.550429,24.643747,3.8257136,-6.4715962,4.447928,8.275305,2.9984336,-4.705582,3.3596516,-6.3586,3.3507645,6.3821,3.0448272,1509.1266768813362,359.1459232481886,1799.5498470673122,172.17273417072292,0.00034486142,0.00093325455,3215.5417316197795,0.008680561,0.0012484428,0.07292837333236658,0.016409540727916255
-384.10654,14.360446,187.49179,12.643628,-45.71215,4.8388634,62.54366,4.518473,-23.666368,8.063552,34.41995,8.60718,-13.793094,6.5565658,11.335653,4.429342,-6.9253407,4.848784,2.7418284,3.218309,3.7137053,3.0034661,-3.1079423,3.1527288,5.0559273,2.7412653,1152.1638242246454,356.3971446534283,1423.9482341304015,231.089852634333,0.00018301414,0.0002781103,2443.643846976508,0.009648502,0.00080592645,0.05018534295243619,0.015235126988102863
-379.98712,15.656468,184.25745,13.430268,-44.921776,4.626064,60.906178,3.8438823,-23.818922,8.740459,33.321323,8.91368,-13.273184,6.768514,12.2200165,4.837443,-5.647299,5.11679,2.6524396,3.6250224,2.742925,3.015382,-4.42275,3.4457111,3.8847616,3.302338,1191.0103703113882,395.45083679034616,1448.4339334738231,244.33422206372015,0.00027291715,0.0014852803,2526.2544069931846,0.009603308,0.0008900201,0.05016041908352668,0.01604596012987483
-388.0607,15.43677,168.62943,10.699339,-34.765526,3.4827938,45.131115,5.680335,-41.701397,7.9405656,42.865665,6.9087296,-24.974554,5.0342293,26.319317,3.718419,-11.322021,4.9035664,3.625104,3.3514152,-5.753333,3.269628,-0.122350864,3.2924223,14.402308,3.467019,1482.5675559791102,380.99863995662525,1772.061830632724,178.80365278617026,0.00030775386,0.00049211533,3034.9326149216936,0.008301517,0.0009857247,0.07379504422853829,0.015889166635356146
-385.02066,15.3643,192.90767,13.446848,-44.74091,5.268603,56.787296,4.278918,-24.414843,8.9123335,29.691008,9.309671,-11.956821,6.8303723,11.46808,4.970925,-4.8505487,4.9154806,1.5949755,3.6774867,2.6068022,3.0716186,-4.634635,3.076829,3.9736915,3.0564206,1108.1918890179602,365.61813869850687,1356.7053704234438,247.84254514148492,0.00016769143,0.00023202818,2280.346226526247,0.009553873,0.000859901,0.05014569134280743,0.015030028725544209
-390.6603,15.896884,194.30894,13.619548,-45.97949,5.0118856,59.88618,4.6478686,-23.23809,8.6435175,32.550488,9.573651,-13.10471,6.96409,10.341566,4.873767,-6.6578918,5.2814064,2.047646,3.3661773,3.1567588,3.0345602,-4.15566,3.2020824,3.4024792,2.978949,1090.1572205253467,364.02763928811316,1351.456016610887,247.7300076154921,0.00016587261,0.00027374038,2245.373506833672,0.009468665,0.0008087025,0.04848598825406032,0.014424917078231467
-441.93744,26.287981,183.69933,18.04278,-10.442021,4.575614,45.79345,7.412689,-12.8025255,12.521187,33.102463,11.842238,-2.6567054,7.6664824,11.355361,5.0126853,-2.867798,6.282589,8.645174,3.1753998,6.560319,3.8416243,0.60115886,3.85021,5.9389668,3.4856172,889.6286268848529,509.97059895017287,1319.250345178855,347.85979851508966,8.960471e-05,0.0001588123,1740.9669668104698,0.009495529,0.0016948303,0.028744018271461717,0.020284786265574953
-408.0048,20.289877,178.30125,14.544413,-26.595345,5.5251837,61.587185,6.0292344,-21.618706,10.173284,41.3075,9.712469,-12.087977,6.5601273,20.627928,4.402662,-6.4180045,6.0376143,5.665485,3.4378202,0.77395904,3.2861638,-8.876555,4.233775,3.4233267,3.3416727,1098.6585040173748,454.98993818554044,1521.1422987081237,276.10981181572686,0.00017539572,0.00039243264,2321.763918847883,0.009479822,0.000812132,0.03974677349187935,0.01944714286301426
-382.2094,13.831727,155.77757,9.115467,-27.717524,3.63025,43.42022,4.52089,-40.375916,7.125931,35.07743,6.5684614,-20.467192,4.2089796,25.559515,3.4584897,-3.6925232,4.6589527,9.385912,3.4751155,-5.594419,3.3673313,-11.062543,3.761378,2.0873923,3.2708855,1564.46287700559,336.70091607461296,1829.51678755637,149.0588508489328,0.00035241156,0.00063292537,3432.6723598825406,0.008399827,0.001498268,0.07813746193445475,0.01606138829966833
-367.8297,13.8893585,151.24257,8.8578615,-43.319946,5.0896964,71.04482,4.6295137,-27.791645,7.627921,49.641468,6.7001953,-21.287395,4.8880286,26.85749,3.3060663,-9.056696,4.3055887,9.671329,3.013543,0.8917688,3.2125459,-4.9794683,3.4756327,4.5647616,3.0677416,1653.301557853078,330.66411690872445,1922.2972635885149,148.70344949567695,0.00040064985,0.00053644256,3843.2271085593097,0.009240514,0.0008343108,0.06635640226218098,0.017749046977881443
-391.46997,16.579954,181.79419,13.572462,-39.104046,3.8240378,53.01592,4.9305115,-28.54757,9.339914,43.07869,8.4944105,-6.385557,7.2609816,17.986246,4.1640725,-10.175636,4.5911627,1.8166301,3.432252,1.2333105,3.3206313,2.5657723,3.0247238,8.957461,2.901286,1185.4742435934925,415.2284002211235,1490.3080093760034,246.1786396304902,0.00019764712,0.00023188519,2408.3713611151393,0.009111807,0.0008401168,0.05308444206786543,0.018008511949001313
-376.44968,13.756038,187.3217,12.278124,-46.0958,4.7716618,63.276333,4.2770815,-29.272272,7.629736,33.223938,8.696713,-16.731323,6.064973,12.271683,4.5233893,-8.231104,4.700785,4.36662,3.0861669,4.653059,2.950766,-2.8568704,2.855649,5.6882377,2.7380667,1186.9413490282031,348.0030556424939,1454.8158490127614,218.62704776012313,0.00021308148,0.00032845166,2531.0007046657483,0.009658727,0.00081730454,0.05414937101218097,0.014918922830259737
-342.0031,8.030732,134.2301,7.055146,-100.44468,6.2256384,81.51199,4.6487317,-60.954395,5.213156,43.54276,5.434976,-37.88503,4.701063,29.811121,4.612334,-20.32323,4.305155,9.678616,3.5046933,-6.298648,3.5839002,-3.9277163,2.9668949,11.241036,3.3542817,2555.2047357673932,185.99737182995472,1860.8952081493753,80.93396160235457,0.0019477763,0.005314518,4624.917354716502,0.0064945016,0.00056812906,0.20060202472447797,0.015069526824958298
-393.0694,16.121864,164.74228,11.224841,-30.15234,4.1256747,47.0207,5.4676514,-42.916553,8.43181,39.169926,7.530275,-27.450815,4.4697657,22.195105,2.9819663,-7.5614696,5.594922,9.218655,3.6854315,-4.335468,3.3953419,-7.3947306,3.3870296,4.4144955,3.0144963,1486.564070563293,401.6467403418185,1782.118787718314,181.45105794438402,0.00031282878,0.0007719346,3123.038888032918,0.008411802,0.0009499132,0.07063424448955917,0.01651344306029665
-392.28778,15.787887,168.60089,11.081671,-35.402267,4.065517,45.55807,5.9291778,-38.982853,8.851183,43.15289,7.398224,-25.261406,4.630896,28.902792,3.2949371,-8.136853,4.9782357,3.7245345,3.4245968,-2.5152552,3.6004138,2.7696142,3.157981,15.214488,3.363217,1436.8339152334609,379.04376350553156,1741.727455880976,185.0202583547745,0.00025555835,0.00040919863,2852.724745323376,0.008780786,0.0010154907,0.06798325116009281,0.01625651066686097
-385.63297,15.446569,186.31511,12.908483,-43.263077,4.7156463,62.158314,4.18268,-23.970427,8.163159,33.473087,8.995628,-12.296835,6.934731,12.140006,5.1954865,-6.7481484,4.8571787,3.4810448,3.6250715,4.28664,3.3287592,-2.1986957,3.1774096,6.238908,3.0630589,1141.0066116010742,362.49465980864204,1429.8381757385878,238.4780865026585,0.00017609412,0.00021321361,2436.424478411398,0.009544556,0.00080974697,0.04862760114559165,0.015073570402971736
-385.41028,15.001965,166.13515,10.370671,-35.974564,3.6612594,44.671295,5.3557324,-41.449,7.86578,40.70579,7.1392355,-26.661743,4.5572824,27.60341,3.526521,-11.035542,4.7732635,5.2017684,3.4100404,-3.295191,3.173252,2.002545,3.0319333,15.378748,2.976755,1523.9967706255386,368.34006827894535,1793.6237031198405,166.66776425184653,0.00031248818,0.00038973414,3121.714920787413,0.008336119,0.0010749964,0.07599174340197216,0.01576682498891273
-357.8655,25.75161,141.66515,16.620083,-52.87354,7.5079317,77.11862,11.6453085,-41.878696,10.132262,55.100548,7.027795,-21.1359,7.057722,29.718714,4.94745,-15.868753,4.448253,7.241613,3.5686536,1.7068958,3.1473842,-1.7857614,3.8377647,12.394556,3.6239321,2093.6619774612636,512.9687888714333,2042.0261479386218,210.10431179494654,0.00078725815,0.00077216944,4556.945375942575,0.007937302,0.0008710643,0.1141615157337587,0.04295363490715164
-395.52725,15.552902,177.64418,12.428778,-37.80863,4.8416395,54.94321,5.164253,-24.32213,8.896842,43.376328,8.116355,-5.725569,6.6034245,17.806448,4.233876,-8.508403,4.901732,3.224921,3.517971,2.1445353,3.1243114,2.3830628,3.2271342,8.747463,3.1942923,1171.6216578848432,373.3562790197467,1514.9942561730645,224.19857463034367,0.00025324963,0.0012762941,2458.582194388051,0.009151187,0.0010421546,0.04576135622099768,0.016417663908935
-372.02734,24.200365,176.32646,16.237146,-43.84683,8.3426,60.04293,7.4020433,-27.464758,9.956632,36.008976,9.833049,-17.066584,7.8645415,15.121065,5.6553817,-7.6184835,5.069358,5.399401,4.1610365,3.673409,3.82441,-1.4766107,3.1721885,7.147237,3.8152905,1326.589078767068,434.57784801624314,1575.0525520869094,292.7081182229633,0.00026054538,0.0002559263,2862.7669119779584,0.009385509,0.0010373716,0.0603542814675174,0.024468188653213416
-385.14587,14.8418045,165.73227,10.352843,-36.506992,3.3739502,45.79542,5.163803,-42.02594,7.8874083,43.71601,7.172515,-24.848003,4.4823947,27.632399,3.1932983,-11.396446,4.4782844,5.5931206,3.2309365,-3.5173404,3.1626067,1.432324,3.220751,16.041714,2.990002,1530.6500507800038,371.3788812258984,1804.2673076553463,161.49159127005709,0.00030837965,0.00036796794,3183.741537213602,0.0085215,0.0008959233,0.07785650195765662,0.0167143808019818
-341.77597,11.581943,151.18617,9.306499,-59.124447,4.197484,76.24866,5.363682,-46.394146,5.4690433,47.014637,6.002554,-28.571218,4.5430865,21.740683,4.152408,-9.771152,4.303284,13.518591,3.1893923,-1.086079,3.0233688,-6.1713543,3.399377,12.432582,3.4894786,1974.0633739811544,295.7132423600198,1947.4962041962492,118.74098343203784,0.000705392,0.00096378825,4290.228427258556,0.008692914,0.00078514364,0.10927530452436195,0.02104860312655738
-398.1329,16.583767,180.36272,12.909646,-33.528667,4.411794,50.34823,5.297536,-23.39723,8.9017515,41.174183,8.211867,-2.3496807,7.179249,18.720314,4.304001,-7.813432,4.8444977,0.43635803,3.5777617,0.40257534,3.2099354,0.61515075,3.5076888,7.384199,3.359281,1117.3064855668017,394.5924967481921,1456.0774749701031,242.53720083849052,0.000164916,0.00020194973,2247.022220762036,0.009234778,0.001245521,0.04785042959686775,0.01711739959588488
-413.90955,20.857834,177.32738,12.912923,-25.826231,5.812525,61.012417,5.862642,-23.102247,9.778305,41.123272,9.028802,-13.913715,5.8717823,22.262537,3.895231,-4.664123,5.95377,6.703604,3.361947,2.4023366,3.300204,-8.593805,4.0000777,2.8562114,3.8507345,1087.567011380094,403.38562645069925,1532.7707735741842,245.96741309599972,0.00015474026,0.00031292162,2297.3079955771464,0.009478963,0.0008569124,0.03728950659802784,0.016881730216661096
-386.45932,15.9636755,189.2189,13.7248335,-40.458782,5.029117,54.12963,4.523409,-18.442768,9.1185,28.31844,9.402364,-9.017598,7.1264124,9.598159,5.070286,-3.4871626,5.3025565,2.8119142,3.2125478,3.4416697,3.0339334,-4.021799,3.2466426,4.527142,3.0415897,1076.102528490552,374.4519531132417,1345.8389287235314,251.70007780747545,0.0001532065,0.00019490527,2223.3157129132833,0.009701258,0.0011604498,0.04675944388051044,0.015510936857469172
-409.61514,20.434965,182.5672,15.560889,-23.79185,4.200717,51.04443,6.0501213,-19.923248,11.235215,36.207005,10.201398,-8.429548,7.1207414,12.870491,4.4443326,-8.018153,5.470013,6.281053,3.148729,1.4459889,3.4367087,-1.8881369,3.8359828,7.3080306,3.6285264,1040.9908010590168,463.71871855026205,1425.953986425211,290.23242702464484,0.00014157576,0.00023041858,2068.936135984629,0.009373484,0.0010584667,0.041723689457656615,0.022403858735641335
-407.65567,17.878336,180.7511,12.077636,-31.932053,4.3188653,60.897274,5.08177,-19.899036,9.59674,38.225357,8.844027,-10.363625,6.1906877,20.754436,3.7251093,-3.4232085,4.874617,10.363545,3.0536127,3.3423526,3.0284839,-4.9701753,3.4730756,1.4455708,3.2825677,1066.984742542212,379.7836355831642,1473.3920319387814,239.88025878111114,0.00014191351,0.00020121611,2268.53044337297,0.009526098,0.0008683811,0.040247516676334104,0.017475762577949222
-380.35187,14.299946,169.69907,10.276673,-40.805264,4.0449243,56.966072,4.601288,-28.245527,8.229325,47.406326,6.7182074,-10.206253,6.193052,23.869843,3.948877,-10.571779,4.1742377,3.6721966,3.6863544,0.83156645,3.8673975,1.1383992,3.2989173,9.871189,3.1675646,1327.4265665601615,345.23378655930634,1658.9594127294447,189.83471653746358,0.0002634487,0.00036547444,2873.633435596723,0.009212966,0.0009601008,0.05620559019721578,0.016558454125012955
-418.69104,21.816433,180.14458,15.2980385,-22.508812,4.656438,56.872135,6.0895624,-15.199955,11.510967,38.80279,10.577225,-9.990656,7.0847497,11.188728,4.9293766,-5.425408,5.9007044,10.971525,3.2761114,4.6745057,3.513088,-1.1140008,3.7360876,5.571914,3.5394955,1013.5501796116341,453.34166359371505,1439.2233238184886,305.95382690395724,0.0001575192,0.00062348065,2092.8175074318447,0.009374322,0.0011335124,0.038250208454176336,0.022507242969116326
-358.71146,12.987493,150.28906,8.003336,-50.174534,4.7665997,76.00522,3.906164,-31.183685,6.843312,53.06105,5.9341106,-25.179167,4.591622,28.133778,3.7233315,-12.419759,4.2799735,9.690925,2.9395354,0.51349705,2.8518548,-5.5561714,3.557025,5.3066053,3.0074763,1790.4759786008024,305.9180744642072,1977.0284041802863,133.99745136158643,0.0005285331,0.0010761835,4114.640393887761,0.009075882,0.000814294,0.07751776392111369,0.016666102823156233
-385.01273,13.542011,160.7927,8.3369055,-30.348001,3.3353472,44.788513,4.927425,-43.174194,7.2114706,39.389496,6.1262503,-27.091866,4.2327027,26.136438,3.4162817,-5.9552135,4.5670743,10.708078,3.6309671,-3.283434,3.4158435,-4.9534645,3.8365974,7.3134394,4.244267,1548.2493940732131,307.7696078229848,1844.3098019389154,140.30146132711718,0.00029014,0.0004342433,3368.6722828451275,0.008883932,0.0011675425,0.0765774543213457,0.01346227204672377
-415.1942,21.29245,180.10706,15.286533,-20.07086,4.4143577,57.02891,6.089809,-19.599794,10.568247,37.96371,10.368484,-6.986065,7.720505,13.534796,4.525162,-9.371299,5.559732,9.67841,3.1008465,2.622186,3.1349263,-4.2136927,3.5180535,4.7988434,3.581538,1028.3391803318466,463.38297966629835,1453.0967152070766,296.5920507878601,0.00013102953,0.00018116804,2091.1937740175463,0.009346805,0.0009456598,0.04054547020011601,0.024831964384393515
-403.0827,24.693953,162.1122,20.256552,-21.62976,5.251508,51.271927,7.440543,-22.026028,12.815933,44.45953,10.196529,-4.0318365,9.478253,17.983051,6.5570307,-8.94082,6.599384,1.2209836,4.244792,0.8872353,4.0448003,-0.43587622,3.6102052,6.109127,3.235199,1297.321146779132,541.4676469291284,1671.0959941533147,394.1900916863919,0.00027700517,0.0010920848,2913.3774334759282,0.009213547,0.001788876,0.048096269576566125,0.024630998436243
-364.452,12.774509,142.8868,8.024798,-79.55424,5.0499063,58.234947,4.1425185,-43.557915,6.6281543,40.358948,5.9080086,-28.143045,5.412569,16.438162,3.7580338,-10.91143,4.7063084,8.950559,3.4116786,3.4075792,3.381397,3.2223983,3.9051247,8.227011,3.2619863,2063.564644554329,250.49429782854784,1718.5127184082655,126.9819382143543,0.0007087562,0.0010621919,3955.8142854553366,0.0070914747,0.0008929935,0.14456183838457076,0.012640757293595888
-385.62006,14.123374,173.26523,11.125873,-37.88526,4.2210717,42.069107,5.9369254,-39.603,7.9127045,43.569668,6.8251433,-24.898283,4.713714,24.937395,3.6160848,-15.089466,4.1283646,4.597527,3.5173354,-0.62745965,3.6854503,6.5226007,3.3323746,16.110107,3.2296276,1433.2412744728242,352.1420739561562,1709.3307429733973,171.7100927432002,0.00028988058,0.00053970335,2750.2047155959976,0.008662025,0.0011233246,0.07452463384570766,0.014345363444164677
-380.90002,14.144203,153.76439,9.884292,-31.403807,3.9280899,44.86416,4.826518,-40.213375,7.7447653,35.34546,7.0431356,-23.30018,4.6276693,22.556595,3.4340003,-4.075974,4.854227,10.368663,3.3548892,-0.53125715,3.4347265,-5.7856674,3.7830334,2.9498641,3.0926359,1602.2043465648335,361.7886882234472,1832.012712927916,160.78210154777548,0.00036200142,0.0009077485,3526.9738004821634,0.008815081,0.001604198,0.07741580263921113,0.015037203668877713
-373.08273,12.622264,151.53465,8.649351,-41.39143,3.6076264,57.138382,4.504213,-47.389156,6.588184,36.028843,7.0593243,-24.595598,4.1750765,30.885637,3.6127524,-12.310226,4.7483497,-3.6271977,3.298341,-3.3881326,3.2773778,-4.68133,3.674061,8.873475,3.1206067,1780.7320145727347,329.0488958933949,1914.4072695593798,133.14380366128134,0.00044281888,0.0005419047,4042.5965913210557,0.008146527,0.00085242954,0.08543675681554525,0.015304296206100564
-408.27234,18.431808,175.43283,13.258495,-23.217651,4.20815,53.31342,5.6009192,-16.402067,10.116881,34.50595,9.343431,-10.389104,6.199891,10.992089,4.646332,-6.863986,4.7139597,10.108887,3.1066864,3.7254882,3.1639864,-1.7413129,3.523726,7.1312985,3.2519333,1065.5011346457893,415.23147990520016,1480.2369754326853,254.6151775888935,0.00014870404,0.00022967275,2209.4015665784514,0.009243613,0.0012064009,0.03951226254350348,0.019851352992199242
-374.50378,14.59104,185.25812,12.975568,-48.436707,5.118832,65.124245,4.6919284,-30.13424,8.111775,37.282207,8.753352,-17.610529,6.8322625,14.129663,4.414124,-9.35138,5.1640315,2.9747183,3.458621,2.6734457,3.096177,-3.340563,3.5957131,6.35266,2.8947787,1241.1102361505982,376.47737170895556,1498.7373164272933,238.70837000543366,0.00023617614,0.0005076023,2661.174163464327,0.009790327,0.0007229271,0.05519277479698376,0.014596846344698709
-379.13568,14.960491,154.53526,9.694468,-33.735558,3.90276,48.410538,4.737552,-41.983208,7.801399,31.311773,7.2794037,-23.710556,4.512459,26.705679,3.3547564,-6.4959984,4.5685697,7.3759904,3.0512433,0.5404249,3.033565,-9.495459,3.3987017,0.51092786,2.8920825,1618.4753917022792,358.237826997883,1820.2102191990682,160.90840172873612,0.00036240954,0.00086197,3466.2961318155453,0.008751655,0.0015020763,0.08066610172563805,0.014830198773892167
-412.55304,19.224419,179.92162,13.179456,-26.289434,5.579105,61.470226,5.444327,-21.522186,9.808651,39.891212,9.103894,-14.012689,6.0235314,19.819616,4.1914587,-4.5316625,5.80034,4.946518,3.4786608,-0.2022897,3.4271312,-8.831105,4.1473784,3.1443534,3.2787282,1068.2862989912503,411.674384373982,1498.015264431673,255.87239842741644,0.00015440898,0.00037244637,2244.0995006162993,0.009446516,0.00079991954,0.038958272911832945,0.01784023731868989
-374.1066,13.374788,180.52519,11.232426,-47.42525,4.5788255,62.83263,3.838373,-26.72014,7.629667,36.084705,7.818441,-14.011352,6.323838,13.630823,4.3327026,-6.3163033,4.703988,3.4200907,3.2168617,2.7657108,2.7351213,-4.6455317,3.2618406,3.9437764,3.1650398,1250.6802077049767,331.8804144228753,1504.524804552807,207.25803288486932,0.00022158034,0.00024247682,2702.9415829828886,0.009515949,0.00082430156,0.05503756706786543,0.015379883183563871
-389.49036,17.460344,194.33458,15.476139,-45.348064,5.6910505,60.452988,5.1898327,-23.338665,10.327735,33.27353,10.354125,-13.643482,7.846846,10.416404,5.4398365,-7.5581145,5.6253433,1.5273911,3.7516909,2.8774002,3.1462066,-4.189603,3.035002,3.536396,3.0510051,1103.3191200183949,411.0417110739634,1362.107876230063,281.16385953233004,0.00020629047,0.0008346061,2278.322804886891,0.009621868,0.0008225752,0.048471260513341066,0.015817099127192136
-390.7081,18.129465,196.48213,16.72119,-44.004654,6.72654,55.04906,5.604318,-21.316936,10.232499,28.187298,11.501786,-11.031954,8.145977,10.433166,5.192451,-3.8984783,5.958308,2.6901302,3.4307594,2.5209994,3.060471,-5.8071294,3.2227387,1.4875491,2.9456253,1075.3542124470223,421.43381033633693,1312.000114465611,297.54018119784104,0.00016431822,0.00030291258,2191.0408887398494,0.009529952,0.0010133785,0.047551343169953596,0.015126648367425643
-392.1339,14.103094,163.39198,10.063204,-35.97022,3.372058,42.5579,5.706723,-40.10215,7.479824,38.439213,6.6553254,-25.45504,4.4815598,23.15172,3.302656,-10.273452,4.690582,5.8168573,3.289203,4.764297,3.3660512,10.54509,3.1114101,15.128943,2.9024613,1496.8747941376516,342.59925971688483,1739.8082352869062,167.80007964481604,0.00027366015,0.00049649976,2998.036395646027,0.008716478,0.0010671546,0.07503104154582367,0.014967762950759075
-404.0137,20.887794,179.18373,15.25712,-30.64349,6.315294,48.130157,6.129129,-20.010998,10.347948,33.645493,10.556817,-4.837007,8.004796,16.982412,4.834301,-4.183344,5.7799563,2.0115726,3.9271896,1.0558711,3.4757783,-2.8670204,3.867467,4.8097515,3.5637937,1104.1546023856258,449.4504884049239,1423.9833798544169,277.57255747689953,0.00015080327,0.00021555476,2233.0331328850057,0.009356687,0.0013898414,0.042865655814965195,0.01826959627928289
-374.01913,14.529678,181.19867,12.953842,-48.293137,5.0341787,61.80331,4.4577885,-27.906803,8.594069,37.77875,8.564631,-14.306371,6.971896,14.828443,4.6410894,-6.3137326,4.788426,3.9946563,3.1670513,3.7555788,3.1846888,-3.7324145,3.0078473,4.0978456,3.1774952,1270.013826923205,388.1953732345219,1513.2988819273714,230.15025942951297,0.00026010338,0.0005727785,2716.40608006453,0.0094922455,0.00081153563,0.055795479263341066,0.017316056558883672
-405.26923,18.256018,179.07187,13.386277,-22.659662,3.944011,51.3626,5.7063327,-19.930933,9.389101,35.03639,9.281221,-6.953204,6.707385,9.930949,4.396825,-8.501662,4.781776,10.760847,2.891155,5.4091425,3.038286,-1.9295704,3.2158585,7.8194695,3.3501558,1057.2184921423498,405.7524846036848,1458.017539809063,264.46556166755335,0.00014466891,0.00022681005,2144.602113090922,0.009333842,0.0011504454,0.04299254096577726,0.021792528715722875
-383.03247,16.962378,147.85368,8.565741,-25.599384,6.464185,54.70368,7.221925,-38.110744,6.8705344,35.85674,6.8744507,-21.244444,4.616552,23.996536,4.4111457,-11.468775,5.068297,11.7044935,3.8516426,11.241476,4.1678386,-1.4791763,7.182071,3.2485218,6.498991,1624.8002228761138,333.33476031786444,1921.85602968731,134.7572960713532,0.00032772493,0.0006354098,3759.567366951856,0.009302633,0.0017150008,0.0687422962587007,0.017320882148938718
-351.47427,27.641258,144.57655,12.1941185,-85.622894,18.954788,58.064144,9.254676,-42.77478,7.010066,42.045113,6.7097178,-24.422007,7.7280703,24.547083,4.680725,-12.632835,5.2912464,7.7233863,4.61454,0.36095887,4.4700418,0.3575861,5.4682584,9.701604,4.2094293,2110.23549886054,325.2022061341294,1757.000116395113,231.45853570409523,0.0010838882,0.0011736174,4053.812842136746,0.0071482,0.0028928232,0.14426841647331787,0.017716535653311088
-389.00812,14.590581,172.25175,10.713547,-34.23189,3.780407,56.962635,4.9233127,-26.336798,7.664869,45.60973,7.0289865,-9.250107,6.156082,22.068636,3.719191,-10.082837,4.584068,3.207562,3.1988225,0.2714113,3.2107143,-0.8106628,3.3378105,7.584149,2.9292943,1237.0747855495474,360.0368454898648,1617.30057369116,202.51293736515237,0.00020462999,0.00020363466,2673.889245123985,0.009285254,0.0010137906,0.047631779292343385,0.01583377079592417
-396.95782,15.866576,180.86751,12.275079,-35.904133,4.0118546,51.455643,5.0258083,-25.16721,8.483603,42.623993,8.057223,-3.5325963,6.952669,18.08415,4.171101,-8.242566,4.366343,1.7542858,3.1209102,1.3574715,3.0827353,2.0391917,3.3446252,7.8216105,3.068801,1132.7948310450163,375.5630659523763,1467.9786719535698,231.08904401445523,0.00016173602,0.00017502307,2284.0433426080335,0.009275392,0.000998956,0.047781322505800465,0.013871489495208864
-387.09775,15.42409,192.56201,13.802452,-46.556973,5.2011805,58.458897,4.8702817,-22.345428,9.110519,31.950523,9.44418,-10.179928,7.1613617,11.612213,5.2126074,-5.882119,4.7854886,2.1592932,3.3054435,3.1921432,3.1048386,-4.888748,3.245002,3.2872498,3.0111988,1099.2700401759737,360.7808619396075,1356.8840257102745,250.08729592340566,0.00017208327,0.00029405302,2280.770895265371,0.009537451,0.0008323675,0.049036579176334104,0.014123473926880594
-389.4723,57.540985,162.54826,25.845205,-40.804985,17.401045,64.40073,12.9141655,-23.94693,17.490707,36.2322,13.245487,-13.322932,12.381245,18.58753,7.6294436,-4.91405,7.3463492,6.185242,4.2621264,4.0609837,3.961245,-0.8205232,4.123441,7.606161,4.10849,1479.134478348873,725.3874531173976,1631.1476148414554,396.1314388289794,0.0004706985,0.0010584417,3139.276222175899,0.008515082,0.0018308822,0.07375539261890951,0.05597475806490027
-382.6558,14.89152,166.17537,10.6278305,-36.270454,3.4974837,42.917633,5.648336,-40.462288,7.771476,42.887547,7.139541,-22.809555,4.9078493,25.236332,3.437333,-11.490254,4.498367,4.1899996,3.391206,2.2940857,3.5677161,9.06286,3.1946747,17.342697,3.0502536,1480.5515927272481,361.01065576325544,1745.8520799842506,174.1962588161896,0.00026049322,0.00035776672,2982.4485548687644,0.009092735,0.0010139986,0.07341892038863108,0.013728353651189655
-374.1154,13.356067,134.5153,7.3806148,-27.949347,3.2088695,74.388565,4.308959,-43.457737,6.243909,31.916868,7.3852115,-14.720583,5.0647306,22.779076,3.5365613,-22.85328,4.156206,15.834956,3.4440806,10.846941,3.1594987,-1.7034222,3.5825014,16.633709,3.0932317,1890.1209204031059,310.0044636410306,2044.7164480856773,110.29194208273587,0.00033469556,0.00025707248,4216.785715904148,0.009936434,0.0015819961,0.07562921439965198,0.015603187972267285
-375.22815,13.327267,181.69289,11.459404,-48.05697,4.7975197,63.983406,3.8537316,-26.955967,8.083212,36.26791,8.015474,-14.566949,6.1752305,14.176595,4.582965,-5.888044,4.4750757,3.7573164,2.9667299,2.344475,2.908644,-5.165002,3.1562603,4.262656,3.287523,1239.9366774862037,343.81417318243916,1500.0198611520152,210.64408629245239,0.00022341083,0.0002609927,2688.203079683875,0.009502563,0.0008302057,0.05393638522331787,0.015467603177892529
-345.44693,10.233222,151.82631,7.464279,-48.836304,4.097024,71.21092,4.266625,-40.994167,6.1809497,46.83772,6.2100205,-27.825325,4.2971735,24.769108,3.2543626,-15.414718,3.830941,8.2767935,2.8408654,-1.1608742,2.9200268,-5.1100445,3.326671,6.2761254,3.071024,1869.7269549483003,273.0115624395702,1994.105650184535,115.10080691533496,0.0007400694,0.0018244244,4267.421217916183,0.00864526,0.000859029,0.0918750453161253,0.014660893262622005
-392.98477,14.571549,152.66476,9.065157,-23.398718,3.9388666,51.34915,4.6217146,-38.707012,7.6455913,38.28735,6.3161373,-20.897766,4.9182086,20.350027,3.4440637,-5.712487,4.6793213,17.16795,3.282013,2.91785,3.4174526,-3.6764784,3.6144595,0.6037102,3.0468323,1523.9708464663972,347.8251804624502,1880.2147381904413,144.1315390877734,0.0002632578,0.0005273739,3609.4344774144433,0.009070579,0.0009840976,0.0576171875,0.015780916743490584
-342.82233,13.428083,145.51108,10.545517,-67.72382,6.0416045,78.030235,6.750427,-38.91251,6.6121144,37.263523,6.814184,-21.452595,5.566418,18.814438,4.0766726,-10.803289,5.148153,7.4423375,3.088343,-1.4202796,3.1904228,-4.274447,3.6551418,7.5384645,3.394672,2029.9481046003598,319.6936405969483,1809.5811453112515,133.54999425506193,0.0007342678,0.00057993835,4033.903372426044,0.008042748,0.0008926884,0.12536026319605567,0.028553835012052695
-365.5607,13.655486,159.69975,10.294251,-48.671276,4.6968346,62.89629,5.0596795,-31.760637,7.7466826,51.40272,7.1768923,-16.479458,5.775601,25.410185,3.6652524,-14.364469,4.6524315,4.707529,3.219056,1.6096523,3.30821,0.38976765,3.3313437,10.132826,2.9875302,1595.7291307004257,373.1564554429486,1820.5083043375107,174.42491609737925,0.00043892072,0.0008418903,3553.203340251595,0.008919244,0.00084091537,0.07131851798143851,0.019107716386586857
-386.96057,13.895581,163.3253,9.113268,-37.342163,3.9868882,44.18998,5.450522,-42.353397,7.283957,42.58545,6.7725234,-23.669218,4.4945793,25.680431,3.2908943,-12.882052,4.509966,2.5438273,3.3361971,-1.6919016,3.1557932,5.7411547,3.2341592,16.61084,3.423183,1560.5380806214466,318.1782820320704,1806.3617918251132,148.6084094674625,0.00036282933,0.00057965796,3295.0796884063225,0.0078434665,0.0011186984,0.08095952363689095,0.015058246880202174
-388.54294,15.639135,194.13448,13.294178,-46.01635,5.0939603,60.027206,4.69221,-23.51054,8.858408,31.81448,9.405408,-13.470884,7.107075,10.453235,4.874468,-7.683905,5.0648875,1.1482202,2.9876115,3.0857391,2.9491456,-4.2431855,3.1757631,3.9098446,2.8356586,1096.4729069699063,353.6377461716281,1354.3887434502255,248.97390752741074,0.00016082391,0.000243275,2268.755267999565,0.0095322,0.0008812091,0.047979580553944315,0.014866584537695744
-393.72766,16.318377,170.52528,10.990526,-39.579647,3.3403652,41.9618,5.7717857,-43.19912,8.21893,40.600403,7.5411477,-25.810125,5.006469,26.012308,3.7147262,-10.320732,5.2212234,6.0940886,3.4094481,1.8266683,3.6370742,8.002356,3.2649238,16.457758,3.084995,1463.8535129441086,376.7750427316417,1705.2203535525773,186.77621770551477,0.00025871777,0.00035511836,2848.9027266712587,0.008476536,0.0008692767,0.07389247389791183,0.014231749647785537
-453.24408,25.933466,192.48912,18.481367,-5.1436744,5.2416654,40.95407,7.982703,-10.716394,12.461359,27.809185,11.978373,-0.7084331,7.8177147,12.702076,4.9706135,-0.7960365,6.4799,8.371384,3.6033769,5.398925,3.5549636,-1.0502017,3.7740452,5.0183377,3.7031424,777.7197324982893,482.773674036338,1193.9540979101553,341.31121713404195,8.174337e-05,0.00023470249,1450.71837387616,0.009592944,0.0014246076,0.025092671476218097,0.01778996825428406
-395.91153,15.1574135,179.16412,11.962739,-37.249836,4.2112355,54.0434,4.9751906,-25.390083,8.582241,42.347397,8.100453,-4.8683596,6.749439,17.671106,4.1853533,-8.1261,4.3819504,2.7381938,3.2384164,1.7332877,3.1246777,2.9104345,3.1814919,8.357356,3.1632013,1155.4527918015353,359.28743872982125,1496.8264507820365,223.37459921208236,0.00019318423,0.00037483158,2405.348718913138,0.0090870345,0.0010276911,0.04624510585846868,0.014272526965867439
-352.4984,15.087919,149.09904,9.854197,-58.904366,5.6962395,66.18718,3.9793146,-28.469692,7.060089,35.354294,9.170442,-24.455097,5.9279375,19.95172,4.172617,-7.1257195,7.4556274,8.589682,4.541458,-0.96632814,3.8789322,-3.8282473,3.3645725,11.508777,3.6466253,1807.8504045148215,328.0908570333581,1791.0926187282828,150.0553708995498,0.00066751725,0.0014944044,3740.78202037413,0.008576207,0.002825405,0.09242563623839907,0.03132477353245894
-367.95584,11.5769,139.56549,6.852275,-33.03935,3.583926,70.64242,4.3489356,-39.916965,5.6415963,27.964916,7.037366,-27.209898,4.1687326,29.136892,3.797761,-19.210827,3.8580747,-6.2452645,3.3601062,10.710877,3.310887,6.2914104,3.3828278,7.245499,3.502317,1889.5873861017387,271.84438458708956,1997.914992375988,102.89236437288822,0.00051263534,0.00092265155,4379.458823502755,0.008658698,0.0014730208,0.08743179923143851,0.018454369508280354
-355.32874,10.9106865,145.25046,7.535668,-49.341793,5.072455,73.51961,4.675254,-28.206755,6.4649363,50.36202,5.786539,-23.371548,4.463829,26.812649,3.602211,-10.112275,4.0204964,10.277989,3.2537537,1.9182398,3.3921618,-4.0267377,3.5860534,5.914874,3.0075095,1819.3755558172477,272.4198365591194,1977.4466229596096,118.97253710959113,0.0005971358,0.0016174155,4142.118959360499,0.009006656,0.0010365458,0.07875489414153132,0.016575364220931255
-405.66852,23.481672,180.96796,16.517084,-31.522892,6.4049177,46.999077,6.292029,-22.541327,12.8046465,38.436176,10.0563755,-4.9779186,9.170747,16.368872,5.2012954,-7.938846,5.280428,2.408922,3.8708813,2.2800713,3.8863347,0.30921376,3.8667674,6.7283463,3.4270387,1125.033742178543,502.79783544995763,1432.3786614135836,302.78938523503683,0.00018437438,0.00032133475,2214.4226499057427,0.00919618,0.0018960264,0.047293041255800465,0.021321249530076254
-349.52582,44.230297,148.6111,9.97873,-71.417274,16.616974,70.23908,5.795659,-52.9531,11.110176,38.8214,6.0511713,-29.324156,5.8690715,22.329018,4.7507906,-10.724689,4.325378,9.610493,3.484495,-3.375671,3.163111,-5.4685173,3.5249777,6.737804,3.4692624,2100.452820969028,234.0152984762801,1889.021458215711,154.06949235963216,0.0010823383,0.0020054274,4301.020009335121,0.007338235,0.0028399942,0.13368710121809746,0.02002475582831572
-378.5602,14.556779,181.213,11.658449,-40.041275,4.7441096,60.552917,4.634406,-24.59588,8.316166,32.313316,8.2186165,-12.617072,6.1527686,12.8176365,4.3191643,-5.376325,4.3827596,3.8103173,3.0850189,3.0702677,2.96914,-4.2216916,3.0922036,4.4174743,2.9840546,1177.8151799215814,345.1601077299587,1474.0326068064112,217.41183678875183,0.0002340431,0.00074702984,2537.745443463602,0.00956247,0.00089069665,0.05005392618909513,0.014208723396419534
-370.64572,11.455134,111.57109,5.8461943,-81.983185,5.4778137,95.501015,5.4907928,-60.806526,5.810642,54.78641,5.8862734,-43.356075,4.8224177,37.505962,4.4234223,-21.748558,5.1807427,6.857734,3.4870636,6.196883,3.6726048,-4.7817364,4.175679,5.865991,4.1679688,3083.7243118008078,182.14772391881655,2097.885918088767,55.823435938130125,0.0021127695,0.0027726851,5526.638970961427,0.0052702953,0.0007021934,0.2726206768416473,0.02222766414122641
-379.58282,14.221554,186.83658,12.289751,-46.932262,4.7784967,60.9176,4.4612207,-26.268616,8.140002,34.333897,8.741047,-14.240753,6.322881,10.797149,4.48568,-7.9042788,4.650416,1.8278421,3.3743782,3.418431,3.1904418,-3.2781231,3.2189155,4.881435,3.126944,1185.4198497092004,348.8710699759872,1435.932116461594,220.76978956018476,0.00021238907,0.00040476446,2489.0084605205916,0.009477123,0.00088905793,0.053037993039443156,0.01479467070840063
-390.3304,18.092419,196.10097,15.951079,-47.15938,5.984613,58.868538,5.4599423,-23.183388,10.360633,31.470535,10.837026,-11.947372,8.380706,10.817984,5.128021,-5.9447255,5.4218173,1.7109222,3.4767828,3.2066822,3.155181,-5.056514,3.42831,1.6337628,3.0791075,1098.4163318440626,416.2094649372515,1337.3621125693364,283.74701754257904,0.00019350105,0.00059682794,2261.5109189203886,0.009554564,0.0008740876,0.04851884244489559,0.01613762163740122
-383.77948,14.061611,177.53056,11.236384,-46.076717,4.23035,55.208363,4.6867995,-30.41901,8.169405,44.7675,7.682989,-7.7667336,6.265187,20.175335,4.253215,-9.428685,4.2253776,3.3970542,3.116283,0.60983336,3.122714,1.5292035,3.1076574,7.8828354,2.9611335,1276.3718843584963,361.41255608141836,1552.9175672834642,208.63686361486958,0.00024325523,0.0003205705,2677.461458635441,0.008877077,0.0008471715,0.05577735281322506,0.015120224161111155
-427.88986,21.951353,181.81444,14.522815,-20.658157,5.050935,60.65936,6.1942873,-17.178051,10.750871,37.417763,10.147255,-11.1637335,6.577836,20.309498,3.9972682,-3.6598022,5.858782,5.8365726,2.8526344,-0.17296113,3.4874399,-7.5593967,3.8128319,0.19852322,3.480167,970.3820865189837,440.35309659593446,1422.9294422469745,281.4183480823198,0.00011112585,0.00017639721,1985.1015307787122,0.00947198,0.0008657609,0.03377410817865429,0.016679095868170957
-389.59198,16.236147,160.81627,11.023083,-32.642895,3.3937478,41.39387,5.7078366,-37.712845,8.288608,38.31703,7.907645,-23.124594,4.5816097,23.67875,3.4934394,-3.936174,4.886061,6.608333,3.3798316,-5.406198,3.5968075,-3.8814838,3.6257324,10.97088,3.016371,1496.6429468800347,395.18487345111396,1748.9628547231298,179.81192717083798,0.00027594581,0.00025872077,3046.4486319061775,0.008421674,0.0013062931,0.07584333309164733,0.01641159522478252
-400.40927,18.70973,167.69952,13.786565,-13.037808,5.196773,56.441547,5.457648,-23.580154,9.372381,33.88394,9.398936,-14.669115,5.568107,16.921625,3.9484131,-7.718829,5.090151,5.5917234,3.5579402,2.846075,3.4958408,-0.23714583,3.8467693,7.5888705,3.3522134,1137.1134470519116,450.781205950949,1615.123339666538,245.84426755775002,0.00016897533,0.00024845536,2439.5470426696634,0.010148278,0.0018727221,0.03561620867169374,0.02034265464194539
-373.10532,13.045736,184.30086,11.771945,-48.87731,4.9470844,63.033474,4.0632896,-29.89329,7.9816933,35.95583,8.2809305,-16.079033,6.032091,15.057737,4.5750737,-7.373825,4.376819,3.3887994,3.07247,2.0896888,2.870777,-4.9278135,3.049985,4.3301024,3.1118138,1244.2273096909548,347.93672580148404,1493.6127744517878,212.2029213482289,0.00023694831,0.00040802525,2662.8478579067573,0.009586077,0.0007803902,0.05503076964907193,0.013724937273242243
-390.6464,18.257856,183.6428,14.285594,-37.538113,5.061187,57.808624,4.580111,-19.724142,10.334925,32.412506,9.841606,-9.469279,7.407077,12.093052,4.895852,-3.6642718,5.4204116,3.0374842,3.498304,4.2557707,2.9938295,-2.3936214,3.2341619,5.996214,2.9862905,1102.7279520624043,424.962950874464,1415.14435847709,269.1472459872536,0.0001554503,0.00020786443,2337.0519934563513,0.009874823,0.000986715,0.04242382359338747,0.01580739841922022
-392.99463,15.977121,166.38966,10.443457,-34.43707,3.964539,47.123024,5.592904,-45.176765,7.787196,42.746456,7.450011,-27.360376,4.6116395,25.018484,3.5191238,-12.018501,4.726363,4.362823,3.1869423,-2.7388585,3.2670398,4.0482516,3.2692823,17.437105,3.4681547,1508.7987986292885,365.72968574403137,1793.6146761816549,168.3840708532634,0.00028611958,0.00055689673,3167.0795343314967,0.008641731,0.0010461445,0.07201525340777262,0.013958324466517315
-340.0962,14.353973,135.82945,9.300233,-58.43919,6.092143,76.07698,4.7736025,-37.783398,5.5539575,38.62095,5.8173285,-21.997313,5.048236,20.357376,3.6473007,-11.601796,4.412867,5.9948387,4.271463,6.2559977,4.0034823,-2.823128,3.9059653,9.850489,3.3907351,2083.847892584537,270.28782045827694,1922.9103699240636,114.92923271682399,0.00085482746,0.0020422107,4345.660187971288,0.008372872,0.0017359765,0.11561842916183294,0.024590209357674638
-384.13046,14.421169,187.77469,12.873892,-44.869717,4.557842,62.08811,4.02465,-25.188778,8.368364,34.10851,8.408574,-14.387426,6.7219133,11.170235,4.4380894,-7.5144105,4.9865527,1.5634731,3.3113666,3.6128604,2.793536,-3.5815847,3.3823903,4.9584565,3.0862446,1153.1091396349957,362.34467109338823,1423.3123361327903,227.18859108184932,0.00018624283,0.00027442124,2427.431493347593,0.009627418,0.0007921503,0.049955363616589324,0.014230902348242223
-390.1819,15.834368,159.19994,9.959372,-29.588749,3.8967514,44.55989,5.650595,-40.27524,7.670147,39.859325,6.8580747,-24.871443,4.426268,22.455647,3.3971694,-6.628022,5.0545983,7.260713,3.4131,-4.6737857,3.5711796,-4.14853,3.4632165,9.734662,3.0171902,1535.651109247425,359.61417099489495,1818.5762935425028,166.21200107335613,0.00032940003,0.0007796975,3311.7416912884282,0.008450572,0.0012860685,0.07515566089037123,0.01580438785654216
-380.3186,13.847339,185.40535,12.326266,-41.953896,4.4563885,60.566715,4.1421857,-24.84825,8.216416,32.05243,8.628025,-13.51562,6.438738,11.68512,4.6657004,-6.6401005,4.636091,2.64615,3.059938,5.1620617,2.8204646,-3.211884,3.035156,4.514079,2.9336047,1154.6497306163733,351.65497002447523,1438.075148521254,227.0605399115006,0.00019966047,0.00040849348,2461.355031449391,0.0096210865,0.0008242941,0.04994856619779582,0.014093089293457798
-347.70953,8.970715,148.35971,6.30993,-47.03592,2.9281976,74.56501,3.0714953,-39.5655,5.2111855,48.43853,5.171361,-27.709143,4.116324,26.532999,3.294668,-16.137577,3.492466,10.120168,3.2651067,-1.792643,3.192589,-4.187589,3.0876682,7.364438,2.9054463,1917.889001814475,253.56978539385398,2054.121091907757,90.19568983716094,0.000649991,0.00077983394,4417.20438025667,0.008708993,0.0007460945,0.09081464798433875,0.016405359534124763
-397.64017,16.701397,165.98601,11.780692,-31.204195,3.8434043,40.57676,5.98995,-38.301113,8.848403,36.0473,7.948331,-24.25643,5.4413443,21.272871,3.7307684,-11.199459,5.069095,5.1645026,3.5302339,3.1961215,3.3940797,8.7507515,3.7707407,15.586721,3.4161503,1422.1226678400797,409.19335686542854,1692.23034263254,202.4143926925066,0.0002139713,0.00044127466,2761.47092743982,0.0093319975,0.001138871,0.0674677802349188,0.014558168126554291
-364.4238,13.962711,160.87587,10.924933,-48.66274,5.4877577,62.806713,5.0304523,-28.279745,8.250415,32.84017,7.9494424,-13.757808,6.5171833,8.757854,4.9399724,-3.0077734,4.825191,12.516356,3.5854251,6.1249104,3.6672876,0.09739423,3.7585027,9.768921,3.3511937,1502.3355903029108,348.91111160760903,1658.3492257763485,191.47775647614557,0.00031133625,0.00040623592,3381.0376373078598,0.0095182825,0.0016125536,0.06234592517401392,0.020773338459026437
-383.9872,14.461199,187.53894,12.521546,-44.627228,4.6632633,62.125195,4.479385,-24.925337,8.436338,34.321045,8.437265,-13.568673,6.6467476,11.460849,4.6392674,-7.574581,4.5766997,1.7572403,3.1587605,3.090344,2.9426718,-3.427232,3.0358348,4.5384827,2.8895893,1145.5698143766715,356.30224633183224,1423.946044117572,227.44355916982974,0.00019082762,0.00037035477,2424.1840265189967,0.009658468,0.00078878115,0.04879640371229698,0.014726366182176301
-354.57507,15.535619,144.9538,11.945085,-51.798615,5.312477,69.95009,3.9840806,-21.043924,7.5418196,34.428547,7.765459,-18.706211,5.879546,16.140947,4.1662483,-10.173393,4.510474,3.4888413,3.7477183,5.0013003,3.6499305,-0.36888576,3.99358,9.1783085,3.8039737,1713.3329165704024,356.0619962085383,1767.3839435846514,174.5481590276172,0.0005046066,0.0010670461,3626.146441324681,0.008954563,0.0025617483,0.08669314638921113,0.02591997640093181
-384.7325,15.3807955,158.5806,9.735271,-34.559227,3.7558742,46.794346,5.562964,-42.58932,7.9478908,40.163464,7.366439,-24.472366,4.8093305,27.13188,3.5088418,-7.0579762,4.5626783,8.5779085,3.2907739,-2.9171486,3.5091188,-2.3787358,3.4705994,11.038574,3.1870754,1606.1750394494468,369.83929966624197,1857.6936976901766,157.50217786667412,0.00036847615,0.00071631355,3527.1236835665604,0.00815454,0.000933176,0.07815898709396751,0.016820401696957622
-368.35065,12.026909,151.74063,8.322453,-44.633827,4.552041,73.10398,4.2928486,-28.306187,7.3955526,50.722343,5.5939493,-22.120646,4.8161707,26.963146,3.335309,-10.646878,3.9108574,9.320288,3.037219,0.97699285,3.1821787,-4.5415206,3.5150862,4.824488,3.0318303,1663.3552658336216,316.32108914299164,1930.9633341906676,137.60850526975335,0.00041689147,0.0007015297,3879.0491657301336,0.00920089,0.00081505906,0.06661696998259861,0.017124519603740236
-360.79636,10.817204,138.03596,6.391202,-44.943054,3.6709688,72.85658,4.077264,-49.342163,5.592205,33.37296,6.1426835,-25.870436,4.0112414,34.39315,3.6417148,-13.990019,4.090182,3.0154748,3.44648,-4.669659,3.6239488,-11.752381,3.8338556,5.1486444,3.4569368,2098.283180426829,248.83967029697664,2052.926618980204,89.37450852761833,0.00065902265,0.00031153794,4656.8674322070765,0.0078068897,0.0009695914,0.10755102595707657,0.01591741769894555
-384.10413,14.90047,160.08582,10.244642,-30.675098,3.9061675,42.488907,5.481523,-41.038204,7.7147884,39.148712,6.87033,-23.237234,4.6450996,26.22182,3.236887,-3.0467927,4.6889315,10.703394,3.3125613,-2.3032887,3.1826372,-5.6849833,3.163054,4.2650046,2.9158897,1528.9290330075344,370.6840065743338,1810.518734270882,168.26828889345487,0.00029182178,0.00029865387,3256.110086463167,0.008731997,0.0012606054,0.0739139990574246,0.015428213025113302
-402.71255,19.274746,178.66766,14.044743,-33.016037,6.2802954,51.92164,5.36655,-22.269295,9.8338585,39.64699,8.714921,-2.729394,7.806163,20.007994,4.4568977,-4.6856365,5.5716305,3.7394679,3.7637818,2.973282,3.4271588,0.73666453,3.7669635,6.3074393,3.4750917,1112.984707754612,418.0225285273063,1466.6221026436035,264.6588244656078,0.00018190563,0.00048624873,2304.82713031105,0.009271129,0.001425848,0.04290644032772622,0.01758438602966198
-411.25204,20.41508,179.62091,13.676562,-23.363773,4.732487,59.947407,6.4324713,-21.556519,9.648386,38.30478,8.965207,-13.942541,6.2259235,19.161022,4.2213283,-4.0602703,5.568819,7.2837877,2.9095013,2.18082,3.266737,-6.7898397,3.7068384,3.603817,3.4510841,1054.0612217215762,403.16815590011487,1495.9090823393883,260.03382675571066,0.00014693297,0.00021405202,2202.307100583672,0.009394644,0.00089795305,0.03793639428654293,0.017320253625184193
-346.061,10.315792,165.25763,9.670644,-53.131214,4.2218027,71.3287,3.9697874,-43.765316,6.3499894,43.804714,6.875124,-30.652117,4.8023024,20.881168,4.2759113,-16.197075,4.2090526,4.761336,3.3205087,-1.7279747,2.930744,-4.450259,3.0563493,7.5041976,2.9443018,1696.0137320900099,317.7009062161835,1845.1032107568992,155.42146045438514,0.00056738715,0.0011104703,3812.3262126595127,0.009143874,0.0007035819,0.0853551877900232,0.01815336950156038
-388.01718,17.998816,193.02905,15.229951,-44.496716,5.669831,57.107235,5.2574644,-24.187872,10.214669,32.01614,10.303555,-11.987798,7.3855305,11.066712,5.519767,-5.9623327,5.4426513,2.1744401,3.4075327,3.3647683,3.1442585,-3.2726836,3.3897316,3.795324,2.885477,1105.8076643597199,401.6727086095196,1362.1220293715478,273.5447477632993,0.00019413258,0.0005757763,2273.2767410455335,0.009600485,0.0008671805,0.04867971468967518,0.015404496109792961
-367.7782,10.89408,137.78735,6.9648356,-35.77074,3.8745985,67.17906,4.316629,-41.458485,6.0049963,36.247536,5.8803673,-29.015211,4.204635,25.214287,3.7861407,-7.396975,4.6985297,4.8208,3.1016328,8.908024,3.5161142,7.1036034,3.2077613,3.3403113,2.9652,1938.981857883779,288.04505018912823,2041.7752494253523,95.34992085454267,0.00050705747,0.0007237741,4579.103091919229,0.008666599,0.0013806322,0.08636800319025523,0.01680074100194834
-379.34875,15.424919,184.98827,14.210637,-44.76022,4.7718363,59.32924,4.5242786,-23.852896,9.158165,33.817856,9.458371,-12.325755,7.2633786,11.076806,4.7118115,-6.8255386,4.733603,2.2483149,3.5456374,3.347185,3.0106623,-2.9622483,3.0675902,5.4683404,2.9281096,1179.06444163998,401.9175656122927,1436.9075527152904,251.88685229142357,0.00021581238,0.0005146251,2480.739910364704,0.0096605485,0.0007532119,0.05124460738109049,0.016647795161406142
-370.665,13.790524,140.50894,8.36793,-20.452137,4.453565,51.771263,4.8198066,-35.870823,6.8719635,31.9376,7.0883646,-18.309763,5.3417788,17.04937,3.654252,-15.424296,4.7781305,10.852209,3.5912676,8.160986,3.6105883,0.64713496,3.9941816,12.567709,3.516914,1703.8375917857431,340.6069754754916,1972.2362535220998,139.03156899936192,0.0003503642,0.0005676204,3968.0047763196058,0.009807858,0.0025440275,0.07074073738399073,0.01640423901750209
-379.61426,13.352691,165.58186,9.483423,-37.54134,4.202684,45.47376,5.263671,-41.814575,7.275024,41.445175,6.447484,-27.194864,4.333893,23.4366,3.1923301,-14.552077,4.046209,2.445958,3.2428155,0.21435277,3.2381072,7.4356503,3.3368824,15.583611,3.3237147,1544.6960782903525,331.1277464850196,1791.8999893007187,148.62661281807385,0.0003646905,0.0006495903,3203.3762212695765,0.008256716,0.00086099206,0.07854757286832946,0.014702832825163915
-378.58353,14.051947,181.45166,12.074817,-45.318718,4.48688,63.051525,4.3547654,-25.091597,7.8709235,36.36697,8.313883,-13.762756,6.533545,13.801871,4.2755156,-6.3959155,4.8537703,3.7304778,3.2285097,3.15369,2.9030986,-4.4967155,3.2904887,4.1227717,2.9298673,1210.2533274183115,348.99865944103635,1490.1740545465657,213.86784424398635,0.00022539102,0.00051145494,2617.5332053908064,0.00961944,0.0008573613,0.05060678291763341,0.015083231152630818
-345.7901,9.802111,150.17314,7.4970403,-47.397984,3.511572,73.75702,4.1964474,-42.563778,5.717566,49.521645,6.1682816,-29.599628,4.099052,27.012686,3.4496338,-16.889479,3.5463636,11.061496,3.32898,-1.1947894,3.0575886,-3.4095025,3.3366802,7.5575085,3.028333,1936.6995392635906,279.480738875003,2070.8362750932297,98.12022229698199,0.0007526639,0.0019024484,4475.908588312065,0.008749599,0.00079533923,0.09563515081206496,0.017592117822947704
-392.46338,16.553871,170.40063,11.284896,-34.649418,4.21837,44.611378,5.9830694,-40.553017,8.137183,40.75704,7.7712374,-28.48921,4.8130937,23.006996,3.5962617,-14.180728,4.355959,3.643001,3.6126866,2.9530983,3.5009809,9.644042,3.0890083,15.724774,3.4016027,1459.3620591674999,383.4342833690236,1730.9489915986528,183.6510240603832,0.000293831,0.0004990988,2845.0307469910094,0.008228474,0.0009794441,0.07533352668213457,0.01636066328610273
-389.2326,14.684447,172.82903,10.206748,-36.497704,3.8171506,44.103428,5.698083,-40.091408,7.8304734,43.05704,6.5712,-27.761534,5.079468,24.91148,3.3443859,-15.179301,4.123804,2.513271,3.390217,-1.1180961,3.2269852,6.9146323,3.3177977,14.487592,3.2106802,1445.2417090682986,336.81061477950743,1732.8669507186828,158.93731542688928,0.00029354478,0.0004174337,2800.4405293829755,0.008186154,0.0008456802,0.07380977196925755,0.015909783872136006
-388.0227,15.987237,195.8594,13.865358,-47.800766,5.164568,57.92305,4.5030007,-22.837093,9.272131,31.268978,9.263185,-11.164749,7.4125032,10.406236,5.0000067,-6.1212144,4.5146556,2.1691852,3.1330266,3.1002817,2.8087802,-5.005978,3.0250728,2.9669917,2.847737,1086.299341238107,363.2066938654517,1327.4308546415798,247.62598511855023,0.00016067018,0.0002302786,2217.0955649108178,0.009536692,0.00082893495,0.04991457910382831,0.01461318387083596
-394.94778,16.592646,170.57889,11.627453,-33.491364,4.716095,43.200226,6.2261286,-40.105724,8.889042,40.810696,7.335431,-26.585344,4.743761,24.848833,3.4396307,-10.180186,4.8741965,2.9539604,3.5381665,-5.303463,3.624764,1.0777782,3.2510128,15.586814,3.5362382,1419.7932499660717,386.83405397523165,1715.2785738383338,191.57263485069407,0.00027928082,0.0006932223,2761.096219728828,0.008549265,0.0009672447,0.07059572578306264,0.017275280984718484
-380.66757,13.128193,160.616,9.191459,-31.375807,3.6797142,41.920868,5.1379275,-40.121872,6.9439087,40.672504,6.3908014,-23.882174,4.397022,25.705427,3.2628016,-7.361415,4.3983607,7.8015823,3.2545128,-3.8010843,3.1659896,-2.8278084,2.9890788,10.754652,3.0637996,1545.3854484939686,330.64995490919165,1826.7552710575858,145.05861959953376,0.0003066197,0.0004948048,3288.1850665240718,0.008686791,0.00097618473,0.07727985426334107,0.013915638573478654
-342.48227,41.66482,144.8625,7.3737774,-75.74247,11.738148,63.506653,4.6576552,-50.49988,7.0915737,36.22314,6.5691857,-32.96773,7.287107,25.353565,3.7668052,-9.824413,4.997942,6.7235446,3.8673377,-5.302988,4.0374475,-5.3197613,3.8795109,6.994026,3.2416327,2134.322979893621,211.98710264576968,1865.2890856362142,101.38559035843795,0.0011510628,0.0012671766,4293.750679741879,0.0071761347,0.0025715465,0.1429701094837587,0.014765643939006236
-396.07114,18.534178,177.45827,14.151421,-35.517868,4.9411674,50.758385,5.84029,-24.319292,9.8692255,41.26615,8.826826,-3.300536,7.888141,19.400513,4.9481225,-6.1701064,5.273872,3.36454,4.0196314,2.0995142,3.7457633,1.4262874,3.7336512,7.9269066,3.814921,1167.5415647222962,438.2345252566828,1496.1480635509513,256.6865344378679,0.00021054436,0.0005085563,2402.550901337732,0.009154344,0.0015420326,0.04865592372389791,0.019360317231526702
-344.8347,16.251926,175.1801,11.249671,-81.051926,9.368225,63.241962,4.6917057,-46.032482,6.9402676,39.42831,7.3013086,-27.0099,6.7648277,17.004004,4.9866643,-17.088049,5.017224,3.5366006,3.8097312,-2.0068245,3.6157966,-8.840749,4.3066797,5.654169,3.1208715,1695.5531166701796,312.1427067768573,1597.1489115918368,167.73387008779642,0.0005787217,0.0010216305,3341.9181522803074,0.008405266,0.0007783534,0.10579502610208817,0.020515196006983337
-383.10596,14.273504,188.51088,12.379933,-46.458767,4.2959247,62.421013,4.439141,-26.137163,8.266243,34.09518,8.187724,-14.912828,6.379288,10.403116,4.7800317,-8.503917,4.9567375,1.6209332,3.12141,3.9164732,2.920953,-2.5274167,3.057788,4.666301,3.0351093,1162.225518306697,349.19635509767704,1422.3109158096074,225.57998484956454,0.00019474208,0.000351127,2444.4931844547564,0.009525977,0.0007956205,0.05121628480278422,0.014807126110603015
-387.04547,13.980165,160.03578,9.303749,-26.775482,3.4119995,39.866302,5.12128,-40.15837,7.003065,35.76001,6.837478,-23.660032,4.183794,23.287964,3.6064606,-5.9534073,4.591154,8.753247,3.1967807,-3.486748,3.2702708,-5.613775,3.3653355,6.8375077,3.0733404,1513.4820139839735,333.8839931590732,1804.7859861562692,153.83644708936754,0.00030347335,0.0005328197,3202.526883791328,0.008444622,0.0014579762,0.07534485571345707,0.012860116659136833
-424.57574,20.701694,182.31616,14.049596,-20.237635,4.1571784,57.90678,5.9671373,-14.747252,10.086515,39.02031,9.707401,-8.508469,6.566009,10.95192,4.8346047,-6.0020404,5.162426,11.280357,3.652021,4.1734853,3.3251283,-2.7880893,4.274834,4.797804,3.3108926,959.1566772398038,418.13176674016495,1404.3324923951557,283.7480709784031,0.00010870944,0.00016504148,1950.5035187971287,0.009420424,0.0011006733,0.03521969257540603,0.018869010293811463
-376.1113,14.888711,183.8188,12.758411,-45.921658,4.6769676,64.52869,4.424025,-29.119486,8.851247,35.99507,8.932869,-17.429352,6.6665626,13.166098,4.333509,-8.714097,5.2026806,2.8588753,3.1630383,2.9148917,3.013109,-3.606955,3.5796733,4.880412,2.9279325,1228.776453074427,379.09767829340984,1495.6126832440548,233.19170541880496,0.00022680937,0.00044785687,2639.216291600203,0.0098430365,0.00075962784,0.05271171693735499,0.01429282804247818
-395.47397,16.458754,148.84877,9.216093,-18.04061,4.0457525,51.55924,5.1720963,-33.33259,7.7804265,39.929375,6.876339,-21.156017,4.7910366,19.196419,3.5222785,-11.927318,4.639872,8.762294,3.3159285,7.444752,3.3840332,7.803748,3.4829948,10.676024,4.192651,1509.3763328381074,380.1699499480058,1910.56012691685,156.6585249899406,0.00022079707,0.00021617455,3582.6553663355567,0.009663323,0.0018557853,0.054847239341647334,0.017635696629569292
-372.0785,14.703501,181.23352,12.295112,-47.104652,4.667666,62.617878,4.2529335,-27.82363,8.589517,35.884686,8.49436,-16.253546,6.8018923,12.534523,4.7662616,-8.618766,5.03098,3.4578304,3.2073238,2.896405,2.9724197,-4.580213,3.1456723,4.463219,3.099041,1263.2970438892123,374.1364773579805,1510.5807683838395,227.61309210168338,0.0002464914,0.00040151612,2717.9298914225637,0.009593639,0.0007629352,0.05572977088167053,0.015864441778227385
-400.92917,16.921143,149.82162,9.80253,-18.765099,3.9702244,52.17579,5.137009,-37.14788,7.543999,40.946236,7.1252685,-22.31526,4.786458,18.75647,3.7771368,-11.384639,4.8541703,9.972398,3.33812,9.028994,3.2673862,9.609858,3.258162,11.324233,3.2069795,1502.5121274072155,390.692715786623,1907.0881248732333,159.1965361407581,0.00018389376,0.00018245073,3599.9668625833815,0.010097165,0.0012632956,0.05017288101798144,0.015532499569712189
-390.3852,16.335382,191.18587,13.771554,-44.202385,5.187826,57.84952,5.128119,-20.889568,8.983044,31.684074,9.178535,-10.57201,7.2614236,10.675369,4.8751764,-5.114071,4.9767795,2.4704368,3.54025,3.6697745,3.0252872,-3.7422376,3.1378615,4.4224877,3.2259552,1086.0812960546398,361.0458774548854,1357.7088147793063,244.36741458281392,0.00017048712,0.00039026997,2249.170544971723,0.009513521,0.0010096421,0.04600946200696056,0.014371770157803438
-383.23227,17.123377,199.88185,15.776247,-51.275215,5.530566,54.035973,4.8132014,-28.486332,10.061134,31.29591,10.027127,-11.6150255,8.419586,12.76842,5.3029747,-6.0542665,5.277652,2.3361564,3.3595788,2.6750455,2.7969222,-4.5384665,3.0690916,4.644634,2.9436567,1119.4356906107712,401.1374490762099,1320.3143381495638,278.04028492615794,0.00018875489,0.0003642088,2228.6115818953017,0.009492937,0.00074315746,0.053663355568445474,0.014891578112979838
-397.4792,17.448421,174.32678,11.761803,-32.73284,3.9677825,55.543983,5.399645,-25.779482,9.210215,46.8934,8.420853,-7.417841,7.0062513,21.135952,3.9678082,-12.028363,4.7333474,4.382607,3.4761553,-0.3801142,3.3957624,-0.031097952,3.0840695,5.648681,3.134584,1195.7295715757043,400.97762850481587,1579.5826598743897,234.53952650738077,0.00018271388,0.00019217929,2518.385545062355,0.00909361,0.0009296492,0.04607517038863109,0.017503723617700032
-385.51993,15.537198,177.75142,12.326033,-47.357697,4.885603,54.304012,5.257322,-31.538628,8.568071,47.675083,7.949269,-5.330702,7.299374,20.729307,4.361845,-12.260533,4.479081,0.9559365,3.3535507,0.3473542,3.1504834,2.2904725,3.3670478,8.422875,3.327733,1301.212382497063,390.80010526148845,1545.5554320113642,229.10785821160718,0.00024612586,0.00045361873,2678.6105622824825,0.009066539,0.0008914703,0.06697383446925755,0.014427184094163102
-380.6973,14.093073,170.98155,10.304597,-39.692413,4.121468,55.083797,4.5916486,-27.248907,7.621745,45.808434,6.80869,-9.110567,6.2110763,21.589195,3.7204878,-11.337385,4.0177393,2.426427,3.3919787,0.37477562,3.2155936,0.49582788,3.273824,8.503936,3.2716012,1300.638196291914,341.65328108493657,1624.0726661945423,194.96968489808734,0.0002583934,0.0005160411,2774.360872697941,0.009131777,0.00086949946,0.05555417089617169,0.013200454190889745
-392.8452,18.444216,177.93858,14.096966,-34.83694,4.582811,52.970097,5.3534565,-24.604942,9.669234,43.41067,8.450735,-5.760266,7.15327,16.949709,4.75318,-10.109833,4.877919,0.4909307,3.7116117,0.3069422,3.121614,0.6386897,3.5540173,8.15966,3.2027574,1178.2525932142132,416.4393939760763,1511.8940820294276,260.1355474740679,0.00025393904,0.0011393824,2433.5267387797276,0.009159221,0.0010239459,0.04862986695185615,0.01830408356895025
-383.85007,15.871455,187.00513,13.647127,-45.34471,4.778095,62.643448,4.9033175,-25.085339,8.564724,35.20353,9.34728,-14.337999,7.0786395,12.786762,4.5777717,-6.5855913,5.5373673,2.575676,3.0111847,2.2976854,3.2197282,-5.7776403,3.4125366,2.9377015,3.2536478,1170.7150450697404,385.2586959264798,1440.6722596766413,246.0099139085808,0.0002093213,0.0004898672,2475.593924467082,0.00948932,0.00087621465,0.050735933874709975,0.01652528763920202
-429.03067,22.261765,178.47726,15.224839,-14.421497,5.134475,51.819405,6.3014336,-14.180386,10.784763,32.15252,10.220483,-6.866751,7.002556,16.567974,4.4111986,-3.158245,5.454964,7.5227394,3.2723117,4.8941884,3.3528192,-1.8070315,3.985285,5.675916,3.5224938,945.0354553700582,432.82040865107047,1406.2124203627009,288.02196508831884,0.000118075346,0.00025796506,1909.8352418974769,0.009579926,0.0014056196,0.02945548143851508,0.01719683561761868
-378.95358,15.541346,184.26729,13.359012,-45.199127,4.8026586,62.27589,4.5465055,-25.26771,8.921813,34.252224,9.445117,-14.27562,6.6792536,12.6034775,4.6365848,-6.3841786,5.1363864,2.725598,3.2917974,3.1335545,3.1490047,-4.2123804,3.4355948,4.776932,3.0282092,1201.4987215802203,382.3107940060867,1463.7216563389773,243.20674094488567,0.00021941819,0.0004532211,2567.1724890334976,0.009576015,0.0008717212,0.051105260295823664,0.013481685411094776
-387.57388,15.097743,166.97675,10.622206,-37.46762,3.7609506,45.838684,5.5744753,-41.548126,7.9007244,42.01782,7.160879,-27.086363,4.6796794,23.430408,3.270378,-14.227242,4.509702,4.1502934,3.2779448,3.3955677,3.5071683,8.668959,3.3683043,14.239924,3.3417814,1505.23157967573,365.8169783110515,1761.1132379429562,170.60050110641998,0.00028245107,0.0003095546,3043.101243021317,0.0085533755,0.00096013903,0.07515112927784223,0.016674863961577878
-387.50668,16.200657,190.335,13.323967,-42.53231,5.486743,56.610092,4.9035206,-21.028023,8.865609,29.895388,9.4987335,-11.131433,7.0074825,9.667422,4.9064054,-4.992082,4.779147,1.2123225,3.5153294,2.9829912,2.9860835,-3.9883325,3.0474102,3.651329,3.0005548,1094.7667328984962,350.77212167522913,1358.9976018528976,248.3443948123321,0.00018977403,0.00063582114,2263.6592431300755,0.00959453,0.0009256764,0.046512470997679814,0.013702962386765143
-381.48346,13.6009035,171.11122,10.081252,-42.583214,3.838002,54.235878,4.8030725,-30.09293,7.732644,47.19331,6.6581287,-9.35979,6.2888155,21.242895,3.5613348,-12.506271,4.2404575,2.9209635,3.1736147,1.3048351,2.9498653,3.0151882,3.1027627,10.283888,2.8648014,1340.0322612543353,337.57303649693347,1633.315184803601,189.8835813628783,0.00027099543,0.00036924108,2843.6318382033064,0.008819394,0.00083747256,0.062220172926334104,0.014761470103770302
-380.0888,14.624937,160.0605,9.553439,-30.638369,3.603237,45.549847,4.9164715,-40.053097,7.5859137,38.31418,6.9846916,-25.51006,4.936918,26.521217,3.6321099,-4.289676,4.798153,9.548441,3.3408995,-2.34108,3.4183774,-5.923265,3.4670722,3.311218,3.026184,1551.1908264568826,338.34095997797107,1833.9815224460472,156.2528610609232,0.00034737898,0.00086105824,3363.401394377175,0.008554459,0.0010944791,0.07638825949825986,0.01494194672588397
-429.57056,22.743574,186.80151,17.65724,-21.283787,5.7944202,46.2091,7.2785964,-13.688039,11.658761,30.731144,10.184405,-4.885448,8.319327,13.486332,5.7201037,-5.9231114,5.9080772,7.185181,3.636427,7.568293,4.024144,-0.8998668,3.9762707,1.353217,3.9409683,951.5107291525286,454.14460953073876,1317.4301184260946,301.41340060456,0.00014042582,0.00039289813,1867.9179392945186,0.009070522,0.0028432617,0.03839861876450116,0.02096580306719177
-406.51953,19.218327,178.12497,12.3253765,-28.797815,5.126282,62.14851,5.274472,-22.159,9.589376,40.942955,8.466187,-13.9772,6.1168694,20.122473,4.06276,-6.721779,4.9609017,6.602813,3.3172631,1.4985497,3.4156885,-8.6656275,3.6155338,2.8114452,3.4278944,1107.7647239988412,378.66798785899385,1532.7317652822817,238.763502806147,0.00018418896,0.0005128633,2366.9536687935033,0.009374914,0.0008055723,0.04017614377900232,0.015690976758810503
-431.67538,45.079124,151.82098,29.371628,-4.9193788,9.726678,45.636185,14.609161,-13.192287,18.69179,29.932995,15.85494,-1.250227,11.615614,8.933085,6.8480754,-5.230163,7.559684,7.089662,4.1552625,6.8601594,4.450368,0.20625676,4.2164054,5.6355734,4.3478575,1320.7220261940781,895.9362745460122,1589.2476883309585,413.90231077004825,0.00031927106,0.00047191916,2675.4130564820184,0.0072610388,0.0040594437,0.061304787195475635,0.07758686774506594
-369.30954,19.290922,181.944,16.324537,-44.7587,5.227392,62.59809,4.8750806,-33.2337,11.197614,37.840275,11.33335,-23.43605,7.297037,17.39163,5.0482984,-9.308138,5.626269,4.086793,3.3055146,-4.83453,3.4042592,-7.104609,3.992167,9.32959,3.0539308,1335.653663125102,487.9563700730104,1578.5340737439856,306.150764935984,0.00027912503,0.0003948927,2823.672407464472,0.009829629,0.0008804909,0.05996569569315545,0.02161317078623539
-373.74963,18.219822,149.13919,11.423194,-32.29835,5.187801,66.326164,5.145137,-25.384272,10.057527,46.21721,8.719894,-18.700285,5.699361,25.048044,3.6158862,-6.7842593,5.164653,9.271371,3.2085986,3.0621355,3.3373508,-2.7639306,3.825957,5.937247,3.3293061,1589.7789493624725,456.55555377501344,1914.9635335419985,209.8603281464166,0.00036391555,0.00058681896,3736.1606252718966,0.009469105,0.0013795027,0.056802630147911835,0.020837183064441187
-371.4277,19.609602,178.52171,17.290913,-44.468754,6.134351,62.46101,5.4008884,-28.515757,11.134755,38.63703,11.4956665,-15.374323,8.96369,14.764037,5.5037565,-8.068605,5.544388,3.2750304,3.770635,3.445,3.0390658,-3.298137,3.7267272,4.6996036,2.850114,1319.4065592288853,507.1583921220268,1561.7795693289856,319.36181179364235,0.00030968452,0.0008725742,2862.292282210702,0.009698503,0.0008966091,0.05760019395301624,0.02017032304913191
-382.12006,21.889858,193.34781,20.472622,-49.202282,7.980248,60.468224,6.3771067,-26.63777,12.747553,30.807116,13.906602,-17.56633,9.78728,13.573048,7.022603,-7.103898,6.281791,1.9669943,4.212979,2.8158612,3.3188686,-3.8300037,4.0247717,2.8651242,3.3368149,1212.1588896834267,517.1722131791494,1407.1949399921243,359.6930483864206,0.00024611127,0.0006859344,2528.0530040059457,0.009460671,0.00095397234,0.05658964435904872,0.019339589646580668
-393.17242,22.834524,177.4455,17.646793,-28.606081,4.496072,54.03891,6.8586617,-26.378122,12.349791,38.726658,12.068295,-15.668326,8.406173,10.320199,4.950046,-13.467066,5.2720423,8.192775,3.4475257,4.264514,3.585638,-2.2157567,3.677767,5.0427446,3.293705,1230.3300762266051,543.1064038183138,1559.434155231205,333.3288970773162,0.00021253213,0.0002881036,2551.010096432715,0.009171437,0.00096125423,0.05389220200116009,0.02656966759464644
-359.808,15.750105,129.87349,8.871523,-41.267483,4.4300404,71.83428,4.5295005,-44.308308,7.401717,32.660297,7.9269185,-26.120007,5.39255,29.411625,3.7052248,-13.125605,5.627968,7.0987782,3.6348777,12.901888,3.4220502,0.41053906,4.143966,3.819312,3.4670892,2155.10848204176,376.3100224563292,2071.566741358246,127.89241129951597,0.0009484847,0.004549412,4780.620898890661,0.008186717,0.0013876812,0.1050835629350348,0.022941513553004434
-408.87787,27.188301,178.87993,19.6241,-29.086887,6.5777636,47.766857,8.034866,-22.367176,14.114977,38.750515,12.794784,-5.1497545,10.388618,16.746077,5.3232284,-7.091661,6.3548174,0.78110296,3.8909695,2.158254,3.7360215,-0.15800214,3.760026,6.4754057,3.3930094,1157.0511658568935,576.8532327354892,1462.1011932343326,366.4630245183758,0.00017618618,0.0002925858,2331.2814947070765,0.009227811,0.0016359399,0.04557895881670534,0.021957677810216007
-423.72635,30.312214,180.604,21.58463,-12.50581,5.2749104,47.41523,8.331555,-19.089426,15.237492,32.32323,14.48102,-7.3680224,9.227266,16.222036,4.9498544,-1.1573625,7.0764637,8.703577,3.431952,5.9147477,3.7704058,-3.5313709,4.194187,2.7147343,3.4511216,1019.5011701066521,623.3327573648395,1409.7415835738316,409.81577987389056,0.00013447531,0.0002319397,2044.3802906576277,0.00970184,0.0015199464,0.033762779147331785,0.020873206587537396
-341.80066,12.759187,122.14696,9.28439,-83.46801,5.400761,66.21711,5.967104,-56.011627,7.4863787,52.74263,6.1577463,-35.56381,6.4546037,23.238821,4.4609923,-18.465174,5.2425275,10.846034,3.8971725,4.6921725,3.6943607,5.124105,3.55954,14.091261,4.103982,2652.242289011806,299.73846085839733,2016.3359028446955,115.8491468475845,0.001628852,0.0033142117,5124.277830898347,0.00706769,0.000988488,0.18589014464907191,0.027367530484181925
-382.0218,21.485466,190.20001,19.50655,-46.434307,6.777583,57.148876,5.555223,-24.394861,12.588914,34.58108,13.251611,-11.971172,10.10912,11.139294,6.2205563,-7.74594,6.1772313,1.504648,3.7252085,3.7540007,3.1544104,-4.5558286,3.5327098,2.2490275,3.2681432,1196.3957465835115,513.7832976860669,1408.3397346247477,349.333613265685,0.00020122546,0.0002524937,2477.9920538174306,0.009565378,0.00085184193,0.053927321998259864,0.020653605435083246
-377.29764,18.751837,163.86679,13.845391,-32.383255,5.1873193,47.685715,6.6771607,-42.45524,9.850002,42.24311,8.939548,-25.029272,5.5261,25.274446,4.297552,-6.545425,6.0317163,10.6006365,3.8911908,-1.2718786,3.6447203,-5.6146107,3.6753716,3.9053442,3.2697883,1553.091594506154,478.11423044044056,1821.2573768022858,228.5864861647388,0.00064811506,0.0058712075,3307.120296186195,0.009056781,0.0010990829,0.0733498132975638,0.019477477223113354
-386.57346,19.31523,171.17624,14.106413,-37.24445,3.449267,44.55829,7.4732847,-43.359562,10.292011,42.97815,9.174539,-29.06806,5.1327324,25.82747,3.4425457,-14.507372,4.6242647,3.2336228,3.968634,0.003985447,3.7840345,7.180758,3.3318467,15.4244375,3.3928328,1515.6337500360191,473.24483528250266,1755.3039115716197,229.1902007991537,0.00029404706,0.00026453918,2958.1175341683584,0.008486861,0.00090870174,0.0777216864849188,0.019178275912991462
-370.3218,18.988165,177.97568,16.4972,-45.632393,5.7872124,63.163563,4.6320057,-29.362268,11.536697,38.11992,11.02059,-16.379658,8.672084,14.88864,5.3053217,-7.624852,5.8331265,3.0228727,3.1375413,2.261145,2.9378774,-4.8393035,3.3801725,4.255275,3.1283903,1336.7622634674874,494.8060833075631,1566.8478521547383,302.5710359128844,0.00031234548,0.00074739376,2902.560870885296,0.009565228,0.0009048063,0.05885431772041763,0.020955959343405845
-348.7548,16.252913,149.2533,9.603715,-51.545635,5.618779,72.010864,4.739493,-34.178234,8.088733,51.144196,7.149499,-26.296816,5.1839476,26.280113,3.3379343,-11.692806,4.36994,10.404353,3.0342839,3.1456988,2.9969091,-2.5602183,3.4029915,7.2119956,3.2038152,1864.2134370159174,368.54441694659664,1978.8310488813784,155.43668379528557,0.0005775827,0.0005038038,4196.276713855858,0.009058343,0.00094088906,0.08682796186194895,0.01986889072635552
-367.40857,16.263866,151.81522,10.91008,-39.508305,3.7162328,59.378326,4.623366,-48.024784,8.7087345,33.153034,8.942993,-22.106115,5.47293,31.9402,3.7154257,-11.71026,4.838487,11.914779,4.40758,3.1954074,3.3808553,-16.547024,4.993495,2.512852,3.4056964,1794.8093446298726,423.3850400938314,1910.0485196249174,180.2260023559434,0.00046266205,0.0005719565,3866.808713837732,0.008603278,0.001080491,0.0889430920098608,0.01888893302825897
-376.55136,19.676792,181.46106,17.21773,-45.242615,5.7950664,62.15816,4.643853,-27.235643,11.360109,37.74099,12.169697,-15.411957,8.683639,14.709859,5.7101603,-6.9767213,5.7100515,2.7418418,3.4579475,2.6084616,2.9749198,-3.8682625,3.774709,5.0001473,3.203535,1274.849104115142,511.0805566748275,1521.27312624694,317.5304772612326,0.00024287445,0.0003701349,2732.71835574971,0.009723464,0.00085454475,0.05471129096577726,0.020827841851732355
-385.69635,19.47915,158.19418,12.697621,-26.900677,3.7861657,43.363926,6.0275664,-42.790966,10.292468,38.25313,8.64371,-25.01964,5.1727753,23.119268,3.4048223,-8.145902,5.047852,7.108714,3.0466492,-5.1281085,3.8284495,-6.939487,3.5691946,5.013274,2.985916,1577.1433959746084,468.2410226035046,1837.4662254074833,212.92671802046098,0.0003142973,0.0004214331,3364.950186249275,0.008693397,0.0011763376,0.07534485571345707,0.018336688051998076
-370.62137,18.92704,177.25037,15.519266,-45.175354,5.7827067,62.571995,4.6832085,-28.012474,10.976657,37.569897,10.906352,-14.861233,8.283078,14.848064,5.1332884,-6.8114357,5.61219,3.6132574,3.6200087,3.0023162,2.9958913,-3.8224838,3.5556784,4.6208906,3.1582181,1325.6691461553144,490.45770462417977,1562.859852331323,297.4993114426007,0.00028700777,0.000589539,2884.075290476363,0.00962699,0.0008752755,0.05705073593387471,0.018432227286079506
-428.25793,64.72914,152.04527,23.063807,-72.173355,40.199493,47.742184,8.58568,-19.987003,17.27373,36.94079,15.21451,-8.889671,13.302677,15.013388,8.450278,-7.7161913,8.58718,-1.6596874,5.210048,-3.2754462,7.6208305,-3.0130906,5.1263633,9.463946,6.302062,1729.2535330249905,686.9220645985168,1482.6867184018713,349.62741458514813,0.0005006401,0.0007248751,3156.9124651065836,0.0057375645,0.0030899204,0.10900340777262181,0.05045458983475863
-393.02252,23.20893,184.63298,19.252829,-34.980133,6.0995235,56.833385,5.8386927,-23.709682,12.934748,32.57734,13.273229,-11.954349,9.378003,13.39805,5.8890176,-3.0244877,6.7790337,5.3692775,3.524572,5.8882265,3.0590806,-1.8103392,3.4231012,6.06776,2.7420616,1150.013662396444,551.795665826926,1445.0674527322997,358.48893289186424,0.00018575515,0.00032490303,2424.533753715922,0.009872318,0.001402247,0.044276120214617166,0.020190384127396186
-384.51697,20.714308,167.7774,15.21548,-36.655518,3.932481,46.275414,6.7215033,-42.926544,10.613362,41.79916,9.909449,-28.67585,5.9599595,23.11143,3.4650037,-14.689031,5.1534433,2.0250819,4.0171785,0.4604061,3.2116394,6.487138,3.4319081,13.765677,3.0364254,1567.4924787701336,534.9798803246147,1772.2255349050783,251.33364372155552,0.00038863148,0.00079271465,3136.928053853683,0.008126897,0.0009551397,0.07996370178364269,0.02236576078255124
-368.92117,18.775955,179.99866,15.524716,-45.413456,5.6758847,63.63363,4.4105926,-30.853556,10.320072,37.984417,11.53714,-18.114538,7.9843965,13.993189,5.222636,-9.483231,5.6873646,2.6720471,3.4635992,2.1265109,3.1859014,-3.8294735,3.3172402,4.5768156,3.1784317,1317.4530538273502,479.1151664673257,1558.7538106080458,300.60845042457703,0.00026763015,0.00046069635,2852.2501155561195,0.009955516,0.00083377224,0.05769309200986079,0.018287463920494823
-378.85275,18.770517,157.87485,12.657181,-26.555227,3.7955968,48.48043,6.4263115,-43.224533,9.49787,40.18511,8.545202,-27.422047,5.939508,20.926489,3.602944,-8.298739,5.165707,11.788164,3.3358915,-0.6885989,3.5291522,-5.106566,3.5125275,4.1326675,3.0337415,1607.3370259771086,488.55784984512394,1880.4773645209889,213.0329728949877,0.00034047625,0.000641604,3579.1580943662993,0.009081299,0.0010597421,0.07573797310034802,0.019774592042134286
-384.73764,19.063032,168.10452,13.169389,-40.086254,3.968004,46.778004,7.3852715,-43.981846,9.364562,43.652534,9.218282,-31.101963,5.2785163,23.409798,3.4755158,-14.460641,4.982399,3.0633535,4.047387,2.807811,3.5474277,10.160306,3.213238,16.381838,3.5001109,1573.7116102177868,457.8978284251808,1780.421231510901,227.13099471375932,0.00035949808,0.000742977,3161.4838991806846,0.008266662,0.0009140903,0.08050522948085846,0.018785839160304737
-359.14313,15.422407,141.77678,8.361585,-40.82333,3.9329336,64.13073,4.449543,-46.43487,7.644763,36.734505,7.6449637,-31.266443,5.908586,28.568169,3.637976,-5.825484,6.3110037,5.834692,4.3806825,3.3924675,4.357704,-2.788277,4.7167225,-2.6278288,3.8189328,1975.5379207505534,349.60147499609496,2025.722929463897,133.2829992436428,0.00053764746,0.00073581625,4564.939140443736,0.008849193,0.0012851886,0.09464499347447795,0.017322240043995376
-391.05374,20.63205,172.85536,17.000536,-39.049614,5.234499,53.693,6.082008,-27.065296,11.915727,46.28003,10.6414175,-6.1272807,9.053185,18.683458,4.8043485,-8.223186,5.568688,4.4486012,3.680805,3.0515795,3.260286,3.010534,3.3717823,8.891141,2.863582,1294.4996123786102,547.5550060180705,1583.8605367775765,308.15881693472596,0.0002331293,0.0003487984,2726.323344148782,0.0092611415,0.0011314737,0.0486287340487239,0.023407011328897016
-380.57736,21.04265,189.56041,18.841818,-46.67628,6.6913877,59.92056,5.2933407,-26.864635,11.823835,35.346634,12.911165,-14.439172,9.416324,12.269635,5.957379,-7.531326,5.86879,2.184591,4.1543508,3.2794943,3.2802694,-4.194357,3.4756753,3.3590007,2.9875894,1213.9573365852434,502.65280778375916,1438.7288793809796,342.3075559888713,0.0002676646,0.0011657517,2540.0186702436195,0.009579776,0.00084308966,0.05422754132830626,0.020475655321390854
-372.2346,17.358147,160.67435,12.897462,-41.623737,4.8384953,61.07308,5.6846304,-29.21638,9.687306,49.5715,9.263252,-13.886933,6.8426223,23.780298,3.7645087,-12.35151,5.013585,4.7567525,3.3541057,2.693509,2.981839,2.0454977,3.8385437,10.236406,3.1944416,1509.6528591406752,468.1738218214019,1785.1920032553496,237.3354405089835,0.0003353349,0.00047971687,3370.0961721468966,0.009328623,0.0010571321,0.06077798723897912,0.01952682329049619
-400.63632,25.354404,180.10493,19.578354,-22.738594,4.984506,53.57913,7.3905663,-26.78574,13.345386,37.449604,13.301227,-13.249137,8.420976,12.57466,4.622679,-8.988902,6.2468033,10.375524,3.4283142,4.9574265,3.2200007,-1.2542138,3.6644943,7.7909455,3.3641784,1158.3097203784246,590.3553420200155,1519.899548876268,368.5883540698785,0.00018743324,0.00030055724,2381.242522839327,0.00958783,0.0010089009,0.04658497679814385,0.024949802092283466
-377.13712,17.592325,153.39905,11.157108,-28.110567,4.0643754,55.07701,5.4664135,-41.478096,9.43778,40.808994,8.173077,-25.479494,5.081836,23.758535,3.6774921,-10.8758745,5.272108,12.459286,3.7921948,7.5816917,3.2826128,-0.45200598,3.6080465,1.0643744,3.4534447,1641.9962493462972,456.7075860158489,1935.9586275862341,189.16846341070473,0.00033850258,0.00048740063,3811.401933639066,0.009435699,0.0011269891,0.06732616734338748,0.01956161934140851
-368.75348,15.747308,160.20294,11.315055,-30.588446,3.937295,49.340908,5.4333797,-45.552284,9.086465,39.822388,7.9538045,-29.286278,4.9137726,24.021244,3.6045246,-9.47723,4.7503877,13.035708,3.4863334,2.4536483,3.2899952,-2.5349214,3.5320876,4.6601596,3.4113295,1631.2038631303144,422.58949013508493,1904.1579911792041,185.8037785855562,0.00040040605,0.0010588287,3656.7475710556846,0.009313851,0.0011344146,0.07697963493329467,0.016876931462411843
-412.89917,27.191761,177.58339,19.42159,-21.167105,5.0827293,54.298958,7.667585,-22.660774,13.2946415,39.256718,13.465814,-11.423069,8.708019,13.331223,5.213589,-8.964776,6.2286034,9.090058,3.8088953,5.2178097,3.6345809,-0.9111923,4.0676823,7.885035,3.352697,1118.2037671060073,597.5870757406705,1516.195715636491,368.54743049834997,0.0001806364,0.0005324286,2304.652266712587,0.009505436,0.0015020742,0.04225275522041763,0.020783404168885636
-368.06387,17.8337,184.53807,16.460253,-48.988743,5.8009567,61.15135,4.744517,-33.920506,10.437315,38.491135,10.473824,-17.484066,8.560693,14.414752,5.411452,-8.432834,5.6233783,3.5692873,3.560007,3.394031,3.0400507,-3.9341488,3.3312466,4.0178776,2.9538891,1312.9539384633847,473.74275551292914,1526.7603854007864,296.8841946973813,0.00027466886,0.00040600038,2782.4045982272332,0.009631352,0.00079596695,0.060561602740719256,0.019066449056802277
-384.45065,21.327993,190.59567,19.751143,-43.616207,6.371219,56.965126,5.9067087,-24.293003,12.896105,33.386192,12.572171,-13.6657095,9.903184,10.125555,6.636501,-7.6065,5.867682,0.9663609,3.6096535,2.974867,2.9398649,-3.3376927,3.1870527,4.096934,3.1071093,1177.4206424779256,515.3121618710541,1403.403420673412,354.3553176961265,0.00021626853,0.0004284101,2432.0279079357597,0.009621684,0.00081908714,0.05222796729988399,0.019219211509037108
-375.80554,18.103558,161.96367,13.181037,-38.701874,5.058065,59.875618,5.648887,-28.021128,10.509722,48.101208,9.055378,-13.616414,7.1234612,22.994385,3.9756489,-11.655122,4.8983703,4.0848613,3.7238824,1.3661399,3.1612437,0.4974907,3.309035,9.040613,2.8466718,1461.1113527272028,468.38174568618086,1760.200639871699,241.66200942330016,0.00031539937,0.00045228624,3243.944576112964,0.009304977,0.0011693776,0.05901858867459397,0.019081676496957318
-372.4082,17.294561,159.63632,11.769319,-31.483221,4.0917764,45.388092,5.7029347,-43.361385,9.51813,38.09035,8.343406,-27.874964,4.887582,23.741596,3.602962,-6.8943615,5.234861,9.853679,3.8156114,-3.1003509,3.7015593,-7.1730847,3.4830463,3.7192185,3.1125467,1617.8196007426982,430.60552190067443,1861.4644636120922,191.01368561336034,0.00035561563,0.0005319106,3508.8379472701567,0.009050637,0.0013622979,0.07954792633410673,0.01840098709601497
-376.42322,20.86884,180.2017,17.696386,-43.149254,6.6106405,61.01283,5.059479,-25.622158,11.812452,37.204014,11.692899,-13.487322,8.995418,13.850202,5.3188562,-6.2338223,6.018824,3.0356586,3.6099873,3.8640592,3.0820029,-3.5333254,3.3244772,4.4846573,2.952276,1264.5068865446983,509.3950641621116,1518.2111262345963,325.10469309622647,0.0003865517,0.0026239324,2724.0750978828305,0.009681431,0.0009641156,0.05428192067865429,0.01930274693268863
-379.05902,18.2052,154.86829,12.273554,-23.467625,3.9890912,45.68828,5.758646,-41.72758,9.512007,38.829456,8.2670145,-25.579697,5.2101545,19.10481,3.427297,-8.810464,5.236078,11.330407,3.7253513,6.2388864,3.444772,1.1971576,3.2016459,2.5538814,3.0981464,1591.8400479380389,468.17506960094033,1886.999290762552,203.89616724355955,0.00030202826,0.00039103252,3583.7545089544665,0.009558432,0.0015420382,0.06969620069605569,0.019603104946499875
-389.78445,27.838045,157.46095,15.671523,-28.087461,8.885779,61.669193,7.581603,-25.123995,11.136715,42.574245,10.632223,-16.3766,6.999561,22.655924,4.088751,-6.3250723,5.8516507,8.976067,3.2702887,5.105911,3.533623,-1.2788038,3.9522507,7.193218,3.184529,1419.6836339423219,538.5307103338489,1785.8600377049677,277.2558738112784,0.00027721166,0.0004903519,3231.6541631924306,0.00950256,0.0014782408,0.04828206569025522,0.024224094214331367
-374.83453,20.18559,185.4764,17.47329,-46.73344,6.161224,63.44778,4.917803,-31.616245,11.504167,37.66749,11.925631,-17.486492,9.2750635,13.91855,5.4690685,-8.875831,5.9326973,3.4944167,3.443491,3.338454,3.2401423,-3.5252595,3.4368758,4.859966,2.9006581,1280.9123486395442,505.49031898964427,1515.0920491132233,326.09523363260115,0.00026810777,0.0005033788,2737.714458562935,0.009644574,0.0009123954,0.0564457656612529,0.01873728002236295
-378.77597,19.518114,183.80634,17.145674,-43.94569,6.0667486,61.691544,5.43128,-27.527367,11.345401,36.752186,11.452973,-16.927717,8.968035,11.544699,5.450813,-9.278478,5.6478777,2.529469,3.790725,4.2253227,3.0662673,-1.7050451,3.3081398,6.308229,2.8860905,1248.3842818671562,493.56036732890084,1496.0663576871634,319.15356468731846,0.00023909438,0.0004676716,2643.637842589907,0.009740692,0.00087659375,0.054048542633410676,0.018205994225397037
-398.70483,21.467052,165.92044,13.994285,-30.755556,3.7689815,45.291965,7.1438723,-42.23251,10.6954,43.182316,9.748183,-26.064817,5.28546,26.236254,3.722047,-10.187197,5.7180467,3.3471498,3.5309515,-6.6230397,3.5510929,0.35550758,3.146157,15.267471,3.0411465,1517.446436131621,499.4324828161889,1795.7691707236156,226.48486993549747,0.00031856782,0.0005773761,3079.223066360934,0.0080505,0.0009949522,0.07348123006090487,0.019514046412631707
-397.1931,22.784771,179.53717,17.82335,-27.600216,4.395104,54.85937,6.7226267,-28.063679,12.163958,39.93675,12.2215605,-13.688635,7.9903913,9.362057,5.1358647,-14.894694,4.857038,9.962451,3.3029385,4.80177,3.219716,-3.6536703,3.6987162,4.646874,3.4871714,1204.714005262011,543.2782463685002,1544.9696800238974,339.19473375930755,0.00020527608,0.0003220616,2460.2059278023494,0.009187719,0.0010232374,0.051573149289443156,0.025543535192301098
-392.18063,20.432745,157.91873,12.361868,-27.787064,3.5387735,46.284496,6.015463,-42.798634,9.987836,40.833355,8.65752,-22.27602,5.9764233,21.232794,3.7356803,-9.962787,5.064584,9.002099,3.4883015,-2.9328644,3.687043,-7.4010167,3.742872,1.6986504,3.2058322,1559.3510095324095,469.24104723759024,1831.2068090460061,219.86369412279853,0.00026492073,0.00029236812,3404.9439892691416,0.008827725,0.0010237675,0.07013463420823667,0.017854548332338276
-391.25714,21.823133,172.87634,16.236265,-33.382504,4.6089864,53.7779,6.5688167,-27.014864,11.540822,44.557293,10.4888115,-7.0424886,8.695131,20.336472,4.888054,-7.3834105,5.1684165,4.0701923,3.508545,2.0086641,3.656224,0.9284468,3.5263996,7.1090736,3.0661147,1255.9951313357478,509.53414063171357,1592.973801272229,309.61043307739027,0.0002114761,0.00022091762,2673.0399076457365,0.00936892,0.0012757806,0.04753434962296984,0.019466426715867555
-373.88913,18.158533,153.08351,12.53768,-28.356121,4.7260075,43.9348,5.745901,-42.07762,9.542746,37.5019,8.3899765,-24.222853,4.8549786,23.92161,3.2506437,-5.9837875,5.2145305,11.381367,3.4721699,0.9182831,3.4992855,-4.929841,3.477189,1.7951714,3.5506852,1656.0096237333717,462.21699339949316,1888.915574942337,196.72445424579294,0.00044425804,0.0019427253,3661.269044101653,0.009148769,0.0013577522,0.07719375362529002,0.017118196019189874
-381.7843,20.86318,187.55826,18.136658,-44.994137,6.274677,59.710682,5.284488,-25.641804,12.084483,34.051212,12.689393,-14.412292,8.818007,12.472817,5.9757257,-5.6057754,5.9587355,2.7913568,3.6693354,2.2365782,3.051543,-4.474851,3.3868709,4.5420685,2.9092605,1210.340956901551,492.6376546427435,1445.8804150395874,334.5294117721445,0.00020623383,0.0002642171,2552.8336739595416,0.009560695,0.0009755502,0.05255311049883991,0.019283392710987418
-381.99188,18.786606,175.7711,15.5084095,-46.53496,4.466476,54.993927,5.5124702,-33.411606,10.714805,49.230473,9.764493,-7.1974673,8.659781,21.381357,4.566872,-12.318397,4.5585976,1.5353384,3.468193,1.1903144,3.4075918,2.748176,3.1689446,9.051811,2.9593818,1367.3964307679312,488.2587909140377,1592.9856665331083,287.4408670553049,0.00026024395,0.00029993698,2839.360170297999,0.00912346,0.00074288173,0.06941750652552205,0.018614039758926823
-347.2859,12.487599,158.79987,9.869579,-53.62353,4.0124745,71.1453,4.2997794,-39.825977,7.8210764,47.896996,7.0238476,-29.532469,5.347123,23.823313,3.4791114,-14.720096,4.1069,8.121415,3.2643375,-1.7415019,3.0161347,-3.2628958,3.3054142,7.335492,3.2139413,1791.047880510656,364.7112857572592,1918.101072768199,163.1815860377269,0.00062373147,0.0012969411,4000.1297174086426,0.0088607315,0.00084417115,0.08733097085266821,0.018835046741005546
-382.07498,18.297771,165.10744,13.22658,-39.96392,3.7311754,45.095375,6.6287603,-46.983418,9.18856,42.216488,8.851827,-28.745749,5.390433,25.087927,3.4144704,-13.0239935,5.385361,4.9271855,3.4653494,2.4346986,3.4611945,8.26829,3.406828,14.721513,3.3011982,1627.5424233803765,461.3999070624245,1812.3002753379844,205.9237597664373,0.00038731823,0.0005293856,3361.4279337659514,0.008047394,0.00096729986,0.08482045751160093,0.018682656675062925
-359.93164,14.599067,147.72289,9.123982,-42.322067,3.068205,59.052853,4.3013153,-48.305428,7.5071764,38.949917,7.869739,-25.457449,4.740781,32.04634,3.336741,-10.433409,4.460237,-3.8953567,3.4079301,-4.4484315,3.425413,-1.5374033,3.482748,8.326575,2.9729958,1908.1385739644732,372.82060018496935,1984.151087525837,145.4596991380123,0.00054044736,0.0004380886,4392.198885676479,0.0082858335,0.0009414214,0.09452037412993039,0.0191316247744281
-413.246,28.788704,174.54562,18.50732,-22.893366,9.91704,60.657238,7.0309925,-23.603043,13.52966,42.056873,12.620557,-14.507081,8.040014,15.005484,4.9854555,-9.1943,6.559845,3.1352017,3.6980035,1.4815598,3.3548183,-7.398963,4.331673,5.678526,3.4793942,1174.687001171368,577.6871741550796,1564.7006095206093,352.9687370586473,0.00018566246,0.0004922552,2479.141157464472,0.009555009,0.000833816,0.040687083091647334,0.021001255365051954
-362.07303,24.296,174.92673,16.773308,-48.03886,6.720692,60.691788,5.6415076,-36.603477,11.365978,40.554333,11.343343,-21.588299,8.9944105,15.722586,5.3687625,-9.380577,5.542508,7.917203,4.1929336,2.428046,4.0560436,-5.591414,4.2180185,8.822935,4.133132,1463.4936024313492,503.39606635916095,1650.881185380482,303.1446311759444,0.00037620752,0.00085766433,3160.1099709070477,0.009503627,0.0009935353,0.06813619308294663,0.02220954020369355
-400.68747,29.787922,179.45012,20.07608,-33.146675,8.290733,44.95496,7.8021975,-22.38235,14.621283,32.584602,12.995866,-10.929623,9.835722,14.740472,4.6900616,-6.600815,6.4252377,1.0006367,4.189527,0.109305575,4.004367,-5.644713,4.28581,2.8618095,3.682447,1204.3877845390523,562.6514794527071,1445.4344494181016,356.38014277772226,0.00019195389,0.00029482896,2410.6445878951567,0.009135265,0.0015190446,0.04858908243909513,0.02132673124260932
-385.3821,21.517239,189.562,19.422157,-42.594273,6.9588933,59.662327,6.026328,-25.582457,12.77989,34.266636,12.960547,-15.051262,9.449573,11.22529,5.853459,-7.31659,6.4042826,1.574004,3.7705379,3.4729354,3.083004,-3.1113317,3.1666365,4.296015,2.92519,1183.6078815416206,522.8272499013787,1427.2843284222295,355.24644479671156,0.00023104648,0.0008681313,2470.1981334287993,0.009751145,0.00089334795,0.0515538899361949,0.019157394244222727
-379.14725,20.318195,159.305,13.240476,-30.655218,4.2731605,42.984886,6.4366965,-41.803154,9.786706,36.278397,8.814955,-24.519934,5.442119,22.773338,3.5494094,-6.2708616,5.376592,8.556425,3.1149082,-2.071041,3.6124303,-6.033959,3.3602378,3.3903475,3.2075422,1572.8199704354356,478.0741713241257,1799.662843133641,221.25396268347131,0.00031889704,0.00040224733,3298.5769603755803,0.008875957,0.0013677248,0.07661030851218098,0.018595033244016148
-364.89923,27.6504,175.46376,20.212606,-54.68197,9.157911,68.140236,9.809035,-34.753357,11.378121,40.91576,11.936419,-19.509377,8.742197,14.426114,6.5951533,-8.865636,7.000694,6.318524,5.167103,3.0391905,4.4032326,-2.873946,4.7847323,5.8587427,4.0848293,1507.2126055103627,514.9120314061088,1625.7912621596129,318.64841539930325,0.00039495173,0.00084251247,3264.3786366190543,0.0091920495,0.0014686133,0.0758784530887471,0.026702693325415805
-384.50366,21.791523,177.72415,16.375595,-42.522045,5.323574,54.885372,6.5233455,-31.428242,11.1835785,48.270447,10.488569,-7.362051,9.183055,20.773283,5.0246263,-10.615155,5.8961916,2.5137787,3.749131,0.65439206,3.3858914,1.3075833,3.1849935,7.2558503,3.010682,1301.1991146217952,512.7497244422494,1566.1666790805525,305.23812976585964,0.00026809023,0.00064682367,2690.4013649216936,0.009359112,0.0009912818,0.05970965958526682,0.018925494694536762
-378.80322,19.714907,174.27019,15.855682,-46.53047,4.651088,55.144722,5.6245522,-31.733759,10.942038,48.32875,9.405951,-9.38053,8.92786,19.037012,4.9114814,-12.350129,5.289737,1.3993566,3.664118,0.55961716,3.5484588,3.4114676,3.1559956,9.990664,3.180561,1375.997881617767,513.0339933868011,1600.7693718786088,284.88384235068975,0.00027226863,0.000284801,2861.14317856366,0.009118579,0.0008804311,0.06366802312935035,0.0214970228849973
-368.77914,18.82691,181.08093,15.720887,-49.19122,5.659278,65.54664,4.9471498,-32.226887,10.0826845,39.736794,11.152992,-19.21361,8.003248,14.835472,5.612858,-9.49408,6.0374365,3.7428577,3.65389,1.6303773,3.1391864,-4.626065,3.4966502,4.264874,3.186467,1348.5977656878333,473.08432309348296,1567.4492140263178,295.53710383851734,0.00027715135,0.0003946121,2912.4281739414155,0.009683426,0.0009124668,0.06045964145881671,0.019168369740925357
-385.02756,21.643812,164.14725,13.555859,-30.887295,4.9662046,45.736397,7.3317547,-40.476387,10.53765,41.981262,9.195782,-24.675985,5.6032724,25.953331,3.6456594,-7.970547,5.7628646,7.0613103,3.5787547,-2.877877,3.9649816,-2.794131,4.5856037,11.009,3.8997467,1526.5794700107444,479.6261439907412,1801.409910510135,227.70989567683628,0.0003155061,0.0003709943,3166.8547097049013,0.008653409,0.0013606282,0.07313569460556844,0.02037178385934104
-377.37616,20.861286,182.71153,17.540842,-44.120205,6.299041,61.43266,5.4425645,-27.085384,11.517376,37.644154,11.827537,-15.679292,9.122677,12.725454,5.8741775,-8.468878,6.215092,2.4509387,3.5547287,3.0934384,2.9688728,-3.8884203,3.272639,4.604881,3.1110613,1261.9620544303164,504.82119793499584,1507.8627419292557,325.78597741675804,0.0002669068,0.0007261244,2688.0282160854117,0.009785742,0.0009098805,0.05312975819315545,0.019106557866687114
-373.61877,46.252533,160.43333,20.114119,-40.293606,18.00287,65.47409,8.614192,-31.027697,12.967358,45.840977,11.281714,-20.839478,10.423974,23.82888,6.1305566,-9.422952,6.516175,9.538346,3.5322108,2.9393296,3.302381,-4.2423005,4.0482607,5.377914,3.9233906,1589.414228534374,633.817830937114,1796.979250414507,341.3529752454465,0.00043469004,0.0005297977,3459.3515489051624,0.009189866,0.0011286964,0.07311643525232019,0.03806378434773622
-378.9438,22.452768,188.68384,19.75705,-47.034664,7.005601,59.60407,6.319264,-26.73781,12.616832,35.70119,13.292686,-14.309853,9.658867,13.061258,6.5936627,-7.5823164,6.190638,3.2534554,3.5732906,3.436004,3.0885596,-4.414748,3.2817025,4.488351,3.0059059,1232.8978210562748,528.8012746711876,1448.8750855755482,355.0093031535265,0.00028599447,0.0010129282,2567.8219823992167,0.009728864,0.0009379139,0.05543408316415313,0.020758904486911752
-396.09317,25.090446,175.48466,18.20479,-30.592113,5.629552,48.850983,7.07961,-24.618647,12.847217,42.486923,11.682481,-4.9783177,9.430187,16.24602,5.290207,-9.867623,5.914919,-0.35962462,3.8054218,1.3499094,3.415737,2.4648585,3.3090994,8.902858,3.0735435,1220.108552663515,556.4122064289352,1520.834708750347,344.41664773569084,0.00021772926,0.00042644865,2470.522880111659,0.009269996,0.0012252057,0.05270265371229698,0.02109056007231863
-389.58545,20.467817,169.59589,14.0269785,-38.26848,4.5821385,46.984592,7.0870223,-44.249165,10.546791,46.403595,9.121413,-28.382652,5.248821,25.24284,3.9383645,-15.17657,5.609592,3.290012,3.4432352,3.1885424,3.4915779,9.177159,3.0441313,15.94999,3.2854855,1544.8380954160557,478.85528306333464,1780.860412715099,226.32464103437906,0.00035447156,0.0008314713,3098.408101163718,0.008268893,0.0009718333,0.07707366589327146,0.01878101903371871
-370.60724,18.588768,180.66144,15.826741,-46.766064,5.6811285,65.049995,4.9234614,-29.940828,10.733916,39.656982,11.229436,-17.193167,8.25566,14.692069,5.170867,-9.385942,6.13001,3.9664905,3.2907217,3.2286713,3.1834342,-3.8061864,3.5771437,5.378785,3.004275,1314.9064001721715,478.6504879808195,1555.8481968784909,296.90145937815913,0.00026328507,0.00041165663,2843.5069356329755,0.009861268,0.00086154207,0.057117577218677495,0.01945803724353053
-380.58548,21.121862,182.85208,17.610746,-42.82708,5.9701276,61.80288,5.368748,-25.635355,11.453313,36.431305,11.926427,-15.766981,8.985042,12.268899,5.8984,-8.410906,6.3525405,2.0017884,3.5057096,3.755942,3.5414362,-1.2896018,3.4819665,6.870775,2.7515805,1239.0251445897807,507.20203234483716,1494.9033760520886,333.51705532172537,0.00020639905,0.00023691801,2649.4832828813805,0.009846474,0.00087580614,0.05265393887761021,0.019902031870446216
-383.58002,19.567583,153.78252,11.883157,-24.749315,4.3077836,52.35452,6.1708646,-39.262566,9.643796,41.964474,8.410716,-23.424812,5.1854916,22.894476,3.7303798,-7.8220086,5.972192,13.407714,3.733048,3.6106982,3.5729244,-3.3887715,3.7190967,-0.005941617,3.149409,1585.774146513665,465.38119238415265,1907.8479049992443,195.44049642158797,0.00027612262,0.00022505654,3653.8748119380803,0.0092782965,0.00125822,0.06396824245939675,0.018792812905328176
-378.40976,26.180944,186.1513,23.50172,-45.592255,6.756012,60.415344,8.146356,-29.833965,13.073595,37.44809,13.509569,-16.491642,10.874009,13.050715,7.31766,-8.710637,6.689873,2.5573444,3.5998726,2.6192265,3.1761653,-3.7123694,3.40898,4.110936,3.2132404,1295.8542418058194,583.5977983476465,1498.226770255009,393.4430928627087,0.0003105924,0.00101002,2711.734723934165,0.009481372,0.0009019995,0.05904917705916473,0.02597014769513002
-334.30652,16.647789,153.6254,9.028331,-79.387924,8.176478,69.43725,4.559184,-58.512363,7.7842727,39.259903,7.604791,-40.68581,5.6846867,28.612297,4.09263,-17.483864,4.474711,7.875094,3.426186,-4.63317,3.3851707,-4.944108,3.72233,7.5650196,3.4606538,2142.984874253064,300.98032213277475,1899.840366381133,139.44759467885572,0.0010977688,0.0020316953,4301.919307841502,0.007918445,0.0012442817,0.13972887362238978,0.017964776148274204
-389.4607,22.703411,178.57228,16.359129,-36.5075,5.2726707,55.445057,6.8019,-29.32212,11.40548,44.996437,10.212664,-8.474718,9.548194,18.733782,4.5044,-9.511891,5.918924,3.877361,4.5833664,0.95357865,3.4441833,0.027587837,3.3150928,6.2031193,3.2594383,1236.1502563838073,504.4186401560026,1554.6756408221122,304.60616553218574,0.00025108855,0.0005630591,2584.983595562645,0.009360897,0.0010748947,0.050302031975058004,0.021367779649959822
-358.58737,17.122047,159.60927,11.781504,-47.125336,4.764534,61.61519,5.5391197,-33.062954,8.962878,49.980125,7.991721,-17.326368,6.893535,24.007858,3.6894488,-14.676807,4.9421754,4.8299966,3.9176586,1.4094776,2.9305377,0.80109775,3.2774181,10.356493,3.105657,1619.0575794549893,409.7003053689698,1830.139941067701,204.47453262491078,0.0005201338,0.0018440761,3608.784984048724,0.009118567,0.0010098434,0.07472968931264501,0.01741281033002254
-379.79153,20.041494,162.66977,12.989169,-41.480568,4.334602,46.326027,7.100431,-43.866222,9.813499,46.120693,8.019498,-25.541964,5.8413177,27.304668,3.677488,-9.4674425,6.0107446,5.3811054,3.9110906,-4.166759,3.7852862,0.35597512,3.3849895,15.659693,3.263301,1638.396577054038,451.03205816630265,1835.8589857855272,204.47171215165548,0.00040582631,0.0005818813,3469.968267383266,0.008113371,0.0011309421,0.08197120613399073,0.018040108083456515
-369.46912,19.518944,181.3849,15.8882065,-47.887497,5.800719,63.976906,5.0383677,-30.743282,10.687914,39.544613,10.573872,-17.33684,8.166908,14.22444,4.9526796,-9.837317,5.83561,3.609615,4.2522063,2.0104425,3.2468204,-4.050913,3.4349887,5.8250628,3.2872193,1318.677600764739,463.70590481363365,1549.5522278637345,289.9940223844864,0.0002959096,0.0007345313,2835.8628983287413,0.009750712,0.00090374146,0.05876595127610209,0.01781392433321062
-375.49194,19.516973,158.4418,12.036657,-29.501041,4.3344584,48.985218,6.4776263,-45.27232,9.086762,39.37116,8.040134,-29.018309,5.4107695,21.45514,4.0574284,-8.8227215,5.75788,13.161451,3.9677668,2.9831243,4.6512923,-3.8044434,4.2805295,1.9647015,3.6170676,1625.3218489256928,443.0750692795979,1886.4971684058319,193.70463315637954,0.0003396079,0.0004377783,3640.110548687645,0.009282238,0.0013733984,0.0753788428074246,0.018145415896647962
-388.79013,21.93728,168.12549,14.6017275,-38.81375,4.5055532,44.937576,7.372788,-45.36612,10.466342,39.60502,9.103104,-29.137922,6.0969486,24.557697,3.6262085,-13.587043,5.475948,3.418023,4.093559,-0.59361297,3.241128,6.6681857,2.9997995,16.469524,3.3669686,1557.020339565799,485.62510073888757,1753.7320867745404,230.78446306278244,0.0003280121,0.0004921194,3081.5962151972158,0.008306254,0.0010477196,0.08067743075696056,0.018008270056457644
-372.2845,19.324844,152.32635,10.623965,-31.465944,3.9283948,54.670696,5.4024706,-43.073254,9.013404,37.115437,8.235093,-21.280968,6.2956266,27.452286,4.0939054,-9.34654,5.343736,16.248358,4.0833344,3.5752296,3.8938658,-11.006968,4.384552,0.5416911,3.8629928,1679.1466963051125,415.57816006038144,1915.2543283434782,176.15651011796572,0.00033351005,0.00023540642,3756.869471432715,0.009290654,0.0013267345,0.07679270591647332,0.016007060293308947
-366.66852,18.746891,148.72543,11.274589,-38.099674,4.1887097,50.09948,5.122226,-46.970802,8.256315,35.531403,8.148256,-24.351177,5.5541196,29.7723,3.999477,-1.9318111,6.1990786,2.3433874,3.8156056,-4.6230345,4.0418177,-0.98386574,3.6803784,7.373067,3.6520233,1829.1063533572772,423.0559515191376,1932.3900584195685,174.24859967627535,0.0006666922,0.0026265737,4178.815334523637,0.0079933675,0.0013331503,0.09281875362529002,0.017051983689267712
-372.77484,19.879892,181.26628,16.117754,-46.309517,5.309037,63.63372,5.0674586,-30.835892,10.525035,37.370518,11.095287,-19.274597,8.491189,12.082527,5.0355325,-10.468342,5.697535,4.1843934,4.25083,4.1263885,3.1267288,-1.6776313,3.0732858,6.353996,3.0355728,1308.5824633982554,482.77522075588064,1539.1228695994698,297.18642262432854,0.0002556689,0.00036659936,2804.53733368982,0.00978093,0.00091089285,0.05785056554524362,0.018782103605134267
-385.97534,25.542845,186.63966,20.545975,-39.28646,6.2372284,57.95418,7.664334,-24.809608,13.518825,32.797947,12.921882,-12.316658,9.728813,12.042433,5.565394,-5.097657,6.695036,4.55814,5.0547514,3.403681,3.7887452,-2.3039117,3.5004392,6.459704,3.446281,1173.4644766394572,535.3104088078934,1434.1910978422798,359.87230516553194,0.00019512241,0.0002745851,2480.6399883084396,0.009834971,0.0010414614,0.05021819714327146,0.02128134557985029
-376.8639,21.049885,183.18495,17.362898,-45.138416,6.1513124,61.57947,5.356345,-27.854404,10.787928,37.67489,11.709761,-16.002268,8.4852915,12.157541,5.4958963,-9.428468,5.8580985,3.2497587,4.2259555,3.857218,2.8752587,-2.2504003,3.1618683,5.06573,3.1027148,1264.7008232400322,476.6876897144415,1505.7734461636264,315.80650335514105,0.0002576458,0.0006338245,2691.650390625,0.009717539,0.0009860323,0.05482684708526682,0.018558412259387494
-332.80054,14.822255,154.57088,11.384811,-71.41406,5.809107,65.70008,5.685777,-44.12646,7.983247,38.600094,7.803635,-34.739014,6.261041,19.66939,5.768719,-20.061304,5.1070585,9.72981,3.886663,0.24502514,3.4146614,-5.2935123,3.8762624,6.959858,4.638333,1980.3601096648283,356.1226334105908,1835.6714426895637,170.8018852651672,0.00082693144,0.0012907664,3998.555945022477,0.008507868,0.0012206578,0.11907378371519721,0.021014158726792895
-366.09064,21.311222,183.8646,16.275305,-47.21867,5.5842395,57.682903,5.4166703,-36.88608,11.076904,35.67567,11.262167,-20.1919,8.6405325,18.808178,4.501897,-8.735254,6.406444,4.1848726,4.024979,-3.6767113,3.1988037,-8.972682,3.6847215,6.145386,3.2471955,1334.3519752407867,479.4567348901055,1544.4930663997552,305.8850126240922,0.00028569996,0.00043463372,2779.0322288283064,0.009825189,0.00095242023,0.0630619199535963,0.018937143284045468
-362.96295,19.556734,179.00798,16.603765,-48.590614,6.0880013,61.071835,5.8404183,-35.57574,10.698551,32.953686,11.0008955,-23.705286,8.272746,9.786724,5.0448813,-14.389886,5.979121,0.88582444,3.8024614,-1.3817731,3.5521328,-7.5930624,3.7612622,3.9112139,3.469374,1402.4391645057185,464.4815301278186,1565.6444729962548,290.22430317997146,0.00037232589,0.0012717622,2979.525834723028,0.009483112,0.00093958754,0.06978116843097448,0.02045634445456127
-355.27133,16.298704,151.4558,9.922127,-50.59137,5.3515306,76.015755,5.053809,-33.7488,8.792741,53.057903,6.933105,-27.489105,5.9889894,27.308517,3.979122,-13.445347,4.676387,9.39837,3.6128833,0.83556825,3.3332684,-5.0066442,3.7316334,5.754221,3.2870147,1825.4346543025883,371.4139572587574,1983.131007317357,157.62275240187003,0.0005616002,0.001036292,4157.706800137761,0.009162248,0.0009102524,0.08215133773201856,0.018827029213309653
-402.36395,25.466215,176.80818,17.341188,-28.207417,5.4801226,60.27484,6.727194,-22.212795,12.944758,39.32096,11.626579,-12.919788,8.757128,17.801432,4.3988576,-6.1242447,5.987906,10.787939,3.560972,5.573087,3.1973774,-2.9669816,3.7815762,4.5342674,3.5171423,1156.6677100422744,532.5735931855942,1542.0723484707705,328.5797352167312,0.00019790205,0.00042072905,2471.5720617024363,0.009670532,0.0010979535,0.043728928001740136,0.02207041422680451
-383.3049,20.364706,166.6383,13.439298,-36.262775,4.338502,46.624214,6.652141,-41.82885,10.089592,47.118225,8.50697,-25.220367,5.683115,25.458317,3.7138553,-12.884447,5.3634415,4.1702633,3.9580493,-0.5409766,3.651176,4.404311,3.4057825,14.484994,3.5773354,1534.375311485372,461.29396689976755,1803.4515760590996,209.43020795953188,0.00034970857,0.0007779824,3172.974935651102,0.008633079,0.0010765427,0.07120522766821345,0.01757597384193174
-366.42435,19.057089,182.72475,15.754537,-49.581623,5.8437214,64.34928,5.3541102,-32.07675,10.347609,36.078102,10.955893,-21.255062,7.97018,13.93539,5.140021,-10.930954,5.569256,3.1375334,4.0470667,4.4972754,3.2315886,-2.675245,3.3474178,6.031826,3.0103905,1331.7415042786502,462.81653481710947,1539.586298240396,289.7244612062943,0.00028078107,0.00043810904,2852.9745504640373,0.009835555,0.0008518129,0.06017981438515081,0.01762150628620364
-395.07266,24.53469,177.2686,17.080133,-37.20815,5.628687,53.22775,7.2153864,-27.240294,11.787748,46.06553,10.291947,-11.141461,9.911236,19.082209,4.404645,-6.795314,6.5839176,6.137654,4.734168,0.6897352,3.6205308,-3.3632524,4.5413327,6.2940993,3.7790565,1255.6647581505708,526.8804644521609,1546.3220150922684,316.0911608428295,0.00022005185,0.00036766357,2521.433167778422,0.009342649,0.0010795533,0.0572274688225058,0.020822070510174394
-387.66742,21.687605,154.68686,13.466576,-19.410553,4.6954527,43.822914,6.685545,-41.589344,9.864849,36.39667,8.349101,-25.851803,5.614551,18.896812,3.7362156,-8.447546,5.243197,11.286647,3.4909596,3.4703593,3.336634,-0.6007819,3.370958,3.4686825,3.266166,1573.022927399041,482.13637574643195,1876.2428956458898,201.20801304927735,0.00033026485,0.0009171413,3467.9698262579755,0.009121477,0.002042383,0.0719631398636891,0.01749253342720533
-409.6923,27.958145,176.58197,19.089134,-18.634087,4.9016967,53.42983,6.9272075,-20.443481,13.511923,36.415276,12.610803,-9.38483,9.418953,13.165873,4.4776793,-5.389793,6.525934,11.051901,3.6586316,6.719121,3.2645562,-0.9444952,3.8451207,5.0449424,3.4541404,1093.2097013140924,588.070761806612,1488.5426031941117,361.33611821101823,0.00016734589,0.00028291348,2243.89965650377,0.0096171545,0.0013526926,0.042270881670533646,0.024551409895570066
-377.7375,19.296936,164.28215,12.656395,-32.262005,4.030469,48.499004,6.0875297,-42.35531,9.379135,43.294384,8.29326,-25.127977,5.3888597,25.89968,3.5208418,-8.773667,5.138552,7.632944,3.4933245,-4.9613695,3.7158568,-6.912882,3.6268945,5.684701,3.364142,1546.2595468802126,448.94199968052874,1828.7382792259687,200.7589706919079,0.00032342848,0.0002652277,3316.138261764066,0.008764934,0.0009919144,0.07201412050464037,0.017531703607803595
-369.7529,18.044464,152.41492,11.642833,-25.22335,4.2064514,47.714935,5.9229054,-40.451733,8.698178,38.618942,8.2927,-25.60227,5.3876805,18.879162,3.766408,-9.573469,4.855882,12.059763,3.5667634,6.6071253,3.4245758,0.83045566,3.3022501,2.9583404,3.3969464,1648.47474040992,442.2233973150359,1920.5473887908684,179.2414360621912,0.0003657457,0.0005314796,3784.897608214907,0.009249628,0.0013530066,0.073255782337587,0.01772010334155438
-345.50278,12.343538,118.19377,6.693656,-91.06054,5.5482597,92.282265,5.4600277,-60.036606,7.4819674,49.679943,6.457523,-39.31246,6.514442,30.226257,4.163527,-19.902668,5.2797766,11.413415,3.5718489,-5.4035344,3.8571615,-3.413507,4.7414093,13.373679,4.2078166,2889.363428224761,198.7982341619165,1984.0911528876195,76.50873691294534,0.0023702937,0.0050196312,5164.346575460412,0.0062573804,0.00089928316,0.23726730169663574,0.017315476632758675
-395.15503,25.121433,176.20868,18.995712,-34.058758,6.088443,56.423866,6.436408,-20.350174,12.865905,34.102524,12.20157,-10.42698,9.599129,13.092183,5.407468,-3.483393,6.9212413,3.7629452,4.2475405,6.220592,3.2278259,-0.6736232,3.6651907,5.968127,3.690725,1183.03168526496,554.7032038005076,1494.000321073368,334.9805463107377,0.00018245247,0.0003207506,2540.0436507576856,0.010132836,0.0011831219,0.040196536035382834,0.019593519485122328
-381.0765,21.794222,189.97528,18.256659,-46.11618,6.413248,59.145847,6.2546434,-26.109552,11.697352,35.508167,12.598165,-14.084014,9.5423355,11.25778,5.452073,-8.573192,6.137535,2.7871382,3.8666384,4.3436766,3.127021,-2.608766,3.0953593,6.0116296,3.2152696,1191.4323122305234,489.41614545892816,1425.7581013543027,328.2958577341519,0.00021626656,0.00041710178,2470.497899597593,0.0097968355,0.0009899462,0.052942829176334104,0.017289147957246818
-407.97775,27.706062,173.01196,18.070024,-25.259056,4.5745525,58.893127,6.7795534,-19.800419,14.265445,38.89612,12.41555,-9.631316,9.255884,19.152773,4.200706,-3.091914,6.8767376,11.122595,3.2532005,6.1683145,3.2988353,-2.761273,3.616737,4.0298233,4.0116143,1143.0080742381967,587.119885091897,1534.6387551282944,343.60699920706423,0.00017462637,0.00027789298,2436.8991081786544,0.00980233,0.0009889081,0.03960629350348028,0.021540578823938544
-382.14386,18.929329,160.28964,12.732727,-29.99163,4.0474052,43.476,6.1214366,-41.833954,10.175142,41.370174,8.413038,-25.921745,5.239405,24.061413,3.7522893,-6.4685035,5.2259793,9.107558,3.3674157,-5.325914,3.6001377,-5.199593,3.540585,10.623911,3.1555233,1578.3292977238611,448.2823538945387,1835.3158350589538,193.73239116578227,0.00033388135,0.0005203397,3332.2506933367167,0.008709835,0.0013037021,0.0791887960411833,0.018494385302513662
-382.8599,20.728277,162.44096,13.526701,-26.557964,4.506882,46.716812,6.794217,-43.051968,9.424167,40.371555,8.626397,-25.690115,5.3100324,23.914951,3.6407852,-6.3790393,5.1560793,9.502079,3.094659,-2.1391695,3.5177755,-6.0898776,3.5653372,3.5944035,3.4416652,1533.7312314559717,473.76377292095447,1825.4312614222185,213.26930543284635,0.00043062077,0.0017373174,3268.900109665023,0.0088173095,0.001055223,0.0722542959686775,0.01781264138844287
-381.3808,21.561823,187.32169,17.679861,-44.743557,6.5995026,59.447292,5.9305544,-25.127089,11.7434225,34.60372,12.3119545,-14.066225,9.289034,12.042738,5.7953625,-6.9346113,6.014164,2.491011,3.662425,3.7530408,2.9725184,-3.5726893,3.3417652,4.8334913,3.336119,1206.3179437135736,483.5518588011652,1444.7399884826668,326.28907403621207,0.00023628595,0.00064509804,2527.6033547527554,0.009603359,0.00094419456,0.051568617676914154,0.018434483079703474
-380.53278,21.62289,185.80666,18.250391,-40.597557,6.250278,57.53324,5.523882,-26.307356,11.569628,31.886452,12.313561,-14.658753,9.242093,11.706427,5.3530955,-5.8376064,6.433129,3.3581696,3.5829418,4.159681,3.167578,-2.3684824,3.3060105,5.681304,3.2321205,1201.3673409187434,503.9275207688009,1449.003381700321,329.2143026042446,0.00021362082,0.00028363362,2503.447197650812,0.009661321,0.0011021189,0.05316487819025522,0.020533461641635595
-379.69385,20.517412,186.53621,16.547438,-45.307926,5.7683344,63.593742,5.2380385,-29.3635,10.7549515,36.947575,11.98709,-17.885962,8.397374,12.495402,5.4500856,-9.407819,5.9863153,1.8008462,3.5530367,2.9469774,3.086454,-3.0941777,3.0686307,6.0860405,3.2166188,1231.4716766283163,473.5993601903029,1483.2803811654842,306.9626322314995,0.00021529621,0.00026802582,2607.640921820621,0.009769814,0.0008740735,0.053777778784802784,0.018165948798968188
-387.64102,40.066475,166.55629,19.974676,-35.989437,14.860959,66.29329,8.548495,-29.03492,12.026227,44.604538,11.880777,-19.178537,9.453871,24.127583,5.1889567,-7.966733,7.1311665,9.058602,3.4705186,2.4578185,3.239037,-4.970274,3.8127308,4.1657486,4.1159005,1425.5786721674385,593.3566815046328,1717.9844505723631,347.5634013338225,0.00033133375,0.00069007673,3126.536160002175,0.009427305,0.0009082065,0.057661370722157775,0.029598912231406153
-379.3698,18.580757,155.50916,11.969482,-25.90234,4.209272,44.74701,6.1205983,-42.397755,9.156271,39.65608,8.063328,-23.371319,5.168244,24.59728,3.4976342,-5.495132,5.0936756,7.817331,3.0729797,-5.331259,3.7917182,-8.239337,3.1550362,3.7893398,3.462592,1616.0347805868962,440.5454034806691,1876.5352128923305,180.8401405241413,0.00035995521,0.0006106277,3575.8356859955047,0.00873128,0.0014219126,0.07905737927784223,0.018559061645102824
-344.35654,27.840385,161.36171,18.297998,-61.82578,14.658922,62.918358,9.411049,-31.254662,9.788654,30.038715,10.309036,-19.032639,8.593042,12.099734,6.2553315,-10.897333,5.6421585,1.1362416,3.3419058,0.37898174,3.8467755,-3.7076402,3.668491,6.890413,3.9268677,1699.7412267085404,477.7068127339394,1624.6838266729087,255.01625315901066,0.00060998095,0.0014551842,3406.4927811412413,0.00843656,0.0012103321,0.10217200188515081,0.03286417664013183
-377.38434,19.456678,183.1275,16.999472,-44.519947,5.867951,62.078804,5.579028,-27.766962,11.206098,36.77766,11.733602,-17.013695,8.27319,11.844174,5.4949155,-9.129584,5.6431766,2.237382,3.264764,3.5038948,3.1488605,-2.324559,3.001479,5.415174,3.1229057,1258.067064615874,485.2544818399711,1500.456794170928,300.14767814387415,0.0002471291,0.00048392863,2662.6230332801624,0.009660373,0.0008821789,0.055420488326566125,0.018360477580231304
-395.44778,21.409544,161.77449,14.134559,-32.383194,3.7919552,41.013165,7.1271615,-43.228138,10.333103,37.774242,9.3533,-25.074833,5.8833017,21.993,3.4928062,-11.377564,5.6460614,4.865148,3.782204,5.121162,3.3623912,10.23746,3.1179893,16.627254,3.438329,1533.8262133282014,490.4978267888753,1749.2248515130768,222.67514559869502,0.00023113273,0.00028651857,3056.8655062717517,0.009179457,0.0010015888,0.07210022114269142,0.016366867778287397
-377.03027,18.408556,146.05557,10.626354,-19.886591,4.6289425,53.816116,5.0382857,-37.14616,8.484883,41.421253,8.146834,-24.096802,4.829976,18.049934,3.602548,-11.747515,4.6412377,9.367884,3.4459705,7.007918,3.185365,6.5836263,3.2327144,10.42094,3.2937343,1655.5495518696234,425.5490288833232,1979.033660073072,167.4126803587762,0.00034523802,0.0010541376,3990.986849260441,0.010157301,0.002094282,0.06568912231728538,0.017544220499641265
-374.4073,18.881596,181.5081,16.226004,-46.595802,5.767924,66.01829,5.0044665,-29.955736,10.943854,39.358135,10.884512,-17.528149,8.452282,15.171738,4.9378242,-8.759639,5.8400216,2.8334198,3.2719307,2.1605184,2.9178696,-4.0725207,3.3113832,5.369423,3.2769039,1296.44624645243,481.2169449625338,1544.99665671444,287.2023790527574,0.00027547483,0.0006717941,2799.965899615719,0.0097771315,0.0008179822,0.0554646715487239,0.019711065503864235
-387.26852,19.130278,167.35365,14.179197,-36.6918,4.135028,45.557526,6.859693,-44.739754,9.5271635,43.3065,9.037854,-26.72093,5.513562,26.298128,3.2897475,-13.385339,5.2198596,2.764436,3.7173753,-1.4589747,3.477511,5.636097,3.1782022,14.8683815,3.0124874,1562.3057297665257,476.2814667070591,1791.8875497466136,209.0077980924277,0.00036421066,0.00066112843,3163.657203904437,0.008060893,0.00096320413,0.07893049412703017,0.02083745574440532
-372.78262,18.897942,177.95412,15.567771,-45.30677,5.3753915,62.875263,4.8634496,-27.650492,10.297268,38.78988,10.872282,-14.583965,8.176431,14.826303,4.838259,-6.6906314,5.6705413,3.8473718,3.435578,3.6850705,2.9322739,-3.8766387,3.1688218,4.787811,3.246599,1303.9928786822184,465.88474183355044,1550.9751747160215,279.25468292910995,0.00025818028,0.00037144803,2825.9706147585557,0.009631827,0.0010047641,0.05569238507830626,0.01864791110879109
-349.7453,21.062641,149.79462,11.330952,-98.9651,9.457109,64.11489,5.254339,-46.179577,8.553353,35.941338,8.421112,-44.79564,6.927154,20.296381,4.375279,-14.596676,5.2470155,10.603228,3.7773383,0.94897914,3.3197343,-3.0130768,3.3818016,9.368351,3.3518014,2145.198880913474,334.8185834615395,1688.1275364152316,173.80679792922734,0.000985403,0.0010195731,3855.6674045642403,0.0070671155,0.0015136214,0.1554320439385151,0.016522278623358668
-370.98102,18.268574,182.34192,15.591804,-48.174118,5.298087,64.581894,5.086609,-33.0925,10.233838,39.03483,11.04297,-17.969683,7.7390804,16.742273,5.0490627,-8.3544235,5.502245,3.7638252,3.3838074,2.2054343,3.1726036,-4.983419,3.1407955,5.0389256,2.986347,1314.6119902092823,457.97727246649646,1551.6544638893718,278.90489466791166,0.00027530134,0.00047899695,2829.0681985027554,0.00969419,0.00087232905,0.05822895519141531,0.01890147557208035
-362.47485,16.60469,134.91646,9.425476,-26.68538,4.935909,61.580166,5.0649037,-36.83292,7.865634,26.571594,8.901528,-21.485945,5.741503,23.652435,3.8805213,-16.54582,4.832342,5.0579405,3.7970634,13.857809,3.7394795,1.4643682,4.151652,10.66475,3.8150787,1850.990494142669,382.60865498624804,1991.5892644283622,148.01367291719532,0.0004757985,0.0017983124,4175.942575406032,0.010086203,0.0024208243,0.0775585484338747,0.01839350202256071
-385.78003,22.216923,189.71509,18.93432,-44.031067,6.101144,59.08768,5.3996086,-23.79852,12.657938,32.978573,13.110427,-13.770351,9.729774,11.050732,5.8199105,-6.5683985,6.23417,0.80268395,3.4347546,2.1644557,3.0994298,-5.29362,3.2025013,2.6538076,3.2890782,1179.9652140196608,502.5458960603673,1409.9684413515802,336.7368918886235,0.00019798937,0.00026469768,2464.177829538863,0.0094864825,0.000856554,0.05084242676914153,0.018647402130253017
-384.88754,19.603458,168.09047,14.107479,-40.46862,3.730418,48.135315,7.228375,-46.116894,10.236332,43.1204,8.861972,-31.745422,5.6589513,24.519228,3.4534073,-14.199822,4.9644504,4.844457,3.6449308,2.4660597,3.5160203,8.604857,3.0857635,16.502161,3.2991133,1592.421904947247,475.42533423386016,1795.9881840692105,209.95987896186995,0.00040638537,0.0011117179,3218.039783026392,0.008216002,0.00091038115,0.07995803726798144,0.018623695042253596
-381.85806,21.16844,173.86523,15.778358,-41.354,5.963856,54.877533,6.5555673,-30.292479,11.175869,45.41667,10.095921,-8.361934,9.273812,18.727015,4.647765,-9.413288,5.748393,3.4949589,3.5356274,1.6904577,3.372297,1.3186917,3.9709642,7.7369027,3.9108036,1334.3559865011553,497.90078370805765,1598.5066084179255,283.16921035199056,0.00028077423,0.0006134241,2821.1243950297276,0.009126004,0.001198071,0.057836970707656615,0.023718156510930278
-339.3354,10.491624,125.42802,7.157539,-86.72419,4.5624166,87.406746,3.9312112,-53.013313,6.1293993,56.148697,6.1800013,-33.438847,5.9707394,30.489935,3.9340742,-14.53459,4.9020658,12.21583,3.2291944,-0.61801606,4.005918,-1.397593,4.040869,6.960926,4.4020753,2686.853663886007,240.36664197692855,2008.7428202866447,87.14392423854613,0.0018672639,0.002884916,4976.867817394142,0.006753707,0.0007276915,0.20549163464327147,0.021553575253911956
-390.27182,20.559525,158.6639,13.075365,-26.476618,4.1383057,46.265995,6.551107,-40.884193,10.260578,40.12698,8.617359,-24.960426,5.780227,20.07672,3.7322888,-9.0866375,5.5493402,7.0503745,3.2771568,-4.2576923,3.3042667,-6.7211065,3.0367486,5.3764777,3.5573237,1530.544778120909,484.46405877852993,1812.7198796028142,216.67715068401296,0.00025249363,0.00028642328,3258.907904038573,0.009264712,0.0012800673,0.067862030524942,0.020257666619137988
-383.86072,20.096195,163.80344,13.565737,-29.533876,3.7750025,47.120083,6.758275,-42.18227,10.413431,41.61965,8.895364,-27.232327,5.771122,26.473299,4.0409575,-8.014122,5.926481,7.3413787,3.612053,-5.0898504,3.713355,-4.481091,3.3158603,10.540437,3.4139838,1557.5877837124558,509.15179599592796,1836.348297590496,217.3812032627423,0.00032037013,0.00035326846,3263.9539678799306,0.0086074835,0.0011717954,0.0741156558149652,0.022190737724367617
-379.4755,21.081005,189.52425,18.908293,-47.12109,6.428405,59.383358,5.602516,-28.128258,11.818528,34.751534,12.832226,-16.669472,9.527751,12.964295,6.1560044,-7.068032,6.646072,3.1150842,3.492428,3.8522093,3.0237637,-3.9258509,3.276525,4.534946,3.507527,1228.4477776761119,520.2609290716056,1443.1769561918259,335.6878346190943,0.00022746943,0.00034489683,2551.9593559672276,0.009556148,0.00093040423,0.055674258628190254,0.020258034721260837
-382.77542,19.266895,164.2649,13.621368,-41.77934,4.3348,47.348965,7.099994,-45.43681,10.09882,44.456715,8.403529,-28.376064,6.437095,26.613386,3.7808225,-9.632842,5.875414,7.01393,3.4665093,-2.2219553,3.2846115,1.1704873,3.6835227,16.827925,3.3925698,1627.9139181293592,484.18916685253447,1820.034664212697,212.5377590761312,0.00039254368,0.00081153464,3401.596600384281,0.008290283,0.0010759863,0.08096405524941995,0.02056253895895097
-420.12228,29.335129,177.30562,22.856176,-19.216421,7.229609,46.138073,10.474184,-18.910353,15.405673,37.27793,13.50223,-7.7939444,11.304638,11.337993,6.5598855,-6.761963,7.123919,8.384061,4.535126,5.916657,4.896203,-1.170862,4.406789,7.2653327,5.005313,1118.5027499405921,646.2695592123009,1452.2938515546869,402.59589144218256,0.0001996065,0.0006743105,2239.1783393452724,0.009235502,0.0028611494,0.04343890479988399,0.02569946075739767
-364.27225,17.042141,133.80052,9.214264,-26.655384,3.6441512,63.338802,4.644041,-33.14999,8.219102,25.68326,8.799124,-22.189,5.4728246,27.542677,3.9083939,-14.941875,4.745781,-1.1952399,3.4723485,15.93105,3.4429255,5.0906887,3.7242,4.2480655,3.8629348,1860.3656007432994,393.80846312141284,1984.5809045254373,145.05981742666572,0.00041044105,0.0004383295,4206.718568735499,0.0095623415,0.0021755514,0.07953433149651973,0.018355591274582795
-382.5981,21.51922,189.75203,19.252153,-44.39731,6.204954,58.76835,6.0774884,-26.902435,11.922106,33.873043,12.814202,-14.626899,10.023754,12.0164585,6.0013103,-7.141247,6.5204043,1.442614,3.60346,2.630476,3.0111432,-3.7136803,3.128339,5.485098,3.4545228,1197.0049062826008,520.4359142974789,1425.76670669193,337.5175279831144,0.00020792402,0.00028980704,2477.6173461064386,0.009648458,0.00096431124,0.052317466647331785,0.020411150242366533
-383.6563,19.395712,166.3813,13.210999,-40.896103,3.5625868,45.961178,6.7043457,-42.622906,10.22713,42.699295,8.431627,-29.638119,5.5123754,24.519001,3.6250403,-10.865607,5.0643806,4.6520295,4.0908904,1.748324,3.4706163,9.557502,3.4855618,15.605423,3.4993224,1577.5972917756642,451.04807157345346,1772.934804098531,214.47597482702315,0.00032698893,0.00030711503,3163.6821844185033,0.008371083,0.0011398055,0.08191682678364269,0.018395357197631485
-365.76123,19.972383,172.77338,16.9235,-36.800335,6.0567737,53.020237,6.267635,-22.857227,10.852742,30.116014,11.512811,-11.296207,8.011657,9.528445,4.9666924,-6.171245,5.327015,2.070791,3.56965,3.7482173,3.1078517,-3.4342852,3.2609046,4.4161143,3.0628216,1293.4298003689632,468.4616761888009,1525.394927177623,297.2589093884708,0.00029145103,0.0008077419,2754.051714762181,0.009614919,0.0018805187,0.05744385332076566,0.018667021923219288
-392.99472,20.853214,146.89459,11.949449,-18.008703,3.967988,53.661034,6.029503,-36.895733,9.46546,41.94153,8.5991535,-23.816032,5.519641,16.514757,3.5156724,-12.62197,5.2969227,8.202195,3.616859,8.166765,3.3643517,8.475196,3.1803744,11.334482,3.2127323,1591.4333279009122,477.1389224292919,1942.33919432448,184.98890016651603,0.00029107401,0.00095483084,3792.017054723753,0.010210369,0.0017960147,0.057514093314965195,0.017182503340546187
-368.57516,15.506242,148.70422,9.639556,-47.593407,3.7721837,62.501247,4.1206493,-49.689507,7.730182,41.45645,8.212553,-25.747879,5.018588,32.41796,3.5301514,-12.211539,4.864892,-2.4930332,3.174136,-7.220396,3.0581422,-3.9771602,3.6822774,10.969691,3.277299,1918.512519214055,372.6974206477297,1967.820374954962,140.22974475226007,0.00053371943,0.00038912243,4322.1035632069315,0.008054191,0.001040968,0.09607811593677494,0.01766672130722379
-374.70935,17.752253,161.53067,12.4130945,-31.541143,3.8354282,48.881725,5.8351254,-42.95113,9.592881,42.861282,8.415892,-25.978827,5.6019397,25.636246,3.574192,-6.8576293,4.822902,10.050279,3.602577,-2.0624654,3.6100783,-7.04227,3.4553978,1.2634435,3.0825129,1576.9202510803411,448.9539329591153,1848.138872945217,196.78126578548412,0.0003720294,0.000919796,3418.55836943518,0.009184088,0.0011583455,0.07504916799593968,0.01754556147574368
-388.88168,19.28988,166.4487,13.298257,-37.04164,3.8470933,44.737755,7.2700157,-45.614433,9.992467,46.28018,8.862818,-26.555222,5.651447,25.00019,3.5736368,-15.324711,4.936447,5.320505,3.4812784,1.4520204,3.693304,7.738047,3.1090796,16.186947,3.2798178,1577.9451020805775,454.38311091934133,1814.4368706243358,198.360080846919,0.0003240231,0.00047389272,3232.353617586282,0.008365552,0.00092268444,0.07786556518271462,0.01714210924813258
-373.83774,17.230207,162.68881,12.100327,-36.516422,4.0479207,49.091515,5.9676604,-48.55379,9.43832,39.163727,8.892473,-24.26087,5.8043427,30.037231,3.5900106,-5.7373,5.1130967,10.020995,3.7390282,-3.5631092,3.4880404,-7.5047936,3.1967838,8.462296,3.2509155,1619.5074746643138,433.3692827379241,1844.9890233248914,184.83887528530798,0.00044314575,0.0013870436,3522.9019766893853,0.00851935,0.0010014242,0.079115157337587,0.019923955016705512
-373.10223,18.629177,181.57236,15.587451,-48.690536,6.0771847,64.93127,5.2775774,-30.37594,10.52448,40.194508,11.271303,-17.487255,8.703008,14.703896,4.967096,-9.306579,5.1915817,2.9169672,3.433694,3.3912454,3.143653,-3.5008705,3.125507,5.176174,3.0131938,1311.8429634018046,457.8953029995163,1546.2635773028558,284.11828816433814,0.0002829661,0.00068679376,2832.1408017328886,0.0096315555,0.0009475176,0.05793326747389791,0.019046532623180814
-381.09283,20.387154,184.49641,16.869911,-44.149387,5.336415,63.447803,4.7144012,-27.781439,11.139458,37.30173,11.895803,-17.520819,8.663452,11.549322,5.2771473,-8.979004,5.9993625,2.7563381,3.279007,4.05107,2.955809,-2.8587453,3.0842063,5.2942886,3.0302389,1239.2041179533344,490.49710747246775,1492.3995633703469,306.0338286395663,0.000210294,0.00023266887,2635.394272948086,0.009763888,0.00093879394,0.052524787920533646,0.01899551056779408
-385.41183,18.728224,167.75058,14.043512,-39.118458,3.9053857,47.481667,6.6105638,-43.683094,10.074539,41.837067,9.327067,-30.336273,5.339605,23.210978,3.5537553,-14.248811,4.7502265,2.432607,3.5873175,2.2035093,3.1046686,8.49807,3.1683044,16.170805,3.2447872,1566.9719647149354,471.9579777230565,1773.056397213724,217.6742834667455,0.0003939083,0.0009445975,3170.327001160093,0.008001056,0.0009936176,0.08017102305684455,0.019718448783262787
-380.62964,17.790745,152.0762,10.745525,-28.02076,3.8543675,53.556698,5.778247,-40.801193,9.237439,45.781548,7.94796,-23.191257,5.902198,22.906975,3.5993736,-8.695249,5.2496834,15.661983,4.1063623,4.2872267,3.883444,-3.2252667,3.5696707,0.9352918,3.9839213,1650.9999992564674,420.872765479749,1953.430381209957,163.7358471596972,0.0003029093,0.00035538978,3878.5245749347446,0.009442667,0.0011661088,0.0664980151537123,0.01885368692694158
-365.6842,17.284819,102.850365,8.098353,-96.557755,7.997517,92.33593,5.3094463,-51.35335,8.1429205,47.943665,6.6530185,-31.89206,8.110763,31.76822,4.684154,-17.61586,6.6233783,8.648049,3.933729,3.9739592,5.2300577,-8.119624,4.8953085,10.584864,4.332651,2961.557518660968,226.16802682022575,1863.0004441367782,107.34347501038495,0.0016089197,0.0016588818,5116.2840663971865,0.0061204415,0.0012844263,0.25073978574535966,0.01728870328054933
-378.26694,18.928045,173.15135,14.752203,-45.99491,5.163406,55.457325,5.702084,-34.444225,10.533467,48.678307,9.666737,-8.984589,9.236301,21.639301,4.5323057,-12.512073,4.879417,2.2995076,3.6088428,1.5527624,3.4929152,2.2753148,3.000006,8.624295,3.424606,1402.6889910257432,473.1028873607231,1627.189330571441,267.7612733261289,0.00029063775,0.00035424094,2947.60073774652,0.00904901,0.0008244863,0.06898133881960557,0.020530426989401378
-398.82303,21.24533,162.59767,14.562728,-34.537956,4.162021,40.794647,7.055088,-43.605885,11.288036,37.833504,9.883025,-28.373528,5.5035954,21.321152,3.604619,-11.673087,5.3098745,5.715489,3.50722,2.8755028,3.5418136,8.652351,2.94943,17.478899,3.1035228,1561.6706522282504,501.4774629301364,1763.1374453788476,220.33274617973262,0.00029961014,0.00089874014,3092.387797273782,0.008534302,0.0010310997,0.07247407917633411,0.01772677920103542
-370.1559,18.622238,178.34668,15.225975,-46.847218,5.280484,63.81976,4.285936,-29.740465,10.286224,38.347095,10.766637,-16.748514,8.398258,15.040119,5.335144,-7.4341035,5.817568,3.2331164,3.3974233,2.6038446,2.8723664,-4.353631,2.933662,4.364647,3.336903,1336.8237800219808,465.4945210444591,1563.9027026080073,280.85882102253106,0.00026433487,0.00030804836,2894.467184327871,0.009601371,0.00086499105,0.05902878480278422,0.019267684282123373
-371.05896,17.989267,178.14296,15.320969,-47.156265,6.2234354,64.44586,5.037695,-30.103718,10.331664,39.413982,10.921653,-16.40386,8.176425,15.766083,4.9494114,-7.467762,5.4122233,3.3781464,3.4141738,2.5032096,3.2629335,-4.5733376,3.2146983,4.7723713,3.311163,1336.5750622274602,458.5419458034684,1571.057670150576,280.98198630962276,0.00031554108,0.0010591297,2904.909039207512,0.009599636,0.0009947522,0.05844760549593968,0.018200044497757726
-389.0939,19.572124,166.95027,13.897953,-36.410793,3.6841204,46.50971,6.704351,-44.34558,10.4033575,45.52197,9.19316,-25.248405,6.4234076,26.10599,3.9160392,-13.340827,5.1732225,3.3004255,3.5443668,0.6969857,3.5490992,6.468507,3.3268776,16.33348,3.6412048,1558.4326887265363,488.3064457257543,1796.6353474121058,217.67870349009834,0.00033988865,0.00037137207,3206.823532210702,0.008056761,0.0010807095,0.07715636782192575,0.020291840241210956
-375.83707,28.110102,182.61949,20.430935,-46.610146,9.531854,61.258377,9.012613,-29.007677,13.431028,34.887592,12.752228,-15.957516,9.584653,10.087232,6.0996504,-8.994352,6.212849,2.5207841,4.42175,4.1850505,3.1574605,-1.9282899,3.3077807,5.5989413,3.4793048,1312.5313912266956,522.9068172060485,1498.6366537145777,341.74526979897365,0.00025743552,0.00026695683,2772.6621977414443,0.009288321,0.0009839315,0.062513594837587,0.0246461523263569
-333.99155,15.948267,143.75575,13.064133,-80.72272,6.450314,70.40892,7.0577946,-62.60956,6.7414784,47.23708,7.878315,-29.20308,6.854979,29.650206,4.590029,-17.323051,4.6183333,8.055333,3.1822467,-7.0499096,3.161358,-8.179759,3.4939954,10.44826,3.192792,2346.868370425819,377.1856613177242,1946.6528942720763,159.52795616944968,0.0014164218,0.0030123899,4609.429435995505,0.007483312,0.0011681062,0.160617341574826,0.03068232804153228
-372.058,18.958488,183.39313,15.839688,-48.4503,5.895181,64.09115,5.270996,-32.873398,10.838361,38.020935,11.103383,-18.645777,8.779334,14.871876,5.1961503,-8.919033,5.5638137,2.8978302,3.5904448,1.9898319,3.1031935,-3.8501534,3.302257,5.500894,3.1217885,1310.3179042957327,471.86890245578616,1533.9614845981218,287.94025284343843,0.00028268204,0.0007117295,2790.623187354988,0.00965007,0.0008630474,0.05808394359048724,0.01926272094155165
-378.36807,19.64842,183.75723,16.948236,-45.049873,5.973236,62.947105,5.0122743,-27.863771,11.678796,37.673656,11.672613,-16.287487,8.890715,12.417355,5.587772,-8.675715,5.7058454,2.1409943,3.2375946,3.3440354,2.9002764,-3.2386336,3.1080394,5.8891597,3.1227994,1255.4131593861023,497.3757343555307,1498.6791855080376,303.8631618810976,0.00023120033,0.0003579364,2663.747156413138,0.0097532915,0.00086322904,0.0535070149361949,0.019302635027090464
-393.73895,29.76424,171.07751,22.94505,-33.02499,5.151939,54.923943,10.8223715,-29.124723,14.692461,45.63634,13.266969,-7.6450243,10.262848,18.819237,6.0656304,-8.673768,6.0285635,3.6950366,4.084333,2.0058966,3.5879328,1.7566046,3.4894133,8.912638,3.654482,1352.6732418132685,683.7718436144655,1611.0264880663976,377.4614492448688,0.00031826078,0.0010385594,2801.0150812064967,0.008918193,0.0013844268,0.05668027660962877,0.04074227898598414
-332.0421,9.809834,133.19933,6.8987355,-85.924,7.16615,79.2546,3.908257,-62.381405,6.278475,59.102264,6.407013,-37.366558,5.221695,25.327168,3.9115694,-24.194954,4.9926486,7.6296654,3.5737846,0.534202,3.5190647,-3.2208412,3.647862,13.3620825,3.56022,2643.7322577302098,219.29218924028336,2040.4624645687,78.3451539401042,0.0017452902,0.0022213191,5151.406669174159,0.0071029095,0.00083733565,0.19739364305394433,0.016678345273332534
-413.30807,26.711329,180.73108,19.098227,-16.471357,4.568428,56.031567,7.4059496,-23.979527,13.329103,37.891766,13.299425,-9.843827,9.303907,12.797673,4.7578616,-7.2446175,6.0639615,12.980245,3.3333206,5.8070145,3.1837482,-3.2045338,3.355597,5.339904,3.8568988,1057.0410915194227,571.7421502157548,1470.7484775356195,364.19813835211147,0.00017529626,0.0005875455,2126.3163767945184,0.0096912915,0.0010784945,0.0410088275812065,0.025170101095924532
-404.20685,27.335562,174.30289,17.79505,-21.86653,6.308313,59.68681,7.30556,-22.487297,13.265401,40.359795,12.639397,-14.794706,8.402812,18.600613,4.4489465,-5.385106,7.036326,5.4630356,3.573865,1.5525658,3.3879123,-7.859505,4.0339694,3.897175,3.9825697,1169.900988324887,564.1120478793389,1569.32917327897,344.33794015394017,0.00018866858,0.0003126683,2491.256706786543,0.009564665,0.0010646066,0.043813895736658934,0.023359184437318575
-338.36267,14.925454,151.23175,12.340487,-80.12949,6.3352447,73.44456,4.6343656,-30.041542,8.760019,37.238754,8.471602,-28.594715,6.6854405,19.653894,4.6333885,-12.304676,4.817737,4.343572,3.7720177,1.592292,3.3467999,-5.2563653,3.8520763,8.155889,3.3504183,1967.780290019502,346.21518322606346,1701.4227794677124,176.71444910604228,0.0008211316,0.0011950156,3724.7944913718097,0.007864014,0.0012121089,0.131817811049884,0.020608762040694593
-336.89465,12.438829,150.3934,9.43064,-92.73978,7.4623384,61.24827,6.672493,-55.173244,6.79652,50.326347,7.0449667,-27.827353,6.534757,26.324917,4.3887258,-15.123976,4.7898016,9.085237,3.6373,-2.303584,3.443537,-3.1063087,3.484836,14.237108,3.3917437,2154.0515411970523,310.18840424808,1793.60482592625,151.37860417324282,0.0010476507,0.0014597544,4161.953487529002,0.007569707,0.0009005886,0.14722869235788863,0.01655627614304251
-363.8272,15.795896,162.0977,11.838672,-46.193085,4.5462303,62.428482,5.297742,-33.18101,9.126376,50.408043,8.137536,-17.21662,7.2670035,24.498308,3.6225178,-13.664738,4.4703774,4.64578,3.5069683,1.3891313,3.2939596,0.79046446,3.1354225,10.205529,3.0475485,1571.1109665639287,427.5486891686032,1806.350029389258,207.04562850274243,0.00041220014,0.0006918863,3495.1486255619197,0.009179258,0.00094591896,0.0685542343387471,0.018215432184618897
-391.75592,22.779852,178.42755,17.408356,-38.940556,7.046551,54.972256,6.626221,-26.722383,12.318814,43.30034,11.452967,-7.67595,9.992256,21.16685,4.881783,-8.585949,5.9420996,1.4772005,3.6660585,1.7373477,3.510422,0.18589038,3.961658,7.584749,4.1640825,1243.6047256652864,532.3977911866505,1531.5362809113958,312.062581656002,0.0002181033,0.0002947534,2602.045286669809,0.00924731,0.0011313567,0.051968532482598605,0.02260144264508119
-385.0514,19.585604,167.67351,13.923131,-36.670837,3.7010868,43.934616,6.837494,-42.952805,10.462049,40.09554,9.620728,-27.809813,5.6976695,22.102573,3.1123714,-14.958952,4.687291,2.4562874,3.5565627,2.0391617,3.758272,8.149073,3.2513676,16.131054,3.7011986,1539.642125969528,478.8540224614053,1748.4940275737633,221.40359159006877,0.00032153865,0.00037370136,3046.598514990574,0.008291776,0.0010177033,0.08043612238979118,0.02076187452553123
-377.39236,17.935858,162.47957,12.513196,-38.24467,4.3003316,46.045532,6.192331,-44.060062,9.814309,42.67613,8.764416,-28.844303,5.553949,25.886166,3.3984044,-7.737616,5.099771,6.9994483,3.5154805,-3.6649559,3.3343248,0.27837974,3.145204,18.056374,3.0544965,1613.1068350208536,443.24129937280264,1826.1332043726977,195.33771431970194,0.00034394182,0.00073445495,3381.737091701711,0.0091217,0.0010281155,0.07971219728828306,0.018134038553748944
-345.51306,13.853255,145.8286,8.919574,-56.225903,5.818851,75.03639,4.665243,-33.12857,7.6142044,52.626526,7.36881,-27.262403,5.5315375,27.484404,3.4995503,-12.246015,4.386018,11.433086,3.1056187,3.6583753,3.2460127,-1.0902919,3.2453997,9.470363,3.0969386,1944.5086266822486,352.03501672656506,1998.8722098799244,139.11347448052797,0.0006918213,0.0015836002,4293.500874601218,0.009201807,0.0010333075,0.09389954321345707,0.021351771083705715
-379.287,19.491684,184.3837,16.952974,-45.076485,5.5051446,63.164165,5.1159687,-27.926907,11.555889,37.976776,12.366067,-16.375027,8.59816,13.185898,5.4773197,-8.758914,5.731003,1.9080473,3.3340006,3.2840827,3.0028315,-3.2629235,3.128365,5.8600774,3.0373306,1246.3962706967918,489.84178742260735,1495.6584955439523,304.9317543368585,0.00022456613,0.00032056967,2645.211614976073,0.009739557,0.00084856176,0.05357385622099768,0.020843705771115602
-373.78336,17.531578,158.48103,11.678994,-27.382214,4.251732,45.845833,6.5267067,-40.079166,9.441542,42.423832,8.622201,-25.200653,5.0266166,26.903328,3.5643,-5.7187,4.9084353,12.956601,3.9088542,-0.101323314,4.3434753,-3.8273432,3.726562,7.750415,3.4753103,1573.1860472092746,431.7199256987723,1886.0847436841525,180.144245391345,0.000278892,0.00031672767,3440.4412997571058,0.010088155,0.0018016818,0.07105001993909513,0.01946079375187041
-382.82373,21.767368,191.30211,18.697044,-47.652264,7.199089,59.225647,5.898908,-25.808521,12.463864,34.79072,12.996666,-13.945082,10.083902,11.970792,6.2170916,-7.5122933,6.320891,1.2765707,3.6000338,3.1183555,2.909627,-4.476534,2.7530532,2.82869,3.105955,1196.8544648815332,493.9230342530429,1414.538185722862,335.71590996357247,0.0002279153,0.00062605273,2493.305108939965,0.009549596,0.0009002392,0.05385934781032482,0.019221165408597307
-378.4894,19.707386,182.32968,16.515526,-45.845196,5.9535007,63.182987,5.1325955,-26.913881,11.595322,37.89551,11.747989,-14.884639,8.986359,14.286374,5.5207057,-6.935139,5.4687223,3.3189294,3.0819056,3.3511431,3.1424837,-4.9050093,3.2166536,4.354517,3.3334892,1261.6292986260544,484.278765733428,1507.5941837081414,300.5374214036123,0.00022765368,0.00031312212,2703.616056862674,0.0097341845,0.00090513646,0.05288165240719257,0.01924462947573566
-378.10675,23.046253,180.02608,17.31563,-36.940372,6.323473,55.28482,5.647733,-25.927067,12.245828,34.495216,11.884572,-15.701365,8.641127,12.929471,5.579796,-5.4624023,5.61219,4.9265175,3.4788935,2.953326,3.3660045,-0.99495417,3.0080044,6.664817,3.4204218,1235.8088746101134,496.4186954342256,1506.1069243564687,309.5223677632516,0.00021373584,0.00024417648,2580.9367522839325,0.0098913815,0.0015020627,0.05112791835846868,0.019460780165846424
-376.30304,17.780437,157.4456,11.657621,-25.769,3.6439123,48.749184,5.730143,-44.91574,9.220849,39.529854,8.533617,-27.693348,4.8359923,22.58784,3.3378413,-7.483949,4.5079346,13.594978,3.6488008,2.9289346,3.965378,-2.8872538,3.125889,3.8175862,3.4094925,1605.579568043062,444.6459888729405,1898.6282728081937,186.574687516063,0.0003393346,0.000883771,3628.2198239921695,0.009623345,0.0014077012,0.07341778748549883,0.017701200365006463
-387.2206,22.935825,194.69374,19.007238,-44.26193,6.412731,59.10514,5.7266364,-26.380062,13.235946,31.884304,13.922427,-16.147423,9.595433,10.724897,5.950576,-7.4367776,6.0464077,1.8844976,3.414435,2.889536,3.032012,-5.6444306,3.3174672,2.216536,3.3315024,1150.5709061791345,502.2871188093051,1378.8064929871941,346.0712464496623,0.00017750771,0.0002182016,2363.406435796114,0.009657016,0.0008814665,0.05158787703016241,0.019379471445321754
-375.84186,19.203653,177.9761,16.64057,-42.108974,5.5257263,60.686348,4.8153963,-26.015842,11.25833,37.10854,11.617996,-14.202017,8.74783,13.008602,5.162717,-7.0097713,5.3324533,3.6375155,3.4919462,4.015311,3.040846,-3.2537463,3.1797867,5.611232,3.3510268,1278.7540644504802,499.49953916170654,1533.8373288400833,297.63813513818604,0.00023747487,0.00038424076,2752.1781762072214,0.009782302,0.0010227964,0.05318300464037123,0.02115108715484751
-344.77444,12.035163,112.74813,6.7027698,-88.688866,5.5525475,90.2206,4.3279004,-47.75976,7.111496,47.74282,5.967056,-33.959435,5.937663,28.5227,4.367535,-17.530787,5.044441,11.935107,3.4834497,-2.8442001,3.9521756,-2.8620355,4.1819816,12.217988,4.0401926,2817.1714239820994,223.03403717072544,1949.636014758901,82.61168537974213,0.0021220332,0.0045552845,5015.862399851363,0.0063964766,0.0008962913,0.22430122534802785,0.018506451724211215
-384.78372,18.89216,166.90005,13.856849,-37.14243,4.2224245,45.407555,6.9029613,-43.405216,10.434504,43.344917,9.126015,-27.24494,5.822565,26.930708,3.4676616,-11.859021,4.640142,3.0745814,3.611956,-2.5503695,3.3947763,4.6899996,3.3919406,15.29245,3.3044755,1569.0432948497626,478.03069034058194,1796.7400624860568,207.22896512965545,0.00039320003,0.001085104,3172.4253643416473,0.008149772,0.00086078077,0.07960910310324826,0.02123570982630474
-376.41458,19.710384,182.56714,16.97059,-44.164516,6.1983533,61.412956,4.9779572,-26.038475,11.796,35.795094,12.550523,-15.148374,8.80596,11.942324,5.52236,-7.854139,5.7749214,2.1373405,3.223917,3.241986,2.9747162,-3.704127,3.0990622,5.6554213,3.6492403,1255.0986699480388,494.40178732082074,1492.2743171811967,304.6654621763832,0.00023597856,0.00037475425,2665.67065599623,0.009736303,0.000848076,0.05456741226798144,0.01944012094260169
-411.47064,27.950203,185.38646,20.952904,-21.03804,6.381502,48.49004,7.957894,-21.599236,14.565871,32.90719,14.153039,-11.174381,9.475472,16.271006,4.6290364,-3.380278,7.1638412,3.2015226,3.5263846,1.8322389,3.3754053,-5.7291718,3.8914242,4.4839926,4.0377555,1067.0353424361533,589.1648527986049,1400.865510339984,382.6333806753106,0.00015853847,0.00026985773,2119.271871827871,0.009504348,0.001429428,0.042239160382830626,0.022081106220664077
-385.09235,22.038967,189.12761,18.774347,-43.476833,5.900766,59.65412,5.453318,-25.264946,12.418293,34.749016,12.791486,-15.362724,9.589603,10.967107,6.0339665,-7.6707535,6.0646577,2.0892918,3.5341196,3.9041448,2.8149912,-3.3746476,3.3033762,4.941127,3.1026773,1187.7932510794694,521.6715479756308,1426.9969951234739,336.98572717643236,0.00019708488,0.00024470274,2468.549419500435,0.009576835,0.0008492521,0.051427004785382834,0.019968695676170115
-391.30536,21.65449,177.43623,16.7465,-36.408688,5.0514035,54.744457,6.26534,-28.287878,11.888585,45.658543,11.007735,-7.9203377,9.494054,18.196342,4.847456,-10.345112,5.68165,1.173153,3.8382454,1.0900408,3.5007412,1.5434809,3.227222,8.963127,3.5471678,1248.190374381112,527.9028844846725,1552.646153408666,307.41189297192017,0.00021995707,0.00032018148,2588.2810234193735,0.009314624,0.0010683268,0.05133070801914153,0.020740160708997174
-379.80606,17.363104,164.36266,12.730429,-40.9166,3.6569934,49.041737,6.1493664,-45.913654,9.425069,43.496655,8.743277,-29.511648,5.542165,23.986721,3.529443,-15.132584,4.5499396,1.9851751,3.3788486,0.49361977,3.7628613,6.2682104,3.2810597,15.259709,3.3462143,1645.6625393423292,439.8574329858053,1825.8726906930776,186.16064843645165,0.00040940606,0.0006608598,3451.107979263341,0.00799664,0.0008614261,0.08689480314675174,0.0199477995238634
-385.31552,22.400995,191.5825,19.192656,-42.097584,6.3484454,57.321236,6.0357103,-26.775648,13.009523,32.535473,13.547526,-13.417246,9.994725,12.754204,6.0293174,-4.9988194,6.204491,2.844701,3.6527777,2.6712656,3.086099,-4.923947,3.2533622,4.723325,3.389707,1157.436542106784,513.5973370493647,1401.6790902310818,345.648651823216,0.00021099599,0.0004873345,2388.361969348173,0.009768097,0.0008624684,0.050997634498259864,0.02005254276654008
-363.49673,16.579786,146.37917,12.121744,-84.27817,6.3400054,59.992252,5.8831625,-47.297897,8.92707,48.09093,8.399681,-33.4933,7.938425,19.370153,5.633777,-15.361137,5.4541044,9.455599,3.3750482,2.1452487,3.6664007,3.9520824,4.027601,10.896568,3.949354,2127.0995630949014,377.93387590213314,1763.8448822945754,178.0242634568592,0.00085413636,0.0015647922,4086.787120704031,0.0070104976,0.00087643776,0.14574232344837587,0.020458276938666482
-391.21637,21.472557,175.5999,16.407194,-35.23266,4.7330704,54.457466,6.0385776,-28.487616,11.916843,44.439503,11.119326,-7.1973295,9.105774,17.939667,4.427952,-9.301866,5.1391225,2.3428636,3.4608521,2.3445783,3.6415184,2.58532,3.1856935,8.877929,3.4827895,1254.7405310789022,519.7466769501806,1564.4313877497364,296.69169708546,0.0002183411,0.00025477246,2629.3240080300175,0.009198797,0.0011522312,0.05050708744199536,0.020316486020644568
-370.14905,18.237556,181.3847,15.404257,-47.969395,5.5562534,65.51124,5.1477056,-32.57171,10.568979,38.62065,10.965975,-19.005777,8.6540785,15.567918,4.642799,-8.224431,5.4395432,3.7689602,2.7897952,1.9535487,3.065465,-5.495864,3.142079,4.3652625,3.510162,1326.7703025111407,465.1969151499472,1556.9075289106247,275.0257313236794,0.00027267289,0.00041335257,2861.6427888449825,0.009675131,0.0008948113,0.059151138341067284,0.019831126673236717
-385.72784,34.443787,182.53136,23.94658,-50.0149,13.200363,64.86387,13.007844,-29.88473,13.656886,36.242535,14.017126,-19.05251,10.288821,15.220131,7.269239,-8.733493,6.9896336,3.4955726,3.426636,1.6225133,3.4249017,-4.910017,3.2284832,5.5758843,4.0969954,1373.2272011967405,615.5400870347395,1511.7539721870332,343.85657253271455,0.00031126977,0.00042782622,2815.4038573085845,0.008458592,0.00156016,0.07009271679234338,0.04429757211390798
-439.1835,36.177776,187.22002,25.305548,-2.9074016,6.74445,38.811504,10.969032,-11.95252,17.58277,30.006458,16.68415,-3.8256247,10.538629,12.464388,5.3716083,-2.1643517,7.661926,3.469068,4.3107314,2.4987998,4.603383,-2.6351714,3.7835298,4.670706,4.7322583,917.7902957120666,662.9209389155291,1273.6635816625023,452.6618513710565,0.00012406027,0.00038424777,1757.953716375435,0.009525633,0.0016473767,0.033016195983178655,0.020563193774206713
-368.7187,17.36875,152.22049,11.048763,-38.788067,4.609153,68.59145,4.5872974,-28.90081,9.192002,46.85145,8.687909,-22.221178,5.895032,25.299372,3.5757215,-8.63405,5.0032306,9.852165,3.3601305,4.2013764,3.177118,-1.335223,3.365325,8.228092,3.2957141,1625.0303425319041,424.7979569545768,1910.992286623116,179.91290292648438,0.000414965,0.0009260669,3764.1887620540892,0.009483267,0.0011988598,0.06344823992169374,0.020160215312723887
-396.15543,33.818867,194.22937,21.465946,-32.020683,16.557997,51.25278,7.9064403,-21.609121,14.51384,27.312016,14.983397,-12.432112,10.108528,9.36587,6.261987,-5.6172423,7.0072675,0.18569382,4.088624,1.6862987,3.464341,-4.342478,3.303947,3.7981064,3.3961215,1082.3662833764936,557.3846852623635,1321.5943911833524,381.6686047623986,0.00015687739,0.00022132113,2147.32498912413,0.0097158225,0.0012742913,0.05176121120939675,0.028787252502745903
-346.74188,14.201944,145.54088,9.353046,-51.367775,5.331939,71.58063,4.2958846,-31.100412,8.203414,50.34582,7.060109,-25.75946,5.4417815,26.606987,3.4756997,-11.4625435,4.536998,10.122202,3.2780008,3.1076212,3.1502979,-2.9182851,3.2325835,7.010151,3.1233675,1897.9880863707258,374.23512706404614,1986.2719703113191,142.4442263601052,0.00059995975,0.0006151323,4224.679558349043,0.009092263,0.0009297507,0.08866439783932714,0.02128268115441333
-364.65024,14.662878,134.58914,7.6019077,-36.13522,3.6503813,68.44858,3.7016046,-52.21151,6.299293,41.32296,7.1243143,-33.426804,5.0083423,22.114695,3.859131,-1.438971,6.3900933,7.8591166,3.4584632,6.061475,3.2516584,3.778683,3.2555835,3.1679783,3.480711,2143.534098422493,330.706338000335,2115.5667355974383,99.50010172216007,0.00058087317,0.00043214232,4848.318092009861,0.008544728,0.0014911655,0.10290838892111369,0.02041775693938538
-381.3698,20.438515,173.2385,15.591105,-41.14964,5.5866923,55.65973,6.600174,-29.718218,11.331218,47.08553,10.8002615,-9.579301,8.856043,18.947021,4.749882,-10.12832,5.4156404,3.5938077,3.5219026,1.4763529,3.4070601,1.282812,3.1572957,8.925249,3.4564526,1344.587639704062,504.3148135955668,1616.513913205049,286.6549756189472,0.00027792668,0.00048267792,2843.032305865719,0.009161009,0.0010482797,0.05658058113399072,0.020342368199851715
-389.61557,19.644278,166.05779,13.689337,-33.525547,3.9113722,43.62848,7.1437917,-44.491055,10.064345,43.482727,9.200254,-26.467232,5.784652,26.40572,3.4658074,-10.651416,5.3264623,3.9299178,3.7869158,1.2075024,3.9485052,6.576468,3.280922,16.296566,3.4333878,1528.4925320623972,473.21041517933867,1783.6859528155376,212.04326851847114,0.00028470714,0.00055007596,3078.9982417343385,0.00899136,0.0012181125,0.0726598752900232,0.017748260133309674
-369.45294,17.630186,177.3253,15.166438,-47.31605,5.14813,65.36848,4.7761536,-30.501972,10.44254,40.456123,10.712364,-18.829128,8.292482,16.984776,4.5562124,-8.85169,5.3051386,4.071671,3.463545,2.1679623,3.0740676,-4.256247,3.17057,4.6132956,3.5188684,1358.7322074314905,470.4605747933288,1594.6797974822484,267.3473104303649,0.0002811522,0.000344324,2944.5780955445184,0.009642715,0.0008337223,0.058892836426914154,0.020018167469238728
-378.4584,19.92513,182.04622,17.326408,-43.874756,5.6780577,63.58174,5.206772,-27.195158,11.272282,37.359467,12.028534,-15.922906,9.103337,13.809149,5.2648664,-7.539541,5.8746724,2.9633582,3.248963,3.1375356,2.8556027,-3.930186,3.1314037,4.770007,3.154499,1264.1134117165777,507.8453538474995,1513.1633270656216,312.5584209325544,0.00023306647,0.0003273348,2708.7120817321634,0.009748371,0.00091558817,0.05373586136890951,0.02143148671055597
-369.84073,17.093857,148.56888,10.091729,-39.31735,4.9988437,63.669537,4.9067025,-44.166164,8.886691,35.25641,8.71536,-25.028938,6.1724014,29.025526,4.0826936,-12.267456,5.041123,8.825803,3.1238368,10.048275,3.520599,-7.3983717,3.633111,-2.838448,4.0788255,1783.8310308975006,398.6057529454897,1933.787748857909,154.15080507488904,0.00043485628,0.00071197323,3985.3162725674306,0.009035173,0.0013736972,0.076646561412413,0.01894138526811058
-389.63885,22.463774,177.32915,18.107138,-34.644608,5.5787745,57.107697,5.6156936,-22.182138,12.4567795,33.558216,12.971924,-11.495165,9.288902,12.351717,5.4233856,-4.649038,6.062741,4.637427,3.6944427,4.764982,3.4815001,-3.1455238,3.2575774,5.3484764,3.285354,1204.3349247035108,534.6421081842018,1497.97766672665,330.17339038454406,0.00019564791,0.00029511636,2575.21621456279,0.009948849,0.0015405067,0.04446418213457077,0.02182060192634454
-400.10068,24.907389,174.71603,18.510483,-27.378452,4.509557,60.282383,6.111396,-21.969967,13.253105,39.011517,12.691608,-12.154041,8.368075,18.050098,4.5778637,-5.1148753,6.051044,9.141073,3.0153213,5.1568365,3.404998,-3.5196407,3.8742008,3.4489744,3.6149528,1184.3710165780683,578.1691520163049,1549.2043551366462,332.50676798986586,0.00035536915,0.0023462386,2525.8297382540604,0.009666071,0.0010469956,0.044558213094547564,0.02262752057368676
-390.44846,21.285843,177.5981,16.68252,-38.66997,5.4239163,54.42281,6.5704985,-29.79127,11.292194,45.690907,11.081434,-7.448127,9.246773,19.447792,4.689521,-9.790702,5.3669353,2.338668,3.540558,1.7291085,3.44996,2.4071498,3.1497433,8.76665,3.483603,1265.313877867228,512.4435981962135,1556.06030322926,302.9792858169186,0.00024731708,0.0006099834,2628.399729009571,0.009074095,0.0010858654,0.05333707946635731,0.01960417664091533
-400.036,28.693409,170.45175,18.467094,-31.582504,9.537501,45.41573,7.6076527,-16.10584,13.883877,38.419834,12.183327,-5.624231,10.69112,13.850051,5.099169,-3.3318295,6.191102,4.2968616,4.831053,4.625254,3.7101362,-2.8531194,4.2132473,3.219892,4.749533,1231.4538235020032,551.0440354708397,1480.6731817233997,327.53757304275695,0.00017634967,0.00023598551,2452.1622022730567,0.009266533,0.0017356557,0.05753561847447796,0.024700882494508036
-391.2898,21.600569,143.26318,11.997278,-14.159831,4.6665354,51.364143,5.794051,-34.038414,9.765941,39.845356,8.683074,-21.247738,6.15376,16.556688,3.9367466,-10.842691,5.5130887,7.4687405,3.7106566,8.002992,3.6632469,7.3171844,3.5521758,10.781053,3.2638226,1589.9573928498346,487.1260365034526,1946.2699244575874,189.70947951372418,0.00027982553,0.0009824416,3792.1419572940836,0.010177422,0.0019214767,0.05707226109338747,0.018425567261680497
-376.77045,20.011868,183.52344,16.798365,-45.973064,5.793075,62.773396,5.2337356,-27.4472,10.875131,37.510674,12.112321,-15.294475,8.978362,13.462028,5.553829,-8.649185,5.597915,2.4439213,3.4042177,2.1945407,3.2023435,-5.1354227,3.0331693,4.602001,3.4607081,1261.668428825389,486.0772683590738,1499.804715814937,300.21384782784264,0.00024252919,0.00040547192,2689.7768520700406,0.009666973,0.00092957134,0.05421734520011601,0.0203554293283744
-392.33975,19.784998,163.94023,14.083307,-40.093624,3.9399014,45.65135,6.891299,-46.163975,10.6634655,45.04391,9.530667,-25.407854,5.9203396,26.365297,3.6322155,-11.52521,5.589744,4.1687694,3.4446917,0.36813104,3.2766042,4.9357753,3.479384,15.777808,3.4194374,1624.0717045413676,487.0626641473984,1806.5726149504596,205.5083595450709,0.0004323187,0.0011576437,3357.0813243184457,0.0075373687,0.0011302133,0.08237678545533643,0.02122063280894333
-353.34357,24.568459,172.47017,13.982235,-64.61884,10.508158,72.149315,4.873606,-44.676174,10.177637,45.605755,11.212044,-23.879091,8.299617,15.425877,6.183836,-12.812432,6.219056,4.168215,4.8910522,2.506202,3.7503095,-5.3371735,4.355768,6.1868396,3.6487644,1667.2095427211445,432.6831448355041,1703.1169734854163,232.95121143390887,0.000499121,0.0008041452,3602.215108849333,0.008771406,0.0011435433,0.09215713819605569,0.025095480866543417
-379.76935,18.176197,166.07083,12.924394,-41.237465,4.226932,48.295036,6.6937838,-44.377605,10.237315,47.17111,8.8575535,-26.011738,6.0048094,27.51143,3.6563318,-14.696776,4.888209,3.1929946,3.2065692,0.52133864,3.8743653,6.9230237,3.4545984,16.542206,3.4135969,1602.9724255715864,443.901623002914,1820.254339150337,194.78816814074315,0.0003971551,0.0009490881,3332.125790766386,0.008510968,0.0011474504,0.08105582040313225,0.017703977401340158
-352.87842,15.35,149.16898,10.08394,-47.27139,5.2198067,71.14049,4.560786,-31.635002,8.346263,50.277496,7.3782654,-25.43343,5.562215,25.29475,3.6600838,-10.867092,4.716922,9.783494,3.2772455,3.1878839,3.1909502,-2.560208,3.2231894,7.802978,3.5415432,1805.7518231093331,386.4387855318634,1967.4146391301485,156.42154891506578,0.00050990493,0.00041840857,4105.372623169229,0.00920446,0.0009555283,0.08125861006380511,0.021430247071699472
-399.69986,29.923903,185.89218,22.331568,-21.79097,6.5661616,46.76954,9.312904,-19.135931,15.028703,25.42089,15.0673275,-13.479265,9.398862,13.93656,5.8765306,0.49220064,7.066549,3.1267295,5.2368283,-0.92343336,4.4589286,-5.123932,4.279419,8.078476,3.877343,1073.3623011630245,559.6134989696197,1371.2719765616444,393.59407436243686,0.00015004225,0.00022280836,2188.367973734774,0.010111071,0.001775886,0.04483350855568446,0.021531928558291013
-367.26907,16.95494,146.17262,10.299918,-35.426426,3.4278579,47.855324,4.6883364,-45.562786,8.179565,33.65482,8.343806,-24.766905,5.4871054,27.425543,3.6969998,-1.1569822,5.7061214,1.8654407,3.1511538,-6.2028375,3.6156545,-1.2425479,3.3554227,8.435461,3.285578,1833.640729214296,408.5728247338761,1933.7448469348265,162.0833417032756,0.00060227304,0.0016439907,4187.858280615575,0.0079215355,0.0013742285,0.09422355350928074,0.018191353002511373
-404.458,26.50269,176.9068,19.549175,-34.642128,6.0168567,47.428837,7.705437,-22.312845,14.323769,42.05285,11.996209,-9.285589,10.835276,15.39942,5.3400564,-4.3968797,6.3837433,5.2364926,3.9983659,0.6925577,3.4350564,-5.8680835,4.344431,3.7912388,3.667391,1245.769232225222,580.6573129242676,1487.812665974521,348.89326421297295,0.00025618286,0.00073387206,2413.842093695621,0.008472544,0.0011179141,0.060819904654872387,0.022211324544077926
-401.152,21.570723,163.29735,14.451545,-33.892326,4.0002556,43.78453,7.4587502,-44.180546,10.614882,40.46732,9.775077,-28.215881,5.3561397,23.086681,3.595179,-11.004743,5.341376,5.210412,3.4463058,0.5682141,3.6583242,6.309799,3.3697174,17.669628,3.5006082,1562.85376788594,498.6991765384825,1783.2249276520567,216.42558733346172,0.0003162065,0.0005683717,3159.3605554850637,0.007891214,0.0009861799,0.07495060542343387,0.020054603248095926
-393.76917,20.925446,161.11288,14.445221,-29.85784,4.1530366,37.01901,7.3975153,-40.345318,10.865832,36.43746,9.840608,-23.730759,6.0207167,21.345232,3.6504598,-10.021176,5.14745,5.2185793,3.7249956,4.055844,3.568498,7.6529,3.736333,13.911719,4.248355,1531.4299750628684,484.9849638371438,1743.2784391886407,222.73890270828602,0.00028616708,0.00033403188,3006.1550627175175,0.008427568,0.0018430416,0.07659331496519721,0.018755480258723957
-373.63034,18.481577,168.35283,14.295305,-42.26708,4.365369,60.408043,5.774567,-32.344646,10.182596,50.66274,9.182787,-14.970383,7.7385077,23.073757,3.7430243,-14.29886,4.712784,2.829166,3.0990658,1.442642,3.1249354,1.494197,3.1013546,10.464147,3.1661162,1447.337031048957,480.6764007661496,1724.7627391410424,244.90427004225978,0.00036082283,0.00093419175,3137.52758619127,0.009313106,0.00088495354,0.06350828378770301,0.01954617286068997
-385.93155,20.23397,167.70296,14.556297,-35.325935,4.710114,57.293888,6.1404395,-27.189947,11.313122,49.002575,9.828025,-10.979784,8.183259,22.035238,4.147617,-11.292434,5.431667,3.9694195,3.6089668,2.8182447,3.6069882,1.1644586,3.2534003,9.463018,3.288188,1339.1667041091873,494.8695748337582,1679.8444379547593,259.76759630122746,0.00025097904,0.00031497524,2892.468743202581,0.009474948,0.0010089049,0.05187676732888631,0.020140255524973484
-493.33224,63.70997,162.99258,25.746696,-33.68373,13.195516,45.985092,13.356036,-27.729685,21.188704,43.290855,15.310523,-12.014544,15.456866,18.315617,7.105457,-4.3408437,10.778186,8.372056,4.151878,3.8033211,4.373033,-1.8721006,4.110928,4.484226,5.2584634,1498.1887764949909,845.6763886511663,1621.517032740142,381.2110580362221,0.00055906444,0.0008649273,2914.4266150667054,0.0035254662,0.0030376771,0.076162811774942,0.05547726652146105
-384.16345,21.66566,187.39146,19.061064,-42.113037,6.3168354,59.268753,5.3773456,-23.278065,12.465842,33.975018,13.271813,-14.28309,9.547602,11.054253,5.8547916,-7.300503,5.9118915,1.4671133,3.736283,3.39426,3.093549,-3.997946,3.2930453,4.6502004,3.2684097,1185.0667899518228,512.8021702018739,1430.0054202912168,336.8181153616571,0.00020925258,0.00042705366,2491.606433983469,0.009686958,0.0009562698,0.051058811267401395,0.019925344086881045
-384.85455,19.125381,167.3433,13.065077,-41.444942,3.9464412,48.5109,6.733189,-45.81783,9.71036,45.039627,9.153238,-28.146439,5.8687277,25.480505,3.3302693,-14.696745,4.9793897,4.2625628,3.3830862,2.4490502,3.5452464,8.663711,3.3114352,14.341658,3.5144231,1601.8551608292255,450.9780192172044,1801.2528442032967,202.09571090512165,0.00038586775,0.00063093466,3280.1913020229117,0.007972018,0.0008955127,0.08267813768851508,0.01795968270721556
-420.74454,28.530794,179.43698,20.257145,-14.615122,5.680702,56.114315,8.08475,-16.648453,14.855032,37.505493,13.478622,-9.389985,9.386114,10.858614,4.9767613,-7.500919,6.5244665,4.994627,3.3943179,0.7572361,3.5175333,-5.786169,3.6221378,3.878717,3.667204,1039.5665360924736,592.1474725455807,1439.5433665323837,379.7229231003727,0.00014556393,0.00025208888,2117.0486060759863,0.009419559,0.001100983,0.03819582910382831,0.02242094451705702
-369.46002,16.417253,153.18721,10.919714,-41.6278,3.4407113,53.100937,4.880279,-45.1196,8.764793,39.726673,8.890709,-25.703363,5.0362525,30.899956,3.3829103,-4.9740157,4.992151,1.5035461,3.0956833,-6.880545,3.7994597,-0.6645051,3.0853212,10.124428,3.5553727,1768.9844254307652,409.62933045035675,1905.2523202278783,161.42177153026645,0.00046951685,0.0006427347,3968.454425572796,0.008322693,0.0010704398,0.08956732163573086,0.019378501904941295
-374.35074,19.628733,181.2659,16.837791,-45.134377,6.552457,61.23674,4.8739533,-27.277294,11.546199,36.47584,11.416231,-15.433941,8.564901,12.970873,5.6283164,-7.7219596,5.6181903,2.6444392,3.4778583,3.123431,3.0583727,-3.9071498,3.2231603,4.534149,3.2385883,1283.043418674457,486.3196447075657,1514.8545807486175,305.4574005139188,0.00027736623,0.00075323903,2739.93772431482,0.009658885,0.00093419297,0.05612175536542923,0.019540244717402722
-369.60355,18.76375,178.91394,15.391521,-45.37742,5.4892077,63.45932,4.4624453,-29.91341,10.647273,36.73518,10.848563,-17.49582,8.133893,14.404935,5.1231785,-7.8985124,5.8997416,3.5968063,3.541036,1.4311484,3.0015426,-6.364999,3.383742,3.3297696,3.1101415,1324.1176392053414,470.45515184731346,1556.0383294699438,288.86792825467626,0.00024867567,0.00023116714,2869.086982036688,0.009742029,0.0009870004,0.057230867531902554,0.01860948094231977
-375.8696,19.357374,180.15541,17.058777,-44.488995,6.178429,61.234646,5.3193192,-26.719524,11.471218,35.6988,11.9754095,-14.5312,8.610811,14.071654,5.4960785,-5.5555563,5.617496,2.7340794,3.1360567,3.493108,3.135134,-3.3910909,3.2566516,5.12701,3.4295263,1271.6824150150796,489.04992673549833,1515.2449983073832,303.3807314503113,0.00027332746,0.0008463841,2726.5981298035094,0.009728219,0.00090597844,0.053979435542343385,0.020987762327855715
-422.24252,30.462492,178.96169,21.610842,-17.116547,5.5545316,48.993603,8.616393,-15.94025,15.654962,36.490025,14.01456,-6.8459234,9.930268,14.904116,5.5372663,-4.1959305,6.681626,9.2438345,4.1826797,5.986379,3.931506,-3.2932787,3.9776037,2.038441,4.816475,1056.7086057801546,608.5134412654182,1434.782638926039,394.64441612469443,0.0001612408,0.00041307963,2153.120468387471,0.009413476,0.002246003,0.03848698520881671,0.022545392345774132
-373.07068,18.067728,165.31253,12.859219,-40.389954,4.5385623,61.566933,5.6229315,-31.47615,9.777701,49.199635,9.453992,-15.271803,7.3981147,23.355473,3.7385645,-12.057131,4.711963,5.3136754,3.4211645,1.8413298,3.2321892,-0.2582929,3.2733417,8.698159,3.3568194,1457.022537178817,454.3409495449418,1759.0128846179255,228.7786494147965,0.00032279745,0.000419514,3251.9883016422564,0.009338914,0.0011153045,0.05814398745649652,0.019725053183455
-378.26077,19.343264,175.41255,15.9941,-47.744373,5.2321606,55.829647,5.8387504,-33.88266,10.559064,47.975067,10.172014,-10.957913,9.014321,18.973177,4.601002,-12.98681,4.951758,1.7043025,3.6863883,1.0074744,3.5577884,3.4264548,3.2938213,10.465363,3.1639392,1389.7959534732902,505.1136004263257,1603.92606320035,280.2056278547843,0.00034731426,0.0013857454,2883.325875054379,0.009040666,0.00084833975,0.06369521280452436,0.020052214736568912
-376.2665,22.232933,189.8457,19.514257,-40.189243,7.2818356,49.841076,6.791781,-23.761425,12.620639,26.614202,13.469624,-13.191527,9.446617,8.051471,6.108693,-5.0572352,5.8211575,0.16665837,3.836229,3.4227977,2.9308324,-3.9823947,2.9648435,3.5799587,3.4278252,1171.256870707203,487.07733805700605,1369.3121505720749,343.68598922472756,0.00020305211,0.00035367024,2359.7842612565255,0.0098225055,0.0010796294,0.056079837949535964,0.019130892513685084
-391.25342,21.995699,177.4707,16.611082,-36.74164,4.9149394,52.998394,6.4608135,-28.53388,11.74283,45.1757,11.192098,-7.058118,9.453083,17.570545,4.889697,-9.682676,5.426909,2.4537368,3.5251389,2.435864,3.6359565,3.3185563,3.2368295,10.176527,3.6223195,1244.9215243994086,516.0683941092454,1541.965356847598,298.7604795105331,0.00021420872,0.0002436113,2561.3770097701567,0.0092424685,0.0013727089,0.05347189493909513,0.021173326161245242
-436.51917,33.187805,191.87286,23.387829,-7.5464616,5.794348,49.964863,9.942143,-18.066332,15.863945,35.00887,15.482415,-10.033971,9.391098,13.906242,5.054669,-4.687406,7.349778,4.691977,3.586039,3.18051,3.640211,-3.4275231,3.7376022,5.213396,4.084848,910.2428126984222,615.0478789953331,1305.1804739569222,428.5595531966994,0.00011722851,0.00025665402,1739.2433113399072,0.009743601,0.0010751416,0.03376731075986079,0.020778497191630114
-377.62833,20.014477,179.59976,16.933252,-42.48881,5.5076222,60.12821,5.0202026,-25.029175,11.494248,36.35041,12.383571,-13.307184,8.553427,13.786602,5.4365253,-6.382051,5.815986,2.2705443,3.2971609,3.35071,3.2162025,-3.4281042,3.0033996,5.3556986,3.0368032,1259.9771087015,492.84971431169635,1510.5817882844065,300.50033852958745,0.00023408016,0.00043503786,2690.5262674920245,0.009786742,0.0009518371,0.05202064602668213,0.019809311818306106
-408.071,24.868528,174.54926,17.885899,-26.251207,4.9877744,60.34543,6.114319,-21.003824,13.407411,39.275738,13.023983,-10.605569,8.361129,19.932474,4.335823,-3.485792,6.4179068,9.633329,3.183664,4.6262136,3.398146,-3.8569577,3.5940874,4.487539,4.066778,1142.6220506780649,560.8642779062925,1537.25602103975,329.41110371856524,0.00020203291,0.0007972995,2448.440105677204,0.009734909,0.001062221,0.04047523020591647,0.021845479719705727
-368.99994,18.027231,154.2707,11.612663,-23.257566,5.422736,42.987972,6.2620964,-34.136974,10.361972,39.612766,8.333956,-26.689901,6.0492153,16.313751,4.070914,-13.431122,4.7097235,3.6754284,3.900097,-0.7834584,3.831335,0.6307623,4.1565876,4.7615376,4.154304,1607.8765069961848,429.8438897493039,1885.456407781529,177.5905464875605,0.00034897454,0.00053948443,3502.36799412703,0.009063281,0.0014840307,0.07720281685034802,0.019561965111582525
-381.7437,19.21454,159.84984,12.716304,-29.595337,3.8077304,43.047943,5.861838,-41.698067,10.318367,37.96056,8.832599,-24.56327,5.2522326,23.753267,3.3991716,-6.59357,4.9500866,7.686399,3.4236164,-5.1736627,3.436324,-7.786572,3.1329646,5.3909016,3.335216,1565.025069985965,459.55738277483164,1805.186142773635,203.49475656308255,0.00035073972,0.00081574224,3268.3755188696346,0.008656815,0.0012546747,0.078138594837587,0.01817049676628364
-385.8406,40.261505,157.87729,19.610975,-31.475498,17.599485,57.958607,8.549875,-25.898151,11.595948,38.761486,11.865481,-13.875288,9.812576,24.440542,4.9280677,-3.532184,6.5428123,9.403795,3.5962298,5.4975276,3.5751805,-2.5656602,4.1708045,6.1632886,4.805651,1447.9428123647454,593.046891934754,1724.0664602930058,330.8029107889718,0.0002943412,0.00028621012,3140.425325822941,0.009501875,0.0014566233,0.05515085738109049,0.02735787605083964
-383.18063,21.829128,189.00635,18.98512,-45.574516,6.6583595,60.234474,5.6120157,-27.966135,12.3119955,34.636017,12.916451,-17.327614,9.539357,11.897653,6.422396,-8.316612,6.264442,3.2809248,3.3031197,3.8615065,2.9873285,-3.473422,3.22807,5.583596,3.2711396,1219.1238383301118,530.803727765964,1445.925430173052,341.5261525082918,0.00021267141,0.00028160278,2535.347314113254,0.009559753,0.0009017262,0.05526301479118329,0.020467598757776404
-359.77338,27.981949,176.73427,16.706036,-54.967247,11.674176,60.111042,6.587436,-33.678623,11.776586,34.417145,11.699007,-29.4018,8.795339,12.795092,6.2040854,-10.225182,5.5178366,7.208524,3.441482,2.5804477,3.4013875,-5.760744,3.6124432,6.452469,4.120771,1483.6877019232893,484.7122727876379,1586.5429929565798,280.22436603736014,0.00036198067,0.00040327,3021.4181568119197,0.009112111,0.0016810546,0.08022993401972157,0.026522612048209195
-388.09122,20.007195,166.06104,14.0772295,-34.715294,3.6151383,45.718533,7.0874877,-42.492558,10.560076,42.414886,8.649437,-27.85771,5.8492293,24.29802,3.606356,-14.168565,4.992051,2.4312453,3.953511,1.6922882,3.8254776,8.135178,3.200999,15.866374,3.519245,1563.0580756687807,488.0831616071496,1793.3636996653229,213.50615682324607,0.00033537735,0.00035523606,3156.5127768815255,0.008053392,0.0010740011,0.08056300754060325,0.021011158316870445
-411.3452,26.295795,172.85147,18.175991,-31.648003,4.934971,49.121857,7.8557506,-18.46666,13.834476,44.635258,12.333505,-8.301177,9.90063,15.947825,4.636675,-3.7567215,6.2632246,8.612273,3.6733444,0.11697915,3.6711357,-8.347232,3.4634726,2.462841,3.8143702,1210.8777891034283,559.7115122161501,1507.3056014717818,331.8431545373717,0.00017090837,0.00024619125,2367.87794781395,0.009178802,0.001503937,0.051106393198955914,0.021685016192811945
-393.28802,22.807138,172.90912,17.887081,-32.515797,4.9725385,49.914806,6.8656907,-25.410065,11.5962105,41.76329,11.507982,-4.603561,9.978734,16.853336,4.80901,-8.243779,6.0365763,0.776402,3.5261924,1.811403,3.8283625,2.7577178,3.8105838,8.607184,4.195637,1251.4364648853852,544.8679711420893,1545.1718967586328,317.2523177384503,0.00022085874,0.00032812348,2586.057757667488,0.009263405,0.001530654,0.050251051334106726,0.022845635578830528
-341.51575,18.006018,161.75595,13.151086,-51.91766,7.4157043,59.948784,4.8879023,-36.830658,9.12326,36.055157,9.23494,-25.536385,7.1296163,13.878703,4.494303,-10.62268,5.0330963,6.229272,3.0943794,1.0393001,3.3206353,-6.6254272,3.8240836,7.7741604,3.446635,1663.2002879435463,431.033414770554,1738.6278075057573,220.43530098051048,0.0005364732,0.000826609,3546.358679397477,0.009144649,0.0019124284,0.08683475928074245,0.02334463784460049
-370.84985,17.956793,155.52625,11.822517,-28.379036,4.721141,46.41795,5.9473405,-41.65529,9.254438,37.37422,8.271684,-25.238834,5.3018546,20.76629,3.4806004,-5.5970664,5.2226624,9.439753,3.577589,1.0926907,3.468983,-4.8618,3.3236208,3.730236,3.397683,1591.9483219567892,433.60353984245046,1845.0907791351158,191.26172692976812,0.00030602663,0.00047521503,3523.7762946816997,0.009863347,0.0013791958,0.07298275268271462,0.017285338139939925
-421.6778,28.695116,176.69003,19.331781,-19.302715,5.3134656,59.918304,7.585834,-20.892233,14.193066,38.35482,13.115998,-11.76372,9.436966,19.870724,5.083746,-3.3425705,7.534877,9.743135,3.339708,5.9031124,3.1684697,-3.722093,3.4233477,1.6262141,4.507174,1088.227594281549,605.95794779653,1508.2869924171237,375.01352300253797,0.0001564847,0.0004304553,2285.891900648927,0.009690425,0.001026039,0.03730763304814385,0.0228324610358177
-381.83075,19.313946,164.52182,13.43056,-29.876966,4.1836348,46.231594,7.2017393,-41.327602,10.040462,41.00549,8.919724,-25.19543,5.767459,24.038954,3.6996653,-8.250871,5.365096,5.7655196,3.6487083,-5.9121323,3.933929,-7.026177,3.3879502,6.517057,3.4898088,1506.0317591914131,467.4575001722732,1783.958965608255,221.07903199763822,0.00032250406,0.0006755819,3107.5259887978536,0.008971591,0.0010295933,0.07241856692285382,0.02034840736234752
-369.722,30.045467,187.02515,20.253153,-54.486202,14.718516,52.75569,8.392817,-34.017403,13.408617,28.378725,13.597705,-23.155481,10.290743,13.876025,7.0070662,-4.149009,7.1389594,8.719791,4.586301,-1.3079246,3.9485435,-6.4136024,4.403186,5.938707,3.9475777,1369.1711226389216,531.9639895154428,1457.3721971052446,333.2191436444741,0.00032380663,0.00069002266,2721.6769685324825,0.0089670075,0.0011623518,0.07595209179234338,0.029180262399966794
-381.5123,19.830084,158.93013,12.875783,-35.60021,3.4335003,49.66098,6.291981,-44.00062,9.952464,43.280483,8.523565,-27.97374,5.9705834,25.665705,3.871337,-7.886396,5.8033137,8.055956,3.08681,-4.105466,3.417744,-5.4225802,3.39504,11.14995,3.3643157,1657.8250293580525,485.4745432224376,1872.6460248221138,205.38669375974013,0.00036875595,0.0004956338,3605.362653621665,0.00854503,0.001254918,0.07993764501160093,0.020610706886358496
-377.21774,19.425117,169.35474,15.328606,-39.303246,4.5287933,56.9164,5.8361034,-30.480942,10.596464,48.175953,9.337113,-11.931069,8.768012,22.44683,4.645466,-12.608586,5.296629,2.538513,3.4048562,0.6574084,3.4218009,0.59397703,3.3940942,9.440037,3.6771946,1396.0650492654643,525.5800126539093,1679.6009506120415,272.2589800722231,0.0002969365,0.0005339583,2988.0441900195765,0.009322945,0.00094579416,0.061365963964617166,0.02441567311444477
-367.95795,24.009796,151.94725,14.679467,-73.09724,8.515475,58.181118,6.0297713,-38.208015,11.370326,41.610725,9.495035,-25.930317,9.044461,16.770441,7.3296247,-12.036133,6.4755173,9.0090475,5.048278,4.3792977,4.2430744,3.0199928,4.1797504,10.219516,4.4516845,1910.1579914050228,447.0473924465079,1663.546067873257,225.81236895052214,0.0005509753,0.001179123,3663.7421149941997,0.007998062,0.0014543731,0.12981597121519722,0.020206114727141213
-378.45712,18.040287,159.94666,11.685613,-29.48447,3.6525831,46.596725,5.7473936,-47.31067,9.697876,39.57179,8.538771,-24.541979,5.5889587,24.87015,3.5558906,-5.970519,4.6561713,13.415998,3.245698,-2.6925921,3.6538267,-7.7681336,3.0971067,3.1688461,3.2080684,1603.8850852404223,431.7991671121687,1865.3394794589353,184.319979716594,0.00033644546,0.00046477665,3566.917642473898,0.008794363,0.0010940349,0.07547287376740139,0.018047791495032293
-378.13385,18.634714,166.34328,13.159872,-38.05136,3.747024,45.236923,6.6390696,-46.029457,9.451194,40.168255,8.719365,-30.031372,5.3337607,25.061022,3.222993,-11.4806385,5.358302,4.5862217,3.6403306,2.0090725,3.4025156,7.911278,3.3373792,15.305143,3.4166584,1592.5708976499739,449.0304863521418,1798.1804446802516,203.9277470139992,0.00036347558,0.0004883373,3255.735378752175,0.008468017,0.001097683,0.08196214290893271,0.018626166686371105
-356.2953,21.39728,159.13348,20.900341,-45.682945,9.367902,67.17762,5.3139043,-35.776466,11.34648,43.409386,11.412261,-20.158926,8.359408,23.236422,6.3678355,-10.1645155,6.7205596,7.054335,3.3271735,0.14350796,4.541303,-2.394023,3.534836,5.878711,3.8628333,1710.547209036272,551.7274293192105,1850.3194906377032,342.4965251500187,0.00052632083,0.00086110097,3825.2161579176336,0.009434939,0.0018124043,0.08168344873839907,0.031163659049484788
-396.0504,23.398693,179.86273,18.802929,-31.00887,5.491337,49.94336,7.2259626,-26.487377,12.826388,41.98358,11.398625,-6.4868107,10.6987705,17.229412,4.8238053,-8.321507,5.947227,0.588667,3.8172562,0.21096909,3.5501914,-0.31699398,3.4370353,7.1240716,3.6653633,1191.018065051952,556.8300760061128,1495.2477826528811,343.8381834698356,0.00021428385,0.00050068356,2394.582117350638,0.00936931,0.0010642444,0.05070421258700696,0.02148977198067416
-374.5953,17.71861,155.02759,11.893923,-26.022543,5.112782,47.989094,6.6418023,-45.434273,8.7638645,38.67598,8.404853,-28.448198,5.197049,19.658476,3.7768507,-11.339956,4.9877853,10.988726,3.436633,5.048556,3.6134055,1.7989439,3.1949224,5.998821,3.561766,1664.8859169728996,441.9733232514707,1928.520972741286,176.28395848227652,0.00039339953,0.000928767,3821.2942172092517,0.00907248,0.0013814258,0.075697188587587,0.01922304292828781
-374.0681,19.119267,180.90314,15.52194,-45.980415,5.603841,64.96467,4.986468,-29.22993,10.950584,39.89048,11.023127,-15.6406555,8.261533,15.117677,5.2860703,-8.289338,5.445058,2.8316987,3.131491,1.963941,3.2694864,-4.908074,3.1023183,5.152412,3.139922,1289.9122385241867,467.10750690176303,1541.9499188578322,287.4852338312432,0.00023464968,0.0002754105,2793.8956346976506,0.009830968,0.00084369956,0.05494466901102088,0.018003381049492014
-370.826,18.154346,180.30519,15.60665,-48.201195,5.369194,64.01709,4.857194,-30.441769,10.357024,39.752964,11.146653,-16.266079,8.246872,15.762187,5.030084,-8.098697,4.9807453,3.9751966,3.2464488,3.0507154,3.2014174,-4.0393505,3.2123516,5.199858,3.1380458,1325.374896734121,462.796004064714,1553.7031839984409,278.06727375281895,0.00026714656,0.0003346562,2865.1900218423725,0.0095749255,0.0009208095,0.05877161579176334,0.018373248570886448
-353.2619,25.865334,122.78372,23.062435,-62.11746,14.7175665,54.89811,5.5918136,-26.656477,11.513595,25.200268,9.958563,-16.080225,9.644708,13.790871,5.9963493,-4.33241,6.5020256,2.6087904,3.0860553,-1.6170931,3.5369658,-5.916072,4.1279902,7.5937467,4.5201535,2150.620015959784,485.35610887757,1755.9220676277725,195.5019223587359,0.0012382987,0.0016989519,4047.567713620215,0.0069354726,0.0054242327,0.1468604988399072,0.04592166975261986
-374.8709,18.060305,144.45114,10.752796,-23.405064,4.547856,60.238422,5.6716914,-38.86284,8.600087,39.716793,8.899144,-21.776678,5.879327,24.748058,4.1878138,-17.095055,4.3909416,1.0659332,4.3156514,2.9751525,3.9523745,-0.7221236,3.767062,6.4743414,3.6746588,1757.3128315623728,441.1706691175398,2024.0195493885583,155.09196129294497,0.0004274625,0.0006924782,4200.798186901827,0.00882977,0.0015920148,0.07200165857018562,0.018865232698738955
-378.0654,18.284605,166.7967,13.579541,-39.949562,4.1837635,60.320248,5.541894,-29.686932,10.277918,49.31423,9.471864,-13.001684,7.275597,22.0384,3.626325,-13.475114,4.377786,1.9401095,3.2671478,0.7160479,3.180395,0.96652836,3.2170873,9.834723,3.2041802,1413.8180197337604,457.7323464756338,1709.504710981319,233.31664561087894,0.00030403686,0.00046173568,3082.270689077001,0.009250539,0.0009845134,0.059496673796403714,0.019955824243024917
-389.65054,20.898817,168.44159,14.786468,-36.005127,3.6636157,47.217163,7.694474,-43.836308,10.525475,44.67258,9.402616,-28.925936,5.745361,23.35427,3.2560863,-14.303194,5.0980525,2.1269913,3.4607165,2.7178853,3.308943,8.681862,3.0055065,16.136047,3.1944747,1542.5743547213049,495.2620346036135,1772.6822416356788,224.86500281046202,0.00031113587,0.00029791502,3082.445552675464,0.008242906,0.0010117455,0.07701702073665893,0.018684173406516173
-388.89722,20.950161,168.77962,14.957135,-35.3533,5.07333,59.60981,6.334486,-27.454548,11.28294,47.163795,10.215135,-11.499562,7.9681373,22.652435,3.890083,-9.302163,5.373623,4.851019,3.4656475,2.3631089,3.1391222,0.5038084,3.7126806,8.423922,3.7465947,1324.0263472592583,495.712989486637,1670.101185488593,267.0793984044749,0.00025276918,0.0004331227,2886.22361468605,0.009382608,0.0011268301,0.04891875725058004,0.019647017451626673
-419.88553,32.765163,170.49434,20.894148,-16.622599,8.254309,40.33793,9.989941,-13.186449,16.759644,35.73646,13.559436,-2.11296,10.540485,12.312713,7.7396655,-0.18896522,7.588449,8.546834,5.872787,3.5251997,7.149442,-3.8478386,5.217667,5.53621,6.4690094,1114.4254527304504,611.6766747240919,1437.415147793108,375.816816239982,0.00017841655,0.0003488772,2205.2298207294084,0.008972986,0.0025803815,0.0479478592662413,0.026781245856902745
-376.2558,19.47382,180.28084,15.584371,-45.528454,5.5302258,65.15243,5.019129,-28.781921,10.649214,39.631344,11.22578,-15.971747,8.521923,16.283054,4.757254,-6.73187,5.3804126,4.1812525,3.5100665,3.0259192,2.816112,-4.5309663,3.2835298,4.96637,3.3522906,1288.2673237644133,466.49958862221297,1548.3891128333828,283.94905639651915,0.00025446463,0.00040719562,2801.76449662848,0.009640819,0.0009388903,0.05499791545823666,0.018667986819795913
-366.96854,17.590578,179.32062,15.7826,-45.454567,5.4254184,62.205013,4.6001754,-30.062365,10.476678,36.57271,11.387424,-17.693052,7.8624797,12.053805,5.20751,-9.55453,5.04765,2.1817293,3.0896988,3.1037915,2.8886046,-3.1225648,3.0676477,6.0556765,3.0127318,1323.0437895092502,462.4641363211377,1544.9623636398546,275.0988184056425,0.0002770214,0.00048776728,2834.813716737964,0.009795438,0.0008365998,0.05923723897911833,0.019091019508507577
-422.51617,28.757189,179.9911,19.621738,-13.43116,5.6561337,59.805885,8.034206,-22.476221,13.912145,39.56704,13.107731,-16.003822,8.178846,12.2170315,4.53632,-9.816804,6.0736914,4.2894955,3.0519893,1.2114527,3.252999,-6.5949945,4.390683,6.979869,3.854248,1066.6501585976973,582.0740284839293,1489.1376632770482,364.7741120163153,0.00014411482,0.00023481112,2145.926080336427,0.009518631,0.00096148934,0.03908175935324826,0.022931631879161248
-379.9904,19.133608,148.05333,11.683824,-25.281643,7.974658,54.573803,6.5829077,-36.407135,9.455711,37.13035,9.558211,-21.845848,5.9026318,19.88034,4.108374,-15.182763,5.7197666,8.933279,4.555102,6.7250376,5.580062,-3.1344678,4.9560204,6.9248843,4.4891553,1661.5898258938714,443.73355372258334,1922.3543229972522,176.1766979157232,0.00039046785,0.00082669285,3754.4963225964325,0.008936486,0.0023425086,0.0704178599912993,0.02176180489412094
-387.83002,12.072807,169.36667,6.8776193,-38.475395,3.6759331,44.453323,5.2864127,-41.04045,6.338974,40.902725,5.039915,-29.446386,4.160542,23.67704,3.3108826,-12.781139,3.0895321,4.4858546,3.4257078,3.3706338,3.187495,10.220182,3.5374906,16.703934,3.4100006,1474.4379948717212,204.30731831821504,1745.622058358615,124.28038033674567,0.00032571284,0.000853351,2959.816209124855,0.008164681,0.00090620253,0.07693658461426914,0.008433826280712431
-434.75262,23.679337,179.73184,14.04654,-12.355271,8.063856,41.84016,7.9476695,-10.350875,11.933885,33.53911,8.519507,-4.1833825,8.684616,15.313544,6.358911,-2.1646636,5.8378124,10.6648035,6.2022977,3.4615555,7.629839,-2.4845886,4.596827,5.5607824,7.529542,923.2900492254661,370.20075437089724,1353.1734585911786,272.63168722758826,0.0001158374,0.00037147946,1791.1278390552495,0.009256018,0.0022353965,0.035318255147911835,0.01891151299705129
-337.46835,27.53864,154.2611,7.746393,-69.544304,11.041896,71.81138,4.660303,-48.87836,6.2012587,41.12546,4.907288,-33.14595,5.5691314,24.625177,4.4212594,-13.23925,4.3092093,7.708764,3.401897,-2.3363185,3.3599062,-6.4532394,3.2113402,6.759234,3.5990176,1995.4861783695665,168.73553422638565,1882.8563957424797,112.02512236908588,0.00096127193,0.0018828148,4183.88637887906,0.008100618,0.0018875869,0.12211109701276102,0.016033091767498772
-379.03375,10.29487,167.25688,6.0113397,-41.6461,4.243325,46.643997,4.9440584,-43.447628,5.7343173,46.546993,4.4650016,-22.660666,4.540333,29.620146,3.4198515,-11.070263,3.2300012,4.446665,3.124718,-0.32274494,3.2223458,5.199035,3.1614952,15.631451,3.2119913,1525.8135194016706,206.6569668735592,1798.4315217258777,107.29327442123225,0.0003325226,0.00046077016,3241.8961739595416,0.008481821,0.00096460443,0.07743846070185614,0.007820777997130284
-422.23404,16.855995,184.08244,9.785433,-20.253313,3.8355794,57.376713,4.692652,-16.575241,8.223896,36.562717,6.8974705,-8.177502,6.542846,21.76634,3.5615733,-5.0991516,3.6681733,5.8583164,3.1189575,-2.4693599,2.7096596,-7.4242415,3.1393394,1.3787723,3.5367901,926.2232059073636,265.50899020914346,1401.0975477077272,215.7770816910009,0.0001050506,0.00019132454,1856.3269807678364,0.009618352,0.000995814,0.03263214182134571,0.007730809614763734
-378.75226,10.84471,189.48845,9.763922,-48.18032,4.7158837,62.53113,4.56571,-29.533508,6.439814,35.15969,6.59443,-15.450642,6.4119563,15.162064,4.27156,-8.023924,4.2868724,4.2960277,3.1612644,2.3691397,2.9630783,-4.442252,3.0057569,5.0962033,3.1065805,1169.7056671194678,252.08941479376674,1445.6608124340878,182.6713704376027,0.00022078173,0.00056937564,2464.877283932715,0.009594594,0.000767154,0.05066456097737819,0.008090783161492589
-346.85065,10.980172,148.28549,5.9431753,-53.165733,5.042065,70.88185,4.261677,-33.383904,5.3183894,49.065685,4.724693,-25.36921,4.3710866,27.134745,3.3784325,-10.390256,3.2963262,10.5667715,3.162758,2.5220466,3.0048006,-2.6012313,3.160008,7.553265,3.385058,1849.07012578353,185.54698033685747,1969.8574097769313,91.51055529602282,0.0006176933,0.0011062354,4172.345381380511,0.009058535,0.0010174457,0.08737741988109049,0.0143635916991945
-381.4578,12.477485,171.0828,7.451878,-39.291946,3.960667,43.89704,5.398654,-40.310932,6.4393635,45.273163,5.6748304,-25.36282,4.9846067,26.506859,3.4016573,-13.1263685,3.5157,5.4621744,3.6234624,-0.61216307,3.2217512,6.621896,3.3332438,16.481365,3.2090812,1468.1087477789822,241.28652433629475,1757.5060565728893,133.49497074790037,0.00030170273,0.0005550012,2936.3595064167635,0.008596891,0.0010075247,0.07471042995939675,0.007937220571044627
-388.11456,19.585615,178.8756,11.501138,-36.356617,4.128584,56.06759,5.45379,-27.33203,9.301753,45.96621,8.144953,-8.939497,8.898297,18.611403,3.5932758,-11.578601,3.7576385,2.0371592,3.1609778,0.33424044,3.2519007,1.5980654,2.9292605,9.2796755,3.6085985,1192.9466639832706,362.46155190934354,1550.4879250216559,237.53448408554777,0.00018601268,0.00016250358,2491.0069016458815,0.00965848,0.0011791118,0.04819936376160093,0.012739122196151559
-382.7967,12.832624,161.34291,6.7303643,-28.0672,3.4789057,45.550556,4.789565,-41.386,5.6042395,39.43206,4.972431,-23.690804,4.985212,25.192394,3.2762537,-4.732302,3.4651902,10.849036,3.0264745,-2.2740672,2.9833226,-6.4258513,3.2408268,4.2497206,3.403319,1506.653777240273,250.84383054799736,1827.7881500693795,125.19737913868667,0.00028046788,0.00021753326,3327.604317720418,0.008718849,0.0012644456,0.07169804053074245,0.008057700715382275
-371.7977,21.759872,183.6142,13.612533,-42.64151,6.1368003,62.325924,4.872896,-29.637281,9.706378,35.428947,9.740266,-19.038301,9.062576,15.636467,4.979876,-8.100268,4.0736585,5.2450023,3.4020905,2.181093,3.2275503,-3.593073,3.2146838,6.6195154,3.2677357,1234.885582102611,398.5541042885896,1517.1676904247486,260.06017344196414,0.00027374463,0.00086849456,2616.7338289406903,0.010103569,0.0011186156,0.051828052494199535,0.013204432793265705
-389.30536,11.848966,165.3779,6.37445,-29.418087,3.9550424,42.082104,5.013539,-38.782074,6.0146666,36.809673,4.9474564,-23.57061,4.893394,21.809114,3.1104639,-6.265002,4.1643744,8.930051,3.7063146,-2.2333791,3.3861144,-6.6419277,3.0274327,3.914242,2.9845078,1406.1590533965577,234.25937712618742,1724.133969856594,130.25743677890273,0.00021967331,0.0002314915,2857.8707312209976,0.008949456,0.0009810084,0.06606637906032482,0.007211579759914724
-335.32156,19.543684,154.37883,8.054895,-86.320694,9.371473,55.66194,5.9606876,-47.971794,7.442509,36.47446,7.581749,-34.152115,6.9305983,16.49864,4.3435783,-15.495226,4.277017,6.739348,3.7284205,0.8914627,4.097941,-3.554466,3.1673064,7.7576065,3.6231554,1987.8214788873288,248.7178586781594,1708.705160294376,154.02516784094948,0.00094629853,0.0027154614,3810.377732562355,0.007929439,0.0016066458,0.13038355568445475,0.01193953856578971
-389.76233,13.324994,156.06735,6.656253,-27.501114,3.9269958,44.221386,4.8634915,-34.569588,6.707005,34.56611,5.8860817,-19.279646,4.966834,24.602034,3.1047678,-4.994023,4.0123224,6.5892806,3.873696,-4.026339,3.4705245,-8.066145,2.9207666,6.472107,2.971283,1486.0095503769307,239.20493809653817,1782.0537573358529,132.46128666238286,0.00027873032,0.00045647778,3176.6220907047564,0.008415047,0.0017110386,0.07390040421983758,0.008392730070258437
-383.72488,18.165018,165.02795,10.147952,-31.673428,4.027842,44.04447,6.24224,-37.84728,8.427317,43.02974,8.126327,-25.07388,6.978733,27.579847,3.5538743,-8.879469,3.527563,4.842468,3.8900518,-4.763531,3.4431167,-2.51766,3.7173207,14.701371,3.2770483,1495.4131572695326,384.08058861789976,1802.5965617581744,180.61832178562227,0.0003076661,0.00060225255,3073.3776260694603,0.008698991,0.0013632642,0.06957837877030162,0.01176322045427602
-331.74512,20.516983,131.34343,7.33482,-75.757195,8.64342,69.61852,6.969111,-63.139133,5.5260696,47.246254,4.899183,-35.610138,4.900788,30.023664,3.31154,-17.432926,4.0496755,13.332138,3.3928409,0.68832695,3.0401433,-3.6455047,3.52027,11.1772995,3.0168557,2581.072251404053,217.93997610328915,2089.289467584453,61.01703728889851,0.0018088846,0.0030705852,5171.141275286398,0.0069866204,0.0016639448,0.18682705553944315,0.03242403832057327
-386.89313,24.805407,175.4291,13.01675,-33.610485,7.125658,50.97502,5.7143693,-25.995808,10.319554,43.705395,9.447668,-7.6697135,11.430346,18.897839,5.205671,-10.651514,3.9556532,1.4179738,3.2314775,1.3518956,3.4551024,2.0647936,3.7573757,10.593454,3.9056494,1227.65877771574,444.0576243086292,1552.6044761634776,274.743421596008,0.00020426414,0.00033389858,2499.5002764283645,0.009651749,0.0014064907,0.052546313080046404,0.014531395406879354
-347.68042,7.368644,149.01443,4.5623293,-46.54907,3.012192,75.15043,3.331735,-38.906254,4.640909,48.325764,3.960119,-27.354774,4.3044925,26.963573,3.1367786,-15.5071535,3.1135418,10.31835,3.426113,-1.4865366,3.2906914,-4.104993,2.978831,7.806016,3.102635,1883.0595409280122,172.07976000833023,2048.6549892886424,68.57017762787305,0.00061400793,0.00087164686,4364.770281231874,0.008959096,0.0008296486,0.08746805213167054,0.011929700111414053
-374.2236,18.47076,162.63254,10.430059,-42.826675,5.8211336,50.92333,6.799868,-43.11085,8.221727,46.91049,7.9614244,-26.035675,7.194474,29.17227,3.5225518,-13.357471,3.8539617,3.5500968,3.562208,-0.6761143,3.2298727,3.3880572,3.9635944,15.380767,3.4419787,1662.248878522085,391.03616081867943,1871.9133616739662,172.53592744974137,0.00044417658,0.00086373504,3590.449286724188,0.008205239,0.0012218121,0.08291718024941995,0.01488703145347252
-382.4192,63.961636,168.89302,14.238165,-50.573746,14.991124,60.840397,11.277514,-35.87716,17.627895,33.115314,7.91563,-23.974922,12.247115,19.080137,7.417263,-8.61639,5.091026,7.8116527,4.224396,0.96772736,4.211446,-1.7941676,3.8176093,8.326689,3.3423972,1535.2869848849089,494.31248013044797,1663.6642138624552,257.389380755536,0.00060993934,0.002615833,3203.925792579031,0.0075189956,0.00328141,0.08181259969547564,0.041373053421575885
-389.2311,19.951494,168.79698,11.189972,-37.2311,4.644148,45.388412,6.3635087,-40.730824,9.477338,40.894707,9.110487,-27.244957,7.3932447,26.28203,3.6642072,-10.048744,3.877984,4.266124,3.347972,-0.54179865,3.39981,4.289796,3.9752169,17.039377,3.5583148,1496.535006539923,420.725051948296,1748.789226834149,212.69728090181553,0.0003129666,0.00069827546,3001.059037848028,0.008304654,0.0012873348,0.07274597592807425,0.010846599419963066
-364.76776,10.301965,140.97401,4.9188485,-33.14534,3.8900898,61.658363,4.043177,-38.65603,5.7502375,31.4745,4.7828474,-27.174734,4.7083387,29.607834,3.2685218,-3.296441,4.181843,4.3214045,3.530532,3.7529206,3.4272406,-5.728832,3.4094014,-4.605232,3.8594751,1827.4519716897782,207.16541645691694,1985.1623717278937,89.88581576642017,0.00044322954,0.00069485814,4332.270632431844,0.008963704,0.001374893,0.08384502791473318,0.00903198281134265
-338.89645,28.886442,123.45356,10.130902,-81.91504,13.946212,73.03068,8.366712,-55.05715,9.054179,46.690506,8.143818,-35.850166,8.696545,26.531477,5.303187,-15.407854,5.154457,8.457174,3.9615948,-3.3709025,3.7517793,-4.192298,3.5091245,10.753081,3.8988912,2676.795473089829,347.7388778061507,2003.9880976405805,170.03473357574723,0.0018072864,0.0015998415,5044.365166400812,0.00661326,0.001565511,0.2073609248114849,0.038269869888664994
-393.7455,13.112913,176.72946,8.58081,-38.94115,4.177932,54.49028,4.573211,-24.614368,6.933563,44.66496,5.7995577,-5.8917637,7.2985554,20.156025,3.887945,-8.420515,3.6845758,4.756113,3.0693107,2.6109474,3.3140564,2.7406287,3.19958,9.580908,3.470833,1164.763053678543,273.3193768367018,1532.498266902589,175.17503727445995,0.0001829678,0.00029668893,2452.9116176950406,0.009408652,0.0010621925,0.044591067285382834,0.009081221483377233
-376.4193,19.346819,177.80513,13.049049,-41.11888,4.9125924,60.22265,3.8051767,-24.688255,10.4896755,38.018734,10.460121,-16.865484,9.960111,15.788952,5.7831044,-9.524849,4.4394755,5.401705,3.1463356,2.9027545,3.269405,-3.1523306,3.4502556,5.810533,3.8365545,1267.0400883024636,441.8243541705986,1561.26210519281,277.53365306357284,0.00021904733,0.00022197711,2725.0493379314094,0.009824142,0.0010315106,0.04980808620939675,0.012138866269739456
-397.1333,14.380569,181.33571,10.080674,-35.942028,4.385899,53.04235,5.1854,-25.259296,7.6193523,43.02633,6.8883743,-5.621587,7.792111,20.995344,4.013334,-7.42704,3.88515,4.8662167,2.9035432,1.0702871,3.33649,0.29620114,3.3605642,6.662013,4.1162767,1112.7933226402902,297.633768160393,1488.8911832755198,206.6292453545762,0.00016939419,0.0002444278,2287.490653549159,0.009314455,0.0010796799,0.04230940037703016,0.010481338999029317
-378.89996,17.715876,162.55354,8.994263,-38.30117,3.426766,47.240807,5.313622,-43.040028,7.6375732,45.250217,8.091307,-26.682615,7.295943,27.874485,3.5371804,-8.760707,3.6075027,5.3936205,3.342111,-3.860828,3.2167268,0.20047612,3.3872883,16.246904,3.509539,1610.715126708904,382.45729562632766,1854.636979688127,180.8267065272763,0.0003296428,0.00021803474,3496.1728266386312,0.008510896,0.0012727712,0.07756987746519721,0.011124210129485055
-355.42654,32.4215,144.68242,8.571675,-58.1074,22.732737,68.04465,6.6214986,-41.451767,5.926704,43.987286,5.087896,-25.236977,5.7306347,24.003593,3.7417984,-13.526845,3.645546,8.759191,3.5377326,0.37175885,3.7747092,-1.8354039,4.0505104,9.394443,3.4415908,2004.7783217434899,240.2311816471425,1953.6855239879196,195.73277881062592,0.0008463496,0.0006468588,4350.781193354844,0.007426208,0.0028035946,0.11388961898201856,0.026799062313764204
-376.41037,19.316874,192.05592,15.673743,-48.647614,6.402413,53.906975,4.5986366,-26.9046,10.820791,35.063942,12.1220665,-14.73807,11.405164,16.544678,6.0717387,-9.350449,5.093533,2.99325,3.155544,0.11288038,3.2319062,-5.0721297,3.2133067,3.9767888,3.8365064,1206.6127442587667,457.4479785136981,1423.392810898191,317.8447975632027,0.00020319351,0.00026684877,2446.6415086644433,0.00976033,0.0010332903,0.05324078270011601,0.01206262481718801
-382.9957,14.526408,150.9654,7.394873,-19.174631,4.6647496,62.685734,4.258317,-39.991554,5.698286,51.480686,4.4502797,-23.328186,5.8435802,26.330042,3.3744135,-14.69318,3.4624937,7.9315104,3.6385586,-2.5456088,3.1600454,0.55933255,3.041985,5.9136353,3.7506948,1666.901909525511,256.9371000409302,2100.1617682498086,108.55796587870994,0.00041393004,0.0016632773,4335.643001830771,0.008938218,0.0012569984,0.06253625290023201,0.011026783228466563
-407.237,25.157234,173.23676,14.509382,-15.0547905,4.305021,54.216404,4.8875613,-21.964376,10.853661,38.554302,11.439799,-10.643294,11.143953,15.235617,5.331224,-7.9627514,4.50866,12.4140215,3.5563455,6.582464,3.2143588,-3.0791223,3.110461,4.48676,4.142667,1117.51976855309,533.6167571309168,1563.4986030678622,327.4347946098047,0.0001481112,0.00016780477,2300.4305598354117,0.009650927,0.0013121401,0.04006058765951276,0.01978677809167232
-343.7947,10.857138,152.24637,6.0226016,-72.89871,5.1062484,80.84022,4.901435,-34.297047,4.873923,34.06356,4.5128775,-20.420866,4.805798,25.937912,3.4421272,-12.391397,3.5581374,8.787837,3.8059704,0.65320015,3.3971288,-7.017083,3.430232,8.349704,3.831308,1895.4196277669698,163.85500218940297,1747.8778417120393,86.67715808985264,0.0006510881,0.00068512413,3696.9911792162125,0.008306255,0.0009358289,0.11570566270301624,0.016633959873761445
-389.94922,20.541628,180.02292,12.90873,-38.162342,4.9797244,54.160984,4.950708,-30.442078,9.790772,47.097713,9.943038,-9.924349,11.519939,21.1088,5.1162453,-12.532664,4.434602,2.389095,3.2612967,0.43312055,3.0271935,2.316112,3.2788775,10.641871,3.7088692,1245.1833941345733,458.7490864828884,1570.1062348193911,293.697784557068,0.00021320999,0.0004068023,2561.426970798289,0.009426101,0.0011520871,0.05393865102958237,0.011887546790441895
-346.92728,9.613238,146.69157,5.1564345,-56.425327,4.4923663,73.00743,3.935148,-31.852764,5.1917086,50.30573,4.195922,-26.431541,4.56245,27.151686,3.318255,-11.034045,3.4823258,12.050883,3.328197,3.4199824,3.2258086,-2.5704432,3.110276,7.9852304,3.1740115,1884.6011123477554,176.12145231042624,1974.5667522368692,87.38705334821526,0.0005979966,0.0005927763,4198.425038065545,0.008998768,0.00098141,0.0895457964762181,0.01344664599994557
-339.35077,31.309038,140.64583,12.508409,-69.34733,11.617655,75.23604,8.363531,-46.517006,10.981354,41.76487,9.253173,-33.913338,8.581351,24.384054,5.330143,-14.382735,4.748938,5.0843515,3.74734,-4.070615,3.298831,-4.567288,3.13848,7.060399,3.604318,2260.555960946914,397.20974434164486,1953.242697887072,207.338219135995,0.0011713345,0.001995931,4550.200637144721,0.0074798623,0.0016161937,0.14802285745359628,0.03359711360885657
-391.20392,15.014068,176.11176,9.6739855,-35.627117,5.6983867,55.536,5.8100348,-28.065418,6.976044,44.466145,5.6984425,-10.896878,6.4034967,22.55129,3.4840856,-10.52264,3.7924385,3.695697,3.5593915,-0.36845195,3.346984,-0.8133766,3.159731,7.981528,3.3705602,1200.6364900481756,268.2459242183947,1588.2595208800406,180.96448268752778,0.00023276624,0.0006587946,2537.8203850058003,0.00935198,0.0010516595,0.04566392655162413,0.011948774933311741
-372.736,16.5396,155.08139,8.051992,-39.69273,3.6649516,57.285046,4.21374,-45.862915,6.548563,38.423542,7.834527,-26.15495,7.78099,32.213,3.2405221,-9.780787,4.14078,-2.6999176,3.008299,-3.879185,3.2517266,-2.8410816,3.2290359,9.400616,3.5382054,1737.7713701620366,370.6645544072172,1914.2969199733186,171.6686822086762,0.00041569545,0.00052263733,3961.2350570076856,0.008456983,0.001174405,0.0804882359338747,0.013161230441712673
-382.814,11.664439,185.95258,8.544692,-42.653893,4.155247,61.286987,3.8077462,-23.572075,6.997011,34.145554,6.121355,-14.664776,6.190129,13.13685,3.9858184,-8.015467,3.594809,3.7393916,3.3098595,2.2004397,3.078355,-2.3989968,2.922579,5.3248806,2.7641556,1127.6822290551158,227.83479294475868,1439.9076847217354,177.32101621772426,0.00016194834,0.0001213064,2388.461891404437,0.009829955,0.0008755781,0.045688850420533646,0.007211595421558598
-380.35992,55.870625,164.26593,14.522058,-37.79931,25.920284,54.908054,8.885142,-22.401476,13.54842,37.90351,11.317659,-14.807124,10.768387,20.13864,4.978733,-7.754136,5.1446757,6.584041,3.6708846,2.847239,3.1716835,-2.0137026,3.2512054,7.4921975,4.096103,1407.8910063035546,554.5235699122255,1646.5316283854806,289.31181581287535,0.00036614807,0.0011349964,2934.286123749275,0.00897594,0.0026881082,0.061651455553944315,0.03612057333988531
-352.27496,11.287151,150.29869,5.852328,-50.5859,5.177984,71.14424,4.4378386,-31.59138,5.9390593,49.22106,4.5229583,-24.695217,4.675281,26.592741,3.3261998,-10.780809,3.7098043,10.256655,3.0955741,2.5977728,3.2307885,-2.8635828,3.062427,7.4874,3.0044012,1778.4362109184588,210.52682525056275,1951.2330889497916,100.90354526424687,0.00055413693,0.0010622516,4048.267168014066,0.009089821,0.0010557576,0.07969633664443156,0.012081185407841036
-365.88522,16.408247,150.59839,7.2293606,-34.034676,3.8494442,59.469166,3.8297956,-47.66911,6.4972177,38.28632,7.34246,-19.676516,8.144981,29.418497,3.4131212,-13.126319,3.740871,18.617464,3.6952906,0.7764421,3.2976782,-15.917269,3.230601,6.3586245,3.37697,1799.3479871057204,352.52435025809365,1988.7443061531465,153.33026616770047,0.00043518745,0.00066076,4026.1843935796114,0.009109696,0.0014543841,0.08499945620649652,0.01185590938573117
-387.56235,12.389226,191.38626,9.8068285,-42.61244,5.0595636,57.442715,4.5941663,-21.022282,7.765428,31.59088,6.738597,-12.487677,6.983711,13.429304,4.098959,-5.5252724,3.730143,4.3631363,2.9687147,1.8900235,2.8998628,-3.372217,3.1119273,2.872141,2.9520802,1067.4303252703469,256.11862538932127,1365.051312836015,199.30202070872184,0.00015537943,0.00025942337,2200.0338738036544,0.0097613195,0.00086193415,0.04494340015951276,0.007571078307765252
-385.1483,19.021004,168.49927,10.875535,-36.528076,4.0004225,46.251324,5.0308595,-40.993282,8.5527315,41.752747,8.8212385,-30.424612,7.715991,24.21318,3.8708653,-13.716955,3.857574,2.224193,3.0433915,1.0103838,3.0303066,7.8008146,3.5688252,17.009474,3.4668655,1532.1976980258323,431.7274154629114,1780.5681941687344,222.86208505144106,0.00032461926,0.0004471666,3097.358919572941,0.008281125,0.001276022,0.07638712659512761,0.011380226192351517
-378.63058,12.389886,184.78683,9.313981,-45.805195,6.564644,60.937492,5.3087935,-23.034286,7.1759953,34.35275,6.519371,-12.754051,6.3874154,14.373699,3.9570673,-6.0913124,3.9989715,4.5174403,3.1361046,1.8114042,2.887717,-3.8994,2.959682,3.911608,3.049081,1153.6883973815443,244.54127047075718,1445.8369263043814,181.67128715745412,0.0002520435,0.001492893,2446.9162943191704,0.00987671,0.0009983031,0.048178971505220415,0.00786961666896986
-446.72253,65.612404,151.67882,21.783787,-36.604023,18.997513,52.346813,14.498373,-28.288034,17.121477,46.435863,12.264855,-18.097696,15.579778,27.707552,6.0162706,-9.419755,7.047578,6.875662,5.035508,-1.8587041,3.7990043,-3.8182762,3.8712468,7.5767474,4.908882,1697.669650915592,808.6825252946481,1840.8106441392822,329.42428814438085,0.0007185989,0.0024206282,3548.382101036833,0.0049185697,0.0027994772,0.07785083744199536,0.0672622233059236
-387.72043,13.41199,192.63873,11.201949,-43.303513,4.951707,59.21873,4.711051,-23.565256,8.103159,32.668915,7.7481904,-14.451752,6.9475255,13.085658,4.369734,-7.975338,3.7864285,3.678225,2.8167963,1.3891231,3.1130304,-4.037902,2.916029,3.78822,2.9909606,1080.8188363190966,289.43992953676815,1375.4757998947698,215.46504329800936,0.00017298733,0.00050125126,2223.065907772622,0.009783774,0.00081014866,0.04483917307134571,0.007750033912318203
-384.7579,19.265196,168.2534,10.391882,-40.036045,3.9672613,48.91497,4.799967,-43.93157,8.093842,44.660328,8.899332,-30.817503,7.885338,26.967392,3.9826572,-14.474881,4.197296,5.5943246,3.1101582,3.370806,2.8461199,7.6123114,3.745411,16.41951,3.4891715,1580.2241288433947,436.4437406211694,1823.6419128030197,217.75069298278626,0.00033966432,0.0004388924,3286.1116838565836,0.008342173,0.0013651067,0.07644377175174014,0.011785926424648818
-349.88486,11.172631,148.24669,6.57349,-107.407074,7.4057302,60.242233,5.166174,-33.291206,6.246537,39.438843,5.8924255,-27.242256,6.4350567,18.455557,3.852255,-15.233906,4.0639443,0.48067507,3.798783,-4.3432035,3.7964346,-3.4678476,3.0021005,12.111457,3.2727125,2044.6862291211862,159.79857068343125,1530.5661109287537,125.23936436847669,0.0007837886,0.001118843,3515.0081342444896,0.0072184824,0.0008679045,0.15437391241299303,0.011003975193337009
-379.8639,17.80273,168.34045,10.072499,-37.45124,4.0996685,45.775684,4.6883073,-42.915833,8.101649,49.28666,8.215648,-26.39089,8.155617,27.239468,4.0041366,-15.519719,3.9167995,5.635704,3.0275738,0.28490734,3.3520808,6.317696,3.6772285,16.21804,3.1645393,1570.9126984880286,429.7369037104642,1841.270725668321,209.21959838195218,0.00033320722,0.00048639523,3272.7221283171402,0.008627443,0.0011594305,0.07805589290893271,0.012749106560673292
-387.30655,19.052423,154.93747,5.8084426,-25.396595,8.141407,56.616146,5.1067934,-39.40681,6.208306,38.839634,4.997178,-21.4712,6.067885,21.872189,4.292333,-5.036967,4.093482,17.554934,4.278203,2.618819,3.7029617,-3.4500809,3.5706494,2.7229621,3.0754168,1506.245659030126,222.45004714228327,1880.286031689012,107.75543275146408,0.00025934362,0.00051157805,3630.393128715922,0.009468891,0.0013524861,0.05754128299013921,0.010835672248323049
-371.48553,20.239622,158.76074,15.452838,-57.731792,6.878666,39.875443,5.5143824,-26.893108,9.750265,19.135168,12.4546995,-27.07741,10.232455,6.7688203,7.0162983,-15.070217,5.6958094,-5.6897407,6.832339,1.2505894,9.618539,9.699363,9.94534,18.203327,5.5649424,1562.4736735861247,455.2488153123398,1525.0033906749757,304.4080822835884,0.00030038512,0.0006816458,2969.6835121809745,0.009359287,0.0018370936,0.0786869199535963,0.012113233501376594
-366.48517,15.705045,178.02454,11.421944,-42.250572,4.645197,63.71385,5.8283563,-32.015167,7.7683787,35.168163,6.941282,-23.115332,5.941053,18.058342,4.424673,-11.998765,4.7075763,4.3946996,3.3879066,2.4436421,3.3149302,-4.1703825,3.1679122,6.706836,3.1220798,1311.190890794237,283.34433780286304,1604.586303348509,206.58155883418235,0.00028323813,0.0006121213,2839.4351118401974,0.009729454,0.0009621338,0.0573214997824826,0.010385928252941731
-380.0494,20.365705,190.994,15.776582,-45.55924,6.437082,55.668358,4.185646,-25.338358,10.527271,35.79671,12.174202,-15.360913,12.026462,16.981068,7.3201256,-9.749741,6.0622478,2.8689368,3.2826927,-1.0223559,3.0794342,-6.354406,2.9865174,3.2151809,3.8762271,1195.4686424477454,493.9156312325707,1442.8598549312437,347.0263656353495,0.00019407376,0.00032349688,2448.415125163138,0.009936399,0.0010722224,0.05042778422273782,0.013577643594564344
-369.38556,38.105766,180.56685,18.950447,-57.219357,19.921795,64.16948,10.770462,-29.295677,8.775088,30.76736,8.622342,-20.685093,7.001733,15.227156,5.181372,-10.540309,4.9949017,6.227211,3.7552392,2.6897817,3.2492003,-2.221231,3.4398878,7.8877373,4.12151,1379.4521562779191,437.5314523703041,1486.5886769244412,235.2582441197675,0.00036746167,0.0010162628,2748.855767836427,0.008980537,0.0012740925,0.0743241099912993,0.03425683959685715
-378.34183,20.390203,179.7421,13.974214,-42.339962,6.235427,60.39884,3.671283,-24.889647,9.575626,37.46222,11.243799,-15.847859,11.189838,17.13377,6.990173,-7.721086,5.8095307,5.172121,3.5576751,1.9495142,3.1244757,-3.8457985,2.7966955,5.5461736,4.0609665,1264.4233773062087,475.22868036306363,1553.6999235022874,324.7476285121856,0.00027234555,0.0011295517,2738.8385816959108,0.009887501,0.0011916774,0.04963475203016241,0.013760998806433125
-342.42746,19.512346,151.25946,10.665319,-63.145393,11.060914,73.68808,7.4748564,-44.439236,5.8588266,35.859615,5.361063,-24.86825,6.1660905,16.220814,4.954353,-18.3119,3.7492125,10.372517,4.4954596,-1.2587434,4.9365506,-1.781086,4.767868,11.958869,3.911012,1933.8920434339566,272.4176814318304,1827.9493772311305,97.05083310855896,0.00080228475,0.0019704844,3916.3450732308584,0.008216869,0.0014813672,0.12132146352958237,0.03103672242393887
-385.1464,38.354134,178.12865,19.236729,-35.832653,17.03618,43.494244,6.9952574,-16.965612,11.327818,26.737738,13.6221,-15.039706,12.305245,11.810213,7.672666,-6.2320294,6.0772967,5.6772847,3.5376735,3.3603961,3.8651092,-2.1298084,4.069705,5.9841914,4.2375712,1257.952247306071,526.8431613539859,1475.7140092548464,372.369836638078,0.00023347056,0.00030124327,2546.6634869852087,0.008919709,0.003493426,0.05759679524361949,0.02250182331330648
-416.04105,17.530924,177.76202,9.786958,-24.356901,7.1446486,59.82689,5.9348307,-19.069859,7.8270435,40.568157,6.8683743,-13.073917,6.493441,21.187803,3.7999132,-5.848531,4.033197,5.9005265,3.2660122,0.64039415,3.302698,-8.03192,3.0841095,2.7069678,3.5668612,1033.1373377572454,283.5738875927366,1505.180904032752,209.2721113103033,0.00013572274,0.00041757475,2153.744981239124,0.009591372,0.0010317079,0.034163826856148494,0.008669340895828284
-385.05765,20.170216,158.4262,9.499495,-23.675491,6.261139,47.239304,4.709503,-38.691334,7.644013,40.878807,8.284562,-27.47475,8.781665,23.192665,3.9005716,-7.994903,5.0898237,14.106573,4.1187634,4.6630487,3.3673053,-3.2190096,3.6826284,1.8139133,4.520124,1554.0037803213254,444.70160701808453,1887.73422905215,214.18145022899418,0.00028947662,0.0006349258,3447.111097012761,0.009487584,0.0017907431,0.06931781104988399,0.012734281336030773
-364.94077,9.911145,147.92961,5.192389,-40.15018,3.3726852,60.885624,3.9959364,-45.050426,5.212497,37.36235,4.705285,-28.72519,4.263135,32.09221,3.2723887,-3.0006328,3.827133,3.7661557,3.2682087,-3.5486386,3.2189784,-3.5827427,2.9959416,3.5857704,3.2914467,1842.683772672909,199.11430997723147,1982.6297424568415,88.59430407021546,0.000526057,0.0010167653,4339.215215342228,0.008372418,0.0011104522,0.08967834614269142,0.00933000969697993
-343.00797,14.9033575,165.44592,9.636171,-59.226036,7.458714,70.84148,4.1645613,-46.047215,6.66471,41.125473,8.097591,-27.1961,8.470817,18.679499,5.3292875,-12.982741,4.9132447,6.8312554,3.9008296,-4.0518804,3.2528899,-5.814802,3.5466726,10.511212,3.6181424,1746.2408855839205,376.1487639539558,1801.8388402990877,208.24935009882932,0.0005629129,0.00094738184,3799.011598662268,0.009126587,0.0010844643,0.09193282337587007,0.013922986983599417
-383.59927,12.496676,192.38101,9.867318,-44.90977,5.0574794,55.515232,4.5155983,-21.584732,7.8722086,32.082016,6.8695006,-10.685665,6.9714055,13.608706,4.286467,-7.535223,4.1122117,2.3120084,3.02741,0.0447359,2.6972628,-4.681549,2.9420216,2.4939158,3.0793793,1081.6451041630935,258.9543263035621,1355.228850199587,196.58786624942394,0.00015921974,0.00024655522,2202.0822759570765,0.0097354,0.0007578932,0.047200143198955914,0.007944636347200553
-377.04202,18.674747,175.72731,12.301547,-47.411617,5.556265,55.44893,3.971543,-32.81629,8.833846,49.354546,9.198073,-12.068262,11.705694,22.14159,5.3176274,-14.013459,4.6901,3.1827133,3.414544,0.30968913,3.1031117,3.3407931,3.5156999,11.631418,3.5782723,1389.418214902977,479.00516819072004,1640.623405274765,294.4432360300084,0.00027301518,0.00037286582,2918.123731148492,0.009274517,0.0011605395,0.062137470997679814,0.01396863911320151
-386.8757,11.548276,166.85403,6.356172,-35.27153,3.7110796,43.058704,5.201714,-41.71768,5.720829,40.99101,5.2469172,-23.689974,4.9164815,25.27744,3.4739003,-11.015322,3.3194566,4.289619,3.4592233,1.3515676,3.3740923,7.293286,3.5503595,16.77141,3.2189357,1468.1839920113343,212.7862049432944,1757.1386952206262,120.88010391232928,0.0002819021,0.00045116394,3019.2948131162993,0.008576111,0.0011650838,0.07350048941415313,0.007670351089861481
-375.76736,22.079659,181.86064,15.998463,-36.708622,6.545442,56.600864,5.292907,-26.473671,10.1236,33.505043,12.312993,-18.393385,11.265209,16.053722,6.9545984,-7.3685465,5.994343,5.8727503,3.6542773,3.125753,3.2077272,-1.9246085,3.5559297,6.560092,3.7772348,1249.7302751353632,526.441182171897,1536.7556910245614,352.83050293716934,0.00024345907,0.00051959377,2633.670617477523,0.009917223,0.0016128905,0.051882431844547564,0.015482952534090922
-380.79895,14.255065,162.51659,7.2910657,-26.291727,6.0983706,43.625286,5.6778345,-38.602962,6.6396356,36.96021,6.27467,-26.432682,5.168802,21.49366,3.926596,-4.3647747,3.3487468,12.280284,3.3933718,0.71403974,3.7528408,-3.6908624,3.437857,3.4382856,3.2767904,1427.5654964131722,250.0457860537274,1770.6679622837064,136.81157071858442,0.00023999132,0.00055279216,2995.7381883519433,0.010022544,0.0013627106,0.06516118945765662,0.007832607141059813
-389.79453,19.82639,167.85083,10.737229,-36.343708,4.1255794,45.266537,4.4960256,-43.852768,7.981041,45.159264,8.546335,-27.456873,8.642594,27.376986,4.0761356,-13.900017,4.75348,4.080997,3.124389,-0.3480695,3.636605,6.261076,3.9192755,16.525091,3.1747255,1561.5868073482852,458.991526542706,1820.7292948238119,234.18870417365142,0.0003315081,0.00048289433,3223.385613036543,0.008155956,0.001329467,0.0756076892401392,0.013810330537649343
-388.6369,11.471402,170.19417,6.456289,-38.68092,4.700125,45.109566,5.372809,-41.916737,6.139886,40.824764,4.977119,-29.698492,4.190432,23.59969,3.3264203,-14.257493,3.6482427,4.889581,3.6518185,2.9754093,3.0802343,10.006137,3.1493857,17.263874,3.0474222,1458.5027697310602,190.81020591395819,1741.4963550661273,128.03021964393758,0.0003139103,0.0011827205,2909.2806291690836,0.008622395,0.0009878444,0.07387774615719257,0.007599469962257227
-380.3408,19.779251,169.04785,11.5578785,-38.874294,5.4015822,56.14498,4.1923385,-29.861246,8.877031,50.58351,8.708347,-13.607126,10.714645,26.133184,4.9311275,-11.371805,5.929633,4.6563196,3.453511,0.573357,3.0823534,1.2644433,3.0965245,11.345418,3.7686324,1394.192723850346,484.06832722481903,1728.3593782695186,278.23803228544244,0.0002558227,0.0003337917,3023.9162082185326,0.009566673,0.0011923276,0.05569011927204176,0.015934818067362428
-478.4608,73.154976,147.19368,18.474735,-35.483475,21.26117,51.377476,16.429588,-24.02874,17.17947,47.31929,8.882905,-13.235002,13.733324,24.772934,6.2173104,-7.2008686,7.189458,11.327086,4.443126,-0.76370585,4.0624037,-3.319481,3.072121,5.7558866,4.60848,1622.0667591925064,687.816070366876,1816.4742446321613,238.0953707390422,0.0006995493,0.00093371194,3353.334247208527,0.0037365097,0.002917064,0.084477187862529,0.07030039877777851
-338.79654,15.677532,154.44705,9.05896,-47.6791,7.5769677,67.30659,5.0879188,-46.930927,6.355211,44.31752,7.272243,-29.163868,7.3856835,26.265139,4.2850394,-14.773498,4.1694283,8.599095,3.3896525,0.701231,3.3945124,-2.5455213,3.6689608,8.437842,3.3387823,1884.877673254133,366.73814689119206,1999.1445241904444,179.8796774186943,0.00070088095,0.0012677214,4303.717904854263,0.009194368,0.0014138445,0.09540403857308585,0.016959047918824435
-404.55576,22.31229,172.08119,10.2145195,-24.877472,7.1329727,61.463436,6.3648047,-22.946478,9.038564,40.029243,6.760556,-14.960801,6.844554,23.482502,4.0572886,-5.3803267,4.822903,6.9785237,3.5984573,-0.71033895,3.3974688,-7.6269956,3.3071756,1.9179075,3.7168102,1130.831938146359,269.8589091114821,1603.0525591480762,214.4347203625032,0.0001615812,0.0003463872,2492.5307130039155,0.009770625,0.0010091818,0.038442801986658934,0.01060695282183011
-327.5256,15.808997,140.31879,11.12134,-52.217793,4.3177524,64.50593,5.1764865,-42.566856,6.0915446,41.485428,6.341479,-24.479658,7.305786,21.22713,3.901586,-15.806826,4.3184485,4.251862,3.3352025,-0.8905223,3.392428,-3.308256,3.5129683,9.109031,3.3141084,2080.2535256764995,323.6882350349405,1998.3369197659658,159.09662638828758,0.0009099248,0.0011996578,4478.156834578016,0.008707707,0.0026453878,0.11830227668213457,0.017022846318974164
-404.36774,16.20334,179.84407,9.29307,-30.756153,5.391756,45.90666,5.2827063,-17.959795,8.038127,35.478764,6.572905,-3.4546604,7.4684052,18.075027,4.19618,-7.0743365,4.2968125,2.1111772,4.2907043,0.4600572,3.4467592,-0.1761569,3.7254403,3.9974535,3.967784,1053.6404131303677,241.2398958945948,1415.459841700953,186.11422577206716,0.00014176418,0.00020821278,2094.890890099333,0.009248891,0.0014909245,0.041514102378190254,0.010198834462564775
-383.24,19.486656,167.38812,10.559843,-35.05832,4.3740544,44.033695,4.462963,-41.940933,7.7132525,38.876934,8.917809,-28.780344,8.380052,25.225185,4.5631223,-10.65678,4.71958,6.2230277,3.2053246,3.1824274,3.1747673,9.600742,3.494712,16.843843,3.1271489,1519.6449597692115,445.3882772556876,1766.4959011776166,254.2493027585643,0.00027309245,0.00063227344,3043.8756389573664,0.009481046,0.0012246423,0.07538903893561485,0.012297333018224336
-358.72824,8.8773,128.20305,3.744851,-43.923203,3.4200795,80.74431,3.8696964,-42.540985,4.293093,28.859394,4.6727443,-20.700384,4.435702,29.744549,3.2596455,-13.592954,3.9418745,11.703889,3.5044382,9.669303,3.5122707,-1.1324509,3.4185505,3.5668087,3.20709,2128.2839473593826,135.7276622507488,2034.917558780649,62.95618825607856,0.0006279096,0.0004103638,4538.984386329032,0.008380194,0.0012551717,0.10629463638341068,0.014611608826288055
-372.21127,18.199545,179.59827,12.459054,-46.1937,5.6995153,64.32599,3.4230773,-28.31342,8.536839,39.52254,9.989142,-18.22692,10.451586,18.255653,6.6352124,-9.2901,5.679193,4.997613,3.8000462,0.51353127,2.9965205,-4.742124,2.839079,5.447815,3.3437693,1317.1198246570448,456.4540607433873,1590.1456825245637,308.93652652061985,0.00023297177,0.00018002292,2873.5834745685906,0.009813621,0.0010609981,0.05483024579466357,0.014215174181477302
-340.24814,15.339252,158.99849,7.61407,-57.725204,7.6190896,63.922077,6.4043345,-41.215595,5.02195,37.600636,5.263599,-26.276608,4.9614983,23.199072,3.5587773,-10.331488,4.06542,3.1462612,4.0269413,1.0275271,3.6700904,-2.24854,3.4079597,7.3243833,3.2708237,1736.1472011508008,190.41162308886194,1799.1070215201203,110.42063629220706,0.0006049971,0.0012798215,3746.177811412413,0.008916365,0.0014462593,0.09314842843677494,0.015086748295396815
-394.04886,21.568918,178.5903,13.971887,-34.766777,5.42743,53.266792,3.8655365,-26.97735,8.973663,44.519386,10.029256,-9.428119,12.426756,23.30335,6.1407638,-8.538555,5.770863,5.614285,3.338523,0.027574163,3.4683747,0.1655284,3.5316417,7.0243397,3.7442405,1222.7664581380902,512.6464781279728,1580.433578745142,340.02324230062754,0.00018900658,0.00022575825,2560.1030035527842,0.009488589,0.001220505,0.046513603900812064,0.014914869337387797
-381.12943,11.632971,187.95802,8.660739,-45.50045,4.0344005,60.727615,3.9916422,-25.12592,6.979662,35.63368,6.037558,-15.025626,5.6666665,11.816311,3.928444,-9.916529,3.518001,2.8323984,2.8160713,2.8156443,2.847358,-2.023121,3.0891283,4.40568,2.8673935,1136.489821007008,223.13685197285474,1427.4863072523187,174.3095785785533,0.00017247141,0.00016580509,2384.0403404147332,0.009763592,0.0007364614,0.049016186919953596,0.007676791375859978
-370.31766,18.344866,179.88852,13.316808,-47.73066,5.7724924,62.6372,3.3952239,-29.835873,8.496213,41.02388,10.320024,-18.72899,10.70186,18.346489,7.1890783,-9.723182,5.897171,5.6655035,3.484429,1.9196036,2.9422379,-3.9187639,2.7471461,5.3274055,3.529283,1345.452455998533,477.6840804546395,1602.804642475012,322.75721455686954,0.00024906668,0.00022135796,2915.9004653966067,0.009774714,0.0010507567,0.05647182243329466,0.017401821665171447
-384.59796,11.298952,167.81076,6.0882015,-38.280045,4.2624693,47.566307,4.858898,-43.05195,5.7891474,46.0664,4.940722,-25.14155,4.3491406,27.963205,3.2632813,-12.474735,3.5739927,5.361823,3.2381852,0.31834626,3.4989936,7.3726397,2.9651623,18.147192,3.076953,1498.1598854460076,190.070707270143,1809.8007415688721,108.68210800172396,0.00030112622,0.00046661042,3208.6221292234627,0.008545799,0.00090861,0.07222710629350348,0.008599437025637641
-378.41577,18.017176,145.61089,7.7866898,-17.277292,4.1778812,51.54267,3.6563916,-36.043625,5.900627,39.93048,7.459774,-24.944555,7.603588,19.306011,4.0990033,-10.617342,4.3620553,10.563653,3.4565358,6.9672227,3.474745,7.123293,3.694205,11.637824,3.2426345,1639.7390728071146,413.03219541276843,1997.4301927750257,191.79721368880817,0.00027541775,0.0006734052,4014.7932791654584,0.010674602,0.0019814216,0.06359211861948956,0.013603402846361098
-385.11594,10.30902,164.986,5.929862,-26.621588,3.7686522,45.172115,4.656699,-39.153694,5.531363,37.9829,4.7223196,-25.739828,4.232543,22.783878,3.2752113,-4.465945,3.8209002,12.380389,3.1759827,-0.105966695,3.060801,-3.1180134,2.9746869,3.233356,3.1353977,1394.6979995581316,196.09996835143576,1761.3493425318495,118.10218164908258,0.00022763133,0.0004883024,2925.393060741734,0.009894887,0.0014329599,0.06532546041183294,0.0062993397526503354
-327.95035,10.778059,152.35666,7.5038757,-68.82093,5.2264132,64.39901,5.7727284,-56.06299,5.465989,37.890793,6.2495127,-36.42822,6.5690975,32.829723,3.7650583,-11.64321,4.2373643,9.716797,3.281991,-4.7378807,3.1390672,-5.636002,3.196416,8.600914,3.251142,2122.787572760878,286.01591231969854,1967.3997259291862,153.47858939262596,0.000930522,0.000739444,4480.879710611224,0.008410282,0.001169844,0.13217354263341066,0.014114629391697026
-416.23093,15.518019,182.28848,9.003255,-22.267374,4.829302,59.416565,5.365155,-20.489838,7.6175623,39.17973,6.5016394,-12.2609215,5.820132,20.535646,3.619199,-5.5436954,4.695328,5.523396,3.4040341,-1.8786324,3.120818,-9.07924,3.4774508,2.5448697,3.7098792,985.1739776651748,250.76072796226387,1463.692197753841,195.5303000742245,0.0001233553,0.00024417916,2005.8103769395302,0.009533958,0.00091314537,0.03553577254930394,0.009660681584422803
-390.52856,23.819569,158.74617,12.324893,-25.212372,6.501848,56.96304,5.1856565,-19.442167,9.006325,40.326984,9.29828,-16.228918,9.662499,24.038813,5.0788417,-7.560755,5.4609222,5.9478784,3.8842115,0.6888655,3.9435208,-4.947116,3.8307302,3.5700529,4.21764,1372.764525878465,475.529596428519,1771.0017985566385,291.11834823598997,0.0002750703,0.0008049023,3088.590759135731,0.009395662,0.0022848172,0.048490519866589324,0.0176007678221161
-390.74197,14.049786,188.0687,10.183037,-36.87014,5.365299,53.476616,4.8202105,-17.270535,8.096985,28.98215,7.638621,-10.670888,6.530444,11.959954,4.243094,-4.88642,3.8875291,5.767514,3.3680875,2.8093774,3.1353974,-1.7229202,3.0701344,5.188365,2.950694,1029.0781005309257,245.99354712247236,1359.6487053806147,208.13178173924493,0.00015119383,0.0003485631,2123.9432279582365,0.009897744,0.001230101,0.04133283787703016,0.008149903400456345
-351.99124,22.509626,168.81406,16.394022,-55.77507,6.7467194,59.56552,7.9880705,-40.873512,9.507116,33.035957,10.255972,-22.929724,9.520122,14.859421,6.0622187,-9.2641535,5.675602,7.3606563,3.6384394,-0.81688166,3.3371153,-3.0040846,3.3346453,6.969988,4.2816143,1612.372409335568,404.54084148776474,1685.1430857033129,277.10118418477373,0.00047805227,0.0006670722,3426.602094964472,0.008918967,0.0030706637,0.08491335556844548,0.015219721315826884
-340.4636,12.518374,148.6325,9.953,-64.98501,5.8154354,78.48195,5.8432827,-44.77911,5.9181514,47.124912,4.0558596,-32.286594,5.6994925,23.018433,3.8485334,-10.372253,4.463864,9.483028,3.4373624,-2.406206,3.1797876,-5.8273935,3.503037,11.613174,3.283367,2048.91358983439,268.7633377655844,1930.2125424250173,109.16975427099555,0.0008064474,0.0005997489,4339.814747679814,0.008212279,0.00087043963,0.1268035817865429,0.028424227575269103
-386.84595,19.157173,170.71072,10.725746,-36.460884,4.4226627,46.809574,4.513464,-39.876896,7.5290184,41.293022,8.936169,-30.85352,8.067936,25.956564,4.5159464,-12.078426,4.822405,4.130432,3.2635558,1.3074453,3.2017825,8.958404,3.4103267,16.754295,3.3606787,1500.4222931494678,436.11350138154967,1776.3403625993885,255.86993284405955,0.00032413146,0.0007141383,3042.426769141531,0.008415744,0.0012169667,0.07348349586716937,0.013842560402095116
-376.39865,10.889887,184.62793,8.298495,-45.65125,4.7751265,60.17898,4.218591,-24.093372,6.9915032,33.064095,6.2521276,-14.23415,5.5857935,13.3876295,4.028923,-7.41974,3.877874,3.4265857,2.804113,1.1151602,3.0264645,-4.4293585,3.0337474,4.030207,3.2390633,1169.4831787689698,213.83736517921741,1450.5799988566964,165.3577825001215,0.00023621974,0.00089011254,2482.9881566306553,0.009616387,0.0009170767,0.050596586789443156,0.00775533967473675
-377.0241,19.03869,182.06416,14.034398,-42.47359,5.9379334,61.24479,3.6203098,-25.795334,8.701761,37.137302,10.554977,-17.6273,10.639399,16.249449,7.03835,-9.1858425,6.1488757,4.699088,3.6546843,0.57034004,3.3689642,-3.9479795,3.0030067,4.889338,3.246005,1261.3310792604177,481.98130846339245,1547.7633470904589,333.3964322808984,0.00023703685,0.00046602418,2697.221045261746,0.009803424,0.00105294,0.05164905379930394,0.0144375326104958
-384.78336,12.932848,165.26045,7.7522798,-39.223217,4.8176103,56.430637,4.8154435,-26.43949,7.461757,45.803654,5.214256,-8.734156,5.8763556,26.395428,3.5470839,-8.67976,3.6369438,5.3438554,3.3702493,2.1723964,3.1658297,1.3172967,3.365272,8.967241,3.426071,1326.2786525228346,246.90376122989636,1690.4687155074735,153.9822755296278,0.00028327008,0.00092577905,2923.4695611586426,0.009314909,0.0013352884,0.049184989486658934,0.009498712795039558
-377.31836,17.073948,157.54308,8.631504,-36.03481,3.9142232,51.694904,3.857242,-42.14607,5.829618,39.3805,8.154837,-22.59101,8.167849,32.91098,3.6440568,-7.290644,4.79916,5.001759,3.2247946,-4.4127827,3.3838422,-4.993812,2.9528284,8.932655,3.1186314,1641.4081757888648,401.90663086332654,1892.8147447421204,217.02497126725086,0.00035451245,0.00033643824,3672.9099636564674,0.008594374,0.0012020522,0.07641091756090487,0.01500260103765107
-390.05576,12.912906,171.20586,6.7619953,-37.40735,3.7038767,46.677254,5.2084103,-41.533924,6.6735616,39.730686,5.1490355,-29.128235,4.337389,24.521902,3.0997584,-13.100455,3.345389,6.2925596,3.518631,3.5529225,3.0275295,9.072099,3.473955,16.138458,3.3583007,1439.4052140046529,220.59581740090533,1735.4780161218941,123.78330510607331,0.00026608485,0.00039011752,2874.907441814095,0.008481116,0.00091555604,0.0715847502175174,0.007746832374901186
-394.92627,21.806927,180.07742,13.816031,-31.92919,5.4449573,52.325886,4.3936677,-25.873985,8.864421,41.821487,10.173474,-10.007579,11.662827,21.449045,5.90633,-8.645164,5.609345,5.225376,3.5842593,-1.0979296,3.1548629,-0.88944495,3.082119,5.3939548,3.6385338,1188.1443713638234,487.2637561110801,1557.4491199355064,345.098512603935,0.00019380034,0.00035398314,2491.0568626740137,0.009484008,0.0011488525,0.046119353610788866,0.017422746255371612
-416.18484,17.325317,179.82294,9.688567,-18.537699,3.5462923,55.238297,5.083299,-18.192255,8.018144,36.1793,7.0835814,-8.173603,6.5123024,12.707643,4.22778,-8.51086,3.5755167,12.868319,3.2609916,4.8534393,3.060057,-3.3756483,3.0925775,6.676697,3.4137201,970.0606005901395,272.2971408770412,1447.285034219336,212.85443213799735,0.000109652115,0.0001050294,1955.549582638486,0.009473124,0.0011566617,0.03594135187064965,0.014127963433804002
-374.49203,18.550306,180.15836,13.535842,-42.065437,5.992541,59.144367,3.5280864,-24.953972,8.3449335,35.75726,10.458444,-15.831027,10.564205,15.775334,7.185626,-9.102206,5.8755326,5.114158,3.8836918,1.5541714,3.7958653,-2.8983665,3.249107,5.042489,3.1645653,1262.3921673319426,448.48396829866,1551.2392351679075,327.2594815433586,0.00023129693,0.00044067454,2728.871356583527,0.00983092,0.0010640856,0.05305158787703016,0.014393546556094806
-328.6735,8.105559,148.48604,4.208726,-66.71696,3.9034686,74.185165,3.6896667,-48.20693,4.229241,47.185192,3.8016467,-28.261173,4.3057337,24.188044,3.3933332,-16.518858,3.3280003,5.917025,3.107403,-2.25857,3.3984568,-6.7574015,3.3052974,4.882007,3.238758,2072.8624610473034,120.71682283872647,1946.9415180796273,58.72524287401599,0.000881272,0.0006639818,4387.827295714907,0.008484077,0.0007722941,0.12409254459106729,0.011145260682256549
-381.14157,12.239554,185.18886,8.848682,-44.422596,4.421294,60.98505,4.492934,-24.01186,7.163225,34.28539,6.3328257,-12.88962,6.1392803,13.408914,3.9062147,-7.341255,3.7037044,4.1843,3.1492143,2.283389,3.11962,-3.4064302,2.8457448,4.9536624,3.074238,1139.5361941897368,224.59143452206663,1442.225891083839,169.56001685362568,0.00019584275,0.00046691342,2428.855382649362,0.009743354,0.0009474296,0.04712650449535963,0.008301402723137749
-380.58737,18.039177,155.03114,8.773029,-20.987398,4.1621914,43.665585,3.898226,-37.5694,6.870414,38.117973,7.301018,-25.59062,7.7602983,22.595343,4.1771784,-6.450492,4.1569104,13.772548,3.431527,3.457912,3.4723108,-4.2214365,3.3234344,0.46483353,3.556054,1567.9463399979297,403.3931682767552,1901.4547908868594,221.4419161978296,0.0003286691,0.001005235,3531.6951176406615,0.009405364,0.0014997234,0.07291704430104408,0.013355697341799321
-382.5019,14.326998,187.60121,10.352589,-42.049843,4.777112,55.551018,4.9131536,-20.246538,8.210836,31.170624,7.323576,-11.628071,6.897511,11.584551,4.041589,-6.438031,3.602744,4.338514,3.0431921,2.225156,2.9688196,-3.3139267,2.7759686,4.327042,3.2650282,1100.6902092375415,263.0215736166677,1389.0636039440303,201.49556907226741,0.00017265993,0.0003160596,2273.101877447071,0.009743533,0.0009998126,0.04642750326276102,0.008370924573533771
-429.66345,32.959854,173.89381,17.278343,-3.9427998,7.135278,45.943356,5.2916365,-15.576671,11.238351,34.273052,12.813885,-6.2950473,13.251833,17.912125,6.909384,-6.2304935,5.5347815,11.0245905,4.4182982,2.8062537,3.8983226,-3.331139,4.309175,4.2329183,3.8219318,1037.0064353217579,578.6993183976186,1517.9979764168452,430.1397170295201,0.00019323245,0.0009889917,2114.5505546693735,0.009625154,0.0025632225,0.03425559200986079,0.019601739267971385
-381.58484,13.150272,161.17635,7.0514975,-30.455456,3.8586216,41.56004,5.348091,-38.7492,5.986828,38.75598,5.5044417,-24.882431,4.753526,23.99218,3.380233,-4.6432433,3.9626212,9.967031,3.799616,-5.062236,3.2481756,-5.2265377,3.6162715,10.645259,3.2823963,1496.6075676717794,231.65814426227135,1795.1830872854682,123.91623974606266,0.00029383035,0.0004855378,3152.7656997716067,0.008835959,0.0013331345,0.07531200152262181,0.007698174401093507
-380.66895,18.395561,156.47375,8.928798,-23.353012,3.9859805,40.18565,3.4932697,-37.178684,6.723704,36.383545,8.135605,-25.760183,7.242683,23.216997,4.254744,-5.1274285,4.5082736,10.901741,3.1700077,-1.767153,3.1145754,-5.389074,3.102679,6.3402243,2.9979079,1564.8762691264144,390.5412823129164,1872.762286723659,218.9319178070528,0.00032768014,0.00077399093,3412.588026573376,0.008857805,0.0014412269,0.07522703378770301,0.012004491347177878
-383.76007,13.227472,170.18689,7.066311,-41.501743,4.487574,47.57449,5.139629,-42.754406,6.4755497,42.158756,4.7231503,-29.251133,4.5622168,24.402071,3.393908,-14.562954,3.6158438,4.5236135,3.5128868,1.49649,3.2549274,8.209075,3.3294475,16.494686,3.4383717,1496.2635597246565,212.9070859344177,1760.5964120098351,128.31804967017828,0.0003029386,0.00038574866,3058.464259171984,0.008396317,0.0011005659,0.0762704375725058,0.007517451957086103
-346.86533,20.546558,139.90363,8.064287,-78.444984,8.228304,73.33607,4.882657,-32.27614,7.3537564,48.11989,7.3370295,-22.923668,8.594917,25.966648,5.619471,-12.4762535,5.66903,12.989893,3.5747123,5.738966,5.090289,-5.079398,3.7582443,7.346095,3.6948376,2100.559744113376,285.6021002340352,1848.0638185973326,183.10697768041575,0.00080018304,0.001881895,4119.186847447796,0.008184391,0.0014556136,0.12835452617459397,0.02191805452814896
-372.97568,26.469908,178.32349,9.15011,-39.49636,12.046078,54.226868,4.153094,-19.81844,7.5845747,29.35957,6.789966,-11.041794,6.598713,12.580275,4.556711,-5.4757752,4.2658553,3.2390246,3.2916105,3.2643747,3.0413823,-2.1100326,3.0112593,5.653933,3.288032,1177.1903747075457,264.6283892715337,1455.9740219740365,189.05883957464945,0.00021223284,0.0003936502,2472.2715160962875,0.009705751,0.0016027369,0.05154369380800464,0.014343073921223538
-408.65146,25.363611,178.91661,13.907763,-14.25733,6.340901,57.743465,4.607948,-22.460974,9.313329,39.300766,10.712367,-18.771946,10.261297,17.415981,6.1449237,-10.391497,4.7632103,6.7006993,3.6339903,-1.8090798,3.4178445,-7.1535544,3.349382,7.0460773,3.3262043,1089.8064141640293,478.85021486793806,1572.3476938005003,358.33656839209584,0.00014423802,0.00019694104,2269.005073140226,0.0099846115,0.0011474963,0.03921884063225058,0.017981034942362466
-415.6364,16.148296,180.29747,9.549484,-21.310574,3.9012785,57.018063,5.052374,-18.911758,7.700977,37.81694,6.709713,-8.785061,6.025684,15.13145,3.9455075,-8.150857,3.4238772,11.750542,3.758356,5.3789854,3.1935625,-0.8201318,3.5611367,4.7461762,3.2507741,987.2502325419658,256.36493323391903,1463.2713324935862,215.13956065242746,0.00012636589,0.00027357886,2029.9915145555394,0.009437149,0.0011654088,0.037408461426914154,0.020661905774943208
-365.25128,17.228052,170.71732,11.773854,-38.21253,5.623764,57.042675,3.0573921,-20.988821,7.886117,34.25274,9.359598,-13.611556,9.81183,14.132142,6.097708,-6.532561,5.903832,4.163843,3.401185,1.4804647,3.4108763,-3.966398,2.8876457,3.9267983,3.1946669,1299.3250546259085,395.02900649931206,1594.212473499714,294.20981995048237,0.00022861827,0.00020985866,2861.118198049594,0.010113902,0.001207559,0.05405420714907193,0.013635451918507999
-335.09525,15.470798,152.02559,10.470178,-38.50263,5.609177,54.57097,4.209597,-20.826944,7.2029514,28.002905,9.042248,-13.413256,8.154476,8.839489,5.8708844,-6.504201,5.1714516,4.600721,3.2183604,1.7583549,3.1364346,0.035322618,3.041947,8.042195,3.2219718,1548.9953379716092,355.57155011027527,1717.6137998264333,241.4391232257871,0.00037385893,0.00038632515,3446.0119543938513,0.010454194,0.0029460655,0.07303260042053364,0.016032308526650888
-375.33984,17.199348,163.16342,8.870821,-39.079025,6.7490015,42.892822,4.9315367,-37.468502,7.1285615,43.59693,7.596445,-26.432013,7.165521,27.525774,3.8410447,-5.096171,5.022913,9.286257,3.609717,-3.7758474,3.4252985,-1.3395221,3.9787502,14.803448,3.4756205,1559.1634931668664,353.7055107992507,1820.9143859310645,216.39550375575934,0.00033537293,0.00054789655,3273.5714657953886,0.008793465,0.0012090205,0.07712011492169374,0.011918736895115549
-377.31256,18.93745,181.59209,13.054821,-40.95041,5.283079,61.249157,3.3051472,-24.15659,8.443378,36.827755,10.091838,-16.289867,10.19356,14.8875885,6.861967,-9.65807,5.7736936,4.4498086,3.7607777,1.3973845,3.390271,-2.889236,2.8633342,5.5878534,3.163987,1218.9457477622545,406.6140397216801,1534.4779405005145,313.68470025607155,0.00020739895,0.00028600238,2643.612862075841,0.010114443,0.0010491275,0.048759017908932716,0.012511549536998325
-402.80734,23.593332,175.72823,13.859515,-18.194895,4.843379,50.363033,4.2464366,-22.30536,9.348127,38.221104,10.282609,-8.894362,11.252015,16.087147,6.205157,-8.140549,4.5689783,13.393762,3.2641199,4.8945684,3.145378,-2.198439,3.0983653,4.9175825,3.4752357,1105.998595267965,468.166305130511,1559.10762698988,349.9423327160403,0.00016684961,0.00036621347,2301.929390679379,0.009947331,0.0012825133,0.039967689602668215,0.01934075504508956
-375.9933,18.128237,181.33485,13.010684,-40.824444,5.455767,59.264545,3.2414258,-24.03584,8.424058,36.775238,9.900055,-15.531757,9.92092,16.195076,6.52268,-8.548142,5.453413,3.802602,3.889977,1.5375037,3.296494,-2.3272157,3.0443182,5.3618536,3.069967,1222.7023634909308,406.53766295131584,1531.41102306887,309.9434230257296,0.00019799816,0.00019595619,2637.217850474913,0.010148827,0.0010650582,0.04986359846287703,0.013395975038771013
-372.46024,17.882233,183.49225,12.976458,-43.35223,6.3975716,60.9275,3.4757411,-27.492138,7.971946,35.47113,9.77895,-18.299797,9.930703,17.411081,6.1988516,-7.7371845,5.613525,6.0467777,3.9003472,1.6874708,3.1167467,-1.8225596,3.0532181,6.9889507,3.4491107,1239.8932722540328,393.79678122645015,1535.721795511435,305.7135621142201,0.00020558342,0.00017789243,2667.4192919808584,0.0101320725,0.0009861046,0.053034594330046404,0.013879402813102168
-384.86557,17.155012,167.22258,9.147163,-39.519173,3.9305058,45.55406,4.209273,-41.856792,6.320379,44.43463,7.5481634,-27.567934,7.9273334,26.229664,3.9158063,-13.090264,4.193094,5.669223,3.467763,3.3824885,3.586534,10.954387,3.3634973,16.311743,3.195414,1551.2277850165724,357.0324013827725,1804.8123880902197,217.41033799281178,0.00032396158,0.00038258077,3208.796992821926,0.008307286,0.0010213294,0.0792001250725058,0.011023868529175944
-375.78836,16.878178,159.86479,8.326506,-31.743515,6.1088924,47.918774,3.5170448,-41.489326,6.7232747,41.50218,7.2809744,-25.611605,7.608283,27.302689,4.0027995,-5.2584224,4.59057,10.223784,3.357218,-6.256217,3.186225,-8.352896,3.0357547,4.9053,3.1941345,1592.4179894668077,353.68755861250804,1877.5361886130258,201.4623596968584,0.00033189173,0.0005505348,3574.461757721868,0.009049027,0.0011538388,0.07659897948085846,0.011518671464746312
