mfcc_1_mean,mfcc_1_std,mfcc_2_mean,mfcc_2_std,mfcc_3_mean,mfcc_3_std,mfcc_4_mean,mfcc_4_std,mfcc_5_mean,mfcc_5_std,mfcc_6_mean,mfcc_6_std,mfcc_7_mean,mfcc_7_std,mfcc_8_mean,mfcc_8_std,mfcc_9_mean,mfcc_9_std,mfcc_10_mean,mfcc_10_std,mfcc_11_mean,mfcc_11_std,mfcc_12_mean,mfcc_12_std,mfcc_13_mean,mfcc_13_std,spectral_centroid_mean,spectral_centroid_std,spectral_bandwidth_mean,spectral_bandwidth_std,spectral_flatness_mean,spectral_flatness_std,spectral_rolloff_mean,rms_energy_mean,rms_energy_std,zcr_mean,zcr_std
-354.71274,6.162722,169.67104,4.6752267,-45.651447,3.5821683,59.414795,3.4314163,-26.17224,3.6103652,33.477543,3.708487,-17.947594,3.1749194,19.277231,3.1631258,-5.537158,3.235962,5.0025225,3.1586404,2.216128,3.3189557,-4.1590977,3.4465928,7.4317164,3.0972214,1350.8991486379416,88.66835953029904,1606.866775368544,46.08283449924269,0.00029893187,0.00065085245,2893.5429053074245,0.010161987,0.0014985034,0.06045737565255221,0.010358183583284183
-352.74936,4.277314,155.10622,3.5269175,-39.281612,3.6975398,63.69752,3.7864256,-31.907738,3.0989537,37.49716,3.312649,-30.512867,3.2998078,21.744308,3.2850225,-8.136888,3.2045267,11.028342,3.180132,-1.6340587,3.090114,-6.8532767,2.830338,2.874506,3.0239599,1618.9757420214048,75.15843083937125,1889.8807450092063,37.25687564682766,0.00041467656,0.00093795505,3728.241802312935,0.009899299,0.0012193628,0.06810560469837587,0.010821036101489354
-347.87088,3.9696457,175.41441,3.3555083,-54.361164,2.8390272,66.96437,3.0572073,-30.742798,3.1748054,35.908585,3.3370695,-23.38299,3.1483147,17.878004,3.0025723,-7.8354545,2.8189123,5.7307463,2.822589,1.9357433,2.8628247,-5.361635,3.043617,6.593501,3.183728,1385.0329087387408,56.97286879918853,1598.879353709083,31.79772977927909,0.00028275338,0.00021743869,2962.589046186195,0.010394946,0.00075308647,0.065913437137471,0.007151683230053415
-343.4493,4.3113384,153.45189,3.9353652,-49.213398,3.5629818,60.16071,3.467571,-39.256878,3.1882098,27.930794,3.3001108,-30.582674,3.3388886,20.2985,3.2807574,-9.368552,3.1758668,7.774097,3.0762124,5.1169167,3.2448173,-9.608929,3.0877671,-0.85069495,2.9798253,1705.1234378897998,79.56388976230394,1808.9480962449682,40.05566911923827,0.00045792272,0.00087166385,3666.3650689711426,0.009824454,0.0012060661,0.0812450152262181,0.009240705915793873
-351.61038,3.6971788,175.71062,4.025828,-57.45068,3.6938195,60.657055,3.710445,-35.44873,3.3656306,41.723618,3.178063,-18.478989,3.3942673,21.2054,2.8983827,-12.290839,3.001157,2.901425,2.9736118,1.9155177,3.088506,-0.30522224,3.0767193,10.408391,3.063546,1426.9421336590774,63.90533818970245,1608.5036210913206,37.821473927792276,0.00032552108,0.0006067633,2988.8685469837587,0.009952253,0.0006405321,0.07482372027262181,0.00851900821185164
-333.84488,6.3996058,155.70502,4.187292,-55.459896,3.6273863,70.944626,3.6252937,-34.625343,3.8681457,43.526615,3.555265,-29.818195,3.2947233,23.513323,3.315416,-10.580142,2.9752183,11.100761,2.8393016,3.04794,3.3399508,-3.9541316,3.1587598,7.725472,3.2312067,1755.8465786123288,106.91338112966854,1880.961586434212,60.615572012389,0.0005167233,0.0004995217,3887.2427743438225,0.009967688,0.000831734,0.08782491661832946,0.012111886196183799
-344.9097,4.8170366,161.34105,4.00509,-48.18747,3.872962,69.80325,3.223167,-31.295416,3.4198344,40.2307,3.5271285,-27.41551,3.3126633,23.778538,2.8822067,-7.437714,3.0565035,10.976824,3.1381986,2.4656754,3.0152824,-5.134084,2.8684955,7.4970546,3.1539936,1562.7946737574691,91.67672362176575,1807.296332801125,55.07818805701752,0.00037554078,0.00035482636,3503.966747027262,0.010313693,0.00091899664,0.06919092589907193,0.009130907722539638
-350.84296,3.7668443,168.25229,3.5601344,-55.058674,3.349001,55.202057,3.1285725,-42.12618,3.3609762,34.833767,3.1683009,-31.925005,3.2283483,22.823093,3.2004476,-11.810537,3.1564724,5.728935,3.2642941,-3.0181313,3.0450459,-3.4178925,2.9278152,13.011544,2.9691036,1569.9150934571226,60.0945693116244,1717.0976841992538,37.45961679735261,0.00036065612,0.00040410392,3241.096797509426,0.009703705,0.0008615513,0.08159621519721577,0.006355967829851063
-354.0556,4.4298244,171.7682,3.8644521,-55.8891,3.985674,55.0851,3.5883346,-42.904408,3.6708195,33.517223,3.3322973,-32.76517,3.3551495,22.014502,3.1675646,-14.427306,3.320533,3.337889,3.4518795,-2.0467286,3.341822,0.38009554,3.1378922,14.225359,3.0659506,1540.5863349075728,57.12087057240418,1685.3538441134133,34.749006789140125,0.000386236,0.00066601986,3127.3605169663574,0.009208465,0.00066650135,0.08182279582366589,0.0071943102545164546
-319.2228,7.8127756,150.19951,7.1116643,-68.04262,4.7059617,70.62436,4.919471,-49.647396,5.508261,34.69888,5.489311,-32.773193,3.3226137,14.736338,3.5444312,-14.604077,3.0825236,2.4712462,3.1569808,-2.0268753,3.5888484,-6.0321174,3.3416812,6.8636026,3.2242,2021.0126648986823,157.48941440675713,1844.3630755119266,95.19877696219616,0.0008373317,0.0012819646,4176.042497462297,0.009141278,0.0008132197,0.1291124383700696,0.015946363067837685
-353.17664,4.233243,175.17314,3.6771085,-52.158276,3.748561,61.023563,3.8627324,-31.126173,3.5460713,39.11131,3.34241,-18.177301,3.1946752,19.926434,3.1173384,-9.932617,3.1211467,3.9307094,3.136884,2.5410156,3.2660496,-0.75252116,3.1794424,10.329158,3.2610016,1359.6888824539762,64.76610538742709,1597.4784000594486,36.66689549288723,0.00028959708,0.00056186714,2892.3188601181846,0.010183883,0.0008306199,0.06438968242459396,0.008058802253988723
-349.94507,9.605161,174.81119,3.5420446,-69.313156,9.204399,56.3719,4.172945,-31.279404,3.6856582,35.728962,3.4999242,-23.413673,3.3916986,19.030687,3.2336197,-9.295779,3.4458208,1.949011,3.7455094,-1.9096229,3.5941954,-6.574361,3.270288,9.274922,3.190659,1500.8188483218787,64.43337407109763,1529.3434941126764,64.58649912844598,0.00035857165,0.00031640072,2895.566326946781,0.008966699,0.0011280595,0.08915381199245939,0.01231606178817256
-360.4284,3.5270293,172.10593,3.7565835,-42.380276,3.5315068,66.47339,3.595469,-25.327509,3.4092164,31.3396,3.6031828,-25.968197,3.281013,16.378386,3.1938546,-5.786694,3.236176,8.808589,3.061991,3.3529537,3.0292375,-5.630425,3.1674411,7.9702196,3.0061362,1312.9379918781196,74.20138221782851,1614.6422843244927,57.539959796858035,0.00026063982,0.00053328165,2863.965976653132,0.010289327,0.00094482,0.05754241589327146,0.012789774024160528
-350.06082,4.1975584,161.13873,4.0228624,-49.249744,3.489945,53.952106,3.18729,-37.776276,3.5837765,28.545996,3.3674035,-29.107641,3.3157122,21.230913,3.342753,-7.5506163,3.002582,6.132984,2.8365695,-3.5408819,3.1440985,-10.555394,3.0012546,4.7587414,3.1157224,1587.3980443500304,70.34721009358671,1721.8639090641411,44.8806046968249,0.00040426536,0.0007743201,3299.751044536688,0.009478796,0.0011696783,0.08246968351218098,0.006514972992179872
-341.8476,8.337658,169.25533,7.783825,-54.285103,5.2365236,69.87471,6.15115,-38.30517,4.8036785,38.678753,4.46275,-26.861645,4.6847653,19.382504,3.4607723,-9.166547,4.1244993,7.1351857,4.1148667,1.7622279,3.220317,-4.053459,3.519178,8.774084,3.5214202,1535.345730302716,144.02049140908844,1717.4250261999412,103.60922248244925,0.00041440688,0.0008439329,3392.128985553219,0.010307623,0.0010704801,0.07600986985208817,0.011405069918603513
-328.25522,11.282702,156.19649,5.3952694,-56.888863,4.584748,73.45698,8.371675,-40.64193,3.9247177,34.902153,3.654747,-27.16618,3.872216,16.879976,3.9108121,-11.060698,3.1054223,9.300678,3.0459967,-2.2081676,3.4096782,-5.8966236,3.0928547,6.8067036,3.5958602,1778.907792739046,115.55266740362202,1817.1480263222193,60.250776297814205,0.0005397726,0.00074176956,3830.162299702726,0.010026889,0.0011645525,0.0963817339762181,0.012987730866356418
-351.27637,3.5580115,179.6502,3.7292557,-53.33871,3.6229436,67.09401,3.3731523,-31.796299,3.4367175,34.974083,3.315292,-26.811775,3.120717,15.602758,3.1900752,-10.127377,3.187093,4.962898,2.936256,2.1987798,2.7550404,-4.527471,2.9516542,7.774816,2.7979527,1337.532814012976,55.64745990006922,1569.577932712523,33.92124950230329,0.00027361498,0.0004788862,2838.7606379604117,0.010561264,0.000669855,0.06217938841357309,0.006279762486839973
-350.77365,3.6054683,180.54463,3.1847796,-53.51492,3.1462207,66.28572,2.9838603,-31.277332,3.4961085,34.288406,3.0127065,-25.731598,2.9338942,16.814344,3.0399446,-9.482001,3.2305312,5.30373,2.8192642,1.3958845,3.0316164,-6.4028287,2.7488723,6.471095,3.1583412,1326.1520870244644,56.36970961943167,1554.907465137705,31.133334976983395,0.00025307518,0.00018708518,2804.3874506054235,0.010560524,0.00067389145,0.0633961263776102,0.006413127380035521
-344.72284,3.8393416,162.80243,3.69,-46.14214,3.8502564,52.921276,3.4149346,-40.161335,3.2882638,30.09559,3.3735015,-33.504963,3.1661491,20.758125,3.357586,-9.016505,3.2975628,10.456659,3.3285456,0.04094489,3.2197735,-5.2540307,3.2805896,7.3697314,2.8495314,1571.9772475013804,60.11967609382984,1762.6376032396854,44.59998619486738,0.00037763754,0.00093833,3330.3771547817573,0.010433345,0.0010478881,0.07751663101798144,0.006196707360784834
-350.36026,3.7807326,178.84937,4.6775527,-53.027218,4.0174165,65.13536,3.7737503,-30.35956,3.7393188,33.91221,3.3730936,-24.65954,3.2768378,17.020489,3.044258,-8.192306,3.1153286,6.2083125,2.9159822,2.5763242,2.9446807,-5.3485847,2.898746,7.3282166,2.8848324,1332.011241985103,63.47139778862573,1563.0862897295524,44.53095828701962,0.00030898832,0.0009356775,2825.1462577943735,0.0104982015,0.000754932,0.062081958744199535,0.007118777465367004
-365.82968,6.44845,164.62798,5.399663,-40.018764,3.948574,62.716084,4.007283,-21.067326,4.053862,30.591064,3.833534,-20.22005,3.8922336,17.903671,3.637415,-1.7342476,3.3567276,9.28438,3.0272057,5.355531,3.1817942,-4.134658,3.2412364,7.61701,3.2604215,1330.8124590439927,126.27014531119782,1628.0258234734788,58.06334030440672,0.0002532443,0.0003404777,2910.429732816125,0.010231722,0.002616788,0.054267192937935034,0.013661020054762244
-346.02164,3.5708833,179.2474,3.7263958,-55.67665,3.6724715,66.66758,3.2564616,-33.085815,3.5413773,36.097065,3.1012948,-24.399319,3.1813657,17.028868,3.0613773,-10.296537,2.919043,5.8275695,3.0710714,2.827145,2.8719163,-4.611985,2.7587235,6.9525867,2.9503627,1365.129113614378,60.231667893309044,1578.4784801033054,33.53434408312552,0.0002885695,0.00038379422,2905.1088833200406,0.010588398,0.00068911206,0.0668786706061485,0.008177530865902208
-350.34705,3.6322732,178.5891,4.3113337,-53.848408,4.162123,67.79182,3.7543058,-31.244799,3.832907,35.594418,3.6777132,-25.407337,3.2206993,16.574554,3.0682292,-9.665106,2.933859,5.2979975,3.0842352,1.734262,3.0471513,-5.4789414,2.9088988,6.665256,2.854388,1348.7350575181854,57.38702155353675,1578.1248845094121,38.48392962929048,0.00030670274,0.00078925997,2878.6045578958815,0.010631793,0.0006805284,0.062256425826566125,0.006939132767002528
-357.31213,4.2518687,171.46074,3.5931475,-48.735706,3.6251507,62.67035,3.6583016,-27.054062,3.6738057,35.102993,3.6364841,-24.296553,2.921486,16.976795,3.615028,-5.790543,3.7530599,10.889426,3.1364546,5.0786204,3.2536118,-5.0874677,3.2688835,7.3543487,3.5014515,1354.1595081068574,67.2869109455135,1616.8581533345082,48.31882028969067,0.00027621165,0.00046281685,2903.4851499057427,0.01018408,0.00086008245,0.062451285165313224,0.009132201796118889
-361.88974,4.4866247,172.17664,4.3066397,-42.04624,3.6039965,66.72487,3.4416237,-25.372734,3.335118,32.882915,3.6101897,-23.102093,3.517223,19.937607,3.253608,-3.2847316,2.8577683,8.081819,2.9751446,2.5052109,3.313106,-6.204053,3.1913493,6.8758645,3.132593,1286.8599031974136,79.7316368208549,1608.8418329363199,49.156241493402135,0.0002381434,0.00037976273,2817.5521815182715,0.010564021,0.0010515627,0.05321699173433875,0.00821705536550371
-358.71243,6.4695415,171.20978,4.8176913,-47.756687,4.6023602,69.478165,3.966258,-28.305567,4.09951,36.136192,4.135893,-26.685755,3.5925374,18.854387,3.444737,-7.9977612,3.500502,6.141951,2.9429383,0.4480014,2.8342235,-9.055239,3.2304459,5.966146,3.0563679,1377.7474791073262,94.66765179946549,1651.2406338384283,63.042961484320074,0.00031594528,0.0012433027,3005.1308616408064,0.010386879,0.0006874587,0.05865266096287703,0.007656865262270564
-350.53677,8.812552,164.22282,6.4857545,-49.590298,4.064383,57.225956,3.9231224,-24.038002,3.935446,30.37936,3.4783342,-19.406204,3.4269438,15.855211,3.3764658,-5.382354,3.682832,10.172014,3.3316197,1.4066854,3.693679,-8.36598,3.133194,7.379535,3.7716236,1455.7764975720988,111.5468367913569,1614.94046754199,65.2445524311946,0.00033471792,0.0006214908,3063.635225583672,0.009755605,0.0020975578,0.075208907337587,0.013255205716785535
-353.54605,3.7773614,170.54556,3.4600856,-57.539406,3.2453456,56.69775,3.5766249,-43.433956,3.3458462,34.593323,3.3710458,-32.28846,3.3202045,23.06191,3.3588164,-12.771797,3.339351,5.370944,3.211771,0.6085028,3.091175,1.2402917,2.9487486,13.464964,3.2058191,1567.3820148314126,56.598754311186845,1696.1596038334562,40.29977877817705,0.00037607545,0.0004171008,3205.3496818808003,0.009327272,0.000775533,0.0839866408062645,0.006608904201688746
-348.10352,4.136604,166.98291,3.4883714,-55.51585,3.1746068,56.12919,3.1496332,-43.65048,3.273955,35.241444,3.284204,-31.476934,3.259541,24.832518,3.1499736,-11.190953,3.1903198,6.709339,2.921773,-3.417618,2.973394,-4.3373036,2.8713229,11.646935,3.0809603,1616.892911139716,66.82055004772288,1750.8977205369624,39.325916534249664,0.00039335282,0.00021339592,3386.533350402407,0.009429472,0.0008673621,0.08551492713167054,0.007691409942132423
-350.5514,3.848644,176.6245,3.814411,-54.072433,3.560698,66.5749,3.5290565,-30.42473,3.1450875,35.651676,3.1873786,-23.60982,3.1047685,17.934874,3.2881277,-7.5060635,3.157967,6.567154,3.0708306,2.7173495,2.9093022,-5.3669305,2.9847195,7.440321,2.9609094,1358.6684239957153,60.64772696965258,1586.3446044241632,34.18281418622351,0.00029430536,0.0007034851,2902.8606370540892,0.010551238,0.00078031456,0.06253058838457076,0.007311606556009167
-348.2705,3.8260696,160.19975,4.419382,-46.11121,3.465984,53.332684,3.4407446,-38.442547,3.5081773,29.176746,2.9695385,-30.520233,3.583694,21.952013,3.0223925,-5.2515545,2.9195416,11.799598,3.207187,0.41425872,3.3140652,-7.417194,2.9242263,2.565284,3.205087,1586.5446857002348,78.66000404795805,1757.6982125697132,44.999380156808925,0.00037868213,0.0008203951,3367.6980427965486,0.010139206,0.0014893725,0.07901999347447795,0.006805116665461258
-345.18387,3.7525678,177.6526,3.4122763,-55.38079,3.6654575,65.52612,3.4480085,-32.22797,3.0917065,35.57163,3.1656334,-23.20074,3.1227605,17.638735,2.8336754,-8.827407,2.804052,6.183178,3.0114536,2.594014,2.9620516,-5.4029922,2.8640926,6.3663535,3.0448413,1373.479741915371,58.47302634419759,1581.0656681590192,29.878651859570716,0.0002940301,0.00037578875,2919.6475425065255,0.0105438335,0.00073095266,0.0663076874274942,0.00686788510296005
-348.43115,4.181529,158.17873,3.9268663,-49.08797,3.4082184,59.05503,3.191957,-38.99393,3.4105127,28.263088,3.2888248,-32.364254,3.0953727,21.125967,3.2378135,-8.2128,3.476559,10.693806,3.3145819,4.0512733,3.2522793,-9.189644,3.1599853,-0.33720365,3.2214484,1634.0127141158569,75.62729993183724,1772.4155428433496,42.756718229155474,0.00036945738,0.0004077306,3465.396833309165,0.010026019,0.0012201556,0.07989799340197216,0.0075708657233363895
-347.84332,3.6564503,176.75787,3.264299,-54.991055,3.120842,67.07751,3.462765,-32.028088,3.1705866,35.33022,2.917525,-24.612213,3.0415246,17.884504,3.318018,-7.8155,2.9659152,6.4769006,2.97919,2.3086207,3.0052128,-5.6303177,2.8555627,6.435911,2.866684,1382.2386112058332,60.80194041845663,1593.0098904313295,31.737050993828188,0.000281127,0.00027498679,2946.201828958817,0.010483231,0.0008166436,0.06519291074535963,0.007225544804691077
-349.11597,5.937801,178.78267,4.254366,-55.399883,3.7001,67.598915,3.6242688,-32.047115,3.9066544,35.894222,3.1973634,-25.36138,3.2243276,17.346888,3.262768,-9.2453985,2.845484,5.8992925,2.9328015,1.9586289,2.9739184,-5.9398823,2.8061147,6.3058276,2.6971848,1363.4030187633336,93.24106685535585,1579.6108750556023,41.92388539551041,0.00028980037,0.00040030922,2898.21426143779,0.010501318,0.00072681776,0.06513966429814386,0.008462050964713108
-360.50864,4.7000847,170.38432,4.467558,-44.87068,4.289273,68.45627,3.6372745,-26.361162,3.8530366,35.23737,3.5333285,-25.019794,3.3319128,19.84621,3.3553588,-4.9301386,3.0953171,8.740232,3.1473114,2.4368742,3.5107918,-7.4175406,3.2006967,5.8383837,3.0267668,1343.169367484883,76.17897597873308,1645.8741264369223,56.18387515111214,0.0002807093,0.00082754396,2947.27599106366,0.010449399,0.00070956076,0.0558611876450116,0.007254811267092716
-351.73175,3.8025784,178.97513,3.7628973,-51.026405,3.3042872,64.233185,3.3992393,-30.018532,3.3673563,32.994553,3.0999036,-24.827328,2.8041084,15.73851,2.9506767,-9.199831,3.0417597,4.693505,3.0866978,2.7528894,2.801086,-4.531558,2.9264565,7.422551,2.8964038,1316.6089526662552,55.34461187737677,1554.1821020986013,33.76317049082658,0.00027705287,0.0005365726,2781.605221777117,0.010474706,0.0006716322,0.062280216792343385,0.006952151617481483
-348.66107,3.9316733,165.25722,3.8145792,-49.721844,3.5649316,56.279655,3.7615323,-40.410526,3.3052614,33.031876,3.2152016,-31.221922,2.8567758,23.535782,3.4061747,-7.8487,2.918365,8.223412,2.922765,-3.5561728,3.173488,-7.5761743,3.1714528,7.6656694,3.0431702,1576.1037178957297,65.02248333938404,1750.7857801306675,38.273340003937115,0.0003986461,0.0006631218,3346.7144109810033,0.009616738,0.00086874573,0.08011664370649652,0.007596067262385735
-360.68265,4.063127,168.2724,3.9307911,-47.777245,3.2357833,62.490494,3.4714017,-27.473797,3.3469431,36.07073,3.2905579,-20.988451,3.053218,20.811909,3.2803643,-5.2354703,2.9937441,7.3392534,2.89132,3.1684175,3.1365304,-3.579542,3.265372,8.05176,3.3440301,1381.9099001631537,67.17751870646508,1648.1956009237547,39.38123358410302,0.0002700768,0.0005628139,2991.091812735644,0.010409183,0.0010943133,0.05374719040023202,0.008812935094426813
-350.66144,4.3321476,180.02005,3.5229418,-52.392345,3.1527345,64.824165,3.099238,-31.350683,2.9593492,32.972534,3.0595827,-25.951174,3.1731577,16.453966,3.0268726,-8.506689,3.103861,5.8606806,3.0551257,1.9230303,3.119743,-5.136659,2.8551798,7.7470975,3.1322427,1323.0710110800367,57.9565435852096,1553.5548989767462,32.69233694918501,0.00025259523,0.00028923043,2789.149337025087,0.010575942,0.00072363403,0.06248300645301624,0.006794561577756846
-348.0253,4.0111904,178.74663,3.400753,-54.32103,3.0060472,67.0939,3.1839573,-32.13799,3.3915985,34.74719,3.0780728,-25.650772,2.8594563,17.206879,3.0190818,-9.314498,2.9302344,4.693027,3.051757,1.2327615,2.9192662,-5.8753705,2.9695477,7.125727,2.6529047,1360.2816784084218,57.925562869639236,1577.0516808876355,31.25496952616206,0.00027132803,0.00021547958,2887.3477378190255,0.010513381,0.0006979615,0.06473521787993039,0.007070672538546365
-358.35867,20.851849,159.67575,19.004984,-44.72439,4.3392153,66.45699,9.112842,-30.726006,11.986701,34.511036,8.755988,-24.427864,6.149641,18.69028,4.3653555,-6.4568233,4.805751,8.937583,3.9953506,3.3664687,3.5417855,-4.2407207,3.064853,9.764777,3.0836904,1598.6190972729296,571.2424915434362,1735.36044290648,234.52695880597577,0.0005516762,0.0023770647,3396.450614486659,0.009231211,0.0011249448,0.0828106873549884,0.061834271475066115
-347.53473,3.5102456,177.81917,3.579217,-55.127842,3.381309,67.60791,3.084546,-32.74295,3.5740092,35.467945,3.0227935,-24.82759,3.0758567,18.072372,2.9950514,-8.070828,3.137525,5.9973984,3.1546283,1.5151892,2.967319,-5.8682566,2.9136693,6.8776712,2.7478085,1373.149423288214,58.346295399577365,1589.4148715469123,33.02784880383703,0.0002885371,0.0003436892,2932.8622344475057,0.010518873,0.00069272734,0.06576842553654293,0.007797814148438484
-352.71295,3.8740835,167.4175,3.7993512,-53.158905,3.5948627,52.306335,3.2692356,-40.357925,3.4202316,31.548607,3.357372,-28.885763,3.4263127,21.766178,3.2982507,-10.845157,3.1052356,4.6534553,2.8999565,-0.39821905,3.0880733,0.32411104,3.0837128,13.871596,3.0792823,1534.131743332382,59.973932560553145,1679.7111579956722,38.518462717546775,0.0003375684,0.0005758556,3136.903073339617,0.0098115215,0.00088586746,0.07780212260730858,0.006963038684309179
-364.15714,4.4222093,166.05539,4.292341,-38.669518,3.8736687,61.505287,3.990754,-21.811153,4.090903,29.355642,3.5192182,-19.640802,3.52753,19.085997,3.8981404,-0.67690593,3.3536777,8.327527,3.3235207,4.8100905,3.284019,-4.30226,3.5918987,7.6416087,3.0465798,1291.673635171049,94.62950654720342,1612.2634174724735,52.250621100358124,0.00024762788,0.0005893394,2826.9448548071346,0.010475431,0.0014323294,0.052003652479698376,0.011301145031254605
-342.434,4.199307,164.6762,3.9673645,-51.919003,4.0891657,62.868954,3.6806412,-32.376423,3.8793812,41.101273,3.511896,-21.725794,3.3492029,22.075588,3.2409167,-11.051216,2.943431,6.326605,2.9757392,2.3224015,2.8944387,-0.6163227,2.8823283,10.689393,3.2711885,1533.0059511236875,76.57032531447273,1740.3103743334625,46.076407794121906,0.0003945429,0.00057401496,3345.9150345308876,0.0100955665,0.00081069104,0.07336227523201856,0.009544294647806777
-346.31232,3.5500045,167.2769,3.9112487,-54.04735,3.8399894,53.4904,3.5019321,-42.69604,3.3652196,34.870544,3.1827219,-30.803904,3.2892191,22.279783,3.0312488,-14.114652,3.1913083,3.8251724,3.469308,-0.42727637,3.364187,0.14641608,3.1341195,12.887679,3.1498117,1594.4286689656224,63.80373686436462,1731.464318069047,37.14380860936947,0.00042363122,0.0006957797,3302.6987451964906,0.009380769,0.0006668017,0.08576643162703017,0.0073656075052579316
-347.4096,3.3692222,176.09401,3.377254,-55.660187,3.1802866,66.88564,2.917688,-31.314964,3.200777,36.229774,3.0779138,-24.519339,3.0465717,17.690302,2.952764,-7.6823153,2.8426094,6.332415,2.895155,2.1324928,2.880459,-5.865362,2.97716,6.256923,2.991823,1392.608537636329,59.87718144473442,1596.559064522252,29.48541052300792,0.00029286795,0.00030282352,2957.7428264573664,0.01036789,0.0007406461,0.06608223970417633,0.007244909773218389
-365.483,4.1351485,174.07265,3.8989816,-42.729996,3.3266156,68.198814,3.403498,-25.13782,3.3217545,33.786697,3.4570827,-24.74636,3.1991467,17.841242,3.0637755,-6.653675,3.0070739,6.284053,3.0694752,0.2222398,2.9505942,-8.2983675,2.9488878,5.6516476,3.2651148,1276.0689533234681,70.11647230893209,1594.1704457421326,47.96752378592618,0.00022680283,0.00040933845,2783.1540136492167,0.010436764,0.0008106666,0.053862746519721574,0.008464155477193284
-341.73935,20.128138,174.42285,6.1506424,-64.133385,9.859835,65.5784,4.952047,-38.36212,4.2771573,37.132027,7.281014,-28.151287,3.7493389,16.669092,3.7600527,-11.020572,3.4682877,3.4358032,3.529954,0.71523756,3.1210947,-6.5082803,3.2686634,6.1134224,3.095643,1532.5061784715208,115.16128714592436,1623.7744582798732,63.4082720295026,0.00042567644,0.00073961314,3193.483937699391,0.009731809,0.001915156,0.08365016857598608,0.013685929649734795
-362.98373,7.944495,167.75725,6.4933977,-42.971523,4.756905,60.91834,4.566385,-24.806324,4.3887663,31.12369,3.948625,-19.647377,4.7871056,20.231348,4.617403,-2.0835388,3.623383,7.8842597,3.5357544,4.5307417,3.2697365,-4.590322,3.831293,7.6407146,3.9521382,1335.704201091319,115.38766787683726,1613.9112384895614,65.71393071916286,0.00027015546,0.0005300825,2883.076069913718,0.010287846,0.0025060745,0.05716062753770302,0.012115767385488758
-353.01697,3.773595,180.66013,4.0684137,-51.526043,3.5029378,65.388054,3.5671346,-30.420996,3.5874214,32.81313,3.1498034,-25.524416,3.0741625,15.547545,3.033407,-10.138111,2.8738809,4.2643466,2.9381585,2.2847176,2.8570867,-4.951889,3.0281396,6.8806515,2.8173838,1304.626876632833,57.588476585375275,1542.3988522907175,37.7328096127768,0.00028022483,0.00084111595,2759.8971550536544,0.010544511,0.00072043197,0.060815373042343385,0.0064046415891691934
-342.39816,4.367708,166.7373,3.7198477,-57.895348,3.4688196,65.793076,3.103995,-35.875473,2.9739392,44.570892,3.0875401,-24.250273,3.4356773,23.685863,3.0005405,-13.660371,3.056816,5.563114,3.0628314,1.6686724,3.1020963,-1.2025464,3.1335878,10.651075,2.9359171,1584.182379649254,77.48007898941663,1750.3603541209184,45.203129492926244,0.00039888237,0.00034101086,3421.1563428980567,0.009902142,0.00067741174,0.08047350819315545,0.007971416064781762
-367.6996,4.69289,174.10405,3.6136558,-43.91525,3.4872134,71.164856,3.1041825,-26.908194,3.200652,34.864033,3.7165787,-25.802782,3.2599063,18.850916,3.1967943,-7.2660036,2.8738256,6.8622594,3.2357788,1.1299335,2.9925234,-7.6754403,3.2353644,5.98568,3.2473555,1298.4741955190543,68.59057021264445,1617.1830180452823,50.276470040545185,0.00022716536,0.0002767585,2863.316483287413,0.010284928,0.0007312674,0.05385594910092807,0.00957600497698752
-350.7249,3.9055953,165.72795,3.6459432,-51.15588,3.6472821,52.237938,3.4537668,-39.6806,3.0263553,34.824024,2.9400868,-28.03577,3.288473,21.979853,3.2067358,-12.460188,3.1353116,4.1252317,3.227801,-0.18830928,2.9511817,1.307444,3.1546617,14.337569,3.1445446,1549.6129947798818,62.960536956655396,1715.7312770110318,37.48884301677571,0.00032925242,0.00034340066,3213.66819306482,0.009939484,0.0008044841,0.07863933802204176,0.007064435478289367
-363.5523,4.1908016,172.02713,4.2730594,-44.06686,3.7818906,69.5285,3.7541034,-26.870975,3.5082057,34.319756,3.584418,-26.837343,3.2473195,18.09832,3.4776754,-7.1069627,2.976397,7.362779,2.8544433,1.7053634,2.9724786,-7.6905146,3.1977942,6.5152802,3.3827693,1330.1280844650953,77.14916961926664,1635.072880081491,59.65921973071489,0.00025670373,0.00050759234,2920.7966461535675,0.01036442,0.0007594504,0.05595408570185615,0.00926878173897631
-353.80756,3.7849922,172.21448,4.365056,-58.15909,4.4771624,55.727787,4.273662,-46.006573,3.5038748,34.503487,3.5449643,-33.277325,3.2714407,23.8182,3.0385864,-14.263926,3.0336714,4.0756154,3.3626344,-3.1752841,3.1949465,-1.3118653,3.128923,13.221874,2.9990902,1565.9137440639663,62.56529845792545,1699.4115573928266,43.44376389834123,0.00042831677,0.0013337444,3197.9804302312937,0.009312153,0.0007227342,0.08205843967517401,0.008164773690062329
-348.32278,3.561372,178.03242,3.7854085,-53.985813,3.3254194,67.907295,3.5492353,-32.951878,3.2517157,34.301365,3.2256362,-25.849949,3.1252084,17.731165,3.053329,-8.351715,2.9966836,6.362932,2.9970305,2.0430114,2.8595073,-5.8258853,2.971138,6.450385,2.6592717,1364.841743157511,64.65962492122486,1588.0242688505086,34.49421308035324,0.0002873634,0.00046091556,2920.896568209832,0.010683708,0.0008042066,0.06439534694025523,0.00801324048536757
-349.96722,3.609007,178.42006,4.3902454,-53.49539,3.8925872,66.40311,3.6891193,-31.478548,3.6738791,34.6707,3.2616324,-24.411016,3.3242946,17.199451,3.1124077,-8.988494,2.9529586,5.336338,2.8169382,1.6666396,3.1179354,-5.814441,2.7718818,6.2776713,3.1106305,1347.9909782841326,66.12127266723691,1574.4134290245645,41.48931027150143,0.00030824443,0.00077787746,2867.5631706786544,0.010475838,0.000760002,0.06383116118039443,0.006999533245081582
-337.96704,6.6697617,164.65306,4.1122556,-55.011242,4.2952843,62.262062,3.6671822,-28.992022,3.9380991,32.139362,3.5501711,-21.51369,3.0785198,12.007611,3.366739,-6.133343,3.2957938,9.355654,3.0561845,3.8104115,3.268316,-5.9913425,3.0736966,6.3686423,3.0703533,1506.2448434124647,86.22910326577448,1636.324147247449,42.39958517450939,0.0003672415,0.0007638384,3209.9460964689674,0.010369229,0.0011014028,0.07439321708236658,0.010971293641015489
-362.4192,4.2578526,171.71309,4.1526337,-42.948685,3.7582812,66.45312,3.4003506,-25.4973,3.5452266,33.24394,3.2886534,-23.26008,3.4614677,20.095623,3.2733564,-2.9279065,2.915932,10.262593,3.2089355,4.8428016,2.8502767,-4.820267,2.909345,6.83371,3.1338649,1301.790698662283,79.12772374881808,1618.076153269378,59.11555396214155,0.00023856919,0.0003217802,2853.0744725203017,0.0103723565,0.0009318537,0.056915920461136894,0.010754076284525913
-320.70267,6.637244,141.81586,5.416588,-80.4036,3.5744185,72.30959,3.9214435,-50.943405,3.7690623,30.933254,3.5764182,-33.657593,3.5171077,17.74287,3.1690614,-17.452543,3.920269,6.334987,3.208508,-6.7786665,3.144073,-8.685576,3.4297576,8.778686,3.5482583,2202.6571637410775,114.38870341494169,1822.5815084296817,43.10642417559443,0.001131973,0.0022015504,4203.046433167779,0.008345687,0.0007381336,0.15420737565255221,0.018702694129023943
-335.76523,5.9224777,158.63823,4.689325,-57.80078,4.106623,73.998566,3.7621155,-35.640507,3.7541635,45.219658,4.045097,-31.637398,3.652186,25.156435,3.4775043,-11.865507,3.2791264,10.786182,3.1691198,1.3643062,2.7960522,-5.0271964,2.9422283,7.3771014,2.945212,1749.9502825547536,95.82665286743241,1879.0318535413116,56.933931473619126,0.00057165435,0.0015243404,3864.1108183185906,0.009959761,0.000698385,0.08613575804814386,0.009761940792735638
-348.42053,3.7190032,177.4454,3.2918189,-54.32943,3.1143289,67.53629,3.0570185,-31.854036,3.132694,35.378838,3.1165771,-24.73032,3.1346102,18.10265,3.051343,-7.908876,2.9171085,6.673253,2.7306225,2.7403996,2.7751398,-4.840664,2.8587844,7.1393347,2.8724236,1360.5239610592441,59.163126797296414,1589.7181311611569,31.47011394662293,0.00027093635,0.0002540454,2911.928563660093,0.010586133,0.00073057075,0.06395464762180975,0.007411529006788637
-342.95523,5.47783,159.5658,4.9493175,-51.989468,4.2127204,72.09241,4.1248894,-33.23565,3.978071,42.93517,3.602125,-29.159227,3.6344478,24.595596,3.3385022,-9.136581,3.1565208,10.914853,3.2180266,1.3658396,3.2925875,-5.0640364,3.1950805,7.436399,3.119609,1647.4088517435612,92.49986164281793,1848.3791857787683,60.72834590748283,0.00048093853,0.001242585,3694.8678355205916,0.010155786,0.000659628,0.07598721178944315,0.010450875489184611
-350.05768,3.5460567,177.04227,3.840259,-53.058296,3.35942,66.13675,3.4297295,-30.672626,3.676757,34.55707,3.3732722,-23.599947,3.133831,18.008121,3.1781301,-7.4963083,2.8905144,5.9803,2.7662833,2.300818,2.844097,-5.216772,3.0773008,7.1384044,3.1137822,1346.8854084806057,56.2564764546929,1580.3823767386511,34.4172061440657,0.00028728374,0.0005833357,2878.829382522477,0.010612096,0.000723464,0.06247734193735499,0.007900829893728456
-349.7286,3.8529632,179.40526,3.6066084,-55.173145,3.1553857,69.04655,3.3301055,-33.610935,3.19758,35.473007,3.285612,-26.055155,2.7665591,17.946033,3.2118604,-8.723642,2.953404,5.963653,2.9159446,1.274705,2.986235,-5.8694773,2.7512321,6.810184,2.909035,1365.757965331848,59.83306662360118,1584.98947661362,33.26859235844256,0.00027999489,0.00033133032,2920.6717435832365,0.010485868,0.0007692347,0.06504789914443156,0.007412897978409999
-344.7429,11.002473,180.84346,4.6833735,-56.348064,5.809576,58.64349,4.412295,-32.48516,3.96364,32.629288,3.6669705,-24.716747,3.5746844,16.594574,3.266364,-8.67259,3.1475582,5.690852,3.3433406,2.9799092,2.9818983,-4.041892,3.1754284,7.99512,3.3358476,1345.781855926858,64.27534281198348,1530.0375478278354,47.34268406655121,0.00029411065,0.0005852829,2748.5560016676336,0.010572602,0.0011744043,0.06757427312935035,0.007442138719777231
-346.97903,3.80929,176.65372,4.0559487,-54.639458,3.6555085,64.82402,3.6333215,-31.413754,3.4643939,35.16823,3.4833522,-23.262993,3.108129,17.067764,3.317453,-8.317926,3.2085297,5.9586205,3.0318115,2.6530063,2.9275973,-4.927562,3.091726,6.565647,3.0498054,1372.1798036971654,60.74935133453683,1583.5991959365538,39.463298766561095,0.00034335573,0.0011425264,2913.976965813515,0.010411217,0.00066998415,0.06661696998259861,0.007361762509539434
-349.93338,3.7305799,178.9898,3.5742502,-54.454475,3.6354415,67.26891,3.0077274,-31.89454,2.9992797,35.7038,3.4623163,-24.765127,3.024435,17.499401,3.0703337,-9.083389,3.028332,6.1607323,3.0233917,3.2532356,2.7959933,-3.9523206,2.9143934,8.100838,2.9526386,1345.077138748233,57.00441999311474,1576.710502760104,32.26467882569139,0.00027574212,0.0004182431,2873.333669427929,0.010554668,0.0007031167,0.06219298325116009,0.007171636197208001
-337.46753,10.536177,171.92383,4.6313024,-70.54479,8.194203,64.03763,5.192461,-43.243126,3.770977,42.875435,5.8373027,-28.847792,3.7978034,19.737013,2.9839544,-13.126343,3.0228066,4.8711185,3.1777296,0.9661855,3.3585596,-4.380765,3.0736072,8.856053,3.0301335,1643.8619675129712,90.59610322722554,1679.3414446126408,53.4937109469291,0.00048367787,0.0002773173,3405.043911325406,0.009221432,0.0008547263,0.09362424775232019,0.012082442551691457
-343.00278,8.633795,177.82298,5.5740533,-56.48905,5.9253354,61.373024,5.930602,-33.557457,4.0388823,29.391884,3.4708133,-28.117683,3.3191328,14.591071,3.2774267,-9.18914,3.1703823,5.6440854,3.59148,0.859608,3.4823785,-8.814463,3.0547378,3.1407804,3.3304665,1395.7986228580676,64.00387694464146,1549.0155360214885,63.84866928360625,0.0003186384,0.00063275336,2871.13538419011,0.010484963,0.0010192447,0.07219765081206496,0.008724807497262975
-357.9012,7.2228565,172.74771,4.771476,-48.237846,3.9576197,62.581017,4.2317343,-28.668617,3.6366987,33.949684,3.5463798,-21.092377,3.5163329,19.649502,3.482753,-6.7614684,2.9769468,4.999355,2.9812624,1.4864565,2.9940722,-5.172533,3.2672374,6.711002,3.084567,1352.9233795193038,86.94567553311275,1602.1640810100619,45.66599661726552,0.0002816008,0.00047514334,2891.5694446962007,0.010241291,0.0017012244,0.05935619380800464,0.00976953614970437
-352.49304,4.0818872,167.53539,3.9862888,-56.722473,3.8630545,55.209473,3.9216225,-43.001316,3.452647,33.144123,3.3181393,-32.78169,3.404443,20.837252,3.061248,-14.857078,3.0906153,4.166405,3.061294,0.56523705,3.1956084,0.8726122,3.232385,13.504347,3.605781,1596.931752448022,65.47469401539821,1712.1739050996478,39.24074954621299,0.0004068382,0.00054685865,3280.441107163573,0.009159657,0.00082949875,0.08369661760440836,0.0073533636408209275
-363.10977,4.4790688,170.68271,3.8051052,-43.764004,3.1268027,68.001785,3.161499,-24.615358,3.285267,35.22128,3.4982038,-22.567562,3.7228496,19.31591,3.6433334,-4.8930554,3.1827738,9.069482,3.1173325,3.0360775,3.1190896,-6.0897374,3.0902312,6.609768,3.0860524,1311.9961662287578,75.32690436595915,1627.7232167507239,54.02188971875969,0.0002363661,0.0002631333,2898.1393198955916,0.010319176,0.0009182288,0.05658737855278422,0.011745622680928713
-352.59128,4.0283384,173.992,3.887464,-47.22801,3.55857,62.7209,3.4725559,-27.013428,3.080146,31.707376,3.305056,-22.312834,3.3561807,17.55155,3.2843585,-5.0517664,2.895891,7.385105,2.8975294,3.6343954,3.05568,-5.1360364,3.0403557,7.4478846,3.0238094,1315.4288652570237,64.01393065019688,1578.3144195444343,38.005826313126434,0.0002591877,0.00049861916,2819.875369326421,0.010739362,0.00091244065,0.05702128045243619,0.007555788706032067
-341.16025,5.7165184,154.57053,5.354514,-44.052197,4.5751266,54.269142,4.063912,-34.53536,4.0994186,31.33393,3.5490534,-31.184305,3.6322763,16.428955,3.5001912,-9.408395,4.02058,6.841878,4.467842,-0.006401133,3.7425377,-4.7525897,3.630148,5.970085,3.3125167,1655.7661916503312,119.40371379530906,1817.743521292568,66.3216384236255,0.00053679175,0.0016021258,3620.3010010332077,0.009765857,0.0025632407,0.08142061521171694,0.015349919553993419
-355.32794,3.8962767,176.14653,3.9810834,-52.27067,4.078387,63.00397,3.2441483,-31.016293,3.50804,39.096615,3.5502381,-19.57826,3.1726851,21.369663,3.1824245,-8.085972,3.066323,5.713645,3.0274727,2.7320242,3.0498087,-2.2364893,2.9074552,9.225505,3.1926823,1347.7616778330544,65.06614355231369,1600.894438043231,38.761836308583995,0.000285658,0.00046676988,2879.3289928037993,0.010193181,0.0007654738,0.06103515625,0.007324558613054404
-348.9211,4.183054,165.86699,3.8067298,-48.72497,3.6719291,53.51199,3.6587663,-43.183468,3.7190895,32.349735,3.3466425,-31.78667,3.356804,24.644527,3.3485513,-7.5143285,3.1649623,9.656379,3.098593,-2.727705,3.210517,-7.619433,3.2146308,5.984373,2.9493647,1572.8799495043863,61.57950766618902,1760.5368411702455,39.59445348523729,0.00038988166,0.0007299037,3338.7456269939094,0.009820864,0.00094813143,0.07870844511310905,0.006580537058945581
-349.69385,3.3392572,178.18492,3.787477,-52.343334,3.4784365,62.501488,3.5707219,-29.12791,3.239083,34.00569,3.2038512,-22.436077,3.2375264,16.56524,3.1306067,-8.183348,2.9217763,5.4086313,3.0587535,2.6851034,2.9753501,-5.436234,2.9821475,6.613255,3.1996813,1326.3646078712095,61.73259131485362,1551.73371622182,34.24200057943338,0.00027527,0.0004391077,2795.6192901682134,0.010466839,0.00075668,0.06217938841357309,0.007608286782624112
-347.9982,5.479387,164.51758,4.293914,-48.594337,3.7064474,69.02735,3.4747343,-31.005308,3.551827,39.836548,3.3227859,-27.029818,3.6392577,23.617529,3.1739929,-7.3487244,3.098561,10.373903,3.2048814,1.9203513,3.1062925,-4.9582553,2.9251096,7.77565,2.909648,1512.6210315375945,99.20639228165354,1769.5481260391805,58.09683573627895,0.00035385802,0.0004571767,3359.4794536687937,0.010292509,0.00088323397,0.06703274543213457,0.010291505437023863
-347.8359,3.35902,180.62378,3.3271127,-58.01856,3.1064003,68.97505,3.2688127,-34.484077,3.4833639,37.835674,3.200123,-25.958467,3.127053,18.748432,3.0113113,-9.71918,2.8365355,6.375661,2.939478,2.1856883,2.8375456,-5.540822,2.8370905,6.8756423,2.9040804,1369.4780471105341,58.05419137311551,1584.8280856665363,29.97793156436011,0.0002898204,0.00033716284,2917.524198810905,0.010564992,0.00067317934,0.0662986242024362,0.007894490601208552
-351.57858,3.8071077,167.78436,3.6256325,-56.57729,3.8337636,56.320404,3.507207,-44.49664,3.3689184,35.09718,3.2242105,-32.727077,3.4245865,21.970976,3.116666,-15.501357,3.1183925,3.021949,3.5037038,-1.6854662,3.1411831,0.616536,3.0224445,14.910372,3.1457198,1619.6922595230362,60.680738660492594,1737.3705484857276,38.86521764622477,0.00044242473,0.00066109275,3367.148471487094,0.009002864,0.0007032035,0.0874895772911833,0.007227902095776667
-327.03046,7.937538,157.494,4.6868563,-87.363396,5.0192857,56.01592,4.503771,-52.196228,4.7199116,29.099693,4.008748,-42.938965,4.1590137,16.983606,3.505384,-20.694592,3.782251,1.899812,3.519776,-3.47232,3.3237193,-7.8623805,3.4764965,5.2258263,3.3702786,1917.9958026827192,71.02007890458015,1699.6556609329973,51.78408902891698,0.0007314583,0.0015281609,3664.441569388051,0.009109169,0.0007608339,0.12075614486658932,0.010559156654900682
-351.40952,4.099593,165.05391,3.8239496,-51.67378,3.557094,56.030148,3.3218415,-41.460575,3.4223375,32.416565,3.2741778,-32.163227,3.1294558,23.069592,3.1139688,-7.689591,3.0559208,7.7372146,3.003439,-3.770371,3.0736668,-8.520168,3.1386433,8.31423,3.3771348,1582.2586999585233,65.77036010525752,1736.2992196485038,40.03874348073579,0.00038435112,0.000592962,3328.078947487674,0.009604478,0.000894724,0.08158488616589327,0.007320925931742697
-362.61346,4.1608644,169.3245,4.0487833,-42.192192,3.7252002,64.73348,3.9369898,-25.549158,3.605133,31.38993,3.4887261,-21.78059,3.0802536,20.199528,3.148936,-1.8567296,3.0608954,9.574202,3.286881,3.9211423,3.052628,-5.946099,3.2462745,6.854362,3.079168,1309.7842124969604,75.69074763800675,1621.1946497703211,45.72978589281965,0.00024154154,0.0005067508,2878.104947614559,0.010572799,0.0011398905,0.052463611151392114,0.009002001096323504
-351.65436,3.7578933,181.2037,3.7997875,-54.529957,3.3534403,66.05909,3.3835511,-32.443573,3.408372,34.690884,3.4431078,-26.343716,3.1932902,16.564562,2.9825594,-10.098261,2.9285617,5.517728,2.9203641,2.4705553,2.93386,-4.849035,3.0317047,7.592427,3.068161,1332.822568590704,63.42610391220619,1556.415495024586,32.89915554275767,0.00028107697,0.0004177181,2810.6075986078886,0.010352294,0.0008004034,0.06400789406902552,0.007853060609209811
-354.42038,3.802962,173.2355,3.7768786,-52.061085,3.6041987,62.74544,3.429844,-30.818562,3.2762568,38.820076,3.7433798,-19.288296,3.5928836,20.813873,3.132816,-8.252851,3.2372036,5.6214004,3.1013887,2.7625353,2.9662073,-1.7752175,3.115106,9.80217,3.181399,1378.7290036725112,70.35291835748484,1621.949995459079,35.845699080670954,0.00028401395,0.0003216026,2960.140955807715,0.010131416,0.0008284662,0.06106687753770302,0.008095560744694068
-336.24057,5.084479,174.33119,5.4473057,-63.87025,3.9753518,72.066666,4.009946,-44.251377,3.5732217,39.130802,4.2732754,-33.26577,3.9384122,19.578527,3.369242,-12.955418,3.3440711,4.964018,3.4468863,-3.2502782,3.0071125,-5.8357406,3.41042,10.566661,3.0270882,1594.3668332518898,93.83539763591348,1706.3729412744476,66.57783262445204,0.0004948015,0.0014184631,3435.3952359157483,0.010084811,0.00065523264,0.08443300464037123,0.01043251354529451
-353.49402,3.7837486,169.03067,4.1155095,-55.196754,3.9947553,56.890194,4.064246,-40.85954,3.502357,39.481865,3.9705048,-28.372398,3.562799,24.822065,3.17536,-14.122018,2.9348912,3.5278983,2.960911,-1.5921583,3.139554,-0.12678143,2.9608197,13.674795,3.0719492,1556.6886186874067,63.1593948837612,1729.3826085879255,41.82300543609322,0.0003844266,0.0007238661,3253.0125027189674,0.00955835,0.00077764405,0.07807741806844548,0.007884248216487083
-352.07306,4.456535,169.46683,3.7826931,-46.732655,3.219,60.64373,3.0107915,-25.483183,3.1296382,30.5329,3.2744176,-20.70349,3.0610547,16.196571,3.2165313,-4.8704214,3.1206846,6.389132,2.955349,4.1426167,2.960936,-3.8325546,3.1210177,7.7222877,2.883856,1348.0194191225619,76.36966495359538,1594.8235224956898,40.16351229461482,0.00024404812,0.00015795913,2892.3188601181846,0.010633393,0.0014352058,0.05876821708236659,0.010521606546073377
-344.00732,4.7818456,166.14671,3.789706,-54.119328,3.1149712,64.55002,3.31494,-33.900364,3.1220772,42.501858,3.4438558,-22.883953,3.1139555,22.872467,3.2552357,-11.279204,3.0698419,6.933072,3.2179055,2.1069012,3.1776755,-1.145168,3.0321987,10.744452,3.1237898,1540.2109083451223,81.78177930722761,1742.135030575452,46.73789173071445,0.00036368417,0.0002184887,3360.803420914298,0.010060246,0.00082522864,0.07213987275232019,0.00892417417373814
-349.76007,3.5774436,177.86327,4.051095,-55.45091,3.7598622,68.34073,3.6825206,-32.46891,3.0285623,36.77547,3.611083,-24.39793,3.379525,18.733437,3.4970028,-7.8868732,2.921526,6.198936,2.6522284,2.149383,3.0366302,-5.6341157,2.9388735,6.3685055,3.0051472,1369.614427470658,60.58969582273007,1593.3451873408587,37.85615210279446,0.0003235624,0.00091614923,2931.1635594910094,0.010468387,0.00078106485,0.0642627972737819,0.0069529408006063
-353.61176,5.0322685,171.61514,4.8049603,-51.41148,3.845119,58.297314,3.5049706,-30.058695,3.4883375,37.428757,3.5498626,-17.65847,3.2409818,18.998959,3.4555705,-9.632251,3.0598505,3.1705904,2.9289694,2.1465645,2.8402429,-1.229238,3.0766513,10.0548935,3.1665125,1396.1584631689304,92.72710846163775,1607.123270647925,47.34235180620333,0.00030982922,0.0004740619,2946.0769263884863,0.0099025825,0.0017732059,0.06684808222157773,0.01159944989551655
-350.73593,3.300211,178.45021,3.7294314,-54.251633,3.4471805,66.35795,3.3530052,-31.056667,3.3141313,35.40554,3.3390448,-23.776197,3.1148958,18.3414,2.784708,-8.028919,2.9172978,6.2097707,2.8499663,2.8477352,2.978871,-4.5293174,3.1199112,7.6596704,2.8904881,1338.681759569036,62.65158568862112,1572.2389590454193,32.4519096293266,0.00026712962,0.0003045889,2851.175953451276,0.010585091,0.00072014926,0.06157894975348028,0.0077843188065887395
-355.70157,3.7216904,167.606,3.3168585,-54.298866,3.535275,57.01228,3.5596013,-40.88101,3.4093277,34.481407,3.32591,-31.17948,3.0704222,22.556301,3.2032828,-11.698828,3.1667466,5.477199,3.067069,-2.2834265,3.2464652,-3.0377007,3.4621594,12.543601,3.2723749,1552.4771917351304,64.53516600879085,1709.3139558995915,36.96591492838027,0.00033829504,0.00037702196,3225.6588398165604,0.009671018,0.0008771249,0.07747358069895592,0.0075395117968412645
-342.44485,10.939651,166.80951,7.112583,-47.909683,4.925161,60.396744,5.979692,-28.200224,4.7801156,29.609314,3.4760082,-22.288157,3.4134414,13.770664,3.6990573,-7.526745,3.7484121,3.9039912,3.1282477,3.514654,3.0703146,-3.6566827,3.0732703,7.473407,3.096096,1432.3528484845644,116.14062528102257,1620.7199725767316,74.11684068918741,0.0003549707,0.00063726027,3052.16916962732,0.010225809,0.0022199575,0.0711950315400232,0.01103358852757491
-347.98605,3.7355878,177.88812,3.9999986,-54.82585,3.5192611,65.36736,3.7324452,-31.433544,3.2777643,35.312786,3.3077533,-24.287985,2.9910207,16.899147,3.204166,-9.212753,3.09173,5.433462,3.0427513,2.6054406,2.9634657,-5.297541,2.9925435,6.2205067,3.243195,1365.8406641852678,63.5982917554591,1576.59554649589,35.35523449576748,0.00031660602,0.0008139792,2888.1221337550755,0.010492508,0.0008040658,0.06479073013341068,0.007179936964751892
-347.4348,4.4850273,166.14555,3.755766,-52.650696,3.5204537,52.46421,3.451793,-41.70139,3.2720952,32.70657,3.3388777,-31.51232,3.0813787,20.27071,3.4977155,-14.664847,3.25332,2.601145,3.2371817,-1.2050526,3.3984177,0.7633895,3.0064876,13.667695,3.2449503,1586.4456138469063,63.184094096996795,1724.0716071882757,39.5292497446261,0.00040159002,0.0005378416,3278.3677244960845,0.009442445,0.0009169421,0.083993438225058,0.00768823240497987
-339.13303,3.4631345,151.56465,4.0844536,-53.380177,3.6199179,61.342697,3.4797585,-44.355267,3.1427667,28.911228,3.2505794,-32.646877,3.180301,26.652777,3.106975,-7.7584305,3.1793685,5.030626,2.8913314,0.7106809,2.961527,-9.711516,3.3557415,0.3523154,3.0264378,1838.2673649055064,83.51733686771293,1859.239703965215,40.231766061126976,0.00060314505,0.0009880207,3978.8962804524363,0.009059356,0.0009692753,0.09958105242169374,0.009417849427313926
-335.13943,8.880943,170.58997,5.622821,-60.819412,3.3719175,70.35051,3.451839,-41.592155,4.582865,39.251663,4.0335646,-32.775608,3.1659374,19.059256,3.2313535,-14.171977,3.2557821,6.2985063,2.8422434,-0.7508169,3.1932988,-6.3108163,3.191243,9.230724,2.9857085,1611.777032928951,130.00929145509303,1733.915092498051,73.17426093761533,0.0004698596,0.00066965376,3451.857394685325,0.010023419,0.0006753372,0.08449418140951276,0.011973808041353371
-328.42548,17.537613,136.71088,6.514812,-73.69137,3.5486345,78.05482,3.7503881,-59.30291,4.5774364,39.76906,3.801621,-45.02112,6.2498665,24.73171,5.430471,-26.333563,4.663214,9.45718,2.9532466,-6.2413344,3.4612682,-3.2741988,3.5854063,6.4489093,3.1073723,2463.4739686135367,201.9972952360633,2076.1344812895027,108.786167865877,0.0013356555,0.0009141285,4964.0528136782195,0.007607127,0.0010977817,0.17619362674013922,0.02168512710883265
-350.43826,3.7383006,178.57715,3.412036,-52.9435,3.2069461,67.04274,3.0582998,-30.559128,3.6387606,34.622955,3.2243156,-24.873663,3.0751069,17.472187,3.1782928,-8.087095,3.1311176,6.076516,2.9314747,2.165319,2.7183187,-5.2199516,2.9257615,7.232007,2.9240184,1332.8640098136532,58.29576513945995,1571.9723370947568,30.68832859712944,0.00026328312,0.00031487475,2844.6560392800175,0.010620331,0.00074942835,0.0629123767401392,0.007989790966910196
-351.4721,4.009872,179.79324,3.189056,-53.165295,3.0186796,64.63681,2.9212637,-30.296547,2.9269369,34.617287,3.045936,-24.587585,2.689615,16.556536,3.105961,-8.858043,2.9407022,5.89898,2.9451003,2.2775106,3.040551,-5.864039,3.0558743,5.878791,2.7322655,1323.971859133465,53.616670217703536,1552.952435518595,31.40308816829427,0.00024610036,0.00014083799,2791.0728366081785,0.01047941,0.0007065773,0.061686575551044086,0.0067422308307427585
-342.73715,16.68094,172.26526,9.046506,-61.224407,7.0793533,69.85004,5.59572,-38.237293,6.622435,36.8303,5.8859487,-27.670914,4.219875,18.429136,3.8487704,-10.819756,3.7501101,6.692992,3.2268474,1.8547121,3.0200133,-4.977602,3.049046,8.121477,2.9346874,1546.9977652770149,215.05734705064663,1664.9267195796435,121.81489541443743,0.0004431039,0.0008725894,3286.4863915675755,0.009737455,0.0008809419,0.08117024361948956,0.017390220947720712
-356.24615,4.142344,171.5722,3.906324,-46.65215,3.6727748,59.763687,3.4757347,-27.000639,3.398884,35.258972,3.365446,-16.801968,3.2415962,19.814943,3.3688538,-6.7511845,3.4305215,4.9876785,3.2290862,3.870596,3.187221,-1.1513917,2.9770546,9.369863,3.059152,1330.6117478739568,71.93237961295635,1598.5652628267894,41.157085177332284,0.00026964513,0.00048579526,2853.2743166328305,0.010224249,0.0010497224,0.05784603393271462,0.008343731353027805
-348.35568,4.2424746,163.97687,4.5350313,-46.599407,3.4956772,67.49149,3.641045,-29.00441,3.9558728,37.61221,3.508329,-25.596283,3.5095263,23.001673,3.274784,-5.471354,3.066242,10.332787,3.0236104,2.014143,2.9776363,-5.881624,3.1926863,6.8563733,3.1091435,1482.617008194061,86.38450560110712,1745.9599067348652,53.21684055116066,0.00037779615,0.001000219,3279.242042488399,0.010306236,0.0009324808,0.06637679451856149,0.00955682004162607
-343.52167,13.03391,178.86084,6.2489686,-60.60419,8.459748,61.593185,6.432663,-34.329853,3.2809749,33.064384,3.6121633,-27.878162,3.2361326,14.920874,3.6783748,-11.38502,3.4155786,5.2436547,4.193546,0.51598096,3.3488822,-3.956317,3.1551206,9.344951,3.5821288,1424.470699289543,67.11689498929013,1557.1319106924889,84.81883974432394,0.00031042667,0.00018104268,2911.1042066959108,0.010176088,0.0017845707,0.07623305176914154,0.009450558554007463
-333.32684,3.4212027,157.52045,4.460525,-54.96311,4.2926555,75.45325,4.001256,-42.670742,3.7616642,45.3607,3.390132,-34.87848,3.6510084,25.577185,2.937542,-15.597911,2.9315562,11.173302,3.050309,-0.6633243,3.0727737,-4.893271,2.9382958,8.154319,2.9676065,1838.8784214550549,76.61637866393416,1967.3833683414364,37.03598563190852,0.00070767186,0.0017424149,4158.531157101943,0.009719525,0.00062295253,0.09350189421403712,0.009754451626483763
-349.63077,3.9015634,175.23521,3.7272532,-57.181732,3.275365,60.594223,3.1619003,-34.5109,3.3607895,40.55524,3.204892,-19.41409,3.0212772,20.251913,3.1577482,-11.423796,3.1652546,3.4914112,3.2033741,1.3814375,2.9897244,-1.1660177,3.2671983,10.251339,3.307048,1424.057610140089,68.98479823366517,1610.6024297194813,38.46754044513056,0.00031149448,0.0002916241,2996.637486858324,0.009915906,0.00076642545,0.07154509860788863,0.009335609467809574
-346.87006,8.837239,180.6564,3.8002827,-58.274788,5.610015,67.28579,3.548431,-34.211414,3.2839808,34.19075,3.0268714,-25.942421,3.3852901,17.641111,3.156526,-11.012003,2.9967136,5.000801,3.239032,2.5767188,3.0079513,-4.3091855,3.2159886,7.063493,3.1986008,1379.8878441774634,68.58982702047464,1562.7381228111108,37.84441910567308,0.0002801929,0.00020597063,2893.842671476218,0.010375552,0.0007754263,0.06956025232018562,0.009318277639490388
-364.34555,4.941941,174.52736,3.7815385,-47.38699,3.3100944,70.99086,3.0032582,-29.037159,3.3940134,37.367825,3.3015006,-25.753794,3.2760057,21.777824,3.0446858,-5.479644,3.1632788,8.76934,3.0465834,2.0849829,3.0135894,-8.152671,2.9393833,5.3921566,3.1111448,1329.9957009534678,79.60465527365292,1634.3381637459609,56.60713566541612,0.00022359658,9.003429e-05,2916.774783388921,0.010349293,0.00071464985,0.056913654654872387,0.010839236489238872
-361.80316,6.6790843,153.68422,5.747402,-48.057823,3.7790418,63.390762,4.653151,-35.177727,4.3661094,30.940119,3.4827704,-33.190277,3.8071315,17.982647,3.3789027,-8.109499,3.0655768,7.8806725,3.4446037,3.579507,3.3824081,-2.5893075,3.3738086,5.585115,2.7793136,1633.3003168364596,126.37582056847326,1807.9131993221215,75.46723851753279,0.00029987312,0.00040748983,3622.9239550101506,0.010348592,0.0012289641,0.0599645627900232,0.009204552871834843
-350.1801,4.029503,179.12859,3.5352407,-53.442257,3.2462456,67.79972,3.1275945,-31.697315,3.0377898,35.312984,3.126265,-25.33491,2.9531612,17.445982,2.9224,-8.789058,3.0206044,5.3576384,3.1301422,1.2811704,3.08561,-6.4984593,2.916933,6.625233,2.8973017,1340.3631028993482,64.09529346631501,1575.1233225828516,33.70912480790374,0.0002675067,0.00029109468,2865.364885440835,0.010570431,0.00081616035,0.06303473027842227,0.007247844277277305
-354.544,4.290757,170.50613,3.8874006,-56.04982,3.8490484,55.82424,4.246722,-43.040077,3.4476743,35.21142,3.2895675,-31.96091,3.2857535,22.08131,3.2043827,-15.092721,3.0041518,2.7214327,2.9760067,-0.2220544,3.0706255,1.0694737,3.1953223,13.997084,3.2024226,1562.3087018302294,56.181328686253764,1701.3617685461825,38.96606365048298,0.0004182299,0.0009156714,3204.3254808040892,0.009032133,0.0007406316,0.08397644467807425,0.007728242186208127
-350.8644,3.5144124,180.23996,3.3432326,-54.998196,3.3250492,68.406136,3.1827152,-32.744343,2.9711874,35.872814,3.2250733,-26.454865,2.9875557,17.860327,2.8618288,-9.154341,2.9597163,5.6075397,2.8453114,0.82494295,2.821593,-6.569646,3.0610447,6.5058765,3.084155,1346.9052704682451,57.92027257146896,1575.3495231914542,31.38219769899884,0.00027574107,0.00034972845,2866.5889306300755,0.010443152,0.00066151907,0.06418122824825986,0.006998927197475383
-351.5618,3.750468,149.32053,3.5747983,-51.47499,3.2302828,68.25975,3.6336162,-38.502445,3.4825728,29.618011,3.2448668,-33.592644,3.1038628,21.147808,3.2542856,-12.513273,3.1164894,7.0240345,3.1340284,7.134549,3.0300298,-2.6827538,3.1410725,7.907814,3.1326592,1773.0519692734738,73.91160382494859,1867.5697263576105,37.93599376650526,0.00038955474,0.0005854788,3867.008557950261,0.010197997,0.00090865075,0.07203111405162413,0.008297801258708166
-335.6914,3.1893623,167.07095,3.900014,-58.32663,4.032274,70.455215,3.6302915,-38.329205,3.4937515,37.73061,3.2879696,-30.10027,3.3308659,18.744867,3.0609279,-13.118141,3.032394,8.162364,3.0314767,0.8222429,3.044248,-3.7672784,2.9761658,8.63787,3.0010636,1605.0784636692115,64.20702719705308,1745.1232570724458,31.48766032752391,0.0004874526,0.00088402594,3477.587324173434,0.009989224,0.000671961,0.0836886872824826,0.008161733897342824
-333.63943,3.8093867,150.75626,3.5596173,-51.76398,3.3783107,66.51515,3.3799279,-41.97399,3.4261718,49.44536,3.2830737,-30.657873,3.1745064,27.25701,3.067102,-14.699943,3.2665114,11.014566,3.2336223,-1.0510203,3.02065,0.28977552,3.031087,8.409744,2.8282292,1935.3102269574833,78.94561882837466,2048.2491498873455,34.213204863433454,0.00067121594,0.00062529324,4460.195844964473,0.009273215,0.00067280047,0.09945303436774942,0.01136630528035293
-356.371,4.262912,160.75116,3.4093528,-45.751587,3.6125968,58.88785,3.0364394,-36.32621,2.9375582,31.29096,3.0478153,-31.34457,3.0571175,19.784822,3.032407,-7.1867623,3.1309056,11.579795,3.2294717,1.7617773,3.0170252,-6.9557343,3.1708322,1.7024671,3.0740776,1552.718361783105,61.99405323512987,1766.0742368731073,41.01002164640381,0.0002996941,0.00022756978,3376.0415344946346,0.010028719,0.0009679816,0.06867318916763342,0.006640842183890079
-356.96524,3.8006184,171.63641,3.4691033,-45.215237,3.0356069,65.26259,3.2663102,-26.328543,3.1787076,33.652996,2.9793181,-22.521938,3.0489192,20.265806,3.2824814,-2.3563235,2.8618393,11.014409,2.9552596,3.5988002,2.8962455,-6.927529,2.8710651,5.131214,2.9823952,1325.9503515626525,68.81071079908646,1615.5237059795547,46.905434033987234,0.00025119606,0.00041797126,2884.1502320185614,0.0105350595,0.0008065268,0.059501205408932716,0.010100446273700926
-352.0971,3.7496352,172.88116,4.124129,-56.364986,3.709362,56.486336,3.566923,-43.041904,3.5171964,35.104565,3.7343783,-31.621023,3.1148403,22.526392,2.9605331,-14.098048,3.0888662,4.1669326,3.099488,-0.1865949,3.1631107,0.73322463,3.1151936,13.960918,3.158647,1531.162070154733,63.86896003192273,1680.2273772118647,40.39267570835598,0.00038714876,0.00067554205,3126.6860430865718,0.009469893,0.0007267264,0.08141041908352668,0.0070216089530252025
-347.30826,8.400928,175.1552,7.827006,-57.242077,4.0943913,71.50372,6.4733562,-35.653294,6.8144383,35.82467,5.472251,-24.583553,4.546364,16.968977,4.471063,-10.537903,4.270525,7.3918257,4.055743,2.5382044,3.7701364,-5.3459115,3.7863965,7.5500116,3.5108948,1474.5444311901167,197.07426097736567,1634.6717652777156,121.38482399837696,0.00032087724,0.00031348108,3188.362932315835,0.010174169,0.000675905,0.07631008918213457,0.020405968772497583
-353.3798,4.1792345,175.33853,4.3192925,-52.76568,3.946827,62.533398,3.887915,-31.956993,3.7078488,40.422047,3.4221501,-19.390484,3.4818127,20.968071,3.2803273,-10.42466,3.4145794,4.267339,3.0387204,1.8609829,3.0941133,-1.8177478,2.8825686,10.144008,2.8646376,1373.3958183343252,68.51033397443688,1614.1596743704745,46.179664048610505,0.00032951875,0.0010359493,2928.865352196926,0.010139536,0.0007564849,0.06568232489849188,0.00772196697753386
-359.0498,5.0086117,172.03654,4.3946857,-49.19167,3.628776,60.58032,3.6216333,-28.52163,3.658262,35.269276,3.541717,-19.864279,3.585912,20.224577,3.5053074,-7.261111,3.2770438,4.489727,3.3505821,1.7033176,3.0358422,-3.5435276,3.2603335,8.953057,3.414506,1359.4336094961893,81.61261738708154,1604.6917153710099,42.86654257551936,0.000273325,0.00047048467,2891.8692108649943,0.010114009,0.0015575273,0.05861074354698376,0.00935404850313057
-347.47693,4.1638064,161.77919,3.9198117,-46.31997,4.007244,52.146812,4.0020247,-37.20677,3.7169776,31.282545,3.96864,-29.199463,3.6531324,21.28255,3.4345624,-6.8746166,3.5806434,11.814779,3.052473,1.0016354,3.124919,-6.153639,3.249832,3.3945594,3.08415,1562.5193752569746,65.75472527849726,1744.852777286126,44.638307523773854,0.0003889438,0.00096745626,3297.6526813551336,0.009976557,0.001246856,0.0790029999274942,0.006417530765042128
-342.26016,3.8093555,149.90616,3.8040047,-42.146744,3.3240573,64.24608,3.4584742,-36.230675,3.181831,46.352116,3.4566927,-28.973331,3.1953442,27.176413,3.1267905,-12.302397,3.003756,10.221054,2.85932,-1.5811,3.1246893,0.60148335,3.0794432,8.8511505,3.2776208,1819.476894568512,87.7067465208629,2047.5917396797272,42.99741307406293,0.00054118666,0.0008190097,4332.820203741299,0.009701978,0.0009916954,0.08238471577726218,0.011940683465841444
-349.10974,3.778334,175.6011,3.4036927,-51.673084,3.2666643,66.306984,3.3901968,-29.813686,3.300937,34.351585,3.3251092,-23.490803,2.940416,16.605705,3.016659,-7.5664744,3.0287657,6.509316,3.0448778,2.9685931,3.0198286,-4.778461,2.8456676,7.0711064,2.9892952,1351.3612808826883,56.4742294803684,1588.2582791055104,30.30786391721161,0.00027397645,0.0003845567,2902.6108319134282,0.01058546,0.00071925245,0.06298714834686775,0.007179899961798542
-339.5607,5.021697,152.47531,3.5905945,-48.662094,3.3101306,63.44491,3.6218615,-40.049812,3.3763971,26.056448,3.0747757,-28.923393,3.2424734,20.910433,3.1300874,-11.7560835,3.1535223,10.5324955,3.3719397,7.364014,3.50373,-7.5535808,3.025557,4.6389832,2.9672084,1725.2853864161054,75.66440416233287,1817.58711545109,32.916813617211915,0.00041300038,0.0002853343,3666.5149520555397,0.010052546,0.001236329,0.08521244199535963,0.008695211843193012
-348.49188,3.8399708,162.3208,3.7034266,-47.269226,3.3088696,53.620235,3.506729,-40.295834,3.2815793,31.231253,3.3207443,-29.677086,3.2857149,23.607786,3.2062101,-5.6782227,3.1458552,9.022572,3.1406608,-3.8114588,3.1407819,-9.841271,3.2869732,4.357194,3.1774535,1586.8088777148696,68.09784776561727,1759.4068592723606,41.89965718265451,0.00036413432,0.00020517266,3391.129764990574,0.009564971,0.0009224757,0.0809742513776102,0.006632103764185212
-347.76102,3.7346072,165.2356,3.6173077,-51.570312,3.3690279,54.96555,4.0649567,-41.427906,3.4835093,35.31072,3.364077,-28.60894,3.458701,24.837044,3.323857,-8.000626,3.1598165,8.074672,3.0453227,-2.6581218,3.0534544,-6.448935,3.2004945,8.093042,3.025407,1591.2718274097263,65.11675098466992,1750.3420913504067,39.59106042327496,0.0004008568,0.0005386505,3371.744886075261,0.0095415935,0.0008584541,0.08215813515081206,0.00772652444540253
-352.91718,3.9209425,149.89047,4.0780096,-50.744137,3.7246723,67.830666,3.4914105,-38.386,3.6040478,29.296759,3.3943279,-32.609104,3.2517655,20.112352,3.165434,-12.814234,3.3493311,6.7838383,2.962781,6.3844,2.9007993,-3.8949535,3.004068,7.377181,3.1905274,1743.5224568340057,73.42254605256981,1853.6915085938924,39.11671745268003,0.0003964105,0.0009634499,3802.7087147440543,0.010370136,0.0009661517,0.06937219040023201,0.008343409699997997
-353.05988,3.5803719,180.71698,4.2982783,-54.614277,3.6666212,68.54049,3.7406921,-32.482407,3.7249725,36.080055,3.3375216,-25.401993,3.2482646,17.690922,3.0395858,-9.561956,2.7832775,6.0119634,2.888935,2.5640268,2.9807224,-4.488911,2.869958,7.797592,2.9455478,1333.7759378670532,62.035556066819616,1570.1270112344096,38.91459433848633,0.00030726136,0.0009057023,2848.927707185325,0.010434013,0.0007466044,0.062171458091647334,0.007151099589388566
-337.4209,10.757536,175.9951,4.8769164,-60.21684,4.7365108,64.64015,4.0376935,-38.541733,4.0631037,31.520016,3.5249486,-29.733112,3.3770528,16.472113,3.4955442,-12.305308,3.3359985,3.4462342,2.9646933,-2.3602524,3.2526448,-7.739962,3.1436973,8.385744,2.9334025,1485.8396986968023,74.82410916156434,1609.0729603343877,45.837020152603614,0.00040072697,0.0007740966,3086.7671816089037,0.010258783,0.0012621685,0.0775630800464037,0.008198934791729978
-349.92456,3.4368083,178.44914,3.8410609,-53.970665,3.7816398,66.14192,3.2124054,-31.34411,3.3963418,35.483456,3.5762606,-23.999352,3.2355258,17.30295,3.1673365,-8.867664,3.1549473,5.4238095,3.0257921,1.6054912,2.8629866,-5.407725,2.7816558,6.633945,2.8585644,1347.7490772980102,60.68231596000484,1574.0727970339747,33.984326859296104,0.00028910654,0.00048252576,2865.664651609629,0.010472063,0.00073060027,0.06425033533932714,0.006672324728346149
-352.29453,4.3610134,169.33826,4.149762,-52.04162,3.0701683,68.04678,3.172267,-31.763048,3.4119203,41.917202,3.1126268,-24.105255,3.3219416,22.431244,3.2414603,-10.302257,3.0596926,6.6878867,3.0778165,1.3616114,3.1706634,-3.3163092,3.2095063,8.983798,3.0225453,1465.016558562661,73.76250891264387,1711.7925055668793,44.342897076094836,0.00034791688,0.0006779954,3207.9476553436775,0.01005128,0.00081149756,0.06537870685904873,0.0077453096565132445
-348.88278,3.4564147,177.29231,3.7802048,-52.60699,3.181556,65.12359,3.1635013,-29.599438,3.131208,33.63417,3.203926,-23.696459,3.0651202,15.724754,3.231339,-8.711407,3.17789,5.2789173,2.914018,2.4217365,3.1711056,-5.277977,2.9310591,6.6636357,3.0984375,1342.2362336184153,63.80661898304069,1565.4449069236423,35.309150819735535,0.00027879307,0.00042761114,2856.7965691161544,0.010498941,0.0008100903,0.062974686412413,0.0069396874431195766
-352.35413,3.7210145,177.37584,3.916125,-51.764664,3.33245,66.290955,3.8065412,-30.215273,3.2965343,33.814873,3.6750054,-23.90637,3.223097,17.561674,3.2227693,-7.173303,2.9572208,6.6390567,3.122221,2.1459928,3.0682046,-5.5245137,2.8840256,7.4153857,3.027449,1335.4291227118338,58.015525587408135,1575.9202839088316,37.72659271718714,0.0002995003,0.00093378674,2862.9917366045534,0.010445493,0.00075980293,0.06142827363689095,0.007193317564904667
-346.5482,3.4816942,176.85724,3.196436,-53.29266,3.072082,66.05391,3.0276153,-32.126728,3.2714043,33.964996,3.1919062,-24.495813,3.0879076,16.926569,2.9401693,-8.274975,3.175582,5.1068583,2.9704306,1.5705451,3.2280734,-5.697166,2.9866242,6.818137,2.9131925,1365.6256668119138,59.45230638762726,1584.7923248617838,30.39574432622162,0.00027789004,0.0002668312,2916.2751731075987,0.010581085,0.00072488614,0.06457207982888631,0.007405279537425497
-361.37015,11.524715,164.50433,10.432512,-42.588932,3.8469307,59.270233,4.1360693,-23.427309,4.04168,28.355726,3.6643884,-22.291977,4.233786,15.606806,3.947792,-2.3818142,3.1879876,8.307873,3.0709076,3.7252162,3.1177707,-6.7192407,3.290823,5.4651837,3.2846973,1387.2036121870901,169.00925101761942,1619.6790446869375,97.35435376759679,0.00036088552,0.0008471892,2958.8669495903423,0.009726833,0.003320773,0.06421294953596288,0.01647193414278049
-352.85782,3.5304983,183.39107,3.8773267,-55.98832,3.7053528,67.31492,3.6874263,-33.633987,3.3765764,35.62738,3.4197214,-26.312088,3.3672168,18.35222,3.14267,-9.821727,3.0661027,5.863398,2.8198526,2.3016117,3.097981,-5.281983,3.0228443,7.453721,2.9185207,1323.08420192033,57.513819616039456,1549.9536992373655,35.48111702949006,0.0002714896,0.00043992055,2788.599765715632,0.010363566,0.00066587405,0.06354793539733179,0.007035168091662172
-364.06458,4.4535007,168.95432,4.074682,-38.12026,3.3727045,64.39392,3.6322074,-22.775402,3.3238013,30.843328,3.124218,-20.753773,3.7190938,18.928707,3.2604215,-2.9293635,2.9074829,7.3270407,2.9490511,3.000849,2.8585448,-6.7830796,2.9939938,5.554368,2.8699684,1278.7966426655373,71.05685591465782,1610.0020984647172,46.73956407404522,0.0002481924,0.00067127304,2818.3765384824537,0.010409419,0.0011120274,0.05130011963457077,0.008182189092671637
-349.3523,4.19938,161.21698,4.0716367,-48.397255,3.716176,51.16432,3.5506833,-39.202248,3.0843987,29.174833,3.1071134,-30.45491,3.336402,22.578358,3.1179368,-8.281845,3.052132,7.0641613,3.1620805,-3.9494822,3.1246297,-6.806078,3.2829058,8.634468,3.0397224,1602.582509928392,68.86565714997766,1749.458262011728,43.07051810298811,0.0004472111,0.0011216676,3343.217139011746,0.0093808845,0.0010108005,0.08459274398201856,0.0070776626914321045
-348.97943,3.8210602,163.69374,4.08861,-53.597588,4.156416,61.746754,4.222153,-42.896935,3.731401,31.690632,3.652158,-31.423143,3.615586,25.342243,3.4963305,-11.116755,3.1962845,4.1151266,3.09653,-1.9244778,3.3389146,-10.494965,3.0302112,5.1147304,3.3170362,1636.2740314072826,66.68140440622967,1763.388537029558,39.43208789968066,0.00047177868,0.0011424805,3451.682531086862,0.009394275,0.0008064772,0.0836909530887471,0.008161476782160615
-338.71378,7.544575,173.61653,5.237772,-56.540195,4.644281,66.14968,3.9003835,-37.82113,3.5285966,30.9715,4.0408597,-27.115261,3.5036154,17.944275,3.1853988,-8.718982,3.264053,5.699523,3.0340247,-0.9673493,2.9904466,-7.903921,2.9690037,6.75359,2.849,1479.3132852084207,88.66330209387715,1628.4884713982146,52.52136433135258,0.00044553608,0.0018336177,3147.644694388051,0.010291755,0.00080927345,0.07508655379930394,0.008154806569467227
-360.95367,3.7691085,171.57066,4.074221,-45.36426,3.4974413,67.5791,3.3113422,-26.17951,3.468473,35.048943,3.4132454,-22.276157,3.3767552,21.677792,2.9890552,-2.7955565,2.84427,10.606787,3.2761421,4.1190476,3.01702,-6.00444,3.2034357,6.154596,3.1106968,1318.2988148334557,74.02641257183511,1624.4810894185016,50.5725644352839,0.0002540261,0.00049669616,2894.3422817575406,0.01058394,0.00095224,0.05589630764211137,0.009942275270010173
-348.7893,3.7467465,167.38724,4.5414042,-50.44914,3.6431453,61.835003,3.8164396,-30.637041,3.6270583,39.166504,3.7595487,-20.324287,3.3265843,21.963856,3.0454895,-8.456576,2.7206755,6.5884967,2.8747475,3.06426,2.7257721,-1.2374617,3.0165946,10.044888,3.0165277,1452.430919661146,78.09285814022714,1689.0154315600942,45.938209854653444,0.0003983718,0.0012900106,3151.06702481511,0.010165211,0.001025934,0.06546480749709976,0.008828962478392564
-345.77734,4.097672,159.55786,3.8172395,-52.369427,3.4253414,59.46467,3.4981394,-42.605446,3.4026403,31.592115,3.4234183,-30.583227,3.070771,25.899158,2.9742994,-7.877921,3.3778095,4.2741203,3.2946954,-1.9756055,3.1493516,-7.2096577,2.94726,3.7326734,3.0599325,1688.5545405415437,65.40734639453706,1796.2096500363646,39.71294656144468,0.00047578785,0.0009212533,3630.0434015189967,0.009296147,0.0009574273,0.08708059926044083,0.007294622775959772
-347.87036,3.8952963,176.338,3.9660153,-54.18229,3.3101683,66.96072,3.2110968,-31.455902,3.4413671,33.895092,3.061349,-24.525005,3.1587377,17.29107,3.1859698,-7.3446984,3.1002946,6.9424767,3.1791759,3.1500127,2.8445864,-4.7938733,3.1384404,7.3967023,2.9189372,1371.915419579043,63.012503808396396,1588.711620541109,34.11252487877967,0.00030755156,0.0006330751,2936.05974024797,0.010520821,0.0008159446,0.06505016495069606,0.008047877047122261
-356.85187,4.146284,166.09587,4.662932,-57.58224,3.9891207,54.75451,4.0168557,-43.476562,3.6687582,34.561035,3.8102663,-29.945942,3.3352523,23.220894,3.3838253,-11.918782,3.1572914,4.7063236,3.0741117,-1.5427395,2.843049,-1.6049374,2.88032,13.210809,3.1243575,1620.4689636358823,68.68369758808501,1722.1755838227475,45.48863639445961,0.0004964555,0.0013586567,3360.153927548579,0.008557967,0.0009565984,0.08711345345127611,0.007862616430426019
-352.71954,3.5255785,180.24593,3.3400261,-53.239315,3.1553268,65.30707,3.1613948,-30.737396,3.2136428,34.610947,3.1996872,-23.861637,3.0138965,17.633844,2.8644297,-8.774204,2.8920462,5.34606,2.9863963,2.2063732,2.8306377,-5.968972,2.8390608,6.5224614,2.661661,1317.3787315145082,59.009141282667684,1551.7504815855036,33.819292148994165,0.000250331,0.00022746435,2791.6473884316997,0.010467477,0.00071643695,0.0612368130075406,0.007224581455996231
-348.32196,4.967158,166.9531,4.4179864,-55.519962,3.8804033,59.56084,3.54985,-25.675825,3.636434,37.032127,3.579746,-24.323423,3.5745764,18.868782,3.1277168,-4.898926,3.0953763,9.352333,3.0887833,1.4029425,3.0860798,-7.5782757,3.191366,5.4469256,3.201864,1477.3729602023252,76.76040425080659,1632.150268741818,42.84499748862545,0.00031499055,0.00050013314,3016.472015026827,0.010123681,0.0011745838,0.08044858432424594,0.011518855649019626
-359.34637,3.6931634,171.28929,3.8056314,-47.340504,3.2820733,65.182915,3.5167654,-25.86402,3.5247824,35.896942,3.246144,-23.075369,3.114495,17.133121,2.981017,-7.5151825,2.8008149,8.670073,3.1964781,3.7053237,3.124267,-4.4069242,3.002028,7.6014876,3.1170268,1349.2114522359639,80.32714509552315,1625.045756291424,55.83595355980187,0.00026349214,0.0003766335,2929.889553273637,0.010114026,0.00086151063,0.060273845345127613,0.011477513368600853
-320.75427,12.045617,144.6484,9.068079,-86.85056,4.673647,69.263214,6.718755,-54.177303,4.222746,40.624817,4.127684,-35.93962,3.2025185,18.721827,4.462395,-20.148813,3.019668,3.3702042,3.2401257,-2.6518137,3.5124671,-5.553743,3.2706676,7.718101,3.0839627,2226.2845069681025,206.6766730199614,1829.989414567441,67.57042749393442,0.0011193212,0.0013751237,4302.943508918213,0.008317394,0.0007324763,0.15492337043213458,0.023885824220973927
-350.1214,3.4772358,164.20708,3.119176,-49.585133,3.3697124,53.125263,3.3779678,-41.233772,3.0821207,29.019226,3.1639678,-30.879652,3.1964755,21.757883,3.073799,-7.282215,2.950997,8.213622,2.9133787,-3.0515764,3.0142562,-9.296681,3.2649047,3.844107,2.8781395,1571.2245999723084,60.13017471709739,1724.4963868300888,37.50951614530272,0.00036762375,0.00052530464,3294.9048248078598,0.009660814,0.000915085,0.07959777407192575,0.007236149316387701
-351.2212,4.534866,165.85179,3.9749064,-50.341957,2.9695096,57.329803,3.1659827,-41.32387,3.2320964,34.25292,3.1911101,-31.227608,3.1408172,24.27925,3.1936877,-7.4584804,3.2087495,8.441681,3.1270382,-5.2553916,3.0517244,-10.487774,3.130252,6.1872487,3.1332164,1568.3550419227022,68.16481104249942,1750.6209412146316,45.56332127689567,0.0003886536,0.000646258,3344.4162036869197,0.00965916,0.00094691693,0.0785192502900232,0.006730369936898772
-350.9889,3.393368,179.44026,3.935323,-53.780952,3.6341872,67.61741,3.8021023,-33.04088,3.3401918,34.143143,3.2816086,-26.765657,3.1957011,16.080076,2.9497857,-9.912803,2.9550166,5.3006477,2.9909241,2.3025012,2.8463826,-4.554078,2.9287713,7.84431,2.7003746,1353.2779525787325,62.25110949034824,1575.2796640219558,35.595056374474474,0.00030014705,0.0008042023,2881.3524144431553,0.010392267,0.0007140042,0.06398636890951276,0.007205401435716231
-353.17,3.9168782,173.20949,3.7214375,-50.69075,3.1702473,60.526493,3.2292597,-30.157433,3.2207136,38.95049,3.5473096,-17.54569,3.2823822,19.829693,3.1856685,-9.587881,3.132261,3.8044815,2.9541028,2.1721282,2.9670131,-1.4720544,3.0215144,10.198009,3.0131025,1368.8565345186737,70.2789956879633,1608.630994916705,39.891476348619854,0.00027143452,0.00026254347,2926.2673787340486,0.010157459,0.0008452873,0.06383002827726218,0.007993236726850258
-352.42154,3.6869028,160.42557,3.3257558,-46.69254,3.346535,58.966564,3.2825375,-36.998295,3.4553547,32.488266,3.1733387,-32.17403,2.9905167,20.03431,3.0856493,-8.090624,3.2284696,13.184119,3.2384412,2.1940453,3.249527,-5.8194366,3.0002708,2.4944584,2.909065,1579.9144334797456,58.01433805142524,1787.446725113084,38.1194755194966,0.0003420602,0.0005515193,3446.936233414298,0.010154264,0.00089417835,0.06941524071925755,0.007170403024607243
-349.63467,4.417772,179.32608,3.9164867,-54.381977,3.6389105,67.173096,3.7514722,-32.988697,3.400154,35.082417,3.4000428,-25.550669,3.1550734,17.652117,3.1572948,-9.247843,2.7967696,5.2596955,3.0202432,1.5190144,2.8914056,-5.6067557,2.9348505,7.1750817,3.2966151,1349.9478931426438,60.18835401080694,1576.674714486711,36.03699095181668,0.00029974556,0.0006201495,2875.5069741516822,0.010415552,0.0007507171,0.06557356619779582,0.00724664125308673
-356.57635,4.0077033,175.28528,4.3390894,-50.700882,3.8502884,62.070087,3.6493487,-30.634947,3.5742865,38.24632,3.6886415,-19.1308,3.3351605,20.295996,3.1696286,-9.563346,3.0231137,4.0160704,3.162954,1.7311064,3.0464497,-2.3745685,3.2208347,9.777909,3.1666799,1347.3584319523516,69.7284167322483,1600.733575182792,43.51661661076534,0.00030954028,0.00079182425,2880.627979535238,0.010074067,0.0009365535,0.06170470200116009,0.008497364695692712
-363.25064,4.08109,171.87492,4.04966,-43.92263,3.6388557,68.91171,3.6384726,-24.956251,3.3369684,35.058212,3.3252988,-23.34494,3.0151343,18.846714,3.1814232,-5.5485992,3.0448062,8.865608,2.8934681,3.3238347,3.0277205,-5.204464,3.2662272,6.690705,3.1019657,1306.919479014582,77.2396488496932,1620.3512236825518,54.31916686900467,0.00023670887,0.00027844595,2876.031564947071,0.010336286,0.0009593752,0.05526528059744779,0.010438407159302197
-348.18134,4.474954,157.5346,3.4619346,-42.136356,3.1810083,55.73505,3.139196,-35.972927,3.2613308,30.276342,3.4264822,-30.355669,3.21965,18.378536,3.184408,-7.6200504,2.9901235,11.393012,3.4431314,4.334666,2.977163,-3.6134913,2.9411645,2.7947154,3.0223608,1577.5284515513374,64.0025266593779,1786.8872240518842,41.94468298270165,0.0003310406,0.00039438013,3459.7512371302205,0.010480222,0.0014814181,0.07340645845417633,0.007048068370383858
-343.72897,4.4918313,169.2095,3.7081566,-55.290115,3.3243718,63.95569,3.6560557,-34.8675,3.49622,42.98201,3.1132224,-23.263168,3.3418617,22.627533,3.177386,-12.094033,3.3433008,5.890135,3.4183269,1.2936146,2.9180129,-1.6026949,2.9148045,10.711771,3.0923805,1515.3256979854,73.2206573593888,1716.578527101577,42.069307977593915,0.0003682428,0.00034726647,3279.591769685325,0.010075713,0.0007110567,0.07289438623839907,0.00830735364550702
-352.78027,3.7688036,181.97745,3.8035998,-53.044098,3.1329966,65.52625,3.4739814,-31.471832,3.2726703,34.204487,3.2963011,-25.824408,3.115224,17.223885,3.0320106,-8.963332,2.7637143,5.7259183,3.0601745,1.2810626,3.035283,-7.6226377,3.0450678,4.66375,2.9987714,1305.3032007808729,60.338659865835034,1541.8460376521782,36.598013323830756,0.0002632743,0.00042091275,2746.25779437355,0.010480801,0.0007066074,0.06238784258990719,0.007084081604908091
-336.74136,6.7815323,165.10207,6.1819663,-67.98432,5.022157,53.576756,4.9233003,-46.14464,4.0902805,39.468422,4.5410905,-27.822968,4.027835,16.544798,4.088883,-17.07044,3.3477373,6.399579,3.4965913,-0.12658128,3.3391757,-6.7443943,3.4092076,4.0985827,4.1156907,1696.1772655023904,96.36017071946289,1687.5571318844343,68.63086514967772,0.000570114,0.001696357,3462.9737234447507,0.009473316,0.0008683818,0.10020981366009281,0.009515338857339444
-350.7344,3.8785505,178.53229,3.945164,-52.52565,3.57444,64.17104,3.2524838,-29.133524,3.6037674,33.811356,3.1693068,-23.721788,3.1877315,16.741266,2.9201045,-7.956715,2.9582672,5.8062882,3.133223,1.7808803,2.8018813,-5.944432,2.9234345,6.7604804,3.0995495,1325.8242894150965,59.42407663666512,1555.3664104905336,37.24197668417825,0.0002762285,0.0005538806,2804.7371778023494,0.010466021,0.00077946094,0.061674113616589324,0.007538487098137302
-342.3571,16.43075,154.58235,6.1700964,-48.543785,9.101216,70.13321,4.5269756,-36.18038,5.1684575,43.668087,4.586727,-30.302586,3.7731602,24.093576,3.582991,-9.381087,3.6499088,11.931102,3.0378766,1.9218599,3.3555548,-4.582898,3.2422616,8.88886,3.0272155,1746.8276932399556,184.8302546828437,1925.7118203500593,87.65398384275537,0.0005056358,0.00039987607,3990.0875507540604,0.0096749505,0.00096080464,0.08351988471577726,0.018312453478869704
-355.8792,3.8625128,174.84586,4.0996203,-51.27988,3.9892402,63.99611,3.40053,-30.425228,3.8181083,39.620533,3.49162,-19.83038,3.3962746,20.840637,3.3431313,-8.732413,2.8609138,5.6469817,2.9497933,2.285019,2.9067826,-2.910004,2.9491427,8.92634,2.873855,1356.0853874604666,69.51433952157359,1616.2509354295803,42.04946579514443,0.00028334872,0.0004059822,2920.97150975203,0.010166905,0.00085956394,0.060247788573085846,0.00827846946985446
-348.57913,17.313475,181.46269,5.8677354,-61.30531,10.449582,65.57309,4.418984,-34.78103,4.9783626,34.94915,4.4241586,-28.714527,3.32026,18.6414,3.6667352,-8.770995,3.1955314,6.70686,3.3736598,1.8438447,3.1913893,-5.006029,3.01816,9.435738,3.1849751,1394.0660755347235,140.12285658441894,1552.494098253284,49.76226292535752,0.00032919075,0.0005713437,2851.125992423144,0.0100482125,0.0011700799,0.07364663391821345,0.017046127281156478
-352.79144,3.8004959,166.41597,3.9977748,-55.640556,4.093819,51.82806,3.690561,-43.11106,3.788493,35.45374,3.938833,-30.089445,3.3681736,23.38284,3.2330043,-14.16104,3.2344935,3.844032,3.3572538,-2.2989166,3.453001,0.24940582,3.2374551,13.879671,3.3530772,1609.3307805540567,60.88056090560298,1735.1173327848237,42.22184601991001,0.00045543778,0.0010683677,3322.5582538790604,0.009005076,0.00082511484,0.08603946128190255,0.0073857490758608944
-354.3623,3.819408,174.15459,3.342919,-52.29845,3.644144,60.963955,2.8561425,-31.863466,3.1930299,39.119534,2.8934534,-18.696997,3.3479302,20.956192,3.104711,-8.598707,2.8110085,5.6750402,2.950048,3.002536,2.9164448,-1.5195832,2.9202404,10.0499115,2.8877876,1375.8096150467577,69.11899258391276,1614.6880261305525,36.577286242083744,0.00027820325,0.00021830326,2940.3813691814094,0.010047384,0.0008812886,0.0628942502900232,0.008372775458025198
-353.60202,3.7814708,170.07066,3.411766,-55.953976,3.3147192,54.817875,3.1552486,-43.218285,3.1344771,34.506927,3.1711173,-33.0358,3.460588,21.71159,3.2120285,-15.077089,3.1038735,3.239299,3.150973,0.15395853,3.186836,2.6900735,3.1184757,14.903831,3.3752134,1570.2284507379607,58.68858180990014,1704.0946047726,38.50095346484017,0.00038154365,0.0002543112,3204.225558747825,0.009016669,0.0007485303,0.0847638123549884,0.006954740172370533
-351.51788,4.1710043,168.5879,4.0638194,-54.543526,3.3881915,53.020115,3.5909693,-42.111378,3.4909415,32.984776,3.4175189,-31.101322,3.5521462,20.794537,3.3799798,-13.846889,3.1792939,3.7381115,3.3906388,-0.6061409,3.283135,0.82200664,3.0253417,13.692488,3.0282252,1558.736765480998,63.97929337394164,1693.5404613592268,42.87307915904769,0.00038308423,0.0006172147,3186.13966656395,0.009505935,0.0010098516,0.08247761383410673,0.007597323582235876
-352.02454,3.838075,166.4404,3.5028553,-53.380947,3.6581917,60.502075,3.5513577,-42.87995,3.3856306,32.649563,3.2016034,-31.876328,3.6824398,24.52238,3.1187003,-11.046447,2.9930313,5.7615056,3.0420532,-4.7240777,2.7377722,-11.129031,3.3349054,5.1514516,3.085423,1592.5277568263516,58.87939046994631,1744.6562116350462,35.691838151162315,0.00038613562,0.0004922848,3359.854161379785,0.009529016,0.0006941977,0.08037494562064965,0.007244776728849256
-366.01566,4.391574,172.21072,3.8480828,-43.760677,3.1340504,70.81815,3.2193549,-25.653378,3.1283605,35.246616,3.1490393,-25.920176,2.9563131,19.391562,3.23707,-5.3063073,3.099579,8.256594,2.9100478,2.09509,2.9122186,-7.5776553,2.8813314,6.120116,3.0170023,1307.0318168575907,70.89328979037452,1629.0964018061395,50.93817213648365,0.00021470423,0.00012422657,2877.3055711644433,0.010429058,0.00084863714,0.05541029219837587,0.008582381984853211
-350.19083,3.5901165,177.20186,4.088544,-54.862663,3.236277,68.648575,3.6123576,-31.584288,3.5858703,36.50412,2.9539175,-24.76659,3.146049,18.44815,3.229281,-7.8939433,2.9783175,6.3956885,3.096602,2.1344306,3.0398316,-5.853688,3.121298,6.185548,2.8314052,1367.6288107251492,63.67362544913977,1594.936519199072,35.95651645911918,0.00030444344,0.0006152948,2929.2150793938513,0.010488428,0.0008053903,0.0638798760150812,0.006939300154763154
-349.09845,4.16382,159.38687,3.2297723,-44.942413,3.1972053,58.852913,3.2546906,-37.86094,3.245655,31.478752,3.3206074,-31.804474,3.273556,20.856218,3.1395297,-7.78694,3.2620137,12.783629,3.1517048,1.8604927,3.3050103,-5.2711015,3.0373363,3.4921825,2.777172,1602.806562482745,61.366629002664226,1806.7910973082767,36.277302712752586,0.00036140453,0.0004273067,3528.8473390371228,0.00999152,0.0009859554,0.07386528422273782,0.006621955162007701
-346.82178,3.268941,176.66457,3.989304,-54.2822,3.5418277,66.681076,3.6494343,-32.447384,3.6969016,33.959763,3.1965053,-25.231987,3.2401552,17.09334,3.1509142,-8.191495,3.0654726,5.7119174,3.021886,1.3565311,2.7596872,-6.8854103,2.7746873,5.3483973,2.8614938,1382.7372932495375,60.30111549395592,1590.2453273288932,37.48283239924763,0.00031612182,0.0007068516,2942.704556989559,0.010468117,0.00070093106,0.06564154038573086,0.007096938907949722
-354.12753,3.526312,174.55264,4.2179804,-51.2267,3.50949,62.00844,3.6692376,-30.229998,3.8327343,39.171856,3.5725906,-19.189661,3.4161167,20.394354,3.0618825,-8.442849,3.2619298,5.2715297,3.0457325,2.3984997,3.1229134,-1.6205981,2.9863076,9.930248,2.7372975,1358.5307188777408,71.75450691118832,1608.7692735157386,45.07460270872531,0.00030025066,0.00068020466,2905.208805376305,0.010209719,0.0008755837,0.06275263739849188,0.007974025593091594
-352.12296,3.638928,167.11594,4.0850525,-53.87249,3.632179,54.571728,3.8059654,-40.328236,3.6236818,38.39762,3.2657573,-27.388903,3.4434652,24.033785,3.1499832,-13.744395,3.3447115,2.8940403,3.0012326,-2.1061146,2.898935,-0.25577867,3.1340308,13.406111,3.5381672,1574.5079851849864,64.73583636155578,1736.438255425419,42.36136545285903,0.0004234834,0.00087680557,3292.6815590559745,0.009216677,0.0008518123,0.08047124238689095,0.008369557725556328
-361.13052,4.32146,171.54459,3.9666922,-42.092354,3.4611664,65.624275,3.7330613,-25.859112,3.1888154,31.36868,3.7070172,-25.57681,3.4457083,16.670486,3.8211832,-5.2972627,3.0786805,8.605449,3.2401135,2.9408514,3.1027226,-5.940969,3.2396076,8.011515,3.2505317,1319.9932936517503,76.70849373356994,1620.1381183322844,61.532399524209815,0.00027260202,0.0006244494,2880.1033887398494,0.010141178,0.0009859449,0.05954878734048724,0.014623079350959134
-350.2569,4.1740823,160.93573,3.543923,-43.80553,2.9483123,57.499302,3.1680017,-37.477654,3.426589,29.117403,3.2130022,-33.86296,2.9843848,17.21808,3.001616,-10.303688,2.9669952,9.171391,3.0234306,2.97591,3.1193938,-2.174113,3.1240087,6.994578,2.8918998,1555.9319852556123,69.55729507377455,1768.5449082228188,43.940061027323345,0.0003110522,0.00021150212,3376.4662032337587,0.010305222,0.0010863933,0.07021960194315545,0.00628941048302843
-352.8954,3.7635796,184.04774,3.297782,-54.689022,3.2497408,65.87164,3.1577451,-33.299767,3.0908506,34.55831,2.9181356,-27.25825,2.9158025,16.922976,3.0474267,-10.249769,3.1894581,5.5318737,3.1286986,1.3424555,2.9400702,-6.953747,2.8287883,5.590401,3.1138458,1305.7119308298634,54.763538760367446,1535.3564226423432,29.876506793562655,0.00025284596,0.00025237605,2734.8666799593966,0.010438595,0.0006485035,0.06204570584396752,0.0069665083109793306
-353.02795,3.9892442,168.84161,3.9399195,-55.365913,3.2944956,53.045135,3.677076,-43.23919,3.3717582,33.44409,3.5392265,-31.52878,3.1012237,22.447676,3.2514024,-13.23324,2.8946288,5.394981,3.42213,1.0866565,3.174308,1.6274253,3.1641347,13.724521,2.9516678,1566.3388849426772,64.17425544271464,1699.2237409853653,42.991380928724986,0.00036175546,0.0004042597,3195.5823008809457,0.0094797695,0.00092933484,0.08345191052784223,0.007561182904933824
-359.51044,3.8433385,170.27461,4.16871,-40.85624,3.8147013,64.855705,3.4073274,-24.667774,3.3667476,30.589064,3.492461,-24.36343,3.3639777,16.113873,3.1746602,-4.905834,2.8395042,8.552042,2.7073586,3.4683542,2.9674113,-5.4815273,3.033471,7.933187,3.190612,1312.2987713929374,79.22060498608205,1615.637469387166,59.679896829688666,0.00028031337,0.00079899194,2872.0846437246228,0.010254306,0.00094167684,0.058467997752320186,0.012669587246959798
-356.94604,3.2532015,173.26208,3.722905,-49.33939,3.5489028,60.50241,3.3529403,-28.769768,3.470012,35.136665,3.386352,-20.188807,3.2492597,18.508907,3.2720926,-7.445061,3.2064238,5.3371553,3.032001,2.1819112,3.124201,-3.7256873,2.817708,8.457374,2.9039495,1346.697467667192,69.60818642487565,1592.825517136423,38.15050468122704,0.00025562092,0.000271761,2867.363326566125,0.010135509,0.001116343,0.060304433729698376,0.008709961750931219
-344.60886,4.38911,148.71594,3.892094,-48.778614,3.286888,65.3088,3.312422,-41.09182,3.1582494,32.5026,3.0143921,-36.234043,3.2230265,19.624634,3.2423272,-9.091042,3.2929752,6.134049,3.1078,2.6396494,3.1597111,-2.1069458,2.8904297,3.133072,2.7573962,1834.1187463792337,85.28748040518963,1910.5816470922591,40.308116996403015,0.0004962993,0.0005513261,4155.283690273347,0.009541559,0.0011680768,0.08790308693445475,0.009900604268511564
-339.3688,4.193754,150.13657,4.039283,-53.662285,3.6433144,64.66018,3.7862494,-48.514267,3.739648,28.874298,3.5890636,-33.87803,3.157361,27.202694,3.5072296,-9.2432,3.366255,8.173136,3.130646,0.5402053,3.0399022,-14.28167,3.1244895,0.5138704,2.9918244,1897.295547125607,75.77948247035793,1900.849200599721,40.79961700454391,0.00064934505,0.0015157678,4131.077572143271,0.0090642525,0.0008716235,0.10134838130800464,0.010088876988013458
-364.16226,4.5086017,172.50441,4.4331594,-44.99488,3.9015417,69.4754,3.94305,-24.83038,3.9559953,35.71783,3.5325325,-24.41533,3.5510728,18.944248,3.4564834,-4.966943,3.1395352,9.531611,3.0729644,3.0570948,2.8103168,-5.85218,2.9509072,6.9597163,3.0150309,1306.148141835092,78.63355989910971,1618.388758919359,56.65742113597254,0.0002616934,0.00059047405,2867.088540911398,0.010362935,0.0009453517,0.055933693445475635,0.010017522326494768
-355.23807,6.0444202,170.86568,4.5065885,-49.55055,3.9269493,61.487213,4.1325707,-29.956175,3.5594475,38.19639,4.112401,-21.330318,3.763379,19.82937,3.2965136,-9.441788,3.7172446,4.909549,3.613332,1.8817633,3.213324,-3.4270191,3.553892,8.415795,3.1157246,1396.1352135098982,78.11616976915947,1640.436503478474,49.368010029674096,0.0002680779,0.00016489699,2983.023106692285,0.010217067,0.0012117807,0.06291804125580046,0.008689529794578208
-352.76846,3.6202552,182.08109,3.3602092,-53.47331,2.9688964,65.55984,3.2291832,-31.167202,3.1565726,34.693996,3.3238995,-24.322071,3.1459808,17.656094,3.0190728,-8.987228,3.05914,4.9298906,3.0799818,1.3675377,3.1738648,-5.8650055,3.0813951,7.321109,2.9629195,1299.820124566944,57.56151503493964,1537.6988223936369,32.65570702033265,0.00023791913,0.00014124894,2745.5833204937644,0.010532094,0.0007487079,0.06129912267981438,0.006877527689258399
-351.69507,3.944477,170.42287,4.2945333,-57.504078,4.0520463,55.97582,4.012359,-43.735893,4.052752,34.018925,3.4345956,-32.22376,3.7908323,23.082968,3.3750246,-13.487774,3.062631,4.612798,3.1964517,-0.12531623,3.2094526,1.4100568,2.9859886,13.659507,3.139434,1570.3587181732084,61.59186224957743,1696.4203796535683,40.26134445848946,0.00042524727,0.0009166296,3204.5752859447507,0.009327399,0.0006817197,0.08419169627320186,0.007447806693605435
-339.53198,3.9147077,180.04778,3.5811875,-64.60229,2.9204745,66.92063,2.8876133,-40.070934,3.0351305,36.677414,3.3143566,-28.213675,3.2434535,17.795101,3.318261,-11.254843,2.8780181,6.1588793,3.031246,-2.0678196,3.0775416,-9.609858,2.9437153,7.0213385,3.0159025,1468.6702573350722,62.04806297358503,1595.007494883853,37.352729681597104,0.00035234893,0.00035648487,3070.629769522187,0.0102297235,0.0006179704,0.07786443227958237,0.007524653397565486
-346.8271,3.3735116,176.90237,3.76225,-54.573914,3.802915,67.53416,3.4806986,-31.927904,3.2181976,35.34517,3.2820952,-24.409498,3.1402183,17.107677,3.074294,-8.785433,3.001479,5.8128786,2.9381435,1.9410353,3.1150134,-5.266049,2.8522575,6.4348416,3.0218203,1376.242582297307,58.77822098595385,1591.540826430769,34.211026037391825,0.00030258734,0.0005380514,2943.2291477849476,0.0104889525,0.0007292075,0.06584999456206496,0.007557750060827421
-367.3571,4.4292994,171.55855,4.118084,-39.685436,3.4722571,66.7912,3.648468,-23.749775,3.4202683,32.395855,3.5443926,-22.437925,3.5213614,19.551573,3.1656983,-3.461742,2.9437337,7.590722,3.1668923,3.1555328,3.220466,-5.868388,3.199328,7.672465,3.1676285,1260.8368447685716,71.40753421297187,1602.3298421867896,47.68940171530846,0.00023721113,0.0006147699,2777.6583005546695,0.01038579,0.0009379287,0.05152556735788863,0.007173058825233928
-354.01984,3.7890832,168.9078,4.551266,-53.369907,3.703005,55.521584,4.242877,-42.674458,3.5254815,33.288296,3.7051911,-32.123302,3.3823884,23.430864,3.041649,-12.113713,3.2758286,5.9375806,3.2322922,-2.6447306,3.0759428,-3.0107298,3.0628343,12.920147,3.0597749,1550.6819943168368,63.04062892919457,1713.302507474962,44.31189717076311,0.0003733451,0.0011690112,3198.7548261673433,0.009901074,0.0008188778,0.077632187137471,0.006228940443015977
-348.60843,3.4118137,179.08578,4.128467,-55.47228,4.0107927,68.52564,3.6958778,-33.86991,3.8812363,36.234646,3.519584,-26.215944,3.2944272,17.428764,2.9859242,-9.276921,3.098837,6.0300326,3.0277798,1.8794478,3.1287253,-5.703231,2.8332188,7.0215187,3.0909264,1368.4102357180611,57.615808520789415,1588.66581184839,36.45288796437534,0.00031288835,0.00071666227,2926.5671449028423,0.010623062,0.00067077996,0.06413138051044083,0.007118380447946567
-348.3765,3.4656355,174.66658,4.0348525,-49.01073,3.9517956,64.85129,3.5835981,-29.406023,3.5130374,32.25749,3.1054003,-23.149376,3.413049,16.426174,3.252336,-6.4642134,3.0933464,6.7237887,3.0107636,2.7498431,2.985037,-5.3668,2.9204714,6.5976167,3.2279854,1343.8820364297835,61.83645475901938,1586.3733162497165,41.29872489111094,0.00029804552,0.00076219405,2893.8926325043503,0.010553265,0.0008046665,0.06296562318735499,0.007443712076375091
-358.5137,4.534416,172.14592,4.679208,-42.898636,3.5946188,64.58477,3.5845206,-27.185284,3.6861,32.35901,3.7626557,-24.737133,3.3747065,15.617184,3.3232288,-7.9870872,3.0719256,7.676065,2.9223583,2.716782,3.0648358,-5.436623,3.3216662,8.106179,3.1490786,1326.1158337849884,95.13718284215678,1620.0548724208293,80.05467235075037,0.00029878356,0.0011951206,2900.7123128444027,0.010286077,0.00088406325,0.061198294301044086,0.015840184019442607
-326.22842,5.7021165,164.60464,4.3256726,-79.30012,5.0715246,67.15303,3.9166398,-50.43839,3.853345,37.848488,3.5096734,-35.47753,3.7275956,18.846653,3.3760662,-16.928915,3.2946978,0.26609904,3.2164843,-6.4813538,3.0206494,-7.8062167,3.173709,9.70693,3.1446962,1845.3426493678276,74.56203501171905,1723.494195341442,48.32856717494452,0.0006429521,0.00079678296,3754.2465174557715,0.009412726,0.00058420305,0.11453537376740139,0.010148673358557615
-352.68982,3.9982927,158.36362,3.7147577,-43.975475,3.1815286,56.0385,3.0280704,-36.522827,3.0962994,29.97668,3.216098,-31.1001,3.1659892,19.090834,3.056131,-6.7416754,3.1621153,13.217684,3.3923194,4.106366,3.1376164,-4.2755404,2.7842784,2.8814354,3.1357815,1571.2572822711259,68.93491907159891,1778.2851425199062,43.93163239358358,0.00032796155,0.0004311929,3424.4787512688513,0.010201895,0.0011553604,0.07236078886310905,0.00646742577307449
-351.16293,3.676053,180.49768,3.346656,-53.702446,3.2478867,65.5022,3.1088994,-31.336304,3.109018,34.69707,3.0612054,-25.233215,3.0999143,16.391333,2.859503,-9.739686,2.9171448,4.9091225,2.8681037,1.7902192,3.0011513,-5.3919826,2.9188404,6.7973495,2.92365,1325.1268256947,55.20829456068533,1553.2276647526296,31.813334521169217,0.0002636823,0.00028039044,2797.4428676950406,0.010424045,0.0007256151,0.0628897186774942,0.006574642057907061
-356.85556,3.6847749,168.47443,3.202721,-57.723373,3.3014681,54.912197,3.2344136,-43.868668,3.170583,35.920082,3.04475,-30.295528,2.9795716,24.118334,2.9687448,-13.862793,3.091797,4.2940106,3.020797,-1.5322659,3.1157155,-0.7596661,2.9059846,13.346337,3.0887294,1589.0927368418393,58.31025708145772,1714.594149722424,32.13660598015274,0.00037736385,0.00034241687,3269.0499927494197,0.009040379,0.00071415666,0.08394359048723898,0.00733576499806609
-343.48615,4.538147,174.91385,4.025772,-51.581097,3.2027502,67.02784,3.2781916,-36.408764,3.193795,35.343876,3.2330718,-30.74357,3.137424,19.337627,3.010116,-12.96736,3.1984034,6.345105,3.1048973,1.1884505,2.9377952,-5.6580553,3.040502,7.2803903,3.0046976,1438.0530242932953,70.25921675510976,1669.444607326244,42.19409965325897,0.00033518623,0.00038675254,3072.228522422419,0.010380368,0.0007954554,0.06932347556554525,0.007852076828839408
-367.74225,3.948041,171.77617,4.103384,-42.237755,3.4437084,68.013596,3.3505278,-25.55266,3.5023644,33.28848,3.6394413,-23.516039,3.313569,18.198446,3.0403116,-6.07123,2.859475,5.833111,2.8090787,1.1646851,2.922476,-7.94531,3.0665066,5.9906797,3.4112027,1295.7655600215958,73.44367555143023,1610.5345626180797,50.51739921971909,0.00022441063,0.00041474664,2850.2516744308296,0.010398317,0.0007284915,0.05242849115429234,0.008123142509707889
-326.29922,8.127234,160.93152,4.4642215,-59.28339,3.4297705,64.04983,3.9942245,-37.66949,3.6621456,35.03942,3.3942986,-31.399479,3.4207952,16.20882,3.7578998,-9.037175,3.358795,6.9777217,3.3004305,-2.228831,3.767872,-2.8451645,3.3615956,7.5100284,3.4111989,1694.7993794112751,90.23969918316429,1752.8177458189396,60.501413255222865,0.0004937288,0.0003281129,3616.828709578016,0.009942308,0.0008844518,0.09179574209686775,0.010340557809120222
-353.6013,3.9634843,180.91379,3.6707237,-53.860996,3.1532724,66.755875,3.4213176,-31.383778,3.1932297,35.02597,3.2605615,-25.713303,3.1151838,17.618042,2.9027002,-9.376268,2.9354234,5.2812476,3.097389,1.5840957,2.9381058,-5.531111,2.937773,6.60946,2.7466815,1322.8195569936825,59.28524451850123,1556.5051848970406,35.70476243513701,0.00026003414,0.0004086257,2793.695790585122,0.010417726,0.00070555066,0.061745486513921116,0.007215938613411202
-354.43738,3.45897,170.47519,3.7476068,-56.417324,3.539673,56.2261,3.686104,-43.925724,3.6377835,35.68888,3.036897,-31.989628,3.610072,22.180788,3.2599757,-14.927673,3.0308368,3.304658,3.0832639,-0.6684494,3.0251021,0.99321747,3.1383154,14.282719,3.2735972,1571.573951810989,60.955688258253616,1707.7093534803691,36.67500223514976,0.00041778362,0.0007250021,3241.746290875145,0.0089620305,0.00065959664,0.08413505111658932,0.007019431055628967
-327.5751,7.476287,152.06116,8.085333,-92.38777,4.791969,67.95565,5.4477186,-47.001793,4.4203744,35.74194,4.3519144,-35.161453,3.6971989,20.932266,4.1449575,-15.225389,3.7161052,7.7426577,3.1824257,0.20599121,3.3245463,-9.461481,3.547884,8.349846,3.0120096,2086.6766736551504,166.24669637394828,1712.0184699763063,96.62297920085433,0.0009813076,0.001548081,3917.294332765371,0.008034414,0.0006277381,0.15299403639791184,0.02163651502564482
-349.1011,3.9092143,165.76218,3.8163917,-53.312157,3.3732314,51.440395,3.4062028,-42.209206,3.1523244,29.961653,2.9745426,-31.514563,3.250104,20.077162,3.056634,-12.825058,2.8841503,3.9639804,3.0625663,0.27256033,3.09704,2.1483216,2.9803712,14.39019,2.7461996,1581.8925019879916,64.97186238962104,1699.7881464719524,41.48823196356782,0.00036953037,0.00046465095,3228.581559962297,0.009588453,0.0009431539,0.0848872987964037,0.007497917544676689
-354.89474,5.688337,178.18631,4.9066076,-59.462208,4.237214,56.6055,4.597129,-34.215034,4.1612263,32.037575,3.6187065,-27.113325,3.5830698,14.771886,3.4146814,-9.169959,3.4359782,7.5615745,3.8390744,5.728724,4.5226264,-3.9335802,3.8215027,3.295252,4.771975,1394.3825485492277,64.57634815495162,1522.6247251044542,62.10719991273753,0.0002713056,0.00042369307,2773.7363598462875,0.010251852,0.0015844859,0.07752229553364269,0.0071103899568796
-352.63928,3.883973,180.15828,3.4400983,-51.733913,3.0213761,63.530487,3.3202796,-30.659744,3.15945,32.531826,3.0642545,-24.436893,2.9363859,15.534497,3.0644965,-9.455811,2.708571,4.998861,2.9412732,2.2804015,3.0595655,-5.286765,2.9442074,6.9211874,3.0014653,1310.4501263734041,58.81670036193153,1540.3513049003243,35.01011118142147,0.00024809493,0.00022525564,2765.193024035673,0.010403642,0.0006997864,0.0617296258700696,0.006791005613433383
-332.31424,7.7298937,169.09831,5.5772767,-65.00357,4.9535213,74.741425,4.2118883,-47.745777,4.5368204,38.26181,3.62369,-28.301054,3.349958,17.78725,3.3555665,-11.464023,3.2264707,7.3471317,3.318252,-4.5574594,3.140284,-5.2294464,3.1315043,9.890782,3.1452641,1691.5144631959101,109.5857102080487,1738.6151334175115,50.27155127574181,0.0005705976,0.0014282297,3678.4806182932134,0.009845988,0.00056226423,0.09458494960846868,0.01160153964880083
-343.08618,3.9821365,151.38945,3.9188395,-48.72076,3.8290339,66.86831,4.1667175,-38.77519,3.349532,32.088978,3.4972718,-33.131397,2.972699,24.720991,3.3152037,-11.746461,3.069216,3.339069,3.4808834,8.557461,3.195885,-2.5209928,3.227543,5.3841367,3.1576207,1776.9279823291563,77.86985277016345,1885.251209003979,41.38967078317101,0.00048454048,0.0012051596,3966.4060234193735,0.010075176,0.0012085628,0.08224083707946636,0.009290410386360375
-347.95035,5.070448,158.81905,3.892609,-37.93877,3.5012,55.94737,3.550106,-33.123634,3.4096394,29.731684,3.1316595,-29.280106,3.0205708,16.848202,3.3854833,-9.77234,2.961884,7.1118984,3.2178175,-0.19993128,3.8497581,-3.88924,3.9533937,6.4207406,3.3628232,1524.590055970504,81.60004332075529,1781.106200701892,44.89201136784299,0.00036049235,0.0007139231,3360.778440400232,0.010293599,0.0016475155,0.06712564348897912,0.00951176820549718
-353.85898,4.09593,153.07321,3.2170107,-39.84266,3.1358042,56.95099,2.9875429,-31.861208,3.3599162,29.256346,3.147062,-29.570269,3.2473176,16.076544,3.2346265,-9.772352,3.101015,7.8641706,3.1324565,3.527668,3.0336118,-0.079754755,2.8981013,8.653485,2.9087546,1568.9899096135757,66.33392761780767,1799.610884283275,43.13108055264,0.00029238008,0.00047849008,3478.5365837079466,0.010866472,0.0015643048,0.06394105278422274,0.0060264551843943635
-353.54208,30.926155,157.92572,7.929953,-64.408745,17.763958,53.72387,7.2194643,-36.51821,4.6550717,26.384104,5.415715,-28.700514,3.4765518,11.001718,3.3433893,-9.234135,4.3358674,5.078801,2.9816904,-0.5565465,3.1803102,-7.653025,3.040937,6.3828487,3.0279386,1708.1065589582283,98.10542712515439,1653.6833282273728,133.30151284127612,0.0006969918,0.0015039297,3442.7395070511893,0.0077087455,0.0045526573,0.10124755292923433,0.013357701817063446
-354.8592,3.8521318,171.70631,3.7445757,-53.253674,3.6639912,61.799774,3.4229279,-31.155504,3.3871436,39.707462,3.432077,-18.626287,3.2783227,20.395172,3.0451343,-9.096541,2.9231393,5.32272,2.9605944,3.1989176,3.0753224,-1.213327,3.0200362,10.446724,3.1172857,1408.4004161001221,69.9142157133082,1632.9946447117986,38.20643119084124,0.0003173016,0.00054199225,3023.216753824681,0.0098862685,0.0009424003,0.06351394830336426,0.008569832845323262
-351.34485,3.6463835,179.96146,3.6568086,-53.36562,3.2365525,64.99386,3.1321273,-30.034853,3.1674743,34.521805,3.1366625,-24.3008,3.2557504,16.757988,3.219995,-8.162138,3.066726,6.0257134,2.9864626,2.0417194,2.8548949,-6.334246,3.079223,6.6775565,3.253387,1318.193975548517,57.62551103306568,1549.3191461918627,33.7835112111213,0.00027242227,0.00044914646,2785.402259915168,0.010457145,0.00077231345,0.06246714580916473,0.007326863553099601
-347.881,10.97275,173.57747,4.9659314,-54.303394,6.373031,62.90984,4.4651403,-29.674767,4.1966543,32.839176,4.0433955,-22.288017,3.3771255,17.05772,3.6520002,-7.369074,3.2093232,6.0579166,3.3202763,3.277912,3.2148206,-4.60909,3.3342328,8.158968,3.188098,1392.5511128944333,111.99408211854374,1586.6594913819663,60.942346456992176,0.00031430056,0.00067679945,2945.8021407337587,0.010464229,0.0009828847,0.06523369525812064,0.012639581167942117
-354.12445,3.533443,166.3224,3.861399,-53.57005,3.6657481,53.965813,3.616128,-41.330135,3.4171631,33.2295,3.4669194,-30.335531,3.5553234,23.448372,3.4720833,-12.254111,3.1476507,4.2913795,3.1072896,-1.1128254,3.0050287,0.3890109,3.0425386,14.496795,3.0175443,1571.0697207763842,61.22518433323262,1718.1571328135792,37.95457396693279,0.00037747083,0.00073441776,3238.548785074681,0.00957158,0.0008843003,0.08111019975348027,0.007498368753136361
-353.6026,4.098994,168.89618,4.47999,-55.772957,3.9459772,54.621113,4.2460346,-43.887264,3.5525455,35.138084,3.3028007,-32.427258,3.5150359,21.471199,3.2495563,-15.566089,3.0635123,3.0956686,3.4098823,0.02283161,3.0729313,1.7004958,3.2146275,14.280914,3.0204058,1581.9143288484574,66.01408344031447,1718.0230569534178,44.34474382680559,0.00043260658,0.0009207146,3260.6315595091355,0.009115228,0.00077793363,0.08422568336716937,0.00780122427384171
-348.95087,3.6752083,178.99431,3.7847798,-53.778732,3.726435,67.958206,3.7067668,-33.49373,3.3595743,34.4695,3.4585469,-26.452587,3.0547028,16.73758,3.0173452,-9.631211,3.0229535,5.3039184,3.0427582,1.9832952,2.7653196,-4.9543495,2.9426658,7.15172,2.813636,1353.0802033175164,61.5840035943938,1580.4899612960608,34.431279995391435,0.00028933585,0.00055534777,2892.768509371375,0.010718687,0.00069322524,0.06407926696635731,0.007349037570951395
-325.58752,9.062373,136.28441,6.7950444,-86.844604,4.315831,77.56974,4.3602676,-59.786526,4.961183,41.067,4.1985726,-38.042225,3.8983545,25.186163,4.1640353,-20.489605,3.5736842,5.0624967,3.5815978,-3.278151,3.558154,-9.0495825,3.4590435,8.896979,3.632129,2474.760467982755,153.9608357266025,1922.6792245784784,68.48953532401383,0.0014731007,0.0019387986,4802.104140987529,0.0076092375,0.0007091111,0.18931604372099767,0.02120506286229453
-353.96512,3.2707782,171.46988,3.7083287,-55.490322,3.888171,56.28685,3.38676,-43.48271,3.4414046,33.190403,3.2664678,-34.42248,3.2684824,21.032139,3.2104697,-16.01886,3.319478,4.751266,3.3197262,-0.5866625,3.065035,0.9211196,3.045361,13.708385,3.0590515,1545.6482097566543,62.41051897079318,1698.7759773627856,38.15884545947886,0.00036869533,0.0005004425,3161.0342499274943,0.00940112,0.00073065603,0.0809674539588167,0.007397948709855427
-351.82816,3.6225789,180.49242,3.1229134,-52.666523,3.6181855,63.74661,3.1337998,-31.115479,3.1734252,33.953426,3.2408438,-24.05302,2.8598616,17.1322,3.1496403,-8.944401,3.039073,5.129676,2.841491,2.2570126,2.8322692,-5.1058474,2.755627,7.016972,2.7062078,1314.6975686128658,54.22041820300368,1546.6963498817147,29.338079135243692,0.00026346903,0.0003562219,2771.538074608469,0.01043567,0.0006706964,0.06112012398491879,0.0062848154303653935
-354.2139,4.155366,166.3554,4.037366,-55.7357,3.8621445,53.723473,3.8520336,-42.087803,3.412553,33.927162,3.7549155,-31.460865,3.4775937,21.066021,3.3084822,-13.243606,3.1663656,4.862687,3.4780319,1.5519176,3.191631,2.3051496,3.121569,13.623328,3.3362916,1586.499100881156,63.36769189027373,1708.0253950168208,40.44477233612516,0.00038086413,0.0007339647,3255.8602813225057,0.009531886,0.0007700084,0.08226802675464037,0.00717383605146812
-366.17978,3.8560927,172.29893,4.0387864,-40.90436,3.4366138,66.03086,3.578835,-24.377016,3.3650222,31.973757,3.4527822,-23.346113,2.934518,18.809448,3.4372146,-4.2113166,2.906094,8.188764,3.198865,3.4649038,3.1998432,-4.967027,2.9839413,7.9157968,3.1399796,1266.962569921464,74.43428028829483,1597.9051583889977,51.390616564691804,0.00023956617,0.00062469963,2772.3874120867167,0.010526418,0.0010582093,0.05176347701566125,0.009524249186651804
-361.9652,3.9269328,170.6978,3.7440143,-40.174816,3.2220314,63.706917,3.27013,-23.917322,3.407147,30.832415,3.2439775,-21.93406,3.2635143,18.206804,3.086192,-3.2911315,3.12821,8.12403,3.0150702,3.1393235,3.0235083,-5.51381,3.0359647,7.8421745,2.9116201,1279.447611037853,68.16557456886603,1599.2734356644162,42.94447895708241,0.00022563578,0.0002790266,2794.4202254930397,0.01049824,0.0010986512,0.05362483686194896,0.008780517471469837
-356.94714,4.3064313,174.0903,4.2508473,-49.741413,3.6170251,61.35665,3.2691967,-29.639296,3.3383825,37.8014,3.3972008,-18.889563,3.3374221,19.892742,2.956075,-8.053606,3.29602,4.5707088,3.18119,1.8760465,3.0836723,-2.9605289,3.1396399,9.056164,3.0567036,1345.6303957344412,77.16694271807891,1601.102603766464,43.95656032070771,0.00026237796,0.00022245088,2877.5553763051043,0.010079243,0.0012028811,0.060708880147911835,0.008388436788514931
-352.16788,4.0121207,170.9672,4.792095,-55.59977,3.4629192,54.962814,4.0572157,-43.679005,3.6038337,34.280613,3.620841,-32.358315,3.1323586,22.939571,3.354865,-14.079342,3.0446186,4.30719,3.0487046,-0.19074304,3.150314,1.255368,3.0543213,14.252721,3.2484417,1553.9362512216726,64.42777888159671,1695.8338735504378,47.1146721353573,0.00042472835,0.0013072377,3164.181794699826,0.009623288,0.0008918949,0.08341679053074245,0.006834425355801721
-353.42664,3.7094083,175.19554,4.194565,-53.53211,3.2739449,63.196342,3.4221888,-31.937908,3.3665092,40.522133,3.5154963,-19.778456,3.4024107,21.080498,3.1351476,-9.524196,3.2573109,5.585406,3.134205,2.2971594,2.8639731,-2.001661,2.9168396,10.278586,2.8113704,1380.611647117752,67.3766778030671,1619.8774834218939,43.789416844279046,0.00030876472,0.0005688437,2957.9176900558296,0.010134644,0.0008280584,0.06344257540603249,0.008264947878230408
-349.19894,3.5882556,178.81688,3.6871343,-54.225887,3.5728965,65.61221,3.0110726,-31.950417,3.4364557,34.51641,3.2272832,-25.14396,3.0443296,15.926494,3.07889,-9.56047,3.0098226,5.614306,3.1517377,2.934034,3.1488416,-4.6521897,3.2081943,7.1725283,3.1269524,1353.1228426983164,60.81284818013199,1569.1319611018462,33.148125003628536,0.00027970874,0.00036015754,2867.088540911398,0.010463474,0.00075680926,0.06500258301914154,0.008006412632259404
-335.6258,6.015631,156.7551,4.2340617,-54.48703,3.967174,70.26332,3.9385257,-34.29038,3.6084077,42.13149,3.4105806,-29.22499,3.351953,24.448837,3.1922312,-9.885648,3.3288093,10.615712,3.055277,2.6643245,3.001558,-3.5367532,3.2582674,8.559128,3.5402706,1719.9782841816477,104.92636046144246,1866.0886268728011,57.29845485767576,0.0005110003,0.00073235267,3806.131045171114,0.010045762,0.0007925351,0.08523849876740139,0.011249532895385501
-345.6805,4.41831,179.55441,4.0507336,-54.45144,3.741032,62.018345,3.7191803,-36.552486,3.337567,32.84905,3.3294852,-24.909966,3.2541852,17.510475,3.1018522,-8.949008,2.9603717,3.6922123,2.8740199,-1.7250143,2.8504698,-5.887385,3.0625088,8.878887,3.294203,1369.0357047533655,62.679414020654676,1568.4684383713768,38.25405105394421,0.00031294255,0.00071877043,2877.080746537848,0.010560079,0.0008657695,0.06702028349767981,0.007745242212552076
-337.26904,4.744916,171.58998,4.073001,-60.860706,3.2878919,73.195984,4.0838437,-42.085945,3.354545,36.518646,3.0843596,-28.895329,3.560676,15.652065,3.1166897,-11.8717375,2.9627028,6.1175637,3.2171917,-1.7945509,3.1615615,-3.8808355,3.1714494,10.745594,2.9351413,1574.9218358642556,70.43512222907086,1693.0605941851277,38.55485211563097,0.00042965967,0.00070287235,3458.8019775957077,0.010104215,0.0006519568,0.08249460738109049,0.009041378588906097
-347.38928,3.5619578,179.09697,3.5551894,-56.90565,3.3614519,67.922646,3.510109,-33.212025,3.375026,36.306393,3.0402646,-25.091894,3.2495027,17.912329,3.1238973,-9.123513,2.8486161,6.861583,3.201469,1.6537361,3.2142332,-5.5935545,3.0346925,6.7697453,3.0588033,1369.26590585989,57.95931404603034,1582.4127865859275,32.277691465697664,0.0002874787,0.0003406398,2921.0214707801624,0.0105099445,0.0006371748,0.06593269649071926,0.007190124650078347
-352.18097,4.345401,182.27171,4.0382752,-54.878616,4.0834455,64.58845,3.709908,-33.45676,3.5533745,33.884693,3.175289,-25.266363,3.224324,19.797682,2.935677,-7.4751377,2.902522,5.628412,3.0683029,0.42329034,3.130808,-7.1734495,3.0919425,6.573044,3.0798473,1318.5639610517826,58.30242783579744,1545.852224473539,37.843110825864045,0.0002795677,0.00058595405,2765.817536887326,0.010357229,0.0006920193,0.06490628625290024,0.00713591788941953
-348.91873,3.6531177,163.66505,3.249077,-47.179634,3.046663,52.63716,3.2232783,-40.39545,3.0879714,29.079552,3.4220092,-31.60773,3.3314693,21.516237,3.02226,-6.5808167,3.1343086,10.574513,3.251148,-0.016418403,3.2628255,-6.79663,3.0801775,5.348302,3.0227354,1555.6385174069428,59.58806719440374,1732.1485314948004,38.279267043294894,0.00033008872,0.00033031823,3264.7783248441124,0.01009861,0.001173788,0.07884439348897912,0.006092162129030281
-331.4869,22.538492,151.0321,5.0095,-79.79369,6.937414,56.87568,4.2732244,-49.58301,6.499444,29.272543,4.3371153,-40.960285,4.717166,10.336751,3.3857148,-15.418247,3.8789742,9.781529,5.392941,0.06271356,3.2198908,-10.130884,3.2445958,2.7731283,3.361712,1962.1182086149272,84.93974645063672,1738.499680028311,50.51412772518467,0.00079747953,0.0012631048,3882.7213012978536,0.0087044155,0.0025451647,0.12455023745649652,0.011733310981706198
-348.3497,3.5408704,178.99237,4.032986,-57.19584,3.3057969,68.53613,3.333119,-33.32213,3.4407535,37.79857,2.8741708,-24.578266,3.0197577,18.279531,3.167523,-9.546986,3.1633222,6.5983167,3.1247213,2.3012712,3.0678082,-5.755633,2.970023,6.476405,2.8770099,1378.986427402921,62.79503636195268,1589.2444773011855,34.201951129971675,0.0003135817,0.00061710697,2942.05506362384,0.010446378,0.0007568093,0.06540702943735499,0.007579947117156295
-326.56158,4.6022453,167.35481,4.8028617,-86.5532,4.0655947,62.165268,3.997343,-49.592503,3.910469,40.161316,3.7784626,-28.271725,3.4877484,19.810137,3.6531096,-17.199945,3.3732336,5.826941,3.4295008,-5.270721,3.3707907,-3.9566438,3.1382463,14.003429,3.3517375,1820.8989080397191,70.12290024683031,1653.3522844269548,40.39543031320333,0.0006967849,0.0015297302,3555.2017813768853,0.009200257,0.0005325947,0.11861948955916474,0.009208699676844569
-348.32614,3.353131,176.76845,3.8829708,-54.530407,3.4963078,66.38212,3.043585,-31.679678,3.2899604,35.297577,3.2480097,-23.957851,3.2633498,17.65397,3.1488376,-7.294529,2.956534,7.0937,2.8865798,3.021741,2.9984562,-5.25034,2.8378441,6.684867,2.9547727,1366.4698474738636,62.421153043752746,1587.5357364293852,33.56768390688128,0.00029577326,0.00041229735,2921.596022603683,0.0104071265,0.0007318094,0.06498445656902552,0.007935745382490995
-352.0592,3.657573,179.21646,3.6341195,-53.311733,3.2621968,67.38579,3.6380925,-31.572498,3.6927118,34.49558,3.1293318,-25.619658,2.8629386,16.86167,3.1436949,-8.568487,2.7793508,6.2285056,2.8584294,2.1219244,2.903808,-5.326404,3.0855865,7.331375,3.006447,1338.2141811387703,52.39807969231737,1570.760957989005,33.046162226982055,0.00027343215,0.00044694907,2851.800466302929,0.0105178505,0.00070518465,0.061880301986658934,0.006432483318233136
-341.28632,5.638097,161.04883,4.6436386,-54.115147,3.5312057,72.23021,3.589697,-33.854435,3.5833995,42.942753,3.6346488,-30.236715,3.4987774,23.53511,3.3093688,-10.807311,3.1782641,9.807877,3.0445907,0.4371211,2.9994757,-6.63803,2.9983234,6.4085145,3.0741017,1653.7055723222616,102.85001266905317,1833.3941210694788,60.982455490087716,0.00045383698,0.000807292,3666.9396207946634,0.010114288,0.0007181036,0.0784184219112529,0.009622376894934486
-350.33932,3.5915875,172.20128,3.776794,-55.100502,3.441599,62.681877,3.4944427,-34.002144,3.4607742,42.611023,3.6101072,-21.23322,3.259305,21.90793,3.0358067,-12.351042,2.94815,4.9187775,2.817014,0.75261784,3.0951772,-1.6471353,2.9842904,10.068305,2.8980057,1455.0486471411716,63.56296117399753,1666.632382909854,44.196737862032855,0.00034221637,0.00054616237,3114.77033787703,0.00997172,0.00068462366,0.07001114776682135,0.007113987257593443
-354.43497,4.0885153,175.77274,4.350028,-53.883904,3.6611,62.38228,3.8706722,-32.104042,3.206353,40.121754,3.3797288,-18.912088,3.162483,21.134865,3.2397509,-9.0774145,3.2790399,5.781626,3.0860674,3.0104399,2.8333006,-0.7886719,3.007236,10.423312,3.1249893,1369.2012514195833,69.72028901482305,1605.6111489946531,41.94494583976151,0.00032291788,0.0008732258,2919.572600964327,0.01013456,0.00082559104,0.06289538319315545,0.007646696175466583
-352.11252,3.9016697,166.72656,3.6747854,-53.3522,3.5540013,54.532047,3.284623,-40.976753,2.9584692,34.502514,3.2026634,-30.106276,3.113032,24.043427,3.0284073,-11.020916,2.9415965,4.707582,3.0478745,-4.030264,3.0191658,-3.9050207,2.8905878,12.543561,2.9373934,1578.2277516699357,60.55509733453065,1727.510625914008,38.80652585384435,0.00040641442,0.00065977464,3275.794731547274,0.009257639,0.0008478562,0.08445339689675174,0.007195881792452893
-364.42575,8.553047,166.02832,5.993908,-44.567657,5.3986006,62.015163,5.1613307,-23.752901,4.76844,31.251793,4.2982845,-19.82483,4.394767,21.509878,4.652034,-1.0755732,4.025212,7.985233,4.009243,4.091398,3.4469006,-4.382151,4.135243,8.569707,4.1726737,1355.9296248631074,132.30280493684353,1619.4726760582482,60.902091765496195,0.00025290667,0.0002624145,2910.104986133266,0.010124671,0.0022679765,0.059675672491299306,0.01515490613471756
-343.14514,9.926763,164.84723,3.9694076,-76.77051,7.5572085,54.201294,4.5570397,-35.116566,3.982946,32.228485,4.162793,-29.67101,3.9090686,16.009054,3.615322,-9.501638,4.4657125,9.543118,4.285574,1.9369938,4.6907954,-2.9453623,5.017639,8.362311,4.4345713,1690.5080164626404,56.90963537982939,1562.939051757297,63.0013202551454,0.00048780924,0.00086917874,3200.4035400957077,0.008855266,0.001412198,0.11562975819315545,0.01230136384773693
-350.5773,3.5340397,170.40282,3.6537375,-57.74213,3.4053493,53.924534,3.4800894,-41.620895,3.3920937,39.19305,3.2835197,-29.024544,3.1454673,23.890287,3.3702528,-15.663688,3.0263312,4.3419976,3.159078,-2.1713536,3.4054387,-0.5740779,3.1051834,12.952704,3.194647,1574.5983453682172,65.66632909111338,1714.33653793481,37.79922919018797,0.000381351,0.00023001159,3219.0889646171695,0.009185649,0.000761687,0.08550586390661252,0.00817795885936551
-343.30167,3.8173845,157.71538,3.1938322,-44.717163,3.1780834,50.653217,3.2613795,-39.657818,3.3344588,28.993889,3.0120347,-29.004448,3.0942686,20.707232,3.2369626,-6.39805,3.0276005,8.577617,2.8755043,-2.8295043,2.9497375,-8.399281,2.968855,3.7369835,2.7299538,1622.0617093338024,64.73467476918859,1779.9489359902118,39.281434887886,0.00035915253,0.00022140234,3494.998742477523,0.010040896,0.0013415253,0.0825954357598608,0.007471213827931423
-349.94742,4.028868,173.24236,4.4842873,-56.31881,4.1007886,61.78695,3.7005877,-35.25285,3.6946852,42.33412,3.4283845,-21.176844,3.2326221,21.841684,3.0900514,-12.51385,2.9652638,5.3411326,2.918084,2.2177844,2.9876127,-0.53386486,2.8415163,10.89762,2.7973845,1456.637976000991,72.98085706133394,1656.570086591623,44.775512823499334,0.00037643645,0.0009087213,3088.0911488544084,0.009822956,0.0007342708,0.07276636818445475,0.008701350990658045
-346.82104,3.594518,177.85678,3.714708,-53.40577,3.7693076,66.20202,3.8613045,-32.571247,3.7281594,33.62532,3.4052138,-25.55299,2.9509122,16.243439,3.2034023,-8.211409,2.9606533,6.406573,2.9862344,2.848135,2.991695,-4.517229,3.0941408,7.379449,2.8855882,1360.5509921464063,59.658299828218155,1579.6424254950516,34.131523812696244,0.00030495852,0.0005740711,2899.2634430285675,0.0105660595,0.000788314,0.06470916110788863,0.007590901428526099
-352.1545,4.475466,181.2835,3.7820446,-54.037693,3.0483062,65.34602,3.5518496,-33.814075,3.4949431,32.298264,3.0951788,-27.06304,3.1455603,16.01167,2.9928734,-9.262214,2.933055,6.0528736,2.985441,2.9685607,2.9862084,-4.273342,2.9321017,8.758916,2.7776074,1331.242957642472,59.37349102079359,1548.2450073322748,34.857244735208425,0.0002685474,0.00036007742,2805.0119634570765,0.010362585,0.0007427082,0.06450297273781902,0.006984652391995259
-353.72775,3.8080056,182.00645,4.214544,-52.893436,3.9761846,65.58402,3.62033,-31.622793,3.4365022,34.01983,3.284968,-26.116419,3.3250372,16.305552,3.2197115,-9.890714,3.2623336,5.0184946,3.238635,2.4234622,2.9474506,-4.7163744,2.926591,7.4530244,3.1113942,1307.9248389802465,58.25177249678396,1543.0665048110588,38.791114320562336,0.00028012108,0.0006692015,2753.80190962152,0.010405742,0.0006788843,0.06193468133700696,0.006479203259244634
-345.3226,7.2869034,177.42981,4.6116886,-57.747517,5.314625,60.673336,5.275291,-36.895218,3.6336844,29.240107,3.8862143,-26.35802,3.518916,14.365175,3.4475412,-14.331391,3.515414,0.5458347,3.810288,-2.4956717,3.1957922,-9.723203,3.6483274,5.0598335,3.3239994,1416.555555152969,85.31591031690215,1556.5971514232772,50.91771869752446,0.00030888733,0.00043905014,2924.8434894322795,0.010298101,0.0009790448,0.07200958889211137,0.00917694082943199
-353.76132,3.3100812,182.73956,4.525419,-53.855137,4.0264144,65.520004,3.7185526,-32.916424,3.482506,34.61631,3.2592294,-25.173492,3.4938252,17.811651,3.0622852,-9.037708,2.9614084,5.919268,2.9846814,2.2748122,3.1477106,-5.5891023,2.9580672,7.1741023,3.086984,1303.691325816859,60.13742529674859,1543.5419980227807,46.959910980731735,0.00030371838,0.0010474336,2757.1492985063805,0.010432391,0.0006211923,0.06049702726218097,0.006932184184299111
-346.26526,3.9396467,162.60963,3.948156,-47.29595,3.785595,52.153725,3.5761583,-39.709682,3.6345112,29.1736,3.144236,-31.160799,3.3958528,22.665533,3.288192,-6.016433,3.0887527,9.289253,3.0322967,-2.7537477,3.219391,-8.541072,3.174928,4.935326,2.9964092,1580.034346737478,68.3771705367235,1747.15153060922,41.624778870660705,0.0004007555,0.0008496402,3326.080506362384,0.009789384,0.0011025894,0.08127673651392112,0.006815955757989854
-352.4969,3.8803089,170.0621,3.6949549,-46.549976,3.332676,62.147453,3.5070925,-28.658783,3.2663465,36.726955,3.3375843,-19.63442,3.4168887,21.006256,3.4256582,-7.0459547,2.980666,5.968604,3.0390317,1.1987367,3.0428753,-3.809584,3.345527,7.782862,3.1601162,1376.6956314335441,71.27968899945449,1646.715354198474,41.63427923255799,0.00028503183,0.0003502485,2988.518819786833,0.010262172,0.00094109605,0.06095811883700696,0.007913010072812759
-348.0836,3.8073773,163.67883,4.7704096,-48.286392,3.9399047,54.815617,3.9680824,-41.559982,4.017732,32.2908,3.6858683,-31.013092,3.5082676,23.710163,3.5190322,-7.0240216,3.0757136,9.496649,3.190587,-2.8022254,2.9196546,-8.194081,3.3347645,6.1961894,3.2183762,1587.2085287283742,72.27282378677727,1764.022685520568,51.88406914364225,0.00045852386,0.0016146987,3389.7808172310033,0.009982027,0.0011583185,0.07965215342227379,0.006235420828829245
-348.0978,3.859235,162.5244,3.7532394,-46.708378,3.5489206,51.301712,3.9155755,-40.21372,3.1475267,30.176813,3.3334467,-28.42946,3.2894151,23.613838,3.1940866,-6.1734114,2.9445634,7.424877,3.082748,-5.192182,3.2201555,-10.725459,2.969484,4.087546,3.198653,1573.4441380096112,64.46229615841287,1745.686610076893,40.77752229825229,0.00040341858,0.00096566754,3324.706578088747,0.009621483,0.001016927,0.08049729915893271,0.0068160977374808595
-353.01212,4.7470293,174.85983,3.1880114,-52.905426,3.1268933,61.405,3.0776691,-31.410225,3.230455,40.392868,3.2465384,-18.23832,3.4014692,20.564362,3.211508,-10.017703,3.039634,3.953585,3.2151814,1.6668372,3.1183472,-1.7828703,3.0301108,10.136175,2.99123,1373.4238001328943,62.33898652271322,1606.7107636463586,35.66044454502555,0.00027593604,0.00021753948,2925.692826910528,0.010071312,0.0008090595,0.0646502501450116,0.007664592655367553
-354.84207,3.768126,174.51611,4.0862894,-50.18111,3.9321468,62.30166,3.3594575,-29.989977,3.5360785,37.31644,3.4232306,-19.780016,3.2992692,19.370975,3.4579632,-8.811073,3.24832,5.3494563,3.2033927,1.8901708,3.0690417,-2.8858023,3.2824235,9.266259,3.0324802,1351.228427254632,67.71179976635597,1603.7982969020175,40.19815164760125,0.00028696313,0.0004557884,2897.190060361079,0.010135364,0.0008293587,0.06115864269141531,0.007900352446307105
-348.6001,3.6102862,179.65923,4.3684063,-55.090813,4.103342,68.18086,3.7922018,-34.292683,3.690915,35.23202,3.4042392,-25.965836,3.3433273,17.372019,3.24618,-10.080352,2.868369,5.156935,3.0621822,1.4897832,3.0964775,-5.187184,2.9677763,7.3501377,3.0421276,1364.9673315978257,60.03975583316586,1582.9749300282053,40.63150358317417,0.00031824323,0.0008151145,2915.925445910673,0.010601119,0.0006899797,0.06459360498839907,0.008118356021078441
-348.5777,4.4420195,164.02284,3.8201997,-51.8955,3.4451146,54.059708,3.4286678,-42.64142,3.2465975,33.62433,3.2411244,-30.690088,3.4633238,23.916317,3.3818047,-8.432409,3.2368689,7.5505395,3.064357,-3.8485994,3.1986852,-7.1978736,3.1250858,9.121644,3.1534376,1616.2779208628601,67.5122528533438,1755.4423457586486,40.226946962596415,0.00039195258,0.00033942648,3412.0634357779873,0.009464899,0.00091643695,0.0845598897911833,0.007684252205298953
-354.4591,4.1064773,163.69283,3.598617,-51.17901,3.1694193,52.77895,3.3844187,-40.3147,3.2150195,32.383106,3.226998,-28.707874,3.084247,21.97383,3.3562162,-11.5871105,3.1238837,4.037553,3.0866904,-0.18365535,2.8925018,0.68996805,3.1121619,14.30278,2.9480963,1569.4079892968196,62.794768302854465,1719.647849264938,40.49078830583559,0.0003266132,0.0003223974,3270.673726163718,0.009799809,0.0010512487,0.07739541038283063,0.007140450013082351
-351.5848,3.598938,177.58925,3.7387958,-51.671112,3.3632267,65.367615,3.6148195,-29.921778,3.3925352,33.16354,3.050076,-25.178722,3.2446094,14.330356,3.0944448,-9.230836,3.0892396,5.133166,2.768196,2.2952728,3.027977,-4.992733,2.9635596,7.2946057,3.041605,1336.453720444767,61.693723364832366,1563.7147608947753,34.657971358873084,0.00027437144,0.0005246315,2841.633397078016,0.010431869,0.00077119557,0.061301388486078884,0.007234084267686874
-354.8349,3.6532817,170.85703,3.9557016,-55.74887,3.7880564,56.741226,3.7951312,-41.3931,3.9016492,34.044918,3.758018,-32.740704,3.3018928,20.858608,3.4030185,-14.25841,3.0311363,3.2958062,2.923698,-1.0806144,3.1034927,0.8397027,3.0903008,14.691492,3.141187,1545.2766979122437,57.99206487381385,1687.315443665432,38.77512707218151,0.000397448,0.0007196565,3163.582262362239,0.009043734,0.00073999463,0.08325705118909513,0.007153374657472822
-354.00732,6.3436594,175.82278,4.2898464,-52.456097,4.585807,66.11396,4.476462,-27.879803,3.4753892,35.28985,3.4052484,-23.77679,3.306655,16.887579,3.5058398,-7.4129596,2.8035269,6.9247074,3.1183908,3.9114625,3.1120775,-4.66566,3.3547661,6.509821,3.304593,1345.5295555704984,65.68700149801558,1574.6059795581282,56.51957256906339,0.00025856405,0.0002554002,2856.69664705989,0.010451372,0.0014325159,0.06421181663283063,0.010393243579501674
-365.71222,4.233331,171.46124,3.748171,-42.84149,3.568844,69.18329,3.576679,-24.248413,3.485079,34.88805,3.3483772,-24.084854,3.1599178,18.13049,3.2079313,-4.4501424,2.8639238,10.216117,2.843298,3.3980303,2.9766765,-6.259838,3.1761537,6.938795,3.0473056,1295.8863290475722,81.1670598362223,1619.9854520591973,55.90808449167034,0.00023206012,0.0003357691,2864.565508990719,0.010410521,0.0009910838,0.054958263848607886,0.010077365615552758
-356.5494,5.5399113,176.31294,3.7353652,-51.265198,3.2569606,64.15648,3.3616078,-31.751072,3.362117,37.950108,3.3493884,-20.653578,3.4352863,21.360287,3.3252897,-8.16385,3.117934,6.003119,2.9633346,1.7460082,2.8759906,-2.945332,3.3188217,9.246025,3.2005806,1345.0442417973254,70.46928124318877,1604.3655632515338,39.504369570221854,0.00025182287,7.8407116e-05,2890.8699903023494,0.010147358,0.0009011385,0.06177720780162413,0.00782967230791016
-345.7068,3.4987752,163.34586,3.3715127,-45.506733,3.2573712,48.41333,3.619354,-40.916313,3.0496087,25.482014,3.3565726,-30.38137,2.9494808,21.29466,3.1220832,-5.2342405,3.2884119,9.97623,2.9935184,-1.8248625,2.9185114,-8.961477,3.0319061,2.4406743,2.6977234,1544.2870377536078,59.147898537254775,1711.462346255225,41.480220253677956,0.00035331282,0.00055075693,3205.049915712007,0.010012764,0.0010420439,0.0800758591937355,0.006591723056265792
-346.94702,4.4084167,162.2617,3.8519645,-45.54158,3.6085694,58.551327,3.765795,-33.25103,4.0281067,35.539204,4.1819654,-32.042336,4.087141,21.244463,3.3518875,-9.731638,3.4162407,9.135611,3.9252994,-1.8381985,3.68791,-4.983038,3.8396678,6.5618734,3.6904764,1569.3354710327174,78.0178169727874,1797.317552395316,43.61874453990966,0.0003765375,0.00051887264,3394.25232924884,0.009913858,0.001180065,0.07427766096287702,0.009633935664622425
-348.23642,3.837429,163.4205,4.231927,-50.365337,4.019573,52.48953,3.624209,-40.093933,3.4891572,32.923534,3.2240012,-30.370853,3.4667718,23.334608,3.3828752,-7.9975176,3.264702,8.292325,3.3629122,-3.8361166,3.1591523,-7.2300196,3.197069,9.219729,3.23469,1598.9744181039164,66.74210676137929,1751.735284906585,45.38421597000267,0.00043925477,0.0012728411,3351.410747625435,0.009588664,0.00081923266,0.08255125253770301,0.007096951205625099
-357.94757,5.056271,169.45389,4.1884007,-45.393696,3.7112575,58.12949,3.8717854,-26.459154,4.139173,31.94994,3.4314237,-21.535845,3.8172855,16.305426,4.1121397,-5.112224,3.453419,8.240206,3.2421432,4.215943,3.89305,-4.9768424,3.617313,7.708842,3.7705207,1347.3927178678414,89.08592552234539,1603.6270343387098,58.96145102123825,0.000269276,0.00036315448,2868.5623912412993,0.010000052,0.0014494712,0.06282174448955917,0.013563635899366027
-368.45065,4.1023483,169.80283,4.6992087,-41.013702,3.9737482,65.5094,4.054579,-24.584585,3.8145733,32.174004,3.3848627,-21.247578,3.2014916,20.33965,3.5220513,-2.2284122,3.2057328,8.436568,3.2188437,3.6694093,3.0717244,-4.566089,3.2096138,8.847435,3.270373,1282.2636004947274,76.83944897107376,1614.6238623988913,54.81794569569585,0.00025105648,0.0009908644,2834.039320801914,0.010545394,0.0010957572,0.048013567647911835,0.008056565253095102
-348.64218,3.550643,165.43053,3.4639025,-53.1805,3.551981,53.801792,3.3238764,-42.400913,3.2756069,33.64683,3.4442046,-31.793545,3.4196913,23.373838,3.4162796,-10.342848,3.3064003,6.2558393,3.3349824,-4.3208146,3.1107292,-5.092678,3.0505826,11.86117,2.8090484,1605.7938797117638,58.3770204818161,1745.7718815877658,39.162840697707274,0.00040613525,0.00057400693,3356.431830952726,0.009425517,0.0007298406,0.08415431046983758,0.0069390548979499506
-348.7212,3.4091084,176.48888,3.3392339,-54.763096,3.1366413,67.59107,3.2822225,-32.067707,3.046815,35.99556,3.2007995,-24.14938,3.052518,18.581964,2.9572647,-7.132114,2.8979988,6.9047933,2.98226,2.0891044,2.8928485,-5.9744983,3.022671,6.4743614,3.0126019,1376.8052222799408,54.49208549351847,1599.1222774522275,30.081181440027283,0.00030527654,0.00050016114,2950.698321490719,0.010381062,0.00069202314,0.06524502428944315,0.007844910096597834
-350.85287,3.4653683,159.63577,3.578238,-42.87274,3.8592567,59.26593,3.5794647,-34.9128,3.831495,29.625185,3.354768,-27.521751,3.2094228,20.492168,3.5177267,-6.3061624,3.0867014,13.553985,3.3643775,2.1517472,3.2518516,-6.473075,3.143408,3.3662686,3.1650367,1551.3323162532936,74.00974409043356,1767.390742338185,40.434071538690056,0.000331262,0.00037642766,3399.123529491734,0.010026024,0.0010631062,0.06994430648201856,0.00760453242307431
-356.86752,5.142138,181.44534,4.0578837,-45.50343,3.415,67.16285,3.6056862,-28.749086,3.751403,31.97117,3.3898716,-26.679665,3.1843832,16.206947,3.2481556,-7.687679,3.0816991,5.8735223,3.009367,0.97370553,3.0989182,-6.822763,3.1111925,6.8486657,3.0798028,1247.5420165011735,64.45207015518105,1536.8951530539807,40.76358456114176,0.00022201416,0.00029953587,2660.149962387616,0.010860967,0.0009047984,0.0560605785962877,0.006922692446758994
-351.01907,3.60032,167.82993,3.5325782,-54.20257,3.44769,53.508465,3.3938339,-41.407948,3.3332176,33.464382,3.246404,-32.174847,3.409747,19.674187,3.0904882,-14.418555,3.254507,4.297799,3.072184,0.83237964,3.0136917,2.250984,3.2405064,14.672673,3.1862981,1572.3488682562252,55.99490636236212,1705.6886756832441,37.12139070934795,0.000398846,0.0006090158,3230.8797672563805,0.009222439,0.0007962283,0.08369208599187936,0.006622264879645408
-351.676,3.3404882,178.46298,3.850329,-51.8482,3.8623347,63.46807,3.629268,-28.912172,3.6671987,34.587654,3.2893116,-22.038265,3.2241309,16.817966,3.039431,-8.63861,2.9818716,5.50893,2.8973439,3.2215981,2.9467504,-5.1407394,3.085693,6.092345,2.9823973,1313.3450859672141,63.203517498982166,1552.3307039894135,35.268437631468984,0.0002797916,0.0005654496,2784.10327318373,0.010469329,0.000818193,0.06090260658352668,0.007885978637292833
-353.1125,3.7110567,182.72894,3.8472376,-53.705345,3.5664303,65.985435,3.2445617,-32.245476,3.4546754,33.938343,3.191847,-25.74855,2.9199615,18.414421,3.1084485,-8.01442,2.7947695,6.6150856,2.7770245,1.6143326,2.7888772,-6.7877483,2.891464,7.0046186,2.8966367,1298.422168338598,56.30344164897861,1539.9454617202473,34.57601518950508,0.00025892758,0.0004081535,2745.083710212442,0.010571498,0.0007106759,0.060273845345127613,0.007264050143429464
-358.68292,4.444007,175.85411,3.484822,-46.93118,3.4575305,62.08124,3.599868,-29.550985,3.484226,34.346836,3.301498,-20.183722,3.1157548,19.752272,3.0994773,-6.8956323,2.962324,5.266196,3.0002925,1.406396,3.169439,-4.985783,3.035084,7.0091405,2.8544562,1303.9459589080677,70.15510174579275,1577.44042954132,35.09095995727703,0.0002486757,0.0003250131,2792.09703768489,0.010269579,0.0010285618,0.05700768561484919,0.008233112224687996
-350.39212,4.060944,168.97485,3.816226,-57.305195,3.9198027,55.784122,3.3426402,-44.425663,3.6709318,35.234184,3.4928255,-32.25361,3.469843,22.210445,3.250268,-15.35908,3.316339,3.0559158,3.0889742,-1.3447042,3.2267978,0.11378228,3.274212,13.511454,3.3279226,1607.7227658563954,64.80831381151123,1724.3383366229475,37.31968300618794,0.00043716733,0.00051148294,3319.110942937935,0.0089481585,0.0007146241,0.08924897585556844,0.007874686047792286
-351.0902,3.8509881,176.6764,3.855727,-58.749462,3.3302865,61.256985,3.6582015,-35.56664,3.17804,41.677685,3.4021733,-19.756466,3.691195,20.1124,3.4567885,-12.444696,2.8558087,3.792168,2.8749394,1.1413172,2.8674452,-0.9420053,2.9781055,10.886367,2.897255,1419.4702041579806,61.88233383021077,1604.6135769003592,36.41008024293303,0.00031976425,0.00047092215,2987.7444238507833,0.0099031115,0.000691511,0.06975284585266821,0.008145887387301935
-350.60284,3.3971565,179.2082,3.7904773,-54.175694,3.508142,65.81304,3.7420354,-31.809578,3.719011,35.01227,3.1583905,-24.572638,3.1961687,16.830166,3.1201875,-9.05157,2.9953268,5.377753,2.9821293,1.7039186,3.210793,-6.136894,3.012372,6.1944585,2.905284,1347.8445749947266,56.661528958184356,1567.0659831141586,33.070036735048525,0.0002905161,0.00052344584,2857.92069224913,0.010375813,0.0006550715,0.06268126450116009,0.007419204865069291
-351.62158,3.9311366,166.28368,4.541272,-54.712578,3.8553429,52.139942,3.7677925,-41.63799,3.4268208,33.63981,3.447499,-29.282867,3.1811056,21.96265,2.890383,-11.980584,3.068144,4.038882,3.1880279,-1.8883436,3.1167188,-0.66248703,2.9905581,13.368291,2.810556,1591.610661983852,74.94623501040117,1711.4567151105516,43.97106139770064,0.00043852927,0.0008692373,3274.6206473861657,0.009015895,0.00093515764,0.08638726254350348,0.008297059090763972
-350.93558,5.4215746,181.97572,3.8499694,-54.781918,4.4093204,61.98356,5.203594,-32.909462,3.6903238,34.523647,3.690106,-23.650608,3.8355234,17.717703,3.1159313,-9.166668,3.036728,4.5739775,3.2731457,1.5440402,3.3849788,-5.782752,3.05258,6.768907,3.0284002,1321.9264413089293,49.527401271475895,1534.3638185308544,39.558244048272456,0.0002547431,0.00024165763,2749.055611948956,0.010356224,0.00071357185,0.06383116118039443,0.007205844065289757
-349.34042,3.5414438,165.1504,3.8063865,-52.0006,3.4402575,52.0974,3.071729,-40.179947,2.9959471,37.03596,3.3629432,-27.112217,3.402589,23.382793,3.1177838,-12.973159,3.0421028,3.841708,3.4068902,-1.437394,3.263015,0.8107729,3.2138278,13.792867,3.3736782,1588.180285227235,70.34775361819113,1746.3088167433798,40.03331156257597,0.00038711302,0.00025180046,3332.850225674304,0.009229508,0.0007599319,0.08373740211716937,0.007800089650724261
-350.5143,3.9365118,157.20688,3.684877,-44.08138,3.380221,56.20584,3.2846901,-36.520638,3.4859676,32.957245,3.2150183,-30.672731,3.1352918,18.205215,3.0307767,-10.246365,3.0187411,9.414055,3.399226,3.7069633,3.1726432,-0.86811745,3.1358147,6.622962,2.907311,1604.9696518057601,74.72753124468979,1805.4539590572524,41.0524012887583,0.00036268542,0.000519639,3529.2220467481147,0.010052243,0.0012094346,0.07441814095127611,0.007054262589970415
-356.55374,3.6296961,175.51726,4.0156627,-46.19061,3.9715664,63.67474,3.568422,-26.181448,3.262613,31.308857,3.0136547,-22.704536,3.2437296,16.20764,3.0576048,-6.101089,2.9862363,6.513038,3.0880451,3.4062133,2.937802,-4.888047,2.6597714,7.1337824,2.9846792,1280.6168114994848,66.90642750512329,1558.6344405138768,38.03171673193366,0.0002537311,0.00053047837,2751.5536633555685,0.010666336,0.0010726955,0.056219185034802784,0.007718502712764118
-351.60934,3.7041175,167.60194,3.6807265,-52.88272,3.2838788,54.557323,3.1551418,-41.528034,3.2448123,33.998104,3.4823751,-31.853899,3.1045554,24.022984,3.2237513,-12.115596,3.0536923,5.877236,3.1858969,-4.0469975,3.1635644,-3.617132,3.2038696,13.040947,3.22754,1575.8190543746111,67.12231944547692,1734.2127737224193,42.04674834445423,0.0003760269,0.00034358184,3261.9805072687063,0.009358291,0.0008691051,0.08217286289153132,0.007569272845442429
-354.5119,27.080318,167.55214,6.354003,-51.90792,10.088843,69.03423,4.030478,-33.240726,8.350645,33.78662,4.4634547,-25.779379,3.7810946,21.278128,4.0668373,-6.5945525,3.3041215,8.544456,3.2791636,0.9998561,3.1543965,-6.9769053,3.1016455,6.2818832,3.091325,1506.0558030449563,187.12493000605903,1691.481924494365,74.29019532598313,0.0004193015,0.0009540272,3251.2388862202724,0.009384475,0.0017477407,0.07226902370939675,0.019437261663335554
-365.8399,3.7861545,171.8583,3.791911,-41.7665,3.5484693,66.75083,3.52579,-25.270973,3.5032802,32.648945,3.328329,-23.66785,3.2111568,18.818249,2.929873,-4.456213,3.1293933,7.895571,2.948188,3.0831604,3.099228,-5.1789584,2.9541926,8.342446,2.8458033,1283.1470113893815,68.75322235516451,1609.589985327796,40.27051895697191,0.00023490642,0.00052163284,2821.6739663391822,0.010417137,0.0008757831,0.05141907446345707,0.007790432916033498
-349.89175,3.888381,159.58243,4.071471,-45.353703,3.3541439,50.90575,3.460865,-39.88665,3.1860197,27.473839,3.6943917,-31.265882,3.3032794,20.177095,3.054615,-7.8479266,3.31828,9.750313,3.1476257,-0.94959337,2.9739377,-6.9842668,3.2107673,3.358181,3.1877825,1593.654600360182,74.4138021881243,1756.1122677440198,47.715382360073676,0.00038145305,0.00086502905,3371.8947691596577,0.009993779,0.0013524604,0.07951733794953596,0.006960255726247986
-350.58203,3.4481578,164.64417,3.6249382,-49.2504,3.2524068,52.429443,3.6324613,-41.72464,3.140968,30.179794,3.1466284,-31.226582,3.041695,22.953257,2.9211485,-5.957365,3.3990617,9.623706,2.9529636,-2.9067428,3.1068997,-9.303724,2.983547,3.902026,3.0711274,1573.8316904082321,62.55498404508961,1735.617480182089,38.13836336996065,0.00040514985,0.00073738775,3312.4411456822795,0.009338512,0.00092162914,0.0810478900812065,0.00669331903108538
-353.15182,3.7902474,169.15523,4.0538096,-56.257576,3.6890366,54.468433,3.3621275,-43.718624,3.3102834,34.59648,3.4971404,-33.242,3.1938748,20.719484,3.1022525,-14.933238,3.049448,3.873468,3.2113633,-0.34900036,3.0351844,1.5706328,3.1190445,14.669755,3.3773746,1584.007572984421,65.17015023091359,1710.1119703517627,41.387099648032304,0.0004198661,0.00079054304,3252.6627755220416,0.009017065,0.00076522003,0.08576303291763342,0.006871973004896677
-349.45566,3.8768868,162.52983,3.4607742,-45.191406,3.5580673,54.819798,3.612729,-37.841904,3.1277196,31.267206,3.1332731,-32.56214,3.2632954,19.692902,3.4245276,-7.4418936,3.2072084,13.112305,3.1406152,2.890664,2.9945383,-5.6954474,3.1389387,3.954923,3.3132517,1550.8427619861602,63.05497008639641,1757.7292526952222,40.01559162529149,0.00035181682,0.0006814043,3312.366204140081,0.010175825,0.0009980906,0.0751171421838747,0.006287895501336361
-351.891,3.483204,179.6805,3.8029723,-51.954838,3.4730642,66.1145,3.5468345,-32.005333,3.3067226,34.137005,3.0841887,-25.322989,3.0810735,15.959984,2.972721,-9.459899,2.8179839,5.0439672,2.872663,2.2093387,2.8538938,-4.848232,2.794383,7.7805123,2.903285,1325.4113535911745,59.6184958117785,1563.7049031206639,34.5493731529386,0.00027928283,0.0006089647,2825.9456342444896,0.010476723,0.0007267713,0.061799865864269145,0.006620523256446056
-344.14764,5.5908203,153.08646,3.966489,-51.237988,3.1601193,64.132904,3.5709124,-41.32058,3.4325652,29.026682,3.2757072,-33.939335,2.9769332,21.43364,2.9839962,-8.78651,3.2077243,9.63859,3.195783,6.163514,3.1932359,-3.1806974,3.3131707,2.243499,3.369994,1752.1195439742855,79.95107539509753,1837.46879255303,42.44865861724656,0.00047233625,0.00081777567,3818.946048887036,0.0098863365,0.0013410038,0.08472642655162413,0.008732473782593094
-322.836,7.551242,155.97342,6.5132985,-86.94807,3.9186268,65.42697,4.3628078,-54.298,4.135683,43.993195,4.075759,-33.62063,4.104767,23.412287,3.710156,-12.899958,3.72984,7.9794803,3.3771443,-6.241763,3.216277,-6.729983,3.8058097,9.257193,3.7395327,2053.07751071217,141.68002877072757,1793.0795046919516,81.88354745385105,0.00092211406,0.0014296009,4102.674727650087,0.008710584,0.00044969688,0.13896416400812064,0.015412293353808861
-354.33636,3.3705525,180.1567,3.967006,-51.42334,3.6573918,65.642586,3.39264,-30.628195,3.4403236,33.27295,3.4868517,-25.652826,3.1975331,15.741025,3.252423,-9.937307,3.0835571,4.716922,3.068657,1.9891174,2.8758478,-4.6624947,2.9792528,7.837189,3.028214,1306.540742601615,57.91476587586708,1550.434150454123,37.010154565806054,0.00026069308,0.0005312793,2769.9393217082365,0.010494261,0.0007815767,0.05976403893561485,0.00768741586062992
-350.7267,3.750168,164.627,3.224573,-49.67592,2.914496,55.562664,3.299188,-41.62287,3.1753242,33.779247,3.3407576,-31.18702,3.3032541,24.515308,3.199056,-8.294201,3.2606726,8.091434,3.133892,-4.3082056,3.0001562,-7.6634393,3.0073066,8.03737,3.0694246,1590.3267307104459,63.19600812367715,1766.4768010657544,41.17171804398975,0.0003644975,0.00018647614,3382.786273292488,0.009519307,0.00091623847,0.08156902552204176,0.007172529712144912
-349.8669,3.7821348,173.2676,3.7010484,-54.510487,3.3338084,58.65081,3.5708537,-32.35931,3.1681376,39.94196,3.3414247,-17.076778,3.1569943,19.098476,3.0527356,-11.306097,2.8829916,2.8734221,2.9738462,1.7444621,3.162925,-0.93056107,3.4449592,9.843914,3.282681,1408.5371621646875,63.42786978374803,1605.188728681208,35.68622345663682,0.00031685497,0.0005639691,2971.357206623405,0.009978968,0.00078233774,0.06946055684454756,0.007900019564395441
-335.49533,3.7933936,147.23505,3.4777277,-52.69108,3.3911722,61.247894,3.2223983,-41.661053,3.276979,29.861856,3.2092,-29.473244,3.1994414,27.286343,3.2551072,-6.310795,3.3508124,5.6302295,3.10063,1.1592708,3.1653543,-10.47939,2.9923735,-0.34306693,2.8023465,1873.3621315969685,72.14885230358264,1876.9842972565457,36.81455444086251,0.00059399527,0.0009414976,4065.8784304306846,0.009313088,0.0011264473,0.10210062898781902,0.009303081835843663
-364.43906,3.695524,169.85748,4.196372,-39.06975,3.6106212,64.55087,3.7973366,-22.851435,3.3962357,31.231386,3.1688607,-21.396782,3.2525928,17.890097,3.3559017,-3.5776982,2.962525,7.819806,3.078917,4.2167635,3.2421288,-4.9423075,3.3386867,7.571081,3.4010127,1273.5649762231453,75.32993977806154,1603.1188014796562,54.89441677399605,0.00023736976,0.00046771296,2802.5638730785963,0.010407774,0.0010444573,0.05116190545243619,0.008243507344758387
-353.91473,3.9106278,181.10756,4.1611004,-52.369343,3.8706493,64.53876,3.5053241,-30.586493,3.5988584,33.933067,3.1835215,-23.179955,3.1580133,17.84209,2.9155822,-8.547995,3.1301024,5.1461105,3.1818175,1.9245633,3.07679,-5.8488173,2.8928733,6.8784666,2.9892492,1298.9302510587406,61.24512220230092,1539.3002554311722,40.82914137797299,0.00027477188,0.0007342924,2753.3272798542635,0.0104422495,0.0007473079,0.06002460665603248,0.006720454335103752
-350.40668,3.8532345,179.55768,3.831105,-54.036617,3.79596,67.084,3.1438773,-31.873802,3.7416437,34.323914,3.4759076,-26.504343,3.0678642,15.7986555,3.0890694,-9.619333,3.0239995,5.574117,3.1509504,1.9856954,3.055913,-5.2890124,3.0722907,7.6727743,2.8597746,1346.7290070452989,56.021340832153506,1566.474373698362,34.26855086532087,0.00027952352,0.00041139623,2857.545984538138,0.01045498,0.0006725363,0.06429338565835267,0.006249461511032153
-351.08804,3.5162897,177.60963,3.9643238,-53.15265,3.3571439,65.70036,3.6086261,-30.264402,3.3962643,35.317802,3.1995816,-23.388966,3.1946561,17.86372,3.1188507,-7.3468213,2.892007,6.8369594,3.007458,2.9242504,3.0464425,-4.837296,3.0494137,7.218347,3.145953,1335.1725485649574,59.70717505043411,1574.977507287641,36.910734609768085,0.00029540184,0.00088191795,2854.498361822071,0.01056888,0.00075381465,0.06171489812935035,0.00689478666111469
-344.62024,3.9512944,158.11238,4.11695,-47.334114,3.7784684,53.64522,3.5245218,-39.66665,3.6658196,28.62408,3.236941,-29.58701,3.3964932,22.714762,3.448021,-5.7861576,3.3717225,5.422363,2.9962811,-4.4536924,2.95135,-8.883574,2.8812819,3.515237,3.0704896,1639.9701821205963,72.61074532532409,1773.0690576487525,44.90871588460172,0.00045214238,0.0011008579,3509.887128860934,0.009510201,0.0011300775,0.08557836970707657,0.007447084257410193
-350.9127,3.6764631,180.19348,3.3840728,-56.04432,3.2222333,66.66896,3.0548794,-32.014626,3.1845438,36.717735,3.362099,-24.673248,3.071185,17.254942,3.2200234,-10.271269,3.022038,5.5132585,3.1396282,2.092199,2.9020069,-4.97241,2.9691775,7.173232,2.998593,1348.195687503414,60.344100295093924,1567.0106058311303,30.288963167486266,0.00027669122,0.00029781024,2853.8488684563513,0.0103740245,0.00074551755,0.06338819605568445,0.006896677879211671
-351.93344,3.7043161,180.48572,3.4001653,-53.582256,3.259314,67.553185,3.3028042,-32.64406,3.162085,34.65248,3.2200327,-26.501945,3.0232985,15.875554,3.1898804,-9.9630575,3.0631003,5.5385866,3.02551,2.2847986,2.9485626,-5.1490192,3.0373662,7.485746,3.1022172,1335.8653320469932,56.82106874019919,1564.2178474504103,32.21781827057189,0.00027386608,0.0003941022,2845.530357272332,0.010452913,0.00070672034,0.06269599224187936,0.006885828108320717
-341.99203,3.7367547,152.98256,3.9179387,-54.90652,3.365823,70.87854,3.7231805,-44.81356,3.2668095,28.479994,3.603373,-32.449562,3.3378,23.734777,3.1689048,-13.748639,3.116414,10.44166,3.0013561,8.309498,3.0196733,-8.311338,2.9544406,5.060866,3.0213044,1825.6329757781168,79.61419161119905,1853.7216486286009,34.728726889387694,0.0005444679,0.00080553885,3862.5370459324245,0.00936123,0.0008861869,0.09374886709686775,0.009211821304127253
-359.29053,3.9839985,168.24599,4.1281,-57.96594,3.765019,57.57719,3.8386595,-43.13294,3.3507168,37.51431,3.5938537,-30.394989,3.6328614,24.297045,3.0865731,-13.671307,3.0174637,4.1295004,3.1518438,-2.0267825,3.2842553,-1.0966452,3.247798,14.246349,2.8699331,1597.3863901936083,62.48198924366162,1730.1280349980475,36.256667757414235,0.00044662127,0.0009256465,3329.1281290784514,0.008653916,0.0007490513,0.08239038029292343,0.006905253417551737
-337.5233,3.6645126,151.17809,3.6614103,-53.04238,3.1616614,60.891655,3.5664272,-43.01165,3.309146,30.163954,3.1592455,-30.631376,3.153118,27.902308,3.1966782,-6.1725764,3.4831707,5.724485,3.0280864,0.3396628,3.093024,-9.913126,3.0488722,-0.17861648,3.1694548,1818.4398571734826,73.02702926672225,1854.2133093408288,38.8615398839653,0.00051611755,0.000588794,3942.974301225348,0.009620707,0.0011204396,0.09604073013341068,0.008334000746345487
-347.36002,4.5331297,177.99211,4.1328692,-54.896076,4.085924,66.9086,3.6808734,-32.363167,3.4816158,34.895355,3.3888118,-24.58764,3.351229,17.16094,3.2070956,-8.422073,2.9620855,6.6378107,2.8752487,3.0140054,3.1480196,-4.450379,2.9644907,7.4193945,2.661799,1364.5732185480485,62.61350127482169,1581.6011937311296,37.378914348642425,0.00032216692,0.0007011087,2914.6514396933003,0.010409707,0.0007222149,0.06644023709396751,0.006934992657802101
-361.3815,4.2013526,165.10562,3.680965,-37.26263,3.9424086,60.371838,3.8198218,-20.54804,3.7741408,28.16622,3.6239302,-19.359282,3.387589,17.705149,3.313096,-0.3364052,3.3928216,9.035442,3.0197659,4.3680525,2.7874203,-5.089676,3.096252,7.525061,3.2239282,1291.472881178108,82.7092294908486,1608.4983268864098,40.73280659275822,0.00023396191,0.00032385695,2827.3695235462587,0.010417216,0.0015996646,0.05335520591647332,0.010197055995707307
-333.05988,4.722322,140.368,4.0999546,-54.10003,4.190852,70.35949,4.1907144,-46.831944,3.681045,29.421322,3.9744768,-33.607708,3.6893482,24.402489,3.2289863,-13.157052,3.5919502,12.940404,3.2249496,7.1374187,3.0973563,-9.301843,3.3159416,3.3533251,3.1230137,2074.5858165044588,85.7221063286713,1978.5987207560536,43.06933910821434,0.00078654056,0.0017728191,4465.092025721433,0.00906834,0.0010967614,0.1133571545098608,0.012678625737164622
-350.24646,3.7668884,178.54321,4.2464366,-55.603394,3.974882,68.45597,3.500876,-32.954315,3.836151,36.46386,3.7162971,-25.206764,3.1757853,18.128645,3.1142304,-8.701851,2.7959173,6.083341,2.808251,1.9399266,3.0744872,-5.571145,3.145592,6.5303607,2.9122763,1368.9720698563904,59.090278891601564,1590.2438399640534,38.01411267944058,0.00031479617,0.0007054281,2925.6678463964618,0.010357023,0.00064114085,0.06517025268271462,0.006551627495351435
-330.4105,18.707119,153.28616,6.9854097,-82.85914,10.010452,72.1703,4.1654615,-49.295837,3.846512,46.063793,7.5302997,-40.973183,4.3566804,20.211853,3.379382,-14.696974,3.8462627,13.00296,3.7174675,-1.8533007,3.6467106,-8.711821,3.633406,10.106627,3.6565614,2094.6140746203987,188.20372081884204,1848.5479671641979,58.57428220273695,0.0009333932,0.0014793125,4248.910656993185,0.008460402,0.001147967,0.14119258446925753,0.02416725403945354
-348.06195,13.86909,180.99823,4.212578,-56.956886,7.0656886,64.95677,3.3917751,-37.91003,4.80213,34.29077,3.8150353,-28.620218,3.4365041,16.705462,3.712028,-12.271815,3.407705,2.7100358,3.1708112,-1.6725389,3.207239,-7.4157014,3.165655,7.9777536,3.104522,1386.4409005668185,93.16194422388337,1575.9053397443083,48.65823845131974,0.00030654267,0.00040862284,2899.7130922817573,0.010310641,0.0011832074,0.0689348897911833,0.010250675446290453
-328.79977,9.502977,142.32794,7.8362055,-72.8258,5.7681084,67.77427,5.3132668,-48.97386,4.3903966,40.804207,4.408432,-35.38821,4.1256423,21.253576,4.1382794,-15.780423,4.35567,9.681894,4.023137,1.2486042,3.5966585,-6.415744,3.4757407,6.605114,3.6864119,2146.2130905685626,162.87243566629596,1905.6107733420683,97.67109011720399,0.0007588595,0.0007353595,4404.5642401392115,0.008558223,0.0010749243,0.14477255836716937,0.016533209948830153
-362.87253,4.023939,164.02751,3.7213905,-55.412827,3.6282558,51.620556,3.7769024,-43.373478,3.62648,30.089056,3.3441758,-32.274117,3.0737588,20.393656,3.1646516,-12.4998,3.0261958,4.5588655,3.1843016,-0.38002613,3.2019904,-0.18662395,3.0729342,13.823259,3.3501062,1609.0261732284368,57.45741606145577,1711.347195669816,35.52062877989539,0.0003702162,0.00047072524,3301.149953324391,0.008781017,0.0007844568,0.08128919844837587,0.0071392819260492815
-345.91937,15.976089,171.68382,8.602906,-51.66312,7.466358,62.82013,6.1153593,-28.025196,4.3950353,28.774893,3.5691996,-22.843184,3.9303048,14.862204,3.6519284,-7.369268,3.4009113,5.964365,3.1036887,2.5173876,3.172494,-4.2839427,3.1737623,7.8162737,3.3402753,1408.7372940273538,140.73232094875286,1577.7517623915974,76.07396125331624,0.00031181859,0.0003249517,2949.324393217082,0.010291186,0.0024064162,0.06940504459106729,0.012302622174392682
-338.24622,5.522265,149.65591,4.266507,-76.68774,3.8532906,64.51697,3.3976717,-42.26621,3.4453657,35.729473,3.673694,-31.796946,3.3565803,14.153864,3.4157343,-12.164387,3.2835467,9.364402,3.1434634,2.5009902,3.303598,-0.33861613,3.415006,8.439621,3.317845,1964.8279612593565,74.38447845807931,1720.1281804316434,40.57491725285277,0.0006425654,0.00087117427,3833.584630129785,0.008668057,0.0008346964,0.13188805104408352,0.009416719866546321
-347.17264,3.2962017,172.68675,3.3938062,-46.8856,3.286166,63.033615,3.2038445,-27.614773,3.2783012,30.69376,3.1017463,-21.882292,3.2731786,15.35639,3.0360515,-6.012641,3.106731,5.570889,3.1844747,2.5550358,3.1307487,-6.1046033,3.2034183,6.062892,2.741305,1342.421857482981,66.35364936192788,1582.9854246953776,34.16452651701554,0.00028141777,0.00052532577,2889.9457112819027,0.010513599,0.0009807736,0.061859909730278426,0.008278136908696731
-365.9153,4.729079,172.21635,3.4088962,-41.595,3.1315982,68.53134,3.1617012,-26.333817,3.1783283,31.886307,3.4369462,-26.023129,3.0096705,17.801432,2.9541314,-6.092465,3.0290756,6.6566505,3.0707698,1.3442203,3.2455394,-7.648816,3.337197,6.6140614,2.9546888,1302.4194395648037,73.47620780162696,1616.1696772752593,52.626975183812085,0.00021110891,0.00010949135,2860.5686267401393,0.010305327,0.00078177924,0.05419128842807425,0.008885612118302506
-352.34097,3.7183366,180.78745,3.9115884,-53.944443,3.7856092,65.84758,3.9196332,-31.435318,3.522907,34.293793,3.3947256,-25.276157,3.0201657,17.619564,3.2486982,-8.569909,2.7431602,6.286662,2.9855216,2.3786345,3.1437593,-5.808854,3.1190598,6.6497526,3.164109,1320.8007572149445,60.989645897972636,1552.7775997389713,34.72699332712394,0.00028757524,0.00063381257,2794.070498296114,0.010434199,0.00073048327,0.062342526464617166,0.007244068062547398
-347.5764,4.0678115,180.18416,4.452486,-58.263287,4.171874,68.79822,3.9093463,-34.987526,3.778159,34.802563,3.57165,-26.46107,3.5867,18.45502,3.2296052,-10.331295,2.9760804,4.918648,2.8209426,1.4027065,2.7656944,-5.5703354,3.1631372,7.2393584,3.1765652,1383.919355156202,65.90968380443437,1578.52742117608,41.64813276501664,0.00034546608,0.0010301284,2923.944190925899,0.010303036,0.00073407515,0.06948774651972157,0.007756016685003502
-351.2817,3.5864718,166.28136,3.3570285,-52.0969,3.1837382,53.723854,3.3165255,-39.776165,3.268413,33.89087,3.2481213,-30.663206,3.4468083,23.744892,3.441152,-11.588296,3.0650332,5.7449203,3.1235497,-4.2172995,3.2493234,-5.2975845,3.3345277,11.216587,3.2701066,1579.6988660592085,60.78803733342815,1739.1334614243317,39.2827146649626,0.00039270762,0.000431881,3274.795510984629,0.009168181,0.0008548827,0.08197460484338748,0.007948336634923924
-351.99905,3.7813985,180.33202,3.2513173,-53.461086,2.9093885,64.40341,2.964789,-31.649544,2.9959903,33.34235,3.1860924,-24.322035,3.08239,17.618212,2.7964756,-8.368985,2.9005413,5.60719,2.934025,1.7126733,2.899849,-6.4107656,3.100984,6.689484,2.9905744,1321.1203535184547,55.800857913400186,1548.1586629858955,31.3825554396361,0.00025591257,0.0002474985,2793.4459854444603,0.010353547,0.0007686282,0.06256457547853829,0.007509943341254562
-339.8985,5.0851064,157.35013,5.0157866,-53.15876,3.8410451,72.835304,4.1316,-33.19733,4.073257,43.651638,3.873243,-29.749107,3.5033283,24.423819,3.5645463,-9.820915,3.0916693,10.710979,3.0881386,1.3738167,3.1690047,-5.424225,2.9236653,6.934013,3.0418572,1700.2482688176342,102.77103596449739,1871.6051703204753,61.624579846339756,0.0005270862,0.0014290536,3805.181785636601,0.01007489,0.000870975,0.0820289841937355,0.011089123687053627
-348.523,3.7045624,179.05992,3.5001276,-56.022907,3.1352813,68.27917,3.3869143,-33.79296,3.6508987,35.61302,3.0148387,-25.66973,3.1078558,17.13252,2.7793615,-9.505312,2.8931563,5.9199224,2.9189959,2.0830865,3.0058084,-5.4707446,3.2273831,7.0098834,3.2005124,1376.9521641687988,59.83740826541639,1584.80184479966,30.823785322555832,0.0002848114,0.0003143207,2936.484408987094,0.010452589,0.00074672204,0.0658103429524362,0.007598424296379704
-353.00208,3.6395836,177.47006,3.9257858,-51.98682,3.7310395,66.284325,3.6132822,-30.222706,3.3907235,34.770985,3.5143342,-23.61073,3.2115178,17.28888,3.2450037,-7.496064,3.1662276,6.239533,3.0781682,2.2641761,2.7703247,-5.3324623,2.9313235,7.2207594,3.1032622,1333.1486580302326,64.1980272834218,1575.1754324628992,36.77493662709043,0.0002818401,0.0006241915,2859.6443477196926,0.010564647,0.0008463811,0.0609388594837587,0.0073796435221089056
-355.01492,4.1991224,173.94516,3.8748722,-51.381275,3.4774768,62.00947,3.5043845,-30.4113,3.1707213,37.814037,3.2471256,-18.925537,3.1559198,20.818565,3.0699883,-7.8314466,3.2005217,5.776202,2.8005986,3.0721195,2.736702,-1.52673,2.8406162,10.276335,2.951636,1361.2802708050747,68.22016306063956,1607.8812778495374,37.59117514572591,0.0002824244,0.00053776935,2917.1994521280453,0.0102431355,0.00092583586,0.060825569170533646,0.009592385351546228
-347.88345,3.5479925,179.48212,3.2982247,-55.7583,2.9167974,67.28847,3.1527846,-33.44703,3.2325048,36.13287,3.148447,-25.822191,3.1452286,17.245832,2.9250152,-9.102973,3.1763387,7.000754,3.046893,2.4778671,3.0789952,-5.511804,2.962824,7.141884,2.8959131,1360.58416432678,54.7302187744285,1580.3971526801313,29.62491173591106,0.0002832828,0.00036525016,2896.99021624855,0.010564267,0.0006927662,0.06514419591067286,0.00744265625354207
-343.13385,14.358153,173.2951,6.347995,-54.003662,5.247928,63.50154,4.3040395,-31.577105,4.9602304,31.674467,3.8032866,-24.336119,3.2116444,15.928584,3.1541653,-8.380649,3.5198941,5.3618717,3.0302649,1.5624479,3.4139864,-6.8310723,3.7340682,5.76603,3.5705285,1417.9254934596381,112.43438114936558,1594.3753655168823,64.82882249205521,0.0003421676,0.0006315625,2993.914610825116,0.010229365,0.0014890111,0.07198466502320186,0.010517881587816715
-332.05954,3.8037395,160.66019,4.4269853,-58.046402,4.533382,70.292336,3.943152,-44.083694,3.904606,39.865845,3.72581,-33.84912,3.241678,21.671898,3.3848443,-14.645139,3.137405,9.868855,3.122486,0.2952822,3.1301477,-3.5040553,3.1567762,9.101823,3.0194278,1773.7777683739596,66.85390825408479,1869.0631207747347,39.88768584695528,0.0006789179,0.001627627,3897.2099994562063,0.009512178,0.00059834507,0.09402642836426914,0.009353557278236377
-351.9755,4.212077,177.97028,3.7475777,-52.37006,4.100754,66.14637,3.6220682,-30.360842,3.2189426,34.001354,3.4255378,-22.9214,3.0605497,16.80572,3.2057104,-8.911036,3.1688938,5.006856,3.2101142,2.1114302,3.1167047,-5.064355,3.058569,6.8682804,2.9365923,1335.0219175530663,61.6216622968795,1566.3133297437314,35.544280534052554,0.0002809635,0.0005805782,2857.346140425609,0.0105023375,0.00085895223,0.06127306590777262,0.007835819986905468
-348.7241,3.8141835,166.22055,3.541638,-50.94119,3.524018,53.7112,3.488673,-42.6293,3.415751,32.897377,3.5518734,-32.45171,3.1899583,23.673609,3.1804943,-8.817077,2.8362508,8.288983,2.9667473,-4.503534,3.2518897,-6.8570123,3.3002045,9.380197,3.0594306,1579.5260936170762,65.15037889588662,1744.6892290113672,40.22238143904098,0.00037166075,0.00046081838,3313.8400544699825,0.009795809,0.0009276854,0.08174915712006961,0.007004962594442581
-354.21918,3.641683,170.42168,4.0978794,-54.563305,3.9680111,56.188995,3.8195138,-41.830772,3.5211093,35.132565,3.8602226,-31.948524,3.316314,21.096067,3.1234326,-15.875499,2.9766676,3.0006921,3.217944,-1.30731,3.0627666,0.50736994,3.176274,14.0056715,3.0588524,1552.422417008135,64.00258632573421,1705.9748376726275,39.811911692434094,0.00041460022,0.0008603677,3193.8086843822507,0.009102802,0.0007074933,0.08212188225058005,0.008146952111094199
-318.92343,3.385491,147.81572,4.4955053,-74.07206,4.408595,84.68551,3.7078242,-62.200687,3.9066064,46.18171,3.414418,-41.270187,3.7195606,24.509785,3.2880962,-18.305443,3.1122754,8.915302,3.1990504,-1.8192575,3.079496,-5.8613677,2.9542053,9.605888,2.987134,2303.9086807238227,71.03261313948605,2008.6463320805008,26.263560367548155,0.0012372151,0.0025333827,4738.97838194243,0.008832678,0.00044173448,0.15540598716647333,0.011273639007433821
-363.97723,3.881251,163.11177,3.1873734,-57.4577,3.0383747,50.9574,3.1429546,-42.737057,2.9532611,28.314537,2.9138913,-31.436113,3.2395046,18.947159,2.8985581,-11.8776045,3.189825,4.8301315,3.0151842,1.7699522,2.8844082,0.9927574,3.0907373,13.969424,3.1023831,1610.348885582751,52.687517220967216,1682.4420809799558,30.54065991939655,0.00032611415,0.0002675446,3268.7752070946926,0.008964926,0.0006501332,0.0785079212587007,0.005836906704340561
-326.30518,17.08365,143.13109,10.8655205,-77.8992,7.589083,78.52395,7.684692,-60.6083,6.6854496,46.85956,6.105337,-45.131653,4.4635425,26.40032,3.665998,-19.36311,4.384206,10.762191,3.3071728,-2.2075593,3.4136026,-5.750588,3.3812828,10.602752,3.1588976,2418.03179945195,298.8456285481518,2030.256528020198,123.63477056689744,0.0013499638,0.000989527,4896.555464671549,0.007883594,0.00077677664,0.1706095472012761,0.03487580892312811
-350.64465,3.989937,180.44098,3.0507598,-54.37471,3.025745,66.24399,3.2671607,-32.787968,3.063409,35.091164,3.1468904,-25.725618,3.1211066,16.554853,2.8142388,-9.439349,2.7019875,5.5312257,2.9026492,2.4700737,2.9844067,-4.2022095,2.9602723,7.833147,2.8009,1339.4227041624804,58.532613991933566,1562.42194404263,28.749256243208,0.0002598854,0.00025111053,2837.436670714907,0.010542442,0.00077079097,0.06272091611078887,0.007281792320635068
-352.4899,3.5596502,182.61269,3.8921843,-54.649307,3.838905,66.18488,3.2739105,-33.003494,3.3462863,35.488308,3.1903868,-25.53905,3.0042627,17.698593,3.3085947,-9.033085,2.739603,5.767397,2.942774,1.8693348,2.7145612,-5.665982,2.9826992,6.7828193,3.0354152,1315.2337141324394,59.509614876750014,1547.7054165000616,35.871047154750435,0.00027754795,0.00056381273,2775.4350348027842,0.010440988,0.00070716743,0.06219071744489559,0.006851540763206591
-330.48715,23.71727,143.10269,11.927841,-86.33309,9.534587,78.76707,6.9840302,-57.630806,7.243242,37.719257,5.411614,-40.066624,4.391663,26.202415,5.2521563,-19.380283,5.039965,8.496711,3.4110699,-2.4417224,4.0919933,-6.6355963,3.8889725,8.345264,3.5503032,2329.1244716556125,299.4849313889782,1874.0464259731657,103.06928620778464,0.0012626228,0.0013188067,4466.965564276392,0.0077559864,0.0011599817,0.1707953433149652,0.035296715188948835
-349.68417,3.8877854,164.49028,3.6999514,-48.96704,3.5634499,54.137035,3.7134168,-40.477196,3.2978811,31.568672,3.2275376,-29.966602,3.2516162,24.0658,3.6394093,-6.784939,3.288953,8.053416,3.202526,-3.8600307,3.0929499,-7.883738,3.2365983,7.762044,2.986877,1569.1459221486357,65.40803918831597,1742.270633975606,39.297061237545044,0.00038282157,0.0005817526,3308.9938347411544,0.009574131,0.00087558205,0.0801744217662413,0.006674379555953231
-365.84833,3.5196536,171.66252,3.5823596,-41.41075,3.0854487,66.41144,3.2696326,-25.094393,3.380621,32.044758,3.4209669,-23.213724,3.1465409,19.78376,3.1225808,-2.2097664,3.305197,9.01498,2.936443,2.5737112,3.3697064,-7.2948585,3.0661986,5.341583,2.964363,1277.938588264603,69.27132951547783,1601.3691888119536,44.40584082020965,0.00022666747,0.00042146913,2797.8175754060326,0.010530137,0.00080685125,0.05249646534222738,0.008074059227989367
-350.63998,3.5607972,178.49077,4.040598,-53.110023,4.0657625,66.54437,3.545221,-31.357069,3.9533458,34.606895,3.3103945,-25.34612,3.4098196,16.324379,3.3256233,-9.057057,3.1006062,5.4030733,2.9812095,2.3651354,2.9742281,-4.963937,3.120375,7.4119387,2.9509053,1342.6957859681875,60.38681907525726,1572.710801825656,35.43850243402254,0.00028946612,0.00054592325,2858.7950102414443,0.010520923,0.00074130425,0.06310497027262181,0.007181340076132832
-355.45395,3.4818184,170.65704,3.3674357,-60.58217,3.2676349,54.944145,3.5199466,-45.747772,3.1580782,34.59043,3.2293723,-34.00795,2.8763742,21.896734,3.184772,-14.74623,2.8596528,4.9883595,3.1052036,-0.10467107,3.082955,1.3466772,2.9790256,13.848546,3.1821263,1602.1802745985365,56.25588603369043,1698.0172463663796,37.83366794669915,0.00039394473,0.000289883,3252.862619634571,0.00880842,0.0006849706,0.088374374637471,0.006947347390258883
-334.58823,3.6747193,145.4231,3.9433653,-52.82065,3.4166584,66.75718,4.2675,-47.37985,3.5632095,28.438923,3.5803816,-33.08324,3.2771425,26.384874,3.1857193,-12.253172,3.2417772,5.8069115,3.1623497,-2.3376286,3.1212008,-9.920432,3.3553991,6.626538,2.9448133,1977.2790689267686,78.21060673969676,1941.3357870385548,41.33811489340292,0.0006984729,0.0010387746,4274.765489051624,0.0090016825,0.0008824337,0.10695172020011601,0.009304327409155532
-355.16248,3.9361112,168.12953,3.9192915,-54.815834,3.2390125,56.602535,3.3542273,-40.735462,3.4345362,38.255367,3.4877367,-28.670538,3.571058,23.694344,3.2389817,-14.00257,3.0893862,4.2789702,3.037496,-1.0821596,3.0643575,0.32838947,3.0564413,13.629965,3.0746613,1557.9422645933505,68.04454819592688,1727.8949785772268,39.80339149489283,0.00036739756,0.00048998324,3259.3825338058296,0.009450541,0.00087574037,0.07712917814675174,0.007588891139461656
-361.84265,4.410048,174.32932,4.205398,-46.07179,3.433978,69.86221,3.2940881,-29.817644,3.2590916,36.01109,3.5669415,-25.026073,3.1601737,21.954548,3.1307235,-4.827835,2.9608552,8.968794,3.172696,1.2328552,3.1744115,-9.304348,3.2447586,4.6374283,2.9497423,1327.944142596352,80.25804592268825,1630.6466989860492,54.44685530695543,0.00025629127,0.0004349571,2921.7708862021464,0.010370735,0.00075489224,0.05672219402552204,0.008187145352484904
-325.88718,6.9767632,155.66582,4.7608786,-91.76113,4.49561,65.07925,4.2944865,-56.137524,3.616975,44.74106,3.951984,-38.484062,3.4112394,19.737104,4.1476655,-25.201244,3.2930439,4.5594854,3.176998,-1.3300598,3.5080442,-3.6299114,3.486607,10.669232,3.390467,2081.4664501585316,75.28139679138447,1791.2250178685026,37.557291946205325,0.00095777126,0.0015079725,4075.945577599333,0.008642955,0.00062642957,0.13882028531032484,0.011095985485664062
-347.0804,3.529717,174.50177,4.032895,-52.438244,3.3871381,65.70176,3.4997795,-29.711128,3.4822228,34.68002,3.0567505,-23.197182,3.2290626,16.37023,3.1883962,-8.001747,3.155796,4.8396215,2.8554022,1.5029894,2.695455,-5.80808,2.7957442,5.9699926,2.962185,1375.1010736110622,60.76434871852974,1593.962163525851,36.27134493050976,0.00030856696,0.00065503,2939.681914787558,0.01046124,0.000733879,0.06538890298723898,0.00763701774073278
-343.84958,3.796484,153.9582,3.7735267,-43.14374,3.578897,61.013405,3.3290234,-38.693043,3.2465975,30.9389,3.295768,-30.16501,3.3358135,18.155046,2.9914074,-18.4966,3.2473114,8.245047,3.0662417,0.45639262,3.2315822,-3.7468011,3.101238,13.977643,3.117599,1698.6928526393558,80.45628701823448,1875.2472075732605,41.84160561131383,0.00042346434,0.00046750234,3717.3502981801043,0.009900545,0.0012616676,0.07937119344547564,0.009784542456339095
-341.1406,4.2267294,151.6621,3.4699678,-48.317604,3.8844948,64.78297,3.5446532,-40.4787,3.2053795,30.125273,3.1961024,-33.1008,3.0070002,24.092106,3.2122965,-8.575588,3.1564813,5.5384965,2.9042854,6.1906395,3.246768,-3.7382812,3.0179837,-0.45801637,2.8885689,1774.6882482729377,77.95699526059306,1873.750986042333,35.29047961725501,0.00049169816,0.00078112964,3957.687824010296,0.009844111,0.000995104,0.08647676189095127,0.00914774375942951
-351.9723,3.5041046,179.48167,3.8416872,-53.73197,3.8298233,66.83391,3.6668215,-32.297783,3.2815244,35.03591,3.2392457,-24.709597,3.2772498,17.260542,2.8449218,-9.255687,2.914354,5.3677335,3.2247326,2.418027,3.1173477,-4.8791633,2.9190297,6.979022,2.7692297,1340.9797445758675,61.355381814301445,1570.0275483385415,35.96538447630298,0.00028986734,0.0006467221,2856.172056264501,0.01045626,0.00077662227,0.062342526464617166,0.007219590699339604
-367.9494,4.4527283,176.51456,4.842433,-44.224144,4.645052,71.361916,4.415494,-26.878359,4.0425925,34.901512,3.7889347,-25.752762,3.7436795,19.489563,3.3174164,-7.260301,3.287448,6.386567,3.2174642,-0.1811704,3.0892768,-8.206225,3.0818737,6.0434833,3.0320528,1268.042788396728,70.96670516936143,1595.3089665168463,58.078009474594005,0.00026438333,0.00089270825,2778.8573652298433,0.010421459,0.0007492853,0.05284539950696056,0.007564044595817749
-358.82074,3.6217089,172.10301,3.3522325,-45.503586,3.131302,66.84785,2.914564,-26.48747,3.468845,33.982414,3.5207736,-22.473013,3.167611,20.298624,3.0566518,-3.695359,3.0606685,10.256647,3.1932895,3.562321,3.0097625,-5.9643936,3.0009801,6.535883,3.0711095,1322.2927548548025,68.53637470654975,1617.5570441935067,45.56322117112178,0.0002385426,0.00030641397,2894.142437645012,0.010502867,0.0007996114,0.057338493329466354,0.009904929907438308
-333.20016,12.261671,137.0747,7.374047,-89.02601,6.2650185,89.91678,5.2551885,-62.05594,4.3932,44.198376,4.2232456,-44.448303,4.2427406,27.19158,4.3301067,-18.822878,4.0475497,9.877318,3.3242698,-1.1976602,3.2657156,-6.926647,3.3601785,6.178957,3.1589997,2539.405777252579,164.5801482642832,1947.2227780598328,43.146464772168734,0.0015044569,0.0016782513,4836.002698575261,0.0073733837,0.00086489413,0.1954201257975638,0.02544181613294775
-352.39737,3.937589,168.93405,4.1958094,-48.59128,3.6886938,61.48525,3.421367,-28.968292,3.1756802,37.7438,3.0565045,-20.143566,3.1261652,20.822334,3.260878,-8.618735,3.0553527,5.3208528,3.1990452,2.2956336,3.4067485,-1.9325011,3.3436844,10.005099,2.9758973,1405.733636970229,80.98690880655724,1656.6364653767378,45.92412961443763,0.00029362395,0.00040506673,3027.5134022440543,0.010184594,0.0010833889,0.06227568517981438,0.009111532599067069
-353.13654,3.967505,165.5996,3.9332964,-51.92619,3.8282626,50.855377,3.7584357,-39.67213,3.785862,30.445312,3.7133498,-29.216335,3.2603648,20.039894,3.2303119,-12.891992,3.1891994,3.8603983,3.5229154,-0.10248139,3.2728505,0.60327625,3.137235,13.118955,3.0875144,1551.7367709768432,59.99390013481557,1692.4819002202917,41.312806023913275,0.00036521218,0.00069543155,3170.551825786688,0.009636642,0.001182274,0.07708839363399073,0.006476009845461603
-350.32077,4.011822,163.31348,3.627164,-47.392563,3.2654953,51.764908,3.4517643,-38.406483,3.4100785,27.727674,3.2831912,-29.70878,3.2663407,19.43001,3.172918,-7.0131245,3.1363382,7.469295,2.9678342,-3.1883154,2.9987354,-9.734538,3.0924604,3.4992278,3.317164,1536.523954308754,60.4583283831503,1700.302350965872,44.013634525990526,0.00036125636,0.0007609466,3205.274740338602,0.009873483,0.0011021558,0.07633954466357308,0.006333879954840645
-366.17285,4.058624,173.80884,3.9945686,-43.180023,3.562154,69.03512,3.6591718,-26.158312,3.1915326,33.64464,3.5301552,-25.527565,3.3329275,18.431564,3.1300454,-5.8957567,3.0917597,7.0994864,3.039399,0.15970929,2.8908484,-8.574851,3.083226,6.2550607,3.1602535,1289.2522334123391,73.04958539488565,1604.6990449242392,49.71480980785527,0.00023468542,0.00040164968,2821.873810451711,0.010400511,0.00075311563,0.05354213493329466,0.007304270978074006
-353.0181,4.1723485,178.7562,3.2928061,-52.325214,2.935733,67.03621,3.334348,-30.72937,3.3944924,34.418564,3.1213367,-25.02077,3.0283668,16.673508,3.0862403,-8.699691,3.0849948,5.125591,3.0397274,1.4411697,3.0266252,-6.4181147,2.8950899,6.242521,2.7810028,1332.7890646759327,56.5446668121607,1567.7619690354684,31.446806269412534,0.00025480698,0.0002891393,2843.6318382033064,0.010484859,0.0007518653,0.061475855568445474,0.006875471039537532
-348.10367,4.1139894,168.98169,3.6064355,-53.97039,3.4842558,63.315277,3.1759062,-33.09455,3.4180984,41.190136,3.2951837,-21.686655,3.1222997,23.834814,3.2496479,-9.826686,2.9388397,7.0721717,2.9715254,2.5517356,3.032771,-0.14466262,3.3683143,10.874439,3.1548104,1479.5649573166893,73.87039281986524,1700.937165573724,41.32883422322303,0.0003387448,0.00037342097,3194.932807515226,0.010109781,0.0008929864,0.06922944460556844,0.008760299451126793
-353.6339,3.9886897,180.50511,4.5955215,-51.560135,4.449204,65.22376,3.9790883,-30.78123,3.8739538,33.09877,3.3343341,-25.06923,3.238582,16.37999,3.2071965,-9.047828,2.9838078,5.375322,2.8989663,2.016724,2.9671311,-5.507735,2.9945898,7.554974,3.0049465,1307.129845182502,63.78238511656246,1548.145849384567,50.68430407460862,0.0002964365,0.0010252849,2772.212548488254,0.010482893,0.00067169796,0.06049136274651972,0.006769069764938518
-344.63403,4.5083804,161.3378,3.7262723,-46.935715,3.659677,51.01036,3.5817187,-41.16341,3.5614102,31.119938,3.2394357,-30.91787,3.2636824,23.331003,3.180545,-7.1016645,3.061348,9.51035,3.171261,-2.5110068,3.2978756,-8.547437,3.2638466,4.9159956,2.960885,1621.199030268056,69.95175660316667,1785.0506771749363,42.01208759893336,0.0004118832,0.0004256057,3458.0026011455916,0.009533739,0.001053869,0.08406820983178655,0.00710813200726074
-353.07382,4.258673,170.95679,4.2577085,-49.33543,3.5642862,61.165333,3.6960678,-30.197388,3.6864462,39.51743,3.3385832,-18.55669,3.5395062,21.797304,3.1987388,-9.289796,3.0763693,5.425915,3.0179896,2.8450534,2.7210422,-0.79926145,2.8929663,10.715469,3.00769,1391.1129498001649,74.39531611714764,1648.142210833132,43.45530846239059,0.00031767748,0.00066694705,3000.034836771317,0.010151596,0.00096103863,0.06402035600348027,0.008795713562367006
-350.6059,3.7257981,179.62221,3.3441417,-55.856895,3.4101343,65.57007,3.346985,-31.523233,3.2238166,36.166252,3.2086556,-24.480328,3.0190802,15.788344,3.0310533,-10.4386835,3.0003383,5.98689,3.0526717,3.8543284,2.8532932,-4.1107154,3.074483,7.0461764,2.9771583,1345.4433536128279,59.3890552443711,1561.9976411570979,31.9655327207363,0.00027484723,0.00026777852,2847.1291101725637,0.010314025,0.0007177141,0.06417782953886311,0.007698735239797177
-364.57242,4.8760486,166.32146,4.066295,-37.427334,4.5448356,61.046295,4.11825,-21.660025,3.8421943,28.24376,3.4381137,-19.742178,3.6325169,17.747358,3.5162556,-2.4230566,3.5350986,5.9351573,3.4190228,2.7939653,3.2823977,-6.0752897,3.1306634,6.879344,3.0549698,1295.3010004897928,86.71554751959974,1604.5556520855566,42.75829396746426,0.00023654527,0.0004023709,2827.019796349333,0.010191707,0.0015783054,0.05184391313805104,0.009648534192106647
-352.26956,3.8071434,167.32428,3.8675349,-54.492306,3.652534,56.960068,3.7470107,-42.33588,3.6741471,36.97914,3.328668,-31.644659,3.4547284,23.98171,3.232872,-11.671314,3.3589723,5.6920958,3.0610814,-4.0139203,3.2903948,-4.092975,3.0353267,12.477552,2.879919,1594.281498654109,63.59262285445941,1749.1489592527264,39.22569776417543,0.00040805116,0.0006698075,3353.7089549195184,0.009343324,0.00081493706,0.08305199572215777,0.007059802198623371
-354.17758,3.623712,179.73557,3.1338053,-52.99955,3.032322,66.29639,3.278663,-31.029005,3.0292745,35.274902,3.2020438,-24.95446,2.9632874,17.113174,2.9918993,-9.091609,2.9687026,5.696648,2.8710117,2.5726407,2.8008754,-4.963652,3.0484622,7.603588,2.9805593,1319.545981465925,54.09277340777348,1563.5930376991187,30.797505442321135,0.00026080865,0.0003187565,2810.807442720418,0.010376361,0.0007191301,0.06129345816415313,0.007121508568724754
-348.5794,3.6596692,162.45084,3.6939363,-48.364964,3.547494,50.523228,3.6411426,-40.212364,3.352494,27.58695,3.347892,-29.338844,3.008619,21.246572,3.2946467,-6.320264,3.0310798,7.685192,2.9968567,-2.8829165,3.0055804,-9.328988,3.1413043,3.5124276,2.975744,1569.6296211421784,62.76895948740091,1717.0311286063331,42.91260820711391,0.00038722684,0.0008729214,3278.4926270664155,0.009719136,0.00117282,0.07960003987819025,0.006329495632228179
-352.12912,3.4693518,181.6447,3.9147694,-53.759617,3.861734,65.328766,3.5049171,-32.02789,3.5797536,34.51712,3.253901,-25.44664,3.2119284,17.170261,3.121074,-9.028482,2.962168,5.4733152,2.907106,1.6008043,3.0321498,-5.279837,3.2026994,8.081472,3.0092425,1312.976987229867,61.32644899824279,1547.4258008217341,34.6893711158533,0.00026733289,0.00039380114,2766.666874365574,0.010484091,0.0007561851,0.062429760005800465,0.007484030291150519
-351.47507,3.7240167,178.80017,3.9193602,-54.295933,3.5177596,65.825424,3.4097276,-30.432524,3.5387032,36.22111,3.3660512,-23.42678,3.2887986,17.037977,3.1495533,-8.649458,3.030637,6.3019457,3.0014024,2.8998241,2.6827147,-5.0142064,2.8523514,6.912613,2.9028637,1335.691032460162,56.347360093226165,1566.1555345254646,34.01103875445268,0.0002844205,0.00058760226,2842.2329294156034,0.010560176,0.00073976733,0.061197161397911835,0.007496897775150955
-347.73645,3.5569081,149.36737,3.4333518,-31.78707,3.300072,46.391663,3.2039864,-29.7962,3.2978113,20.562813,3.3347368,-29.518526,3.417876,10.555965,3.3261108,-9.630321,2.9511971,5.1921616,2.743609,2.2023013,3.025002,-0.42843875,3.3205633,7.9207115,3.3205004,1547.2083131017084,81.28115327552446,1768.2600315740854,53.98051293013566,0.00027292324,0.00037540038,3348.987637761021,0.011637459,0.0032177195,0.06675858287412993,0.008261020730561763
-350.29587,5.552786,176.4532,4.0854053,-52.43688,4.0579233,62.92525,4.198143,-30.062178,3.1614857,32.778942,3.160444,-23.028572,3.0272317,15.925019,3.1793306,-7.9241567,3.1390328,5.493852,3.4914474,3.0629623,3.4770257,-4.888433,3.2904065,6.752941,3.5769813,1347.0628142145279,57.20004819297278,1560.211884481144,44.184847989136436,0.00026031412,0.00024759912,2846.82934400377,0.010418178,0.00088964705,0.0646502501450116,0.0077503593256858065
-362.88483,6.3565345,168.56358,6.15209,-42.23704,4.430724,60.182804,3.7492993,-23.533733,4.011086,31.266985,3.4857867,-19.910667,3.8632488,18.149418,3.7323492,-2.4831436,3.4040105,9.263313,3.261376,5.0758348,3.2813544,-4.466578,3.125486,7.2010827,3.3022923,1318.3355408167895,127.37972661197192,1600.5322210028953,61.228982432912126,0.00025961665,0.00032134887,2838.7106769322795,0.010136088,0.0024043415,0.0573282972012761,0.012966707720097285
-328.1884,10.617146,167.6325,6.546447,-67.95864,6.116413,68.07761,5.8600864,-49.962368,4.975767,41.29538,3.8011284,-32.860573,3.6564434,22.89232,3.492136,-15.848776,3.0730858,6.6424084,3.1873984,-2.5305676,3.018687,-6.2391315,3.081947,6.5980835,3.229292,1752.619380039439,79.6739935146533,1787.9935581117447,64.49866930098752,0.0006558265,0.0016093603,3737.009962750145,0.009782442,0.0011661855,0.09830880220417633,0.00877622041252166
-352.7438,3.3467414,175.43974,3.6429534,-55.53214,3.5349548,61.851307,3.253232,-33.731075,3.3355522,41.92071,3.246242,-19.42983,2.9824896,21.116705,2.7291706,-11.808073,3.2118616,3.854367,3.2418945,1.6093881,3.0954688,-0.74564344,3.097653,10.4827795,3.058943,1403.5335642309312,67.0313778820911,1616.980754442129,38.16050029757281,0.00030831227,0.00041870654,2968.3345644214037,0.009996842,0.0007310098,0.06862787304234338,0.007767930404813145
-351.2469,4.047548,182.64558,4.1018176,-54.996384,3.932946,64.19309,3.9863222,-32.375977,3.9528399,34.69492,3.3423734,-24.97596,3.1990254,17.430967,3.1754136,-9.242199,2.9528236,5.474871,2.9033062,1.3277146,3.1424177,-5.7946587,2.858871,6.871748,2.8403242,1315.6688120019128,54.83116844122485,1536.6840889036528,39.052237210497914,0.00029280395,0.0007245434,2751.054053074246,0.010424868,0.00064809056,0.06321599477958237,0.006494211843371281
-369.80905,4.672118,173.58229,4.1816583,-45.149143,4.271565,69.84717,3.6058931,-28.049742,3.613349,34.831573,3.4714177,-24.310284,3.3389864,22.039124,3.286547,-3.8793318,3.0174692,9.019779,3.0901577,1.310936,2.903929,-8.506379,2.8752544,5.1042733,2.8707237,1298.9042808277375,65.30501464143741,1617.615617637521,49.37270600660765,0.00023664346,0.00054789556,2859.5444256634282,0.010414151,0.0006266711,0.05275703306264501,0.008444222672950029
-335.5446,5.606399,169.49297,6.02267,-59.665695,3.7615879,70.779755,4.1090374,-37.09922,3.5130885,36.958603,3.6341438,-30.62717,3.7292228,15.878189,3.3873098,-12.130821,3.3779094,6.313102,3.2439868,-0.43024185,3.0823414,-6.211127,3.091282,6.5356936,2.8460844,1574.753390904476,100.33566551207096,1697.8977987042033,69.31902802816002,0.00047351906,0.0012264235,3379.713670062355,0.010180749,0.0009485459,0.08196101000580046,0.00957129857220324
-351.8681,3.812904,178.61707,3.7395883,-53.67246,3.8610117,65.9094,3.1604016,-30.530262,3.5090218,35.216244,3.3663673,-23.848793,3.0656881,17.66445,3.232259,-7.965945,2.6926312,6.3499684,2.7394576,2.9224358,2.7496212,-4.5133247,2.9874053,7.316132,2.9339259,1334.9830341998136,55.38847783928455,1567.8926356768038,34.78245058991393,0.0002781117,0.00062095036,2837.7364368837007,0.01053093,0.00069875305,0.06095132141821346,0.006946763395043281
-371.61105,3.8998015,156.2712,3.792191,-46.82478,3.8451707,59.294563,3.5764353,-32.29923,3.4697437,29.33918,3.4119759,-30.66776,3.2886472,16.034319,3.1326687,-9.794568,3.24328,8.050775,2.9235406,1.7760901,3.2829251,-3.8032029,3.074865,6.6805973,3.103192,1530.647565442168,59.46601787043971,1751.9554722849525,38.281131703960476,0.00025711447,0.00063321786,3328.678479825261,0.010353123,0.0008746497,0.04860381017981438,0.007543588272494327
-351.83148,3.5048914,179.62657,3.4896524,-52.02371,3.683613,62.784187,3.2266452,-29.463238,3.4459875,32.989323,3.1916366,-23.36116,3.036365,15.808806,2.990244,-8.6218195,2.9823449,5.338996,2.969342,2.9084704,2.9682608,-3.7959642,2.9438853,8.861351,3.01682,1303.9561512086918,57.3567500848208,1538.3884231626703,33.7288231870849,0.0002575498,0.00038408616,2748.25623549884,0.010408021,0.0007333468,0.06146565944025522,0.007318097200631241
-352.8333,3.4385283,181.49197,3.8951414,-54.231884,3.6961212,66.23505,3.8648767,-31.640461,3.3446836,34.632435,3.3268313,-24.76262,3.326316,17.945122,3.3289883,-8.915266,3.357769,5.7887607,3.045255,1.8759992,2.8827791,-5.792469,3.1492455,6.465983,3.2722285,1315.5086476162378,57.151096449157464,1547.2819067089993,35.42670797400574,0.00029411918,0.00079765456,2780.206312989414,0.010494001,0.0007996155,0.06240710194315545,0.007141405300792543
-353.9953,3.6323977,166.80504,4.0754395,-55.937595,3.4886498,57.05387,3.6958048,-44.28443,3.6635754,36.36604,3.5676363,-32.840427,3.8863275,24.677055,3.6526716,-12.236384,3.3709886,6.674627,3.0523198,-4.1359873,3.0732825,-4.3560987,3.122901,11.290453,2.8771594,1637.2298216141855,63.884355362703026,1772.0026382528533,39.839131642978806,0.00049090065,0.0010908943,3457.128283153277,0.0087400125,0.00075183803,0.08677471541473318,0.00786605491781578
-351.31906,3.8587987,157.82681,3.6812158,-44.211277,3.6342285,57.48484,3.3602655,-37.10326,3.4466937,31.667593,3.2218575,-31.804615,3.0737746,20.36189,2.9980636,-6.3558054,3.3225517,14.284581,3.3546424,2.408957,3.2635572,-6.1460896,3.4466598,1.9832922,2.8404303,1600.7420102620201,68.08660225193093,1810.3546681222174,40.53162404376259,0.00035794333,0.0005849742,3527.9480405307427,0.010115699,0.000996444,0.07172069859338748,0.006211965628522738
-342.42886,3.7015924,158.82144,4.30288,-49.614315,3.5016232,54.2767,4.0844483,-41.59791,3.3157992,31.00449,3.529284,-29.679197,3.3193328,24.212423,3.1569145,-5.2636957,2.8359876,4.2146173,3.078598,-6.2816863,3.1745021,-4.3368,3.1334963,5.980026,3.0164104,1677.5231339826687,74.808872886418,1798.5940464656483,43.99484047972011,0.000516195,0.0013592889,3658.7709926950406,0.009247244,0.00084713317,0.08883999782482599,0.00821960377333274
-352.59216,7.125152,165.84358,7.684104,-44.71988,6.5934696,57.92609,5.2537417,-26.139133,4.231542,28.797194,3.7980256,-20.25587,3.7315824,15.988113,3.3944874,-5.293744,3.2620873,4.823134,3.3634255,0.9223026,3.258759,-5.7327914,3.3755777,8.619942,3.0670698,1385.4706601450118,163.9497322637652,1609.0033248696463,56.495156722007096,0.0003493216,0.001042631,2957.043372063515,0.010511146,0.0027806011,0.06323185542343387,0.019085662557952306
-339.37012,5.1394415,160.55168,4.9019775,-58.29229,4.542296,75.13411,4.376292,-35.63614,3.898978,44.767845,3.6497996,-31.150309,3.5951607,26.416283,3.251823,-10.379779,3.309555,12.222663,2.938242,2.090656,3.1859887,-4.076177,3.116973,7.943322,2.9501808,1714.1416527973095,86.7996575722843,1859.3017486785686,54.05392672610905,0.0005253326,0.0010292063,3773.281669174159,0.01005002,0.0006353437,0.08196327581206496,0.009906550935884377
-349.25015,3.7453609,177.5874,3.4348936,-54.87161,3.3216352,68.13298,3.3402627,-32.816574,3.1945271,35.429028,3.0757396,-25.165867,3.0612326,18.300611,2.8382459,-7.754955,3.0031881,6.6341004,2.8597984,1.8325804,2.887305,-6.2786946,2.9687147,6.4038267,3.0343082,1375.979689921958,61.00604775820327,1592.6820573048788,30.288935948895556,0.0002899542,0.00038187605,2940.5312522658064,0.010424453,0.00075829925,0.06598594293793504,0.0065338860034797296
-348.02133,4.346222,168.42772,4.014677,-52.090378,3.6545982,62.939434,3.4342127,-31.917128,3.380538,41.16548,3.7647004,-21.424692,3.100893,22.675718,3.231337,-9.342911,3.0602975,6.97864,3.2976463,2.1689658,3.1036139,-1.9992764,3.1434793,9.522393,2.98675,1470.3301150630186,80.99991181884427,1701.245628494549,49.48726886226943,0.00035845037,0.00051684136,3189.711880075406,0.009973674,0.0007893196,0.06863693626740139,0.009110035675555711
-345.35413,7.7652426,162.6162,4.5950623,-53.152615,4.454742,74.08425,3.562704,-33.579,3.5119412,42.600746,3.8008876,-30.063309,3.0727851,24.183578,3.5236623,-9.904729,3.3130662,9.886105,2.8262336,0.62136525,2.9901226,-6.1815805,3.2746267,7.2674265,3.086626,1617.7550326779724,104.3061376446222,1820.62452642788,61.322047468783545,0.00040999282,0.00048494383,3604.2385304886893,0.010089843,0.0007523312,0.07607671113689095,0.011405556734610103
-343.97113,3.758121,166.60353,3.8008997,-52.406902,3.3011181,61.665604,3.1861222,-32.520298,3.2890348,40.342396,2.9837315,-21.857094,3.1411474,21.351868,3.0938914,-11.35072,2.9297292,5.490448,2.9172456,2.5100958,2.8991375,-0.4653347,2.8875668,10.678797,3.1856182,1506.4082153417144,78.13978786419011,1709.7832564894325,42.93125036306954,0.00037936246,0.0006985301,3247.4418480822214,0.010035251,0.00078889204,0.07217952436194895,0.008238423905921836
-342.33875,3.7407906,156.48486,3.974729,-51.549404,3.4566324,61.82325,3.7216108,-45.67723,3.1474395,31.40406,3.2124817,-31.982363,3.380784,28.447144,2.811413,-7.7014127,3.144577,5.6736665,3.0772512,-0.45389333,3.3357491,-12.105792,2.9696999,0.55453587,3.0974624,1757.5247196632404,71.54788268345489,1846.5370672791703,40.36703579138218,0.0005156529,0.0009966795,3843.027264446781,0.009443082,0.00080676883,0.09136410600348027,0.0072431996746404135
-328.71317,8.819976,155.87047,5.6672707,-94.668365,7.0890346,69.18542,5.883232,-57.573624,4.4596114,34.72523,4.6522546,-41.475334,4.3632565,19.347153,3.9049866,-18.953278,4.8692126,7.8589163,5.844381,-3.5738943,3.2586021,-11.680852,4.1616726,6.3567014,3.2938807,2085.136828478315,99.09398794940721,1729.0080985984548,62.22653331780411,0.0009168367,0.0014462996,3949.0695466574825,0.0084254965,0.0008079757,0.14610032083816704,0.017388447492513896
-347.10486,4.2068276,162.73767,3.355234,-48.654934,3.5989654,49.800274,3.4797251,-39.437016,3.3411639,30.944483,3.2989624,-29.132977,2.9579046,19.10677,3.1867342,-13.84652,3.0264945,2.079668,3.3265824,-0.83495444,3.4597526,1.248918,3.3654127,13.723634,3.3173707,1582.5942659803773,60.565186208355776,1729.607232927017,37.66954322137824,0.0003932316,0.00048455875,3286.3365084831785,0.009404293,0.0009895737,0.08329330408932714,0.007475879695978829
-346.19034,3.6456087,157.40744,3.3129206,-47.204468,3.3912442,56.900013,3.4287224,-37.97892,3.1248655,26.212233,3.2611942,-29.65993,3.1200604,21.715048,3.1958396,-8.977998,3.2126377,10.193413,2.945416,1.2512782,3.3258762,-11.322152,3.1876729,1.7951331,3.1387053,1636.1179420598626,66.54191721280503,1769.235415872728,38.7415505998373,0.00039030117,0.0003011826,3439.392118166328,0.009614908,0.0011604729,0.08296702798723898,0.00660492727981179
-348.68533,4.470523,180.15901,3.7657027,-57.584084,3.82109,64.94034,3.6841605,-32.562675,3.2478411,34.609657,3.318166,-27.400137,3.341159,16.270079,3.1746557,-8.876091,3.2455354,5.2529874,3.163218,0.61908233,3.2793252,-6.289989,3.107843,7.8604693,3.022794,1371.1011925388964,53.948082263444384,1555.1561329225342,37.44704257157372,0.0002854301,0.0003767315,2843.4569746048433,0.010273139,0.00073579344,0.0681667814675174,0.007839534799892316
-328.50623,8.400023,158.72415,5.673685,-93.87822,5.841511,66.87193,4.704093,-49.158947,4.0208735,32.487236,4.6947536,-43.543762,3.7643898,17.554033,3.612298,-16.130693,3.187453,5.75856,3.3551214,-3.1850078,3.2135837,-7.6661983,3.1664042,5.863112,3.0857344,1981.5872440663093,100.95686591716773,1669.2878450720493,54.51770585801508,0.0008332119,0.0014340008,3723.070835901247,0.008565203,0.0006318451,0.13756956025232017,0.013066413603560385
-357.64633,4.2756615,174.50874,4.102073,-46.63545,3.268101,64.3284,3.7288256,-29.934237,3.3868792,33.382328,3.3132868,-26.098972,3.5183764,15.496144,2.962777,-9.357821,2.9152257,7.437709,2.8980522,2.167315,2.976524,-5.4450893,2.9800277,8.1105385,2.8921602,1345.7071319225954,92.35261240404265,1613.9432835584107,77.49769455930014,0.00025102982,0.00018578445,2916.300153621665,0.010103869,0.0007762103,0.06403621664733179,0.01840444344367337
-356.0324,5.225538,172.14307,5.459006,-48.656883,3.8638468,58.18103,4.262001,-28.469633,4.1249084,35.611057,3.5755525,-18.50814,3.7423172,19.610594,3.4108617,-7.56983,3.3748188,4.7015333,3.5492537,1.6042365,3.4578428,-4.437854,3.24302,7.788468,3.0109363,1358.1135098723582,94.75303946536697,1598.2665469195363,60.24927894886311,0.00029850408,0.0006227618,2869.711494888341,0.010029958,0.001679301,0.06170356909802784,0.010846891570840423
-343.24594,4.29465,160.3538,3.9666982,-42.678993,4.042558,51.074154,4.274234,-38.266922,3.305269,30.690474,3.5650277,-31.466747,3.0582306,17.988518,3.101184,-10.18266,3.5492175,11.031197,3.0480516,3.32142,3.5672066,-2.7095537,3.3352156,4.304676,3.110777,1579.884744581518,73.61846313084149,1785.3197279195788,48.83738213271735,0.00037337161,0.00068435963,3407.9416509570765,0.010283017,0.00141263,0.07795506453016242,0.008010162094254925
-359.06094,6.0838156,172.89575,4.5780315,-50.444145,3.7131321,60.829193,4.104929,-29.642035,3.927576,33.569733,3.4596543,-21.616463,3.366818,20.468859,3.3363621,-7.070195,3.4094396,3.6550655,3.6426554,1.012677,3.3769758,-4.6031027,3.2504842,7.249678,2.9667606,1367.0469977208325,75.69828950299906,1595.416675179922,43.54035092230047,0.00027098428,0.0004394458,2871.235306246375,0.010095048,0.0011845153,0.06050722339037123,0.009343684225453406
-352.90292,3.8656697,166.17503,3.8286586,-52.379723,3.6972995,52.262566,3.6507363,-40.240963,3.7106144,33.6669,3.4901447,-29.463987,3.3120308,21.106394,3.3319733,-13.838446,3.358012,4.341528,3.0917366,0.3973507,3.0721915,1.3408216,3.0808358,14.000835,3.2513785,1560.813698022858,68.15603739769854,1707.6219188182365,41.42968633386721,0.0003588915,0.00060299644,3205.1748182823376,0.009701052,0.0011353332,0.08159394939095127,0.007169850265355691
-331.47708,3.3129332,161.41049,3.2513871,-58.685333,3.291274,72.03257,3.0227506,-43.641308,3.1106167,41.810593,2.873782,-33.211628,3.1535501,24.299662,3.209066,-14.296305,2.868771,10.161459,2.9351525,0.4877397,2.8536892,-3.6579466,3.0105968,8.135763,2.9977224,1771.2829728450338,64.222078157199,1877.6004529865909,29.378763970089818,0.00057413947,0.00052301586,3899.1834600674306,0.0097360145,0.00055567053,0.09159295243619489,0.009262061596231606
-359.06638,6.9376965,175.58418,4.636313,-47.10033,4.193763,66.2585,4.4066086,-25.493567,3.5077362,35.28056,3.7556834,-21.605577,3.7486782,19.703451,3.65297,-5.0190406,3.3797371,7.902199,3.0415864,3.6781774,3.2832472,-4.168366,3.1550648,8.359769,3.0973663,1275.082827911246,85.88185157724314,1574.5732922922878,57.69850296193704,0.00022383805,0.00027500713,2759.622369398927,0.010881758,0.00145315,0.05470562645011601,0.00856973384943156
-365.3107,4.253452,167.14946,3.6548464,-38.36098,3.1122437,62.644867,3.1605208,-22.541813,3.2180402,28.730637,3.364275,-20.803823,3.7569227,18.927046,3.4516892,-0.5277189,3.0009563,8.828401,3.0681527,4.092592,3.0113935,-4.8561106,3.356472,8.052486,3.0901253,1282.3164006440172,82.30167544285392,1608.076933969609,45.25148552760857,0.00021401656,0.00027167107,2821.3242391422564,0.0106114345,0.0014424132,0.049847737819025524,0.008924305479897846
-347.48267,4.1180673,162.91586,3.8493395,-49.213085,3.1071625,55.943672,3.1643093,-38.199936,3.7519643,30.578918,3.7625482,-25.933634,3.239641,25.718512,3.454298,-6.079864,3.3757136,5.2649417,3.149327,-1.8632065,3.106462,-8.047895,3.3684556,5.7231207,3.2904239,1568.337505679108,71.40241571614487,1724.5134133180366,38.05692859718521,0.00037942606,0.00049267744,3285.637054089327,0.0096419025,0.0009874434,0.08012683983468677,0.008302370826687116
-350.4969,3.4861317,178.00446,3.547427,-52.43897,3.6100602,66.409096,3.4541411,-30.844381,3.4355853,33.48483,3.2260122,-25.386925,3.1502652,16.097677,2.8355646,-8.695083,2.881834,4.994669,2.8182292,1.6107073,2.8876195,-5.4650245,3.1219144,7.55598,2.9210274,1341.2868923442709,59.36226009978393,1569.8260535219868,32.376929924464726,0.0002682925,0.00037112914,2853.723965886021,0.010534781,0.00071728113,0.06334967734918794,0.007446380366193566
-347.03055,3.819591,160.2699,3.743315,-48.487576,3.2135062,52.03308,3.738178,-40.421124,3.4046643,26.712059,2.9848502,-30.533915,3.1452909,21.717505,3.2929623,-5.811271,3.1287835,7.136143,3.1038368,-2.372642,3.2300503,-11.389863,3.320352,2.296549,2.8058608,1602.2682662500274,63.58062900661303,1731.175391694552,40.24008304615263,0.00039599126,0.0007859483,3342.792470272622,0.009778211,0.0012211711,0.08445113109048724,0.006387061903592463
-336.33823,7.8991027,130.25302,6.717479,-89.17916,6.180172,90.22556,5.473568,-59.827625,3.876938,38.714344,3.4095323,-42.422565,3.837885,23.161058,3.7024744,-20.056871,3.1855383,9.683401,3.215515,-0.19276786,3.9658406,-11.055213,3.1434524,7.1384916,3.3938706,2594.9845139262857,142.48292941072722,1898.49037932362,39.5378434117084,0.0014620322,0.001728743,4820.964429107454,0.0072687897,0.00079482526,0.2073495957801624,0.02364573478117771
-340.01672,5.0689025,182.44823,3.4101155,-63.955585,4.0795884,65.821075,3.4882853,-43.60983,3.230805,35.30182,3.3433292,-26.943493,3.472202,21.034565,3.0475235,-11.725031,3.0086403,6.0490775,2.8872147,-2.1258621,2.999167,-8.963491,3.0975192,8.5880995,3.0830886,1452.913404259595,51.492439416576325,1588.2560949700994,34.12147726662561,0.0003444098,0.0004338255,3040.003659277117,0.010358333,0.00066864263,0.07738634715777262,0.007410964271290498
-349.59464,3.6138551,180.38907,3.7252746,-57.987213,3.5166535,68.229355,3.3218532,-33.76944,3.453232,38.147686,3.2059138,-24.962227,3.1675234,18.705654,3.0711098,-9.167163,3.054614,7.0135837,2.9544098,2.2325053,3.1267016,-6.13023,2.9756618,6.5884905,2.923119,1370.2106039562882,62.138353560942875,1580.756129374761,31.738531832732296,0.00029319685,0.00036285634,2912.52809599768,0.010381882,0.000717077,0.06555883845707657,0.007516731092075866
-359.6591,5.4401226,164.42104,5.6371384,-38.807777,3.8284771,57.662933,3.8717163,-21.714167,4.099806,27.734823,3.5901577,-19.12067,3.9225228,15.200399,3.7378922,-3.7547724,3.5439796,7.1199574,3.2492979,4.005113,3.4304996,-5.093918,3.4152467,6.905771,3.3967307,1334.8309981673556,133.4105005452043,1612.133231811025,70.53396404189327,0.0002657456,0.0002855203,2893.2431391386312,0.010080922,0.0026576638,0.05962355894721578,0.01991018204500593
-355.10086,4.6319633,170.92334,4.0407896,-57.546143,3.3561997,56.11794,3.4861214,-43.967262,3.5891402,36.028416,3.6490495,-34.190536,3.4845774,22.222479,3.1042566,-14.896152,3.05322,4.3662796,3.2098126,-0.97687095,3.0758407,1.7114258,3.1019514,15.042957,3.1028452,1579.909372661162,60.8593564531895,1713.5121094169642,41.173032718693634,0.0004222685,0.00058689754,3244.6440305068154,0.008827728,0.00069999864,0.08519658135150812,0.006808596832235132
-345.80954,3.7331543,152.96834,3.5681016,-36.479904,3.35398,54.174328,3.180546,-32.777992,3.4748685,28.03709,3.2722163,-28.12829,2.9540203,16.405743,3.2853615,-9.0807085,3.2074773,7.4584236,3.205127,2.782886,3.279844,0.1257916,3.2432296,10.920788,3.0490842,1574.1217544270128,75.54875158291529,1810.2857369179637,46.75948966947199,0.00032798247,0.00065081526,3504.8410650195765,0.010928777,0.0015636205,0.06817811049883991,0.008161790037011668
-352.19736,3.6697125,159.57599,3.6227362,-44.567486,3.6529582,57.894726,3.5699644,-37.317245,3.3641698,31.442507,3.4062324,-30.729733,3.487053,21.232576,3.0520232,-6.2485476,3.007893,13.929167,3.2531247,2.9083626,3.1548133,-5.697749,3.0357969,2.7085328,3.0577543,1574.4123027398373,60.238568875785596,1789.7344758702673,41.40104916112632,0.0003453679,0.00056365156,3450.833193608614,0.010174135,0.00091295096,0.06986047165023201,0.007125478166044672
-355.3829,4.427482,155.91551,4.200102,-42.146244,3.6828659,58.552704,3.4766555,-35.024296,3.263996,32.034225,3.330064,-30.525812,3.1082249,17.89953,3.0970125,-10.448598,3.0182679,8.805104,3.1056285,3.566503,3.0589173,0.44915,3.1469357,9.322553,3.0795226,1572.7296054891885,74.14991629955165,1808.0028247233245,50.06062557709352,0.00030370493,0.00063979253,3503.0424680068154,0.010865121,0.0014728239,0.06363063732598608,0.006331604759060656
-340.27896,10.105833,175.742,5.8967533,-58.894897,5.410608,64.913246,4.979917,-38.36839,4.5607142,32.637257,3.7323098,-28.274303,3.3434734,14.6832285,3.1597111,-10.745242,3.3119466,5.285743,3.3270454,-2.1563535,2.9358442,-9.164647,3.0217116,7.4718795,3.103117,1470.118489829223,103.24618631382167,1604.2704126060594,57.83988459873796,0.00037215906,0.0006977711,3099.382341212297,0.0103378985,0.0010344327,0.07576063116299304,0.00989346539165528
-350.43118,3.9751482,162.72443,4.027227,-47.467274,3.7801754,52.784725,3.3010352,-40.993378,3.640858,29.629673,3.5495846,-30.74017,3.3530443,22.534563,3.344927,-7.8199406,3.3523986,7.111097,3.352194,-3.7408574,3.202285,-7.2990875,3.2048426,8.841443,3.0982938,1585.2398580501813,65.46637396958,1749.2995702557864,48.72439838286192,0.0004280025,0.0011554164,3347.1640602341936,0.0094888825,0.0011639799,0.08267813768851508,0.006336907417578328
-351.66653,4.58968,182.79378,4.269277,-51.765583,4.027481,61.147602,3.4271243,-33.1633,3.6584344,29.717335,3.2404473,-25.843124,3.1630664,19.159975,3.0464647,-4.1243734,2.9676816,7.3266745,3.0862358,0.88518596,2.9184916,-7.7346106,3.0264876,5.5433974,2.927691,1295.8007598633953,58.32254042758932,1518.1867730927945,40.0944315383986,0.00028343228,0.0007169176,2678.9852699934745,0.010446195,0.00076483365,0.06262348644141531,0.007079987643539224
-353.37766,4.4439077,181.45305,3.487707,-52.993336,3.5130343,64.894966,3.560216,-31.62739,3.3172016,33.702217,3.2434056,-24.964895,3.3201027,17.181555,3.2369745,-8.681453,3.23092,5.611337,2.9756746,1.7247576,3.0721586,-5.6677704,3.0150344,7.4377785,2.829391,1306.9744149787616,58.17236923067523,1541.2307479703504,31.37071978617414,0.00025776878,0.00038643,2755.8003507468097,0.010528449,0.0008196276,0.062284748404872387,0.006540088567967835
-346.79834,3.4509614,176.55525,4.462813,-54.54154,4.041147,66.121254,3.740337,-32.419197,3.5392077,35.17069,3.2638354,-23.543018,3.0701513,17.319136,3.263259,-9.23925,2.966029,5.39864,2.966165,2.1831782,3.0147426,-4.8673973,3.0056207,7.2484446,3.007753,1380.2312299066887,65.21045556309375,1593.04269838973,43.624218881957226,0.00034905173,0.0011800983,2949.824003498405,0.010400615,0.0007580451,0.06596781648781902,0.0076563516470592174
-336.21484,5.587427,155.37923,4.551749,-53.258675,3.6290305,69.37034,3.5482147,-33.96895,3.4493616,41.6965,3.4952803,-28.61392,3.2722337,24.54536,3.0586243,-9.458794,2.899067,10.829984,3.0374837,2.7560494,3.036632,-3.7718441,3.3142455,8.038954,3.0921566,1730.557206408068,108.21589824179307,1876.6598579639865,56.955652156528615,0.0005142086,0.00061458995,3845.1755886564674,0.009938342,0.0008326252,0.08360598535382831,0.01165810476940348
-356.4786,4.0495844,174.53943,3.5749881,-48.842937,3.3874764,60.579094,3.3684475,-29.232208,3.3349833,37.81712,3.095777,-18.378359,3.0760236,19.532587,3.3031006,-8.940556,3.3589404,3.2448897,2.991919,1.9394537,3.0299468,-1.7231264,3.0927618,10.001532,3.0611167,1330.5595899898672,61.889923098239585,1589.20861373503,37.739660098805075,0.00026352506,0.0004509827,2827.2945820040604,0.010214777,0.000795485,0.062020781975058004,0.007349057131117213
-352.57852,3.9333088,172.2399,3.2013345,-54.92318,3.1016266,62.27162,3.1118183,-34.635414,3.2221391,42.362003,3.1164398,-20.633718,3.2948744,22.38293,3.17558,-12.438025,3.2411141,4.188854,3.086211,1.4060898,2.9616241,-1.1771015,3.0324678,9.945186,2.9900882,1454.3599625297309,63.39541012740256,1664.1308647648398,38.98974146349572,0.0003126807,0.00018257827,3105.9022553835557,0.0097990455,0.0007059273,0.07066369997099768,0.008608043273794025
-365.93073,5.3373237,166.93294,4.143933,-41.919327,3.9530122,62.34734,3.782569,-24.393469,4.3646355,29.949038,3.4074311,-20.175295,3.1823413,20.58048,3.5449684,-1.3943795,3.8095446,7.9512296,3.4369447,3.4285522,3.0728288,-5.570804,3.6229763,6.133722,3.517212,1338.7771867433041,92.68408753195857,1620.89258708398,50.383563512269475,0.00022181816,0.00014161936,2903.9347991589325,0.010281568,0.0018840014,0.05399416328306265,0.01461389966421781
-368.41205,3.9968314,174.81055,4.3606906,-45.46112,3.7078757,71.48603,3.9943054,-28.126038,3.6145668,35.55221,3.3342383,-25.575918,3.494483,21.3885,3.192453,-5.3442087,3.0415137,8.470474,3.0787723,1.3132367,2.8412993,-9.180445,3.195914,4.0523796,3.3068454,1299.5519341972313,67.81990531572296,1616.893624286961,54.76933373327316,0.0002504756,0.00082221825,2861.842632957512,0.010419317,0.00067861757,0.053552331061484916,0.00784882861207098
-343.94272,4.1628356,165.78389,4.3044267,-54.370884,3.6494274,65.70116,3.9863462,-34.030663,3.706009,43.04424,3.5230203,-23.093996,3.4386232,23.564165,3.2171273,-12.057216,2.9305382,6.8360796,2.8972468,1.6185809,2.9579926,-1.3795866,3.0491626,10.428018,2.99624,1552.9050343452773,81.27033166646285,1755.866565927708,47.51676087875307,0.00045569427,0.0012726277,3402.3959768343966,0.010010367,0.0007747351,0.07301673977668213,0.009100357213332279
-360.07156,3.5805361,173.39929,4.1781487,-48.2423,3.633758,61.806828,3.50238,-28.270582,3.4246163,36.933064,3.6285121,-18.846231,3.3920827,19.49138,3.1866,-7.452072,3.1796637,5.30042,3.2083776,2.4903052,2.9661193,-2.9996555,2.9902172,8.599617,3.3077517,1331.33423900476,74.61517438299532,1600.1318402953275,41.442321576346615,0.0002878245,0.0007460037,2866.5639501160094,0.010096456,0.0011300688,0.057427992676914154,0.009022251488985786
-318.83057,16.002432,151.98933,7.4727945,-65.98559,6.9076056,53.078632,4.5071716,-46.33311,4.3695474,29.018661,5.090474,-28.210146,3.6405263,15.451544,3.8329048,-11.582745,3.932665,2.1128197,3.3618317,-4.3310223,3.4627912,-5.6126113,3.8918712,7.6278434,3.8428128,1871.663578485239,169.5188362807968,1754.7807321722355,81.67898770471993,0.0006727066,0.0003190485,3832.885175735934,0.009157137,0.0018146083,0.11577703560034802,0.018370461061551456
-343.52863,9.298015,155.1396,6.959409,-45.07479,5.5266066,69.46657,5.1352053,-35.39302,4.468803,39.59742,4.023389,-27.825676,3.4874103,25.030397,3.3704112,-6.0078187,3.3993533,12.230594,3.2586968,1.5625838,3.1878934,-5.8975253,3.2587485,7.3890085,3.1889813,1676.9213656908803,159.95752331316513,1892.6037922661342,88.62573993982946,0.0005290923,0.0016231949,3834.658792234629,0.0098919105,0.0009160419,0.07789502066415313,0.014271492870743753
-363.77936,19.222647,159.58385,15.674416,-45.38387,4.5268726,63.908585,8.872829,-27.001482,10.428259,32.60109,7.966819,-23.86978,5.313217,18.460918,4.8016586,-2.7157724,3.9688008,10.546044,3.7472475,4.013064,3.6077404,-5.427708,3.5122237,8.059319,3.3836014,1541.3639365787215,477.2925609814564,1695.5716842150018,166.1275265084765,0.0004109395,0.00072021986,3253.936781739414,0.008930835,0.0023503115,0.0772424684599768,0.053074841068384414
-352.1234,3.46721,180.84871,3.9281316,-52.72051,3.3444848,64.379486,3.3439183,-31.473175,3.1101215,32.743267,3.4263492,-24.446291,2.9356704,17.558208,2.901087,-7.974651,2.9323127,5.5033383,2.9906902,1.1717854,3.0908294,-6.536265,3.0075371,6.9378085,3.008106,1311.4843825680737,61.71968217535791,1542.36732578795,35.122636781432206,0.00027624663,0.0005459977,2769.6145750253772,0.01040501,0.0007868039,0.06235612130220418,0.007023434041991051
-349.1986,4.073321,159.66278,3.256264,-46.429775,3.2569826,57.054398,3.8105056,-38.723675,3.2807567,28.586798,3.674231,-29.287346,3.3566341,21.44359,2.997997,-10.146899,3.2148848,10.573451,3.3523192,0.03646478,2.9516797,-11.478561,3.0386558,1.1707642,2.874077,1594.7521648285149,62.6397407131046,1767.2171396491103,37.57066324177749,0.0003431033,0.00033730164,3390.505252138921,0.010067952,0.0010997739,0.07663183367169374,0.00736663830608776
-352.1572,3.3129985,166.0488,3.6807086,-49.640366,3.3250074,55.985283,3.6783473,-43.11576,3.3598623,32.151394,3.2410128,-32.575554,3.1337001,23.654781,3.4892776,-9.040913,3.1299458,7.6586514,2.891577,-4.240887,3.0711086,-6.9304166,2.8820515,10.277368,3.0817878,1583.1408823981058,62.68190006750801,1753.3167512883656,41.403587214117955,0.00038156114,0.0005512345,3355.8822596432715,0.009489114,0.00086408417,0.08191002936484919,0.006602642264246405
-355.86667,4.189685,165.9957,4.197102,-55.07983,4.0009046,50.983902,4.1866035,-44.194805,3.954167,30.61118,3.597573,-31.469011,3.5888453,20.639034,3.4888148,-12.439564,3.3387506,5.291733,3.1347737,0.5491014,3.0017216,0.8427716,3.2658443,13.163737,3.4273117,1584.6757527803009,60.083351835152286,1692.6931164429452,38.64161629016495,0.00040284704,0.0013362907,3227.807164026247,0.0094918255,0.0008448112,0.08365696599477958,0.00707231800871933
-328.84427,15.467747,163.07208,5.4880524,-72.35057,4.996921,69.73841,5.055641,-58.81358,4.505532,35.222942,5.374073,-38.34235,3.7288928,23.885942,3.6832,-17.69208,3.5269582,3.37447,3.6364875,-6.9129806,3.8935015,-8.5000305,3.5756545,5.230563,3.377418,1906.754623758987,134.20391863176025,1828.8983352555836,75.14707881177178,0.0007164589,0.000804935,4022.4123359556265,0.0091785155,0.0010316857,0.11443341248549883,0.014015662555084716
-353.32477,3.4913685,181.32599,3.8810978,-54.47473,3.6533246,67.327156,3.4314847,-32.36818,3.5517325,35.60532,3.6011107,-26.75653,3.1507869,15.685597,3.0124462,-10.2976265,2.828081,5.856159,2.847313,2.9844716,2.7616677,-4.5043344,2.7896621,7.6225266,2.9002855,1326.0084874136903,59.967579768036686,1558.2505392711728,36.044645220147906,0.00026695896,0.00048198074,2811.9565463674594,0.010472929,0.0007042667,0.06254984773781902,0.00698916525972631
-347.0614,4.4114857,170.26646,3.728757,-54.46516,3.4077911,63.852253,3.311503,-33.88248,3.2194552,42.88952,3.3556113,-22.205732,3.0577326,22.490982,3.3011622,-11.89341,3.231924,6.118156,3.051802,1.5635006,3.0003345,-1.3966748,3.2170558,10.657177,3.0659244,1481.3704967189276,68.80083807317513,1699.9768767715277,42.33306079893537,0.000359368,0.00050170557,3205.3996429089325,0.010053081,0.00074185064,0.07004286905452436,0.008570417062539927
-347.34628,3.53364,178.06181,3.306242,-54.358025,3.5907764,66.06757,3.3895497,-32.234814,3.3783605,35.276077,2.970914,-24.10139,2.840821,17.101469,3.3268187,-8.9996195,3.4080222,5.9959307,3.2414656,3.047195,3.0721142,-4.123284,3.0014744,7.4548073,2.8811615,1359.2781922485356,58.704456098671386,1579.3592549884884,30.37030989978082,0.0002884158,0.00036365766,2895.9660151718385,0.0105060935,0.00072407874,0.06491421657482599,0.0077964339098047855
-365.15475,4.9470263,175.17203,4.09408,-45.098263,3.5357409,70.44084,3.7069213,-27.982601,3.4163067,35.71728,3.3288362,-25.436806,3.2806213,18.913784,3.335357,-6.3834243,2.9989445,9.910692,2.7737732,2.8789504,2.8949144,-6.025899,2.945776,7.4301577,3.3713355,1301.3348759663963,81.39590960139496,1616.9939712591631,65.09544046918539,0.00024491138,0.00039934003,2872.259507323086,0.010188257,0.00075639324,0.05703374238689095,0.012952397630533982
-348.65305,4.414567,179.13771,3.732967,-56.388405,4.04024,67.67101,3.4351993,-34.772747,3.4002182,34.40548,3.8287616,-25.397568,3.509551,18.197685,3.1895497,-9.79281,3.3814409,5.639108,3.1075935,1.9374051,3.1927192,-7.0705357,3.1674788,5.737725,3.0347886,1381.5490155692132,60.80590398570015,1582.7689704314735,31.601247270998165,0.00031946454,0.00063098315,2937.233824409078,0.010300079,0.0007293595,0.0687581569025522,0.010113039122903497
-348.78806,3.912216,157.87029,3.8448021,-48.687714,3.8363097,58.97996,3.4341116,-39.3956,3.3808653,26.832314,3.29891,-30.885172,3.4529219,22.96795,3.182823,-8.650483,2.8740284,10.565513,2.9113178,1.0302371,3.0407677,-12.074725,2.863799,1.6646459,3.1404076,1650.7292066145221,66.60809214432312,1780.2182006980195,40.641434903982045,0.00046971068,0.0012499542,3476.3632789841936,0.009466063,0.0010693887,0.08332955698955917,0.007161920783113122
-354.18192,4.029141,170.52042,3.6484332,-42.35286,3.0137467,60.161892,3.179999,-22.23757,3.208599,28.751686,3.0974936,-19.768208,2.619114,15.089017,3.147862,-4.2302456,3.1107788,6.130975,2.8682656,3.8312485,3.0379515,-4.656694,3.104407,7.2360396,2.811048,1290.2544988468696,67.94618797151067,1564.8472874067602,37.56226782207656,0.00023530074,0.0003864788,2775.4600153168503,0.010610157,0.0013522011,0.054874429016821345,0.009555008178998339
-350.4775,5.035128,157.74362,4.6631956,-41.66158,3.1078444,50.84582,3.7371032,-37.134438,3.6475253,24.356815,3.3997946,-31.928957,3.1839914,16.18835,3.1472988,-6.8483157,3.3864505,10.075413,3.6935875,1.6133838,3.4720109,-5.248516,3.1560583,3.2165346,3.2073832,1572.0044026722571,96.96495748285489,1745.825230452963,68.46185409405433,0.00034450903,0.000513573,3342.7425092444896,0.010077512,0.0017343229,0.07689693300464037,0.0069801423066692915
-353.14682,4.5464587,184.31258,4.0687237,-57.08042,4.3020754,61.665493,3.5950913,-33.510025,3.559178,34.22155,3.5122068,-27.244862,3.4306226,15.539896,3.156247,-10.485972,3.142343,6.1721573,3.5684798,3.2328587,3.772747,-5.1212683,3.56979,5.8152165,3.7027242,1317.3613974913421,56.16813523237646,1510.3174386049466,39.18122172568381,0.00025432295,0.00039137827,2683.1819963565836,0.010452012,0.0007929519,0.06732163573085846,0.007844341710912877
-364.0885,3.9587154,170.83696,4.417086,-40.872353,3.9242294,65.86795,3.591938,-24.530878,3.180332,31.727682,3.4036796,-22.68358,3.2151194,19.463064,3.1891007,-2.8648853,2.9371789,10.187884,3.0239325,4.463937,3.0660827,-4.7165937,2.9642885,7.6174445,3.1074781,1290.870707792629,85.33914047363845,1615.2018222415093,69.86011878127336,0.00024102276,0.0004472868,2844.181409512761,0.010235184,0.00092003436,0.05548506380510441,0.011381729008300355
-352.90494,3.9334662,171.73778,3.1388986,-46.933865,3.031298,61.22788,3.263853,-25.35194,3.3967714,31.425526,3.0614195,-21.072569,3.334739,15.347591,3.1033952,-5.8380404,3.0582922,6.147316,3.1984951,3.5790153,3.2020566,-4.3946567,2.874201,7.6104684,2.8546727,1325.2338418412135,62.479074584322575,1577.3805962855638,30.882360810788143,0.00024278289,0.00024703148,2841.6833581061487,0.010644717,0.0010963326,0.057259190110208816,0.008242979056082246
-344.15833,4.316612,164.7123,4.662395,-53.96333,3.98223,64.78347,3.6311657,-33.03724,3.8547094,42.324345,3.467756,-22.082113,3.5086112,23.38449,3.0955915,-11.67483,3.3662562,6.356475,3.1760519,1.8169934,3.2703907,-1.9406201,3.286362,9.898132,2.69433,1556.8288336738933,85.70646508050878,1748.9825857978037,49.0684443433586,0.00045466906,0.0014702121,3386.3834673180104,0.009939718,0.0007849735,0.0747897331786543,0.009351805673113209
-349.73367,3.726963,169.04611,4.2046328,-54.749928,4.2855306,56.937798,3.6747782,-42.030247,3.3807142,35.532513,3.7530036,-31.578823,3.2875137,24.452019,3.5440001,-11.165139,3.1874917,5.21322,3.122284,-4.9440594,3.0725682,-5.3451853,3.2386725,12.134446,3.1107824,1577.1877493043044,66.31141886349755,1731.2613847791379,42.54021065388217,0.00044820626,0.0009795021,3284.5129309563513,0.009262778,0.0008585692,0.08320153893561485,0.007643539846137434
-351.21185,4.070448,163.85793,3.7481596,-53.026093,4.0774007,59.799477,3.7933517,-44.159626,3.7548878,29.278437,3.283722,-32.46814,3.2822132,23.432468,3.437364,-12.256872,3.2695708,5.2471013,3.3056834,-3.8126388,3.1876633,-14.027518,3.2503402,3.945022,2.796177,1618.557039899274,68.28179291306039,1748.8073970975372,36.95865528111797,0.00037804796,0.000550083,3385.93381806482,0.009698529,0.0007657508,0.07922278313515081,0.007524108411190237
-353.91095,3.5796757,172.11519,4.1046987,-56.94329,4.24693,54.027363,3.7592545,-42.813995,3.81736,34.133636,3.3988328,-33.02339,3.8458643,20.12358,3.4711199,-15.185325,3.2166748,3.350814,3.3244338,-0.05552707,3.170864,1.5805749,3.0130482,14.846344,3.1922638,1542.6800476778078,59.218469990731656,1673.6172850130504,43.71964642947053,0.00043768107,0.0013923657,3118.742239613544,0.009039628,0.0006620436,0.0828129531612529,0.007576672862604398
-353.8743,3.3203523,182.19069,4.597717,-53.63667,4.0808606,66.736404,4.0116982,-31.224058,3.535591,34.70975,3.5657125,-25.264973,3.2652073,17.346973,3.080324,-9.561759,2.8977497,5.1359982,2.8656616,0.7143315,2.897216,-6.8541703,3.2401643,6.198788,2.9784355,1300.8659051214875,67.49030297666766,1541.597150866175,40.62364873498893,0.0002977975,0.0008411054,2753.6770070511893,0.010508327,0.00080829696,0.06173755619199536,0.007055908794719142
-362.8049,5.1160507,172.15106,4.8087955,-43.758656,4.097637,68.63767,3.8304348,-26.248701,3.663795,34.99265,3.3732893,-24.343832,3.529961,19.759167,3.3326886,-5.4904666,3.1718805,7.391541,3.0990703,1.1297174,3.2269132,-8.759938,3.195485,5.37431,2.9351451,1315.592104367739,77.25890297489161,1627.3549238201883,62.038692080097405,0.0002793644,0.0008655112,2888.7466466067285,0.010361797,0.0007251054,0.055106674158932716,0.007823550968053823
-348.14145,3.4681466,178.97377,3.3924515,-54.35125,3.1681395,66.840034,3.0973547,-33.40513,3.2941728,34.568306,3.2408133,-25.185877,3.288602,17.378344,3.0735462,-8.866056,2.8615081,5.780623,2.6983395,1.6747168,2.7005992,-5.818758,2.7153316,6.910735,2.7688618,1357.1962204050935,57.65931804695114,1577.7164710181546,28.961754291948594,0.00028569164,0.000387461,2897.0651577907483,0.010506025,0.0006879947,0.06523369525812064,0.007268363580406704
-346.3523,3.9273195,166.32767,4.339748,-49.69577,4.1716948,54.48929,3.7794688,-40.393036,3.6809018,32.89831,3.727777,-32.711414,3.4952197,24.050745,3.5169256,-5.5072036,3.1133616,12.0788965,3.0248015,-2.2937732,2.9556637,-8.63184,3.1778715,5.289902,3.0202749,1570.3771512120427,66.33783264813138,1750.158148803402,44.06507552085632,0.0004190149,0.0011230852,3299.2514342553654,0.00976885,0.00088685425,0.08154410165313225,0.007290076463376579
-347.37766,3.659392,163.339,3.7028146,-46.884624,3.678328,53.599915,3.199733,-39.50435,3.6689758,31.427757,3.5732036,-28.672935,3.2761407,23.262575,3.3375735,-6.8872185,3.3827393,8.167669,3.4532535,-2.6287026,2.895493,-6.1683383,3.2339296,8.545917,3.2676854,1566.7651688655521,66.83921777566377,1748.513000902852,40.074680918911696,0.00038861315,0.00060939754,3333.6745826384863,0.009661726,0.0009262654,0.07989686049883991,0.008014125368022823
-351.1883,3.904553,178.2563,3.835487,-54.725376,3.8877485,67.51262,3.3821595,-32.175755,3.3807974,35.795773,3.6952028,-24.4711,3.2820568,17.150826,2.835427,-8.833359,3.018212,5.611922,2.9420226,2.3889823,2.9350038,-4.6211214,2.9513988,7.4834614,2.8517075,1356.8047218379322,60.2617483931665,1582.6548475385373,35.17988703220815,0.00029642868,0.0005874951,2906.6576751921402,0.0103295995,0.0007388344,0.06322165929524362,0.007720961174241775
-348.08533,3.8459857,179.75905,3.6494203,-55.920887,3.3926845,66.985214,3.6450071,-33.377068,3.594146,36.265556,3.3944118,-25.369577,3.2695634,16.813251,3.0180304,-9.224893,3.0901842,6.5233107,3.1778605,2.350963,3.0021272,-5.829027,2.85114,6.6184464,3.0648592,1360.9955617911858,62.19024585636764,1574.919392032326,33.98234963341397,0.0002888389,0.00044294438,2894.192398673144,0.010499801,0.0008153548,0.06511134171983758,0.008172396651114246
-355.50275,4.6409497,173.43547,3.3142135,-51.885006,3.6271622,61.641647,3.2169755,-30.466688,3.4983535,38.113083,3.268465,-18.810308,3.2022486,20.656984,3.1990604,-8.056392,3.3157694,5.7308283,3.2452228,2.8607173,2.9305153,-2.0363963,3.185295,9.660475,3.2321942,1373.1385078181293,65.96037307748247,1612.5057738777093,34.67713652005276,0.00028616923,0.00029744438,2937.9582593169953,0.009906156,0.000816816,0.06341425282772621,0.008413143849445234
-348.60797,3.6569417,176.06807,3.4374282,-52.2083,3.3317158,65.56393,3.3806274,-29.941732,3.2189188,34.331768,3.2376547,-23.303892,3.050703,16.512339,3.0125968,-7.355426,2.9370577,5.92709,2.770584,2.160744,2.8666291,-5.807954,2.8546264,6.3545794,2.9613385,1349.730118419476,54.907015015775414,1580.9331779034242,32.488704537796764,0.00029513816,0.00060044974,2892.843450913573,0.010453826,0.00068206753,0.06300867350638051,0.006430353188768934
-348.49615,3.7310066,159.7537,3.3548098,-40.484528,3.3298137,52.74364,3.3287358,-37.581528,3.4699202,28.002857,3.1117566,-30.567995,3.4834633,18.37847,3.2335742,-8.208543,3.1430423,9.943885,2.9598217,3.260417,2.9716249,-1.9611588,3.0716166,5.741425,3.1450589,1543.3038940438098,70.18349746451396,1766.762401117351,41.026729867950806,0.00034205383,0.00056061003,3343.7667103212007,0.010287407,0.0012995622,0.07312889718677494,0.006722795146037769
-354.64725,3.5637505,174.21309,3.8392289,-49.541916,3.7096674,60.688366,3.3639228,-29.44743,3.4064941,37.719433,3.3149285,-18.016092,3.203048,19.564344,3.1946504,-9.24728,2.985422,3.983978,3.2238173,1.4538198,3.0588503,-3.0109475,3.0850055,9.153889,3.3469186,1345.7768782080004,74.06016977896925,1596.711068056488,41.895264716209965,0.00026707735,0.00026585924,2875.5319546657483,0.010119124,0.0009627826,0.06198906068735499,0.0083737022029559
-351.461,4.032827,176.41318,3.561497,-57.583305,3.4101572,60.853424,3.3789933,-35.685047,3.1409123,41.238716,2.90282,-19.655855,3.2479026,20.43982,2.9160283,-11.836789,2.9199011,3.864816,2.905881,1.4811023,3.0877683,-0.8647296,3.223702,10.909522,2.7869759,1414.2961787745853,64.41296445893039,1607.375242814905,35.944836109477556,0.0003160294,0.00047362095,2986.4704176334108,0.009892316,0.000741952,0.07083363544083526,0.008035991850245703
-349.9508,3.5761094,173.57521,3.8390298,-50.52581,3.4174378,62.865566,3.4948742,-28.20739,3.3100677,34.075348,3.0817695,-20.62795,3.0305228,16.437038,2.9190352,-7.0335712,2.9121473,6.2228827,2.9469328,3.629383,3.1224787,-4.450475,3.1092355,7.407262,3.12672,1350.2231185667615,66.98319751815946,1585.1095744466757,34.62948139311629,0.0002988651,0.0006860606,2899.987877936485,0.010483752,0.0010247735,0.06102949173433875,0.009275910874505224
-354.59244,3.762082,166.71248,3.9423723,-49.871384,3.5770342,56.08929,3.977825,-41.25078,3.4252198,31.722258,3.4814796,-31.413034,3.3276563,23.485386,3.2595105,-7.73877,3.036849,7.507013,2.9968467,-3.4110053,3.3428419,-7.1988235,3.2436635,9.727485,3.1560264,1538.9501264380237,63.8792188759003,1723.041198691524,39.32110342642108,0.00035506694,0.0006936382,3232.4785201566124,0.0097162025,0.00090843433,0.07673719366299304,0.0068261094378829976
-359.15323,4.4893403,176.80804,4.454489,-47.376514,3.8061256,63.59219,4.065303,-31.634453,4.052691,34.675243,3.5311663,-23.583391,3.702843,18.05129,3.1853647,-10.004654,3.073581,6.0240126,3.106373,1.1176647,3.0620294,-5.401671,3.3905826,8.71315,3.4139707,1323.2500464843924,82.79944868557173,1600.205897471731,68.0293079731087,0.0002867889,0.0006992594,2856.7715886020883,0.010152334,0.0007640152,0.062055901972157775,0.014120810768130314
-344.40356,3.767241,176.77477,4.399486,-56.404636,4.1504564,67.761444,3.7356749,-36.812973,3.8085485,33.732304,3.6246078,-24.246824,3.4749012,17.047916,3.2936432,-9.935389,3.2840855,5.65861,2.8508322,2.6977165,2.8161163,-4.889764,2.921792,7.270185,2.9468946,1420.8320612625064,64.94990571339747,1600.3914177068405,44.7597599294408,0.000341507,0.00074999814,3049.371352051914,0.010213865,0.00067501736,0.07111006380510441,0.007303081466815742
-354.51434,3.8205328,181.62706,2.984808,-52.437542,3.0204449,66.97329,2.9698665,-31.103815,3.0586324,34.11009,3.0818777,-25.593668,3.1159327,16.814417,2.9617603,-9.62718,2.7772367,5.094179,3.0046003,2.1320095,3.0341678,-5.487574,3.1040936,7.1632867,2.9373226,1297.2134144183735,53.641571086631906,1544.9256017304585,30.490404883880245,0.0002335404,0.00014014875,2757.848752900232,0.010516366,0.0006736508,0.06045171113689095,0.006881089488535566
-339.78107,8.706145,169.31538,4.9255886,-54.098217,5.3452725,62.988266,4.14125,-32.100628,3.4107852,34.513943,3.2876356,-29.310675,3.106547,14.831438,3.632491,-5.6251316,3.3575382,5.432813,3.3562012,1.4462763,3.0729449,-6.143365,3.0520165,6.0796943,3.248667,1488.8992255560388,62.574890199693684,1646.8446324941883,55.87817280705009,0.00036678286,0.0005519529,3134.7797296439967,0.010117718,0.0011612349,0.07677684527262181,0.008619068657458461
-352.36765,3.9280837,179.34464,3.5515893,-49.88756,3.0712662,63.25332,2.9948707,-29.182,3.2928257,32.56756,3.034019,-23.187788,3.019965,16.120077,3.052411,-8.016102,2.8650472,5.78948,3.159756,2.8146973,3.020308,-4.809435,3.0150566,7.193943,2.9682255,1289.5432212713406,60.60406611383984,1541.058478454286,35.11677837890115,0.00024915914,0.00036355064,2736.090725148637,0.010548587,0.0008175945,0.05979802602958237,0.006898256940277121
-326.99155,7.855514,154.55536,7.808734,-82.08285,3.998649,79.99603,5.1301727,-48.499744,5.4172378,35.780365,5.250421,-33.187668,3.7482908,24.088167,3.5790656,-16.34733,4.0088954,6.4990306,3.8685272,-0.53648883,3.842193,-11.197282,3.6152985,13.28728,4.486773,2062.900411895086,178.35817850058592,1777.29035119292,87.39241213552125,0.00087174354,0.0011190649,3979.096124564965,0.008569305,0.000602806,0.14429900485788863,0.02093623453167399
-365.8466,3.9723382,174.90675,3.9264638,-44.154625,3.6080823,69.586716,3.2961125,-27.16456,3.0785246,33.95688,3.3054707,-24.499773,3.1710885,20.896801,3.165048,-4.391024,3.12202,8.522322,2.9747324,1.4602011,3.0118392,-8.342572,2.952889,4.2166305,3.071635,1286.958121645342,66.93922795077742,1601.876464738764,47.821046966956104,0.00023823962,0.0004896502,2816.07833118837,0.010434144,0.0007565691,0.05348209106728538,0.006618160817341549
-350.3299,3.5425992,177.66716,4.652832,-53.31839,4.405793,65.96781,4.1499233,-30.91995,3.7368205,33.899254,3.4690757,-23.763296,3.0986977,17.20691,3.060962,-8.36724,2.9960346,5.5219407,3.0020683,1.8404329,2.8106296,-6.108503,2.8963182,6.697904,2.8558207,1349.5398372181626,67.81639170625618,1572.3683573187923,48.36403854110485,0.00035379975,0.0015292492,2876.5811362565255,0.010501633,0.00078803045,0.06310383736948956,0.007647544759172756
-355.72446,4.0458894,172.29137,3.5906985,-44.323296,3.5917187,60.903267,3.2261763,-23.972004,3.031914,30.668352,3.4459136,-20.168015,3.0931497,16.76958,3.0431688,-4.1828876,3.223688,6.7539663,3.2458746,3.5438898,2.765887,-4.7808127,3.1298957,8.168205,2.9984574,1285.1410073323511,69.23640108746443,1566.388912806149,34.39285808649003,0.00023414046,0.00033923006,2765.617692774797,0.010750868,0.0010365493,0.053758519431554526,0.007589458870095421
-349.28293,3.729828,179.01778,4.2001667,-56.72371,4.198626,67.72979,4.017666,-33.084846,3.9149485,36.42992,3.4120076,-25.368855,3.3923335,18.104761,3.1684134,-8.914508,3.1086442,6.813054,3.0967782,2.4101999,3.013828,-5.5739717,3.034784,6.505765,2.8970811,1374.8292445907528,64.12556625497078,1584.5588391054328,40.96010873352057,0.00032516013,0.00079227134,2922.145593913138,0.0103431335,0.0007508907,0.06594062681264501,0.006377220311299341
-359.75006,9.343289,168.04012,5.8492217,-47.577827,4.6406717,69.924515,3.5198932,-28.644415,3.7924209,38.298233,4.3460026,-25.96464,3.4792514,22.735788,3.3700848,-6.028532,3.5430152,10.240282,2.8670661,2.4548252,2.907178,-6.1252437,2.9233246,6.6004963,2.9546905,1422.1097132560665,137.92396048913278,1706.1565181444275,89.75232050158482,0.00029496793,0.0005074898,3140.2005011963456,0.01032934,0.0007611985,0.06040526210846868,0.011644991216208513
-351.22897,4.13679,177.85057,3.0620897,-51.96891,3.246353,65.789154,3.0070932,-30.294264,3.1344635,34.141712,3.2245982,-24.048832,3.1245718,15.9753685,2.9189813,-8.825242,2.854783,4.766264,2.82732,1.8356683,2.8766844,-5.2611794,2.8195658,7.0571084,2.925234,1331.286662039722,59.7140995123673,1565.8555832169875,29.38191764090159,0.0002545107,0.00019798648,2840.8090401138343,0.010501298,0.0007714123,0.062137470997679814,0.007118829209421597
-362.65573,4.258157,171.54955,4.4087977,-44.82098,3.690893,66.345055,3.5587745,-25.674128,3.7775314,33.699528,3.3567846,-21.898388,3.3677316,21.558928,3.485997,-2.0994413,2.983372,10.978723,3.09239,3.9865277,3.0179112,-6.0905366,3.187148,6.7459493,3.0163584,1306.6051610324596,83.92523044759686,1613.6983821612457,56.3581134798123,0.00024268228,0.0004319048,2856.671666545824,0.010509289,0.0010829262,0.05568672056264501,0.011531099136903792
-367.703,4.3890715,171.3841,3.7306588,-42.409477,3.443283,67.65393,3.4909494,-26.07382,3.4193223,31.93174,3.4513488,-24.808992,3.4106183,18.281097,3.2178445,-5.60046,2.8252265,6.3353224,3.103255,-0.17066683,3.072281,-8.888227,3.0361054,5.938079,3.2046583,1303.845093248311,61.02472001913192,1612.8921172584562,42.99364674594115,0.00022666284,0.00046860857,2860.143958001015,0.010470927,0.0006887215,0.051859773781902554,0.0069246670495261
-345.755,7.547871,167.38535,6.7607,-49.860245,5.4133105,57.706123,3.9995518,-28.058874,4.2245665,27.82035,4.108048,-22.780758,3.8565023,14.4703045,3.649564,-5.38717,3.404801,5.1658006,3.5257144,0.34808683,3.5278177,-5.2433286,3.4207213,9.50136,3.4944751,1430.3793654484482,141.95118533390072,1601.3525969886553,57.97477920706146,0.00033380502,0.0003475183,3004.106660564095,0.010346066,0.0029029844,0.06903685107308585,0.021479177079519015
-351.58148,3.692635,180.29138,4.007841,-55.969154,3.42099,68.75024,3.8916225,-33.998775,3.3140433,35.960846,3.5203977,-26.159191,3.096734,17.584885,3.1193104,-9.5820055,3.06802,6.1082177,3.2352872,2.3283815,3.1566868,-5.4406404,2.9318993,7.401494,2.788891,1356.2052693033427,62.09496802029966,1578.6815000595122,32.63721943758995,0.00031877478,0.00078518456,2898.9137158316416,0.010333149,0.0006853963,0.0642673288863109,0.007481461892842935
-358.12573,4.34069,177.32602,3.5944295,-52.921684,3.6265996,62.048588,3.3103259,-32.5532,3.287109,40.262302,3.1903288,-19.099129,3.3676884,21.498976,3.2776964,-9.385036,3.0555139,4.2177334,3.2894301,1.3830587,3.2407796,-2.3217242,3.079685,10.5311165,3.081727,1349.7940805496771,70.00200601049285,1591.0189640682327,41.4706852926781,0.00025240483,0.00012251605,2859.494464635296,0.010020211,0.0008166997,0.06353434055974477,0.007956432334279062
-348.34454,4.608646,156.67487,3.611828,-56.367836,3.3000436,62.580353,3.5753114,-46.69569,3.6423984,33.693344,3.2894084,-33.211143,3.1356416,25.224342,3.3552732,-12.732363,3.2743957,-0.03299805,3.218663,-5.6536813,3.0714312,-7.13862,2.8320851,9.0142975,2.9323356,1795.0773796289354,68.55475971270768,1843.9272189251578,38.779890062451365,0.0005451934,0.0008141446,3904.72913419011,0.008839585,0.0008584207,0.09367976000580046,0.007148244950556093
-347.44162,3.6073792,178.17427,3.6102538,-53.843437,3.6386282,66.4153,3.6098654,-31.830692,3.6020398,34.507084,3.0640934,-24.346163,3.0020757,17.032524,3.048973,-8.178652,2.6631677,6.067055,2.8002102,1.830599,2.7899218,-6.110226,2.9281883,6.6506796,3.0408785,1355.5145890981844,58.60496289178098,1575.5314616550704,33.28795831164564,0.0002935497,0.0005400245,2890.245477450696,0.010517138,0.0007292826,0.06392972375290024,0.006891497896573614
-350.91895,3.6313186,166.3105,4.227741,-50.76878,3.8958335,56.50811,4.268983,-41.68487,3.7414594,34.49289,4.0687184,-31.199247,3.5123346,25.43885,3.414675,-7.5540123,2.9192834,8.808841,3.091378,-4.421674,3.010754,-8.339758,3.3719993,7.661427,3.1734765,1574.5250179968903,66.25506831410739,1755.2270189357318,44.58371003043177,0.00041589502,0.0009840877,3336.6972248404873,0.009568558,0.0007440882,0.07976770954176333,0.0073403942184148705
-355.89838,3.7529507,168.74968,4.1818657,-54.83468,4.0005302,55.398983,3.9311564,-41.034023,3.4643924,36.06036,3.9602237,-28.629822,3.6987963,23.34953,3.6946094,-12.558867,3.2696364,4.7823944,3.0689013,-0.51976824,2.909409,-0.39480445,3.0424843,13.77914,3.2221088,1553.588995731643,65.58471083107054,1706.948399997237,39.14427223295242,0.00040291378,0.0006759148,3221.0624252283933,0.009021602,0.00074530125,0.08063664624419954,0.008004818078043277
-352.8777,3.6045737,185.67949,3.9285884,-54.778397,3.3475227,64.18526,3.603039,-35.847977,3.4572759,32.806087,3.3570457,-26.25224,3.0893102,18.738253,3.0950508,-8.644047,2.9519885,6.107641,3.1914196,1.25361,2.974392,-6.6439514,2.7850914,6.332597,3.2095783,1297.7031423505161,56.02949233634557,1521.5957272189326,35.838175727856836,0.00027847313,0.00063925725,2708.8869453306265,0.010391592,0.00066132477,0.0629769522186775,0.006872165934261938
-352.2218,3.6623008,180.92534,3.3811104,-53.315277,3.034363,68.0208,3.6007185,-31.860146,3.2773798,34.7739,3.2227385,-25.927128,2.969347,16.414026,3.0840821,-9.613201,2.961633,5.453595,2.9502623,1.608827,3.067551,-5.5863314,3.0192573,7.206397,2.9354331,1319.5039151626204,58.785813409012555,1557.9761970621219,32.671662808650495,0.00026081587,0.00032131857,2816.3780973571634,0.010575801,0.0007628786,0.06254644902842227,0.0070456694926635845
-368.689,4.6340547,167.91693,3.500177,-40.48606,3.4253933,65.75243,3.3350258,-23.233608,3.347123,31.546124,3.729654,-22.913862,3.388372,18.390352,3.2479496,-2.849587,3.2028039,9.283578,3.2382367,4.728156,3.1341946,-4.5897474,3.234272,8.716164,2.949417,1298.98291155615,87.01038986260075,1625.1749896822762,47.585529479885025,0.00020620617,0.0001590401,2868.062780959977,0.010530458,0.0016131728,0.05052861260150812,0.011934508239647073
-347.8837,3.8558247,163.59555,3.7426288,-47.103977,3.3524663,58.263447,3.4547966,-42.57585,3.3648126,31.906342,3.5670412,-34.394184,3.1442657,20.647884,3.0911777,-9.974303,3.0787778,11.57564,3.0870016,2.3556979,3.1628106,-4.373272,3.0159435,4.5102954,3.1120074,1592.1542624416368,71.05395632167145,1793.1314236860221,40.997122988967426,0.00036603273,0.00048716532,3478.5615642220127,0.010162258,0.00097029493,0.0755963602088167,0.006334668766077207
-358.021,4.7340136,173.70612,4.540635,-46.96565,3.4865823,59.848892,3.7446325,-28.000587,3.6825306,35.91236,3.7070537,-17.729912,3.557006,21.06584,3.2448833,-5.916563,3.1504874,4.958073,3.2089415,1.619809,3.126074,-3.930093,3.3462129,8.409658,3.3391864,1315.521384081497,79.61537891917155,1588.579839162524,48.077897736234625,0.00027776416,0.0005447915,2808.08456668721,0.01022769,0.0014836403,0.058153050681554526,0.009116111156907268
-346.63712,3.8053133,162.05516,3.700011,-46.89183,3.4563987,54.871838,3.3268213,-40.371544,3.2103686,32.767475,2.909031,-29.204857,2.9855156,22.896774,3.3840868,-6.055561,3.2552886,11.694209,3.1574895,-2.0038333,3.1403043,-8.075563,2.8510056,3.6598792,3.2391794,1592.2002109695936,72.86811023141962,1776.3198410579992,40.46084657610026,0.00038053948,0.00040716687,3454.2055630075406,0.009791215,0.001092568,0.07949241408062645,0.007804878922105839
-350.63123,4.1997457,172.45908,4.8369956,-53.092346,4.113577,65.20825,3.8293314,-33.18642,3.9098759,40.301006,3.6158776,-23.153793,3.7603397,22.779947,3.5624342,-9.463408,3.2854214,7.474034,3.1290646,1.912298,2.9339848,-3.22583,3.079896,8.72906,2.981093,1434.2831017395051,72.56238512554397,1672.728310361025,47.54296785043325,0.000363907,0.000906163,3097.333939058875,0.01015682,0.0008693786,0.06620572614559164,0.008290889473637608
-351.58926,3.7871358,176.77856,3.087313,-52.107452,3.2078655,66.3169,3.0396938,-29.886034,3.1673486,34.53686,3.2400699,-23.936354,2.9711716,16.988075,2.8818293,-7.7830386,2.8874795,5.607439,2.6589968,2.3501985,2.6627557,-5.404865,2.8247085,7.0849724,3.014805,1343.4752776173896,56.563890400794136,1578.5827458701913,30.376914142447163,0.00025233542,0.00016404498,2874.307909476508,0.010466041,0.0006640427,0.06160953813805104,0.007400316988616869
-362.0219,7.746923,180.68648,7.7153254,-43.8564,4.2184753,62.038227,3.6509752,-30.894033,3.6915057,30.830648,3.5892508,-22.91955,3.3558238,20.731968,3.1725626,-4.079517,3.1966248,6.995038,3.262169,0.611637,2.9867196,-8.204656,2.9501426,5.128232,2.9222348,1237.5669421023883,104.45842853866985,1532.144627684464,72.77292523724823,0.00022904205,0.00042928825,2612.1623948665892,0.010607423,0.001826092,0.05476680321925754,0.00830310108114601
-353.18735,3.962755,180.62479,3.2440312,-52.450497,3.1127093,64.62703,3.0556285,-30.407875,2.912427,33.56966,3.0879908,-24.386198,3.1905074,16.342064,3.0399034,-8.1140995,3.0943882,5.7540035,2.8510783,2.2765539,2.7167015,-4.883211,2.7900398,7.692425,2.8010633,1303.0455035404723,58.739477976927795,1540.3473749021864,31.821139555907756,0.00023958775,0.0001897573,2752.7527280307427,0.010464856,0.0008340885,0.061159775594547564,0.007254207792182289
-336.4923,3.7157462,164.26071,3.4649107,-54.861458,3.5474412,71.66345,3.5163422,-40.242386,3.3484523,40.648556,2.9734676,-31.771652,3.2117753,22.134212,2.958604,-13.534728,3.0395508,9.580035,2.98572,-0.23299006,3.0849533,-4.0045247,3.1173983,8.407678,2.8753204,1658.7711068192202,67.2447060030706,1828.942175004039,31.742827682740472,0.00048663488,0.000500373,3669.8873214544665,0.009936201,0.0006644805,0.08223403966067286,0.009297287016931399
-351.956,3.252113,178.32552,3.5315733,-52.63081,3.3942957,65.37134,3.715795,-30.32019,3.16148,33.88477,3.1576784,-23.682043,3.1835694,17.557453,2.940767,-7.567824,3.0740032,6.2792935,2.8903694,2.5163994,2.8588164,-5.2259145,2.8395324,7.3284874,2.7991753,1328.2598501613418,61.30265908309474,1563.0463283778365,31.876973087117268,0.00026337817,0.00042590225,2827.419484574391,0.010613932,0.0008245198,0.05975270990429234,0.007361729733040033
-347.58838,3.5713792,178.4719,3.305258,-53.975437,3.2172112,66.87055,3.2739046,-32.72745,2.8194423,34.54399,3.0225627,-25.1803,2.952303,16.415333,2.8758602,-9.112889,2.8012261,5.820457,3.030883,2.222103,3.0489366,-4.645554,2.8606179,8.35676,3.0505736,1357.0484135076647,61.9741323299588,1578.6435250767356,30.97147552101181,0.00027805552,0.00026079977,2904.1346432714618,0.010534475,0.0007591281,0.06449957402842227,0.007733973973649556
-349.3766,3.7588534,176.01785,3.829663,-52.209362,3.412553,65.599335,3.3551297,-30.451027,3.380193,34.5437,3.13782,-22.096796,3.21733,17.838184,3.073616,-6.9605355,2.877009,6.250694,2.8758647,2.6870043,2.9363992,-4.6129627,2.7957149,7.2927003,2.9291973,1343.544361600286,59.78488800217894,1583.1644887270697,35.85154788442531,0.00029176357,0.0007227585,2896.015976199971,0.010541337,0.00071293465,0.06226548905162413,0.00721734575131319
-336.7545,12.953891,169.36485,6.7909174,-80.24416,5.693635,52.897717,5.3952675,-49.227097,4.196849,23.524435,4.525215,-39.382614,3.5018117,13.042022,3.725383,-13.994272,3.4811335,4.790038,3.4128969,-1.2490284,3.3066025,-9.274216,3.260159,7.8720803,3.4732437,1682.495761782861,87.00631378515418,1567.2019448237922,73.07557683443595,0.00047594178,0.00065878825,3217.7400168575987,0.009439441,0.0015732406,0.10223771026682135,0.008484831248907167
-353.36374,3.6598964,180.84657,3.895909,-51.919296,3.7827697,64.6449,3.6555154,-30.578783,3.3255625,32.7307,3.3597965,-24.659452,3.1916618,16.946424,2.9503524,-8.331209,3.0974207,5.3030086,3.1047194,1.3517338,2.8614726,-6.8569207,2.8548787,5.673487,2.9772549,1306.2247056865403,53.42416355446665,1539.9658635557637,37.89770217392581,0.00028777562,0.0008040971,2757.598947759571,0.010318805,0.0006366408,0.06193581424013921,0.0062473240359766265
-357.60086,4.448186,173.86533,4.0500913,-49.994198,3.8294575,60.980797,3.477433,-29.719923,3.687941,37.953396,3.4752316,-17.983763,3.2119577,19.502958,3.0539486,-9.8908615,3.003882,3.5526004,3.0147662,2.1390848,2.9709845,-0.8557208,2.9113178,11.091616,2.8646796,1349.6920653104235,67.82276739352879,1597.3030560494494,40.02006301730824,0.00028578576,0.0004791154,2876.456233686195,0.009938839,0.0008506477,0.06341538573085846,0.008954335923432201
-351.01892,3.5857093,177.60118,4.0187154,-53.10749,4.1126347,64.396935,3.6699824,-29.885763,3.2920969,34.95322,3.3856566,-22.803442,3.1399744,16.683119,2.8380923,-8.374847,3.0552478,5.70748,3.3414252,3.0183434,3.064777,-4.4725246,3.0509179,7.0610433,2.8114743,1336.2429378778234,59.272693458097976,1567.2907153078145,37.380601002440855,0.00030447153,0.000765647,2839.8098195511893,0.010452453,0.0007912511,0.06207629422853828,0.0076319627018907425
-352.72278,3.903337,181.25932,3.0805776,-52.363407,2.9532356,64.92045,3.0518372,-30.639109,3.1153653,34.10244,3.06934,-25.134413,3.0051825,16.488611,2.9007552,-8.993656,2.6199849,5.5161543,2.6506026,1.7016418,2.974311,-5.850833,2.8481283,7.1168203,2.92205,1299.773242329079,53.55539523126872,1541.626150080466,31.6962124494923,0.00023924837,0.00016774429,2742.6356198339618,0.010527339,0.00070365454,0.061307053001740136,0.00639806018356947
-352.80386,3.585472,179.81685,4.306682,-53.12408,3.8877609,62.99129,4.1600747,-28.998219,3.6566207,34.4894,3.323584,-22.339643,3.1974804,17.151203,3.1175692,-8.596818,3.023007,5.064436,2.937161,1.844986,3.0902615,-6.169207,3.0804906,5.8249326,2.903666,1307.6255964842455,65.57325095988968,1538.3091058126686,41.534476744844696,0.00029733495,0.0009250436,2747.7316447034514,0.010362304,0.00080634386,0.06142827363689095,0.007472955218011072
-350.46066,3.4074686,178.67133,3.4958494,-52.77941,3.1565063,65.051025,3.4358962,-30.570385,3.2662153,33.413265,3.1235838,-24.46044,2.851545,15.942069,3.21223,-8.857299,3.2642326,5.8286347,3.2061625,2.9649105,2.8394346,-4.812902,2.9389935,8.015186,3.049559,1330.8325913890935,57.951119636955056,1558.5524928985653,33.31086576357924,0.00027412266,0.00040158347,2827.1446989196634,0.010472877,0.0007178284,0.06287499093677494,0.006914417904974208
-352.76584,3.9206696,167.55939,3.5139174,-51.591854,3.375703,57.847424,2.9915147,-42.338863,3.3818254,35.632153,3.2118404,-31.868248,3.028547,25.915426,3.4176407,-8.274626,3.3800673,8.680244,3.1835613,-5.1486917,3.1857257,-9.104654,3.1047363,7.2239532,3.0512187,1572.5385644514943,63.14008082132688,1755.934732414894,37.68177227591721,0.0003787757,0.00046770182,3334.174192919809,0.009486463,0.0008218049,0.07974731728538283,0.007562891021038296
-348.79034,3.6010404,159.47792,3.4027705,-44.50531,3.3575113,54.320213,3.2154145,-38.18271,3.2897336,28.528595,3.4524024,-29.831827,3.3008537,21.050505,2.9427645,-4.638379,2.9859252,12.386594,3.2455277,1.2067056,3.0507648,-7.7792645,3.1946895,1.3982285,3.1085753,1578.1531477968563,65.91432458808241,1756.891677210976,40.54147931215375,0.00037007348,0.0007536671,3389.730856202871,0.010231301,0.0015516045,0.07783497679814386,0.006731394289736316
-348.7176,3.4731607,160.2951,4.1303606,-47.6839,3.693934,50.45081,3.6778462,-39.488117,3.3253284,30.034435,3.5146084,-29.182003,3.3069384,22.700134,3.3543434,-7.5377064,3.010151,6.979333,3.2394073,-4.6178718,2.8693707,-7.8787737,3.1332436,8.379613,3.1008506,1608.5342226039083,74.73977712246894,1755.8265213622346,43.638062739937304,0.00039972624,0.00062673347,3378.0899366480567,0.009503824,0.0012034618,0.0847728755800464,0.0068444316247689065
-352.77966,4.1696725,158.80249,4.1359153,-41.60935,3.9902682,54.26351,3.2524362,-37.173676,3.0292106,26.989029,3.415177,-31.989948,3.0935876,17.739777,3.2424598,-9.971638,3.4397802,9.990238,3.0533917,4.053212,2.8451846,0.94697547,3.049212,8.7897005,3.028319,1540.5128979330261,74.14694030384894,1765.2451424307287,51.95345031212995,0.00031526713,0.0008322638,3327.1796489812937,0.010845077,0.0015338977,0.06740320475638051,0.0069273842663415625
-368.04184,4.958884,167.37584,4.584181,-36.920288,3.8034146,61.515915,3.8908603,-21.395216,4.011958,28.392097,4.069202,-19.503195,3.450013,18.934622,3.4175608,-0.66987926,3.4744005,8.358118,3.3904126,4.4777694,3.0980566,-5.0620055,3.486693,7.534242,3.7365177,1262.454997676303,90.56203385550903,1595.143951733035,54.03395263316377,0.00025443107,0.0008629878,2767.241426189095,0.010419417,0.0016520246,0.05038133519431554,0.00961002402538795
-354.24536,3.7814703,164.16487,4.047961,-51.05903,3.6708004,54.17156,3.5036793,-42.19878,3.821059,30.585398,3.4582603,-31.633743,3.2580872,22.850832,3.181472,-8.641837,2.9211535,7.512757,3.131399,-3.0096838,3.0213728,-6.3437657,3.2685459,9.7468405,3.082746,1589.3147075737422,68.13190972388733,1737.6261015561677,41.838336094511945,0.00041441736,0.000986472,3331.026648147477,0.009368668,0.0009552345,0.08111473136600927,0.007219219493638451
-353.7967,3.6818414,164.63281,4.398618,-53.935806,3.8667862,52.269707,3.7300336,-41.22146,3.7234328,32.746643,3.6333158,-29.206888,3.264583,22.357613,3.399433,-11.869333,3.285574,4.300119,3.04145,-1.5378355,3.4182715,-1.1738461,3.1052132,13.025413,3.1134434,1599.8005557237132,71.0658479179895,1722.9656615622077,44.15559019416044,0.0004307102,0.00076957216,3307.8447310941124,0.008947845,0.0010314438,0.0840897349912993,0.008146944706718498
-353.46408,4.3609653,175.10466,3.4375675,-51.282917,3.2321038,59.95219,3.5211117,-31.490128,3.1298282,37.631557,3.2296069,-18.058899,3.117685,19.522339,3.1148584,-9.596088,3.0404642,4.2614727,3.086714,1.9014822,2.9453108,-1.4665211,3.1422124,10.017039,3.1888282,1355.797139223274,65.0339865404305,1592.9952185893687,36.35751088868775,0.0002876391,0.00044072958,2885.399257721868,0.010075503,0.0008117928,0.06207402842227378,0.0074870195280652765
-353.69073,3.7586248,170.84431,3.5941343,-55.218754,3.3750021,55.20424,3.5392916,-44.454693,3.3139539,34.42853,3.4548972,-32.830658,3.1350503,22.009867,3.6440992,-15.405981,3.1285048,3.6443987,3.0267386,-1.9040216,3.1686418,1.1710775,3.2091534,14.503857,3.1460898,1559.8143305003684,55.831064214504686,1708.5314016550685,36.8066915480995,0.00039452955,0.00065763976,3206.248980387181,0.009239357,0.0007290782,0.08192475710556844,0.007523632816490468
-352.06693,3.8517523,175.01534,3.9572277,-56.132107,3.3409283,59.969376,3.1810675,-33.23536,3.225953,41.52086,2.9539738,-18.023546,3.1610909,20.011192,3.0510333,-11.511253,2.8750217,2.9950504,3.0551212,1.7415377,3.0641909,-0.5247844,2.9189737,10.752797,3.2005723,1403.2891873024469,73.51361517829183,1601.914229506762,35.442447811488755,0.0003074956,0.00044452611,2953.3212754676624,0.009933761,0.0008518176,0.06989332584106729,0.008464613859990353
-359.39993,4.1840577,166.33586,3.7881298,-55.76654,3.5527885,54.62394,3.2219892,-43.21616,3.0754595,34.34765,2.9536855,-32.110916,3.2741272,22.606325,3.2237778,-13.383891,2.872216,3.4782236,3.0811212,-2.6266823,3.0930033,-0.98349404,3.2616327,14.623661,3.1261594,1608.4390020636445,68.79357286012599,1731.7149172153836,38.35024751813791,0.00037999047,0.00015714226,3333.6745826384863,0.008670476,0.00082038244,0.08426080336426914,0.007953403928172276
-347.64087,3.5880752,181.39413,3.2465029,-55.56435,2.9980736,67.60228,3.0829015,-35.79075,3.124826,33.844997,3.0703795,-27.551031,2.943228,17.135979,3.0309205,-10.017616,2.7859893,5.2885203,2.8824303,2.2219398,2.8249228,-4.904873,2.8013842,7.188832,3.0096889,1358.62407928715,58.35287041275834,1570.0553704148197,30.907259056784326,0.0002724125,0.00014580016,2878.879343550609,0.010465746,0.00064055045,0.06588851326856149,0.006743893824874811
-344.5046,12.669165,187.19254,7.192587,-75.94356,5.9129195,53.918556,3.9668174,-39.69879,3.705316,32.574585,3.5076096,-30.620852,3.7181828,19.095512,3.365831,-8.526905,3.4453118,8.3943815,4.118237,5.2302446,3.9013884,-5.687441,3.1899333,7.8768964,3.7289324,1441.5773584258798,72.58014046590596,1460.1057747175876,73.54078453348204,0.00035414766,0.0005154132,2744.084489649797,0.009608863,0.0015469411,0.08697637217227379,0.008653324149184571
-341.0456,3.5457351,152.61351,3.8865492,-49.234913,3.6082995,58.19166,3.3223011,-45.242966,3.4599087,31.971292,3.3424969,-32.65138,3.172268,22.09511,3.284093,-2.3564363,3.0231335,5.2856994,3.3059711,-6.325928,3.0065227,-9.3621645,2.9877343,4.331117,3.0969727,1787.4822457428286,82.50534229072233,1858.134769340736,43.02891848336255,0.00050625723,0.0006892352,4036.1516186919953,0.009354485,0.0009924147,0.09405814965197216,0.008586595035775938
-356.22107,3.7116284,170.56094,3.6984618,-43.786076,3.1467464,58.740654,3.236132,-26.175207,3.7355077,34.152367,3.3090465,-16.56248,3.204538,19.159763,3.2368345,-5.83728,3.1156406,4.6526875,3.0547097,2.2939646,2.918258,-3.570625,2.83846,7.6107545,3.0211275,1320.0394435057365,70.03757021657445,1599.149871385884,41.26614054290605,0.00026284784,0.00039517257,2844.8808639066124,0.010188246,0.0010935961,0.05687287014211137,0.008056494520351705
-329.82565,16.707537,145.57347,9.648563,-77.735634,6.925766,84.57042,6.6471624,-46.86224,7.2366896,39.28231,6.4890523,-38.882626,3.9924803,28.533335,4.4971004,-18.625149,4.2451935,11.844786,3.7140021,-0.90715086,3.5674064,-2.3815737,4.025342,6.0525556,3.8473282,2246.1367213062395,251.19697565460868,1928.0288329345835,96.96797947011801,0.0011456398,0.0018693439,4349.357304053075,0.008198132,0.0008810204,0.15531875362529002,0.028468125019453797
-352.64,3.6426919,171.0646,3.487862,-55.465668,3.4858594,54.4014,3.2042792,-42.866688,3.3746486,32.709736,3.3032362,-32.203438,3.0735662,21.396235,3.0507884,-14.905158,3.0157337,3.2408285,3.1916149,-1.1252066,3.365918,0.8492299,3.123747,14.241219,3.2757518,1542.3886471380129,60.775858478684825,1683.5718417020462,35.6578338356634,0.00037963898,0.00042661067,3135.154437354988,0.009169667,0.00069804303,0.0824141712587007,0.007460705515000388
-351.29047,4.236246,164.34613,3.8862023,-48.16811,3.7288663,52.944668,3.3756402,-41.58605,3.493779,30.461771,3.3932817,-30.88356,3.2940912,23.155684,3.403943,-8.439651,3.1625223,8.112714,2.975693,-2.4560437,2.9233172,-5.16671,2.9213011,9.58209,2.7094917,1567.2155163255234,69.9775058549318,1741.207720758859,43.123113963525235,0.00035696136,0.0004305866,3288.235027552204,0.00973696,0.0010212683,0.07895768380220418,0.007578797825763473
-340.93463,7.291894,177.94624,4.909536,-61.874363,5.3811193,68.950554,4.15242,-42.351048,4.021673,33.92914,3.397758,-30.59641,3.4904563,18.7756,3.0472715,-10.008114,3.0898545,6.7468905,3.3155472,-1.5781953,3.2524834,-7.449753,2.7375422,8.365973,3.275365,1495.5170897809403,80.598117912043,1627.8112701343837,45.11080553290584,0.00041775435,0.0013271184,3168.3035795207365,0.010141356,0.0006832253,0.07819523999419954,0.009442355806345351
-352.50867,4.061133,179.47534,3.4694657,-52.389362,2.8747768,68.350464,3.1498466,-31.473381,2.9229178,34.712273,3.2577806,-25.170633,3.2543666,17.652979,3.0212393,-8.824745,2.920089,4.7953267,3.0361056,1.2579049,3.0860963,-6.177675,2.9940114,6.2316914,2.823658,1325.6166340544055,63.09454049824947,1570.16093408294,33.638297225322674,0.0002473006,0.00011530843,2841.4835139936195,0.010501885,0.00079978775,0.061789669736078884,0.006872612657945451
-349.843,3.5571058,177.67108,3.7097383,-54.928883,3.3518765,66.98987,3.250745,-31.928646,3.3201768,36.297653,3.142782,-24.152262,3.0536444,18.282373,3.0207512,-7.6229177,2.9590895,6.1935983,3.019867,1.6385124,3.0194163,-6.210171,2.721331,6.748704,2.802783,1365.929632090006,60.6062998993894,1587.7441800593954,32.22862933766403,0.00029810212,0.0004831381,2916.8497249311195,0.010355948,0.000735538,0.06429791727088167,0.007223699532030558
-341.78958,21.607933,171.85666,5.1348333,-56.80496,6.9160123,61.14369,4.3645115,-37.381603,7.860373,28.70491,3.6064985,-26.786697,3.4951818,15.952955,3.7189317,-9.538081,3.057677,3.9209077,2.947109,-3.477566,3.9830701,-10.040073,3.1695006,4.4518704,2.9935398,1485.9676398238148,91.79614065583954,1611.687206301539,52.961998989188935,0.000426399,0.001353308,3110.148942774797,0.010082247,0.0018413318,0.07705780524941995,0.011086209054015585
-330.15393,18.466242,154.08577,7.3381405,-90.3731,8.05306,71.313995,4.893437,-55.4916,5.4105625,35.6217,5.441491,-44.757603,4.2901516,21.030693,3.7757938,-19.254074,4.450754,3.0023715,3.4643247,-1.675321,3.4809353,-6.973875,3.5834467,6.958094,3.006128,2105.845416760516,165.0376120730085,1776.7943907293466,85.44437490701644,0.0009062616,0.00066028105,4094.306255437935,0.008352414,0.0014953334,0.14490397513051045,0.021042450250273778
-343.93082,4.8745165,168.87036,4.0498395,-55.79288,3.9273589,64.786064,3.8678095,-34.459953,3.8425431,42.8514,3.240554,-23.10869,3.3674364,23.425856,3.3519802,-12.136569,3.191164,6.1035357,2.9958532,1.5987585,2.9692895,-1.6642585,3.1625423,10.305996,3.0142817,1520.899537469947,78.30851618654968,1719.8242275613666,42.55725621000894,0.00041034058,0.0007350988,3281.740093895012,0.009989773,0.00070750405,0.07506389573665893,0.009481809060262317
-345.25748,3.3248882,175.64001,3.815143,-52.844803,3.9155052,64.11748,3.599198,-30.80166,3.325719,33.32472,3.2500896,-22.223213,3.2976987,16.469666,3.2599907,-7.952462,3.1483858,5.5708346,2.9590378,2.6256073,2.93268,-5.408171,3.0173016,6.52245,3.1083581,1371.038767140548,60.28692117447025,1579.3211429161365,35.231377000945194,0.00031711892,0.000703366,2920.9964902660963,0.010447945,0.0008209904,0.0660052022911833,0.007510008967600182
-338.46707,23.87834,164.77498,7.293601,-63.55902,11.882444,63.780083,4.93997,-38.438587,4.688339,27.884624,4.361209,-28.239677,3.836323,16.544258,3.9430888,-9.858801,3.7076519,4.7910485,3.8206527,-0.1924043,3.7823613,-5.8562365,3.4581254,7.4677773,3.127758,1647.2368577528473,93.66987200845564,1657.7113154639162,91.39440092774501,0.00054250314,0.0013794652,3384.7597339037125,0.009188788,0.0026547369,0.09473222701566125,0.012669249497647967
-355.40878,4.0932436,175.47075,4.140647,-56.03911,3.8937051,57.08796,3.5200748,-43.760704,3.435352,34.844902,3.1789293,-32.974575,3.2221482,23.165674,3.2529004,-14.827595,3.6563544,3.8708348,3.6548557,-2.0994115,3.130266,-0.41763625,3.2945862,13.428771,3.4061363,1502.5028158704768,66.62346104826395,1671.9744438512641,39.61941717787617,0.00035143638,0.0005070304,3053.5930589290892,0.009416068,0.00081548386,0.07814652515951276,0.008219923400783473
-352.8825,3.9087129,180.95189,3.1435823,-54.31445,2.970869,64.24396,2.9073975,-30.425713,2.8988583,34.705563,3.1268044,-24.014229,3.1151063,16.971771,3.179691,-8.582826,3.1144292,5.2469344,2.8542283,1.8072335,2.9369478,-6.447492,2.92694,5.6422205,2.946744,1312.4444124223805,56.90324225389121,1538.229598322811,29.972137292357274,0.00024255643,0.00011457791,2758.24844112529,0.010322899,0.0007321243,0.06203324390951276,0.0066638423484567805
-352.8565,3.8864074,165.46146,3.4670672,-52.32116,3.5338476,55.111633,3.775203,-42.378754,3.2654014,33.49845,3.3121974,-31.248505,3.3719656,24.531067,3.310194,-9.270504,3.2265425,8.574533,3.1035817,-3.5018928,3.172642,-7.0884933,3.1212528,8.306215,3.013043,1600.9011158855787,57.936067044267915,1755.8604753478808,39.97595955564246,0.00040467855,0.00050563604,3371.744886075261,0.009134302,0.0008474451,0.08234619707076567,0.006796360957300398
-353.62823,3.7743535,176.84712,3.6720216,-47.15521,3.656035,62.9239,3.4287097,-27.866123,3.617362,30.389744,3.444389,-23.50206,3.3939452,15.311694,3.2505064,-7.136541,3.1903942,5.627896,3.0579615,3.7400985,2.6888773,-3.7574363,2.6815476,8.632936,2.7686412,1292.8090321918573,66.27827208325633,1550.998406366667,36.22221028818272,0.00025816858,0.00044380064,2756.7246297672564,0.0104813855,0.0009472206,0.05937658606438515,0.008075822402180721
-354.5573,3.8341055,182.05264,4.14493,-53.216225,3.9095457,66.75544,3.7431722,-31.83245,3.607101,34.564095,3.4770737,-25.833286,3.0413735,17.097128,3.3484254,-9.154908,2.745061,5.836071,2.9468286,1.7778069,2.7818937,-5.408313,3.032653,7.812451,2.9874082,1302.7159570487531,58.87880185629118,1547.3129931437024,40.44499066954643,0.00028141408,0.00076577987,2762.6949726290604,0.010527011,0.00072590425,0.06015375761310905,0.006819151087251389
-354.229,3.4305334,182.04762,4.154795,-53.39272,3.7208729,66.30054,3.6404018,-31.414923,3.4219098,35.252033,3.093647,-24.531816,3.0497205,17.967754,3.0467608,-9.060298,3.1836467,5.550975,2.9313,2.196878,3.0756862,-5.4411926,3.0690584,7.313976,3.0270324,1298.5756478327414,61.04209176322508,1544.9177343312965,39.81831833610133,0.00027699213,0.00066890375,2753.7519485933876,0.010490087,0.00077984936,0.06120056010730859,0.00770895122522131
-348.574,3.7295332,160.44571,3.3627245,-45.282127,3.2363255,52.737453,3.5227113,-38.668243,3.183479,31.560968,3.2174425,-28.943762,3.256166,22.482092,3.3108528,-5.904683,3.0888386,10.558612,3.1444244,-1.5038626,3.0611997,-8.182396,2.9925716,3.267058,3.0759802,1582.2033286411443,59.38742183422802,1772.7058495184538,40.4943477018132,0.00037917483,0.00058300927,3407.5419627320184,0.009798767,0.0009318051,0.07778512906032482,0.00594425582871638
-366.22208,5.0956125,172.40529,3.6064553,-41.678955,3.3595028,68.608055,3.2886114,-24.648512,3.3282802,34.2204,3.446047,-23.66655,3.352724,19.970156,3.36521,-4.1636767,3.2490706,8.065803,3.2668493,1.9173743,3.0933642,-7.5449724,3.0361753,6.4837847,2.9878109,1279.7245706331594,70.65235634552636,1612.553258533253,45.987967184539535,0.00022289135,0.00026476893,2815.4038573085845,0.010368084,0.00089291896,0.052435288573085846,0.0078030874224278126
-357.46448,33.280594,153.86426,23.95913,-72.3004,9.363025,78.7949,12.032125,-50.552624,10.985313,40.05357,9.68449,-38.279762,6.909305,21.882847,6.6639915,-15.269092,5.909983,8.105168,4.169536,-1.735909,3.4377751,-6.917077,3.0437162,8.017526,3.203115,2088.4892640428106,639.4590654514968,1827.301383420368,191.2291544283095,0.001168758,0.0036554125,4125.93158624565,0.0070433095,0.0020965391,0.14243424630220416,0.07745105181848018
-365.4992,3.7077253,172.64545,3.150959,-45.75184,3.2525587,68.84486,3.177303,-27.206455,2.996954,34.811497,3.3389895,-23.686953,2.9651475,22.146664,3.2048297,-3.438392,2.8518348,9.727328,2.9539804,2.5570223,3.0777085,-6.9061956,2.9208431,6.1920476,2.969404,1314.9206044026619,64.13578475384658,1623.2807768132368,44.114298467620095,0.00021223714,0.0001893809,2884.849686412413,0.010561176,0.0006743317,0.05437255292923434,0.00848114211934042
-347.56696,3.3503067,175.66197,3.68118,-53.579556,3.7208986,65.94172,3.5664444,-31.621159,3.70604,35.00161,3.474497,-23.534636,3.151569,17.453032,3.2475367,-7.845536,3.131644,5.780814,3.0071208,1.372498,3.0230815,-6.0040956,2.9711797,7.4478106,3.0469103,1380.4196479464717,59.775113979877624,1596.3062127889398,32.54249893162023,0.00031307415,0.00057492004,2953.870846777117,0.010355725,0.00075491006,0.06578088747099768,0.007661823464623462
-356.00412,4.004538,164.68883,3.952888,-53.727425,3.4892156,51.566517,3.6065474,-41.99209,3.2534633,30.552202,3.447027,-30.763712,3.466484,21.024416,3.290688,-12.036677,3.0599391,4.847144,3.2416432,0.360113,3.3407164,0.51221126,3.1207674,13.6346655,3.086316,1578.80062203803,63.874257186036296,1703.2787032223414,38.36073256312203,0.00032925094,0.0004196687,3235.6260649289443,0.009681292,0.00076529925,0.07894975348027843,0.0062379201972231225
-354.2794,3.8088474,172.77367,3.566766,-56.131905,3.5040069,55.90081,3.598587,-44.50176,3.171122,35.989086,3.2933064,-32.103806,3.3201456,23.082413,3.3419962,-16.01459,3.1494918,3.8832393,3.105868,-1.304817,3.0284123,0.7658449,3.2215164,14.661023,3.06306,1547.3011009314146,56.167783150197565,1700.8127111402418,36.60079606566587,0.00038570416,0.000522621,3169.3777416255803,0.009154304,0.0006649615,0.0830995776537123,0.006903568127534332
-350.71817,3.8933141,178.87068,3.3223817,-52.639973,3.0792613,66.402626,3.4305186,-31.081358,3.06525,34.26756,2.9925065,-24.573118,3.208377,16.406845,3.2620184,-8.394229,3.148529,6.0945916,3.0522687,2.56957,2.8752902,-5.7846527,2.8956056,6.1171393,2.9900353,1331.846943901584,60.0602595030654,1564.146675933591,33.72220120327437,0.00025210032,0.00019066302,2841.033864740429,0.010523241,0.00078069593,0.062451285165313224,0.007058596945920821
-345.00323,3.8456824,154.83408,3.8324046,-51.693092,3.4453385,65.54805,3.319421,-44.920425,3.4825356,32.540623,3.4274237,-38.742123,3.0968711,22.239618,3.0328357,-7.142071,3.0610988,6.937304,3.3883097,-2.1946964,3.0084052,-8.448128,2.796044,-1.5207705,2.942727,1778.550662585556,76.72876464717774,1875.5312451978855,39.654141132227416,0.00046034658,0.0007622765,4013.4443314058876,0.010017092,0.0009954431,0.08521697360788863,0.009142940858077401
-350.80902,3.5628922,177.47758,3.994037,-53.695972,3.7327368,67.41358,3.7646608,-32.026867,3.7029119,36.157402,3.212607,-23.506393,3.2698662,18.365702,3.0953195,-8.17753,2.9723523,5.851771,2.8934321,2.3346057,2.9751697,-4.707148,2.8902013,7.4939547,2.8206286,1356.1928295466655,58.26174539230239,1591.7028260427217,35.41276496364499,0.0003023949,0.00064036914,2916.949646987384,0.010439625,0.0007549923,0.062337994852088165,0.007811988566866251
-349.40582,3.9886112,159.81628,4.3077416,-49.131115,4.0485454,53.613598,3.9589627,-40.93758,3.836377,30.009678,3.694362,-30.182465,3.366671,23.836952,3.2528648,-6.262511,3.2798078,9.174649,3.4200754,-3.3429992,3.4745982,-12.089985,3.301905,2.9083073,3.917582,1633.4590869854412,72.0545320149198,1768.4070811720337,49.17633007876301,0.0004685339,0.0015068792,3452.7816737057715,0.009479057,0.001057408,0.08475361622679814,0.007369556906347981
-353.01254,3.736476,181.00784,3.9555728,-52.80632,3.2482688,64.750015,3.5707862,-32.289852,3.3922474,32.722706,3.3283603,-26.56747,3.3412955,16.256018,3.0498352,-8.931396,3.0505245,6.0361958,3.0068455,2.561537,2.7471354,-5.341556,2.6744633,8.287184,2.7675931,1318.5566405337581,60.16979390871162,1547.2711831658564,38.55125983566364,0.0002753073,0.0005629192,2777.808183639066,0.010329649,0.000732935,0.0625917651537123,0.0067658143615109126
-349.07788,3.5023346,167.2908,3.4726212,-48.277264,3.5835097,55.53648,3.6293423,-42.19893,3.2414064,33.036846,3.2138038,-30.442852,3.2693586,24.912775,3.16211,-7.0094404,3.1236238,9.220199,3.1401587,-3.862546,2.890801,-9.528487,2.7634053,5.177621,3.0204482,1542.4731399977695,66.36239537350704,1741.8311862949492,39.920145225950485,0.00035689463,0.00043198207,3275.869673089472,0.009919926,0.00084518007,0.07779985680104408,0.0069412106786101
-353.1287,4.507125,164.16853,4.118384,-45.85784,3.5894887,57.954838,3.7727237,-38.132362,3.5122066,31.826248,3.0831878,-30.773968,3.0612032,21.208418,2.911094,-6.004843,3.2850792,12.639243,3.2303364,1.7696519,3.190368,-6.3401155,3.1799283,3.307961,3.0873878,1522.1948548379985,62.3607479698504,1746.4590598009845,43.61269837789874,0.00035116,0.0009033946,3291.207708726073,0.01024503,0.00089133985,0.06798551696635731,0.006666048817126217
-336.24008,21.627756,161.01117,4.706057,-86.405815,10.264137,60.31551,4.299508,-48.730423,4.49819,28.07761,3.7611988,-36.856354,3.3470392,16.319761,3.3872385,-13.26299,3.8039625,3.7762752,3.1684735,-3.72067,3.434365,-8.330546,3.1848164,5.3366084,3.4814777,1851.947210243088,108.58126081129636,1627.2949919284465,47.49821357456437,0.0006457066,0.0010837635,3531.6951176406615,0.0087181255,0.001792625,0.12074255002900232,0.014455881790096005
-349.80502,3.4188757,177.6325,3.2565556,-54.237904,3.4867308,67.05395,3.1492026,-32.03664,3.274154,35.57731,3.0739412,-24.472933,3.0491843,16.92801,3.0899994,-8.638909,3.2668574,5.3327665,2.8846443,1.8611641,3.0591252,-5.164409,2.8548284,7.547328,3.042493,1362.8274648384859,56.7069141876507,1584.5519787979122,31.25602098419025,0.00028111853,0.0002968069,2914.151829411978,0.010368004,0.00070955855,0.06540816234048724,0.007192799756183054
-352.2984,3.6876955,164.9828,3.5017805,-52.279194,2.887405,51.75631,3.0915234,-40.64173,3.0366182,32.7882,3.0544956,-29.157404,3.1350217,21.575941,3.1184103,-12.28304,3.1864247,4.7309995,3.0987976,-0.1891839,3.1461692,1.1689212,3.219995,15.007519,2.9750576,1569.1857635473689,57.127259370353364,1710.2212905948427,37.9427227710935,0.00031780964,0.00029164072,3239.772830263921,0.009942857,0.00082237803,0.0779392038863109,0.006006117555666057
-322.75385,7.778036,151.79173,6.3716516,-86.845955,5.013756,71.82947,4.520694,-56.10467,5.06917,44.881832,4.3713207,-36.698753,4.19746,23.771837,3.8923175,-20.80917,4.0371895,6.0448213,3.117372,-3.0376463,3.2028704,-4.1105046,3.5471892,10.536743,3.3274562,2163.8074708197946,123.9300756611201,1854.3041944820309,62.3136323634281,0.0011511608,0.0028418514,4299.945847230279,0.008461912,0.0006027816,0.14875471287703015,0.014721480534704451
-354.38806,3.5400794,161.35522,3.7162123,-47.793903,3.540479,53.438007,3.2568104,-38.936684,3.2651353,28.379879,3.2195256,-28.214266,3.1418402,21.954025,3.334297,-7.2145147,3.115657,5.6080675,2.9171574,-4.98475,3.3331578,-10.4164095,3.3918054,5.432754,3.1253717,1576.6799085175066,63.42841272735943,1723.3977012082742,40.947769596670014,0.00038369757,0.00061241613,3305.0219330046402,0.0092989355,0.0011979775,0.08244702544953596,0.0071070891762970035
-349.9446,3.4353602,178.50854,4.6282415,-52.41259,4.2536907,66.00678,3.9167976,-30.690477,3.4021933,34.328583,3.5355933,-24.222511,3.427828,16.43281,3.0876567,-8.646777,2.8603044,5.219646,3.0372713,2.006448,2.7219176,-4.997707,2.8391516,7.513629,2.9690173,1334.3760129318237,58.5646010093589,1567.7595831748642,48.6275792758585,0.0003163727,0.0010348496,2845.15564956134,0.010577771,0.00064175297,0.0636668902262181,0.0072348354239595925
-352.8578,4.1198554,175.76564,3.7397988,-52.81516,3.3374095,60.103268,3.2174811,-31.680882,3.4016507,38.624245,3.5687344,-18.988043,3.4974787,18.756723,3.1887524,-10.417804,2.8422027,3.2190218,2.917716,0.5288234,3.1681242,-2.699504,3.1877937,10.001612,3.166665,1366.3213639653723,67.76721119733307,1588.9300779604623,40.300577232647264,0.0002840124,0.00036653885,2885.1244720671402,0.010105039,0.0010000446,0.06450863725348027,0.00871496763375079
-346.86658,3.8199558,158.2708,4.0065227,-44.860344,3.8848145,61.871086,3.6715548,-39.27362,3.3607757,33.25158,3.530673,-29.705389,3.318003,19.573444,3.5232766,-10.303219,3.0256789,13.480741,3.1248512,1.4675052,3.0634637,-2.6206124,3.0727158,7.245855,3.0986738,1633.6220165305438,77.58389028333167,1830.3684028149069,40.99855702623038,0.00038233312,0.0003835,3649.4282804343097,0.010077242,0.0010373452,0.07677118075696056,0.008160743291035744
-354.71838,3.7056675,171.39153,4.106516,-58.622364,3.8393958,57.13809,3.7658424,-45.614895,3.9663212,36.68583,3.5657399,-33.972095,3.4286907,23.281185,3.2739341,-15.924263,3.2765014,4.92674,3.360161,-0.4238907,3.2292166,1.1017014,3.2251124,14.029078,3.111216,1591.766371180154,57.112263691805744,1724.1726066597646,41.21686060979276,0.0004648362,0.0012680583,3275.9196341176043,0.009042087,0.0007141938,0.08432084723027843,0.007163367916215512
-346.62378,3.4814308,165.37805,3.5406892,-45.903378,3.6644506,53.509155,3.797863,-39.22271,3.3235612,29.623613,3.2352629,-28.823933,3.5107284,22.102238,3.1159437,-5.963555,2.9758275,9.381213,2.750053,-3.6104817,2.9918056,-10.83175,3.1077535,3.2552998,3.0370522,1521.2627609993629,61.56118984513448,1717.0095779745761,39.671499654174085,0.00037810983,0.0008288684,3217.3653091466067,0.010024772,0.001008536,0.07588864921693736,0.006908983164004779
-355.24878,3.7944558,176.61465,3.9514666,-55.994896,3.9607646,61.509506,3.661083,-33.804497,3.8576806,41.32309,3.234642,-18.786005,3.1989257,20.65205,3.1579814,-11.823119,3.0496378,3.600292,3.0180032,2.1950877,2.7819254,-0.1491497,3.2159574,10.791848,3.115018,1386.5201029234843,65.79425254904571,1596.4759533929919,34.9321645244772,0.0003067659,0.0005080369,2918.1986726906903,0.009945458,0.0007313334,0.06781671439965198,0.007282851197879626
-350.74008,3.9296224,180.0794,3.349826,-52.09411,3.4081526,63.59547,3.5037086,-30.488482,3.247224,33.783524,3.1969576,-23.623795,2.8917012,16.966064,3.114581,-8.675093,2.7433035,4.8594193,3.0669205,1.7726368,3.1282437,-5.8170595,3.1201477,6.948803,3.1268876,1309.206982136717,55.52538280025132,1545.3366831006629,31.163025036513524,0.00026602385,0.0004848583,2766.591932823376,0.010552687,0.00068393926,0.06153136782192575,0.0071243625708876475
-360.40103,4.4834948,174.64098,5.429976,-47.15585,4.442039,63.849323,3.9839895,-28.571026,4.0482845,33.576897,3.837833,-22.989237,3.9497113,20.417652,3.4513862,-3.9978333,3.105456,10.338803,3.2616758,4.1792135,3.5419345,-6.045465,3.246056,6.5447283,3.6163352,1315.2040123373374,93.09508935352454,1597.6118719592118,78.6842680269777,0.00030215475,0.0011132673,2826.819952236804,0.010210581,0.00091814424,0.06092299883990719,0.016993782928079744
-350.76053,3.7256768,179.16081,3.8985493,-52.102375,3.8963764,63.306824,3.6331265,-30.332111,3.5122757,32.854603,3.199716,-24.13869,2.9702227,15.891829,3.0292292,-8.99467,3.1259737,4.562356,3.0109422,1.9798572,2.9756956,-5.906195,3.0282068,6.5605674,3.1411235,1324.910928748318,59.138881669845254,1547.8688582350433,35.34199401066299,0.00028077554,0.00048496717,2788.7996098281615,0.01033658,0.00070053415,0.06417443082946636,0.007317062543442037
-352.39102,3.3540258,166.50522,4.073275,-53.625996,4.0463805,55.444305,3.8617365,-43.89058,3.6063933,33.319355,3.7613437,-33.40242,3.238467,23.089949,3.3997865,-11.179266,3.135057,6.3947515,2.7749784,-3.599491,3.359815,-3.4074333,3.2579756,14.165183,3.127349,1591.8696030243038,66.1992639319356,1738.9989564007517,41.24547909465223,0.00037721652,0.0008737223,3326.655058185905,0.00996064,0.0008712099,0.08074880365429234,0.006573271309689128
-336.0997,17.756817,144.70282,9.680678,-60.479668,5.861269,79.98316,7.591309,-52.173023,8.065635,38.9601,5.5684223,-33.084347,4.6189203,19.934635,3.899977,-14.258748,3.8646903,9.293179,4.1024733,-5.384362,5.0670185,-4.4226403,4.3332915,10.055965,3.8439867,2099.37730619126,217.68286019021173,1948.7289056093673,97.32429630597437,0.00076436676,0.0007905695,4338.365877863979,0.008362007,0.0014811349,0.14689561883700697,0.03558924204942336
-340.57983,17.50211,175.05795,4.8960323,-61.162895,5.052349,63.889885,4.058738,-37.380585,4.962635,33.078484,4.4840693,-29.67245,4.9299636,15.226277,3.199776,-7.6121054,3.02902,6.2258644,3.1670115,-1.9043934,3.2561176,-7.030369,3.3338566,8.842177,2.8783958,1495.273509231589,107.09044538366814,1605.404255456791,59.70705160623559,0.0003614964,0.00033591618,3120.31601199971,0.010047028,0.0016437152,0.0788058747824826,0.010581371778930222
-356.48932,3.3700826,158.17924,3.9616132,-44.671757,3.7560256,60.31618,3.4631598,-34.926483,3.3442385,32.910034,3.2767646,-32.379635,3.0738354,18.297882,3.1761904,-10.693593,2.9492822,9.28397,3.098096,2.1848667,2.9167893,-0.67986196,3.3455174,9.565781,2.8987355,1564.889173131676,72.0297176946064,1796.623427541147,43.44223556745859,0.0003122996,0.0006520395,3451.7324921149943,0.010748761,0.001215452,0.06382889537412993,0.007342608712047129
-339.5827,8.887984,132.85687,7.9031982,-79.88712,4.1114097,86.32948,4.810297,-61.980984,4.803677,43.277107,5.5551944,-44.20937,4.730287,25.01619,4.677777,-24.767742,4.1196275,14.429067,4.0651083,0.84261185,3.538008,-12.600554,3.444349,13.863949,3.4785519,2603.69728801864,207.392558251041,2033.3277968173059,85.0073800514544,0.0014178738,0.0019979065,5165.120971396462,0.007007993,0.00063793274,0.21318744562064965,0.03644183557509252
-349.7498,3.978875,175.81522,3.4486763,-53.89164,3.3379543,67.515564,3.2785125,-30.973436,3.2527723,35.98359,3.1752172,-23.74697,3.171884,17.873163,3.175824,-7.353886,2.829876,6.948002,2.9277422,2.6849124,2.8261223,-5.5825787,3.057792,6.662573,3.242961,1375.5398028282364,64.97749604457458,1599.108132781779,30.545134136541122,0.00028324814,0.00029431895,2954.245554488109,0.0103595825,0.00077563006,0.06506829140081206,0.007542556300074483
-353.99408,3.6507325,178.40907,3.6452918,-49.847775,3.7167592,64.548706,3.8957968,-29.820072,3.4663315,32.221107,3.2413113,-23.9035,3.3470547,17.545095,3.285518,-5.9093165,3.003498,7.1260242,3.0331216,3.4691794,3.1246881,-5.185961,2.9469433,7.2762623,3.0319366,1301.25233717487,55.64243431676038,1556.3495069237285,36.38164216274883,0.0002614052,0.00052659854,2778.507638032918,0.01057065,0.00072338234,0.05845666872099768,0.007151337753555279
-351.266,4.1512256,174.85887,4.020635,-48.699226,3.6587384,63.035355,3.4310877,-27.390314,3.5759926,32.81574,3.5047455,-21.798752,3.3738883,15.531637,2.9574676,-7.063441,2.9447744,5.6950674,3.0012016,2.8850198,2.9561203,-4.8909893,3.022824,7.3315644,2.911595,1320.405200380343,65.06620854277679,1570.1018576394927,39.34184992207759,0.0002917982,0.00085863215,2830.567029346723,0.010518874,0.0008641459,0.06082103755800464,0.008081128040065985
-350.53342,3.6722133,179.62704,3.1088297,-53.757694,2.9486446,65.80094,2.944832,-31.638935,3.1907647,34.089092,3.0636349,-25.15674,2.97553,15.53794,3.053153,-10.301069,2.9234664,4.9053154,2.8577046,3.0062428,2.8961105,-3.3206444,2.723255,8.878737,3.136281,1336.8672365238317,56.33198663791971,1557.9936260591069,29.337242127915992,0.00025810962,0.00022622758,2835.463210103683,0.010486972,0.0006881154,0.06369634570765662,0.006009113862471997
-338.2084,6.010493,151.28903,4.6031837,-48.02331,4.6957064,63.29402,4.2164907,-39.213684,3.4365566,32.399742,3.2806144,-35.905067,3.6374068,21.684835,3.0998201,-14.334288,3.4956486,0.52951247,2.9818583,3.580273,3.272805,-3.2457216,3.117385,4.905578,2.9251242,1803.6787340463725,90.24265527257825,1900.92205073033,50.866695752698135,0.00055126153,0.0012165526,4061.9065286941704,0.009772367,0.001079626,0.08860435397331787,0.011721985840437977
-350.5042,4.102452,159.80779,4.0311446,-47.04237,3.2124572,54.1431,3.219405,-39.346764,3.3625941,31.420101,3.1331935,-32.73246,3.2256515,22.05763,3.3931804,-6.98644,3.4477744,12.287352,3.1587026,0.70592034,2.8523116,-6.6861315,2.9323978,3.7022257,3.166891,1629.2844437747938,68.63339500704471,1797.2362116553113,43.66596600480926,0.00043385467,0.0008833662,3501.168929451856,0.009442909,0.0011335892,0.08203125,0.006353884162014042
-353.73483,3.791652,178.44339,3.992083,-49.075718,3.775962,63.813583,3.4524856,-28.414675,3.2609317,32.692856,3.179408,-23.082584,3.1294973,15.749239,2.9997628,-8.476951,3.1234226,4.729059,2.9128067,2.7035217,2.8988898,-4.8042603,3.020064,7.558084,2.9947312,1293.876448349655,55.91942195097755,1547.813031009592,38.95908296139429,0.000269399,0.0006200392,2755.500584578016,0.010471161,0.00067194336,0.05899819641821346,0.0072230808418161365
-355.23578,3.3466928,167.75089,4.4341345,-39.99865,3.398296,60.056156,2.9776022,-23.559145,3.1409543,30.963385,3.4608457,-19.725565,3.456198,16.010233,3.2217646,-5.5441923,2.6540768,7.5898376,2.9182837,3.9962037,2.9979012,-4.231065,3.0351043,8.04255,2.9697897,1328.4197534112916,101.85434641073407,1620.0185358468239,80.35828277748841,0.00027154456,0.0005476769,2907.75681781105,0.010257867,0.0010410787,0.06077572143271462,0.020470167279046984
-351.71304,3.61309,179.98965,3.7118096,-53.67423,3.4814239,67.58554,3.6233077,-32.222347,3.4252431,34.560036,3.052757,-24.329805,2.9750726,17.432556,3.0818565,-8.461915,2.9592347,5.204352,2.9526322,1.0204561,2.8868976,-6.071127,3.3018968,6.6842895,2.8245888,1333.9671437711147,57.58079979446396,1563.1636528944678,33.49993492676032,0.000277896,0.00045726658,2851.725524760731,0.010475871,0.00069588696,0.06247734193735499,0.0070656608063622605
-326.3779,10.814597,166.17146,4.224367,-76.345795,4.2826905,57.62857,4.2868137,-50.54943,4.3572707,39.286312,3.719653,-31.17723,3.5703673,21.294985,3.5248604,-14.1923065,3.3671865,8.097547,3.3265462,-3.0755107,3.1439269,-6.0256834,3.4692585,10.51381,3.1200697,1791.3853392140038,69.2338615660541,1716.7611594268594,44.59508111769336,0.00062143017,0.00073927717,3623.198740664878,0.0093863,0.0010535367,0.10932515226218098,0.008623403691068574
-360.63034,4.394015,158.12614,3.8764672,-43.71238,3.3129303,60.627853,3.2456996,-36.13742,3.3816812,32.451324,3.3117023,-31.849657,3.1954112,18.660957,3.0112627,-11.018965,2.9712145,8.9251,3.0184917,2.9558167,3.2976487,-0.28503272,3.1351426,9.615694,3.0445912,1557.0911396933798,69.77920217266337,1800.4377286581116,43.85146827037015,0.00028870854,0.00053053134,3459.251626848898,0.010720977,0.0011425741,0.06068848789153132,0.006602655288179661
-362.61057,4.8668666,165.01874,4.7657595,-37.808334,3.730567,63.815365,4.0537057,-23.328112,4.0168347,30.006084,3.641776,-22.866274,3.5733197,18.443205,3.621483,-3.212962,3.8150709,8.670954,3.613403,2.9675653,2.9275439,-4.44846,3.2252328,8.490945,3.4242778,1329.0621258071494,103.0257943106968,1654.9865291832575,69.74128959597951,0.00023052438,0.0003067459,2942.05506362384,0.01094094,0.002267386,0.04767029799883991,0.013626455172424069
-340.08832,3.783872,155.85738,3.6614943,-47.702263,3.2733104,54.259045,3.6319983,-41.076195,3.5789266,28.287413,3.5249307,-31.900595,3.2360618,24.681452,3.1445405,-4.014339,3.0302634,5.1301975,2.975432,-2.4544137,3.0982924,-5.636875,3.1917918,-1.053372,3.317788,1705.3831741390277,67.18675860143149,1819.7745705583986,39.87174844920853,0.0004870799,0.0008818887,3722.6711476761893,0.009528403,0.0012268311,0.08961943517981438,0.007948017873939383
-359.15756,7.069288,168.51302,7.302761,-39.51459,6.187718,62.579662,3.8699877,-22.9707,3.3074543,25.325943,3.6583269,-24.095654,4.1012707,15.584505,3.2608616,-3.7695265,3.1598547,4.157591,3.314261,1.9304808,3.1920323,-4.327036,3.4424326,7.3408794,3.265941,1305.8125057211892,147.98840524593766,1580.0396732630873,66.50154533742489,0.00026603893,0.00042552358,2791.8222520301624,0.010570632,0.0026672168,0.05937885187064965,0.015680144696140475
-363.24652,4.7186594,171.90143,3.5218368,-43.0713,3.1328247,67.71688,3.0831194,-25.939045,2.9841073,33.701878,3.3166864,-23.81602,3.3863575,20.328928,3.2653496,-3.5358524,2.8601158,8.562572,2.9068625,2.05287,2.9636981,-7.7369547,3.0110545,6.1844563,2.9146168,1305.4802083178495,70.23197437380185,1619.1028608225145,44.75172756252801,0.00022414926,0.00019421846,2864.340684364124,0.010345723,0.00083910255,0.05565839798433875,0.008133693797947174
-350.7626,3.3785121,159.25633,4.1893754,-41.796387,3.6517954,68.66212,3.2474337,-40.224216,3.9227405,44.554688,3.2633276,-33.68465,2.9045422,25.270023,3.4578512,-15.049889,3.135734,9.131742,2.9732628,-2.0892947,2.9576,-1.5363243,2.8382409,8.464432,2.9358275,1693.7424886790732,80.23466827797392,1974.0441547334376,41.81869513305033,0.00046751424,0.0010337443,4032.5794051805397,0.009773302,0.0008666085,0.07641091756090487,0.009356804647085085
-348.1053,3.7515218,176.98274,3.7514129,-54.475067,3.5590725,67.22151,3.2739835,-32.470722,3.6466231,35.38035,3.3063614,-24.197836,3.0688808,17.971441,3.197796,-7.9109483,2.944169,6.338999,2.9954154,1.489906,3.0340269,-5.913047,3.0188398,6.979624,2.9064333,1371.6838361917983,59.0368512323228,1593.3215823237938,34.18204009301329,0.00029551986,0.0004331436,2940.681135350203,0.010437688,0.00066024036,0.06449164370649652,0.00684318900281361
-349.13303,3.9288654,165.78587,3.5518806,-48.31505,3.3014662,52.515553,3.2080073,-42.42415,3.294605,30.460503,2.9002755,-30.65764,3.28468,23.678064,3.3865232,-6.110687,2.99449,9.272997,2.7996783,-2.7756875,2.799505,-8.481879,3.3380454,6.3435335,3.0794914,1559.9031992746645,63.57199052345594,1733.9417597615484,40.45162540136743,0.00038144607,0.00058297825,3282.6893534295245,0.009618606,0.0009480564,0.07934060506090487,0.007235568941320646
-356.53033,4.149364,174.0905,3.941843,-50.781948,3.4566262,61.938595,3.314947,-30.000652,3.3777008,38.14224,3.144114,-18.377085,3.5159013,21.033714,3.060414,-7.983431,3.0400078,5.105571,3.2587192,2.7140434,3.2965572,-1.2569745,3.2651105,10.408717,3.008849,1352.227281591158,80.4170541597023,1604.158110744444,37.464423068024544,0.00026859815,0.00026039712,2892.4937237166473,0.010131384,0.0011405642,0.060247788573085846,0.008758745723681365
-324.3688,13.663565,155.23453,4.916196,-75.42232,9.1844015,64.61587,4.453338,-47.599262,4.064897,32.84812,3.5215847,-38.905544,4.824059,22.467651,3.5897546,-12.93528,3.0533817,5.991625,3.3547184,-3.7589667,3.9085739,-10.141563,3.564741,5.3074975,3.7620609,1953.8057529896143,130.08081475038097,1792.2716021314914,69.13618370324797,0.00072480197,0.00032508804,3942.624574028422,0.008997304,0.0010889968,0.12446413681844548,0.018793415264309304
-331.52185,4.2591343,162.55849,4.1749854,-55.42239,3.465689,66.315155,3.5318918,-37.514244,3.4152179,35.10475,3.6236212,-25.161173,3.5899312,16.56479,3.1711674,-8.673838,3.1447823,7.66872,3.0966873,-1.7903689,3.3654962,-8.638907,3.266663,10.122472,3.1208549,1623.7206786887716,84.12575715722568,1735.1815911608062,47.253432163773546,0.00045053536,0.0006762859,3540.238453451276,0.010317824,0.0010510334,0.08304859701276102,0.010099203701195398
-352.4304,3.487968,181.41684,4.0849633,-53.76633,3.3889952,64.874916,3.475428,-32.399853,3.3331707,33.419827,2.9712896,-25.03633,3.371949,18.135672,3.2291696,-8.195481,3.1606758,5.6365414,3.179733,1.5044781,3.1520312,-5.5011535,2.9872344,8.171502,2.7570877,1320.3625225275175,55.33957660938661,1546.0362381094985,36.727955699885875,0.00028423665,0.0006040924,2784.153234211862,0.010368744,0.0007161472,0.062020781975058004,0.006566998456837005
-334.92688,22.102554,169.87863,5.4462605,-68.63307,6.3638115,64.45856,6.1227484,-46.434166,6.249924,34.116196,4.248194,-33.272083,4.471819,18.316332,4.182523,-12.764178,4.8899975,3.0560758,4.1629577,-2.6741128,4.219472,-6.6965065,3.7210124,9.247024,3.2812676,1674.4326211736065,102.54495701407778,1685.9490432298658,70.56791996299846,0.0005398279,0.0013606133,3465.446794337297,0.00970017,0.0017670788,0.09270886202146171,0.012178322846199205
-339.16727,3.4914258,168.83472,3.240919,-53.412876,2.9590757,72.60965,3.2054458,-39.057133,2.9940565,38.814594,3.0763237,-29.120409,2.962884,17.024126,2.8111548,-11.523683,2.8946664,8.218283,3.1376193,0.85609615,2.719538,-5.7031703,3.1274593,6.484486,3.1919816,1550.7175389583567,61.83085662070716,1739.071216051504,31.933643026951565,0.00037632894,0.00029094343,3460.625555122535,0.010415159,0.000611446,0.07448158352668213,0.007099481541604798
-348.61868,4.0986257,161.6217,3.5066898,-49.753345,3.5737915,53.717575,3.629258,-41.21949,3.2809267,30.599596,3.329052,-32.684757,3.3553336,22.26151,3.704127,-6.691544,3.2839198,11.282958,3.0742056,-1.8578444,3.2563086,-8.2955,3.4265835,4.765444,3.1738977,1622.5767758691352,68.2665423520942,1770.2599315574396,43.895865577210806,0.000412072,0.00058350636,3444.638026120215,0.009488347,0.0010857923,0.08312223571635731,0.006988999984450739
-356.36206,4.3093576,164.42522,3.8710186,-50.19873,3.33842,53.36775,3.4363394,-41.475285,3.4243317,29.63027,3.4040506,-31.81604,3.6208317,22.410622,3.282529,-8.971262,2.9270964,7.249277,3.0251486,-3.5736217,3.1393187,-6.56701,3.0283327,9.432166,2.9186893,1575.7184742980196,67.88427173972624,1725.0299987289682,43.72190204035656,0.00038564234,0.0007199271,3274.7205694424306,0.009339892,0.0011087299,0.08186471323955917,0.006603581671022792
-339.66013,10.964277,172.55586,6.2098656,-56.88372,4.4060626,61.87869,4.3031774,-33.555508,4.316203,31.024536,3.9882708,-28.664846,4.0586424,15.445727,3.7980237,-9.155501,3.9114947,5.436126,3.5676935,0.9227737,3.112739,-4.5924196,3.072581,8.703427,3.2863648,1470.3387355541,95.5510605962732,1609.626437213469,70.05862084168642,0.00038707498,0.0008946918,3042.17696400087,0.010324824,0.0014736897,0.07501631380510441,0.009662841830323706
-332.8982,7.8442073,163.48517,3.7842467,-73.34314,5.828114,77.500916,4.6406727,-44.700047,3.935098,37.253864,3.6869032,-32.249466,3.9624567,19.779636,3.5364852,-17.052153,3.3916073,14.235404,4.420776,-0.0065495963,3.5389204,-8.846624,3.7223167,6.981382,3.7711933,1827.584516254269,85.00393898359653,1755.809300531261,35.95559597274884,0.00065441296,0.00084470253,3676.357274597593,0.009128202,0.00060021976,0.1123114849187935,0.013120354402987798
-350.40836,4.3397017,170.09299,4.104436,-51.807648,3.5801983,62.116615,3.2600882,-31.801033,3.2483432,40.783825,3.1812541,-20.063732,2.982378,22.75224,3.2743964,-9.45209,3.1239257,6.847601,3.187484,2.7593303,2.9733799,-0.7376185,3.0047517,10.939857,3.2096972,1436.2912182222697,77.2903294285319,1675.9731939144613,48.578824558528545,0.0003052208,0.00022001803,3104.4284050536544,0.01011592,0.0008611414,0.06656825514791183,0.008670936251053632
-354.1289,3.7109723,171.55833,4.1939216,-56.278484,3.820045,55.279087,3.7865448,-45.064014,3.6803944,34.6855,3.3473184,-32.931984,3.1479201,21.857876,3.1170096,-16.023617,2.9283879,2.6292052,3.1400154,-2.4070666,2.9569666,-0.39787787,2.9352963,14.419108,3.2585635,1564.2119016375175,65.21020006502862,1705.4486071142107,41.223894846515954,0.00041306252,0.00089887175,3214.042900775812,0.0091023715,0.00072878576,0.0826203596287703,0.008000516520279836
-343.19742,7.8139977,158.9544,5.7551312,-54.963455,4.4412456,60.855026,3.8755457,-33.32196,3.8392196,34.429905,3.515405,-22.233288,4.5752487,18.55582,3.5480416,-6.664078,3.3502188,7.628309,3.5058398,2.3065727,3.4132795,-1.450215,3.2181666,11.039471,3.0579019,1609.2055261410262,132.82815342582913,1732.83814354325,66.08309209980527,0.00040629492,0.0005465513,3483.1080177820477,0.010215152,0.0018850684,0.07052661869199536,0.020245733636302405
-343.40714,4.22667,147.62573,3.8204923,-46.462234,3.53225,62.461452,3.5083704,-37.077873,3.69644,26.070843,3.4457078,-32.84801,3.03912,23.228468,3.1728883,-7.6918006,3.1823883,6.9678054,3.47958,7.0803194,3.292299,-5.92023,2.9184625,-2.4254544,2.7947404,1785.7701226862448,69.45368962914058,1869.804987349871,37.06380791949782,0.0005003317,0.0011244791,3913.072625888196,0.009576593,0.0010835389,0.08649828705046404,0.006979145452342924
-349.43735,4.1487966,167.47993,3.3312886,-54.928436,3.2194562,55.136196,2.9190488,-42.021202,3.0705795,39.468006,3.3887463,-28.875566,3.503356,24.203197,3.416142,-14.115767,3.278384,3.9692614,3.352821,-1.40698,3.3273108,0.74099994,3.0645516,14.345337,3.1927612,1597.1781947200634,61.515154118209026,1749.337665203436,38.15408105770351,0.00038640774,0.00023261002,3357.6059151138343,0.009327528,0.00077183795,0.08379291437064965,0.007476104423556294
-347.6638,3.7862475,176.10582,3.44011,-53.328617,3.0216198,66.70573,3.1459954,-31.528732,2.8956168,34.6342,2.9753373,-23.774113,2.9694996,17.5395,3.0489652,-7.6756883,2.7646391,5.710602,3.0665128,2.0996819,2.9528,-5.330878,2.882284,6.8174224,2.97504,1367.4184897419746,60.02726719969162,1591.4837446892964,32.43241637050596,0.00028526777,0.0004157169,2934.0113380945477,0.010505665,0.0007712698,0.06513739849187936,0.007220410022146043
-368.08658,4.39057,173.42345,3.8178656,-43.383583,3.7361927,69.1572,3.4245756,-26.782047,3.3866022,33.77741,3.2256947,-23.814362,3.187876,21.558388,3.4155853,-3.7950075,2.8863285,8.743454,3.159534,2.5693371,2.9780066,-6.723224,2.8898156,6.5983157,3.1758687,1285.144032984284,74.04419132468954,1612.3498344961122,49.958033943761194,0.00022583145,0.00035555538,2828.593568735499,0.01034106,0.000813201,0.052947360788863106,0.007576331010719859
-352.45953,4.4792156,152.09256,3.413108,-39.10007,3.2203193,55.51869,3.262146,-31.874681,3.4306715,29.35372,3.1250432,-28.707512,2.9770262,16.70335,3.0816004,-9.455568,3.133509,8.156652,3.071888,3.4650366,3.1514227,0.5482763,3.1649923,9.844221,2.7882154,1577.8251133871922,70.58754092939827,1808.13415544721,42.10078565639795,0.0002832235,0.00035529103,3499.370332439095,0.010944291,0.0016113231,0.06400449535962877,0.006613513169733129
-356.25702,3.7997444,175.22174,3.9137342,-49.74585,3.720077,60.79082,3.5482745,-29.676304,3.487676,37.906612,3.302466,-17.181585,3.4389868,21.11211,3.2785685,-8.37462,3.1183558,3.9077585,3.2204287,1.9450699,3.032694,-1.8016175,3.259746,10.187546,2.9377825,1327.1021395878768,70.57951258299012,1585.9424061708507,39.025594981216386,0.00026566134,0.00037476548,2830.7169124311195,0.010234832,0.00095345534,0.06127080010150812,0.008310658936121915
-351.44476,3.6791575,168.20735,4.1681504,-53.327854,3.6396124,52.944115,3.722015,-40.52802,3.3138263,33.21743,3.3530664,-27.608702,3.2088566,23.9047,3.328665,-11.268445,3.4506507,4.724376,2.9141836,-0.9376048,2.847172,-0.1415884,3.0062199,13.670827,3.3470821,1533.6727899274078,63.81951887503031,1688.9443193701668,41.40631601271778,0.0003710045,0.00076327793,3144.871857326711,0.009752152,0.0009980745,0.07937345925174014,0.006320292443652266
-362.165,4.2468004,164.62703,4.501723,-35.887005,3.7984776,59.667408,3.63425,-20.136734,3.301581,27.368238,3.6866076,-18.861338,3.5222604,17.458473,3.6135993,-0.12787923,3.2298124,8.220873,3.1272192,4.2524176,3.2942064,-5.058358,3.3182735,7.988064,3.2308376,1286.6345601680953,94.47206064997485,1606.449270928668,52.92706913202225,0.00026389232,0.00076055404,2818.651324137181,0.010451063,0.0017346838,0.051975329901392114,0.011357265358860532
-354.4172,3.9154384,177.41733,3.527171,-47.511436,3.6024404,65.051895,3.1814876,-26.609154,3.421817,32.753143,2.9564707,-23.006508,3.0230403,16.735657,3.2886753,-6.016937,3.0322583,6.448245,3.172077,2.4983592,2.9087255,-5.6731973,3.0517879,6.7035103,2.9926596,1282.2280212889966,63.379851261337535,1552.7335356645126,34.756042837931226,0.00023728215,0.0002970421,2742.4357757214325,0.010640866,0.00091073965,0.05704393851508121,0.006974366444577596
-351.35114,4.250523,174.4916,3.3996193,-47.722397,3.0345507,63.046364,2.9271846,-26.376925,2.999655,31.49283,3.1958857,-21.527914,3.0156636,16.530018,3.1490948,-5.671243,2.8889546,6.304204,3.0903335,2.8634763,3.1461937,-5.096265,2.9179711,7.6654887,3.089018,1310.3080482449434,65.18421611303678,1564.6934664922974,32.5139020852318,0.00023588803,0.00016288453,2809.2336703342517,0.010638036,0.001002472,0.05955331895301624,0.007985493529581434
-349.43253,3.61006,162.24387,4.0452275,-47.300743,3.2990124,53.273464,3.2719986,-40.294167,3.4810338,31.448664,3.416551,-30.355253,2.9818337,23.847187,3.2057552,-8.023208,3.0200374,7.666001,3.062608,-3.8874516,3.27157,-6.947875,3.3751905,8.621365,3.219019,1594.498481920231,73.36971880774607,1767.4873885979255,45.121867252583634,0.0004072829,0.0009152754,3379.0641766966355,0.009755305,0.0011512323,0.08168118293213457,0.007103467784574153
-322.80862,5.6720963,162.21635,7.397947,-72.8363,4.424806,60.205994,4.3148203,-44.136356,3.874797,36.467934,3.8393488,-28.25499,3.2928722,17.597555,3.3824716,-16.092018,3.5173635,6.275448,3.920294,-3.4414108,3.5366879,-7.135928,3.6124716,9.461711,3.6140645,1788.0172987050162,122.07306463994858,1711.8994228813663,72.63780296244259,0.00070118974,0.0016170872,3593.6967535527842,0.00938933,0.0010939275,0.11048297926334107,0.012121395613227127
-346.10663,3.6224015,160.22383,3.7884412,-50.97132,3.4233239,56.922607,3.6898975,-41.066216,3.3145797,29.851576,3.4563823,-30.105835,3.410664,25.012838,3.1359582,-6.6496706,3.1576204,4.2975264,3.2137306,-2.7042718,3.3154929,-7.3001175,3.19429,4.09176,3.0584874,1647.2291440877912,62.81872426893538,1766.095989146722,40.459733481033666,0.00043744192,0.0007404037,3493.375009063225,0.009373817,0.00083994225,0.08598281612529002,0.007088922437928544
-353.33765,4.005549,180.52556,3.7397263,-53.257217,3.4882934,64.09923,3.4369624,-31.098732,3.297645,34.332855,3.264097,-23.258305,3.1071477,17.942587,3.1113117,-7.859683,3.0169294,5.441722,2.7611084,1.9493312,2.9048505,-5.4139576,3.000387,7.455253,2.848321,1312.5911412093214,62.18770782215409,1545.7730268494738,33.66379613504852,0.00027305243,0.00047805175,2771.2882694678074,0.010355824,0.000853987,0.06143280524941996,0.0077936835681635145
-342.66443,25.601025,167.14142,12.935567,-56.13339,9.954878,66.734344,6.6587625,-33.511063,6.4518914,35.83929,5.9998317,-25.435425,4.299284,20.06487,5.9123363,-9.614124,3.575537,6.2084055,3.125033,1.2372626,3.7347322,-6.0832453,3.135792,7.9647584,4.065927,1559.8228014724375,324.4338077751553,1677.2352263737125,145.07024336230862,0.00043075677,0.0005893907,3276.244380800464,0.00974237,0.0011697958,0.08263961898201856,0.030921679947935123
-351.07742,3.9781444,165.48744,4.0226917,-53.283417,3.8377104,50.69163,3.551973,-42.34704,3.2183416,32.49668,3.059364,-29.81477,3.1535037,22.315931,3.0117662,-12.290188,3.0998204,4.824963,2.8425179,-0.07213764,3.1413586,0.54815656,3.1937132,13.849881,3.1292899,1581.855379899264,65.20912477337009,1716.8772253466768,37.02390900191913,0.00036696484,0.0007118239,3250.1897046294953,0.009769284,0.00080233667,0.08139115973027843,0.007077287849928654
-355.5066,3.5333178,175.93312,3.4235637,-51.47689,3.2361095,63.09066,3.2495263,-31.59762,3.1301143,39.441307,3.3234828,-19.454453,3.0724998,20.953709,3.191243,-8.81584,3.060742,5.3250647,2.874516,1.8743391,2.7957332,-2.61362,2.8776288,9.981909,2.9247618,1348.5019722965974,67.96989896706474,1605.632025027937,33.938922489753324,0.00027048017,0.0003322597,2895.8910736296402,0.010168093,0.0008442833,0.0617273600638051,0.008642604878948626
-352.97577,4.123014,172.89287,3.660473,-59.678844,3.5838978,58.431446,3.5585651,-46.743244,3.3177116,36.959423,3.4340267,-33.044437,2.983927,23.953592,3.107139,-15.540123,3.0255175,3.4938602,3.193176,-1.47794,3.4230855,-0.42980498,2.948319,13.863522,3.0334065,1586.1479318517745,60.40514327954403,1710.083227058756,41.10859143404258,0.00041677512,0.00052069634,3267.850928074246,0.009054219,0.0006783099,0.08602360063805105,0.007350665776555406
-354.1165,3.99683,171.61739,3.4466164,-58.118515,3.1010904,57.63202,3.1514447,-45.053413,3.1378741,34.8785,3.4646423,-33.77335,3.2449472,23.131437,3.0605726,-15.179027,3.1399717,4.6251497,3.1021028,-0.92776424,3.2247236,0.29200062,2.9437864,14.152271,3.2523665,1574.5848473233204,58.284957159851714,1710.2157994821775,39.33508291731043,0.00037296815,0.00020609169,3234.2271561412413,0.009127431,0.00065688643,0.08240963964617169,0.007073332941857167
-351.73764,3.8176687,167.74666,3.443673,-54.169827,2.8959477,55.26054,2.898962,-42.523964,3.137852,33.979008,2.6440525,-33.631916,3.1656117,23.915314,3.298156,-11.925419,3.027151,5.6006336,2.9566932,-5.3781986,2.9648206,-4.675966,3.1770854,13.1458025,3.0855947,1591.0240473538133,61.0131205422475,1740.5207449086688,35.35701495222859,0.0003742281,0.00022598034,3296.9282464472158,0.009336599,0.0008153207,0.0826203596287703,0.006955092830842771
-352.94986,3.3638327,180.42198,3.3137362,-53.426964,3.3275065,66.81417,3.1863368,-31.943531,3.208151,34.78253,3.429602,-25.870476,3.1340356,15.970044,3.0214272,-9.778974,2.9763718,5.4546013,3.046825,2.8010447,2.9085305,-4.30709,2.742514,7.878936,2.851741,1325.5303402414977,55.46397317437989,1558.8887882479385,30.44569577608179,0.00025992712,0.00035156953,2815.8285260477087,0.01048402,0.00063351647,0.061196028494779585,0.007073882175351631
-342.16315,13.695079,169.2305,8.243734,-51.486748,6.63366,62.551968,4.575797,-31.39148,6.615997,31.672054,4.668958,-24.667063,4.238138,18.015947,3.5260954,-3.1783428,3.4265995,7.995788,3.3132908,2.0464249,4.1682334,-3.220727,3.1764336,8.84792,3.3533502,1454.9151552917717,187.6343457742189,1635.0755954756025,108.20844458423198,0.00046104725,0.002079197,3124.6626214472158,0.010221907,0.0012111027,0.07364210230568445,0.017560743399623515
-355.1082,4.1008086,170.35349,4.4225693,-53.970863,4.244968,56.208546,3.583181,-42.474316,3.6497097,35.213676,3.585533,-31.279566,3.1224093,25.269785,3.3307705,-11.065064,3.0470214,5.8150444,2.9698808,-4.0355816,3.042196,-4.2043657,3.156565,12.605468,3.044713,1545.7787650771195,70.80977281094319,1716.6624744682472,45.602328187758985,0.00040823864,0.0009677043,3196.5565409295245,0.009360163,0.0010027925,0.08114078813805105,0.0074592842349894065
-334.3121,3.8602853,153.14842,3.979633,-54.77273,3.5469449,61.002766,3.7176993,-47.15238,3.4316459,34.399788,3.6756895,-34.746243,3.0568192,27.149887,3.2752545,-7.035385,3.269832,3.8285375,3.0053203,-1.6208793,3.057148,-6.1617227,3.392889,-0.17963181,2.8174403,1871.0145527937664,77.5998177472155,1899.9933917501257,40.914504431533835,0.00062887877,0.0013800646,4207.642847755946,0.009432403,0.00090823905,0.10124075551044083,0.009288661796342353
-367.1907,4.782169,168.74844,4.6678643,-39.08476,3.8856995,62.838284,4.15189,-23.034151,3.9402583,29.731771,3.9528084,-20.528282,3.6540546,19.284866,3.5773962,-1.3196698,3.2504416,8.741556,3.3122935,4.3078485,3.290823,-4.7798705,3.8358796,8.251853,3.2964318,1273.6823603401015,93.58404468011757,1598.6996977679596,49.798793366326514,0.000218795,0.00021548828,2788.6247462296983,0.010354365,0.0017452405,0.05140887833526682,0.010496417157235635
-347.24472,4.0190563,166.66838,3.9192886,-53.004242,3.2447813,64.18491,3.236286,-32.976612,3.8464475,41.421974,3.0996668,-22.255161,3.1700945,23.292377,2.9923794,-10.831958,3.1145358,7.286141,3.275499,2.872064,3.1926024,-0.6074475,3.1230779,11.431188,2.9493163,1509.6479399787584,76.27133882716073,1730.0134233699068,45.78877088590018,0.00036833598,0.0005432039,3291.2326892401393,0.010052375,0.00076760614,0.06944469620069606,0.00829870235131464
-363.6017,4.570829,171.95193,3.6678488,-42.46608,3.248948,67.76083,3.093059,-25.237,3.0977843,33.75829,3.2724547,-23.147331,3.0546086,20.009535,3.1227367,-3.6481004,3.1497111,8.523344,2.9470656,2.4148679,3.1834662,-6.9279923,2.9621012,6.1700206,2.9769323,1295.265848317634,77.36482155370926,1615.648577178049,50.72898565722389,0.00021538112,0.00016310618,2850.976109338747,0.010463738,0.0008397711,0.054408805829466354,0.008962806454004215
-366.48593,4.2828135,167.7603,3.724243,-38.62549,3.7443888,64.99927,3.250492,-22.061262,3.6212542,31.227757,3.5099676,-20.67903,3.25959,18.672995,3.3788695,-2.0578465,2.893716,8.960335,3.2510324,4.16463,3.17898,-5.7637453,3.1270578,7.394071,3.2842045,1281.8856441185842,78.3047083990558,1616.588839050444,48.55144390172703,0.00021766621,0.00035337964,2841.9331632468097,0.010421806,0.0011414145,0.05186543829756381,0.00972435848994487
-349.84372,4.1981053,163.22359,4.251015,-45.940914,3.574532,53.361034,3.398082,-39.59941,3.7181818,31.366125,3.2683792,-29.89401,3.4582539,24.098763,3.1443388,-5.984052,3.1085272,9.479009,3.173504,-3.353757,3.1611416,-9.5611515,3.014322,4.0275,3.1053557,1563.0093085155684,69.71900218084335,1755.9393694025546,45.538604418732525,0.00040920643,0.0011612194,3313.7651129277842,0.009749525,0.0010388069,0.07938931989559164,0.00765197211379233
-357.5318,8.488912,168.171,7.709158,-41.5257,5.6082277,60.46292,4.3651066,-22.945011,4.2659144,26.540726,3.8685756,-22.849197,4.039859,15.583914,3.299831,-2.5663567,3.1790907,6.4187303,3.172485,3.165517,3.4755788,-4.353082,3.096272,8.103574,2.9865642,1314.1848271192646,168.9569125117594,1580.848040022011,74.32611651470803,0.00027597434,0.00043396963,2806.1860476181846,0.010577589,0.003147647,0.05898460158062645,0.01716622236490027
-352.61032,3.6695237,181.51483,4.0624194,-54.27628,4.2328796,64.58974,3.7081785,-31.703707,3.876118,35.30061,3.3686948,-23.848394,3.1791427,17.322737,3.424523,-9.226966,2.9343615,5.1381483,2.8486114,1.4065876,2.8536344,-6.188027,2.9064543,6.670571,2.7704139,1315.8028509922115,59.1867882657447,1544.6410238696153,40.944820064973165,0.0002872662,0.0007465136,2772.612236713312,0.010393389,0.0007470195,0.06238104517111369,0.007179530994383235
-351.6374,3.6051598,180.27942,4.4285088,-56.08545,3.8668785,69.06326,3.6631474,-34.271984,3.8651245,35.841476,3.392325,-27.161335,3.362046,16.872581,2.9572144,-10.108047,2.9761624,5.9598885,3.0934713,2.048393,3.124202,-5.3217454,2.9868102,7.132572,2.795623,1367.5304883794447,60.89730860394057,1580.7240825938852,39.629433719976724,0.00029549928,0.00065294135,2912.3532323992167,0.01035223,0.00074524456,0.06411325406032482,0.007261420198545831
-350.72794,3.5084922,178.00424,4.287784,-52.501396,3.9703784,65.69903,3.6080732,-30.122578,3.607409,33.503326,3.09854,-23.719402,3.0181518,17.258814,3.0545857,-8.461123,3.0409503,4.900375,3.005347,2.0737603,2.813891,-5.481581,2.705945,6.4437976,3.0449798,1337.8900475304654,61.30731568595043,1566.6294330598246,40.317073767764555,0.0003197283,0.0010412829,2848.353155361804,0.0103919245,0.00077570707,0.06200605423433875,0.007433147099320544
-325.50745,12.63117,154.19954,6.7917776,-72.18228,5.9559565,71.42336,4.967315,-58.56383,4.881828,42.959244,5.109404,-37.33523,4.5205526,19.734753,3.832558,-13.298547,3.3710475,4.9453845,3.77989,-2.770256,3.2008379,-6.3190017,3.1470814,4.987733,3.232072,2030.9918559084797,129.4398480924091,1874.9922430617967,75.11356983918051,0.0008479687,0.0017165613,4299.646081061485,0.008750129,0.0010625772,0.13989201167343387,0.021677309158619967
-351.19418,3.8982217,166.76773,3.8165455,-52.76294,3.5641463,52.390873,3.4866102,-41.934128,3.2535417,34.90394,3.156321,-29.637257,3.4609973,22.504211,3.4018896,-13.186137,3.2643297,4.850627,3.393501,0.60437566,3.1475842,2.3549201,3.1510744,14.545276,3.1330516,1567.3024569372528,59.32883787796335,1721.3514881176088,42.00204683758841,0.00034171238,0.0005171994,3244.29430330989,0.009940263,0.0008391433,0.0799863598462877,0.006752801952577038
-352.19412,3.8428369,179.95152,3.9628763,-54.941944,3.6743815,67.739456,3.5492806,-31.936558,3.57103,36.363514,3.3437862,-25.373146,3.3223999,17.42568,3.2349913,-9.602967,2.876559,5.362503,2.881543,0.9759948,3.0559454,-6.9365025,3.046516,6.51606,2.8241737,1341.8828853004707,59.15619906847687,1571.074393966298,34.86112067097924,0.00028976836,0.0005418333,2859.2196789805685,0.010439138,0.0007346375,0.06365556119489559,0.00673608235667336
-335.51285,5.9790525,158.94833,4.7791266,-58.132862,4.5047665,74.418686,4.154381,-37.3289,3.6283906,45.30967,3.6987133,-32.15507,3.6239016,25.831257,3.041821,-11.02189,3.1122367,11.456386,3.068186,0.8762704,2.9032109,-6.1224127,3.1287389,6.5534453,2.8578546,1762.5316093053598,115.16759669179767,1884.8269091491811,55.15334407636497,0.00055402936,0.00083210197,3895.336460901247,0.009982004,0.00068782124,0.08738535020301624,0.011637809612858095
-366.0534,4.292395,171.7387,4.552211,-38.410503,4.049854,64.39404,3.8650868,-23.651064,3.4445903,30.319242,3.674101,-22.874563,3.1737382,17.603128,3.3879607,-4.170706,3.0180948,6.29149,3.001381,1.7637271,2.7725265,-6.72542,2.8634298,6.835037,3.096726,1256.9903593614242,74.54430477972798,1588.9412910002502,53.390489389170966,0.00027373913,0.0011259842,2742.4107952073664,0.010391711,0.0010446676,0.05220644214037123,0.008532690966774061
-354.67297,3.9473069,170.08307,4.4116096,-58.277397,4.1569347,54.233917,4.06763,-43.880917,3.712532,34.37163,3.715201,-31.40814,3.572155,21.981312,3.2554238,-13.308775,3.0784109,6.270121,3.2177403,1.9255672,3.0387871,1.6821464,3.1797435,13.295614,3.3272161,1570.1731473592265,61.670119403231,1685.7157181477776,45.654362880594896,0.0004218565,0.0010213482,3188.312971287703,0.009169562,0.00073829724,0.08531327037412993,0.007435515041720727
-337.792,26.425846,166.68956,6.991882,-66.92928,13.571753,59.543587,6.2653136,-39.66494,8.01854,31.447422,4.7651033,-25.84216,4.4365735,16.737526,3.409944,-8.39762,3.1761386,6.0273495,3.4087627,0.84908956,3.1125329,-4.846026,3.535717,7.991693,3.15779,1637.7991078828284,129.0882195575964,1634.0725803349203,92.07830274396478,0.00052531046,0.00092858926,3343.0422754132833,0.009116957,0.002700348,0.09621972882830626,0.01592529948010188
-342.3944,8.068287,171.34973,7.8182096,-48.49351,4.8429947,59.717598,4.199061,-31.251675,4.6868544,28.170801,4.2249784,-27.914371,3.6017609,11.59202,3.600585,-6.8084874,3.801397,4.851681,3.5407567,1.2889721,3.3597188,-4.9242897,3.9769063,5.2287536,3.4724913,1413.9117247715167,125.84664380547963,1595.1392283882458,83.401418509535,0.00032593167,0.0005309594,2973.2557256924306,0.010328795,0.0017502119,0.07215460049303944,0.012400286444433629
-352.3058,3.245188,178.29688,3.5211937,-52.47821,3.5403216,66.01211,3.360185,-30.612276,3.5018492,34.920555,3.399393,-24.044498,3.1479301,16.676945,3.242059,-9.018403,3.0928419,5.093926,3.0731373,2.1553662,3.0194583,-5.1275616,2.9436977,7.8828387,2.896382,1336.5511307486543,58.46227397051754,1569.4400322317915,32.811171571160564,0.00026190197,0.0003330449,2851.2508949934745,0.010422873,0.00072287855,0.06156195620649652,0.00684044002999194
-350.4994,3.6511657,179.8339,3.7630813,-52.81892,3.4036102,67.00726,3.5969942,-31.618542,3.3674855,34.327614,3.1391137,-25.45491,3.2406049,16.304283,3.2098246,-8.8841095,3.0015204,5.504042,2.9259279,1.524397,3.1220734,-5.659981,3.22128,7.4494066,2.8169863,1329.8935011312344,59.705672709928564,1563.5047744294993,34.55559666108802,0.00028860586,0.00074715907,2835.5881126740137,0.0105682695,0.0007068888,0.06284100384280743,0.007249663930135627
-349.22998,3.9796824,180.02545,3.7850914,-53.852314,3.9356444,65.35695,3.5390308,-32.55295,3.230578,33.580864,3.4247932,-25.787281,3.3090158,16.426086,3.0864646,-9.130683,2.9752371,6.169284,3.0717952,2.766499,3.174537,-4.6664042,2.889669,8.135834,2.9543707,1341.8293852479007,62.21625137610097,1560.9789517365866,35.64031604896365,0.00028533625,0.00051942846,2838.910521044809,0.010481108,0.0007882232,0.06470349659222738,0.00676147568810303
-352.62592,3.4986067,179.33131,3.7428148,-50.21764,3.5923507,64.013596,3.5374334,-29.789005,3.37768,32.116787,3.2087712,-25.122694,3.252833,15.361651,2.923973,-8.739982,3.1565518,5.1515417,3.0329623,2.5056608,2.9638734,-4.977434,2.8629262,7.2119617,2.9789183,1304.5397049336432,59.866457961484706,1545.8184099437926,35.81876133919905,0.00027106574,0.0005872521,2756.7496102813225,0.010529894,0.0007405972,0.06057519757830626,0.007019178541820253
-349.57236,3.5542948,178.18228,3.4299257,-55.88315,3.0879216,67.19286,3.0348802,-33.1585,3.1956754,36.382626,3.0797794,-24.23135,2.8626587,17.655132,2.9359813,-9.271749,2.9158478,6.1861973,3.1107464,2.5931363,2.809119,-5.0021844,2.8205976,7.168318,2.9360597,1378.7908811322743,58.004381965804185,1588.0817526339395,30.776302962381262,0.00028705338,0.00029514605,2944.253348861659,0.010294683,0.0007094289,0.06496859592517401,0.007416298707723858
-352.6289,3.6975,177.1039,4.3285017,-57.163994,4.1767607,62.00089,4.3905864,-34.81551,3.6157844,41.623478,3.7910376,-18.908548,3.3458703,20.707172,3.0098035,-11.946257,2.941597,3.756355,3.0708618,1.467988,3.0596683,-0.29054558,3.0409229,11.258029,3.0495038,1396.1460321448617,61.320766862800056,1601.0162146909852,42.7479848021383,0.00035762283,0.0010966614,2950.1987112093966,0.010005327,0.0006754994,0.06909802784222738,0.007949223252884545
-353.27747,4.0913415,155.21779,3.550278,-40.703617,3.0647392,56.431664,3.0643015,-33.013115,2.9302514,30.071749,3.234958,-30.659063,3.3883314,15.868242,3.2437742,-10.16791,3.1238625,8.50111,3.0234537,2.7371573,2.9026194,-0.32412323,3.2097566,9.304923,2.84916,1557.6027134712213,68.1038537766614,1791.9274606116774,46.30669351828437,0.00029000285,0.00045981765,3441.790247516676,0.011010445,0.0015534105,0.06313329285092807,0.00668207261698965
-351.13364,4.2007813,171.2476,4.6066923,-54.313473,4.071084,61.615444,4.212321,-33.63818,3.7723365,42.07895,3.3639185,-20.254263,3.698306,21.713747,3.298997,-12.049197,3.092924,4.930799,2.9053102,1.1914675,3.0342407,-1.7274916,2.8530395,9.799378,2.8297331,1457.2468774988113,64.38349181905274,1668.1614761036326,47.06617821764297,0.00038423899,0.0010326183,3119.7664406902554,0.009871131,0.00064460526,0.07067276319605569,0.0072321151726002664
-348.85623,3.7663348,179.63078,4.1871314,-56.66802,3.9372323,68.512344,3.6160882,-34.664284,3.5342147,36.418167,3.3249598,-26.29398,3.2604825,17.611513,2.9583719,-10.101708,3.1089246,5.851206,3.1537442,2.0593603,2.872483,-5.079671,2.88526,7.1705127,2.9499085,1373.3175435772548,59.09170074751945,1588.0530088889238,36.79193800379416,0.00030915573,0.00058784534,2930.96371537848,0.010404062,0.00064928946,0.06674158932714618,0.007537707627785512
-349.99283,3.7771292,163.92303,3.7174067,-52.55888,3.4101493,61.46891,3.5838344,-42.27317,3.5477552,30.551329,3.3078995,-28.81814,3.4068203,26.344458,3.2283423,-10.867133,3.217773,7.0732102,2.776941,-2.9541457,2.8420932,-12.360099,3.2444286,7.0152545,3.2870722,1619.1024607222262,66.43103055575297,1754.5798760016942,37.25166809917153,0.0004296043,0.00069787435,3394.8268810723607,0.0092959935,0.0008563802,0.08322986151392112,0.00735744573921165
-352.15277,3.5056975,178.4181,4.4404135,-52.03837,3.7921863,66.26917,4.3130245,-30.330154,3.6627157,33.42824,3.6049716,-24.608198,3.1194513,15.655473,2.910567,-9.457095,3.1427422,4.7670345,3.2036657,2.279783,2.8070657,-4.240582,2.9561827,8.4868965,2.912075,1330.3219433123938,63.4212928731377,1563.4112417150413,45.11080722626557,0.00032684417,0.0012179053,2839.7348780089906,0.0104495445,0.0007628239,0.06163446200696056,0.007045850743818619
-341.88855,4.3855557,151.97668,3.531117,-51.473244,3.3363419,62.607018,3.318167,-44.240726,3.1402402,32.26367,3.2980912,-36.692795,3.2300527,22.461033,3.091107,-8.079468,3.5741208,4.524341,3.3883307,-0.02050707,3.2432115,-7.2350283,3.1231139,-1.8960928,3.0462031,1819.2474061663588,74.53291299082947,1887.139718302827,36.81782137610729,0.0004644525,0.00045818754,4108.52016794156,0.009852617,0.0010514129,0.0879778585411833,0.009030553997376962
-338.76462,4.1641455,143.51843,3.6964893,-50.531185,3.363351,67.14849,3.4431474,-41.699547,3.4601667,28.190962,2.9233017,-32.561897,3.0684414,23.482285,3.3920856,-11.416836,3.2423832,6.46039,3.377632,7.930497,3.3212419,-4.739635,3.1303997,3.4378614,3.0712535,1923.696113324279,88.23217416140287,1917.9971284682877,38.33401408583209,0.00056843227,0.0005566738,4218.63427394504,0.009374531,0.0011311152,0.0969753752175174,0.01191835159186018
-352.7782,3.568142,177.32907,4.1293974,-53.105274,3.8732448,66.05602,3.61687,-29.796597,3.339301,34.601055,3.390991,-22.713135,3.1944232,18.027702,3.1304448,-7.678251,2.837341,6.2822514,2.9677267,2.612827,2.8177872,-5.422225,3.1055489,7.603561,3.0447452,1334.6228645539907,60.76333224366119,1571.37023853554,40.31043883222531,0.00028696028,0.0007082479,2857.970653277262,0.0104551455,0.0007240359,0.06121188913863109,0.007264632483288344
-348.60364,3.6378047,177.84497,3.4841576,-49.889965,3.2766273,64.14753,3.2980297,-30.423746,3.201408,31.13187,2.9839401,-24.474804,3.12369,15.85222,2.9316015,-7.2429247,2.7158766,6.2594833,2.8369284,2.58547,2.78236,-4.3284154,3.0231147,8.374698,2.8881087,1322.8298406558843,62.475391034487366,1559.467886192783,33.718308956325664,0.00025629453,0.00030425342,2816.278175300899,0.010647632,0.00083182787,0.06238897549303944,0.007405365329423307
-361.25882,3.7666373,175.95126,4.322194,-48.925823,3.8688605,60.82678,3.9195645,-30.308514,3.565596,35.157917,3.806686,-20.537146,3.3366377,19.5181,3.2684455,-8.098227,3.2705474,4.249553,3.4834948,1.0037193,3.2283819,-4.92646,3.2122195,7.793471,3.2226217,1320.5639612125624,69.84123841948052,1578.7125051797473,44.126598384345954,0.0002856156,0.0008783563,2805.0369439711426,0.010106706,0.0010309246,0.05771008555684455,0.007726864635575274
-352.2053,5.1040945,161.44957,4.6127524,-42.585438,3.3203557,64.89696,3.7287016,-24.836098,3.5120835,34.865337,3.751198,-23.17898,3.5076592,20.941607,3.0100865,-5.5151916,3.0528262,8.08289,3.068618,1.5650042,2.8703547,-5.649421,3.1206129,6.9005365,3.081646,1448.570864258265,94.07751356210152,1726.3341758614577,56.96754624423513,0.00032853332,0.0005729772,3198.255215886021,0.010260341,0.0012652959,0.06091733432424594,0.009205511043679657
-354.18344,4.267959,180.56221,3.6217196,-51.08717,3.4967458,65.13842,3.2115834,-30.42231,3.094544,32.651867,3.0696602,-25.067862,2.7974088,15.756602,3.0038152,-9.343809,2.8466055,5.5723653,2.9073863,3.2008355,2.826883,-4.593288,3.1428778,7.5672293,3.1616812,1297.593623160041,60.56967743784408,1542.4129774179873,34.85042179103926,0.00025272134,0.00035849574,2753.7269680793215,0.010414682,0.0007750845,0.0603429524361949,0.006734881107513411
-351.3579,3.9567075,175.63367,3.2466793,-49.192192,3.0256248,63.193157,2.812868,-27.778837,3.0240428,33.047256,2.950291,-21.397295,3.1760433,16.54697,2.9987526,-7.27122,3.17946,5.459312,2.9123747,3.24379,2.799015,-4.5936737,2.9656138,7.136879,2.8379643,1311.452407454415,65.09419647985192,1564.309821371407,30.956769790245282,0.00024428134,0.00019229211,2810.2578714109627,0.010617588,0.00097134546,0.06010957439095128,0.007974881673598416
-347.90894,7.2438903,176.25743,4.9143987,-50.32729,4.883989,60.79983,4.8274198,-28.738775,3.7146199,29.737066,3.2573502,-22.543028,3.2450998,15.320663,2.9865427,-7.557187,3.2187552,4.6631966,3.3785427,2.3529634,3.377661,-5.3968863,3.1778705,6.7138467,3.1322286,1334.430293492586,91.58987184050933,1545.127518694075,44.54039950338673,0.00027069025,0.0004074719,2798.2172636310906,0.010445318,0.001064715,0.06301547092517401,0.010167812743871466
-349.94962,3.7794793,171.23235,3.9271111,-55.38216,3.7334077,52.27855,3.6008744,-41.570877,3.3027706,36.56376,3.6121728,-28.558779,3.3175063,23.147192,3.1442244,-14.848656,3.0594864,4.2491555,3.1625986,-0.730531,3.0798326,1.1154683,3.0945587,13.719089,3.146312,1530.2326184733404,61.727660949223974,1685.0820792129903,38.010247856407155,0.00037515498,0.0008655252,3103.3792234628772,0.009836846,0.0007249756,0.08056980495939675,0.007389484499430442
-348.9056,3.7375379,176.8101,3.3054957,-54.070965,2.7738926,66.75833,3.1658952,-30.95868,3.0981543,35.27881,3.2823792,-23.807367,3.0316145,17.55456,2.9617739,-7.6594152,2.989302,6.253402,3.0427327,1.9681195,3.176405,-5.85861,2.9321363,6.3424077,2.7692897,1361.6282517894247,57.905918866781306,1585.0424851157563,31.581685218657086,0.0002738281,0.00021847548,2913.152608849333,0.010415897,0.00080852484,0.06453922563805105,0.007793592993235162
-364.61035,4.5329123,173.47433,4.0523567,-44.816933,3.2894094,69.837906,3.509459,-27.324299,3.7411087,35.711296,3.378023,-24.96378,3.3762481,20.971128,3.5206757,-4.7371974,3.2157636,8.482263,3.0942097,1.6100953,2.84318,-7.902193,2.8977406,6.235657,2.97132,1311.003242389891,72.81383331237159,1626.7010808981418,51.02584818406985,0.00024241405,0.00033782783,2882.451557062065,0.010318285,0.0007790288,0.05580567539153132,0.008921642736822924
-353.34628,3.51416,182.43666,3.4784884,-53.53515,2.9993713,66.5262,2.74276,-31.650536,3.168387,34.151,3.1033607,-25.795992,3.0572147,17.46797,2.8955193,-9.308085,3.1412232,5.3194313,3.0334754,1.313494,2.947147,-6.007538,2.9315574,7.4055123,3.0238926,1304.0006144073784,59.275253718715234,1541.14421267357,33.92205133666252,0.0002471211,0.00022503179,2756.824551823521,0.010510679,0.0006896599,0.06128326203596288,0.0072701961044396995
-348.3748,3.4165611,179.44885,3.6134913,-55.329952,3.0352736,67.03041,3.178947,-33.37729,3.0878813,34.594425,2.9526436,-26.295671,3.1369674,16.549465,3.0076532,-9.859152,3.113551,5.5587087,2.903375,2.6314716,3.1116552,-3.9572582,2.9188404,8.512752,2.9072554,1363.931772777356,56.23499907379317,1574.1392837093556,31.57460880422387,0.00028947875,0.00054203183,2891.244698013341,0.010562474,0.0007418743,0.06540363072795824,0.006954979524418877
-339.08777,19.98336,170.04887,6.901993,-72.43918,13.218727,64.93523,5.9973044,-42.823498,4.0237494,30.308344,4.2965865,-32.254753,3.5961738,17.03283,3.372035,-13.166757,3.4182465,3.4501739,3.2393684,-1.2629123,3.2263222,-5.2276354,3.5987334,7.737992,3.28149,1667.872006374559,92.847480477784,1629.5567651082408,97.86974285047782,0.0005858257,0.001649422,3336.7471858686195,0.009100232,0.002256452,0.09912222665313225,0.014032027246844297
-354.72397,3.73206,160.14719,3.99069,-46.40254,3.5602345,60.223408,3.5367045,-38.039787,3.659925,32.7104,3.5922952,-30.756285,3.3703644,21.53479,3.26148,-7.478839,3.2569723,14.135448,3.2375672,2.7461805,3.352548,-5.374854,3.3132608,3.4597964,3.1051538,1583.6577752992384,61.31711539269835,1796.5290164101007,46.26339135912516,0.00039376176,0.0013263903,3484.7567317104117,0.010026126,0.00084444915,0.07019467807424594,0.007148934569983415
-341.5985,13.176186,129.92635,7.3029146,-91.4026,7.808168,88.69822,6.0522246,-58.4609,4.9017506,34.15983,4.1310863,-44.52592,3.7270222,24.81985,3.6999593,-22.137272,4.085752,6.811342,3.4067793,1.6377913,3.3329268,-11.291417,3.3927763,4.4231887,3.2992249,2571.800891605776,165.58122969219025,1863.2894594230258,47.660568627546226,0.0014459003,0.0020757385,4764.733291944605,0.0070641777,0.0009718345,0.2068658461426914,0.02623141976954593
-357.90137,4.097479,173.51855,4.5080204,-45.92965,3.4491405,63.505,3.8184352,-28.886679,3.53762,33.413647,3.4455023,-25.204718,3.3415642,14.849096,3.2392013,-10.176175,2.7867098,6.998087,2.9473248,2.6110678,2.8359754,-5.592011,3.4424028,7.7537193,3.0040054,1343.7530379833247,89.89872106773423,1613.9837436406842,76.47047772251301,0.00029800634,0.0008319553,2905.8333182279584,0.010123164,0.0008325056,0.06289311738689095,0.017441894646999863
-362.7646,4.1034155,174.5737,3.870822,-45.161907,3.0438612,69.26199,3.2884288,-28.486206,3.4911654,35.162663,3.5457816,-24.429619,3.1187804,21.806002,3.3455431,-4.781795,3.3079977,8.419282,3.16495,1.2695698,2.9875333,-8.925395,3.0921054,5.1179376,2.8441482,1310.3584843758779,71.07150888248263,1617.6426469473306,52.2110841759058,0.00023436516,0.0002550979,2868.337566614704,0.010357356,0.0007585727,0.056656485643851506,0.007983590638737543
-348.31677,3.7804782,177.82332,3.823142,-54.13503,3.242345,67.35885,3.45908,-33.115387,3.1245592,34.580902,2.9638114,-24.935545,3.0379798,17.807775,3.283421,-8.715134,3.1589987,5.7085767,3.157238,1.6832182,3.0913966,-5.164579,2.9941835,7.618342,3.0465918,1366.2204212727065,63.15467800361591,1587.53044009968,36.770956160889476,0.00028756884,0.00036666967,2924.5936842916185,0.010493855,0.0008339106,0.06507282301334107,0.00732768384287576
-363.97705,4.085094,172.29385,3.8105903,-43.12288,3.429691,67.78553,3.2252908,-25.04144,3.6915672,34.118073,3.4456244,-22.947071,3.5601559,19.075176,3.4135532,-4.8477383,3.1469214,8.729673,2.9857438,2.271275,3.0873387,-6.2153273,3.2126267,7.18965,3.035342,1294.6188002371364,77.11325627684622,1612.1577716881188,54.09762443473386,0.00024042207,0.00035910044,2846.3297337224476,0.010261589,0.0008254044,0.0558634534512761,0.010208195027940745
-366.32062,3.846308,174.86963,4.3697367,-46.171158,3.400592,70.38562,3.4206893,-28.715433,3.0935152,34.521526,3.4405305,-25.589533,3.1689317,22.15726,3.0859268,-3.7804768,2.8538115,9.684024,2.9406176,1.0170366,3.0991044,-9.070667,3.0096877,4.7002172,3.0123348,1303.5439244948998,76.40063902653488,1613.9064039615262,57.40649648129538,0.00023566294,0.0003818352,2856.8465301442866,0.010420682,0.0006943008,0.05563234121229698,0.0075997389982222
-346.69217,4.021155,167.54814,4.7306414,-49.368393,4.0115128,59.75355,3.7591467,-30.764542,3.6268804,36.557503,3.5687675,-20.023266,3.7829998,21.944252,3.8082724,-7.686195,3.3621957,7.1926208,3.347109,2.530326,3.2949102,-2.1741102,3.4487364,9.406535,3.2744575,1445.0539379455618,82.07447723264914,1675.3915262644782,54.61925577547318,0.00035386876,0.00070912426,3107.5509693119197,0.0101162335,0.0011022256,0.0679741879350348,0.009850613386437853
-348.27567,5.3642755,177.65497,3.8854575,-55.04723,4.1876745,66.38546,3.8414855,-32.931118,3.010238,34.854904,3.317442,-24.188148,3.272974,18.383251,3.080785,-8.422755,3.0490959,5.553635,3.3077867,0.92639345,3.1342573,-6.0635853,3.1919103,6.6113133,3.221022,1378.4862393535846,65.12061407073404,1586.9794186132117,42.271791190676744,0.00029369548,0.00033107155,2931.263481547274,0.01030886,0.00079361844,0.06586245649651973,0.007676984643072986
-347.6719,3.7574203,177.91943,3.5181026,-53.30979,2.988792,66.95428,3.1436741,-32.260715,3.2972538,34.890026,2.9273086,-25.322277,2.8637056,16.451477,2.9798803,-9.201262,2.949627,4.747618,3.0125299,1.3918309,3.0011358,-5.580715,3.0645924,6.892067,3.0272303,1360.49979900899,63.55317597573247,1582.4757942017714,34.66039951709317,0.00027103882,0.00027821583,2903.2853057932134,0.010685078,0.0007665795,0.06445878951566125,0.0070122159315020565
-369.37015,4.2501163,169.25116,3.952337,-41.282528,3.5398684,66.54358,3.668785,-24.87112,3.5448558,32.09007,3.310877,-22.84186,3.30279,19.253704,3.1312025,-3.1160026,3.0821447,9.555852,2.9372694,4.8812866,2.9489412,-4.5317097,3.1425083,8.6595745,3.426319,1299.7176713970205,74.4748508950695,1626.4083762801563,49.547130802332624,0.00024245244,0.0006905039,2879.45389537413,0.010505345,0.0010904537,0.050769920968677495,0.009087176826525201
-348.91306,11.0707445,179.71355,4.417735,-52.563858,4.957873,60.44292,3.2868583,-31.88929,4.038424,30.993368,3.8040729,-25.5531,3.2025845,18.100056,3.3878837,-4.261648,3.519656,7.9829354,3.1190436,1.0700204,3.1109414,-6.549286,3.0643902,7.5558004,3.2010205,1326.6266338478822,80.8617734428988,1541.3013220249322,45.92698838729389,0.0002789394,0.00032917954,2747.5817616190543,0.010293301,0.0012782705,0.0659066397186775,0.008955340788551624
-354.83078,3.8460007,167.67899,4.394676,-55.260876,3.9360995,54.975845,3.5847554,-43.750923,3.8360262,34.073765,3.5807378,-31.405733,3.4792933,23.608988,3.4047828,-11.736852,3.1647782,5.0560107,3.0713181,-1.2709978,3.0273213,-0.97225535,3.2185698,14.091464,2.9902291,1590.515823194131,59.61347365303027,1724.5720443242774,42.979746354532764,0.00043388613,0.0010763007,3302.4239595417635,0.009052981,0.0006874449,0.08240397513051044,0.0071350298630506745
-362.37927,3.962319,174.17534,3.469152,-45.318317,3.4021153,68.624794,3.4119315,-26.77588,3.3858314,35.074856,3.2958467,-24.738634,3.2821188,18.849909,3.1861322,-5.42519,2.9356313,9.591785,2.6559305,2.904101,2.8850205,-5.833811,3.0463252,7.3518934,2.9661977,1303.6314769820233,67.17523242534668,1611.8275511892195,55.46875367684067,0.00023928544,0.00029792474,2856.8715106583527,0.010261529,0.00070769136,0.0574245939675174,0.009825624649639727
-356.91183,4.4069552,172.49666,3.8331997,-44.73666,3.4803317,62.53911,3.4074109,-26.918137,3.493923,33.328136,3.5284364,-24.11745,3.6857831,13.873885,2.9689412,-10.356368,3.019994,6.443021,2.9740713,2.5131261,2.7915697,-5.472344,3.1982272,7.333626,3.1145997,1337.707854055611,86.94618234835318,1609.168794073387,69.94886215579307,0.00027114098,0.00044593232,2891.44454212587,0.010113552,0.00078924914,0.06281268126450117,0.0162508780296619
-353.50854,4.069053,163.29347,3.8822143,-47.380367,3.5482943,52.976654,3.3607712,-39.126713,3.5102696,29.920769,3.2795863,-29.049273,3.3297505,23.295443,3.5622623,-7.420006,3.088019,6.1024647,3.114818,-4.914358,3.2341244,-8.572381,3.0389912,6.85694,3.0117495,1560.9660714605257,73.15650105957369,1733.096899452273,42.92057278694894,0.00036316479,0.000435443,3278.7674127211426,0.009399939,0.0011983443,0.08045085013051044,0.007426406004184606
-351.08063,3.3671172,178.29726,3.853073,-52.56011,3.622619,66.04466,3.4795825,-31.324091,3.339663,33.548397,2.9329917,-24.817884,2.8708584,16.554293,2.9875777,-8.240953,3.134955,5.442643,3.217078,1.7498348,2.8840015,-5.341191,2.8437288,7.7890944,2.9083247,1341.0635060214852,57.4822880273072,1569.1144600620812,35.283356043016035,0.0002764096,0.0004976401,2859.2696400087007,0.010548847,0.00076713145,0.06250339870939675,0.007166480877617218
-364.5968,4.380881,162.27948,3.8034823,-34.580833,3.1094995,57.49583,3.6826963,-19.483124,3.3473191,25.80671,3.5279734,-17.48237,3.2229948,16.93849,3.0820003,0.010446889,3.043632,7.3290358,2.894297,4.3912086,3.0783844,-4.382776,3.1976516,8.149982,3.2979484,1290.6658249212837,90.27748407745499,1610.0455833570743,44.36178530264957,0.00021224534,0.00018163252,2831.7161329937644,0.010422653,0.0017466029,0.04979675717807425,0.010732524802490387
-347.7257,4.9429483,152.42068,4.009085,-40.491898,3.2511635,63.60986,3.49379,-35.0859,3.24695,43.909286,3.2552545,-28.56168,3.1324103,26.279697,3.4294863,-12.389846,3.1129882,10.068734,3.3912034,-2.2279656,3.3915155,-0.5937169,3.1086564,8.45807,3.3597982,1737.0393174843825,97.35687302666882,2002.4301566498089,44.2537733693521,0.00044191495,0.0003124497,4110.9432778059745,0.009798301,0.0014091898,0.07652647368039443,0.012231719291889525
-354.2173,3.7504253,170.45474,3.3686366,-55.837593,3.21301,55.560852,3.246872,-43.09168,3.5962493,33.903187,3.578858,-33.55968,3.1871588,21.471361,2.8577862,-14.819046,2.9715765,2.9563777,3.4116561,-1.4381143,3.2029638,1.5458151,3.2375886,15.832105,3.0747693,1562.3094654756765,58.20249382752574,1699.6662419011855,35.88722012320442,0.0003680676,0.00026941896,3191.6103991444315,0.009123168,0.00071257196,0.08424607562354988,0.007958734248834483
-363.9234,4.5666103,172.47708,3.8967052,-42.5254,3.600008,67.65033,3.4279287,-26.741667,3.5636249,32.20657,3.155296,-24.231552,3.2776332,18.369423,3.1340501,-4.953745,3.308754,10.039501,3.040329,4.265713,2.9603791,-4.7922363,2.9898899,9.148716,3.3830965,1297.9368477643884,80.48827076724982,1614.6019434213013,56.604605794417196,0.00023068135,0.0001828706,2868.512430213167,0.010220527,0.0009941919,0.056918186267401395,0.010431282598411237
-339.43207,12.760578,170.9276,6.9545703,-58.594852,4.307736,71.45203,4.3445477,-40.833637,4.980496,40.27524,4.836078,-29.988567,4.218023,21.035236,3.8363302,-12.096185,3.8869407,7.333524,3.032264,-0.26037863,3.2951772,-6.2794466,3.2641177,6.587614,2.9159908,1583.8720830962372,163.05180276438188,1736.822562274803,112.09813477997032,0.00046035842,0.00075809524,3452.956537304234,0.010005197,0.00089406513,0.0814625326276102,0.014032348658719837
-360.55887,6.49666,177.07343,4.447101,-41.662933,3.8626077,66.281075,4.0013895,-26.890266,3.4682949,29.48582,3.80755,-25.14363,3.2281413,17.378075,3.1335742,-5.396564,3.1273563,7.3006334,2.892097,2.375481,3.1451461,-6.6521406,2.9163792,6.1344323,2.9790535,1240.84664700941,78.33002011194878,1554.168917257095,47.16564320839651,0.0002315357,0.0006194597,2681.108613689095,0.0108955195,0.0015081819,0.052860127247679814,0.007092281982484126
-353.65604,3.4113827,167.69638,3.3821025,-54.85188,3.5312905,55.981647,3.5980647,-43.68991,3.483891,34.375023,3.2682877,-32.427876,3.4513855,23.00847,3.1508741,-11.46241,3.1283078,5.751319,3.1067774,-2.589924,3.3846211,-2.8531213,3.300941,13.670537,2.9835587,1580.876704636878,54.964225538007945,1725.105736764325,36.35665419376497,0.00036816415,0.00049042836,3292.0820267183876,0.009492668,0.0006839434,0.0811555158787703,0.006496994905538851
-348.6952,3.581515,177.82762,3.3452685,-53.910038,3.306171,66.81806,3.1916478,-32.05353,2.860365,34.838367,2.9043875,-24.6133,3.0951343,17.003902,2.9267712,-8.47305,2.8940134,5.522841,2.9346175,2.1186967,3.0251498,-5.2346444,2.9509933,7.0114293,2.9147208,1364.6438017274877,60.27741626146522,1582.4493301438256,31.06350408844295,0.0002810683,0.00031308187,2913.1026478212007,0.010443176,0.00075260527,0.06449164370649652,0.00814607503961083
-355.55328,4.245523,160.26207,3.6964612,-41.88751,3.3952239,55.02929,3.221776,-37.531525,3.274722,27.904718,3.1717377,-32.788742,3.110127,18.685377,3.2029817,-9.0346985,3.2044315,11.554235,3.3878162,4.4439964,3.191229,0.87058765,3.3381374,8.504118,3.2151833,1527.644892950904,68.8314542833837,1762.6537971806313,44.52937450543592,0.00030593225,0.0005875137,3298.0773500942573,0.010676785,0.001512384,0.06649461644431555,0.006667565268591236
-336.3949,10.994599,168.389,7.359669,-60.833664,5.571718,61.30194,6.4797487,-38.90317,4.367658,39.28918,4.283331,-28.616045,4.251082,20.499245,3.6902258,-9.890518,3.041748,9.83464,3.8857162,2.607606,3.8649304,-5.0452766,3.2677972,6.937064,3.5508842,1600.868516880502,92.3634649685834,1707.2099443491977,79.56024114936744,0.00048400293,0.0008892494,3348.2881833671695,0.009728788,0.0013881301,0.08707720055104408,0.008940197953866242
-369.55493,4.4884357,174.74701,3.576649,-45.476246,3.3276339,72.75233,3.0518272,-27.666206,3.4737566,35.568775,3.2057655,-26.784218,3.3007312,19.78288,3.203792,-6.8361855,2.9753075,7.800675,3.0466967,0.8896885,3.1404269,-8.6573715,2.9669936,5.7542377,2.9114664,1296.1406655042122,70.39286620775827,1616.9867968927106,46.94525417320904,0.00020977129,0.00017603062,2863.8410740828017,0.010458632,0.00067518855,0.05274003951566125,0.007187444262618334
-350.18033,4.00579,169.44946,4.251024,-50.23537,3.8108418,58.458557,3.59078,-41.87886,3.3574505,32.580418,3.3051243,-28.81563,3.3562782,25.456764,3.7457712,-7.4544244,3.3479977,12.306117,2.9975767,-3.2303472,3.2297416,-9.515712,3.1149507,4.5699077,3.182619,1519.1079379152181,68.48761497560884,1720.3285368986474,41.515319915003055,0.00038615038,0.001067462,3245.4933679850637,0.009951819,0.00096020737,0.07408733323665893,0.00765104920463852
-328.51846,9.117246,161.28152,5.709562,-81.40236,5.426228,78.45832,5.685587,-48.512978,4.1848636,40.770252,3.7855396,-28.927002,3.8344243,17.184757,3.481535,-14.1005,3.3302572,9.222526,2.8832858,-5.169368,3.6609473,-3.096111,3.5797987,10.391473,3.567609,1932.4241662668614,88.69984698157411,1743.854609464883,44.81791055777703,0.00082126516,0.0019017691,3906.827497371665,0.008920769,0.0009038752,0.12678432243329466,0.011500221511771536
-354.97275,3.551461,181.33514,3.7708886,-52.314396,3.9355392,65.846596,4.2379503,-30.612501,3.5687654,34.293514,3.4087036,-24.997618,3.0990808,16.95191,3.0947154,-8.649823,3.247186,5.4956756,3.0091727,2.7907715,2.905007,-4.918714,2.9733298,7.4596243,3.1256535,1293.1757476401638,56.12504576511975,1543.7094325122112,37.45582689062428,0.0002826343,0.0007995131,2743.9096260513343,0.010478124,0.00076597766,0.060185478900812064,0.007401673468140833
-349.2725,3.7289531,163.90556,4.0415955,-50.472458,4.03326,50.38106,3.6176133,-38.094627,3.3741446,36.018063,3.2721126,-26.355835,3.2594614,22.400536,2.9842837,-12.449896,3.1437182,3.783619,3.3385367,-0.8837582,2.8660681,0.7319439,3.2225807,13.95186,3.104716,1577.0961022522704,64.26685820267336,1738.485345326281,41.08332423879743,0.0004121231,0.00065152993,3286.811138250435,0.009206544,0.00088545954,0.08340772730568445,0.007522470485277363
-353.9284,4.389727,166.79836,4.014574,-54.913773,3.5077245,54.446682,3.3364584,-42.94321,3.298301,36.701057,3.2928526,-29.678392,3.0450912,25.069168,3.2268028,-13.406359,3.15238,4.0551457,3.198962,-2.1559908,3.0692143,0.06615688,3.1145215,14.661209,3.026857,1604.7531446145417,62.471209712380094,1747.9616278172978,41.99276390067695,0.0004213002,0.0007553506,3344.815891911978,0.009024761,0.0007658362,0.08428572723317865,0.007290791044004451
-345.3607,28.837101,149.08583,14.63697,-85.862595,10.568552,81.7659,11.159067,-54.233288,7.724531,36.03697,4.337622,-41.369675,5.4513025,24.085331,5.6386266,-17.557661,4.718487,7.476448,3.448131,0.09332229,3.6245487,-10.405611,3.8910592,5.955341,3.4906194,2194.617368354139,339.6407329738088,1798.512893357806,69.80169327515281,0.0009847444,0.0010006591,4233.647562898782,0.0074893506,0.0018341673,0.16148401247099767,0.04714970899862391
-357.56604,4.166681,163.69,3.234589,-51.6641,2.9007795,49.741905,3.1136127,-40.64891,3.0192647,27.599342,2.8987973,-30.805506,3.1464217,18.279085,3.1014354,-11.442857,2.8828154,4.359487,2.9649234,0.69044733,3.1547065,0.74548167,3.1276937,13.453718,3.1223083,1554.6317759953615,52.9508548474337,1679.2676987031616,36.85793726558001,0.00027541316,0.00017596791,3172.700149996375,0.009982134,0.00082108384,0.07510241444315545,0.005597604787654753
-353.20218,3.962294,172.85439,4.7937574,-43.024933,3.9167275,60.99988,3.790773,-25.24503,3.8608856,28.283226,3.216777,-22.37549,3.3878827,13.2325735,3.191439,-6.3165197,3.0173075,5.3665814,3.4289198,3.8864305,3.5640128,-3.610472,3.2116573,8.677574,3.1464443,1283.5014660481713,88.44524148942943,1557.5226612699585,48.69445990791445,0.00028962124,0.0008911453,2757.973655470563,0.010586573,0.0014176158,0.05775200297273782,0.008782518928510572
-328.44272,7.353907,160.64879,5.492248,-55.949963,4.588428,66.60644,3.659416,-37.198994,4.0104513,34.76512,4.4069724,-25.644524,4.132795,18.768082,3.7109354,-11.239795,3.253435,1.4275712,3.2800922,-1.0874658,3.4047155,-8.221571,3.0121052,7.9882336,3.1568756,1664.1783025180398,107.94650528937471,1752.023434150233,75.84600293944389,0.00053742575,0.0016401723,3593.9465586934457,0.009991445,0.00088550104,0.08990945838167054,0.01138401589402748
-346.80023,3.413339,161.04282,3.7891452,-42.025623,3.6424787,56.23955,4.065422,-39.43532,3.045533,31.065968,3.5696795,-32.695526,3.4332814,20.499971,3.2708476,-9.335638,3.1210706,12.438003,2.8755624,3.7024593,3.1905217,-2.4497044,3.2115886,4.741039,3.169744,1583.0704688769788,70.76792085050118,1808.775190106553,42.52751843001864,0.00037464697,0.00056454225,3475.414019449681,0.010076052,0.0010399574,0.07602006598027843,0.008051097405501044
-362.21774,4.825525,172.76195,3.980969,-44.228065,3.7823107,69.73714,3.65398,-26.370716,3.7977207,35.247036,3.5757148,-24.961096,3.4724865,20.091555,3.2897594,-5.150755,3.146388,7.997552,3.063574,1.1921047,3.072393,-8.260934,2.8061755,5.515625,2.93714,1315.9587041081231,78.19544125801818,1627.0406298008375,53.744287384178946,0.00026049546,0.00052541244,2887.647503987819,0.010305995,0.00082931755,0.05673578886310905,0.008238659925392649
-332.6682,3.4976692,158.61847,3.7085376,-55.10919,3.3055294,71.115456,3.3287227,-41.313755,3.1907434,41.81235,3.1501331,-32.336006,3.1148272,25.001291,3.0457687,-14.726207,3.0223455,10.007596,3.2629588,-1.8290633,3.2188718,-3.4585001,3.1440465,7.6177025,2.9584565,1783.7259958345112,72.693000303567,1917.2674708258628,32.407562149664834,0.00058583095,0.0007187793,3965.956374166183,0.009718324,0.00065510324,0.0907421421838747,0.00940204779911763
-354.7455,3.6034298,178.46033,3.5696535,-50.438843,3.1835032,67.65411,3.038107,-30.281282,3.306904,34.320354,3.1045372,-23.999956,2.8346353,18.179836,2.9168944,-7.6107707,3.1341083,6.377427,2.9170737,3.8766387,3.1637597,-3.8060448,2.9332333,8.323084,3.0434835,1306.0131391165912,64.66593331442526,1572.4789987970084,33.14887029768828,0.000251235,0.00029759726,2816.627902497825,0.01056845,0.0007989294,0.05919985317575406,0.0068637545631384895
-347.39508,8.588404,182.15588,4.6524396,-60.147015,4.507751,64.80588,4.6085114,-38.452393,4.3704267,35.961494,3.879969,-27.472284,4.034108,18.422031,3.709503,-9.625197,3.3388941,6.0159855,3.902451,0.66169584,3.5610912,-6.303101,3.217937,8.032792,3.2064908,1396.9687555898274,63.517001295628056,1568.6311112572064,46.921033802452264,0.0003081025,0.0003347699,2910.2298887035963,0.010063652,0.0010699568,0.07239251015081206,0.007004399894339797
-340.90735,5.486216,151.11345,4.4176626,-78.47797,3.9709957,60.767834,3.7990632,-48.648792,3.6300118,38.332783,3.598039,-34.818478,3.6505227,11.873493,3.1002126,-16.169544,3.2038126,6.7584434,3.2734814,4.615826,3.2816763,-0.23976433,3.1649148,9.755511,3.5343757,1967.530604858798,74.74529989010966,1731.0051614805848,46.8285338932127,0.0006347253,0.0011953774,3889.3661180394433,0.008884213,0.00084981514,0.12886773129350348,0.009218974161644028
-365.12576,4.2251873,175.65646,4.217708,-43.35785,4.0965676,69.51157,3.6280777,-28.046381,3.7725258,34.287766,3.9997652,-26.197458,3.4949646,19.301542,3.1743174,-7.177322,3.1043563,6.202003,3.1771564,0.14952813,3.0826647,-8.304734,3.203008,6.6587386,2.8558643,1287.3154352703716,76.20532256784442,1608.2870707469458,57.08567156648987,0.0002479248,0.0006272164,2817.2024543213456,0.010378762,0.0008042321,0.0544835774361949,0.008508561706168252
-357.29526,3.6334424,171.21603,3.648659,-50.875763,3.3430612,60.194424,3.123992,-29.441492,3.292377,37.828342,3.3273404,-17.38561,3.144213,20.26345,3.361145,-7.812522,2.8436508,6.0937963,3.232924,3.6862051,3.3326838,-1.0372622,3.0747094,10.766887,3.2186575,1376.0380898104252,70.11917644657004,1618.5128741236033,37.48500796243108,0.0002683489,0.00025407318,2956.04415150087,0.010050939,0.000981901,0.059732317647911835,0.00794302308968091
-348.7798,3.4373257,177.03522,3.4817615,-53.967697,3.4216,66.973656,3.3731966,-32.18629,3.198423,35.212334,3.3185034,-24.121916,3.0204055,17.856546,3.0327942,-7.978986,3.1122775,6.1161103,2.8760145,2.3593242,3.0863237,-5.399157,3.148049,6.6953373,3.1531403,1371.4444660629636,55.02591189876287,1590.512559352667,31.75324796305002,0.0003055825,0.0005563332,2934.036318608614,0.010381117,0.00068456837,0.06518044881090487,0.006913574014926701
-361.97534,4.55481,169.081,4.1470327,-41.8184,3.6873896,63.62005,3.8463778,-23.921312,3.306214,32.55273,3.5120237,-21.969553,3.3432043,17.26819,3.5790133,-4.5505104,2.829936,8.86287,2.8771315,3.445596,3.0577781,-4.6035476,3.2292695,9.459212,3.385088,1309.21773580083,76.62122283358809,1621.3045322935247,58.68923426628855,0.0002614056,0.000601187,2877.0307855097158,0.010258205,0.0010904237,0.05692838239559165,0.010134452835226763
-351.22253,3.8057542,172.4397,4.132591,-50.239216,3.8138578,57.498,3.5382438,-30.174952,3.5206568,37.066013,3.625053,-16.169218,3.461778,19.770088,3.4526772,-7.894215,2.9986966,4.4119987,3.1019607,2.3039048,2.8626645,-1.5204123,3.1111321,9.869926,3.164043,1372.4613249748772,74.51021464570435,1600.8653110131436,40.19101207899033,0.00032987568,0.0008551225,2913.527316560325,0.009986994,0.0011244281,0.06484397658062645,0.008121234890411977
-348.56204,3.5371757,177.4713,3.9761221,-55.634758,3.8150005,66.72969,3.4951377,-32.281498,3.303663,36.02885,3.2187197,-23.691462,3.18121,18.765982,3.1035688,-7.790846,2.7946792,6.759185,2.8737602,2.3775496,3.0461166,-5.431934,3.4749548,7.007803,3.1089976,1375.13176191534,64.49628040569893,1588.7201657220894,37.40846010079714,0.0003189166,0.0007452949,2933.361844728828,0.010417343,0.0007636145,0.06507055720707657,0.007917433094628872
-351.88007,4.3213887,166.06403,3.701597,-52.118385,3.2902775,52.419605,3.4520164,-40.59518,3.428383,33.573734,3.3818517,-30.039528,3.2487426,23.699537,3.3290963,-10.861491,3.0838864,5.5174785,2.9742591,-5.3698363,3.0894713,-5.3688035,2.9844325,11.310668,3.037703,1578.8282661416201,67.34647557293525,1730.134129622123,39.469828555648434,0.00036388906,0.0001934445,3265.7775454067573,0.009269021,0.00096868223,0.08317774796983758,0.008025961069553833
-352.00943,3.621823,168.8292,4.085482,-55.40294,3.8237445,53.96861,3.7487116,-43.80261,3.5189042,35.620533,3.471821,-31.918936,3.5701876,22.051443,2.8679984,-15.265373,2.8876865,5.184771,3.2028844,-0.3864058,2.7366385,1.8556843,2.7858617,15.181435,3.0633512,1592.2415089787048,58.94306282903113,1728.5962987532619,43.090513256706615,0.00045791882,0.0011061535,3288.5347937209976,0.009156876,0.00078478974,0.08733436956206496,0.006296409805366444
-357.53513,4.7115,173.02606,3.805549,-45.0715,3.2434888,63.20653,3.4215183,-28.300238,3.5853865,32.442616,3.0813494,-25.147541,3.293598,14.493007,3.2193542,-10.049529,2.954167,7.279403,3.2368543,2.4326549,2.8926933,-6.0781193,3.0157862,6.8338647,2.9798028,1340.901032724581,85.41036233026547,1612.1061712580636,67.72962859342978,0.00027236296,0.0004608224,2903.9347991589325,0.010071925,0.00084825384,0.06369181409512761,0.01813158738695523
-352.95682,3.9614935,176.78165,3.9310513,-55.748547,3.5388966,61.563255,3.5800567,-33.468346,3.7886257,41.297073,3.2426383,-18.61694,3.1387587,20.684114,3.3660443,-11.070507,3.238567,4.175188,3.1339865,2.369241,3.019551,-0.20606768,3.0567415,11.1686325,3.1607819,1380.6074793785076,61.749920950154795,1598.6235941718048,34.797329574335315,0.00031545476,0.0005962524,2922.8700288210557,0.01002013,0.00075360795,0.06605391712587007,0.007503278939234574
-352.47324,3.7032657,170.32784,3.6513455,-56.722107,3.802746,55.203686,3.5229616,-41.7026,3.6387942,40.45535,3.553848,-28.852238,3.4525661,24.63691,3.3500016,-16.716558,3.0659873,4.030333,3.4694576,-2.49028,3.1288557,0.014956519,2.7891681,13.760334,3.0055518,1579.208128448269,60.270372883704255,1734.0344330334674,37.73226373315897,0.00041831122,0.00052162877,3258.907904038573,0.009031924,0.00070457987,0.08570865356728538,0.006812727280115791
-344.57883,3.8041136,144.6332,3.605623,-45.714867,3.409406,66.39467,3.4703548,-44.828705,3.2708266,36.7297,3.4418209,-36.176365,3.333107,16.955315,3.1016884,-6.0584483,3.0834079,7.012388,3.1467226,2.7930307,3.01801,0.10481944,3.0365822,6.3571963,2.8122113,1915.28925109755,88.8093201229806,1977.1899478490384,40.73458756725685,0.000495228,0.00059029384,4465.916382685615,0.00978497,0.0011683794,0.09008958997969838,0.011670069643966491
-362.18195,4.255098,169.39088,3.7232337,-41.34057,3.729976,64.265076,3.4482806,-24.35545,3.4872808,31.496637,3.2320652,-22.439949,3.2894354,18.201855,3.2871137,-3.451398,3.266504,8.9726515,2.9068964,4.283294,3.0632029,-4.3299313,3.125416,8.70531,3.2628968,1307.8277582712121,85.9346988247936,1620.5675372192306,57.974056299762964,0.00023823662,0.00025467228,2873.3586499419953,0.010253799,0.0011850377,0.05603905343677494,0.012505234999384603
-345.47485,4.058959,156.69101,3.8258328,-43.528496,3.3651767,63.786472,3.4703057,-38.98466,3.3172495,34.506927,3.27444,-28.099976,3.353943,18.042435,3.375428,-12.534168,3.0852723,11.070861,3.287734,-1.3641074,3.1817815,0.30317506,3.1775577,13.924483,3.2029495,1660.052081902174,75.97583628663408,1862.2675504042325,40.95869905260719,0.00043112284,0.0007009917,3767.1614432279584,0.009990555,0.0012798136,0.07693431880800464,0.008647189495459368
-354.10165,4.044106,181.93735,3.9062698,-54.575115,3.619335,65.29757,3.3989058,-30.994755,3.436872,35.267532,3.3954792,-23.917597,3.705292,17.648626,3.0720072,-9.590988,2.966034,5.222541,2.9186494,2.6118522,2.8843775,-5.2103233,3.0492203,5.661733,3.1115751,1306.753332316237,58.08916655141539,1538.7364825596944,33.88953239276881,0.00027393768,0.0004802037,2753.6020655089906,0.010305206,0.00069550687,0.062171458091647334,0.006843575166216794
-351.50867,3.6148434,179.78017,3.2125943,-53.262493,3.264577,66.96519,3.0851133,-31.917036,3.2221346,33.840862,3.2709155,-25.071684,3.1604223,17.509201,3.1385355,-8.575939,3.135327,6.0999537,2.9667625,2.4040623,2.9220512,-5.415114,2.8209238,6.9792,3.1186206,1330.2029843254184,60.426600200037605,1562.005428443154,29.696624323557028,0.00025659104,0.00025761203,2831.7411135078305,0.010561902,0.0007674259,0.06188823230858469,0.007710274713523729
-334.44077,20.282335,163.73914,6.620041,-72.13467,6.7214127,51.881054,6.803997,-42.787994,6.1894164,30.910845,4.4115767,-32.40863,3.9951482,13.9954,3.991906,-13.954102,4.6103883,2.581172,3.6744263,-3.3453188,3.9268887,-8.020789,3.8411176,4.6677513,3.7901647,1707.0505503756901,79.79216828222604,1634.1628913904729,56.99897638391603,0.0005207133,0.0006761955,3361.6777389066124,0.009345859,0.0019585455,0.10480486876450117,0.011671195670692608
-356.66254,3.4772205,170.8158,3.1076124,-51.849857,3.3473356,54.110504,3.3730793,-42.177822,3.140105,31.196568,3.358199,-33.00388,3.1106577,20.07159,3.040751,-14.061513,3.1363325,5.045715,3.0633357,0.62880445,3.179364,1.5698845,3.1640534,14.073774,3.01293,1510.8092704618516,54.723156731265426,1680.3491892092838,31.983502963768895,0.00031152435,0.00025240172,3087.3667139464906,0.009530413,0.0006898743,0.0771552349187935,0.00663696523392617
-353.27792,4.2483926,171.31343,4.2743382,-50.249294,3.6488369,62.907085,4.0889225,-30.447836,3.5119112,39.443264,3.5794256,-20.609098,3.1648607,21.285276,3.2066727,-8.633279,3.401852,6.708017,3.0680726,2.8054936,2.9952679,-1.516066,3.0862882,9.914591,3.0426831,1397.8768086156783,74.63959120791549,1654.3468564757693,45.5864590668935,0.0003245394,0.000720375,3020.0941895664155,0.010132097,0.0009334984,0.06175001812645012,0.008306250456551253
-331.74533,13.908173,153.8975,9.564396,-89.33616,8.2613945,82.93128,9.067605,-52.672535,4.4300027,40.912136,3.8698702,-38.32203,3.7715352,24.363913,4.0670123,-17.541586,3.5591838,11.448419,3.0415595,-1.9025548,3.7460077,-7.192721,3.4634023,8.0058,3.4255297,2153.6374247666704,204.85154493127482,1800.7277232494687,63.402881009406606,0.0011242377,0.0023870445,4090.4342757576856,0.008049386,0.0007773162,0.15348911506670534,0.02765365836224678
-354.40536,3.6825926,174.06108,4.5563045,-56.57034,3.7644415,56.567444,4.2020044,-45.023525,3.6579874,35.52662,3.5626047,-32.42512,3.5486457,23.27033,3.3194005,-15.198792,3.052425,3.7378416,2.9419205,-1.983643,2.9111028,0.41655213,3.2168145,14.6212845,3.4123085,1534.0802133431423,62.505453514842806,1688.4498666552277,43.80873604315817,0.00043565378,0.0011637885,3134.7547491299306,0.009196175,0.0006817858,0.0813503752175174,0.007120481576123739
-343.2189,3.9908288,152.9164,3.9186642,-54.318672,3.2973328,59.166683,3.65862,-45.543987,3.3274245,33.04441,3.233137,-30.71024,3.417551,25.256248,3.3023655,-11.224963,3.0123346,1.553273,2.9672832,-5.352905,3.074934,-7.320295,3.1425436,8.934361,3.0732553,1831.4756374419812,78.51469836290963,1864.4552190289285,40.591144233853605,0.0005725528,0.000539055,3987.1398500942573,0.00872603,0.00092254044,0.09916527697215777,0.008011324800097919
-349.42566,3.946607,165.65837,3.9137595,-50.53343,3.6731703,53.831387,3.4931486,-43.645542,3.2500684,31.872826,3.1970568,-33.01574,3.4223225,22.820585,3.5954611,-8.295577,3.6983988,10.413116,3.235433,-3.0811946,2.8912334,-9.692273,2.9064817,3.4696288,3.0025015,1588.4922463767912,74.69768968085897,1753.703409962437,38.14412670492384,0.0003660963,0.0003507077,3359.7292588094547,0.009647299,0.0009957531,0.08084510042053364,0.00851034178643358
-349.7627,3.5455294,179.5356,3.7460515,-56.49352,3.5493746,67.58749,3.6937234,-33.08908,3.3498678,36.51604,3.394207,-25.347004,3.0345607,17.633352,2.9861803,-9.622597,2.9585116,5.6450076,2.6788986,2.3143814,2.7918823,-4.586925,3.1446123,7.6366053,2.8717,1364.2313473576878,63.09592205831756,1578.767000212839,32.0031795750907,0.00030210134,0.00055928447,2900.5624297600057,0.01039834,0.00078632555,0.0655350474912993,0.008398697428568112
-339.5286,11.002958,184.25543,5.4306064,-68.32996,5.53517,62.00271,3.751278,-46.212704,4.287236,37.729683,3.9662082,-27.173769,3.384587,18.885303,3.091384,-13.942328,3.1289504,4.5785375,3.2777638,-1.4843408,3.086524,-6.1932397,3.215624,7.374241,3.146085,1472.9464007595157,111.62401266821362,1568.487098164726,63.2294811225673,0.0003765067,0.00057492324,3018.2955925536544,0.010035296,0.00069970003,0.08146819714327146,0.011303400076631507
-352.7158,3.628653,179.30032,3.9031355,-54.269276,3.5410566,68.82849,3.3171473,-32.012028,3.5630994,35.97294,3.6099288,-24.588207,3.1949503,18.825329,3.107856,-8.011875,2.9231994,6.0930147,3.091259,1.5787268,2.8742843,-5.9122257,2.8017612,7.3687544,3.0304089,1344.6465011953178,57.326967751167096,1579.5985488263873,34.86708711995741,0.0002966831,0.0006734468,2885.9738095453886,0.010390981,0.00073835446,0.06255437935034802,0.0070073907930250316
-347.63943,4.238231,170.41754,4.334233,-44.658,3.6809247,63.57847,3.6069734,-30.586237,3.9287527,30.567566,3.3678684,-24.758207,3.0126622,17.058132,3.0814698,-7.0078487,3.4767315,6.5455756,3.348302,2.4228318,3.2996619,-3.921382,3.1698184,8.209552,2.9643035,1380.6800145720347,70.13174750438978,1639.1255084293502,45.80831708295494,0.0003212794,0.0007555036,3000.2596613979117,0.0105932085,0.000941767,0.06266427095417633,0.008134077234730972
-354.27234,3.6285615,173.36612,3.8421936,-57.36121,3.2003672,56.07226,3.5940075,-45.648754,3.580065,35.84382,3.3885608,-33.350315,3.256353,22.812279,2.973395,-15.896377,2.7967637,4.203694,2.9792025,-0.8319163,3.1354525,1.2103773,3.2955108,14.992747,3.0767095,1552.622682972289,60.81352261203476,1697.844252164279,40.085162045559535,0.00037133184,0.00035477188,3172.2005397150524,0.009253186,0.00069140695,0.08211281902552205,0.006613923610251968
-353.24847,3.985118,160.59059,3.6107197,-43.734642,3.3394196,52.12197,3.7924855,-36.126534,3.34138,26.616014,3.3077886,-30.251493,3.6185038,18.83511,3.3100717,-5.035137,3.3910058,10.696251,3.2500625,0.8544259,2.8429499,-6.8496103,2.891787,2.1482995,3.2969024,1535.195786813263,65.25271751116439,1719.6111180462565,42.64310791986888,0.00033295475,0.0004429419,3232.728325297274,0.009801381,0.0012698071,0.07540150087006961,0.00648755947466623
-353.10043,3.4648862,168.8771,3.5904276,-53.58815,3.6150985,55.77315,3.4655066,-42.738842,3.3749537,38.1166,3.3883176,-29.246277,3.16065,25.016653,3.1797984,-13.762471,3.0317538,4.3791203,3.21905,-1.7617309,3.3418987,0.76819307,3.3093588,14.417077,3.2976434,1560.0485806867043,59.95359937572172,1738.2036412911184,39.36216897378967,0.00038201376,0.0006625861,3270.873570276247,0.0096323155,0.00083144684,0.07933494054524362,0.007173214849778769
-362.64276,7.705021,160.87057,4.5983205,-39.2325,4.2014623,59.802666,4.782862,-20.902834,3.4420881,26.488787,4.337546,-19.529924,3.9300747,16.669022,3.146895,-1.3903673,3.4667804,8.54437,3.8350272,4.1301064,3.3092268,-5.687906,3.92264,8.317878,3.481442,1371.951476928012,105.00296794017865,1639.5247096553069,48.60803399298264,0.0002921008,0.00083253917,2986.6203007178074,0.010048344,0.0023351908,0.0579106094112529,0.022738037637114572
-347.07947,3.791473,168.12512,3.374119,-42.702724,2.9722416,57.802677,3.048007,-22.541632,3.2790413,26.946232,3.0360296,-19.097914,2.9860845,13.23556,3.0157049,-4.330323,3.1203954,4.9802513,2.946303,3.1552823,3.1664343,-4.503015,3.25292,7.4620442,2.8965194,1328.266937705325,73.32448604983412,1570.3801763587999,33.721605206961264,0.0002571997,0.00031288972,2840.609196001305,0.010494392,0.0013419493,0.0606454375725058,0.008315643579756959
-352.9019,3.9608178,172.30164,4.3099313,-52.717304,3.6955023,64.38063,4.0087733,-33.09548,3.472804,40.998375,3.4265335,-21.49707,3.2868333,22.481628,3.3383706,-11.164968,3.1926582,5.485685,2.8955758,1.7276187,3.0190232,-1.6719626,3.0487688,10.3242,3.0437167,1427.5995035624899,76.24928020419779,1666.674329272875,43.643020704193034,0.00037189122,0.0011795275,3075.401047708817,0.01002219,0.0008266542,0.06673026029582367,0.008651477652633278
-351.25818,3.7600696,179.2528,3.9780793,-53.464104,3.2817967,65.55489,3.5940063,-32.02173,3.0285647,34.347195,3.2188158,-24.4245,3.0581465,16.60437,2.873724,-9.2212105,3.0435002,5.1930356,3.2129817,2.6090107,2.903147,-4.225755,2.8399448,8.422394,3.014417,1338.8170479372395,62.90495975332341,1564.8880641430642,36.26165768358581,0.0002889459,0.00057125965,2847.628720453886,0.010450052,0.0007689702,0.061743220707656615,0.0065563266473253065
-351.04205,3.7997103,169.23537,4.182612,-55.62828,3.7270534,54.54922,3.6701524,-44.166443,3.5497746,35.79418,3.3583531,-31.976675,3.3508449,22.79974,3.4268892,-15.09678,3.0604775,4.2061124,3.2199461,-0.8351637,3.0892882,0.75979364,2.8615642,14.145666,3.324195,1588.1569007906203,65.41488786168993,1723.8279518572315,39.762552695652495,0.0004073884,0.0006922152,3273.1717775703305,0.009376404,0.0008367983,0.08650281866299304,0.0075722877555055535
-349.18814,4.1971755,167.84048,3.661145,-55.490887,3.0880651,55.856773,3.296075,-43.022976,3.1657183,35.609856,3.28714,-31.585697,3.1284037,21.906319,3.1469166,-15.16525,3.1145551,3.0180652,3.1902163,-1.7264332,3.1609304,0.6332344,3.29139,14.968486,3.235982,1600.1621455124723,61.76211511427326,1731.8263900380227,41.906969448014124,0.0004186591,0.00061793573,3328.503616226798,0.009225774,0.00074367726,0.08605532192575406,0.00762766490861912
-352.38055,3.881239,171.34253,3.6902094,-57.92882,3.7373974,57.161026,3.6892016,-44.09985,3.5113266,40.82442,3.5358248,-29.874243,3.3835216,26.036121,3.326581,-15.83352,3.3361597,3.8071032,2.9679246,-2.3882332,3.133879,0.39580175,3.1608303,14.870497,3.2120862,1582.3009239559158,58.355573287798975,1733.6391480355592,37.83074391902933,0.00042560237,0.00077255984,3280.5410292198376,0.009312825,0.0007027328,0.08479553364269142,0.007083624119332316
-339.70486,18.207016,147.59082,11.957066,-72.33858,7.701373,75.65127,9.00833,-41.319317,4.96815,33.488186,4.8760767,-37.58392,7.1727796,23.919977,4.819023,-10.370574,4.6370096,8.344419,3.367087,-1.1722447,4.5106697,-3.3093507,3.8123484,10.272258,4.4390674,2026.5431855787738,269.98924322276673,1807.94296222814,92.4287310266247,0.00076401717,0.0016391812,3996.432601326856,0.008264253,0.0014349408,0.14420270809164734,0.03696047869273939
-349.65146,3.6636329,178.79231,4.367625,-52.692314,3.926874,65.216125,3.338776,-32.214905,3.4342253,33.696987,3.350563,-24.749456,3.0055974,16.523304,3.0727715,-8.750889,2.9364665,4.807433,2.8616576,1.4057318,3.0869792,-5.8914533,2.8871405,6.428277,2.9639385,1343.4411065344254,63.63873852289494,1567.262515664586,37.13769835337726,0.00031018982,0.00071590464,2855.0729136455916,0.01036865,0.00080535724,0.06432850565545244,0.00773142818077553
-353.30176,3.4789844,160.64107,3.681932,-46.861618,3.4928548,60.86893,3.4755871,-38.961487,3.505473,32.892498,3.653581,-31.751106,3.2123394,21.779564,3.036847,-8.424794,3.3366635,13.6737175,3.6122696,1.6639361,3.0717614,-5.993534,3.1893716,3.4317582,3.1155465,1593.4561411709997,60.36158696791083,1805.5285186825595,37.78535874177638,0.0003509008,0.0006369708,3507.4140579683876,0.010127911,0.00086433487,0.06902212333236658,0.006452069235045942
-356.59167,3.6418123,165.38037,3.92293,-54.21041,3.760914,52.397713,3.4982228,-41.486748,3.6913013,32.90682,3.2778962,-29.07615,3.5297186,22.48001,3.232001,-11.341122,2.9672637,4.4176383,3.044959,-1.5994548,3.2825365,-0.52985114,3.2116601,13.997361,2.9388635,1589.2541009122558,59.32765003303607,1715.6502878663125,38.91465166819663,0.00044217767,0.0010332379,3284.9126191814094,0.008659786,0.000642682,0.08326498151102088,0.007235941259407419
-347.7999,3.523407,180.1627,3.8725948,-56.091232,3.4718063,67.87535,3.7652128,-34.03988,3.2132714,35.45282,3.377844,-25.804398,3.0592594,17.088665,2.9941144,-9.6868,3.0113344,6.4207587,3.06692,2.5333836,2.9420116,-5.5294795,2.989393,6.572398,2.9275725,1364.7155035496046,60.12615532063499,1575.3038321461527,35.301258715505625,0.00030501973,0.0006692058,2903.75993556047,0.010536178,0.00073425326,0.06531979589617169,0.006475526644312351
-353.4814,3.7521846,177.86823,3.1631317,-58.72665,3.0526326,61.974667,3.2310627,-36.298565,3.261138,42.45598,3.0646048,-19.006832,3.3173423,21.9518,3.2007844,-12.580855,2.7604666,3.755565,2.869709,1.736897,2.8427346,-0.20291327,2.9120798,11.211612,2.991513,1410.5163627853642,57.54168515219088,1598.2707265066008,36.119968617626505,0.00028065237,0.0001675766,2956.6936448665892,0.01001973,0.0006452739,0.07339059781032482,0.006942377890236677
-356.2985,4.887086,173.4562,3.7574503,-49.30205,3.6630678,59.93181,3.6068728,-30.127428,4.0102468,34.188927,3.546741,-19.812565,2.9736161,19.880634,3.4603362,-7.0890408,3.1554232,4.3755774,3.2189841,1.0030825,3.1688948,-4.8513,3.1697357,7.4382873,3.5048873,1353.919191021275,73.91354250901446,1591.4383174519112,39.65853918093555,0.00025573416,0.00022696247,2872.484331949681,0.010208391,0.0012886458,0.06037467372389791,0.00998660119367271
-357.78705,4.0121636,155.7326,3.4802918,-46.304886,3.241965,63.44959,3.557212,-36.035007,3.3090727,28.782263,3.2724473,-28.565826,3.1446104,19.525845,2.8442404,-13.315439,3.012062,12.011012,3.3339598,4.9784384,3.1160283,-5.0684285,3.5000415,9.199156,3.192047,1604.0878419522567,70.15875496271596,1795.2321803695045,42.27111301257049,0.00030492028,0.000393411,3463.098626015081,0.010457014,0.0013232531,0.06518044881090487,0.008177130317808276
-364.50717,5.3574257,172.74284,4.168996,-38.515045,3.7891946,64.31258,3.4813783,-23.9294,3.4546964,27.861753,3.6314418,-23.641012,3.3549247,17.406887,3.1394095,-1.6798037,3.0802822,8.576975,2.9542248,2.9696825,2.9154751,-6.449068,2.8271976,6.7195644,3.0456223,1236.4642473931824,75.690192053406,1567.0277841608272,44.596510073753045,0.00020105821,0.00031998585,2689.7518715559745,0.011033027,0.0015971254,0.04840555213167053,0.009321635745644968
-324.14966,4.058602,161.8325,4.6888227,-75.76261,4.3993793,76.70062,4.3353267,-54.373478,3.5626762,42.35118,3.3901668,-31.91697,3.5245008,21.420334,3.2505102,-17.404373,3.6457691,8.445073,3.5219164,2.4153311,3.1271255,-4.3671823,3.227716,10.082557,3.1892657,1930.4857163955915,73.23000822209913,1815.6789672292953,41.86970748859256,0.0007771099,0.0014497689,4003.6519698919665,0.00931834,0.00048456038,0.1205896081061485,0.010249550262875003
-352.2158,3.502608,181.60468,3.9571404,-53.621094,3.8146048,64.34809,3.456439,-31.777454,3.5060704,34.841034,3.389547,-24.397682,3.5807033,17.243536,3.0373101,-8.940458,2.8879404,5.5402193,3.1724286,2.2948165,2.8039365,-5.481008,2.8547497,7.2803164,3.0875232,1311.9920088860797,61.161467149803826,1543.8081896903657,35.10329539345528,0.00027216034,0.00044945537,2761.9205766930104,0.01043298,0.00072772044,0.062114812935034805,0.007849789255029212
-352.97867,4.263796,168.88113,3.629344,-56.00519,3.2629673,53.80796,3.1096768,-43.99638,3.4188676,31.953316,3.1335096,-32.29068,3.4747252,21.354174,3.15736,-14.855496,3.2406843,4.1195326,2.965678,-0.14376399,2.8559635,1.6939094,2.9498177,15.1556225,3.269506,1573.280475529743,59.094055792048266,1692.4798204748024,39.332029960790194,0.00035970335,0.00048233825,3195.1076711136893,0.009577311,0.0008484911,0.08539144069025523,0.007924944477202435
-351.2677,3.58082,176.30243,3.1399314,-52.179855,2.889459,65.45265,3.0066516,-29.411049,3.2756217,33.84014,3.1111915,-22.973633,3.0685296,16.89416,2.8597326,-6.9346023,2.9713624,6.560732,2.881785,2.705404,2.7995603,-5.0278573,2.972393,7.400181,3.0548196,1338.9407755273376,59.26452903097817,1573.164177734217,30.871912015389643,0.00025071503,0.00017461553,2869.5616118039443,0.010519417,0.00077222724,0.061248142038863106,0.00715701957458141
-367.0858,8.445713,164.88368,8.473003,-42.655365,4.3505545,59.066006,4.5287232,-24.087322,4.161548,28.86563,3.7381413,-21.387848,3.4380429,16.860584,3.5374012,-3.2983992,3.4305966,7.204872,3.7111988,3.446753,3.2707024,-5.9407816,3.3228147,6.945557,3.342156,1370.0562734156863,155.76284778272236,1619.8842143480208,82.80413670669802,0.00034509777,0.0012658687,2933.486747299159,0.009854542,0.0030970778,0.05834564421403712,0.016476232193545614
-350.9678,3.7493916,178.37163,3.5562322,-52.27257,2.9765906,64.74841,3.280749,-30.213823,2.9420905,33.6983,3.0671804,-24.559954,3.0456975,14.898021,3.288789,-9.724746,2.987485,5.47858,3.1311061,3.339404,3.0225606,-3.970051,2.8522413,7.753735,2.7285252,1333.4718382974506,53.41722707705059,1559.2192286599545,31.9562475989607,0.0002713972,0.00045681957,2829.0931790168215,0.010442169,0.0006455666,0.06295089544663574,0.0062966217969391645
-360.0031,9.790343,159.87193,8.536206,-38.540844,4.9925942,53.50628,5.408998,-20.691801,5.1371984,20.49758,3.8592982,-21.352568,3.977691,13.1066265,4.4914,-0.55084836,4.5623994,5.8379507,4.212852,3.8355682,3.4925082,-4.968136,3.6623402,5.593226,4.1967573,1380.134478882636,177.60654679978606,1589.9402457062768,89.38352261923916,0.00032984326,0.00035975483,2891.1947369852087,0.009923416,0.0041184463,0.06882499818735499,0.016213353814682356
-354.03998,4.142444,172.35645,3.3751068,-48.66227,2.9703796,59.40888,3.0973337,-28.795162,3.4587169,36.93095,3.3060756,-17.258526,3.0603232,19.39841,3.0132287,-8.276018,2.9024885,4.2864504,3.272627,2.2016056,3.28733,-2.0222201,3.0343795,10.244015,2.8584726,1351.999711018777,65.8405593523595,1601.524826661393,35.2074078586002,0.00025930186,0.00019519334,2895.016755637326,0.010151161,0.00089673564,0.06149851363109049,0.008038670146134887
-350.89087,4.211215,165.02658,3.674996,-48.749947,3.3959649,55.905914,3.1725523,-40.48392,3.318774,33.093704,3.3822546,-30.044151,3.4400249,25.051754,3.3379917,-7.173439,3.1548066,8.1828,3.1168368,-4.077656,3.13024,-8.076272,2.91443,7.832191,3.0044034,1566.0950307856128,69.48053784286212,1753.2519301924854,42.472008900876226,0.00037108338,0.00035963277,3326.5801166437063,0.009525326,0.0008984504,0.07837197288283063,0.007465775425944224
-354.52878,3.580272,180.02882,3.9944053,-51.86142,3.5427728,65.74512,3.4720373,-30.245045,3.2994132,33.957466,3.1489732,-24.187885,3.1328692,17.010801,2.92309,-8.673137,2.7063122,4.964608,3.0903535,1.2575501,3.0932338,-6.227382,2.7762773,6.6333237,2.8666625,1308.1672786341749,62.00128907464765,1550.4827586775123,36.1777746180805,0.0002799908,0.00065351365,2780.1313714472158,0.010357817,0.00085747417,0.06066809563515081,0.007279652065469155
-335.083,3.9624639,162.94725,3.555047,-58.548508,3.3651679,72.54257,3.1676419,-40.783623,3.1078944,42.26078,2.9243581,-32.721737,3.1770756,24.545115,3.018451,-14.170519,3.1313639,9.849493,3.2555885,-1.4429231,2.82575,-4.915549,2.9078457,8.171883,2.846706,1726.9409396217675,68.00598247910474,1852.2939307220088,31.155980764883132,0.00053894124,0.0004653664,3771.53303318953,0.00964501,0.0006585214,0.08881507395591648,0.008921467369488442
-356.71057,6.387789,171.85706,4.9548483,-49.541855,3.5897243,61.33408,3.9089398,-30.597294,3.5219538,34.496513,3.387787,-22.74772,3.3455462,19.79505,3.4412966,-8.02214,3.4224484,5.470906,3.2546422,1.2947863,3.1250315,-5.008763,3.0555003,7.758797,3.1921852,1390.0501630298584,82.62943378220179,1623.630661624655,48.817304542135,0.00029465463,0.0005031039,2954.7701452834976,0.010053291,0.0014305983,0.06247507613109049,0.009530401870230382
-345.58456,3.5281136,180.97089,4.6610875,-58.28527,3.9083307,66.65007,3.7820933,-35.460785,3.837668,33.918255,3.1776211,-27.353222,3.3000727,16.461351,3.0024738,-10.850312,3.0671484,5.292986,3.0993447,2.2860005,3.0308478,-4.552077,3.1536624,7.94088,2.8978162,1383.8638545536041,59.82113035535269,1566.1522287074074,43.53489548243874,0.00035314338,0.0011735308,2899.5632091973607,0.010393614,0.0006723107,0.06882499818735499,0.007346769286510754
-352.11542,8.070915,163.55785,5.572513,-42.112373,4.8665547,64.85277,4.497953,-23.430704,4.0031233,30.923191,3.8671885,-19.68635,3.2943594,16.87147,3.313591,-2.2359712,3.233002,7.7657733,3.478392,4.7644525,2.9809313,-3.5335894,3.0777266,7.3445816,3.267507,1375.729516267661,123.80575831751997,1647.3786187907967,58.31115677810339,0.00030907462,0.00069993536,3036.6562703922564,0.010687399,0.0023856875,0.06045171113689095,0.01181801628521664
-351.72086,3.930916,178.26244,3.3661716,-50.31281,3.0572515,63.590107,3.1926289,-28.764723,2.9956114,32.897022,3.0319335,-23.899704,2.9238975,15.138031,3.0361147,-8.67272,3.1595006,5.109656,3.1447012,2.5873923,3.0986989,-5.635368,2.8246655,6.70616,2.6652443,1310.297289978953,58.917127157665476,1548.9889544106313,32.06300924337188,0.00024682644,0.00019998442,2776.2843722810326,0.0104394965,0.00073668646,0.06100570076856149,0.006863816083341692
-352.62656,5.0845814,187.6243,3.8596423,-57.512226,4.0875754,63.61851,3.9321043,-36.397594,3.367368,34.655617,3.4795945,-27.261646,3.4307652,17.25889,3.1472566,-11.0422735,3.144381,5.526704,2.966373,1.6246542,3.0274656,-6.0593224,2.925288,6.8009167,2.829142,1295.641986113686,55.903114442682565,1509.2640785477802,35.33265278854947,0.00027343835,0.0005012615,2673.3646543285963,0.01038018,0.00069584197,0.06472615465487239,0.0066958113667481235
-352.86615,3.7648282,180.02832,3.7288992,-52.222973,3.840628,64.709816,3.549709,-30.269499,3.4732027,34.097893,3.2159235,-23.61332,3.1250439,17.218096,3.1230788,-8.229265,3.175403,5.334705,2.9866614,2.0689256,3.0495255,-5.557336,2.8826056,7.2696524,2.8390255,1309.7759519149806,57.38996539720878,1548.4703226088388,35.31624994868284,0.00026211672,0.0004094011,2775.634878915313,0.01044431,0.0007046927,0.06139995105858469,0.007201764253069323
-351.86215,3.4715273,171.93428,3.2419639,-56.781654,3.360663,55.975025,3.445936,-44.9267,3.547403,34.016003,3.328885,-34.116108,3.2496989,22.442045,2.867849,-15.455189,3.134842,3.5502794,3.1001809,-1.5201195,2.8159926,0.6549849,3.0251095,14.945582,3.2685387,1557.4805896352104,54.18267585281322,1697.394274425851,37.30578713395071,0.00035306282,0.0002974533,3177.2965645845416,0.009571733,0.0006580644,0.08218985643851508,0.006567111030656611
-353.17264,3.8180656,179.45302,3.8135965,-52.188087,3.720059,67.31418,3.4806945,-31.044218,3.6987703,34.288578,3.293958,-25.636662,2.9160867,15.974457,3.0338938,-8.907663,3.0263596,5.953577,3.0534408,2.6441534,2.9764805,-4.939139,2.8520973,7.830746,2.8315604,1323.8997461097633,58.58577565704345,1565.0725898014591,35.33147993025809,0.00027513865,0.0005758179,2828.5685882214325,0.010476879,0.00069920014,0.062428627102668215,0.007153764709269597
-340.60742,4.0343666,146.53589,3.9232287,-44.255302,3.1263669,64.63972,3.7421045,-36.660645,3.1028907,26.691185,3.3398452,-32.88043,3.307857,22.197327,3.4375114,-12.899969,3.2322416,3.38541,3.6182761,7.516682,3.4734552,-1.9917657,3.2597969,6.4921465,3.0096447,1784.9426421601504,94.31671512638263,1888.8401745432268,44.55844405574273,0.0004180762,0.00046452446,3942.974301225348,0.010657129,0.0019391803,0.08101616879350348,0.012995625110768934
-357.45135,3.595806,169.88168,4.088915,-46.66538,3.5484717,61.315475,3.5997794,-25.129475,3.4905512,31.591232,3.1059277,-20.479412,3.0717995,16.420637,2.9943585,-4.610206,2.9666443,6.5394344,3.1768432,3.6621149,2.864293,-4.0321374,2.9621553,7.959593,3.1305604,1333.52148600222,71.83967992958587,1593.0048123877966,39.40637587577691,0.0002529678,0.00045130376,2872.0846437246228,0.010608339,0.0012579827,0.05448244453306265,0.009106065368927172
-346.75488,32.867516,151.68451,26.524012,-69.22317,6.1049943,80.65219,12.962613,-50.149612,11.19691,40.245922,8.705767,-38.762028,8.2769575,23.96212,8.779554,-14.765534,7.726037,10.794568,5.28194,-1.6093616,3.4867165,-6.277991,3.235401,9.622897,3.0854557,2154.1460291990606,716.4642546654542,1868.3928846520942,258.0008979535078,0.0011872161,0.0033112862,4289.628894920968,0.0077235517,0.0013814794,0.1502206895301624,0.08030805674996969
-351.5116,4.111967,161.27171,3.4909158,-45.482853,3.4014888,57.94415,3.4067488,-39.101852,3.5450375,31.165642,3.3402193,-31.311682,3.0399692,20.985123,2.8785934,-6.688488,3.2430718,13.503724,3.3984616,2.0765352,3.4003634,-6.201019,2.8886232,2.6996152,3.0860262,1567.671688930085,65.01068129227922,1778.1992279570984,37.741548011013755,0.00033722896,0.00035724728,3427.626296041183,0.010071885,0.0009386041,0.07174562246229699,0.006201091187440405
-365.87784,4.51472,171.31413,3.7994707,-39.932644,3.4982877,63.73765,3.5524547,-23.344887,3.741072,31.144781,3.4523976,-20.789717,3.2387526,20.603493,3.4512556,-2.2610462,3.1174855,6.9844937,3.1555703,3.2274168,3.176066,-5.9542985,3.2063732,6.96381,3.537955,1262.0863780286318,80.45249112239094,1588.2379817337537,44.85949000766702,0.00021188498,0.00021571195,2742.9353860027554,0.010339524,0.0012465979,0.05247267437645012,0.00959877288538375
-347.83722,3.317,179.39297,3.035882,-55.38158,3.0421083,66.62137,3.1131477,-33.786594,3.0888512,35.64551,2.9207,-23.806139,2.8986988,17.496134,3.0253727,-10.119061,2.9592826,4.916803,2.929591,1.6390195,2.9079485,-5.202968,2.8878722,7.9053326,2.9236279,1362.0387924031459,59.347108262772984,1575.3103995038261,29.843593611409183,0.00027494167,0.00022047196,2910.154947161398,0.010487878,0.0007385603,0.06569705263921113,0.007381762262383695
-358.41684,3.7032132,170.35434,3.9628744,-57.40826,3.71512,57.74556,3.5306304,-43.771698,3.6134064,38.956097,3.3291159,-30.512842,3.2077706,25.317375,3.2163482,-14.955595,3.0238526,4.0964994,3.4227242,-1.4348551,2.9504447,-0.3485369,3.1577919,14.379581,3.2034595,1586.5933779206398,65.58135598536896,1733.8926533257893,36.1115067163771,0.0004298164,0.00074540434,3297.5027982707365,0.0086966865,0.0007109725,0.0845689530162413,0.007316255272425878
-344.74298,5.887271,173.17725,4.9771643,-48.55377,3.6549551,59.907284,3.3093264,-33.4755,3.5574486,28.838923,3.4589748,-25.38366,3.3357892,15.534017,3.6569452,-6.4386263,3.479566,3.2879274,3.3048894,-1.1641468,3.2470276,-4.277958,3.544105,8.504785,3.2968535,1389.3270834759228,81.44590267869928,1591.8646324145336,49.57149096131248,0.000307233,0.00042345093,2935.809935107309,0.010427753,0.0016641525,0.06760712732018562,0.009511233038622124
-351.53415,3.786525,178.74101,3.1737232,-52.38113,2.9309378,66.21208,3.0955088,-31.252016,3.076725,33.633446,3.0395422,-26.070316,2.8200548,15.380321,3.1371334,-8.99723,3.0768905,5.607325,2.9548244,2.2686303,3.0895393,-4.7783713,2.8292933,8.073233,3.078099,1339.2044396768097,54.09316486907882,1566.0194755237853,31.70830507233872,0.0002481799,0.000106340165,2843.831682315835,0.01043628,0.00070203,0.06430924630220418,0.006538284028670496
-358.4083,4.5137224,171.72052,4.3393188,-41.334133,3.4025238,62.26355,3.3653405,-25.846636,3.3837445,31.958164,3.416351,-20.897043,3.6869965,17.112053,2.8399446,-5.5535274,2.956001,8.480605,2.9919076,4.0486565,3.0643601,-4.8941474,3.0044894,6.158881,3.0730517,1298.6178212422865,88.42273800306988,1599.6058833003883,64.63972621740446,0.0002713866,0.0008359727,2836.812157863254,0.010241207,0.0009330391,0.05900272803074246,0.015904498028840315
-356.88968,3.9868062,170.60136,4.0731974,-57.65269,3.5175776,56.0271,3.6140268,-45.58969,3.3316648,33.395252,3.0456824,-34.77025,3.1912577,21.812895,2.9764557,-14.2314205,3.0413835,5.429582,3.019049,0.36811736,3.0462255,1.8141222,3.264383,14.411858,3.211032,1582.3430274321613,68.61660145935734,1704.1244579846266,43.003965936824116,0.0003897045,0.00043420558,3241.546446762616,0.008919246,0.00078670384,0.0843650304524362,0.007086181854562229
-348.18365,3.8377872,159.09608,3.5998917,-43.04709,3.3428419,55.308495,3.3700016,-37.22003,3.4415724,31.234835,3.2639964,-30.031086,3.172875,19.34247,2.9537818,-7.4635797,3.0881526,12.447971,3.1422899,3.660107,3.0479589,-2.8454459,2.9335873,3.542114,3.0765402,1579.1004967017207,68.77526308711398,1788.689204426188,41.961832793114816,0.0003634273,0.000579047,3464.422593260586,0.010173825,0.0012536962,0.07372707004060325,0.006272702643640767
-324.90533,8.046563,157.15488,5.224017,-86.244965,3.8279703,73.94115,4.12813,-61.291187,5.680927,39.500565,4.2273583,-40.33623,3.9068658,23.937075,3.2886105,-15.814852,3.320687,7.990956,3.2999337,-6.7368526,2.9051673,-8.164614,3.1036305,9.985012,3.1335511,2115.3791863987035,118.03507367687618,1835.2305282050706,70.55143952864326,0.00096535875,0.0011680927,4178.0908996157195,0.008564519,0.0006333478,0.14425255582946636,0.013725654785018075
-344.78036,3.8238013,167.06,3.5344875,-54.85737,3.120983,64.00647,3.2278743,-34.917995,3.0680373,43.481293,3.2453682,-22.246954,3.2126405,23.38304,3.1444306,-12.4419,3.1318336,5.9147797,3.0685332,1.9001766,3.105024,-0.8807549,2.8351953,10.91082,2.8868856,1539.6410284498716,72.0206458195393,1734.9376618009894,43.44672104298011,0.00036445275,0.00026436168,3340.86897068953,0.00998788,0.000705272,0.07628063370069606,0.008088329363193585
-355.85223,4.1309624,174.2715,3.7520778,-51.50764,3.4333467,62.308746,3.5021937,-31.02127,3.4183977,38.318607,3.305525,-18.910984,3.3106973,20.316576,3.0472167,-8.850307,2.8915489,5.374325,3.0981915,2.3809183,2.9992132,-1.8103839,2.9511154,9.834144,3.2330306,1364.3472514440778,67.17661928308331,1610.0650140235236,36.682563232010416,0.00029052506,0.0004224621,2928.565586028132,0.009986243,0.0008824104,0.06213067357888631,0.008282648988930311
-348.50253,3.3362005,181.34926,4.4519258,-55.55747,4.3160505,68.889206,4.110486,-35.308456,3.5935764,34.152905,3.4704614,-28.171898,3.3010273,16.31448,3.3762367,-10.483508,2.93861,5.5866733,3.041392,1.9836161,2.8000636,-5.280282,2.9853992,7.1569614,2.7866776,1360.5848130359507,57.98065443087079,1573.5331323456064,41.38723737183769,0.00034417812,0.001045832,2893.8676519902842,0.01044342,0.00063354836,0.06586472230278423,0.006878365552417914
-349.10992,3.6416345,164.21564,3.4606552,-48.820988,3.4831572,49.469086,3.1480696,-42.593323,3.6610768,28.36423,3.2634745,-30.699364,3.0525005,22.258389,3.2853003,-6.6078987,3.2990441,10.052281,3.021175,-1.2416564,3.045937,-7.9080024,3.2245624,3.1909237,3.2119567,1572.0499634408886,63.076891977380676,1724.5005367836136,36.77975138469656,0.00036221804,0.0003861899,3272.7720893452724,0.009511541,0.0009598945,0.08274158026392112,0.006484818478423887
-351.1124,3.6520526,175.07124,4.0693355,-56.94521,4.374043,60.60967,3.5466378,-33.93952,3.6819444,41.11776,3.4090378,-18.900608,3.2406597,19.950972,3.168809,-11.800753,3.0046434,3.479664,2.9726853,1.4301246,3.2414076,-0.6541741,3.0200138,10.836092,2.8719985,1414.0602246789795,66.95374458544755,1608.2837118377422,40.48919557715659,0.00033732445,0.00082828454,2982.0488666437063,0.009937232,0.0007438212,0.06795492858178655,0.007365577359655014
-353.46796,4.2822075,168.73528,3.737347,-55.483696,3.614338,55.471497,3.4563732,-43.818535,3.3037426,35.963417,3.4660542,-32.637085,3.3389325,23.933617,3.2532146,-12.744464,3.0879018,5.4953074,3.3183298,-3.586167,3.134926,-1.3932761,2.958744,15.6228075,3.1239765,1586.6152133240023,64.6503201114316,1737.3722710489862,37.64630977245794,0.00041486035,0.0006248067,3303.922790385731,0.009172766,0.0007455025,0.08363997244779582,0.007484122554585014
-350.243,3.654293,177.11305,4.579918,-51.318573,3.7197795,66.359924,3.9061105,-30.391014,3.626063,33.629963,3.471008,-24.21285,3.2497904,16.245634,3.0381167,-8.083942,3.0669115,5.6543036,2.8700264,1.6928915,2.8747892,-5.7270355,2.9095511,6.957604,2.9204443,1340.8455881224584,67.64374723996833,1577.7069429605067,43.43360362881149,0.0003370717,0.0011837111,2874.332889990574,0.0104805855,0.0008186937,0.06276963094547564,0.00785193086122497
-351.63058,4.382624,159.20897,4.339085,-41.957855,3.3124955,53.84125,3.858188,-35.860344,3.2672093,30.180418,3.5021527,-28.930824,3.1924813,18.714811,3.3334446,-7.5819225,3.3147066,11.539217,3.1452627,4.7667813,3.2518902,-3.8495164,2.9589274,2.2576537,2.8112571,1546.2327184452029,75.70967351029375,1761.7122665551005,50.76656098112737,0.000379439,0.0011150348,3339.8697501268853,0.010375307,0.0016109328,0.07239817466647332,0.00649829819769861
-359.23068,6.5521536,174.20381,4.5757375,-50.571957,3.8256574,61.309982,3.6179006,-30.718386,3.6262856,35.27619,3.5464563,-20.434391,3.7220187,19.972652,3.4682975,-8.255132,3.4039783,3.99703,3.763235,0.9815439,3.342649,-4.3923593,3.6282082,8.51512,3.3173687,1360.141366762858,77.71688761462569,1594.848709765552,43.039862417323995,0.00026465635,0.0003293689,2887.9472701566124,0.010097644,0.0015073621,0.06031349695475638,0.00917917227383517
-346.19476,8.7181015,175.2118,5.553561,-50.63205,3.8622615,61.33988,4.171524,-31.375593,4.388201,31.414618,3.056445,-22.775068,3.293902,15.656902,3.070933,-7.3521967,3.2312932,4.953749,3.1253204,1.9308848,3.0383387,-6.1880474,3.3225803,5.640059,3.209421,1363.4130412447123,73.33993387675477,1573.5104947946272,51.813756100716994,0.000305855,0.0005383956,2889.0963738036544,0.010256491,0.0014704603,0.06676991190545244,0.00778661012045476
-351.95117,3.425651,180.11002,3.6578157,-51.87488,3.6660564,63.981483,3.4351397,-29.886957,3.4160326,33.41102,3.3116093,-23.843468,2.963065,16.239769,2.8802783,-8.635909,2.8731406,5.126152,2.8480353,1.6850202,2.9098687,-5.6583743,2.9280705,7.136866,3.0318863,1306.6416881846565,58.340320785448945,1540.9320475878735,34.62054358980843,0.0002644381,0.00044491945,2758.1485190690255,0.010497733,0.00071408186,0.061049883990719256,0.0074883724709224565
-334.79266,5.6496577,156.04745,4.724151,-55.774723,4.5322328,71.65491,3.8036466,-34.55027,4.1698565,43.908997,3.5449152,-29.58155,3.4540114,25.303003,3.4581711,-10.073364,3.095008,10.896153,3.1107862,1.7817962,3.0898519,-4.868292,3.1251197,7.053915,3.1866765,1754.0222429071807,107.75203408975393,1883.141536970396,54.91974139113478,0.0005466384,0.00096753024,3878.8992826457365,0.009989052,0.00076976995,0.08680190508990719,0.011729891051490873
-334.66095,8.44833,166.47433,4.133105,-99.41974,5.6009593,64.30776,3.9495823,-46.60228,4.061384,37.972794,3.7071855,-34.564873,3.589989,11.090227,4.148304,-21.719065,3.1964233,5.745656,3.9376075,-0.059455395,3.6231174,-8.285409,3.8087194,6.3241405,3.281233,1869.5427762722968,70.32325972851129,1562.842047388639,33.41109649953967,0.000625739,0.00068947044,3442.489701910528,0.008632431,0.00068042544,0.1320081387761021,0.01088177077619878
-355.5698,3.7501972,185.31474,3.815429,-53.67726,3.7765722,66.115974,3.687736,-33.79774,3.4995654,33.290966,3.2823327,-28.10241,3.3492768,16.498554,3.0884626,-10.361379,3.0057302,5.1958714,2.9877288,1.0222434,2.9369926,-7.1120725,2.8398392,5.9658027,2.8077252,1287.0686509414877,51.63012127288613,1523.5442831261964,36.18696745660048,0.00025080133,0.00043835552,2696.87131806482,0.010449286,0.0006283921,0.06026591502320185,0.006649679524072143
-345.41742,3.9330475,160.3066,3.9630706,-42.18135,4.0323577,52.306946,3.8388987,-39.044987,3.2480526,28.641047,3.666405,-30.700932,3.3285935,19.96828,3.051301,-7.46107,2.8504171,11.077691,3.1320493,2.6430414,3.3716714,-3.3837812,2.9484854,4.4019957,2.9618564,1570.863035320449,70.95479835461073,1778.5830822994328,44.99093900189496,0.00040564564,0.0009798497,3400.6973018779004,0.010067676,0.001196075,0.07556010730858469,0.007108448708661784
-352.02707,4.536355,165.17676,4.953582,-50.917118,4.17811,55.80399,3.968723,-42.831326,4.0130887,31.736393,3.6818008,-31.956034,3.2648988,23.49937,3.7998953,-8.113829,3.231382,7.7344666,3.209191,-3.5146751,3.1441636,-7.316346,3.2255702,9.223289,3.0793333,1585.506010656737,72.01647476207029,1742.1939713129766,53.1280299418613,0.00043424818,0.0014730167,3343.0172948992167,0.009639199,0.00095780083,0.08180353647041763,0.006613559357692263
-353.24512,4.021819,180.81445,3.6908689,-51.900734,3.6625304,65.056114,3.3801467,-30.269594,3.5029128,33.018364,3.4722633,-24.910357,3.1102076,15.8840475,3.3405523,-9.462238,2.897631,4.8348193,3.2162657,1.8863811,3.0302973,-5.3342113,3.0038497,7.258856,2.9855628,1303.1662254016446,56.17170928295344,1538.5641090758427,34.18333165151121,0.0002569672,0.00043843695,2753.80190962152,0.01050809,0.00071541866,0.06214766712587007,0.00748290331640044
-349.38654,3.677407,178.01273,4.6828504,-55.02921,4.1879544,68.03492,4.093622,-31.85336,3.7666063,36.404186,3.6552382,-24.057638,3.3319283,18.124662,3.2481575,-8.210688,3.1231668,6.558679,3.1221585,2.2757366,3.0084367,-5.6251845,3.0267997,6.756351,3.0772052,1360.740822459703,60.81703364171584,1587.43652796137,47.54114695649153,0.00034733472,0.0011641034,2917.2993741843097,0.01043381,0.00075583305,0.06414610825116009,0.007511311121816403
-353.37268,3.4483826,169.05006,3.9508054,-51.69532,3.7586029,52.792206,3.8542762,-42.557705,3.3314972,32.5732,3.309282,-29.72378,3.5379055,23.312105,2.9736414,-12.32444,3.1391037,3.9343557,3.1191578,-1.417279,3.2400236,0.08403424,3.1305087,13.779733,2.940255,1526.3465859856153,60.488694313115055,1696.8258813542445,38.88208643259059,0.0003392202,0.0005938517,3138.3519431554523,0.009927069,0.00088917976,0.07767410455336426,0.006843639868492431
-326.89545,22.742428,161.05931,6.081547,-70.96023,5.994061,62.769306,4.4586816,-45.384403,6.0540714,32.92756,4.113249,-31.761528,4.0247927,18.564749,4.5281096,-10.961397,3.6308038,6.653505,3.6682034,0.00055625546,3.5179582,-4.8835897,2.9246447,6.5780954,3.1617112,1807.4972666747767,121.51341755757274,1725.2732863207862,68.86426618251932,0.00065376295,0.0007574005,3698.0403608069896,0.009154631,0.0020013903,0.1103492966937355,0.013789915463009776
-349.42322,3.7978816,161.48553,3.4913187,-48.532936,3.1586764,51.924614,3.5051718,-40.013737,3.4127023,31.145021,3.1376488,-29.49846,3.103513,23.851543,3.3422887,-7.268224,3.2612023,8.09131,3.154356,-3.6955974,2.9901118,-7.264039,3.230478,7.7544556,2.974411,1609.8810767547473,60.87564300095254,1761.8324567782422,39.55694241468658,0.00037139218,0.00012971366,3391.4794921875,0.009292381,0.00091687584,0.08518865102958237,0.007171353069510919
-345.83688,3.5284927,173.81932,3.439703,-50.10326,3.0823948,62.993183,3.5805223,-28.74923,3.1810753,31.652773,3.1118145,-22.3756,3.2045257,15.542708,3.0457428,-6.205889,3.063542,6.476515,3.0662656,3.3486533,3.036712,-4.803453,3.0642982,6.610425,2.8942282,1356.9671539882581,60.67539165003767,1579.1034026698114,31.997167758397723,0.00028246344,0.0004419289,2896.5405669953598,0.010543404,0.000826966,0.06456301660382831,0.0085195531298308
-349.3528,3.3315415,176.46025,3.8270664,-53.806625,3.3170593,66.892494,3.3243513,-32.092464,3.6252172,34.919483,3.1230323,-23.92997,3.2927918,17.700897,3.2117796,-8.109159,3.0418665,5.7936316,3.07736,1.8530929,2.9541287,-5.655744,2.9917295,6.908906,3.1267455,1375.33245841435,60.775690144873906,1593.4859741960008,35.63981097684243,0.00031155598,0.0007358241,2947.875523401247,0.010369113,0.0007230795,0.06421861405162413,0.007534362890561979
-350.35306,3.7327845,171.10603,4.0877557,-56.825207,3.5593472,55.244545,3.6690195,-41.87344,3.1013944,39.805378,3.4347167,-28.915752,3.4063542,24.381607,3.3542218,-16.100464,2.9883552,3.4747722,3.2866926,-2.5915024,3.5156817,-0.039449863,3.2019293,13.410571,3.0617867,1568.0002148663125,68.73736380201946,1721.183229371249,42.07310343757914,0.0004022585,0.0004686432,3230.2552544047276,0.009257572,0.0008474686,0.08454402914733179,0.007573037227988503
-320.96475,5.416799,150.20653,4.0914807,-82.79175,3.261312,72.72913,3.0136857,-54.668827,3.2471745,45.95802,3.5931935,-33.676083,3.3478026,26.570902,3.1904984,-14.053971,3.0272465,9.460984,3.212454,-3.7031708,3.0264323,-5.872103,3.256615,7.6306567,3.0857286,2177.4607591286044,93.64570034807677,1895.0425561600807,53.80930371856188,0.0010064278,0.00057869795,4408.76096650232,0.008504948,0.0004406588,0.14503425899071926,0.012787453693331006
-357.50363,3.893233,172.09314,3.7282782,-45.410137,3.531706,62.883533,2.91869,-28.420511,3.5113776,31.539278,3.3396888,-25.040758,3.0929887,14.480754,3.0029955,-8.6518755,2.9495568,7.9120893,2.892507,3.0006735,2.7681212,-5.5244837,3.006922,7.57115,2.9627936,1350.950112211321,85.12186845870579,1612.4210930369422,63.04707061618943,0.0002632483,0.00030922279,2925.343099713602,0.010073904,0.0009403934,0.06236291872099768,0.016271965105613122
-353.3307,3.8599718,176.00133,3.8700387,-49.167942,3.5153217,62.022022,3.2393832,-27.090374,3.510806,32.10815,3.5273216,-21.694567,3.135005,15.96128,3.1989124,-7.156195,3.0576882,5.8152075,3.1494513,4.1396804,2.867257,-4.188629,2.8429735,7.678119,3.0942798,1303.348266465983,65.55669900234821,1553.6511029870985,38.81476259702438,0.0002594169,0.00045044578,2776.8839046186195,0.010469724,0.000909606,0.060329357598607886,0.007505928105523655
-352.66943,4.4236293,147.23447,4.2579494,-49.118256,3.9608681,67.12893,3.947992,-37.76719,3.4754739,28.124887,3.2819676,-31.622711,3.3813634,20.854078,3.2728853,-11.568647,3.2594962,6.7193522,2.9906063,6.7306457,3.203448,-2.7831047,3.2672086,8.384907,2.9534886,1766.7616341529736,77.3998004252207,1867.858061260048,39.08652891776752,0.0003948103,0.00079947896,3863.9609352341936,0.010262729,0.0009806791,0.06999981873549883,0.007769873558218607
-350.62823,3.8148866,164.39268,4.1803865,-49.3688,3.6980367,54.375317,3.6388493,-41.745033,3.748738,31.908915,3.6713433,-31.16651,3.3429828,24.584932,3.4051101,-8.285534,3.278178,8.537578,3.2556484,-3.021001,3.151459,-5.7190433,3.0369952,9.620933,2.9303892,1590.0585312554933,67.49182856440885,1759.8396223121817,43.440625236547994,0.00042421126,0.000993778,3356.40685043866,0.009402959,0.00089854986,0.08158375326276102,0.007728174427222072
-348.77145,3.2991812,177.94029,4.385534,-55.49627,3.9399953,67.794,3.7463717,-32.868195,3.3446782,35.88592,3.3886442,-24.888697,3.4656613,18.076366,3.0318077,-8.154548,2.9363163,6.8173146,3.0180755,2.3254912,2.892599,-5.356919,3.0120451,7.160475,2.8234918,1370.8529574895226,62.10064396300253,1590.9294192827617,39.015814344257045,0.0003237835,0.00079103094,2935.2853443119197,0.01040258,0.0006964546,0.06544441524071926,0.007782441764370186
-347.1086,3.7219193,158.19145,3.197876,-43.39511,3.067446,54.24132,3.0578568,-37.34371,3.2812774,29.648617,3.0869987,-29.934032,2.9518259,21.808594,3.0801868,-5.78701,3.2501197,11.644773,3.41017,0.0029369097,3.5056982,-8.224725,3.1387954,1.4508009,3.077634,1598.874226389778,66.63965631673683,1786.0665940812937,41.801947665500926,0.00036551626,0.0005205063,3451.657550572796,0.01029094,0.0017073976,0.07790634969547564,0.006720646266835059
-353.3576,3.6761973,155.00153,3.8905022,-40.241226,3.3202972,56.375362,3.237477,-32.88947,3.3466756,29.296574,3.0203826,-30.537918,2.8443358,15.958169,3.1952908,-10.313716,3.1521528,7.673666,2.9627042,2.7138126,2.879837,-0.008291931,3.324079,9.355307,3.1452649,1551.6520383585705,69.23600984312982,1787.6828218079188,43.24764386044617,0.00030772464,0.00090133375,3419.3077848571634,0.011064176,0.0014322865,0.062340260658352666,0.005870639974504924
-322.40945,6.7343497,154.17609,5.3054376,-78.76095,5.1135106,78.64092,4.446506,-51.29472,4.3476553,45.30245,3.8188412,-34.504787,3.8160768,19.156725,3.5141373,-16.48382,3.6112647,7.7117033,3.5419903,3.607016,3.47997,-3.1398005,3.2898107,8.393553,2.9568675,2065.699582389674,109.97176273797355,1846.860638953617,57.191375255077084,0.00090073975,0.0010853161,4242.140937681264,0.008896597,0.00048195984,0.13493895917923435,0.014060415909099047
-350.4761,3.9414186,170.33168,4.5206842,-53.43806,3.6433864,64.115295,3.454773,-33.521667,3.269475,41.429127,3.3331232,-21.010862,3.4848642,23.789436,2.992284,-9.832461,3.1532817,7.4267673,3.1246533,2.659855,3.199,-1.3209648,2.975109,10.406395,3.0986416,1457.3602468236706,79.96063638966827,1689.7990187610233,48.22467897874983,0.00035741553,0.0007201267,3162.6829638558584,0.010018444,0.0008885323,0.06705880220417633,0.0094910060514487
-362.94235,4.1116695,172.38475,3.8404741,-39.500675,3.4416878,64.50381,3.4363291,-25.898573,3.1783218,29.611338,3.151853,-21.779512,3.1880527,20.061176,3.2730763,-2.3417664,3.1710522,8.821984,3.2432413,3.1588566,2.9431822,-6.5594325,3.3322396,6.407018,3.1036067,1261.2618275437696,75.5914021462067,1588.2806681987997,47.488332806947156,0.00022874524,0.000455999,2764.943218895012,0.010737492,0.0011270526,0.05213393633990719,0.008111673451129285
-354.78583,3.800653,173.22745,3.7690768,-48.466656,3.3768322,59.462105,3.4343204,-28.734955,3.1635525,35.991512,3.0493412,-17.5966,3.2749622,19.710033,3.2791197,-6.398967,3.3218687,5.724012,3.2516189,2.0054994,2.8405921,-3.5478861,3.0668235,8.6187935,2.9078155,1336.754537079628,76.62422585080863,1591.9014723111047,38.65150389793023,0.00026621905,0.00032827267,2857.321159911543,0.010179894,0.0010974237,0.060395065980278426,0.009027646784341096
-355.68365,3.6097128,182.9221,3.2439384,-53.48023,3.4437742,66.88103,2.7925868,-32.003475,3.3233693,34.30144,3.1761265,-26.102886,3.0747838,17.345701,2.838697,-9.235847,2.9894922,5.892389,2.933049,1.4219985,2.9742799,-6.4451084,2.7954292,7.214025,2.9404836,1295.2876402970264,54.77942535355807,1538.5075269823467,30.423973843403807,0.0002501331,0.0002663814,2743.659820910673,0.010354608,0.0006189353,0.061160908497679814,0.007066104742325458
-336.24792,4.1828084,143.40375,3.842683,-51.657303,3.879093,64.93647,3.5215917,-43.44824,3.4741366,31.266392,3.3491576,-35.20224,3.1618774,22.43033,3.1371129,-9.161844,3.1668901,5.893769,3.0484273,5.571503,3.5497632,-1.7933664,3.1544962,3.9162397,2.981808,1961.5305692823863,81.8424637233922,1944.7335742017333,38.186265995972875,0.0006562343,0.0012390119,4387.87725674304,0.009452769,0.0012665706,0.09966148854408352,0.011877207746749748
-346.92038,3.8172991,161.24826,3.862469,-53.059082,3.119271,57.296955,3.3200054,-43.549873,3.1963363,32.98496,3.4391112,-30.94501,3.1930852,25.255827,3.3507133,-7.7877755,3.1236773,4.2787347,2.951203,-5.799033,3.1400883,-6.111181,3.195847,7.789523,3.2280834,1674.4466988546244,72.9284512061078,1787.6171913284359,41.54224684678585,0.0004456098,0.00040250196,3605.3376731075987,0.009187614,0.0009057504,0.08833472302784223,0.007791068328733593
-352.47238,3.6123447,178.49376,3.2560604,-51.99773,2.7745175,66.08882,2.8624153,-30.719666,2.763644,33.52719,3.1161094,-25.089125,3.042555,15.595678,3.1090279,-9.076538,3.0677774,5.2733145,2.9461827,2.2525978,3.0470333,-5.1588035,3.0321264,7.5173965,3.1208103,1334.010496567414,56.73044364000668,1564.2050107702694,33.407874749006,0.00024873146,0.00020092458,2841.808260676479,0.010456457,0.0006491565,0.061735290385730855,0.006664079052137238
-352.48212,3.748649,180.58728,3.8278852,-53.2087,3.422018,67.27834,3.7122972,-31.840342,3.2665977,34.543926,3.0625365,-25.812609,3.136178,16.813759,2.7743948,-9.505945,2.9745762,5.399302,2.9398923,2.3520048,3.0715826,-4.85292,3.1793878,7.5998945,3.0422018,1320.778765152025,57.817229339176265,1559.722571368561,33.034417805794554,0.00027596005,0.0005155235,2809.6333585593097,0.010579043,0.0007301691,0.06183272005510441,0.00711329695658306
-358.90216,4.5197115,172.67494,3.3839595,-46.07832,3.1032083,63.096985,3.3304358,-27.972202,3.4507673,33.511066,3.5362554,-23.985561,3.366368,15.265805,3.0322475,-9.759453,2.8908894,6.7446527,2.9167106,2.4581652,3.002622,-5.2896314,3.126699,7.5473623,2.8617418,1340.7655044126982,84.35438031583739,1612.0177383115831,62.84466609770741,0.00026013606,0.00031546672,2901.43674775232,0.010046195,0.0008771968,0.061478121374709975,0.017838716751243957
-356.53937,6.5191865,173.7882,4.567699,-49.132175,3.8830967,61.287956,3.264392,-28.999073,3.5589054,35.533474,3.7535722,-19.115492,3.3707232,21.848896,3.4246097,-5.565276,3.1239557,6.134195,3.1761782,2.0599697,3.1610937,-3.9491522,3.497166,8.660024,3.2094913,1340.6880638651364,98.85705156346171,1596.1076127498316,48.907704381637075,0.00026254548,0.00028974382,2854.0986735970127,0.010186641,0.0012412075,0.05985806989559165,0.010528001330990413
-350.39703,3.4905765,177.5596,3.473872,-53.534195,3.4885275,65.78419,3.6026561,-30.52235,3.3877387,34.671906,3.0032973,-23.805847,3.0754256,17.188677,2.8655703,-8.033646,3.278162,6.6525226,3.0571601,2.7664504,3.022338,-5.539858,3.0271018,7.0298657,3.074083,1343.0927959790565,53.92803404412517,1572.5906638286324,32.48709875738275,0.0002740756,0.0004958542,2865.4897880111657,0.01051329,0.00074932445,0.06280701674883991,0.006945302360583631
-341.62088,3.3148036,154.31203,4.2578273,-55.146442,3.7818427,60.377453,3.9418902,-46.418846,3.7728627,33.31078,3.4639754,-31.328447,3.4072578,25.976068,3.3399851,-11.154056,3.315057,1.9550291,3.0948713,-5.19684,3.2546186,-7.258966,3.0276222,9.553064,2.9297416,1825.0514373592098,73.4797433634443,1861.8733571294404,39.63385940050144,0.00066157774,0.0021182138,3971.3022041763343,0.008877916,0.00093972904,0.09925251051334107,0.008016339949188302
-331.00327,12.364565,148.97781,6.1607904,-56.56578,6.6110435,72.91851,4.6027026,-31.584387,4.2983704,35.63928,4.6863174,-21.008709,3.6990154,18.602253,3.3620803,-7.910208,3.578988,11.050215,3.7906454,2.046583,3.4547014,-2.834736,3.3450696,10.122544,3.4267757,1788.6705658163098,161.10875956015977,1813.538741934521,71.44483732200597,0.00058121874,0.0010568451,3799.7360335701856,0.009821356,0.001971537,0.09843908606438515,0.020808114513861477
-349.52313,3.9132063,179.37267,3.1636465,-54.258327,3.0960383,65.0408,3.1151628,-32.023335,3.0511293,34.071033,3.096121,-24.81976,2.9201124,15.735633,2.7166626,-9.348676,2.8273113,5.523513,3.0683959,2.477219,3.0779097,-5.0030594,2.9598658,7.1844807,3.166876,1347.612935619633,57.843984313319424,1559.255333027002,29.6886472523865,0.00026848348,0.00021777692,2849.777044663573,0.010343642,0.00074859924,0.06300527479698376,0.007008883566308983
-356.24014,4.0295076,169.4395,3.6567354,-56.00772,3.32386,57.00249,3.6626873,-43.34178,3.4668307,37.72724,3.204152,-29.93232,3.3280447,24.555414,3.1506531,-13.091351,3.2148435,4.581965,3.0493662,-1.7326887,3.2598684,-0.7792615,3.1812634,13.90239,3.0364993,1569.1737310014316,62.97434261193629,1726.3722662634964,37.51658589317826,0.0003794678,0.00050610746,3285.612073575261,0.009204577,0.0008326359,0.08065703850058005,0.006985430186456086
-350.95587,3.9660769,152.98329,3.795184,-41.615665,4.1389556,56.55468,4.064411,-33.851982,3.5983095,26.127062,3.593241,-30.666609,3.2220705,16.88448,3.295348,-9.499722,3.1333463,5.279588,3.1215749,5.4484973,3.2561347,1.8097564,3.1404917,10.171476,2.9386723,1589.508701170339,68.5590327284626,1786.608803240534,41.35354973593836,0.0003082138,0.00046697736,3465.1969891966355,0.010761861,0.0012780507,0.06658638159802784,0.006522984907622738
-347.2163,3.8349304,176.02316,4.133856,-52.14237,4.035556,64.84324,3.6548867,-30.657505,3.6312318,33.317394,3.676906,-23.163883,3.3156853,15.660077,3.1495419,-8.553667,2.9539235,5.548128,2.9060965,2.7771373,3.096217,-4.8860373,3.0515187,6.8298593,2.890276,1363.3439575580535,58.84268001275249,1580.2289032742344,40.572581879742394,0.0003128269,0.00084289926,2912.0534662304235,0.010456303,0.00068801496,0.06496746302204176,0.007646094758594589
-353.28568,4.5081944,182.49321,3.781764,-53.66104,4.311489,65.51846,3.3669715,-32.385822,3.3828504,33.668213,2.919146,-25.952644,2.9216378,16.632755,3.0559719,-9.87471,3.0282786,6.0031185,3.112768,2.0997145,3.0417728,-5.1868434,2.8749511,8.112587,2.8801453,1307.6487144471384,65.55979043828012,1539.1542491704436,35.263755025196225,0.00025235905,0.00029888202,2759.1977006598026,0.010484707,0.00077145087,0.06150304524361949,0.00832388193030899
-342.35886,11.866468,129.65271,6.678831,-88.9716,6.730679,92.70516,5.6445365,-60.914913,3.5299277,37.23508,3.4602814,-44.92169,3.6676354,29.134836,3.2217376,-22.334969,3.7977955,7.8827825,3.3644764,1.7102286,3.265493,-11.33014,3.200337,4.457692,3.22726,2635.596694807753,141.23528439127978,1917.263345820129,59.81478265832778,0.0014144878,0.0008904602,4924.983289678799,0.007020654,0.0010461529,0.2141606094112529,0.023656675679059207
-363.25388,4.2612243,173.42778,3.7031853,-44.53435,3.0219681,67.49926,3.3561888,-26.90765,3.5109806,35.346664,3.290235,-23.07024,3.350468,19.188383,3.2646272,-5.696502,2.9948072,10.236895,2.9896843,4.6903486,3.095065,-4.861712,3.0440047,7.829068,3.3781457,1300.4294149881532,80.11549744823719,1616.9761878928011,65.12299446842634,0.00024050366,0.0003789989,2873.7833186811195,0.010334318,0.00087655097,0.058744426116589324,0.015449547099303363
-351.14856,3.436252,178.74358,4.1918325,-54.219707,3.953522,66.454666,3.8952506,-31.383883,3.7959266,35.275166,3.341874,-23.88144,3.462912,17.45726,3.1438951,-8.511208,2.7957146,6.0546956,2.7980177,2.4573166,2.7648833,-5.9364576,2.9864156,6.6156263,2.7881644,1345.268541801211,58.93529157903827,1570.365777033613,38.65011518654991,0.00029502087,0.00061467546,2867.5881511927205,0.010438169,0.0007528996,0.06324318445475638,0.006557038002238908
-353.73932,4.498801,174.03621,4.062878,-52.841595,3.4256668,58.51174,3.1229644,-31.700542,3.3968735,36.244823,3.3885827,-19.105396,3.344456,19.404633,3.3766313,-9.315946,3.129207,3.6196232,3.185444,1.675758,3.2199066,-2.6632342,3.143849,8.7261,2.8817508,1382.5004778454916,69.94759878906078,1589.873594987084,40.218589318136196,0.00028955578,0.00048038544,2902.9855396244197,0.010028735,0.0010716247,0.06529260622099768,0.008837299748144527
-364.2805,8.666994,167.18028,7.7335186,-39.1492,4.4711337,63.761654,3.391798,-25.188955,3.8746758,31.43541,4.989179,-22.929089,5.1829133,21.196371,4.871858,-2.372546,4.702034,9.900971,3.6347702,2.890744,3.8931816,-6.2316685,3.6617532,6.773769,2.6278353,1345.2397485559372,205.44470229918954,1666.629892412585,189.73604305217015,0.0002466864,0.0003443794,3007.9286792162125,0.010500073,0.0014678723,0.05389106909802784,0.015323362151289469
-356.8156,3.561994,163.70769,4.049324,-48.478275,4.153243,61.364082,3.7777557,-39.443645,3.4588974,32.660778,3.6968575,-33.511517,3.264973,20.728855,3.4874282,-9.39632,3.1838086,12.032879,3.270539,0.1995669,3.3897495,-7.496881,3.2601326,2.6998243,3.1629448,1557.164853776166,65.29233814413597,1770.369444308193,42.55298004382549,0.00037177367,0.0011021117,3387.4576294228536,0.010033795,0.0008074226,0.0689235607598608,0.006219725278346204
-334.7766,3.6091192,160.90494,3.660948,-56.278366,3.3771396,71.13283,3.4615066,-37.889027,3.3127882,41.61813,3.2183895,-32.68758,3.0925076,22.890121,3.1773236,-14.059847,3.0910919,9.528295,2.8359802,-0.93626356,3.107386,-2.769838,3.119016,7.391084,2.8255987,1718.2388146544488,66.3633170607869,1860.9437508152494,34.798979812972014,0.00055250974,0.00097021606,3783.7734850819315,0.009763231,0.00067341345,0.08602133483178655,0.00936187553188876
-366.95953,5.7921,167.33626,5.3652177,-39.077705,3.4713995,60.808556,3.4987292,-23.638363,3.4214005,28.346874,3.4353135,-20.805983,3.4486396,18.346882,3.7223842,-2.3395631,3.5674546,6.469968,3.0679333,2.0056715,3.5233,-7.0581574,3.6855855,6.7356706,3.1383908,1307.3332820949934,105.63098412298011,1603.7246272902496,57.44479646133749,0.00023767837,0.00027834706,2833.1899833236657,0.010146357,0.0022516714,0.05491634643271462,0.012196883632612768
-368.5727,5.304538,172.07677,4.4525867,-39.044285,3.513954,63.808865,3.5721269,-24.333548,3.4691877,30.197756,3.5363107,-21.092222,3.4803977,19.717772,3.1444004,-2.2734895,3.2642808,7.8889008,3.170128,3.2131104,3.359902,-5.7533536,3.224529,7.8791666,3.373888,1245.1559779563065,76.53739433636504,1580.9262723815518,47.60578681606618,0.0002107028,0.00027030788,2724.000156340632,0.010355214,0.0012034982,0.04995196490719257,0.008031989350537973
-346.2658,4.124435,158.14008,3.6907434,-41.715546,3.4036686,51.78089,3.139655,-39.17405,3.0549746,29.244688,3.3325279,-32.25909,3.0725434,19.455847,3.067677,-7.9445853,3.283093,12.100219,3.257197,3.8976038,3.268658,-2.1663067,3.1934438,5.4149656,3.039986,1602.071597723937,67.38916663693112,1807.5104462581014,40.624356982625415,0.00037620577,0.0006585126,3501.59359819098,0.010144057,0.001283274,0.076664687862529,0.00736019308366256
-363.51608,4.8511615,173.49115,4.1446266,-44.089718,3.7127883,69.86823,3.8391354,-28.34004,3.331747,35.21832,3.2642326,-25.28253,3.534955,21.477312,3.5826888,-5.7457314,3.1578007,8.075175,2.8323753,1.5184836,3.0701475,-7.6844764,2.975689,5.9873915,3.0457902,1318.049390805076,74.04912619398891,1635.9727944531612,56.19734199138639,0.00026040716,0.00055802544,2902.036280089907,0.010333251,0.0007623224,0.0563540005075406,0.007709666769499434
-349.92953,3.607995,159.73042,3.4703412,-46.777824,3.4313517,59.034172,3.1213257,-39.46644,3.148207,32.01187,3.517064,-31.696472,3.0841095,21.04905,3.281558,-7.17671,2.9792693,14.718467,3.1457622,1.96595,3.2122173,-5.624841,3.0757227,3.4031498,3.1944187,1610.0890487057145,68.75207126676463,1802.9573574167746,36.88205371612739,0.0003544048,0.00036989365,3538.5897395229117,0.010061337,0.0008922676,0.07455069061774942,0.0065440446821582315
-348.03113,3.6184921,176.29158,3.2108455,-53.6988,2.9669764,65.047424,2.8454692,-30.62461,3.2030935,34.959663,3.0555558,-23.336573,3.0075192,17.137304,3.1585402,-7.457088,3.115147,6.647061,3.0417142,2.9411812,3.0499413,-4.9711576,2.8891046,7.262147,3.124888,1366.8037211367773,60.052297446740575,1583.7157539122895,30.561858976893223,0.00026808883,0.0001832554,2910.554635386456,0.010446848,0.00067143695,0.06363403603538283,0.007540035754092554
-350.9852,3.7399445,179.74408,3.8916767,-52.98481,3.4465892,67.10139,3.2552822,-32.395523,3.3787098,33.856247,3.356073,-26.377934,3.104455,16.37633,2.9152226,-9.287479,2.8935006,5.646514,2.781198,2.312474,2.7555249,-5.072311,2.7877848,8.048045,2.8509576,1333.1290675977816,60.86937187357927,1566.540929962745,33.771683572336975,0.00026683894,0.00044738874,2842.4577540421983,0.010591512,0.0008115575,0.06260649289443156,0.007144003612004413
-351.6439,3.4779181,164.55278,4.215973,-52.72225,3.5393734,55.275085,3.7412775,-43.56709,3.7161207,31.378603,3.3645387,-32.87562,3.2050273,24.097725,3.383558,-7.700136,3.1340935,8.689993,2.9554493,-4.2295666,3.0404518,-7.7913475,3.1005237,8.469975,3.2463608,1616.6786443213848,66.70598508865545,1753.8188156784386,42.14123612839859,0.00048010185,0.0015527697,3402.1711522078017,0.009175102,0.0008449057,0.08418603175754061,0.006912245041258779
-350.06482,3.387191,177.28886,3.8233328,-53.011887,3.5543108,67.650085,3.3398998,-32.520775,3.149853,34.409504,3.3433282,-24.711853,3.1828449,17.262917,2.8477225,-8.842844,2.9385314,5.454463,3.2306507,1.7566258,2.9450593,-5.301272,3.1133413,7.775956,2.9436734,1367.3906125830629,64.27514342936556,1590.8656669187585,36.402483892200785,0.00030469266,0.0006448784,2937.4086880075406,0.010328124,0.0007440937,0.06475447723317865,0.007302920659691549
-349.61963,8.951128,170.2213,4.6460834,-47.639973,6.5310464,62.58777,3.6966968,-25.774881,3.7274563,31.813334,3.3194065,-21.669237,3.3034353,17.080667,3.3728426,-5.1882033,3.3992908,6.5095572,3.3543575,3.0959558,3.0829504,-3.279648,3.0571382,8.632168,3.0521803,1359.282049354666,87.3074833381824,1601.831485834132,58.356595421448006,0.00026475944,0.00020724557,2910.6795379567866,0.01045616,0.0011028344,0.062340260658352666,0.010329207140182886
-325.53625,11.67202,163.08147,4.459983,-74.55033,5.0034757,60.915157,4.2928686,-58.402897,4.562615,36.44429,4.421177,-44.99632,5.144175,25.14992,4.0162463,-15.286987,4.0555897,5.173901,3.640306,-2.518553,2.9460258,-7.8963184,3.2769015,7.7345166,3.1981862,1919.3476866700007,88.8147443040414,1841.3980516801284,72.89720434128648,0.0007563531,0.0014236826,4101.175896806119,0.0093399985,0.0010951576,0.11647830263921113,0.010285626352266253
-366.295,4.9411883,170.60573,4.1595135,-41.612892,4.0089827,63.02074,4.311983,-25.12294,3.9751782,30.422464,3.8320112,-20.983255,3.5878239,19.84167,3.8811235,-3.2793484,3.451533,6.4464817,3.625641,1.6154466,3.7413547,-7.1503143,3.5798473,6.398597,3.136696,1294.4604044251826,74.23481216247204,1594.132188168551,45.495730948196545,0.00023846695,0.0005387929,2806.86052149797,0.010288343,0.001329222,0.05281594402552204,0.008555410075379388
-364.88565,7.740534,172.3611,4.0555,-41.38325,5.453172,64.07353,3.848123,-24.475714,3.4663236,30.763966,3.8255916,-22.276411,3.0325823,18.443007,3.2380168,-3.5891032,3.066915,7.89382,3.0808914,3.5254498,3.0141256,-4.955409,2.9879837,8.676653,3.1080883,1268.8966657398787,75.68834827788889,1584.327607128432,43.36148146028444,0.00023454217,0.00039353472,2758.7730319206785,0.0102959,0.0011310345,0.051429270591647334,0.009014847439716174
-359.0694,4.4760537,171.07834,3.7817538,-40.399624,4.0863023,61.56536,3.6531258,-22.597748,3.329279,29.046549,2.8997095,-21.084333,2.9571505,15.198181,3.0258944,-4.270908,2.9186103,6.5495725,3.0076702,3.6627848,2.8140166,-4.645337,2.7100632,7.654748,3.0260267,1259.6929076706483,86.60778019008694,1567.4631205025755,41.322753580438174,0.00022370294,0.00027739903,2731.269485933875,0.0106263235,0.0015930791,0.053098036905452436,0.009188339458105361
-349.65088,3.6906378,155.11215,3.915151,-41.412674,3.4622111,55.10874,3.2156765,-34.876675,3.5832047,31.460861,3.2881424,-30.18637,3.233121,17.613838,3.0736048,-10.469899,3.158647,9.870364,3.1037276,4.16831,3.113228,-0.4486902,2.9881108,6.9277763,2.9639714,1598.7510148689676,85.90801007969053,1812.1098753949377,45.795951999090235,0.00032892008,0.00039694604,3522.652171548724,0.010521982,0.0012458081,0.07260209723027843,0.007718553429454664
-359.7766,4.3480716,155.0771,3.756578,-44.200695,3.851217,57.977585,3.3454018,-34.279144,3.743585,27.224598,3.305878,-28.50557,3.1237147,17.004868,2.7023678,-9.508516,3.2357597,8.842122,3.2065282,1.96152,3.2778158,-4.166934,3.6697438,8.029589,3.1389928,1564.0341863239764,64.57910032706214,1764.8167239894092,43.130338550094784,0.00029551313,0.00050409854,3409.590364885441,0.010258937,0.0012206685,0.061253806554524365,0.007346374107896206
-351.85828,4.3826256,180.4205,4.407392,-54.17656,4.082553,66.97131,3.7963176,-32.62086,3.3187735,34.877796,3.4944723,-24.854387,3.117629,16.550024,3.168366,-9.544414,2.914356,5.796112,3.017741,3.2322552,2.9212816,-3.311205,2.9143407,8.713041,2.9401648,1335.4010147674203,60.54141327763022,1561.9785486561645,41.41726897636166,0.00031241187,0.0009418681,2847.628720453886,0.010469167,0.0007754923,0.06274810578596288,0.007328474268011945
-353.8194,5.321099,171.72342,4.504981,-49.247772,4.4015493,60.088398,4.365025,-29.971039,3.5278723,38.981003,3.5479264,-18.522028,3.3400145,20.869476,3.4356453,-9.581447,3.287902,4.8148503,3.0884895,2.4200392,2.9824092,-0.97389686,2.811485,10.872581,3.1342607,1380.5780090319643,68.32110491221839,1634.2081912065564,55.53938458541854,0.00033057068,0.0010656109,2958.9668716466067,0.010108925,0.0008411367,0.06284666835846868,0.008998629254793227
-348.45663,3.5693111,176.41908,3.1285849,-54.1144,2.951583,67.59781,3.2552462,-31.7059,3.2011337,35.239777,3.2193036,-24.504993,3.1097736,17.840166,2.9129212,-7.17265,2.9959486,6.3122077,3.2204404,1.6187493,3.09207,-5.4288955,3.0738525,7.5299883,2.9607184,1372.4488026930485,56.40012616244319,1594.008719255514,29.62717288651125,0.00027722082,0.00025212078,2941.055843061195,0.010502855,0.00069501775,0.06501844366299304,0.007493418524557022
-353.85635,4.131247,169.32072,4.1398854,-57.21806,3.904949,56.10926,4.205609,-44.44427,3.715043,35.49171,3.4456947,-33.214775,3.4137692,21.505983,3.1638138,-15.461024,3.1693716,3.4704165,3.1690729,-1.8663353,3.2547762,-0.35943887,3.4776795,13.618599,3.3319705,1603.5362445270125,62.561648776196115,1723.1611960940766,42.978152137222125,0.0004645653,0.0011504085,3312.6160092807427,0.008848484,0.0007183149,0.08841289334396751,0.00659197150059738
-353.9689,3.5895865,168.70657,3.1528275,-53.206398,3.3908422,54.434166,3.2971683,-41.785282,3.3440008,33.18343,3.0681906,-32.97111,3.3306882,23.60097,3.0642679,-12.419337,3.0366902,6.313806,3.0626476,-3.77412,3.0029101,-3.0683258,3.1222897,13.363624,3.1560316,1559.4252156346838,57.65983671424598,1721.119289572441,36.099242780951585,0.00034827637,0.00032396097,3200.878169862964,0.009441968,0.00086337386,0.0804587804524362,0.006414194993309888
-332.2797,21.38355,163.46284,5.8348064,-82.6206,9.194812,63.434227,5.279348,-57.19194,5.7660313,36.202522,4.3260264,-37.77804,3.5409842,23.773174,3.7869203,-16.091595,3.7771614,4.296791,3.8628614,-4.987045,3.5615673,-8.513131,3.0029194,7.586444,3.211995,1909.110167191707,112.6709040816661,1751.0754885883844,77.85666019297189,0.0007730909,0.0008560256,3839.505011963457,0.008596052,0.0017683317,0.12103937064965198,0.011892138627964621
-337.683,6.0803595,175.99759,5.476411,-65.25467,4.1666937,68.943054,4.6537833,-43.20917,4.5514936,31.97862,3.4991565,-28.370481,3.3972514,19.88426,3.3647375,-8.968042,3.3419502,6.9012637,3.2448962,0.8741806,3.169018,-4.2786427,3.2830255,7.012111,3.0100935,1545.4429193942383,103.19303494955712,1624.168163626391,52.860824751550545,0.00042718102,0.0008226199,3235.950811611804,0.010084236,0.0006562077,0.08265661252900232,0.011023808103700256
-348.601,3.6316595,178.51889,4.130825,-54.40816,4.188003,66.67909,4.0043254,-33.646057,3.5212607,33.618774,3.4674666,-25.79725,3.3574512,16.57828,3.1863368,-9.282238,3.031553,5.7735224,3.0186365,2.7722564,2.966492,-3.7663817,3.0780003,9.059865,3.2714856,1361.998320289001,58.96542266753474,1579.120638002768,42.94537109881987,0.0003321014,0.0011348798,2904.3344873839906,0.010500775,0.00068885356,0.06506375978828306,0.006280368449804472
-368.16107,4.8889713,171.88966,4.8989353,-40.922237,4.1237097,64.4734,3.811506,-25.395239,3.8104534,30.56573,3.350258,-22.251402,3.3875892,19.792799,3.200788,-3.824404,3.4033606,6.303789,3.2755942,1.9589889,3.2069607,-7.044196,2.937032,6.6516957,3.2227,1277.7360631391084,83.80935674654864,1592.9378796274711,55.48185585641353,0.0002455615,0.0005176669,2781.33043612239,0.01016053,0.0014886867,0.05226422020011601,0.008974766230554767
-355.5525,4.01145,169.86522,3.69241,-44.041336,3.577973,58.609108,3.530326,-26.880388,3.3302438,30.514193,3.5160933,-21.98167,3.3474433,14.090125,3.1558938,-7.809754,3.1518488,7.7757764,3.0862277,4.623834,3.0625968,-4.202944,3.1304638,7.8314776,3.2174728,1343.4991484443935,84.92978844783786,1605.665763320181,66.61962654886388,0.0002553125,0.0003066453,2900.612390788138,0.010247735,0.001010221,0.06167071490719257,0.01948620464985054
-332.0577,11.357474,163.20297,5.078637,-64.094185,5.808693,72.31221,3.9313164,-42.591644,4.0570936,38.623257,3.8129025,-28.365025,3.6792693,16.846031,3.4423482,-9.379943,3.8174484,8.175814,3.4914978,-2.6146379,3.1944625,-5.482459,3.2590332,7.2973247,3.0926197,1731.0583956648338,116.95919319523678,1757.774187948111,57.05822360748401,0.0005102606,0.00038832106,3732.3136261057134,0.009644397,0.0008292492,0.0967533262035963,0.013649100806767303
-353.0146,3.6096644,182.93478,3.4152017,-55.253445,3.6471698,65.99162,3.371132,-31.309895,3.3911252,35.261356,3.2198777,-24.589577,3.236266,17.808504,3.2987216,-9.345233,3.081503,5.5952783,2.9768744,1.9842957,2.794227,-6.2808495,2.8558052,6.693157,2.963599,1302.7124465492602,57.86291882829945,1533.1653106651484,29.908295644840184,0.00025209947,0.0002735164,2745.2335932968385,0.01044758,0.0007370531,0.06282740900522042,0.007217025114474528
-329.05936,4.668771,170.19052,4.7302847,-69.474266,4.3667655,67.46126,4.2281733,-59.548233,4.1102157,34.90474,3.6013772,-31.82277,3.2816744,25.188171,3.2693198,-12.421852,3.0788321,4.293173,3.0771146,-5.5137115,3.3126628,-8.116972,3.209384,4.5278463,3.1791587,1761.639174755344,79.38494309468203,1755.046259493104,43.94080809657002,0.0006337799,0.0012418507,3765.4377877573957,0.009562693,0.0005494536,0.10195788319315545,0.009353277350835902
-358.56448,3.513048,169.50555,4.5088086,-54.392708,4.0179057,57.31579,4.260184,-41.46292,3.528152,34.540623,3.4845915,-31.474226,3.526975,23.371641,3.1180968,-11.062199,3.2953153,5.8469987,3.2198179,-1.8927692,2.9498985,-3.0383885,2.8661697,13.490302,3.2775917,1530.0415722484927,64.22195217597772,1697.4201957907171,45.891659742018,0.00038911038,0.0013099553,3166.030352740719,0.009588381,0.0008170535,0.07649815110208817,0.007416108165495702
-346.23935,9.221678,168.14313,7.2896953,-50.165028,4.462156,65.70513,5.0582643,-30.285788,5.4614835,34.167515,4.709656,-24.088507,3.748108,15.961824,3.2426522,-6.385595,3.1836617,8.158424,3.5083234,3.1207302,2.8753638,-4.7434554,2.8951802,7.423351,3.0259466,1450.6756023371358,144.12134606000686,1658.3658147667513,98.33752139922457,0.00035520445,0.0008413191,3152.7407192575406,0.010421739,0.0011242417,0.06716529509860789,0.011982635829221194
-353.1326,3.9159148,169.37677,3.96487,-54.280407,3.6986885,53.558586,3.5268552,-43.002895,3.2317402,33.231598,3.3158221,-30.423307,3.3025274,23.92177,3.0387294,-12.596521,2.7894287,3.1060493,2.8515897,-4.106199,3.0833907,-1.8194308,3.1229622,13.447711,3.2608626,1559.1920712472936,60.3223164328573,1703.8659182630443,40.13646020651366,0.0004108582,0.0007998396,3198.9796507939386,0.00916028,0.00073649595,0.08338280343677494,0.006558272021904039
-355.68765,3.7475333,181.42842,3.8708453,-51.00343,3.2350023,66.64746,3.5108905,-31.103296,3.1234798,33.51046,3.178566,-25.067951,3.0083394,17.267044,3.0585232,-9.002679,2.8990948,5.7454576,2.634831,2.8144846,2.6813045,-5.506007,3.0482986,7.1348915,2.868127,1290.5835226204601,56.88969355863463,1546.3058380835266,35.60187816121696,0.00025845022,0.0005884553,2750.8542089617167,0.010503645,0.00071679504,0.05900386093387471,0.007293299003972604
-355.57523,6.7523255,173.32983,5.4850564,-51.632595,4.3681803,56.97919,3.4213514,-28.30804,3.7399776,33.047523,3.3170857,-22.337322,3.3224955,18.04698,3.4266284,-4.939831,3.2300305,5.518419,3.3286183,-0.83283645,2.973161,-6.5668106,3.1464438,8.523047,3.3180292,1373.3401286428257,84.37172221411295,1569.6811160486625,53.01416245814846,0.0003031352,0.0006125057,2822.198557134571,0.009812042,0.0015167191,0.06626916872099768,0.009720630914916017
-336.585,10.5553255,157.32578,4.8000345,-80.785355,4.865856,61.149036,3.89672,-48.48811,5.3836904,35.361164,3.892191,-34.266354,3.202634,15.122474,3.506317,-13.0077095,3.4256172,8.059274,3.1743562,-0.9301307,3.3272703,-2.2685664,3.4438164,9.015192,3.4261847,1912.975268236626,92.98597933607446,1697.1013655598197,44.21729366309698,0.0006973088,0.001198259,3785.39721849623,0.008559507,0.00095345743,0.13024080988979117,0.010435274619571088
-352.89523,3.646096,183.64635,5.010167,-56.128056,4.3112097,66.19611,3.6970494,-32.860237,3.5370603,32.509712,3.4890802,-27.160852,3.2257073,17.907217,3.6063514,-9.219364,3.2437131,5.5016756,3.052148,1.6094954,2.8794458,-6.870218,3.1302793,5.758036,3.094059,1318.3973811203587,69.61011409304368,1528.3773670796722,42.37094186655629,0.00029202693,0.00073032925,2741.9861264682427,0.010292731,0.0007771403,0.06486663464327146,0.0071857104856997995
-353.88095,3.8085306,172.04985,4.0193863,-47.389427,3.4709666,58.52807,3.687403,-28.17785,3.8493273,36.3103,3.3551836,-15.943155,3.2266188,19.63742,3.3724196,-7.4740615,3.1018498,4.453329,3.4246528,2.7646425,3.0602283,-1.5061451,3.1175473,9.523341,3.0440729,1339.6071484535507,68.48039776999964,1597.4822825971582,40.98677426174415,0.00031033368,0.0009251559,2869.2868261492167,0.010159836,0.0009311996,0.06111332656612529,0.008111731203047588
-342.31528,3.8853564,155.87935,4.220544,-55.629677,3.5384676,65.145935,3.9728074,-46.950806,3.4508593,31.798012,3.5823965,-33.658768,3.525008,28.590282,3.3723938,-8.504466,3.0674067,3.6280081,2.9981961,-1.1004623,3.0234091,-9.227848,3.0270612,3.726948,3.0686295,1813.4611554504972,72.56577154673492,1854.0681929086727,34.617846593639634,0.0006149147,0.0014400175,3956.338876250725,0.009099406,0.0008079959,0.09694478683294663,0.0077453330214832155
-335.08243,14.505875,161.66104,14.101287,-62.664524,8.49642,66.762924,5.299328,-37.707497,5.9514627,30.192822,4.314641,-23.086214,3.739409,15.778808,4.162337,-9.979387,5.322638,8.141498,3.2852085,-1.310628,4.051706,-4.6018853,3.7995293,8.607312,3.457626,1694.4028267221065,274.57050527456016,1675.576672831372,93.89373996133644,0.0005587796,0.0009544689,3458.3773088565836,0.009659999,0.0026823464,0.10045338783352668,0.03299362033142154
-331.955,10.250529,166.72804,4.506353,-56.733925,4.9642673,63.137657,4.790639,-34.246677,3.6720536,36.56556,3.8739038,-27.828217,3.2146335,17.012608,3.179757,-10.083996,3.091601,8.548215,3.424308,1.785794,3.1786737,-4.3994803,3.4026675,7.292345,3.2343597,1574.904426011641,82.64350981590748,1700.6993554739386,56.83895277570329,0.00043068052,0.00058982114,3332.7503036180397,0.010194922,0.00123794,0.08262375833816706,0.010018731216993421
-355.73672,3.9748113,171.3482,3.761734,-58.1881,3.1305563,55.11768,3.4794695,-45.14424,3.2579508,33.58321,3.313993,-33.05383,3.340556,21.632973,3.3833525,-14.256083,3.1356385,4.3473134,2.9597704,0.014728688,3.0042095,1.3206276,3.2217185,14.568749,3.244127,1562.463870152482,62.28634983840651,1679.5840886278456,42.01261449612592,0.00035462918,0.00033039475,3170.0522155053654,0.009266564,0.0007899351,0.08354934019721577,0.006545399589309429
-347.28958,4.017654,160.49268,3.9830809,-46.858425,3.6307623,50.295254,3.515751,-39.963814,3.7082117,27.524267,3.1509883,-26.654154,3.5978088,24.02428,3.3987827,-5.493538,3.0858192,8.174433,2.9076984,-2.2935522,3.120034,-8.117026,3.288722,7.015632,3.0608995,1590.526995836562,66.60760878799864,1742.0534048230666,39.572605128532516,0.00041618134,0.00068912865,3341.6183861115137,0.009270579,0.0008543648,0.08295230024651973,0.007525909189291007
-349.6932,3.1079962,177.65869,3.6801035,-51.18892,3.3580592,64.23351,3.7381008,-31.126455,3.1810644,31.667171,3.2642663,-25.35068,2.8026996,14.62343,2.9163642,-9.025621,2.920384,5.3528438,2.8833869,3.147793,3.0936155,-3.3160734,3.0902038,9.380623,2.923948,1334.0620951894482,56.96306276587775,1561.5736701592148,33.13978737647953,0.0002849783,0.00065407925,2832.7653145845416,0.0106193535,0.00075584475,0.06254191741589327,0.006960864772018741
-332.33298,22.861261,146.58769,11.769731,-87.781906,9.974792,78.791084,7.8674197,-59.462513,6.644268,38.623634,4.8331223,-40.43383,5.860972,21.98066,4.830047,-17.346905,3.4117804,9.5519285,3.4948366,-1.5924381,4.0212984,-9.215696,3.812127,8.276884,3.764183,2276.4812531153357,291.8074084544588,1839.9939671045954,76.451923482725,0.0011946146,0.0015341726,4393.048223154728,0.007819197,0.0012701553,0.16671122752320186,0.03762050084357282
-355.66815,4.195723,167.56479,4.6184382,-55.257133,4.2093134,53.710392,3.64637,-43.514206,3.95383,33.424423,3.8904746,-32.55047,3.3274996,21.4904,3.3723311,-15.005469,3.2253609,4.123169,3.456278,0.26791018,3.1860332,2.2947466,3.3120053,14.427179,3.305624,1593.968070826182,68.48003804390002,1719.8334953228673,50.15300511418305,0.00046856934,0.0014318555,3270.7236871918503,0.008871189,0.00086167955,0.08605872063515081,0.007165379189364465
-330.05206,8.11486,145.22827,9.939295,-72.6926,4.3640738,77.63123,6.517292,-43.411392,6.1935673,32.09462,4.9644837,-33.542027,3.6585526,21.738659,3.9095948,-10.991312,5.427029,13.57703,4.0099144,0.53478396,3.3927526,-11.157388,3.3537433,10.738462,4.690339,2104.0544062108856,239.69361101847852,1835.531328666744,132.90916553185158,0.00096093176,0.0023194537,4151.336769050899,0.008479329,0.00064936234,0.14232775340777262,0.028885037023681434
-351.87238,3.3948348,178.78249,3.0342658,-54.255745,3.1625607,66.72888,3.1730022,-31.136179,3.235762,35.225048,3.083207,-23.622421,3.026796,17.799417,2.8955975,-8.35149,2.9234686,5.8312645,2.9934661,2.1928227,3.042994,-5.524594,3.0412018,6.8859653,3.0309052,1343.8287067068018,57.202937928369565,1567.9850017929427,30.12863494370006,0.00025218076,0.00016618962,2864.3656648781903,0.010458428,0.000746059,0.06240936774941996,0.006877210431577033
-355.01233,3.8644059,180.85408,4.548103,-52.023613,4.263963,65.48073,3.7741113,-30.501797,3.518698,34.11613,3.608529,-24.158182,3.4754422,17.129135,3.077679,-8.970489,2.8390243,4.9297304,3.0825143,1.6708183,2.9719112,-6.1863174,3.130097,6.8752317,3.144949,1300.4235313005368,65.94633403676582,1545.5306696603684,45.47660932939037,0.00029642857,0.0010093298,2760.846414588167,0.01043958,0.0007385528,0.06080630981728538,0.0077792680831284865
-358.75,4.157116,173.03253,3.9178355,-43.745182,3.305779,64.234505,3.2499638,-27.665897,3.359082,31.94916,3.3315442,-25.176767,3.4118233,16.0585,3.245194,-8.300616,3.1267576,7.2718954,3.0004466,2.0678616,3.0663579,-5.5023303,3.2083392,8.451063,2.9050493,1326.945521131624,86.34446730364816,1613.6319847374978,70.61396652384946,0.0002519013,0.0003423824,2882.7513232308584,0.010194869,0.0008286322,0.06111785817865429,0.0156706854283576
-357.3762,3.611385,173.27602,3.1419141,-51.169155,3.262277,61.613472,3.299858,-29.407406,3.4841173,38.604664,3.2575264,-18.405287,3.0890706,20.614536,3.2950263,-7.3061347,3.011013,5.7488604,3.0125842,2.8066983,2.928804,-1.92251,2.9356582,9.850016,3.1454923,1359.0783894049196,65.9925552177981,1609.550361911193,31.57042729883749,0.0002814578,0.00033616237,2913.8520632431846,0.009898953,0.00096305955,0.06025685179814385,0.00908139729900007
-352.8738,4.195615,166.738,3.4359968,-51.492004,3.3208158,51.556488,3.3849466,-39.308186,3.6000817,31.885696,3.0923097,-28.904058,3.1814375,20.028439,3.7224932,-13.20349,3.4332204,3.4127557,3.4275646,-0.812739,3.2271774,0.5762898,3.2566314,13.733929,3.1820657,1541.3285255052663,58.094025850621755,1690.6731776491338,37.89510604853472,0.00036046255,0.00046047074,3160.0100488507833,0.009298147,0.0009958514,0.07973258954466357,0.007468347156644637
-349.38602,4.1551895,159.81834,3.3217235,-46.547073,3.1665332,53.23003,3.3228424,-39.45406,3.1976075,29.73101,3.007449,-30.5328,3.1432972,21.158575,3.1145976,-8.108859,3.1753068,10.233914,3.0954745,-3.1903496,3.0158117,-9.623054,3.0199168,4.570822,2.952029,1603.8746361623532,63.46640143639346,1771.953022998298,38.717508735264005,0.00034197498,0.00025096364,3425.852679542488,0.009945457,0.0011209749,0.07970879857888631,0.006651015420574524
-350.10556,4.034995,166.36499,4.321999,-53.876595,3.5891454,54.7022,3.5646222,-41.611633,3.6292539,35.298695,3.6553342,-30.269096,3.4884787,23.237633,3.1632442,-11.795231,2.9449863,5.2943945,3.1307595,-2.5959904,3.3649955,-2.8342998,2.9505258,12.863438,2.958262,1596.2299132891571,68.84604708964942,1739.6085679996893,42.7250250712574,0.00046454827,0.0012841311,3332.3256348789155,0.009224941,0.00090819027,0.08379518017691415,0.00785769574524329
-356.3744,3.5774636,172.9656,3.6133463,-49.05999,3.1289165,58.791416,3.0759945,-28.096827,3.1353714,36.688236,3.1315885,-17.015158,3.2006018,19.611614,3.0024354,-7.8346696,3.0814354,4.0015135,3.1832173,2.483412,3.1591861,-1.598672,3.2241616,10.278769,3.149093,1341.208121125362,75.05054474880026,1585.9670179556638,38.7062332635306,0.00025170474,0.00022895144,2840.4343324028423,0.010120049,0.001086582,0.061887099405452436,0.009064264012240038
-351.24765,4.3469467,151.7471,4.0906425,-45.40622,3.8048348,62.031033,3.4961708,-37.714928,3.7771287,31.474493,3.5203245,-34.595333,3.7371361,18.747217,3.4275258,-10.526097,3.0982304,3.494288,3.1290061,3.841828,3.0801494,1.7904707,3.1988227,5.254537,3.268957,1708.3998765446574,93.21468026488915,1866.8673033505463,52.21861815232789,0.0004126131,0.00092204794,3880.4480745178366,0.010183768,0.0015336942,0.07297935397331787,0.012433507566343762
-355.31158,3.7903066,175.6825,4.1034217,-47.02749,3.981337,63.153214,3.326069,-25.674988,3.4577127,31.999763,3.2179842,-21.651764,3.238779,17.038897,2.8720808,-5.231714,3.020194,6.89383,2.8680747,3.7418544,2.9479952,-4.810991,3.0191686,7.3517547,3.1292796,1285.547622887753,63.627161176859225,1556.0947256367458,43.14826575683613,0.0002560737,0.0005847474,2755.600506634281,0.010647614,0.00094894157,0.05623504567865429,0.007552294779490222
-350.08804,4.8036585,159.63196,3.8241646,-47.074944,3.7037072,57.913147,3.6611295,-38.728542,3.3287938,33.65046,3.8366427,-29.917103,3.386637,20.450718,3.2924988,-7.8063297,3.5504386,13.240407,3.2809505,1.7377931,2.8293505,-5.8822007,3.011216,3.0755732,3.0060039,1605.880081794683,68.95818355217104,1796.8599706541631,41.672883235500805,0.0003451248,0.00020689695,3535.4172142365137,0.009949863,0.0010660624,0.07398877066415313,0.006838097260003236
-350.49707,3.825545,182.20726,3.7643838,-54.429134,3.1466148,67.97467,3.1546683,-33.524963,3.2957294,33.959366,3.060079,-27.27525,3.257784,15.829945,3.431379,-10.600072,3.0460894,5.7434373,2.9628751,2.6167433,2.8550353,-4.9333024,2.8887463,7.820641,2.90177,1330.0612258495726,57.94896689967617,1553.3253715245794,35.92878043357246,0.00027059164,0.00038416975,2818.85116824971,0.010563166,0.00063310243,0.06366349151682135,0.006770965579054885
-348.91953,3.847545,167.01097,3.2602122,-53.51655,3.2041085,51.590214,3.4131453,-41.76074,3.1013281,33.384766,3.2607915,-30.524092,3.532545,21.17414,3.2417836,-13.572467,3.0831618,4.771611,3.0773702,0.081684105,2.9668064,1.1930386,2.9763513,13.989771,3.2654343,1575.1479387573922,56.545073669213394,1707.6045713173733,34.5751661359316,0.0003666096,0.00044641338,3220.4379123767403,0.009653008,0.000839276,0.08508555684454756,0.007219274784586248
-344.85934,17.922783,176.15063,8.135966,-58.494053,8.146873,67.82384,5.4110837,-37.56086,5.514589,34.541283,4.408965,-28.663631,4.0669155,18.086994,4.1077247,-9.901456,3.0987244,6.3028226,3.3891504,1.4031149,3.1884801,-5.1507587,3.1276975,7.4315567,2.9883442,1470.003137066887,200.70726210136763,1621.2249321327783,95.51004728834523,0.0003476904,0.000310498,3098.9326919591067,0.009996361,0.001161809,0.07654573303364269,0.02084421401222556
-340.82556,12.7799225,176.51044,5.373621,-58.8133,4.5930824,62.513042,4.042411,-35.304306,4.645737,34.622005,3.6225655,-30.272919,3.9162445,16.990086,3.5322986,-9.075743,3.1233304,7.116851,3.8091323,0.6577761,3.5965197,-6.733797,3.656063,7.591582,3.4499772,1457.675296508207,78.14173642853817,1604.4567407261502,63.468197791327974,0.0003389019,0.0002612881,2996.1628570910675,0.010169322,0.0014851801,0.0785124528712297,0.009410418389086283
-357.12073,4.0040965,173.28941,3.5158772,-52.64781,3.1862366,62.36147,3.1102285,-31.142206,2.9754047,39.452724,2.9732397,-18.909092,3.3296652,20.693176,3.1135776,-8.548197,2.8133137,5.9470162,2.9680698,3.169209,3.2394502,-1.2404776,3.2002807,10.771496,3.1230505,1378.7272047840886,62.04638129289607,1621.1311204534977,34.68737184921299,0.00027391437,0.00032067226,2966.336123296114,0.010107957,0.0008109125,0.06020247244779582,0.007465102697101386
-352.73087,3.9006476,181.41005,3.7688477,-53.851566,3.1158586,64.76168,3.3141987,-31.595137,3.35083,34.595573,3.2103143,-24.913843,3.0775223,16.736357,3.1326745,-9.119557,2.998433,5.260187,2.9248962,2.0242758,2.8576722,-5.212857,3.0900452,7.200397,3.0832977,1315.6013150537744,58.66660833132498,1543.5127105642305,33.87686925402277,0.0002831662,0.0006790001,2768.2906077798725,0.0102931205,0.0006868573,0.06304832511600927,0.006981839261144222
-349.4602,4.566989,166.02864,4.745688,-50.637226,3.8882315,49.551224,4.512039,-43.644836,3.5439258,30.343388,3.8122122,-31.253391,3.2410843,22.695625,3.2573588,-7.024294,3.257953,11.062372,3.1399972,-1.2511821,3.283622,-7.9652143,3.0468338,3.1187952,3.0761871,1574.7611286299305,71.66718039615381,1724.6321344526523,52.9317133330977,0.00038952776,0.0006625323,3266.3271167162125,0.00944895,0.000995179,0.0831981402262181,0.006664106015407942
-327.75986,5.7174025,163.56273,5.5602856,-85.3309,4.3396378,53.172783,4.5824504,-51.879948,3.5240543,30.708864,3.505593,-34.70152,3.4955413,18.632267,3.1486123,-15.684649,3.218415,1.0862082,3.1183057,-7.2653847,3.233476,-10.125041,2.9695866,4.524077,3.1238875,1809.3650548017001,97.85233615851016,1637.26115688072,55.65380220222197,0.0005921176,0.00089710654,3478.7364278204755,0.009368647,0.0007951702,0.11218459976798144,0.011049543022687253
-338.25864,7.473419,168.88712,5.678107,-56.973698,4.2118435,64.77224,4.161181,-36.595646,4.0633855,34.355236,4.5927367,-24.626324,3.8095136,16.388208,3.4117765,-9.521174,3.355681,6.227777,3.5752692,0.2003399,3.036467,-5.5099463,3.1993508,9.655693,3.0665755,1531.6065463935267,107.84586479671626,1669.3162273985974,75.25412087739745,0.00045234666,0.0013148035,3301.0750117821926,0.010219448,0.00072306866,0.07530407120069606,0.010456412251447469
-362.38327,5.0314536,174.77489,4.1593075,-48.452045,3.4101324,71.56813,3.420652,-30.471909,3.578872,37.37607,3.689806,-26.279757,3.217274,22.381517,3.2904713,-5.6183114,2.875563,8.820791,3.1892447,1.401979,2.895009,-8.287486,2.8132317,6.1801233,3.0619571,1349.6376535113307,82.10633746024389,1641.725655608971,58.73972957148149,0.00025734276,0.00035461274,2962.439163101798,0.010338953,0.0007762421,0.05824141712587007,0.00922099221927597
-358.85782,3.714935,172.57906,3.855798,-43.462017,3.386161,64.5242,3.127808,-28.103523,3.2707322,31.985838,3.634576,-24.64914,3.0927935,15.872832,3.177868,-7.562055,3.0137959,7.9240637,3.0783482,2.6529295,3.125243,-5.682291,3.1428726,8.222748,3.1688867,1326.4733785682183,78.2594267612998,1614.7521167920922,59.71624792974683,0.0002563062,0.00036567086,2895.841112601508,0.010206942,0.00078285555,0.05904237964037123,0.011839634098191724
-356.80945,5.9372663,170.13852,5.383463,-44.877937,4.6304197,67.30136,4.03072,-28.776815,3.9731812,35.64624,4.156933,-24.826199,3.4117935,19.436365,3.4670594,-6.8510075,3.4865477,7.147234,3.0608711,2.314072,2.9100506,-6.365879,2.9211488,8.930952,3.0855045,1377.563040231102,116.03220977404342,1665.5462755784117,78.27908015681506,0.00032109008,0.00088385673,3037.8803155814967,0.010201613,0.00095892046,0.06035541437064965,0.011864104755699365
-346.611,4.1227527,165.90436,4.0534387,-49.933613,3.832838,62.160683,3.579548,-30.604616,3.3684657,39.88224,3.3094065,-20.17677,3.2957911,21.656096,3.266865,-10.802877,3.3087575,5.3198195,3.264818,2.25984,3.2937737,-0.676783,3.156779,10.7509365,3.145785,1481.0473621335705,79.16743213507424,1710.6083262482969,48.157789699843605,0.000369019,0.0006164463,3220.8625811158645,0.010037691,0.00095086935,0.06852251305104408,0.009350541305479285
-354.78024,4.250455,167.16336,4.582344,-55.222984,4.0640483,54.278023,3.972816,-41.9383,3.655013,34.927284,3.7190878,-28.61514,3.3450987,23.948551,3.4036431,-11.577837,2.9483533,3.9162638,3.0961106,-1.8815683,3.3642771,-1.3834331,3.5400147,13.83872,2.9111104,1580.8135341037948,69.19816135597722,1713.5341273955223,45.36289077824251,0.00044640747,0.0011840452,3268.9500706931553,0.008905716,0.00084871403,0.08456328850058005,0.008221908029374649
-349.23233,4.0084467,156.56996,3.6893685,-42.92299,4.001761,53.400124,3.3729482,-37.075344,3.5654948,28.589167,3.9255166,-32.56023,3.0449722,17.909859,3.325844,-10.920212,3.0086024,9.544476,3.1676316,2.10609,3.161011,-0.8010005,3.0608947,6.7744823,3.1529067,1611.9680301719475,69.89915317987962,1799.431952774055,43.48977066897837,0.00038329177,0.0010661635,3484.5069265697507,0.010461965,0.0016915828,0.07473422092517401,0.007555371504299643
-341.19904,4.9563413,155.12413,3.8617973,-47.600315,4.0089755,58.08415,3.856874,-40.35786,3.6263409,27.607096,3.4367545,-28.999882,3.6263433,22.891075,3.6381035,-9.828983,3.3782084,11.560376,3.5793862,3.1293015,3.252791,-8.992123,3.2368758,1.4274828,3.094415,1688.8150825581195,74.68785626121249,1815.493990153084,44.915723410135236,0.00042288986,0.00045591054,3606.2619521280453,0.009950231,0.001264729,0.08400476725638051,0.009039615477016328
-337.72803,4.368101,163.91586,5.231531,-59.054382,3.8855956,64.30412,4.0030265,-37.369137,3.893526,44.40424,3.6849487,-24.02962,3.5464988,24.064594,3.1349142,-13.534457,3.1896527,6.2659545,3.0217493,1.703383,3.0819504,-0.96803576,3.1244996,10.083217,3.022937,1646.826045889474,89.90497311495884,1777.9419028961,57.47058012640046,0.0005382745,0.0017035875,3555.801313714472,0.009778613,0.00068003725,0.08524642908932714,0.009329953846000515
-350.2914,3.5530455,168.12083,3.4565885,-52.213634,3.587985,52.695366,3.3773808,-40.217705,3.3473232,33.03813,3.480485,-29.583708,3.50624,21.65172,3.1606607,-13.300709,2.7346423,3.311823,3.229744,-0.36876068,3.2786741,1.0023735,2.8252327,13.916545,3.1869705,1547.4090075506035,57.67129986231282,1698.3477878314054,37.68649940533249,0.00038764317,0.0005709587,3166.6298850783064,0.00935052,0.000766466,0.08232807062064965,0.00765791300422922
-348.71283,3.5521705,177.0291,3.9248323,-54.069897,3.6995492,66.50158,3.7689354,-31.812445,3.2380013,35.642345,3.444307,-23.490215,3.238354,18.039211,3.271413,-7.5933986,2.785617,6.1131725,3.0317893,1.9380294,3.044358,-5.5190907,3.004822,6.6358147,2.939952,1365.7212617676157,64.66769987245166,1588.4265742527225,35.00078741958033,0.00030553495,0.00071874313,2921.321236948956,0.010429072,0.0007923377,0.06480432497099768,0.008111358735505204
-351.89667,3.8512466,180.4785,3.228457,-54.259186,3.253041,64.56716,2.8384755,-31.060503,3.094364,35.693626,3.0990837,-23.545198,3.01001,17.29229,2.9439974,-8.882858,2.9712334,6.185909,2.8825998,2.8724244,2.9711468,-5.2253294,3.026144,7.0310087,2.9818642,1320.0621095143206,60.538212991174746,1551.773978089284,30.010456357975237,0.0002567214,0.0002253179,2793.0213167053366,0.010398874,0.0007317925,0.06255211354408352,0.008090944014294768
-326.96188,6.1047163,142.61186,5.365618,-58.398373,4.4335084,81.42089,5.2125816,-42.02847,3.7621012,37.291904,3.5039985,-32.84496,3.5894017,26.336784,3.5553248,-8.940664,3.0611348,11.772831,3.001893,1.2313008,3.332937,-4.8862977,2.8997996,10.443625,3.2412884,2057.9741400575567,109.62145631584072,1975.5564629036794,41.11344757596242,0.0008342657,0.001967648,4392.273827218677,0.009551508,0.0010355089,0.11293118293213457,0.016181838535835925
-370.68106,4.406242,164.57346,3.9215782,-39.213093,3.5522454,63.404373,3.6218007,-22.45704,3.4986954,28.884872,3.2781584,-21.559574,2.9721005,18.876406,3.2341375,-0.09868159,2.9107156,10.202135,3.061703,4.7535,3.3478978,-4.9804893,2.8686097,8.161571,3.0813074,1310.2144913039917,68.59854384921387,1631.632894598551,45.18713555940074,0.00021112895,0.00037601017,2892.643606801044,0.010530238,0.0011801652,0.04658950841067285,0.008841981553196423
-348.12076,3.5471902,181.87758,4.5987377,-54.706112,3.8084257,65.88447,3.8242738,-33.966778,3.7281199,33.41661,3.1887271,-26.3796,3.3251271,16.673065,2.9420216,-9.5525055,2.8814988,6.0103793,3.2567048,2.4639986,3.319164,-4.8057723,3.0672746,7.9563923,2.8832588,1332.4118752611873,59.46275726138631,1551.703546266373,43.06643939668137,0.00031548773,0.0009438087,2816.3780973571634,0.010574452,0.00076229277,0.06416083599187936,0.007957912881099668
-350.62784,3.5166042,178.30307,3.537275,-54.61579,3.3820267,67.52631,3.3591728,-32.61571,3.2245142,36.986176,3.3499901,-23.631313,3.1538,18.752647,3.0854323,-8.15876,2.88783,6.2943788,3.2171528,2.4284782,3.039933,-5.158549,3.1429522,7.0146675,2.9327776,1358.1542570857232,60.68062331521135,1588.6088303871795,31.908109864367123,0.0002912606,0.00052818964,2909.9051420207365,0.010485368,0.0007579755,0.06465478175754061,0.006785845020429892
-351.31302,6.0040674,168.13583,6.0380473,-48.65355,4.9971714,54.26076,4.3091173,-28.208853,4.4328527,35.160645,3.5822785,-15.214465,3.7786832,18.369724,4.0407176,-6.949361,3.5137618,3.9342499,3.241936,2.4345975,3.3068578,-2.1355627,3.6843126,9.554036,3.504039,1400.50495117415,112.85697985277973,1608.9107478456506,61.04376443169522,0.0003411848,0.00063513697,2957.817767999565,0.009751453,0.0022581487,0.06851571563225058,0.011706749583180933
-352.95386,3.8340988,164.39084,3.9750357,-48.94505,3.8520691,53.80708,3.8872633,-40.768543,3.313811,30.367077,3.2348595,-30.591078,3.2676039,21.764278,2.9724517,-8.524706,2.9032133,7.0363708,3.3102596,-4.9312496,3.0941954,-9.652162,3.210574,6.200556,2.974147,1551.0177031078106,62.009981551838884,1725.5640314240923,45.30624212644741,0.00037209617,0.0009543418,3260.456695910673,0.009828054,0.00090356544,0.07635200659802784,0.007190806861860237
-351.84082,8.793756,180.53528,5.5987077,-54.898876,5.3750606,64.90245,3.8265402,-31.648794,3.6121035,33.197044,3.4882371,-25.776222,3.3287554,16.428705,3.8723676,-9.496326,3.2109065,5.5840197,3.0844266,2.053594,3.1748238,-4.6701612,3.102038,8.062839,3.0083182,1342.6553036698801,106.22133795236779,1548.7580860613934,61.6950421954305,0.00033976286,0.0013580248,2812.281293050319,0.010187183,0.00067842397,0.06570271715487239,0.010276303595492742
-346.60977,3.958838,164.2716,3.6095357,-44.587864,3.702051,50.03797,3.3476617,-25.040192,3.1676953,32.7137,3.3123584,-11.463097,3.5973651,16.002666,3.3256838,-7.781881,3.2614543,1.6038252,3.068901,2.776343,2.8712804,0.058982406,3.188585,9.710683,3.1656795,1396.909790685509,85.08380890354464,1600.5077468651225,38.01815004190499,0.00029505003,0.00029395494,2942.729537503625,0.009971612,0.001589396,0.06906517365139211,0.011979126794611899
-368.35297,4.200262,168.44756,4.4247026,-38.906776,4.123938,64.13883,3.6901467,-22.690096,3.581594,29.414173,3.4600713,-21.86636,3.0662389,17.695911,3.4381313,-2.3227463,3.209025,8.693074,2.9682333,4.3607106,3.0101645,-4.719533,3.1387901,8.272556,3.1097245,1275.5469746523177,84.20217037302159,1603.821648096272,54.96479196740969,0.00023388721,0.00052597263,2809.3835534186487,0.010460755,0.0012598168,0.04867858178654293,0.010898360315265879
-350.85184,4.1536527,173.79698,4.1512723,-53.959568,3.8483336,58.510197,3.5543642,-31.96131,3.6564229,39.40903,3.4779603,-17.23667,3.697135,19.95173,3.3467557,-9.990778,3.12413,3.6149561,3.1873367,2.071879,3.0234358,-0.3918928,2.899294,11.2024355,2.9971557,1394.514858143785,71.53256516834799,1602.3105789472872,43.76491190157492,0.00032103428,0.0006163873,2940.905959976798,0.009939464,0.0007762819,0.0682721414588167,0.009772342040916353
-350.92072,3.3693173,178.3783,3.4790928,-52.399757,3.0138907,66.07529,3.1957908,-30.889854,3.233274,34.722397,3.335549,-24.488955,3.0264893,16.668516,3.0681431,-8.643671,3.1593978,5.47428,3.0042813,1.9284918,2.8656266,-5.105574,2.9007351,7.4718704,2.6547682,1337.5768574557624,61.16374434425592,1571.01599423858,34.55321946819779,0.00026323655,0.0003086903,2851.5007001341355,0.010518315,0.0007077294,0.062138603900812064,0.006981697159330027
-354.0353,3.7877314,178.60774,3.5995557,-52.20648,2.9547544,66.29935,3.0665076,-30.326916,3.1207085,34.35277,2.9348822,-23.826807,3.0928688,17.265305,2.9558272,-7.514841,2.8635309,5.989472,2.8517516,2.8875945,2.8146012,-4.7449465,2.7596352,7.1647215,2.9157245,1317.532509710437,59.12591941365936,1563.3158188914256,34.392576481901706,0.0002604894,0.00043448448,2818.701285165313,0.0105026215,0.0007267582,0.05966774216937355,0.006999815621506331
-323.50885,8.483878,156.73946,5.0344925,-64.59273,5.365184,70.25966,4.409248,-47.22268,4.34877,37.502888,4.336466,-33.149635,3.889893,17.907463,3.7673635,-13.946077,3.524835,4.6914825,2.9843636,-2.2905033,2.943263,-7.1244392,3.0006387,9.066649,3.2501836,1876.4437472672896,111.76711744687661,1832.7479796960283,68.26258241394376,0.0006834231,0.001020527,4000.9290938587587,0.00961406,0.0007928532,0.1067410002175174,0.012458748838938617
-347.67435,4.0413165,163.72041,3.900733,-49.832222,3.7113147,54.233986,3.3831139,-38.403904,3.4340265,33.92773,3.2657306,-30.293442,3.1040075,23.083109,3.1752338,-7.255932,3.2262516,9.943704,3.1685078,-3.1386192,3.0501804,-9.962204,3.335742,3.2794037,3.1785197,1574.3256386803337,64.98226436179307,1747.6275810161055,41.13505339081296,0.00037658788,0.0006525743,3309.568386564675,0.009933696,0.0009837317,0.08025145917923433,0.0071609098025746
-358.45404,5.8486176,185.22601,5.9453287,-46.687664,4.011545,61.317566,3.4835243,-35.556225,3.4230704,31.147854,3.438096,-23.976732,3.3958697,21.59963,3.0641823,-5.447351,3.2292798,6.6410656,3.5621686,0.7382147,3.3393748,-7.237238,2.9152198,6.611602,2.9087465,1238.831319465804,91.84271117745489,1516.130795196034,56.71888722705788,0.00024167234,0.00041705134,2584.1342580843966,0.010510865,0.0014666886,0.05775200297273782,0.0077632811864284
-326.71393,4.5807977,146.16072,5.0782223,-92.40181,4.621209,79.915474,4.245128,-55.362633,4.081959,39.612755,3.5159864,-40.16208,3.5141554,25.328594,3.5106246,-19.538578,3.5259778,7.4480677,3.0908532,-3.5430157,3.415028,-7.2115545,3.410795,9.417069,3.2007585,2285.6584452879993,94.11089511343947,1831.6387107656683,36.31450488468034,0.0012517496,0.0018089641,4318.456408153277,0.007881912,0.0003765716,0.16724822360788863,0.014794187230763367
-347.73962,3.5048785,176.68428,4.557327,-54.36336,4.1262016,66.1426,4.0017242,-31.915127,3.7590864,34.46727,3.1709273,-23.504978,3.0726097,17.509438,3.2522588,-7.8695393,2.9777477,5.875601,3.0624309,1.7243559,3.101552,-5.68357,2.9131377,6.9054193,3.0832813,1375.8507132089344,63.51931435392878,1586.4365214994814,48.73233766098562,0.00036272648,0.0014250915,2933.2119616444315,0.010393583,0.00073717016,0.06478166690835267,0.007396065237046875
-352.77316,4.177264,177.6976,3.4971411,-49.928265,3.010291,66.79317,3.1646745,-29.534136,2.8763032,33.36193,3.0941463,-23.527597,2.915718,16.787582,3.1414912,-7.8207464,3.2960625,6.1553025,3.014956,2.6002746,2.8071022,-5.58394,2.9569926,6.981842,3.027615,1315.0907524395873,57.18276759877188,1568.1142365135538,34.17905705447479,0.00024997763,0.0002825167,2832.990139211137,0.010564397,0.0008298758,0.060768924013921116,0.006929923917868096
-322.7022,9.389253,137.78293,5.1079764,-86.54908,4.9311876,79.38101,4.713154,-61.299793,4.8156524,48.507263,4.850257,-42.29547,3.737856,28.733831,3.6866875,-18.051714,3.68553,9.36257,3.1034653,-4.430467,3.0988848,-4.61006,3.2285357,9.270961,3.562746,2525.2036090789697,101.45508066625415,2009.7888590231676,46.850642388886556,0.0015690274,0.002238339,4916.964544663573,0.007799425,0.00069183944,0.19003430430684454,0.01626233076905691
-341.01855,3.9202552,154.20943,4.0286584,-51.786137,3.4947302,62.359047,3.5004036,-45.076336,3.5190408,30.954567,3.09785,-32.384453,3.2933967,27.685724,3.5353339,-7.9971485,3.405842,5.953551,3.048746,-0.07540329,3.19739,-12.426053,3.1217382,0.9645272,3.179594,1794.646529826468,78.96512088296943,1863.5289292310354,39.24460776084709,0.0005730608,0.0013002155,3926.637045026102,0.009242751,0.0008393109,0.09516499601218098,0.009120406392760424
-353.63293,4.1515126,166.0865,3.914555,-54.89771,3.7149386,52.48113,3.7724035,-41.603638,3.2945738,33.146782,3.352306,-28.994757,3.3014781,23.452984,3.2934704,-11.013033,3.1159978,5.2018313,3.0523722,-1.2817215,3.0410645,-0.11316102,3.1960638,14.032844,3.159835,1581.312246262238,59.60081040674221,1709.7646456413968,38.84195413920894,0.00040164025,0.0007128824,3253.312268887761,0.009220708,0.00092789496,0.08274384607018562,0.006585218115062425
-349.18457,3.9694784,161.3569,4.051585,-46.587822,3.7797904,51.138245,3.9347093,-41.98184,3.6085448,28.327518,3.5778763,-31.399231,3.423675,21.908407,3.2279646,-6.2348204,3.1274452,9.748897,2.736225,-3.9328246,3.0359447,-10.087313,3.305386,2.5687678,2.9037266,1597.5697627448494,67.1481670744735,1759.50020827146,45.86822364099265,0.00042604926,0.0010693972,3394.3522513051043,0.009646722,0.0011212883,0.08150445004350348,0.007293805806690253
-365.2921,5.8401365,172.43356,6.387478,-51.75281,4.1935377,50.60806,4.4088707,-40.347664,4.195468,19.616463,3.6611059,-31.668299,3.5466018,12.744991,4.026174,-7.359821,3.8599718,6.042478,3.5937364,1.2119422,3.3626673,-10.351808,4.2332907,0.17883152,4.4530854,1401.9474700892213,98.95200182139014,1528.1769140428196,78.34247690926091,0.0002622175,0.0005567562,2790.323421186195,0.010374634,0.0025410429,0.07233246628480279,0.008890032292022777
-354.49066,3.97398,168.9623,3.566498,-56.442886,3.2028337,56.7017,3.421597,-43.056396,3.0712862,38.47233,3.5300121,-29.085218,3.3357809,25.076122,3.1701043,-13.480834,3.115584,4.0955853,3.0501432,-1.4771765,3.1619596,-0.7077688,3.048229,13.611201,3.1093576,1589.1015954543504,63.49856250606389,1734.4509324638568,38.19274735803658,0.0004254532,0.00049003016,3319.6105532192573,0.008827739,0.00076604116,0.08445792850928074,0.007508070185087371
-337.94733,3.7526066,143.3291,3.9882076,-51.11997,3.9215171,67.40655,3.7857838,-42.111862,3.6047637,28.47911,3.2919865,-33.205032,3.4546998,22.879402,3.1063173,-11.636466,3.2727118,7.252864,3.3372338,6.5771403,3.3656685,-5.0035286,3.4110968,4.3841686,3.148646,1942.4105582748318,87.10486512001775,1927.0580887856966,34.996072665854115,0.0006963286,0.0018329873,4245.463346052059,0.009182894,0.0012398286,0.10040467299883991,0.012629271194075862
-352.387,3.8115494,159.72905,3.7405493,-43.719475,3.5871017,57.62579,3.469023,-37.49175,3.917304,30.400358,3.221854,-30.927292,3.1717317,20.74743,3.0422962,-6.722243,2.9518526,12.558461,3.0624168,1.8910713,2.870304,-5.589062,2.99739,3.1459239,2.9208763,1570.8118711216246,65.59435507570338,1788.7354428132792,41.49894103761295,0.00034885426,0.00072845264,3440.6911048977668,0.010149764,0.0009867089,0.06809200986078887,0.006974795765609908
-350.50284,3.6563926,169.85492,3.9965723,-55.042324,3.6312551,54.970898,3.825326,-43.289307,3.3255315,34.233353,3.3240309,-30.46349,3.4834125,23.2582,3.0158718,-13.6791525,3.198776,5.060299,3.2520678,0.88241416,3.2609048,1.2542788,3.160756,13.574092,3.1934133,1565.5876798184136,59.72266920332204,1706.7429082140548,37.77431680990699,0.00040458725,0.0007188302,3215.1170628806553,0.009312154,0.00077487767,0.08418716466067286,0.007345097056943055
-352.5795,4.283199,167.28818,3.4557793,-55.499733,3.2298086,54.853947,3.168977,-43.30343,3.200579,37.820473,2.992449,-27.532097,3.1717868,25.923458,3.0801375,-12.115457,2.9728756,2.8212457,3.0207732,-3.4520504,3.1081038,-2.0253084,3.013512,13.438809,3.320861,1601.0374924812638,61.87595351762836,1739.6987634762606,40.05320731982029,0.00041907595,0.00037514555,3357.456032029437,0.008872381,0.0007437105,0.0860247335411833,0.007310317813239964
-356.10797,3.5746799,175.50346,3.791452,-46.378136,3.3139007,61.682903,3.8915925,-25.852755,3.2977304,32.11427,3.4222698,-21.640524,3.028037,16.915052,2.9821837,-5.3340635,3.2336576,6.8692107,3.2424655,3.5189843,3.1791549,-4.381156,3.1687925,8.637495,3.1749716,1280.8701433593546,64.83070060261382,1556.2870169579076,36.18699878136084,0.0002441169,0.0004421179,2731.4193690182715,0.0107004475,0.0011270898,0.0543940780887471,0.007310019514419132
-340.46716,7.2010226,168.01555,4.267514,-45.31306,4.1486,56.288803,3.7271645,-24.932682,3.2143686,26.799719,3.2025056,-19.355377,3.2764218,12.6605215,3.0350096,-5.4588046,3.042529,3.1854024,2.9187536,1.7624432,3.0948997,-6.1552825,3.118761,5.346136,2.911499,1374.963684828284,74.48111422757837,1574.726383454999,42.36267819648251,0.00032137553,0.00066950195,2903.0355006525524,0.010278043,0.0016860899,0.06784277117169374,0.008417731004028702
-349.0269,3.8024116,162.03929,3.9167104,-48.743053,3.777059,55.523563,3.7679484,-39.969772,3.355109,29.901997,3.4362469,-27.800034,3.443783,23.515877,3.2660844,-8.136105,3.1669912,6.454214,3.2679858,-4.3950505,3.6449912,-11.153101,3.2647657,5.9674206,2.9134977,1591.4116616374563,69.19391868297832,1743.3835645118277,42.951810846404584,0.00040369935,0.0008306534,3361.927544047274,0.00952968,0.0010653439,0.08134357779872389,0.007675136200692291
-352.22302,3.4619422,178.63417,3.519491,-52.321423,3.2156384,68.15117,3.377414,-32.133026,3.3613336,34.412754,3.12713,-25.01745,3.04922,17.17027,2.9691286,-7.790636,2.8906686,7.359246,2.7056959,3.2889843,3.0071251,-4.857941,3.0966773,7.2582593,2.832269,1333.0911887696427,62.886022062422974,1578.4761452116475,34.04785924892563,0.00027432782,0.00033523032,2877.2056491081785,0.01040636,0.00080153527,0.06275943481728538,0.006913478964102984
-364.70984,4.2747693,171.25221,3.737595,-41.344997,3.2456007,65.97925,3.2465947,-25.265,3.5885992,34.2014,3.3676105,-22.260916,3.281419,18.750128,3.3655708,-3.9563546,2.8336124,10.134012,2.986082,4.702061,3.2235918,-4.8150597,3.0928028,7.7250714,3.169066,1289.2289565650465,85.99778955454951,1621.3835435586388,67.51758451669407,0.00021444856,0.00013385985,2858.6451271570477,0.010348106,0.0009844686,0.05744498622389791,0.01584790879183093
-329.23203,21.296785,157.0414,7.2246003,-57.41573,8.572429,58.629597,5.124217,-40.268463,6.32196,27.71388,3.7790792,-27.363901,3.2587695,10.076313,4.1997843,-9.899318,3.3949294,4.6079216,3.4049604,-1.3116139,3.3596416,-3.6308928,3.3661594,6.83761,3.2581923,1714.3260182121116,113.81760568526818,1719.7647618925455,79.01147438447616,0.0006418173,0.0016064016,3637.512575224768,0.009260139,0.0027047612,0.099112030524942,0.01224315934889464
-354.63232,3.9446208,175.62994,3.2747474,-55.9608,3.137301,60.78159,3.2743073,-34.058044,3.0228047,41.193672,3.0563645,-18.145813,2.9866414,20.762716,3.1373506,-11.315785,3.1277363,3.8591366,3.080514,2.2914524,3.0701768,0.03935338,3.1332836,11.169927,3.0783176,1398.5189550127332,62.5134861238168,1601.9555146560265,32.61119180773125,0.00028381517,0.00019355139,2952.122210792488,0.0098372735,0.0007155333,0.0704178599912993,0.00707285443708419
-353.48123,3.4615834,182.36197,3.7936838,-53.389385,3.7951727,66.62148,3.6302397,-32.21633,3.443142,34.010906,3.3516004,-26.716606,3.2928882,16.874865,3.0413382,-10.096306,2.9269197,5.546091,3.1522489,2.0858517,2.7534332,-4.7327104,2.982857,8.016875,2.9445724,1304.4244425252882,58.79589643986717,1546.1718953976,34.41191823366618,0.00026901238,0.00048017543,2759.772252483324,0.010560225,0.0007141448,0.06124021171693735,0.006665121680881515
-361.18954,4.758271,172.25635,3.9891374,-43.12553,3.3167555,66.36206,3.2678914,-26.730455,3.3301718,32.983967,3.584719,-23.463058,3.1481369,20.48282,3.1363254,-3.5857067,3.2439978,8.736685,3.058407,2.165215,3.1058283,-7.201833,2.9282131,6.331031,3.1149075,1308.0293651813363,72.52487281711667,1616.8196507230487,51.43261327599499,0.0002431494,0.00033228498,2859.694308747825,0.010386274,0.00087592116,0.056373259860788866,0.01030759947324813
-352.07562,4.155545,164.26591,3.5506475,-47.987892,3.1384518,53.56396,3.3207545,-41.162014,3.3321478,29.907866,3.1714504,-32.028034,3.1582065,21.409435,3.2105832,-8.894892,3.4441082,6.93606,3.1948285,-5.867565,3.1049905,-10.047112,3.127913,6.0273404,3.0451171,1556.8205963534806,62.12168113225343,1732.9956770831445,39.29255553709796,0.00033327122,0.00029489893,3278.217841411688,0.009840039,0.0009202,0.07721301297853829,0.006592456095863986
-369.4207,4.023534,168.44148,3.1934388,-39.935326,3.3237827,64.82885,3.482389,-23.472528,3.4201188,29.811852,3.2341495,-21.539284,3.312734,19.961304,3.2425427,-1.3227811,3.2597208,9.424763,3.2079985,4.632424,3.25095,-4.609964,3.0115442,8.61266,3.1743572,1279.9413302107832,69.2382202482413,1610.3982242194372,35.36581030220159,0.00020381655,0.00023526956,2824.671628027117,0.010510929,0.0011862253,0.04914080626450116,0.008743036042895197
-352.7353,3.8988614,168.81201,3.5556302,-55.4579,3.0028698,53.755325,3.1556334,-42.24971,3.1375003,37.190136,3.1636329,-30.291319,3.3469996,22.943977,3.1407635,-15.738335,3.075872,4.1577296,3.1506245,-1.2250154,3.3088942,0.5695743,3.0756464,14.297092,3.041364,1583.1723467927798,61.38596963293253,1728.0411005306867,35.3969327504705,0.00039288224,0.0003305306,3265.103071526972,0.00907461,0.0008154988,0.08402515951276102,0.0066622994276437945
-352.27762,3.7120786,161.16008,3.768616,-46.885586,4.044164,60.20286,3.6628678,-38.274525,3.3175714,32.663563,3.4137475,-31.777267,3.5457962,21.432388,3.2402227,-7.7164865,3.0323155,14.375632,2.987151,2.6146934,3.11682,-5.750784,3.1648014,3.30684,2.91676,1580.3144527131801,62.87773181984989,1793.2083365146107,40.26451507554521,0.00037947056,0.0010660838,3458.52719194098,0.0101592075,0.0007348828,0.06889183947215777,0.0072659243831916165
-349.03662,3.8912394,167.52698,3.597156,-55.755817,3.3680265,53.819393,3.4400551,-43.2504,3.4247804,33.868603,3.4152815,-31.515059,3.3330636,22.40123,3.0966856,-13.285939,3.2766871,4.8734045,3.189364,0.14760043,3.1704886,1.3497788,3.1013007,14.213712,3.3913925,1595.2682641374026,58.58192867997664,1716.9754869040014,34.48418941342446,0.00040195283,0.0004960783,3278.967256833672,0.009298571,0.00072587054,0.08620259933294663,0.0071591432459914344
-354.29865,3.9076638,164.56227,3.5369635,-47.053047,3.0908158,55.37556,3.2494433,-40.87111,3.19213,30.684792,3.4680073,-31.200073,3.3053038,25.047102,3.2554562,-7.641679,3.2633579,8.297815,2.9419663,-3.639762,3.0099258,-6.988826,3.0761266,8.970024,3.0924842,1560.9615373633262,64.60165477123849,1753.2264007759343,39.08441725094225,0.0003485231,0.00044280128,3295.0297273781903,0.009627837,0.00090436894,0.07858835738109049,0.0070993942226110695
-355.30017,4.050235,169.14285,3.7688284,-52.20072,3.1584914,55.433502,3.233481,-42.41661,3.0555577,33.695065,3.6173465,-32.467094,3.4059193,23.535759,3.1012552,-12.570532,3.04592,5.8213944,3.1188564,-3.9728968,3.0599065,-4.381331,3.2244873,12.471712,3.2796216,1550.8711237111315,70.32464210157423,1726.6241655472872,42.00330769872663,0.0003348736,0.00014455608,3217.21542606221,0.00946853,0.0010549453,0.07889197542053364,0.00840016801723088
-328.77405,13.201149,135.45618,11.415381,-76.07905,5.652,77.138176,6.756289,-63.326267,6.437345,46.242626,4.8803515,-47.59462,4.8995066,26.99532,4.273999,-21.14503,3.8996563,11.650295,3.6582346,-3.0790958,3.6446486,-6.0689144,3.8135514,7.5392637,3.0318134,2597.8624686647477,305.3795793778693,2105.477376098448,132.80557072226222,0.0015831735,0.001652922,5216.306044717952,0.007479198,0.000631142,0.1874796077436195,0.035737124737944465
-355.97263,3.7990737,169.04015,4.5751543,-42.303825,4.2114735,60.824238,4.104139,-25.614138,3.9593866,30.269571,3.4605575,-23.537521,3.3958375,13.594243,3.4307754,-7.1869435,3.2648141,7.4001794,3.0216103,3.0286953,3.0807033,-5.563277,3.107054,7.188862,2.9182682,1345.6205128286808,80.5271887551276,1617.9875998211858,73.09258872960854,0.00029554704,0.0007365938,2918.6483219438805,0.010162502,0.000854146,0.06218278712296984,0.014636425641861042
-342.44446,3.961406,156.43405,3.9119446,-45.43642,3.6555939,53.06899,3.8198495,-39.581577,3.3617687,31.023266,3.6248229,-26.353327,3.46105,21.386415,3.3779595,-4.9325266,3.2095246,11.958425,3.430999,-2.4322693,3.0379186,-7.357584,3.1283867,3.5296106,3.2345958,1643.275935400266,77.4474570783547,1800.5589428142791,43.87436984083323,0.00044537382,0.0008626512,3611.4329185397332,0.009876116,0.001291169,0.08199613000290024,0.008339269713884219
-336.92377,6.123174,157.89719,4.885299,-54.03795,4.1303387,71.13393,3.9952185,-34.39299,3.8476908,42.88371,3.6247692,-29.80641,3.3744795,23.89768,3.3810604,-9.900685,2.9597213,11.151144,3.0015664,2.849763,3.1583319,-3.7999718,2.9654512,8.709038,3.0928526,1707.2401146970722,116.95662559811196,1864.4638046930006,64.19301104722345,0.00049613276,0.0006175814,3794.065456877175,0.010006064,0.000777795,0.08409653241009281,0.01226276204382226
-352.38388,3.873921,167.08273,3.801209,-53.205936,3.4127636,54.09727,3.5029318,-41.706806,3.3259754,35.209812,3.5533526,-30.296385,3.4160044,23.62493,3.1737297,-13.256757,3.0554547,3.1783152,3.226173,-3.8040307,3.5143573,-0.36176327,3.5169332,15.911862,3.4651177,1587.3694766613028,61.19405707779084,1736.9509745348141,38.863446115740196,0.00043994977,0.0008123842,3296.8533049050175,0.009035542,0.0007795571,0.08403422273781902,0.007177145477066983
-364.70383,4.5751133,170.69609,4.1646285,-41.265175,4.0770183,66.52342,3.9751577,-23.203161,3.8635578,33.804333,3.7183628,-22.110657,3.6587217,17.721579,3.5169709,-4.4191437,3.1168811,8.599959,3.1204154,3.077222,3.2189007,-5.709806,2.9740372,6.3767743,3.2602122,1285.2602866760249,78.81187230902525,1608.0295171290352,55.77120082427156,0.00024515076,0.00053643784,2826.420264011746,0.010389133,0.0012616429,0.0546897658062645,0.010122975032097789
-354.23605,3.6353643,181.9053,3.706383,-53.453423,3.2519412,65.92458,3.3402867,-31.075043,3.245209,34.103413,3.093111,-24.612524,3.1217732,17.19513,2.9540875,-9.203914,3.107678,4.784342,3.0747101,1.4389732,2.8521512,-6.2799325,3.228093,6.397568,3.1839457,1301.015316064413,63.900020242161176,1537.0847985895289,37.83186184882703,0.00025557005,0.00027791556,2752.877630601073,0.010344092,0.0007903371,0.06155629169083527,0.006913227778585656
-367.31848,4.9392996,173.49086,3.9999275,-42.619255,3.4890475,70.084114,3.67704,-26.669825,3.5473192,34.03216,3.6113746,-26.574821,3.4913154,18.01554,2.9737637,-6.8482685,3.0684698,6.902837,3.0782487,0.34780797,3.0085342,-8.530989,3.0827193,6.8306756,3.0584683,1298.1112805849855,72.33631959425642,1618.4737219072058,53.882645719999424,0.00022283172,0.0002722228,2857.1213157990137,0.010334467,0.00073327863,0.05352854009570766,0.010103690499794846
-354.21426,3.4641063,181.8935,3.5211062,-52.39519,3.2218883,66.36169,3.500575,-31.034555,3.3919215,33.606888,3.3297794,-25.610365,3.4620235,16.819386,3.1849687,-9.274537,2.7670085,5.7047515,2.7662876,1.8257015,2.9775622,-5.6297393,2.9186082,7.281031,2.9626315,1294.073175202625,56.15031066015758,1539.6459985246704,33.91241370041639,0.00024763128,0.00031132207,2743.410015770012,0.0105501,0.00069247745,0.06025458599187935,0.006778221642657246
-361.5888,5.1120706,171.74294,3.6468527,-43.893658,3.3939514,64.68262,3.2315087,-25.234648,3.2330966,33.530937,3.3399053,-23.130405,3.327792,17.124014,3.0595012,-4.713786,3.1869333,9.9741535,3.4953856,3.847777,3.089836,-5.700097,3.1390676,7.2421355,2.893085,1306.3353771994891,73.19534456396983,1607.325440721213,52.07321233290254,0.00024080789,0.00027782016,2851.175953451276,0.010217297,0.00088932854,0.05743818880510441,0.009440744528133855
-347.94556,3.6359565,177.15211,3.39234,-52.74002,2.790091,65.70238,3.1197512,-31.185484,2.9412246,33.811146,2.8622673,-24.175465,2.9833045,16.709963,2.967002,-7.550624,2.9716647,6.105529,2.8694496,2.4549353,3.0188034,-5.2958813,3.0952823,6.885776,2.8670382,1353.8163831335262,56.8276036174485,1578.2132160636668,32.77103797595698,0.00027388477,0.00028732003,2888.1720947832077,0.010544102,0.0006704812,0.06378357924883991,0.006570314471477628
-342.94568,4.232151,154.68713,3.9071195,-55.539062,3.3781877,64.29269,3.425232,-46.19631,3.3864114,30.207348,3.2989447,-33.132427,3.3806224,27.308775,3.1971297,-9.374081,3.237414,3.9090152,3.29655,-1.0863597,3.1632903,-10.51821,3.142179,4.2624683,3.1826413,1816.8383161002776,81.43131062795318,1843.7408776647367,35.210990449907264,0.00051376736,0.00029429715,3903.6549720852668,0.009100408,0.0010009516,0.0968677494199536,0.009093271250333535
-351.62906,3.4989545,178.57552,4.1257324,-52.329857,3.7263355,63.735126,3.5106103,-29.95299,3.5219946,33.66471,3.23897,-23.323938,3.3413107,16.66209,3.1047056,-8.241297,2.874645,5.4870634,2.9333076,2.5679164,3.0043302,-4.869434,3.0111425,7.1637707,3.126854,1326.5188147236522,61.81809036464025,1554.9942045524342,37.19333909034268,0.00029064628,0.0006598344,2803.3882300427786,0.010308794,0.0007177771,0.06186444134280743,0.007626355189199661
-351.2859,3.580894,179.40749,3.602395,-53.46335,3.6752715,66.67106,3.6554718,-32.814915,3.59779,34.818542,3.369191,-24.938963,3.0716853,17.397186,3.036101,-8.755984,2.8657155,5.3991942,2.9484704,1.5593094,2.9246879,-5.354326,2.993078,7.6974015,3.0194838,1343.5979626418346,56.93058643433204,1573.2316281959693,30.211677157598267,0.00028546056,0.00042993185,2868.1627030162413,0.010321633,0.00072641915,0.063001876087587,0.007969586148784905
-341.45932,4.806687,146.36128,4.5420756,-46.398575,3.8854315,63.591827,3.908581,-40.206516,3.6016586,29.690052,3.502886,-35.597153,3.0747795,21.824518,3.6319842,-8.325004,3.1903117,4.1793075,3.2827747,6.0977144,3.6244018,0.497442,3.3931873,3.3531258,4.0332403,1854.044129123735,107.60422322318806,1925.671147355291,52.098687959718234,0.0005721602,0.0015052783,4250.6592929778135,0.009692851,0.0016590491,0.08970780162412993,0.014930655154346157
-355.4755,4.282133,173.07149,3.8922133,-55.7425,3.7083683,54.592175,3.3273544,-42.092743,3.6348867,34.02667,3.397878,-30.367897,3.3308556,23.869951,3.4668753,-12.805496,3.2817817,4.9783196,3.2927146,0.32365513,3.3080804,1.6449469,3.181172,14.001001,3.1508973,1509.3117848290585,62.94031067411729,1664.3647229588466,40.243113565224846,0.00034281245,0.00046264,3048.1722873767403,0.00945871,0.0008017937,0.07964875471287702,0.007311773666889428
-367.3811,4.2418394,170.83221,4.198088,-40.545975,3.6453528,68.76906,3.54517,-25.702164,3.4924138,32.28769,3.5752735,-25.42883,3.339842,18.433111,3.0359209,-6.021499,3.0701096,6.901424,3.1356504,1.4970335,3.001505,-7.8491645,2.7441328,7.122248,3.2073846,1306.115918104813,75.89426193380416,1631.217901962679,60.855682667098186,0.00023997425,0.0004546754,2890.270457964762,0.010273657,0.0007816238,0.05385368329466357,0.010378208201211764
-361.2626,4.131482,171.17842,4.028465,-39.874237,3.4980655,64.25207,3.4733133,-24.865398,3.8959756,29.927952,3.7180307,-23.854885,3.605087,16.191109,3.095511,-5.356306,3.1140208,8.047912,3.0631607,3.0581133,3.0762153,-5.39227,3.178449,8.317031,3.25321,1298.0934802002766,77.98557074045495,1607.66346572607,66.94786706865524,0.00025785968,0.0004954304,2842.1330073593385,0.0101147415,0.0008770926,0.05828446744489559,0.01239645747638211
-354.30002,3.6049318,181.89023,3.317465,-52.01267,3.26908,64.28785,3.3578284,-30.582579,3.1509123,33.33826,3.3070936,-24.459719,3.0018792,16.486422,2.9561477,-9.931167,2.895215,4.324533,2.7694612,1.6132529,2.8013985,-6.652124,2.8432608,5.335444,2.7632065,1289.8757892028286,53.205668633990754,1529.3522834252751,32.10793458730429,0.00025125578,0.00033878538,2718.0797745069603,0.010404848,0.0006407309,0.06080064530162413,0.0064848489578953235
-327.4765,20.19313,146.48389,7.0939426,-83.508354,8.57694,78.87964,3.5955572,-57.646873,6.568395,42.94476,6.1414485,-37.11022,3.2640007,23.137495,4.115356,-14.12805,3.4126072,9.821101,2.9481077,-1.3632305,3.7774923,-6.596118,3.413571,9.001089,3.2379513,2263.2060420989474,209.8355627323366,1887.2334372494522,60.42933247713134,0.0011027708,0.00077915814,4437.7383628190255,0.008020797,0.00116274,0.16122571055684454,0.029033655820416115
-341.12057,5.086678,150.74168,4.341148,-48.691387,3.7115602,62.82034,4.1841917,-42.07723,3.486182,28.35378,3.3506224,-33.128506,3.3766952,23.747925,3.23562,-7.319213,3.1285107,7.045922,3.1681771,6.7394834,3.672254,-3.444022,3.3391163,-0.64099836,3.2015982,1791.1729968121494,95.90528281195799,1867.3293344033293,44.59554241696664,0.0005193939,0.0009566686,3972.676132449971,0.0097300075,0.0012050343,0.0892818300464037,0.01091969886445383
-350.33896,3.905381,160.74641,3.834354,-47.32525,3.5600548,52.041744,3.4308398,-41.674526,3.254703,29.098806,3.641848,-30.721622,3.2823951,21.613619,3.344697,-8.02248,3.1686325,8.136919,3.1560063,-5.095199,2.8856368,-9.963602,2.8748555,4.323484,3.148271,1600.4942621356092,65.04257266863256,1761.0105395795267,43.04481424975125,0.00037142076,0.0006318449,3406.442820113109,0.009789266,0.0011476956,0.08192702291183294,0.006374326363121187
-326.3004,10.634845,163.34492,4.3895707,-91.29466,4.273511,68.85565,4.360197,-53.809147,4.7529182,39.08744,3.4235632,-39.637177,3.1832373,22.255175,2.8814874,-15.453551,2.987211,7.2053456,3.0210917,-4.143689,3.285853,-6.9294925,3.1459754,8.504453,2.8207724,1960.8562945287317,68.01156507994514,1717.6741801978678,31.90840549066135,0.000764421,0.00041384227,3827.2145990429235,0.00879696,0.0009935815,0.13080952726218098,0.01031861494454864
-365.52197,5.189876,163.7743,5.3425336,-38.221508,4.5514703,60.336285,4.448914,-20.76518,4.2136245,28.63559,3.9556694,-19.849657,3.8201854,17.35853,4.284323,-0.78444266,3.5589497,8.556995,3.624538,4.380606,3.6831908,-5.313033,3.4054496,7.2156324,3.429115,1329.0966142208965,137.78861360732967,1620.0334012154422,55.989657490568476,0.00028278545,0.0005256777,2886.9230690799013,0.01000278,0.0029830313,0.056804895954176336,0.01572272974951276
-347.95798,3.5249238,180.09665,4.1409636,-55.866776,3.7457469,68.267555,3.5219882,-34.379448,3.5852177,35.3553,3.4342632,-26.208284,3.223131,17.61414,2.924244,-9.589917,3.2081008,6.611987,2.8849788,2.141559,2.9869847,-5.647038,2.9094193,8.035008,2.7593153,1368.1088712908781,59.190388656710226,1582.0813127372821,36.59459655552643,0.00032083652,0.0008968287,2919.147932225203,0.010515412,0.00064306415,0.06596894939095127,0.0074993599128087285
-362.33533,4.297785,172.73126,3.698083,-41.100323,3.3520005,65.30766,3.2800517,-25.76841,3.440606,31.943333,3.420647,-23.610258,3.208995,17.042442,3.3164358,-5.9474797,3.268507,8.351132,3.1760755,3.055952,3.1496305,-5.129561,3.3369489,7.971059,2.9533532,1285.393546992479,82.95233355238872,1602.603105083299,59.574501671630166,0.00022521685,0.00016890849,2814.8293054850637,0.010244783,0.0008112941,0.05656132178074246,0.012161531336567213
-358.8162,7.246963,164.40877,6.146558,-38.779022,3.5367699,57.717064,3.715431,-20.88129,3.7195048,27.669378,4.1417394,-19.272821,4.2626305,16.840406,4.124656,-0.91868603,3.64621,8.357083,3.5064542,3.6926723,3.3471832,-6.6304917,3.4210248,6.0992937,3.5074902,1333.710798549477,115.97335131555268,1607.6613974828178,68.6076617224223,0.00027370433,0.00040859473,2864.8652751595127,0.0099671,0.0026396145,0.06154722846577726,0.014076523242205891
-353.20993,3.683371,165.28175,3.812791,-51.325764,3.296003,53.72025,3.540914,-42.396,3.1574645,32.47847,3.1692488,-30.237667,3.0674522,25.432058,3.173229,-8.246175,3.475924,7.7055507,3.0428638,-3.8933303,3.0219004,-6.711259,3.1808648,9.141456,3.180516,1591.4040109693588,70.30351036967558,1743.0482194308988,43.73977857478064,0.0003840881,0.00037067532,3324.6566170606147,0.009249635,0.00097080827,0.08442394141531323,0.0074912566645267235
-353.43768,10.235088,174.85168,9.061845,-46.5075,3.0658534,58.098724,5.44447,-28.404263,4.79332,28.328146,3.4146266,-23.297827,2.9440246,13.637476,3.3275714,-7.4679513,3.6567433,4.406817,3.3034017,1.8846923,3.001138,-6.0033207,3.0386891,6.634147,2.9077966,1325.7712813017185,93.6166848006518,1547.2899439031423,87.63159874466852,0.00027869805,0.00041488677,2768.9650816596577,0.010071444,0.002544357,0.06284780126160093,0.007342448071404824
-342.04953,22.070194,164.54666,6.2895412,-88.92111,14.302018,64.58642,5.0812173,-52.263554,5.4467607,49.63843,8.356738,-35.6818,3.7155795,23.06926,3.389942,-16.114706,3.585686,5.0269117,3.301522,0.7765905,3.2919643,-5.439025,3.1465735,9.382932,2.9101574,1916.9736771248442,157.7191253148892,1736.261503260944,67.17007902403557,0.00080083363,0.00096582307,3869.1568821599476,0.007900911,0.0013560152,0.12301855242169374,0.021804957773809384
-352.27893,4.3971767,166.14865,3.8290286,-54.34397,3.2411323,54.783398,3.2193954,-42.159626,3.0192385,36.86056,3.331822,-29.948635,3.1468103,24.192194,3.3004537,-12.77638,3.2595162,4.6853924,3.3616662,-1.3876461,3.220304,0.09745495,3.5162048,14.729964,3.221745,1597.0373605064067,67.90676787171466,1745.7089108534549,42.999690919305564,0.00036694552,0.00023607288,3344.266320602523,0.009399567,0.00093990803,0.08280728864559164,0.008089686612213503
-351.0582,3.4113429,177.71419,3.938358,-51.53252,4.0770307,64.87162,3.4451602,-29.622057,3.5552137,33.18553,3.2215066,-23.078012,3.0388515,16.23248,3.247447,-8.472163,3.062105,5.152379,3.2655878,2.8796537,2.9491165,-5.346001,2.930626,6.8950415,2.8998094,1323.4716960704218,59.12478848195665,1560.4069593155425,38.52516149094389,0.00028541524,0.000631484,2828.168899996375,0.010448018,0.00069156016,0.0622088438950116,0.007199548687580462
-352.81497,3.8836446,173.19205,3.7233562,-55.60824,3.5756035,57.447433,3.8207333,-43.163452,3.643948,35.91136,3.6512268,-31.223476,3.5106344,23.872746,3.547518,-13.975576,3.1843824,4.7252483,3.272711,-1.4969898,3.396769,-0.29108578,3.388334,13.741323,3.4234648,1526.5021775262658,65.35582115212115,1695.9504204107316,38.549357953445465,0.00035016338,0.00031809977,3144.6720132141822,0.009539746,0.0007999274,0.07780778712296983,0.008041120263890417
-367.58475,4.8038354,165.67664,3.8536685,-38.980488,3.3549724,62.3852,3.519037,-22.011171,3.3230507,29.453964,3.4965932,-20.990013,3.250259,17.965816,3.3390732,-1.3381475,3.0512583,9.515191,3.0846586,4.870073,3.187529,-4.338034,3.3069139,8.397043,2.9541106,1302.270254262153,77.0708605945825,1622.0985978983924,46.926691964951,0.00022487451,0.00039600633,2866.68885268634,0.01048724,0.0017693175,0.04894934563515081,0.01100209402932439
-353.7326,3.7414896,180.22983,4.7515645,-51.1445,3.8976283,65.33662,3.8125014,-30.461988,3.6298366,33.392914,3.4890733,-25.159504,3.2428312,16.638868,3.0426543,-8.547247,3.1429594,5.241421,3.0377233,1.9053829,3.2208173,-4.957745,2.877175,7.816793,2.9863427,1303.3627627813041,65.04323853789492,1550.2154086555063,46.76803575175001,0.00031498555,0.001301661,2759.5474278567285,0.01052132,0.00070544606,0.060874284005220415,0.00671680295958567
