mfcc_1_mean,mfcc_1_std,mfcc_2_mean,mfcc_2_std,mfcc_3_mean,mfcc_3_std,mfcc_4_mean,mfcc_4_std,mfcc_5_mean,mfcc_5_std,mfcc_6_mean,mfcc_6_std,mfcc_7_mean,mfcc_7_std,mfcc_8_mean,mfcc_8_std,mfcc_9_mean,mfcc_9_std,mfcc_10_mean,mfcc_10_std,mfcc_11_mean,mfcc_11_std,mfcc_12_mean,mfcc_12_std,mfcc_13_mean,mfcc_13_std,spectral_centroid_mean,spectral_centroid_std,spectral_bandwidth_mean,spectral_bandwidth_std,spectral_flatness_mean,spectral_flatness_std,spectral_rolloff_mean,rms_energy_mean,rms_energy_std,zcr_mean,zcr_std
-321.22302,10.861619,161.56346,8.675158,-46.20686,5.768134,55.168354,6.1246643,-30.06913,5.803301,35.40483,5.68789,-18.94602,5.390246,18.393908,5.500186,-12.086336,4.9552393,3.400769,4.36995,-0.7416134,3.9228818,-5.6366515,4.009864,6.276543,3.8398485,1523.168002543318,145.96194536602448,1714.4375482788016,108.40784453459428,0.00040213097,0.0010858331,3262.704942176624,0.01211639,0.0027240373,0.07506049702726218,0.010393999562415676
-320.97742,16.062334,167.90843,11.330888,-44.3689,5.7613945,40.677513,5.1775513,-42.106262,5.5735683,19.147713,5.0788264,-25.312412,4.8253636,13.5526705,4.1994734,-17.638548,5.101563,-0.26421562,4.869378,-0.4689472,4.594111,0.8762501,4.4612927,10.590819,4.3808084,1437.4126626329282,158.07668513362086,1588.1510929091917,121.19126754940933,0.0002660431,0.00043566868,2861.542866788718,0.014525212,0.0052373847,0.07515226218097448,0.011079258603829332
-324.3768,10.37439,160.31464,9.084511,-51.09807,6.7455087,55.774914,6.7361345,-33.495483,6.852462,41.50485,5.919495,-17.362972,5.9023733,23.280289,5.104286,-14.025704,4.533959,2.8387847,4.410677,-0.692945,4.2578573,-3.3269842,4.2116218,8.727026,4.086241,1599.5323756665218,147.8506340875955,1759.9315820040745,101.02664616067422,0.00042285817,0.0007337887,3426.22738725348,0.011649904,0.002393775,0.08014949789733179,0.010904607253150006
-317.2901,14.488584,177.56609,9.916341,-43.04044,4.9801135,46.352135,4.950811,-33.90165,5.8353353,22.879473,5.0871196,-16.774864,5.519316,13.088656,3.9918036,-14.463815,3.9599884,0.29668534,4.0220146,0.8349571,4.171426,-1.9904355,4.227386,7.550643,3.744044,1280.5862875568282,118.67903444481784,1483.9089529729504,101.63292938868847,0.00019975836,0.00023660084,2593.2271652044665,0.015448035,0.00461424,0.06354453668793504,0.007997024946711319
-318.16815,17.188524,163.60548,11.4098425,-40.25218,5.972644,51.011,6.0566087,-27.869968,6.872596,28.010187,6.16019,-16.415583,5.1640363,15.66023,4.780797,-11.460468,4.7139983,2.919985,4.3858786,0.73665905,4.360687,-3.437771,3.977304,7.7291603,3.6548374,1420.043872755814,155.1261052267541,1644.4299393314543,130.79328278895846,0.0002905225,0.00053075154,3021.817845036978,0.013684313,0.0041096155,0.06680389899941995,0.00878015685669904
-298.28583,12.679321,160.25446,9.673391,-57.921352,8.757749,54.765244,4.421408,-38.85286,5.8124046,24.250774,4.6296697,-25.051529,3.9715834,13.703118,3.957755,-11.971059,4.135522,2.2511072,3.6876783,-0.044796918,3.9795065,-3.7442458,3.6602283,9.205699,3.8284795,1639.4930751750687,170.83617491512496,1657.4227150189408,84.87823076075829,0.00041216082,0.00047636929,3365.0501083055397,0.013827171,0.0034127599,0.09274624782482599,0.017626469101544702
-321.7834,18.322115,163.63841,12.04325,-44.268345,5.49976,54.17301,6.33909,-30.37506,7.5479584,27.846924,6.6443276,-19.018219,5.0323725,17.11787,4.937317,-10.631725,4.8798447,3.044135,4.563998,-0.53183556,4.1967206,-3.8485348,4.132426,8.948072,3.6621585,1444.921681136384,149.20163415534688,1650.6631075236864,125.88078742085152,0.00028213277,0.00050098816,3069.5805879314094,0.0141035905,0.0043360926,0.06551352233178655,0.010749530699648416
-313.3958,13.846807,169.144,11.031545,-37.817017,4.838811,45.095047,5.6202497,-26.60631,6.124321,18.583456,5.7016845,-14.321923,4.8089075,11.02158,3.9141326,-9.730781,4.056061,1.6269506,3.8058844,2.226685,3.9706306,-2.9845417,3.4155056,5.571059,3.4015882,1303.1211445381286,125.20106099873286,1512.0173273667838,118.21115982188448,0.00023718555,0.0005833265,2696.646493438225,0.014918726,0.0046659685,0.06354227088167054,0.008175861524412463
-325.36124,19.265402,161.76309,12.718131,-38.675537,6.007823,53.66839,6.733665,-28.267263,7.8795977,30.62502,7.085876,-15.5267935,5.968672,18.586323,5.266085,-11.279906,4.9269495,2.2213588,4.5039024,-2.3716018,4.763766,-7.2150455,4.0242753,4.647777,3.9202507,1430.7987844050272,157.9065812287349,1679.4594191261615,137.60950979291755,0.00030331628,0.0007033696,3094.436199427204,0.013449645,0.0041250256,0.06514759462006961,0.01015770159647772
-313.70468,12.913816,174.25954,10.347291,-43.244568,5.060723,45.947723,5.365835,-35.530174,5.4211674,22.207747,5.8927116,-16.911377,4.945499,12.103171,4.559237,-15.305242,4.156788,-0.4196278,3.6254947,-0.41255417,3.6723466,-3.101691,4.166843,6.960383,3.765761,1327.8711168056334,132.8408782331294,1515.4405181964537,110.87789263460989,0.00024585507,0.0006083073,2716.555963148927,0.015157587,0.0039323065,0.06714263703596288,0.00967210129182867
-322.75726,18.919027,157.91661,13.506977,-35.6946,6.281704,51.66789,7.147466,-26.198757,7.7538557,27.741081,7.4167523,-14.820437,5.365939,17.160376,5.153232,-11.094106,4.7963433,2.0334132,4.842126,-1.213437,4.6463757,-5.7432423,4.100989,5.2363873,4.0596304,1446.1222679577427,173.22636468474997,1691.4916252887974,154.87032002750203,0.00028884495,0.0004752802,3144.3472665313225,0.013614491,0.0042495327,0.06605391712587007,0.009359195345630324
-326.15625,14.773078,169.27295,11.734565,-50.145878,6.017372,42.421417,5.7443404,-46.13363,4.6029162,19.011383,5.577009,-27.374598,4.798429,13.966066,4.5744185,-19.162819,4.476217,0.36053813,4.4768214,-1.3457264,4.64625,-1.4072256,4.656918,9.765736,4.3547935,1468.6610243852774,171.94337685639633,1589.8883474270435,121.72821054500758,0.00025424478,0.00028838887,2939.631953759426,0.013716397,0.0037185163,0.07373839907192575,0.009306511484764394
-313.24646,18.762861,155.78624,13.493983,-42.925243,6.5428047,43.097965,6.1956186,-37.998016,6.274577,23.925072,6.3338404,-21.985445,5.4575744,17.657562,5.1052055,-11.715959,5.309146,1.1952522,4.8674526,-5.123066,3.964025,-7.593707,4.5355234,6.8325863,3.887878,1597.5145696117677,200.4178739217736,1719.5748051075705,136.54510605602255,0.00039770722,0.0010918443,3328.2038500580047,0.013579383,0.0047258837,0.08325365247969838,0.012511535790898537
-322.01526,17.275322,174.20554,12.387134,-37.584316,5.3665624,49.15636,6.174199,-31.957779,6.482321,21.931993,5.7793493,-15.2162075,5.374254,16.352783,4.6339173,-12.037413,4.615448,2.1485946,4.0938897,1.5784235,3.7764847,-3.4692042,3.7627308,7.7312818,3.6291726,1278.829668708473,133.41065688228437,1526.0220294538717,131.96104819418855,0.0002162007,0.00038146455,2665.2210067430397,0.015021312,0.00445872,0.06014242858178654,0.007584113890410582
-324.7388,15.298389,167.94499,9.402935,-44.913437,5.6036572,56.071785,5.2870674,-31.623518,6.433643,32.607586,6.337152,-19.433498,4.6168895,17.986969,4.3071837,-12.910759,4.991061,3.0962331,4.261301,-1.0158039,4.3557277,-5.2534575,4.043342,7.208104,3.7105038,1426.749418486326,146.24803275054413,1656.6070645743907,116.21256845502971,0.00029305546,0.00038347076,3057.1902529546114,0.012894579,0.0032239573,0.06763998151102088,0.010404938613130514
-316.86856,18.549595,174.08081,12.217017,-37.529606,5.2358274,44.41165,4.9986787,-32.29143,6.848192,21.412172,7.092418,-13.308943,6.432983,14.46912,5.164806,-12.618939,4.801145,1.0072907,4.3645597,1.7022539,4.162169,-1.2897043,3.8313098,8.288495,3.5229888,1272.1292423121517,128.07994972771877,1501.8574460694829,129.16652282066627,0.00021032871,0.00037069514,2612.73694669011,0.015837606,0.0053405184,0.06242182968387471,0.007962513093250401
-318.59412,17.904854,162.67621,10.823914,-38.20433,5.729613,50.161137,6.0359144,-30.443527,7.424624,27.341625,5.827761,-18.029852,5.0447273,13.321966,4.0155005,-13.524227,4.179877,2.3673024,4.7542496,-1.0083331,4.569289,-5.5493016,4.1083417,6.5318055,4.101255,1435.8061593595178,141.73054882302864,1664.540586952369,129.28226439744088,0.00028772486,0.00052507577,3081.9709229082077,0.013849319,0.004277701,0.06924303944315545,0.011774939436037695
-322.11978,17.387983,170.3388,12.854104,-32.905357,5.4108424,47.086845,6.785573,-28.583223,6.946032,20.014805,6.5243063,-13.974001,5.783086,13.187151,4.9280963,-14.001466,4.714095,0.05629038,4.49844,-0.20182744,3.9257534,-5.366778,3.8370447,5.8548803,4.0044117,1268.5482050053588,141.20861730155812,1529.0671346547688,141.5893531864475,0.00019510793,0.00027531481,2650.307639845563,0.015496101,0.00536996,0.05945588928364269,0.008055252932138131
-308.43753,16.889458,153.50163,13.508975,-41.79895,4.9735537,55.348,6.3818803,-29.961823,7.4317155,32.09252,6.6219854,-19.725973,5.3161373,18.889597,4.860897,-11.803237,4.728461,3.654866,4.489307,-1.0742897,4.0296183,-4.774529,4.1499486,6.819251,3.632541,1610.676420653427,188.40934095972372,1787.3725274792214,135.6239899633722,0.00039681344,0.00051561015,3508.8379472701567,0.013678049,0.0044902186,0.07832665675754061,0.011289899426621236
-313.74283,17.907875,165.85931,11.980003,-40.01723,5.9208965,43.086338,5.1092987,-42.42286,6.0944433,21.300917,5.163482,-25.333138,5.177448,15.445259,4.459807,-14.848247,5.412252,3.6480834,5.3360267,-1.477811,4.307343,-5.677577,4.2905507,4.227719,4.2000165,1456.13569471686,164.2883705854734,1651.6785119471315,133.33843075732995,0.00032851336,0.0011661195,3000.7842521933003,0.015522168,0.0055577634,0.07321159911542924,0.009237855808272558
-310.90414,15.056197,163.63232,10.598453,-43.962643,4.6102753,52.37008,5.533949,-30.856936,7.1343026,27.793695,6.2803845,-17.304432,4.973791,15.481235,4.367698,-11.87137,5.119006,1.8819461,4.1595206,-2.0503287,4.367777,-5.663944,4.205013,5.4012923,3.4688284,1465.6021293923316,142.70310458426346,1648.246063705442,115.01847575251699,0.00031474844,0.0004400845,3110.2988258591936,0.01394856,0.003946378,0.0727425772186775,0.009265374001643869
-312.9318,14.902616,174.56381,10.791484,-42.75834,5.201268,49.716465,5.2239046,-32.765717,6.166338,22.70221,5.527938,-17.898155,4.8160872,12.433479,4.2976284,-12.952198,4.3474665,0.8201227,3.8024688,0.34562978,3.292305,-3.9215193,3.2698097,6.4735475,3.6250327,1313.7892651069908,128.3210519773624,1518.8878472487318,114.1582259729436,0.00022325355,0.00031203966,2717.6800862819027,0.015439918,0.0044930615,0.06540816234048724,0.008770417872604791
-321.7543,19.137213,149.2394,17.249868,-47.305058,7.9431376,48.689384,6.069157,-34.177616,7.3945274,26.085346,6.169341,-18.79093,6.1931434,16.511257,5.2166705,-12.28198,5.4507475,0.661592,5.2245784,-3.1715732,5.026775,-3.3832176,4.956203,8.653369,4.896471,1686.0351188444652,308.16898197424507,1747.8299401774786,145.88286053009293,0.00050017866,0.00059869245,3529.1471052059164,0.013164643,0.006952148,0.08492808330916474,0.034369142590695824
-309.54816,15.4562025,168.39156,11.753233,-36.42452,5.0847993,46.333565,5.5204496,-29.123667,6.754169,19.389708,5.874253,-16.116726,4.9707294,10.678296,3.9853377,-11.552479,4.2531734,-0.09838591,3.9065742,0.05899232,3.9343045,-4.715036,3.448826,5.849928,3.4118292,1321.5574107000914,141.8191613448216,1538.8779872763778,137.276106203447,0.00022983481,0.000291433,2755.075915838892,0.015911192,0.006278929,0.06450750435034802,0.008874828206577484
-310.4579,17.274652,154.83755,14.508232,-47.02204,5.4112587,57.381664,6.7564893,-32.814003,7.7449164,34.34921,7.20627,-21.683247,5.35045,20.347828,4.8083825,-13.239432,4.6387134,3.2964284,4.606501,-2.3333218,4.046883,-6.2709956,4.0285735,6.963407,3.5313764,1650.1770166137187,208.30878920147276,1792.8479171481233,140.78581753451087,0.00050777465,0.0018030938,3556.575709650522,0.013664381,0.004950382,0.08304406540023201,0.014501244263725548
-310.40604,18.731066,172.58345,11.213787,-35.940063,5.4607816,44.153896,5.3577056,-26.921904,7.5106072,18.190187,6.0866413,-14.832646,4.9589033,10.147854,4.6403885,-12.750614,4.8049874,-1.1109526,4.2890987,-0.61303884,3.7613354,-5.2779927,3.5210652,4.791829,3.5016007,1256.0481537455328,116.25397459384956,1480.8390562841284,126.81690011711666,0.00018565873,0.00016970468,2568.7462614196634,0.016604561,0.0058958614,0.061740954901392114,0.007571162560069858
-326.2367,18.667578,157.83824,12.273582,-36.81546,6.9185886,52.13167,7.571492,-24.147312,8.833942,29.383425,7.0703917,-13.734733,5.5012074,19.559507,5.3235207,-8.249278,5.009031,4.4237742,4.9299097,0.34330505,3.7942057,-5.3638897,3.5786932,5.4953594,4.090089,1448.3087947059616,158.08293174791535,1692.9855420837127,138.18090722780104,0.0002857945,0.00035830107,3129.908529401102,0.012703229,0.0035923917,0.06671666545823667,0.01085386251983825
-317.9092,15.632522,176.93565,11.601824,-42.412407,5.9781575,50.338116,5.7425566,-32.238365,6.1913605,23.207066,6.1019487,-18.307674,4.7962804,14.616692,4.728383,-14.102746,4.9251227,2.216813,4.3495035,1.0320463,3.823765,-4.0420437,4.1811934,7.1396103,3.8882515,1285.1669555256676,135.40707640542172,1512.6848873766733,132.32791102791566,0.0002153733,0.00039077032,2659.375566451566,0.015598531,0.0043754517,0.06164579103828306,0.008304576852401024
-322.85263,24.25671,144.90608,9.626683,-72.03854,14.75056,53.267593,7.030167,-42.855724,5.14765,34.731255,4.5161557,-25.249556,4.9286942,20.211447,4.443725,-15.13492,4.150041,3.4184475,3.5177958,-2.3802345,4.042717,-5.229618,4.2261024,7.9108667,4.583015,1998.5132803462016,200.05477190281994,1785.277479572733,79.76326432278786,0.00087333313,0.001022544,3954.540279237964,0.008659924,0.0021078768,0.12907958417923435,0.026703100674628603
-316.0538,16.536417,160.21399,12.813107,-41.437992,5.490238,37.9488,5.4881997,-38.481342,5.6461406,19.075438,6.2243795,-21.542688,4.812727,12.21426,4.549655,-17.378046,4.4421296,-2.1028736,4.281375,-1.1063322,4.3227487,-0.13748154,4.287154,8.909931,4.230374,1503.2005317633332,191.836926422425,1636.4193406622164,142.0207548552522,0.00032233266,0.00069730275,3057.5649606656034,0.013945922,0.0049707405,0.07875829285092807,0.012115488988214384
-360.80756,9.78114,155.93097,6.713183,-58.30969,7.74147,52.60574,7.937685,-46.89335,6.0440063,38.505756,5.2825,-26.633936,5.358002,24.109507,5.4435854,-15.717245,4.4255357,6.962764,4.8178315,3.1711552,4.190915,3.6965337,4.639965,13.555798,4.2766066,1782.485343303369,142.54293193477676,1826.2124189565152,89.66029883509928,0.00047489253,0.00087784464,3778.9022848390373,0.008692616,0.00079233747,0.08597941741589327,0.009465080980177632
-313.28937,19.307032,174.97845,11.746163,-42.596767,5.075542,50.86135,5.4784336,-32.69134,7.8857207,23.373854,6.7196746,-18.736065,5.438203,13.412656,4.458572,-12.730581,5.034616,0.73040813,4.329405,0.09266528,3.9787965,-4.628908,3.7225668,6.480849,3.588688,1304.0496529128825,126.22744073480406,1522.3044802630984,124.46601134339933,0.00022029552,0.0003247558,2705.164848734774,0.016194092,0.00554792,0.06435796113689095,0.009018428971494519
-341.70343,7.480004,157.3154,5.335213,-50.802032,6.7047906,54.208717,5.85152,-43.881573,5.4995275,40.02853,4.944271,-25.852024,4.6749415,26.997395,4.949951,-10.657442,4.319889,8.826522,4.3131747,-2.7582846,4.285489,-6.121731,3.901367,6.6538935,4.384756,1730.2393935292255,123.20840277655921,1862.4169868263284,82.49014051682764,0.00043021954,0.0004130263,3800.7602346468966,0.010138015,0.001159853,0.08744879277842227,0.009866137204102426
-310.54205,17.05569,160.60281,12.86347,-37.77262,5.8717766,35.80013,5.8269916,-35.92656,6.1457257,14.936722,5.673172,-18.933075,5.167817,13.957669,5.146396,-11.903345,5.2277236,-0.73392373,4.8288426,-4.179846,4.433796,-7.5777216,4.2145925,5.435191,4.0713434,1441.6147286632659,180.1030954835257,1596.33855706326,141.5701868159458,0.0002661605,0.00034219143,2903.4851499057427,0.015352966,0.0059689153,0.075674530524942,0.011825368036259474
-344.76855,9.612006,160.51369,6.8893065,-58.063797,6.76115,53.716076,6.7768474,-47.867233,5.18357,40.085148,5.24825,-28.517769,4.575183,24.902863,5.07488,-16.686281,4.365671,5.1438107,4.383884,2.3211668,4.3921924,3.5257435,4.6403246,13.758427,3.8533916,1745.2104888315357,135.32873988417575,1816.5723463876295,79.9742665696077,0.0005029838,0.001298077,3714.102831351508,0.009754715,0.0011793518,0.09211975239269142,0.010851944334944793
-308.93582,24.691456,150.2951,18.172464,-57.51917,7.007046,50.93082,8.79766,-42.795544,8.322328,23.544977,5.6307445,-28.811644,4.9961224,15.765165,4.7164583,-19.315817,5.0028625,3.32876,4.8463917,-4.234577,4.49968,-7.668857,4.014243,7.650973,3.8229907,1809.808596226962,290.9114761315126,1769.8323763922908,158.5165838706833,0.0005745671,0.00041178678,3654.424383247535,0.013138092,0.006312833,0.10540644032772621,0.025121308469706376
-334.70657,10.388896,154.2639,6.913837,-46.930637,7.094426,53.949272,5.7119365,-29.503172,6.0303063,41.889835,5.461267,-12.427728,5.244935,23.215244,4.838864,-11.9431925,4.918813,3.2306125,4.352164,-0.3633061,4.0482616,-2.5292397,4.2524023,8.731067,4.269244,1608.0507709573465,149.28450343433175,1783.700754545788,88.29660677023313,0.00038774367,0.00034222356,3499.770020664153,0.010511655,0.0014131858,0.07639392401392112,0.014004441353800641
-309.83908,14.2107,172.92673,11.398007,-43.201935,5.407881,45.37045,4.6156583,-34.66953,5.812712,24.1118,6.387591,-15.984046,5.290876,13.749948,4.7554803,-14.686215,4.608106,-0.3842125,3.863116,-0.7592273,3.6918607,-2.347332,4.1584363,7.772303,3.848227,1343.8075128299474,148.04206104937137,1534.0050859529192,124.53055186514416,0.00024925894,0.0005072634,2744.6590414733178,0.015979435,0.0051055574,0.06840242531902552,0.011012502245507757
-341.43744,9.699217,157.56761,6.124275,-56.56111,7.696009,53.51328,6.019971,-42.80695,5.8791714,43.677856,5.4187427,-25.225044,5.1305285,26.190844,5.0736756,-14.537005,4.6438646,3.5357594,4.5354104,-2.9283717,4.2266235,-0.22165838,4.3180127,13.90707,4.178346,1747.4658381497864,119.74404472895792,1844.551856281232,87.32766278064089,0.00047871505,0.000663174,3792.991294772332,0.009834759,0.0012526921,0.08888531395011601,0.0112373725599894
-312.72012,15.52391,158.53944,12.147004,-39.912712,5.8412905,50.42668,7.399588,-41.32267,5.987796,25.566544,5.685776,-26.40935,4.3384266,17.247223,4.9518466,-19.05876,4.4255943,-1.3727705,4.7281075,0.2866209,4.8420587,-1.6080328,4.32941,7.5094347,4.2561255,1582.0033558333155,182.1509131132547,1766.9875153751004,132.3512415294397,0.0004002915,0.0015329887,3403.245314312645,0.014455003,0.0039741164,0.07623305176914154,0.012465946037016907
-336.77948,8.717229,169.77094,6.1121306,-54.014076,5.193821,64.774,5.273229,-36.34742,5.117411,42.461918,4.857959,-23.532568,4.2045417,22.690065,4.9599023,-13.495395,4.114664,6.6499467,4.525087,0.5698214,3.9966269,-3.3799164,3.8652995,7.8667502,3.5826502,1520.0083086855332,115.9471818725491,1732.2379439868992,85.37876932042535,0.00035968528,0.0002927022,3307.9446531503772,0.010912131,0.0013219317,0.072767501087587,0.010051015454994991
-318.172,20.94201,152.5335,14.414796,-30.323204,6.7140064,39.9005,6.759665,-32.249702,6.5766745,19.736084,6.408789,-19.473158,4.6262546,12.731938,4.6347694,-11.891512,5.302811,3.5633395,5.0939245,0.011960855,4.5859475,-5.1445613,3.9968708,1.7073392,3.5708318,1504.2142720136235,182.72173534797147,1718.4946603690962,166.41532727253724,0.00032940658,0.0010815582,3211.99449862239,0.014232529,0.005642859,0.06961803037993039,0.008321419286432328
-327.63696,10.953803,163.07794,8.274469,-49.962307,7.1670027,50.69155,6.7141685,-32.229565,6.0012703,36.732292,5.3887467,-17.001812,5.1853147,19.422018,4.915079,-12.276733,4.0272913,2.3188,4.111955,-2.4084985,4.361972,-5.034379,3.9961584,7.3935547,3.7969112,1547.989602116548,146.68198478901007,1696.02560298919,112.29613386538065,0.00043361908,0.0008404079,3246.8173352305685,0.010677492,0.0017421067,0.08033642691415313,0.010698104034758722
-310.59973,16.995794,164.1928,11.622933,-41.64289,6.489158,36.547195,5.5107336,-41.491535,5.242417,16.409111,5.657949,-23.637108,4.720204,13.659644,5.0081983,-16.080715,5.052679,-1.0051187,4.956771,-3.4935489,4.773031,-3.595848,4.4977574,8.911602,4.3230553,1455.292660183661,169.0917436556481,1609.4478071788515,135.18389014943855,0.00027205146,0.00050884247,2925.9426320511893,0.015553941,0.0057326015,0.07453482997389792,0.010872311345465015
-317.8185,10.499814,192.50076,7.2413716,-48.259907,4.6324663,49.03005,3.931042,-44.478703,4.6524124,23.399706,3.9817028,-20.13091,5.2297525,21.968597,4.255195,-9.652699,3.7913203,4.6797724,3.5469859,1.7686566,3.5060487,-3.9877017,3.3380935,7.6482778,3.3719866,1202.493181094699,77.63907241317199,1413.074947665707,74.07966547177615,0.00017787074,0.000510741,2356.861541110789,0.016311292,0.0027319423,0.06351734701276102,0.008002395979686277
-313.342,15.056434,171.55847,10.219601,-40.2764,5.810029,49.123936,5.7968836,-30.966137,6.8508267,22.362276,5.669601,-18.858318,4.3851943,11.499954,4.369673,-13.752488,4.050028,0.750266,3.8747327,-0.029190063,3.8952668,-3.9662583,3.7620058,6.0594187,3.2924702,1332.6028676500655,121.32394479674902,1547.6637777073174,114.83827843335763,0.00025368607,0.00053132366,2765.7176148310614,0.015089887,0.004656326,0.06529827073665893,0.008499843859887122
-289.6975,8.534708,150.73972,8.19763,-71.734505,6.0492463,47.90598,4.305113,-60.233353,3.6641872,23.369728,3.8206477,-35.46872,4.6502905,14.770818,4.1866207,-17.390062,3.7531507,2.7971587,4.1186337,-3.5684774,3.8480482,-4.352213,3.644559,6.362786,3.5727959,1907.321003837118,142.5184754705083,1763.5076107171526,49.4292943646248,0.0005663501,0.0011826948,3871.7298751087587,0.014039947,0.0026035842,0.11468604988399073,0.015003352830450437
-310.49533,15.1977825,173.67393,10.915565,-42.86157,4.876409,50.08292,5.186933,-32.494614,6.212696,23.56503,5.7503424,-17.778957,4.511064,13.969198,4.1690536,-13.47048,4.688794,1.3771267,4.1153517,-0.5491673,3.9191957,-4.6237073,3.8977606,6.361285,3.673286,1326.0160403170098,131.400034462453,1537.695672218428,117.63462086993253,0.00029519084,0.0013420361,2755.450623549884,0.01593059,0.004718999,0.06502297527552205,0.007930213004462054
-312.60934,6.7953424,186.83832,5.9611907,-51.102592,3.8630354,47.03214,4.046536,-41.23829,3.829382,22.336914,3.7332633,-18.383068,4.5500197,18.01726,3.4029949,-10.209569,3.478891,2.8347619,3.4847405,1.2143369,3.2903259,-4.1295,3.3463445,7.143363,3.229109,1265.4704036665019,73.62516648211715,1432.1024052246664,56.31457966138401,0.00023303076,0.00076917105,2521.0584600674306,0.015079997,0.0021269885,0.06770568989269142,0.0067063902064852
-315.53156,15.3448925,175.80133,9.700597,-42.114246,5.431365,48.003063,4.7747073,-31.462343,6.6169815,22.685995,6.1378813,-18.479725,5.006793,12.6282215,4.3064127,-14.203264,4.619441,0.5690182,4.6923275,-0.091782644,4.074897,-3.7235615,3.7861383,6.456729,3.268834,1292.2326771697694,122.45788280412808,1506.7414836350215,116.43051171500832,0.00022536478,0.0004833778,2644.6620436666185,0.015540406,0.0048530432,0.0632885005800464,0.008282536952946305
-298.99936,6.557719,179.1712,7.8744264,-56.064213,5.2811694,51.740883,3.9791362,-49.781387,4.1115785,23.184671,4.6069202,-24.167511,4.7448177,15.1470375,3.9655147,-11.099237,3.665295,3.8159945,3.1276708,-1.2523617,3.2031188,-4.837017,3.3662155,5.80871,3.2817209,1428.345509639765,118.67797932858115,1538.9398016951902,85.72070402353101,0.00032572102,0.0011282741,2941.9551415675755,0.015847357,0.0027218584,0.07716089943445475,0.00955960633564839
-322.15918,20.216541,170.78395,12.584841,-37.560444,6.699184,48.53598,6.2331357,-30.495264,6.9789505,22.227419,6.338414,-16.71521,5.90586,14.508104,5.0236526,-13.507676,5.2880726,0.39189193,4.9250984,-1.1755038,4.44038,-5.023031,4.266098,6.773818,3.6323447,1308.3246902531318,144.77552734331945,1548.0636241640648,136.4232781599525,0.00020504855,0.00022759837,2715.4568205300175,0.015544327,0.0056702034,0.05991471505220418,0.00900688841626929
-302.84103,21.879663,175.7735,8.407595,-61.127666,5.9676147,47.041527,6.0705166,-47.868202,5.2302628,22.65543,5.2169423,-25.228561,6.7243843,18.665594,3.6292603,-14.439218,5.8632507,4.1841397,3.9965568,3.0231807,3.8333192,-4.5012574,4.425772,8.358554,3.7591078,1484.568061493419,145.79421178585838,1544.8882309871578,98.12883645774514,0.00027034903,0.0002538796,2941.5054923143853,0.015192125,0.0035585826,0.08197007323085846,0.011546827277764134
-320.20673,11.677154,158.34483,8.827944,-38.20378,5.9719114,50.179714,5.753935,-25.864244,6.6798825,28.899656,6.0464926,-16.785574,5.8452272,13.317614,5.0008507,-12.001332,4.7746167,1.2097156,4.115169,-0.26626572,4.003251,-4.2627087,3.8230011,7.0950584,3.5754828,1477.121757674497,146.92741046560084,1686.1526281049066,112.95328854913814,0.0003295003,0.0003903789,3162.0834315182715,0.012460563,0.0036616356,0.07229054886890951,0.01024337771296475
-307.41785,7.402148,186.60558,6.150782,-51.739407,4.1073823,48.059753,3.6274505,-43.05244,4.1885314,23.347242,4.173441,-18.76449,4.593362,17.949572,3.5638738,-10.387712,3.6406164,2.7772305,3.215011,1.6290306,3.241488,-4.5795684,3.1749609,6.3370357,3.3989046,1281.4290815578977,79.3937324967422,1441.7345746551882,56.98321062915643,0.00019379193,0.00024685377,2557.3551470055104,0.016050387,0.0026180851,0.06820303436774942,0.006866047454181604
-317.32257,12.374519,156.67802,10.414547,-40.094006,6.414225,50.590794,5.775572,-26.029716,6.866134,30.338816,6.4228644,-15.579757,5.773991,15.819719,5.2105484,-9.260154,4.4093733,2.5159206,4.10431,0.03875252,4.377829,-5.0932174,3.9821413,6.060378,3.5866685,1508.325557978876,160.7440004143781,1702.4652927090399,125.2863876627293,0.00035109976,0.00048025814,3232.2037345018853,0.012478873,0.0037491913,0.07413491516821345,0.01072547176019486
-313.52756,8.205191,190.47891,6.227145,-54.809544,3.8782206,51.21751,4.1762075,-45.025494,4.350439,24.787504,3.9918625,-21.491404,4.049009,18.681284,3.6264174,-11.910164,3.6767507,3.9519296,3.6314955,1.9177057,3.457223,-3.4621794,3.1767058,7.917017,3.2132914,1267.1155287943216,71.72518389530265,1435.123539805018,57.86706784612166,0.00021149348,0.0005551546,2529.951523074971,0.015612023,0.002397113,0.06755161506670533,0.007069668842424275
-304.80475,12.1348715,126.22073,12.5118475,-70.11937,5.639603,65.16275,7.4147787,-42.532898,7.9246063,29.664429,6.0364585,-21.56067,5.5480747,21.713312,5.2544503,-15.280145,4.8832045,0.839596,4.2012267,-4.3621984,4.77667,-9.667563,3.9471197,9.152854,3.509225,2298.6267736430777,240.39509861815293,1856.4749638727744,86.92362105381491,0.0011819917,0.0029503023,4394.522073484629,0.009637494,0.0028420018,0.16526224441705337,0.02815661300584818
-308.1221,7.8947535,185.34665,6.3067493,-49.40352,4.827886,46.908283,3.8805847,-40.84291,4.503609,21.272041,4.408234,-18.133125,4.8725877,16.978476,3.8574371,-9.232126,3.6318593,3.2328813,3.3230708,1.5967596,3.3916278,-4.4031343,3.3899577,6.6170006,3.3033812,1266.5261333055125,83.01425703970149,1433.854974744345,57.98114655175907,0.0001934679,0.00030874656,2526.1544849369197,0.01600924,0.0028462748,0.06759013377320186,0.0070091527481163434
-326.68903,11.302247,156.94559,9.910163,-53.29505,6.4116488,47.867374,6.036991,-41.78627,6.3860426,35.620872,6.584412,-23.090755,6.0687375,23.936584,5.3847547,-13.730826,5.1213164,1.6908346,4.669685,-4.4357395,4.4135485,-3.8194761,4.3396254,12.028218,4.746429,1704.9812178409734,165.66782826891523,1784.2458357774628,111.65812618984813,0.00042975435,0.0004056771,3584.4040023201856,0.011154424,0.0025201736,0.09112619634570766,0.010664842246765137
-311.04626,8.099431,178.03221,7.394107,-52.67997,5.517215,45.35023,3.890012,-52.7559,3.6481216,21.796427,4.119815,-27.932375,4.7965956,21.607292,4.3471646,-14.014631,4.038795,2.0584307,3.6409624,0.880981,3.4504542,-6.7157774,3.5992484,1.6580462,3.4169083,1408.1091838200116,105.65467967573694,1559.114567804126,68.21829710714164,0.00023664664,0.0004216391,2792.7964920787413,0.015759928,0.0028382265,0.07198579792633411,0.008210404981199898
-327.41183,12.892929,156.63055,9.370506,-40.808224,7.7379775,49.457096,6.6180277,-27.010153,7.7011786,33.18957,6.2231827,-15.577124,6.034098,17.669243,5.4283867,-10.466491,5.10936,4.1752377,4.5767975,1.6788912,4.7709126,-3.4968529,4.69252,8.459745,4.148845,1506.4121531600472,158.96966375910532,1721.5337557264306,112.93963638001188,0.00035802173,0.00065285544,3233.452760205191,0.011928558,0.0031842706,0.07189856438515081,0.014384364846183184
-293.8929,10.425519,170.17648,7.4415593,-74.839134,8.124181,45.20979,5.241279,-53.575787,4.705355,21.08355,4.489242,-32.91748,4.381257,13.094632,4.031785,-15.955538,4.0477743,2.096422,3.7266626,-2.9775095,4.101738,-7.151966,3.5946496,4.0889754,3.533557,1615.8281333302439,122.31109467070065,1555.7656194224833,55.669434394005,0.00037165624,0.0008776128,3130.4331201964906,0.0151233375,0.002565082,0.09446939348897912,0.013474281788510824
-323.00552,12.401363,155.28426,9.327809,-45.347466,6.404276,52.632713,6.8034906,-39.289696,6.4277425,32.967144,6.3757677,-24.851082,5.3684225,18.278372,5.5535827,-14.826985,5.1498775,4.119044,4.4106927,0.4556658,4.430426,-1.2014664,4.583845,10.726525,4.367155,1657.4545182640354,150.91323515909068,1811.7391517166898,103.74224409032895,0.00037809895,0.0005957641,3605.9621859592517,0.0123877935,0.0029968289,0.07805589290893271,0.010330853654012349
-290.65573,8.555064,156.94287,11.819483,-64.653534,6.4679275,52.313587,4.817017,-66.03858,4.2097197,25.084547,5.3345222,-34.704166,5.240965,23.455162,5.228511,-18.737629,4.283975,0.032317016,3.909988,-4.0093117,3.9630713,-7.8509693,3.9129303,9.651393,4.2190285,1845.254738183563,220.20077773262022,1794.9775954460683,101.93897207610685,0.00040391964,0.00069048046,3836.8820579865137,0.015310918,0.003178263,0.11565354915893271,0.0249116869663024
-312.0586,11.711362,148.29317,10.693119,-49.187073,6.1251793,58.259438,6.417715,-32.892838,6.4655685,39.427845,6.1196475,-20.11518,6.3766446,23.980976,5.852001,-11.486189,4.7572355,5.710107,4.2255526,-0.2614301,4.01935,-4.7923017,3.6476235,7.139823,3.872497,1775.9162207962718,175.92821682830592,1876.3066074069916,108.25663208286622,0.0005444031,0.0009945793,3872.42932950261,0.0120155085,0.0032661983,0.09196114595417633,0.013857547653371693
-315.2191,9.789458,188.05884,8.071051,-45.921192,4.892191,47.129723,3.9998794,-41.818314,4.159825,21.36362,4.44408,-17.734121,4.934776,20.598503,4.351266,-8.580017,4.003612,4.6584086,3.8137653,3.375007,3.85581,-2.7882,3.4132068,7.939044,3.3127036,1217.5863137412741,91.8105077335778,1424.3673433297788,77.767365764779,0.0001798432,0.00038540113,2416.240223045969,0.016246961,0.0032336721,0.06281607997389792,0.007111987076916709
-324.22195,12.1735115,154.77144,8.568857,-47.94902,7.0328245,52.21957,6.367574,-37.838676,6.5696664,38.366062,7.2809033,-24.18375,5.5679765,20.714003,4.8555255,-16.94247,4.7082334,3.379357,4.134063,-3.374791,4.0761304,-5.488651,3.9351974,5.550651,4.0730934,1717.579910929433,143.24608959571512,1850.9954213646097,103.24462154096628,0.0004969542,0.0009454576,3740.7320593459976,0.011156324,0.0025641788,0.08673393090197216,0.011794371416702724
-306.0551,10.034119,185.04533,7.6036716,-48.896725,4.3693867,47.040222,3.5963562,-42.221577,4.8340187,20.152267,4.5364685,-19.150726,5.743329,16.619286,4.4375,-9.780937,3.7418797,2.4555392,3.3705745,1.6501926,3.5553248,-4.163078,3.3635688,6.260667,3.3444703,1268.706934284264,93.75268472105252,1436.0833477045385,76.26760411449233,0.00018034397,0.00016538703,2526.4542511057134,0.016772056,0.003832422,0.0670021570475638,0.007063585344516368
-320.14566,11.514723,152.25542,9.460764,-48.183434,6.9714108,60.133892,5.747756,-30.841494,6.4425135,39.902058,6.0579042,-19.988241,5.421488,23.663649,5.093185,-11.68629,4.6745467,6.053846,4.154217,0.46865094,3.8505728,-3.6637356,4.056206,8.399626,4.028651,1688.9766183843903,146.29295205163012,1846.2313403198334,101.13624780503386,0.00050293433,0.0011633375,3703.136385676479,0.011803964,0.002449179,0.08219098934164733,0.012075125507731694
-312.04282,11.465822,177.45969,8.936718,-51.168133,5.2848434,38.210438,4.311032,-48.531258,4.626209,18.58927,4.3978486,-24.699232,5.083908,18.3363,4.653034,-16.012766,4.347349,-0.30837008,3.7013855,-1.8322966,3.6029685,-1.6329292,3.7057216,8.632493,3.9373236,1380.6720074502446,115.55688889625104,1509.8914241405844,84.25657100774131,0.00025982683,0.0008421257,2653.130437935035,0.015441067,0.0037129663,0.07373839907192575,0.008317088576872462
-319.68677,12.073312,160.64638,8.748357,-43.57815,6.7480125,52.0603,6.3440266,-27.576666,6.633224,31.36236,6.1582055,-16.781137,5.054509,17.629776,5.6265416,-12.188382,4.7756524,2.7206357,4.54843,-0.47664052,3.873052,-5.394402,4.28171,6.416095,3.6295245,1495.1630987793278,137.24492410152757,1687.2642381958296,109.33023208979876,0.0003832862,0.00093338796,3164.731366009281,0.012325203,0.0030841408,0.073721405524942,0.01027203963472532
-381.01343,5.052862,178.72086,4.368091,-37.702385,3.3774433,53.38973,3.335847,-30.50821,3.308485,40.422935,3.430315,-9.874916,3.7149453,22.331846,3.5546627,-9.857438,3.3537612,2.6859524,3.1015007,-0.058045797,3.041916,1.0208527,3.339741,9.037574,3.3301213,1188.7834818109939,77.28458838587927,1547.589519985995,70.31933495512104,0.00018760755,0.00015516432,2471.796886329031,0.009573163,0.0007294367,0.051651319605568444,0.007728765139376565
-302.38675,10.203415,142.1579,7.9581747,-72.986725,6.049022,40.26216,4.779144,-44.498196,4.791537,27.610857,5.3841996,-31.279016,5.047832,11.907721,4.670292,-14.908133,4.56251,0.73859966,4.2088976,0.09538768,4.0664277,-6.294478,3.9921095,3.7302456,3.637301,1958.2379025439952,150.73732581444958,1739.1095365085623,71.21658868745877,0.00066611136,0.0004757252,3872.379368474478,0.010734124,0.0025543596,0.12508723354118328,0.014302387809565961
-374.52197,5.283175,189.80003,5.64972,-42.218334,4.4075804,52.367016,4.2602606,-28.788994,3.7936394,28.427076,3.833307,-18.432903,3.5817432,20.186308,3.410523,-1.4763803,3.1533873,8.623681,3.0802264,-1.9970111,2.9077659,-7.07889,2.9931345,3.3183143,3.1317022,1119.5030119047485,77.90171767516921,1413.9968423211162,81.2141709153857,0.00023410839,0.0010605886,2214.472610933875,0.009858507,0.000878487,0.052001386673433875,0.006506486878350947
-320.19547,13.245417,153.08716,10.613147,-45.9197,7.0252132,45.485226,6.3652925,-41.320786,6.1867075,28.814806,6.0112367,-22.270782,5.9687223,21.381327,5.8638234,-11.479525,5.6839733,4.9182453,4.903009,-4.0029016,4.7708225,-8.55494,4.0763865,4.0096884,4.0836167,1685.5969000136251,184.48168911766078,1792.6313346640993,125.83398093766405,0.0003839199,0.00019815221,3592.222903222883,0.012180099,0.0036032447,0.08719728828306264,0.012526277602492903
-372.82547,4.4757957,169.61823,3.8084319,-45.290756,3.663704,48.78127,4.063003,-45.656433,3.6470919,38.763096,3.2856157,-28.05213,3.4956362,26.789818,3.214266,-13.787267,3.29262,2.1204276,3.3633347,-2.9272492,3.0238204,2.9462364,3.0671775,13.837718,3.3142145,1536.3663815961684,62.93084123464362,1765.572623548294,51.517167837339144,0.00036714002,0.0005275601,3230.604981601653,0.008265935,0.00070303853,0.08201425645301624,0.007584011166311476
-318.94336,12.269882,155.14355,9.011394,-38.62123,6.778275,47.24236,6.146922,-24.441107,6.829265,29.030397,5.899359,-15.6390705,5.1346636,14.262682,4.7904763,-10.94374,4.605629,1.6592482,4.522185,0.14059551,4.663044,-4.2289248,4.003958,7.1496434,3.57301,1509.9476277283125,145.91336950685061,1701.0785670142416,114.3375832860731,0.00033068584,0.00021147908,3207.5979281467517,0.012074105,0.0033646426,0.07376332294083526,0.010302453527274874
-379.74774,5.137171,176.56305,5.0703363,-40.824036,3.5066621,49.27041,3.882634,-26.918589,3.548632,40.0641,3.9535043,-5.8220186,3.8019063,20.502874,3.4101622,-8.753002,3.325934,3.2764442,3.127654,-0.06729622,3.3033347,0.6704539,3.2232044,6.219143,3.2800212,1211.891946557081,91.21282144311685,1525.0743630402394,65.97712228581977,0.00024884532,0.0007438559,2480.115397513051,0.009306131,0.0015419101,0.05491068191705337,0.009977694700478495
-322.62134,11.8451,151.31447,9.766682,-48.48819,7.700219,43.769596,6.0477176,-38.97128,6.5600014,30.436136,6.228349,-23.028006,6.071296,20.435717,5.324647,-11.640353,5.385047,4.1711764,4.3561745,-3.8829515,3.8365598,-7.351932,3.9943,8.44854,4.2492485,1724.6986433267361,165.89900142141607,1795.916218456201,117.51623128812476,0.0005094438,0.0012364706,3626.621071091937,0.01119407,0.0028367317,0.09231121302204176,0.011102080646732987
-384.50815,4.1861672,157.81677,3.1779616,-22.671545,3.2452323,50.430237,3.4123085,-35.87035,3.149469,33.19451,3.3045368,-21.024511,3.1950994,21.140972,3.3883688,-9.02926,3.1094909,7.564926,3.0039968,4.8413663,3.2700384,4.8779783,3.512495,9.450493,3.409368,1385.8366582433157,72.34699920489435,1796.7188078229065,56.32178825664411,0.00019147535,0.00021642842,3173.1997602776974,0.010386392,0.0016618384,0.05236051696635731,0.005798034424652878
-330.37903,11.292665,158.98917,9.385156,-45.91341,6.9467616,49.898327,6.634949,-31.469934,7.288243,35.21595,6.7060027,-14.730082,5.6943645,19.687706,5.4086556,-12.613608,5.0967765,1.3513455,5.0507874,-2.232395,4.3125877,-4.5145907,4.147304,7.885108,4.197474,1536.3124021352833,148.43642024072122,1710.9900745294553,109.07216080589487,0.00032857613,0.00028587555,3266.476999800609,0.011594951,0.0026111605,0.07272671657482599,0.013590400319784786
-338.4301,9.543852,151.27766,5.2062845,-83.94293,5.748559,52.01228,4.5545535,-37.49551,4.62608,41.533688,3.6875803,-26.954157,4.077194,18.843477,3.9799316,-13.2290325,3.0913117,5.61423,3.943596,5.578995,3.2820134,-0.14990789,3.4708676,6.1159368,3.6746385,1918.02587222319,91.39467636436301,1673.1851584916867,52.530413206387,0.0007223481,0.0009497547,3641.6093795316124,0.0078052566,0.0009170353,0.13014111441415313,0.012849354463562597
-323.01605,13.283671,156.68558,10.358818,-49.188614,7.0635214,45.600796,5.8841853,-41.29184,6.6736383,32.143517,6.6364093,-24.072437,6.1563864,22.299936,5.2117834,-13.213282,4.6303315,4.6727443,4.43497,-4.212757,4.2791133,-6.359172,4.338418,7.941309,4.120077,1675.2375185735634,169.0999220136829,1784.4786083163308,110.97584144922618,0.00044691964,0.00083137717,3516.132257377465,0.0117695425,0.0032898858,0.08909943264211137,0.010480161916438559
-376.5669,3.6635027,167.4556,3.4155354,-36.615475,3.8955717,47.06252,3.7765946,-42.731697,3.3604088,36.878723,3.3976293,-27.19958,3.4451087,27.594164,3.0539243,-6.6622276,3.0848064,9.4437895,3.0047483,-4.28599,3.0841498,-5.4744835,3.1465998,9.068985,3.0610468,1464.311832698495,59.615904305894865,1769.4851564110045,49.87054528278639,0.00029176267,0.0005554745,3092.137992133121,0.0090684015,0.00090222864,0.07222937209976799,0.006346550445885176
-323.33115,10.59301,166.26189,8.552517,-48.17306,6.1790366,56.765896,6.1237464,-32.53611,5.8673215,33.703514,5.949651,-21.315704,5.1426034,17.826868,5.322917,-14.21744,4.5779533,2.3562458,4.4193068,-1.1757536,4.3114653,-4.2535133,3.8273041,7.51941,3.6821988,1496.4632116719306,136.01706898734628,1679.4213347062594,103.19114230249234,0.00034299752,0.00048120043,3168.378521062935,0.012127712,0.0024074102,0.07505143380220418,0.009977102066628293
-369.39627,3.9156127,182.80612,4.488714,-48.882996,4.093308,61.885426,3.9518378,-28.876469,3.6090643,34.799778,3.2540839,-15.317695,3.0477607,17.922655,3.1653445,-6.203583,3.022513,4.685211,2.8525863,0.23129615,3.118849,-5.5573735,3.151048,3.0176156,2.8703706,1213.3475098343706,67.55806182652914,1495.5992856319585,52.16595334807651,0.00027616983,0.0012163743,2600.7962609665024,0.009766791,0.00083667197,0.05428985100058004,0.006951533869190967
-319.80713,12.154929,162.29071,9.805138,-43.89818,5.87888,54.546715,6.1253567,-29.879704,7.160243,32.975918,5.8907456,-19.615248,5.594199,17.173492,5.1764836,-12.166457,4.7585874,2.6480854,4.3661385,-0.8305329,4.006681,-5.0660224,3.845467,7.140891,3.8083074,1500.997515665748,158.96097850944128,1700.8148215349966,121.76096962289155,0.00036337215,0.00083408953,3212.9437581569027,0.012721117,0.0031363715,0.07238344692575406,0.009727681304675774
-372.8983,3.7118878,157.47963,3.9719625,-30.632042,3.6459339,54.676815,3.546514,-42.688225,3.4603693,33.019924,3.172833,-21.446648,3.5250235,23.76046,2.9844131,-6.777412,3.2790344,18.209743,3.2903287,0.7058003,3.0334156,-6.9232817,3.300535,1.8241298,2.8697057,1533.4839225754372,76.33906761612252,1853.7671680798103,51.8726254326834,0.00030672367,0.0005625939,3562.121383773202,0.009437672,0.0011064252,0.06663622933584687,0.006803304320732009
-323.0688,11.981142,163.90625,8.914203,-47.273182,7.081853,55.209225,6.5558863,-29.275576,6.862723,34.19321,6.4543543,-19.524267,5.499211,17.183882,5.012441,-13.156044,4.460799,3.0493815,4.3555217,-0.15642871,4.5594487,-3.4421577,3.7870703,8.10974,3.8091102,1498.5778483392533,146.4403735484923,1682.8450246826505,116.7384225308411,0.00038540273,0.0011739713,3168.0287938660094,0.011951263,0.0022986808,0.07436716031032482,0.009760219082655118
-381.32117,3.9869323,160.47194,3.2992864,-23.345116,3.7367454,42.20296,3.4195108,-41.378815,3.5603437,30.596247,3.2921393,-24.36901,3.0472991,21.099773,3.0526311,-5.9155045,3.2273545,12.768755,2.960878,6.4305987,3.2420778,2.5902052,2.9899185,3.9926984,2.867783,1420.673482188082,63.20286781381204,1778.7369454799052,51.14852285871901,0.00023932432,0.00038928108,3097.383900087007,0.00953767,0.0014800713,0.06531413138051044,0.004750152189778624
-312.85318,12.677006,154.35841,8.012635,-41.579937,6.567634,49.239624,5.3479657,-27.82395,6.5639806,29.651972,5.7179174,-17.829058,4.7654757,14.819215,4.715171,-11.076092,4.35628,-0.19559467,4.1809034,-3.1421802,4.2122765,-7.5895844,3.6474783,5.3883104,3.716678,1567.5649880668993,141.0836268825992,1726.4563019196673,107.0814577327338,0.00037263756,0.00021982845,3345.5653073339618,0.012243012,0.0037060094,0.07957738181554525,0.01141823476697323
-438.1292,51.74525,168.63515,19.833588,-46.549614,15.348114,55.765602,13.732814,-37.675694,9.866448,35.77172,9.002697,-20.558765,9.666321,28.198534,5.8470244,-4.227559,6.0880594,10.45384,3.8902748,-3.2312794,3.3081949,-7.1563344,3.893309,3.6378942,3.6054437,1505.9150019289289,578.832955015897,1667.5720187584222,190.8773990052327,0.00064779836,0.0021420238,3028.862350003625,0.0047444147,0.0024764151,0.08153277262180975,0.0629537305765562
-324.85324,12.27147,163.61572,8.541008,-45.33292,6.910671,53.882507,5.966876,-29.995567,6.260545,34.03338,5.844488,-18.686554,6.10819,18.222765,5.270943,-11.711464,4.4668293,3.6833167,4.714284,-1.0532683,4.246571,-5.98783,4.074879,5.6889343,4.1728897,1485.097825837891,136.69435635110813,1688.4606234436208,109.26076688221157,0.00032237257,0.00020596365,3161.6837432932134,0.011966672,0.0029538064,0.07201412050464037,0.010303006643251338
-377.86752,6.1490045,165.36273,4.887658,-46.35482,5.213268,48.154602,5.0248823,-41.955566,4.446934,43.958534,4.4821506,-23.196747,4.003975,27.785769,4.2497053,-12.655414,3.788871,3.2326298,3.6503992,-2.1140418,3.7473795,1.1621412,3.7599463,13.860991,3.6088095,1566.2689514962358,92.74420880544942,1788.4510691150592,66.86879003489929,0.0004102282,0.0007736768,3344.666008827581,0.0077721896,0.0007903885,0.08083943590487239,0.007583200155539972
-326.66678,11.376762,155.3442,8.887941,-51.06111,6.74125,46.02227,6.607338,-41.0145,6.1003513,30.330456,5.3899827,-25.085318,5.324851,18.766314,4.8156137,-16.273237,4.9769654,1.8193477,4.2640896,-0.27655092,4.614013,1.4371777,4.4067736,12.186997,4.368664,1701.6083312336002,159.20130416409486,1769.1366081541337,103.31828670906435,0.00047208936,0.0012725798,3537.265772277407,0.011131097,0.0023213513,0.09226589689675174,0.01001491982146858
-394.55325,8.055795,173.62134,6.717879,-32.620186,5.8932557,60.58834,5.634066,-23.070158,5.620725,40.689556,5.349233,-11.433164,5.994222,23.105923,4.9816327,-6.1433396,4.523426,9.413006,4.0086637,2.6905084,4.0065336,-6.139995,3.972751,5.329411,3.9585595,1149.755929083492,124.29945746731109,1588.952898059424,118.248915854994,0.000197875,0.00073633395,2549.0116553074245,0.009713892,0.0009386029,0.041318110136310905,0.010374541242565202
-339.19336,13.369387,160.68497,10.295813,-43.45094,7.481398,59.189903,7.4589477,-29.804499,7.2101026,38.095806,7.3038177,-17.8417,6.418399,22.936548,6.422178,-11.442166,4.856473,3.6987457,4.637446,-1.4219961,4.4553714,-6.5262365,4.0339327,6.2745004,4.1011133,1492.4779338819399,150.2182086435661,1744.3826278059046,122.2716314682052,0.0003432256,0.0011446377,3275.170218695621,0.011858282,0.0019411865,0.06496179850638051,0.009295519423625734
-341.0859,22.062588,152.80054,12.982835,-64.45471,5.672722,69.84695,7.037427,-40.2936,9.081625,39.075176,10.121867,-21.027727,7.31274,20.166714,5.6580358,-11.369263,4.1130757,7.626472,4.610157,1.1404101,4.947774,-3.0857584,4.021735,10.448899,4.413567,1901.7057217858323,366.6400165530417,1810.724121063376,221.36904282125826,0.0006719818,0.0007679866,3961.709686774942,0.00829266,0.0014705067,0.11663351036832946,0.035165533819293014
-321.28387,11.129818,164.30298,8.977513,-42.67732,6.8805084,52.799194,6.483251,-28.803835,6.612684,30.644201,6.518311,-19.17905,6.2012863,15.9330435,5.210226,-13.4152155,5.067353,2.5810106,4.5772805,-1.4714558,4.214282,-5.8336306,3.8759131,5.74576,4.162297,1460.24951789428,157.66998776549343,1669.4714974152964,132.6766156014688,0.00038839987,0.0013063579,3104.9030348209108,0.012428959,0.002618402,0.07146126377610208,0.009921748440519792
-322.3134,15.63408,169.22963,10.368465,-46.026627,6.0814233,56.57031,5.7559657,-32.87947,6.411847,31.752378,5.7207947,-19.818523,4.862878,17.165747,4.686137,-13.810782,4.572705,2.7557147,4.1085043,-0.34798473,4.0363903,-4.76088,3.6815622,6.778924,3.513486,1429.0907944231997,135.51290354789228,1643.2663154217425,117.96058900110923,0.0003701059,0.0013883979,3049.0466053690543,0.01300138,0.0033842183,0.06841035564095127,0.009687890227708764
-402.73193,10.266542,175.78665,7.287727,-25.736906,7.015429,52.267944,6.371165,-18.56333,6.3726315,39.206615,6.213895,-11.970352,6.2688107,17.678288,5.859186,-5.8635244,5.8178267,10.607674,5.1465907,3.7790616,4.857268,-4.652096,5.0675006,5.762891,4.9201903,1081.915363589779,147.03601879442127,1526.3752493478705,142.5020646756629,0.00014558893,0.00012346206,2229.9105686267403,0.009317004,0.0018550211,0.04412204538863109,0.014479291583610573
-313.5859,15.4116745,163.75928,10.408268,-40.911507,5.5527596,50.37849,6.077097,-29.359232,7.3287153,27.075783,5.7524614,-17.2467,4.928978,13.762846,4.7213745,-12.931631,4.6654096,1.9727186,4.5935354,-1.3028901,4.4102254,-5.537369,3.6486835,5.737919,3.477201,1438.489529158461,142.75852079842494,1641.0601690722578,118.8178225358479,0.0002926732,0.00032335886,3038.205062264356,0.013927254,0.0045052944,0.07100583671693736,0.009422648141290948
-376.77664,5.8259254,164.99478,4.626886,-40.926796,4.60855,47.896168,4.5215216,-40.730835,4.7438297,39.769924,4.32161,-27.030212,4.156911,24.282864,3.8915937,-10.349006,3.8048055,4.232129,3.6890512,-5.265767,3.5637228,-1.8872502,3.8188841,15.936156,3.542314,1533.925444917923,92.06820666310162,1782.25205909,71.70308380401777,0.00035156542,0.0006322341,3293.780701674884,0.008314473,0.0008273161,0.07835158062645012,0.007021449559626799
-317.1455,14.479649,153.68246,11.0304165,-45.277172,5.245803,45.69296,5.7692595,-39.101135,6.096315,25.480963,5.406077,-21.315355,5.0128093,19.822521,4.979317,-13.157682,4.9549704,-1.2282835,4.2626038,-5.9533477,3.9166334,-9.337346,3.8333356,4.4889483,4.092496,1646.6296189597574,166.37699121258692,1752.50234865861,112.04144132321686,0.00045719452,0.0013226074,3464.647417887181,0.01237412,0.0037709116,0.08636233867459396,0.01101888167279937
-376.35345,6.2247214,161.57997,3.9858403,-39.84468,5.20865,46.2692,4.6095605,-41.206932,4.057654,37.645073,4.372118,-24.588661,3.893583,25.187897,3.9384265,-8.184564,4.2065663,7.1629467,3.8765585,-4.0706763,4.000263,-4.8975725,3.839331,10.992067,3.748327,1539.935483579975,85.63053051376153,1782.459285072278,63.834110191645955,0.00029480856,0.00019772115,3311.566827689965,0.008741747,0.0011295404,0.07677118075696056,0.007197933550979238
-320.95126,16.020578,157.22731,11.364845,-42.817078,6.068585,46.007923,5.91157,-38.26027,6.227035,26.109612,6.1642656,-22.007875,4.9043083,17.03023,4.642399,-13.711252,5.1058407,4.290135,5.0238557,-2.0743024,4.3657737,-7.0256677,4.3646965,2.3232992,4.258156,1567.106642877226,163.52626064378003,1732.137668557543,119.2733387845279,0.00032518682,0.00048046195,3324.0321042089618,0.013116736,0.003488773,0.07312323267111369,0.009476634005764581
-365.29483,6.2001033,139.92209,4.3055334,-32.5332,5.0013947,61.909775,5.24406,-34.601337,4.0174665,30.444855,4.1941385,-25.359497,3.4465365,23.755915,4.1783905,-12.554599,3.9793248,-1.7405323,4.274454,6.875461,3.9092722,6.2553387,4.1739407,9.5376625,3.549391,1747.2893995168722,112.93200376355679,1947.7881875570465,60.97807794209811,0.00032154185,0.00037112177,4127.805124800609,0.010333137,0.0021105437,0.069322342662413,0.010062346641010555
-320.66037,17.381783,159.40918,13.844085,-46.962513,6.798232,40.361618,5.619239,-41.40439,7.34136,21.326979,7.3384075,-25.150515,5.4717875,14.18472,5.2425966,-16.171831,5.3121824,-1.0546902,4.647557,-2.4072614,4.838338,-1.4407572,5.202756,10.948218,4.691937,1572.247493355039,224.43958361901795,1666.8252108032248,156.63233801817776,0.00040905,0.0015176182,3207.1732594076275,0.013552293,0.005140505,0.08067289914443156,0.0130326938870606
-378.89435,5.8127403,172.61047,4.599737,-41.872345,4.888386,44.960964,5.1453476,-43.582096,4.489713,37.355682,4.3614564,-28.250626,4.3521886,23.407063,4.465821,-14.243814,3.8221238,4.2353635,3.7348666,1.2498606,3.9477987,6.7882485,3.8396168,14.65662,3.4915795,1442.9845631853316,81.88242199948819,1698.7044854634387,65.12108004970996,0.0002698199,0.0003712379,2876.9308634534514,0.008839832,0.0007369345,0.07421535129060325,0.0071339101843379705
-312.29712,17.141916,154.90036,12.660266,-40.17053,6.017141,50.121918,5.8934674,-37.302017,6.623581,23.097439,6.252599,-24.09347,5.1608577,15.327771,5.110357,-16.767061,4.651476,1.1464972,4.5588083,1.1954981,4.811161,-3.084249,4.535262,10.118937,4.6156073,1587.1229576087717,178.5057813747091,1750.1202933448108,136.79680420971468,0.0003848466,0.0011680635,3386.958019141531,0.014530613,0.0049101315,0.07533126087587007,0.010242397839733257
-379.92172,6.5344973,162.78171,5.1804786,-38.60902,4.999724,46.366337,5.0273137,-40.435417,4.2929425,39.485397,4.9407005,-24.590395,3.989169,24.61168,3.9351773,-11.627056,3.7388482,3.0111647,3.4919147,-4.9658203,3.6401916,-0.477285,3.6694233,15.012489,3.5938148,1535.5463980326128,103.44165477443168,1794.8819852834097,71.41590932792194,0.00037108766,0.0008922304,3304.4224006670534,0.008215999,0.0009210052,0.07593396534222738,0.008521841947039938
-371.01898,4.691144,181.3834,4.4502997,-50.249237,4.2468247,63.970512,3.9632525,-28.532524,3.9229887,38.259335,4.0364175,-15.613635,3.849945,18.046076,3.8965776,-9.458528,3.539446,4.909877,3.3533237,0.8229776,3.6430888,-5.509886,3.0312285,5.302041,3.4678688,1242.572860740897,69.61312293062552,1527.1156546229388,56.52623021420329,0.0002339084,0.00033285763,2685.9798139319896,0.009583838,0.00073600194,0.05462972194025522,0.006915624529654481
-416.074,19.81788,173.42615,11.881337,-20.518507,8.370298,48.356655,7.5610085,-16.124105,8.108727,35.177025,7.5032578,-8.073781,6.7282715,16.976328,5.927858,-5.124862,6.5708623,7.466408,5.283861,3.9006166,5.4412365,-4.234287,5.290304,4.9768786,5.2583947,1052.9319725115868,200.24348346229453,1492.261570354815,173.4568114795295,0.00015422484,0.00017417062,2167.659127573956,0.009079713,0.0031119557,0.03756140334976798,0.012877398095516168
-383.70538,6.069797,170.59175,4.5974402,-42.77824,4.861068,45.91921,4.8650093,-42.572083,4.2998,41.150223,4.068671,-27.248985,4.077386,24.275455,4.571164,-14.442226,4.0131555,2.5453937,3.874025,-0.7651564,3.7282214,4.947438,3.4907634,15.103375,3.6122882,1482.0546099824242,78.24668104758048,1731.2462225114862,63.60700725471938,0.00032377036,0.00047192804,3016.247190400232,0.00799528,0.0008283282,0.07760952907482599,0.007803951235480224
-354.94867,5.9248652,161.09975,5.0963683,-55.748814,4.3306327,63.23357,3.9087672,-35.76117,3.92098,50.388577,3.987257,-17.980051,3.6565886,26.758366,3.6210356,-14.862125,3.3947532,5.065875,3.3604517,0.28869748,3.059038,-1.2629633,3.245197,8.852398,3.1283896,1635.0188712098904,111.96623662117766,1814.7743266411958,64.45641899630198,0.0004671889,0.00068726443,3619.776410237819,0.008921844,0.0006843089,0.08065703850058005,0.010702130366446114
-349.33963,3.9647563,163.50792,4.4811068,-55.670685,3.1227937,69.967834,3.3489342,-39.156113,3.3387368,43.760956,3.6400044,-26.345547,3.1159332,23.426949,3.2787185,-14.549472,3.1592453,7.3809347,3.2546597,-1.2842824,3.272726,-2.275816,3.2209265,8.35334,3.1474679,1659.7876437433167,91.36508574692841,1830.062869180634,53.6523967658824,0.00048476286,0.00027128824,3687.2237982163574,0.008776649,0.0006659552,0.08318681119489559,0.009094062474618017
-392.26334,23.379847,170.62497,15.600769,-40.338764,5.694222,54.506393,11.230022,-25.904613,9.789265,45.11147,5.9949603,-12.33318,6.68898,22.340136,6.4138536,-5.947371,4.7154593,8.600189,3.7196882,0.35984752,3.98764,-7.513717,3.9438481,6.1566396,4.046966,1325.5278461289538,368.28074304763516,1612.8096551494664,246.92684074249854,0.00024737685,0.0004320883,2744.684021987384,0.008854889,0.0010757493,0.06285006706786543,0.021112151994638197
-370.22437,4.719488,183.6757,5.2666345,-49.699337,3.974324,64.17867,3.8711526,-30.57014,4.0522323,38.310154,4.2380085,-19.1434,4.106595,16.011873,4.3835664,-10.901963,3.765277,4.1997404,3.299438,1.6094197,3.0315614,-4.4872084,3.3792474,5.8255124,3.1051795,1243.2327070308288,93.43323531216663,1526.5450342038982,95.73254096203277,0.0002446271,0.00050041504,2670.9415444641822,0.009661646,0.000754303,0.05569238507830626,0.007059648576255084
-378.77994,5.946931,170.69446,3.849828,-45.34834,4.1346507,48.074535,4.1702933,-41.24603,4.148295,40.30632,4.147536,-29.172518,3.9592705,22.375906,4.0627003,-16.900183,3.4180415,2.9523551,3.9508412,0.78116184,3.8688374,5.987663,3.9303303,15.01674,3.879264,1491.6085631946833,75.46973469824994,1728.6062310725185,57.5772475852876,0.0003061749,0.00021972081,3025.9396298578886,0.008294293,0.00079127157,0.07701022331786543,0.007078582392567709
-374.84064,5.354904,162.57912,4.4227786,-37.242367,4.611247,44.230877,4.420204,-41.279438,3.949477,39.672215,3.7059815,-24.727547,3.7702386,26.712543,3.578093,-9.351473,3.633194,6.770465,3.4225898,-4.3238673,3.405435,-4.2461443,3.3477218,10.388547,3.291977,1544.909559039405,84.31209091016103,1815.2114323654348,64.61571247380515,0.0003487396,0.00057069573,3336.1226730169665,0.008543489,0.0010333903,0.07847280126160093,0.0071792576530973545
-375.3182,5.301136,184.03056,4.7661867,-46.320026,3.9593759,60.844143,3.7370842,-25.765549,4.0960836,35.954865,4.046059,-15.640916,4.1224823,16.033382,3.857488,-8.826328,3.6792686,4.643783,3.5378199,1.5027969,3.6267138,-5.2312255,3.430401,4.9455757,3.2976265,1174.2848394080606,77.29215091881248,1476.68094522268,73.36613288273591,0.00018676618,0.0001700745,2485.910876776392,0.009736578,0.0007233872,0.049955363616589324,0.006604213892544753
-393.1857,3.553963,201.03741,3.947993,-46.96139,4.0418897,56.343605,3.4678438,-23.328928,3.615998,27.976667,3.3642187,-8.465464,3.0679355,11.851694,3.121533,-2.2365482,2.9487553,0.65848,3.2263744,1.0722419,2.8385,-6.820025,2.8956115,2.7204833,2.9481523,987.8753638542214,48.50669066395443,1253.573204074599,42.890668970887624,0.000120297846,0.00027865413,1974.28496818808,0.009667738,0.00067474414,0.045735299448955914,0.0054052241468342125
-383.89877,3.5253403,190.97269,3.4161832,-47.836708,3.4874396,57.860165,3.2568066,-25.60618,2.914504,31.8915,2.9087963,-8.85451,2.9742963,14.715873,3.0501132,-2.1755474,2.9882646,1.8035028,2.9477339,0.49627584,2.983051,-7.7809424,2.7638419,2.8861494,2.734606,1089.4789105895106,55.13106293964247,1363.471153903277,33.42639278115622,0.00014867152,0.00015839394,2256.9644653603536,0.009594784,0.0007084313,0.04789008120649652,0.0065490091488559655
-454.38702,4.9848976,202.18608,5.219344,-7.601313,3.1847668,35.189003,3.6750226,-12.830139,3.5812187,20.973524,3.6543274,3.746935,3.75173,16.284382,3.4123192,3.6778047,3.1863236,6.527114,3.0099847,0.44637963,2.9565582,-5.129134,3.4804325,4.630775,3.4075906,674.9061164083637,67.64870636525643,1070.4504024467144,98.08715667086037,4.6576744e-05,0.00015094588,1125.2722366226799,0.009672072,0.0012888104,0.025469928219257542,0.007632874803130474
-347.03757,6.286117,150.69818,4.9917307,-57.887608,4.239057,70.59244,3.8697932,-35.7858,3.2028017,49.3634,3.2767975,-25.290062,3.23682,30.534193,2.9102051,-9.559901,3.0666924,11.745894,2.8141515,0.77905583,3.0005095,-5.4560547,3.0209541,7.2069235,2.8986528,1852.7407628777146,117.0783205097031,1953.01106702792,59.275764680307894,0.0005969759,0.0006449325,4125.681781104989,0.008821571,0.00073888106,0.09055181445765662,0.012204667275228377
-385.5551,4.0331006,169.09445,3.768513,-36.920586,3.731744,42.47457,3.7971177,-40.40946,3.510304,40.15959,3.5371861,-22.442026,3.2773316,29.793526,3.2579548,-8.167631,3.114395,5.4899516,2.8277462,-6.33219,2.989905,-1.8253022,3.069011,14.108711,2.8947868,1435.7541608790923,67.05890243592687,1748.0964430133588,49.54096330009819,0.00030986688,0.0007390116,2925.6178853683296,0.008242657,0.0009019574,0.0728366081786543,0.008367079073369171
-381.4524,4.437024,169.95403,3.889803,-42.525032,3.970297,42.82781,3.68987,-45.69933,3.0466015,44.023266,3.4963558,-22.155499,3.0594926,30.602728,3.0581625,-9.817689,3.0471241,2.9939716,3.169371,-2.9197574,2.9015744,2.8510666,3.1030438,14.519783,3.16137,1488.5517345316032,75.22221846723507,1756.8181397549602,50.17365448111855,0.0003158536,0.00043092447,3089.265233015516,0.008189344,0.0008352548,0.07759706714037123,0.007307022155850864
-397.36557,5.1440134,206.932,4.21794,-52.233658,4.2411146,50.16512,4.08693,-23.648539,3.9526901,24.79455,3.3171918,-10.312145,3.0886934,9.7367325,2.9364085,-1.5898974,3.241558,3.38869,3.7258263,3.7593668,3.5172288,-5.9527974,3.6097944,1.2200531,4.3614078,989.5140970786199,43.96360465848829,1183.0580968381573,40.36684671646286,0.00010942758,0.00023280234,1883.3808775014502,0.009279072,0.0007617313,0.05355686267401392,0.0069216259418726726
-404.6675,4.949052,181.12941,4.4691,-26.161528,3.725715,43.056225,3.4481,-20.509956,3.7176883,30.229315,3.8697586,1.5452139,3.7802231,18.21034,4.1312575,-0.6701693,3.262581,2.1165414,3.0708005,0.29586712,3.1890285,-2.3105927,3.4286404,5.44714,3.5062318,988.5244721734227,77.07423480707729,1364.3711981780189,66.81683369116062,0.00011945515,0.00015562022,1919.7525059817285,0.009162696,0.0017067447,0.03892428581786543,0.008564441071176973
-338.4124,12.359748,159.5429,8.323255,-62.049503,5.5025826,64.76416,6.2146297,-45.2978,4.2809267,35.959377,4.7734685,-32.41944,3.5290747,18.978806,5.1164627,-13.733179,4.2997236,7.2917213,4.5495906,-5.3214707,4.3901777,-9.137334,4.0029483,8.997101,3.7930677,1807.5672252203874,152.3996877510518,1802.612749897935,85.52255210897758,0.0006693845,0.00065885554,3785.8718482634863,0.008418397,0.0014006281,0.1058833925464037,0.015247161222023362
-382.3836,4.587538,172.64171,4.334363,-42.869934,4.094183,46.55162,3.6670463,-46.230164,3.8771985,44.396248,3.4640694,-25.47167,3.3279734,28.901495,3.175104,-11.670195,3.079687,3.5406086,3.0062666,-3.7543209,3.3035133,2.2131371,3.3617737,13.808503,3.2820296,1484.9082484791365,69.96458423924368,1761.783758687587,47.46727803854741,0.0003469609,0.00054017425,3106.9014759462007,0.007901888,0.00069494924,0.07787916002030162,0.008103195280804613
-425.071,11.331993,203.75992,8.547504,-22.885853,4.9393983,48.557655,4.0825934,-15.372043,3.5476937,19.4527,4.805917,-7.205042,4.008068,12.191898,3.833595,5.061479,3.8082807,4.2195244,4.1988297,2.7798288,3.102818,-5.5957313,3.5398238,3.5970106,3.1422548,775.1733409035442,84.8700094431622,1126.109997075862,101.38598636135707,7.100185e-05,0.00027143213,1448.7698937790024,0.010045676,0.0019447828,0.031009824535962877,0.006179982121270884
-352.36462,9.202492,154.73851,4.8458214,-55.78165,5.5754027,74.39802,3.7141302,-35.563786,3.843357,50.23977,3.6382356,-26.483679,3.4511364,30.186766,2.893424,-9.857873,3.147155,11.349731,2.9925237,0.35983968,2.8632455,-6.4029493,3.0590856,5.068769,3.0480385,1776.3298518485028,129.26538341819813,1937.0567511522524,61.31062431487981,0.0005412757,0.00074613007,4030.456061484919,0.008974163,0.00066211965,0.083509688587587,0.013413429845555958
-407.57642,6.464384,192.33044,5.3777204,-23.73779,4.4035783,53.160202,4.228012,-22.40189,4.578571,28.95206,4.4794283,-12.582514,4.1457334,11.14163,3.832837,-6.7404804,3.5684261,11.458801,3.3217392,4.5099006,3.2294953,-2.7044544,3.639418,6.680152,3.305307,919.6497070916541,92.0805020249617,1328.6433462003915,106.03035502185399,9.826201e-05,6.741453e-05,1744.6141218641242,0.009620244,0.0008284626,0.038732825188515084,0.010857447741445219
-360.58563,20.803598,183.11288,5.9475446,-59.89594,9.308222,68.04949,5.481757,-38.699482,5.800324,28.275164,4.2698154,-17.506062,3.8785226,14.76708,4.352235,-4.42629,4.5434513,7.3779955,3.6671257,-2.8464332,3.4829412,-5.7162066,3.1957812,9.140154,2.86896,1366.9681903014032,100.29540318217943,1509.0502473488464,59.521962916908585,0.00028451832,0.0003422744,2989.8427870323376,0.009303423,0.001596461,0.07110666509570766,0.01147077876297803
-398.62778,17.560186,182.85338,8.252909,-32.08158,6.6026483,55.721767,6.3830347,-19.337357,5.482494,32.43157,4.6815033,-11.779346,4.3129606,11.990402,4.0942497,-3.6486866,3.3815277,11.564272,3.2821243,3.5826807,3.2432978,-3.8993661,3.0669124,5.758811,3.5684707,1036.8899791802442,180.1768819904763,1419.6818179165682,130.57892390238945,0.00014220709,0.00020903606,2121.9447868329466,0.009399958,0.0011271085,0.0421915784512761,0.01504160561444811
-427.0384,7.777074,196.37299,6.3333335,-15.425469,5.0986357,43.184963,4.469929,-12.7864,4.75121,22.671217,5.092636,-6.760527,4.338887,12.213018,4.061068,0.62924397,4.4626017,8.598887,3.6252306,3.7668462,3.660992,-4.590394,3.8089116,4.8034077,3.8827899,786.14229138862,84.67202666398462,1188.79548827081,104.0896192695848,6.632653e-05,0.000102783095,1442.7745704031322,0.0097223455,0.0014018918,0.03021226073085847,0.0070320789505928785
-335.42975,6.70674,149.0302,5.2228107,-72.55391,6.2130704,75.00745,7.7169547,-43.247467,8.892469,26.95184,6.9209604,-32.95056,11.637097,34.25361,7.4744678,-7.452784,12.675916,0.95379627,10.669834,0.051910188,10.275191,9.099152,10.318436,13.99449,7.509969,2045.6945381415833,123.23870923381233,1740.0465903222823,78.84075178506701,0.00046029335,0.0003095594,3837.9312395772913,0.010584133,0.0010410598,0.14138064638921113,0.019394779171402303
-341.9189,4.600271,146.56224,4.2456727,-52.849922,4.847565,93.56712,4.382822,-31.82599,4.871758,23.191162,6.4611316,-17.489555,5.32546,21.329153,6.7467017,-2.7571478,6.7836404,13.807957,5.8153133,-9.776813,8.36177,1.975961,4.254979,12.875146,6.5512414,1885.941430861847,102.62247147116699,1800.9778621544497,58.49668515706702,0.0004539359,0.0014188018,3794.764911271027,0.010564849,0.0007894565,0.1216556699535963,0.017646425905562094
-321.00702,8.931807,143.95758,7.366469,-63.94321,4.0577602,85.33904,6.022656,-48.484547,4.475814,39.214417,4.889447,-36.055443,5.1087785,37.495983,3.5563307,-18.149736,4.524134,4.3761306,3.461063,1.8640983,3.4629781,-0.41261473,3.640876,3.7640684,3.7744515,2218.3822501708178,176.7064924307688,2027.4400088684752,84.11945331538348,0.0009563915,0.0011105196,4640.105507268707,0.009473736,0.0008307523,0.14281037014211137,0.0193820359666719
-366.10397,7.7796392,184.16927,6.607811,-53.234013,5.2744737,65.96281,6.5744214,-28.437513,3.4878557,28.773651,4.438293,-15.0037,3.9248695,21.571821,6.1741366,-10.285224,4.2775507,-1.4839901,4.837498,8.21248,5.5559464,-4.5114956,3.33658,0.2959,4.9247084,1264.9717170548458,121.64649511885597,1470.7904654081065,75.31755147382142,0.0002510977,0.00088668213,2638.7166813188805,0.009995951,0.0007216814,0.06498672237529002,0.012497170247555886
-339.32895,21.089773,158.06398,8.177662,-87.39543,9.848348,68.659874,4.323102,-43.9587,4.299842,34.604908,3.6092534,-25.091396,4.791736,23.624546,6.288451,-9.358524,4.150531,10.776195,3.1393814,-1.5575155,3.7071462,-3.632693,3.5947988,11.133968,3.3179393,1918.0789363230688,182.81149701449627,1660.2341998847817,58.27456240892953,0.00075142144,0.00088646275,3653.724928853683,0.007879552,0.0010780385,0.13081972339037123,0.0228652442344174
-329.50754,6.025509,136.70206,5.7949777,-83.35709,4.6922917,84.40389,4.89627,-51.7921,4.6391883,54.19937,4.516656,-31.816591,4.811486,26.826248,4.01051,-13.877227,3.7880306,10.51094,3.9939148,-0.7894845,3.8104808,-0.9114501,3.8348534,3.1886709,3.791177,2446.8947763295064,119.97051527452929,1971.9220693645045,58.5032819326581,0.0014316809,0.0021814113,4748.745762942285,0.007660429,0.00047777456,0.1799763902987239,0.01692499018239835
-361.26694,9.663012,172.26385,6.676482,-52.397465,6.434588,60.895447,5.674225,-33.83901,6.1676292,46.533802,5.8479323,-13.73522,5.74917,24.652657,5.1519203,-13.419875,4.8124228,4.17323,4.316386,0.1331817,4.0727944,0.22307816,4.4245186,10.621074,3.8710382,1420.0469402168358,141.84952169998527,1671.7368304665558,109.65247952523472,0.0003009012,0.00048608292,3079.5228325297276,0.009800491,0.0008050727,0.06569705263921113,0.009838391453443463
-348.2984,11.905324,171.63266,6.5197573,-51.845486,6.8671336,60.587307,5.5850325,-31.760744,5.8229065,36.03836,5.498913,-19.57516,5.473699,19.989592,5.355722,-11.79813,4.847333,5.6710753,4.7137723,1.6141745,4.6125913,-3.568896,4.5963902,10.689555,4.243287,1430.0974905832948,137.71650963179218,1642.7104037856536,104.5712081090063,0.00031739756,0.00043871906,3061.287057261456,0.010228091,0.0009095147,0.06850778531032482,0.012128385160253798
-355.06168,8.41736,153.68906,5.4249897,-48.745354,7.1502256,57.01579,5.8112087,-41.194965,5.595548,40.34126,5.3062077,-23.864128,5.2251186,25.563438,4.6317854,-10.085927,4.587267,13.042548,3.9909086,1.4876964,4.314717,-4.819976,4.334616,2.8286672,4.274364,1722.2388297525952,115.9540415514513,1884.390804083102,72.94661647722012,0.00041113424,0.00069124583,3834.0342793829755,0.00963552,0.00094087824,0.07632708272911833,0.009071387065354217
-354.73883,9.07622,164.19548,6.3469996,-52.497906,7.364354,50.676464,6.2985234,-44.394897,5.9687877,37.32824,5.159078,-26.444733,5.2264795,22.815985,5.1989536,-15.366374,4.486841,4.523791,4.8464313,0.45431277,4.076166,3.9114904,4.320881,14.891264,3.9596295,1627.8169670498971,128.8801930257327,1762.2717960984867,93.24737027592823,0.00043772155,0.0011455454,3421.031440327726,0.009189583,0.0008076452,0.08389147694315545,0.008840158927742389
-348.4726,9.544669,154.51125,5.972983,-48.850044,6.711686,51.842964,6.3169703,-41.750225,5.643483,36.724598,4.518589,-23.724972,5.2220087,25.55588,5.035999,-5.3236885,4.3193235,13.413627,4.211031,1.0352781,4.258791,-7.8978763,3.8225727,1.3407686,4.5520678,1706.916870509348,129.63321128947737,1835.4821513347752,77.4686111065437,0.00046284846,0.0010975195,3726.01853656105,0.009621085,0.0012459297,0.0840738743474478,0.008646754447313306
-371.08972,14.296374,158.29823,9.958297,-39.243515,9.805444,56.236633,8.273261,-23.715485,7.4870276,40.763454,6.4856486,-10.449246,7.874443,23.013617,6.605512,-5.206435,6.3171954,9.073322,5.2155237,3.0659902,5.458192,-3.1232326,5.084177,9.0918255,5.3464465,1425.591135015412,234.22945534856976,1722.3449310879516,143.51323164787618,0.00028518782,0.0002749611,3171.4261437790024,0.009823005,0.0027295754,0.05679696563225058,0.01638843848478123
-357.94592,7.5845923,166.31879,6.466733,-58.154297,6.6816907,52.80717,5.57665,-45.443157,5.392774,39.844345,5.144724,-26.774837,4.8332787,25.669405,4.8176656,-14.7008,4.4151278,5.1972666,4.020354,0.88331395,4.314968,3.9303977,3.8978596,14.986274,4.3584123,1640.995101606928,119.24286043855327,1747.6657643171595,73.42226336244565,0.0005462427,0.0022518467,3403.220333798579,0.008743615,0.00084230036,0.08853524688225058,0.009266808160142864
-335.68445,22.962994,150.08145,6.8176007,-95.74023,11.39301,64.78365,7.958623,-53.73616,5.2803555,35.940304,5.1198297,-36.121765,6.574705,22.081003,4.393535,-15.071011,4.6126122,6.5187054,4.1738076,-1.1478654,4.1178865,-7.369876,4.0023084,5.2766786,3.8939252,2124.1401743358883,140.3884724822306,1716.1083518814148,100.39161521227555,0.0009903081,0.0012144005,3993.434939638921,0.0077903573,0.0017422837,0.15198348680394433,0.019028909367222402
-354.01834,7.9769034,172.9135,6.1898613,-52.37186,6.3645034,63.999138,5.825393,-30.380941,5.3269405,39.745388,5.033281,-18.76079,4.9435673,20.698938,4.7980537,-10.639564,4.077334,6.5484333,4.006189,-0.08648094,4.0482473,-3.479649,3.5857208,7.673818,3.6907034,1404.0878896537688,114.76807144667079,1643.2868620081692,90.67779876160104,0.00033944863,0.0009721462,3031.5102844946346,0.01012995,0.00078447175,0.06359778313515081,0.008900961877823476
-363.52466,8.869023,159.04643,6.850533,-52.0156,6.9111023,50.420895,6.5868325,-45.784584,6.093031,38.344265,5.628131,-26.44543,5.4530053,28.002407,4.757505,-10.291993,4.892281,9.155248,4.5205693,-2.156414,4.351135,-2.7953467,4.2590146,12.992178,4.321937,1696.6052516738882,141.29007395650467,1835.5866903534002,100.44318707318932,0.00046912098,0.0011170334,3668.7382178074245,0.008733457,0.0009819166,0.08246855060904873,0.009652308890589338
-352.88138,8.453328,173.77118,6.445096,-52.692223,5.771602,64.59038,5.6843286,-31.97279,5.491058,40.012653,5.2932725,-20.690065,5.349537,19.079395,5.1222367,-13.196379,4.701233,5.7059307,4.5570455,0.050453026,3.8382347,-3.4217663,3.7094657,7.059621,3.7270322,1416.1551718615415,124.87724847385856,1647.9092755371753,106.68570888602805,0.00029074427,0.00015422844,3056.2160129060326,0.010095584,0.0007511457,0.06578315327726218,0.008352637647389449
-358.92792,8.899564,157.73729,5.921636,-50.311512,6.8650055,48.39906,6.399598,-43.597946,5.3411784,37.805428,5.8679113,-24.325968,5.0857644,25.089241,5.046109,-9.083975,4.499544,7.205988,4.742285,-4.2520566,4.696093,-5.9382615,4.248806,11.341578,4.430125,1668.25643439387,128.16068833865066,1801.764632612624,93.72734248968662,0.00037832776,0.00039918302,3595.295506453016,0.009172017,0.0010707248,0.08273138413573086,0.008578909847911797
-371.64908,13.966846,153.69524,10.536342,-42.32294,10.089281,54.25755,8.666724,-22.044329,7.9729466,37.915604,6.9410214,-8.900289,7.34335,24.511057,7.3108883,-3.7805526,5.4783535,8.650713,5.1636324,3.6943958,5.510431,-1.7838713,4.902744,7.476092,5.0056663,1479.153055530331,257.17502112474864,1721.4479109147426,132.1806299272726,0.00040328933,0.00088142406,3228.0569691669084,0.009489456,0.0038137373,0.06458794047273782,0.02480089938760806
-373.05807,11.542807,168.87329,7.2163334,-39.84476,8.073496,67.253426,7.706451,-30.250132,7.1200867,42.03364,6.5672536,-18.468254,6.217251,21.23563,5.5327153,-13.517281,5.230155,5.3338675,5.3903384,-1.0905603,4.7280993,-6.703695,4.5508056,7.5685782,4.57715,1366.853903309434,159.76936816861635,1713.3103959181192,116.77190745507866,0.00025451052,0.00042393873,3103.154398836282,0.010025112,0.00073756534,0.05374152588457077,0.011660243119452423
-347.171,9.501177,152.774,5.4127135,-45.587597,6.319571,55.58678,5.8660507,-39.69426,5.526055,32.937595,4.8253527,-23.632305,5.371974,23.484499,4.4220357,-15.131457,4.680331,10.297353,4.247832,9.184577,4.4202547,-1.8239927,3.9299006,5.454879,4.0578423,1708.8927625319739,107.11123255580816,1852.9291275019316,75.21941255357609,0.00041850336,0.00035227716,3696.2667443082946,0.009604331,0.0013716795,0.08197460484338748,0.008877680793379205
-353.22324,9.77273,154.09462,5.812847,-43.221912,7.572749,46.413513,6.980986,-41.059444,5.015049,33.945877,5.266712,-23.232012,5.215284,23.793299,4.800287,-7.40358,4.9299173,11.625667,3.8363922,0.2961252,4.591186,-5.82267,4.062619,3.8425145,4.1150136,1664.612643886779,131.62929411101004,1826.6157840940925,92.57514278994853,0.00037536226,0.000403733,3631.817018017691,0.009682836,0.0014348852,0.08181146679234338,0.008858732982005135
-367.32617,9.601085,158.94635,5.739377,-54.94358,6.54712,49.459618,6.1137056,-44.418606,5.655923,36.318253,5.3779645,-24.851728,5.2927656,24.93939,5.4281807,-12.376115,4.488802,7.364351,4.419172,-0.6168752,4.0647144,2.5508175,4.291046,16.892796,4.28919,1685.5156226811791,125.56300503639575,1784.6146000842587,80.14422208269981,0.00039092943,0.00028056567,3554.8520541799594,0.00835699,0.0008516033,0.08252519576566125,0.008564940840617354
-364.38943,9.768116,157.895,6.695487,-49.476196,7.894904,51.164555,6.5984178,-43.21263,5.7440333,35.742188,5.7073593,-26.075663,5.4449787,24.061441,5.1808624,-11.958521,4.2089105,8.020524,5.418206,-4.9687767,4.413229,-7.4482374,4.3828197,10.149034,3.974927,1677.3557318422318,138.95217105761884,1815.6831158547602,92.44205122299904,0.0004378596,0.000845682,3598.9426615066704,0.008663136,0.00086887536,0.082505936412413,0.008903734161618342
-351.21295,8.732945,157.65099,5.756309,-51.767696,6.1491513,70.475945,5.9218388,-31.977993,5.2629614,48.18709,5.1286197,-20.657127,4.9544935,27.526115,4.465035,-11.886129,4.294142,7.5635705,4.317241,-1.654221,3.9959505,-6.8729987,3.90187,5.7648373,3.6418538,1643.5496805894168,132.52803688488052,1857.0252686248082,80.93009375133268,0.00041463107,0.00048037525,3705.6594175971577,0.009810541,0.0007281259,0.07340872426044083,0.010445620980779958
-362.7274,8.913247,161.60945,5.9789023,-58.360073,7.358,54.42243,6.3691297,-48.042843,5.7578564,42.809704,5.8387628,-25.639845,5.4884577,30.27462,5.1780753,-13.7646265,4.540838,7.0344563,4.441168,-3.7325203,4.325713,-2.3900664,4.138268,13.713772,3.9448178,1752.850789580828,125.56169403696252,1845.4089524989577,81.88597937710944,0.00057380204,0.0010308505,3757.6438673687644,0.007868107,0.00079993287,0.09192942466647332,0.010239552543492063
-361.40356,9.459178,165.61678,5.374235,-58.301983,7.1700487,51.632545,6.4050264,-45.653168,5.187651,41.7644,4.9714475,-25.43204,4.9477587,28.36176,4.8395786,-12.226551,4.5420403,7.6993556,4.011257,-1.2917527,4.0852966,2.9661362,4.2935963,16.197302,4.3333387,1645.362727395141,110.57454651333539,1770.0778996885326,80.42367888984877,0.00039848176,0.00028123517,3451.482686974333,0.008653989,0.0007410969,0.08529061231148492,0.007828080446152049
-361.99774,9.909609,165.38448,6.7848916,-54.572968,7.419329,54.860107,7.6196876,-43.750732,5.692766,41.799934,6.4725757,-23.63241,4.7978535,29.085056,4.775959,-13.261209,4.5247927,6.8579803,4.8930163,-4.2132487,4.4315743,-2.5653715,4.4355,14.175867,3.9997962,1632.8632534849078,133.58206118720057,1787.4271622944805,87.80954683786368,0.00042880184,0.000658217,3460.4506915240718,0.008754234,0.0008535338,0.08245268996519721,0.009575743213317446
-334.33047,9.333434,150.99219,6.474821,-52.32403,5.1847324,61.80052,4.785395,-36.909225,4.030194,39.81929,4.0959063,-24.603113,4.1420007,21.834148,3.965683,-12.442989,3.9855554,8.910853,4.2846856,0.62895846,3.7545016,-3.0390139,4.147447,9.338166,3.714777,1805.1634199286336,121.46409846696638,1891.9177349150423,68.25613988537852,0.00061186077,0.0006046302,3950.0437867060614,0.009207087,0.0017846825,0.09174362855278423,0.014832955819732721
-350.7995,7.912144,171.3212,5.6399856,-52.89901,5.1908016,63.99711,5.2007365,-32.737286,4.53916,41.00595,5.4805784,-18.623177,4.6538386,21.603476,4.3697953,-10.956717,4.5916815,6.7955117,4.1725082,-0.1497218,4.111041,-6.2669854,3.919063,6.9640756,4.0453973,1441.452552836041,113.58683873036799,1671.08393043325,97.09170204035242,0.00031310713,0.00022517364,3135.1794178690543,0.010040878,0.00080378307,0.06577635585846868,0.008482774533519945
-341.51138,8.571689,139.2891,5.930119,-41.74022,6.4010963,57.41447,6.0988183,-37.11925,5.610485,28.197432,5.2943807,-20.463264,4.9813976,22.503624,4.5133,-13.671688,4.5386634,5.975264,4.736035,8.889824,4.4648285,0.055602256,4.3282332,11.327982,4.6568537,1835.0570116049282,133.73848845528713,1909.5266478676208,65.97791655544505,0.0004956497,0.0013766463,4019.2148301551624,0.010549313,0.002222852,0.08343831569025523,0.014779175773739339
-357.52466,8.931418,177.35776,6.9509783,-49.390587,5.9999576,63.291653,6.09269,-33.31241,6.039496,40.03687,5.5860395,-20.641459,5.115345,19.775185,5.19138,-13.34883,4.6835723,5.972779,4.482604,-0.60794216,4.4103146,-4.3411875,4.1585946,7.5351768,3.60791,1362.6636183815835,141.83102530206614,1629.9367162279657,118.380617050657,0.0002815698,0.0003683243,2953.421197523927,0.010187781,0.0007034884,0.06091846722737819,0.008793542152376122
-364.99246,13.231669,156.85637,8.780483,-41.11738,9.249632,54.357292,7.89951,-23.006344,7.507846,36.37193,6.930937,-13.182069,7.4962063,20.18293,6.206593,-7.594076,5.75556,8.381511,5.530152,4.1759458,4.920291,-1.418044,4.889875,9.563107,4.7668185,1458.1153633822132,206.36842866510437,1720.1766001432634,138.57667486000838,0.00037256515,0.0012614225,3194.8079049448957,0.009656229,0.0027762286,0.06351847991589327,0.020994260259423476
-355.163,8.817916,174.12733,7.4078393,-49.150146,5.460884,63.270645,5.651311,-31.69435,5.55827,39.800854,5.771448,-19.245218,5.255768,21.9161,4.9678397,-11.377648,4.5668283,6.909498,4.54565,0.73114556,4.5511656,-4.569087,4.3361125,9.086256,4.1322594,1384.9685548651707,153.62838567366725,1657.4164388565873,130.803555283842,0.0003490369,0.0010055623,3029.936512108469,0.010157683,0.00084963103,0.06100796657482599,0.009254169702092738
-350.25824,9.116066,152.88174,6.1254034,-50.568066,7.737807,55.74498,6.0976877,-40.003754,5.943287,34.168533,5.297866,-22.078447,4.915159,23.454947,5.0991035,-7.899131,4.5524325,12.909118,4.4370728,-1.6597971,4.1790633,-6.93589,4.4070125,2.5081446,4.268126,1709.3697428785933,122.967134544184,1816.677863848948,84.24670652475686,0.0004437007,0.0012564369,3694.6180303799306,0.009822575,0.0011859164,0.08281408606438515,0.008959644767132388
-351.65176,8.649055,173.99442,6.2118154,-51.970093,5.667323,64.63806,5.842517,-32.750534,5.309306,39.015408,5.453442,-20.100153,5.434538,19.977373,4.7200227,-12.000565,5.211796,5.9503665,4.15612,-0.9842492,4.142362,-5.170351,3.587328,7.6772847,4.036992,1411.3815528513753,128.36254709749298,1646.219654132207,107.59058566490091,0.00029725698,0.00029315962,3057.2152334686775,0.01022708,0.0007763759,0.06418575986078887,0.00810957669892939
-358.52167,9.677226,156.2965,6.2950687,-46.988464,8.541447,52.819195,6.780759,-38.51556,6.1641183,37.086704,5.844381,-23.190437,5.6814046,24.680857,4.881081,-7.167365,4.698928,11.699878,4.7096157,0.80042964,4.7328224,-5.3108087,4.4787035,2.7139022,4.443428,1627.1610592317134,143.79841684063462,1815.2404846505597,93.27416470125472,0.00037766492,0.0008576763,3555.801313714472,0.009855315,0.0009178034,0.06800137761020882,0.01053808492704305
-369.24152,9.462377,162.263,6.828759,-61.165848,7.189653,50.98185,5.950843,-47.118053,5.3302627,42.64415,6.434237,-26.651869,5.0537033,26.097218,6.314214,-15.316372,5.416296,7.398128,4.9387245,0.61530644,4.435134,1.9365554,4.3922706,15.218554,4.6174655,1734.2026311983134,150.62046613047292,1797.4138586773345,100.60818382671208,0.000492833,0.00038504033,3637.362692140371,0.007590936,0.0007625948,0.09167678726798144,0.010604427074593229
-347.2294,11.171016,164.18875,9.807012,-55.258022,6.578262,57.24574,9.332179,-31.094893,6.533899,34.843113,5.311105,-19.052876,5.190819,18.380724,5.2567315,-7.7040105,4.514031,7.532297,4.5565467,1.0752127,4.731178,-3.9714231,4.8335238,5.49,5.2327995,1547.7303772230068,185.98521077920202,1653.0653886665013,127.79982392065683,0.0004040565,0.0005182196,3213.7681151210845,0.009531417,0.0018032751,0.08440581496519721,0.01432193888404303
-324.3143,9.92726,148.27493,8.907867,-80.76494,5.012214,69.45158,5.4289284,-44.55009,4.569909,42.842045,5.1513143,-34.384304,4.2194996,25.665882,4.403346,-11.534475,3.8451145,5.9308066,3.6734648,-5.573347,4.0680575,-7.6317024,3.7529552,12.837259,4.1933537,2110.5899054432516,164.13945927950837,1833.7349973777027,69.50953854625863,0.0010232159,0.0016963892,4160.129910002175,0.008421645,0.0013328684,0.14323294301044084,0.019001818250549748
-353.27255,8.7502775,174.71904,6.4145417,-51.18501,5.7407637,64.64396,5.1895,-33.231598,5.367413,40.166958,5.000042,-21.41917,4.829122,20.062597,4.9564533,-12.635015,4.823866,5.734264,4.168386,-0.8448125,3.8753128,-4.1007643,4.157478,8.114607,3.7792947,1402.9729056583333,132.95736404097732,1654.328963418963,114.17775592498575,0.0003266394,0.0007000632,3045.499372371665,0.010143196,0.00080169784,0.06381869924593968,0.008421306478852458
-349.65927,8.086931,176.3162,7.771176,-54.184193,6.3640046,63.03513,5.296238,-34.04864,5.694961,38.32148,5.8658895,-22.150282,5.315814,19.587233,4.9962,-12.4662895,4.5357795,5.6654663,4.197461,-0.12399933,4.0792155,-3.7585294,4.043567,8.937445,4.1547236,1416.5420016855935,134.93351747729903,1629.4218225785958,123.9174583633794,0.00036681956,0.0010772307,3027.7132463565836,0.010123072,0.00078050717,0.06670307062064965,0.00749598196998077
-350.5018,8.045863,172.1167,6.17574,-52.38738,6.3272576,62.751102,5.6492357,-31.161882,5.685726,38.497997,5.5801983,-18.502657,5.245575,20.216522,4.758063,-11.576618,4.883475,5.2698474,4.536932,0.18745227,4.1695795,-4.369973,3.7614317,6.4751225,3.8283014,1424.8363625368054,118.65055298552124,1643.9003292096108,97.0377704635777,0.00033139362,0.00054030336,3065.084095399507,0.010036128,0.0008092559,0.06627823194605569,0.010314965248802592
-349.4647,6.8249755,154.73785,5.264089,-53.011642,5.8079023,56.169277,5.508179,-45.95078,4.6930203,36.80971,5.0035276,-25.5118,4.698957,29.564041,4.46359,-10.680671,4.5144763,3.2955115,4.0432067,-3.301401,4.0315075,-6.9621134,3.7063937,9.078593,3.9311569,1784.0117499692997,113.68048613356983,1862.4802901559938,73.38398978266821,0.00053421344,0.0008316746,3895.8610516966355,0.0088235885,0.00093409576,0.09274398201856149,0.009495266059991786
-356.27747,8.774766,153.32458,6.232216,-44.634483,7.0114727,55.68276,6.517042,-39.654602,5.549424,40.156963,4.7840633,-22.379072,4.6620317,25.404995,4.84267,-9.208724,4.4875436,13.032138,4.6035314,-0.1652518,4.319088,-5.812551,4.2260656,3.083688,4.216176,1684.1182059729974,137.55213435651294,1882.6825570793967,79.05690542519126,0.00037843903,0.0004895329,3786.471380601073,0.009804133,0.0010760945,0.07346083780452436,0.009414824740370621
-344.2763,7.5418563,160.23985,5.6239104,-53.37917,5.0632057,64.04833,4.838604,-34.437687,4.9070196,36.33381,4.794627,-18.253916,5.148029,16.979406,4.4009852,-8.0128145,4.5732503,9.943626,3.861756,-1.8412044,4.4861007,-4.3766055,3.6653657,11.483483,3.5680268,1597.441687804638,121.47147099838044,1736.2805613089222,82.59081376958768,0.00037933677,0.0004313359,3529.022202635586,0.010030656,0.0010937719,0.07242876305104408,0.013525879331586402
-356.3636,9.306044,160.15198,6.4105124,-55.82644,7.8011503,53.212418,6.572786,-43.354736,4.808898,41.179787,5.7493205,-24.264854,4.807284,28.40765,4.724921,-10.683433,4.5972567,5.55095,3.9958467,-4.8511047,3.9416656,-2.6026359,3.9441097,14.411138,4.1670055,1697.438540869595,142.32487672317907,1805.229149425279,79.476551717839,0.00045274218,0.0006029778,3609.5343994707077,0.008868404,0.0009286983,0.0883902352813225,0.010431124490259137
-356.8817,9.00381,157.14888,6.432939,-45.071636,7.0821896,52.35564,6.458344,-40.516254,5.917126,43.083332,5.7927284,-22.824457,5.909149,25.207666,5.17013,-11.225157,5.078613,12.187142,4.6860156,3.3579822,5.115148,-0.46817428,4.8696365,8.3124075,4.3181825,1654.942060245088,133.1657155083479,1872.824844769914,92.53023679641895,0.00039705448,0.0009515953,3713.6531820983178,0.00989951,0.0013837753,0.07157681989559164,0.011064511302494438
-348.5343,18.893772,173.50526,8.028034,-56.013767,11.149099,60.0246,6.8736005,-34.366486,6.4144,37.49125,5.3901033,-18.264584,4.8899198,20.90844,5.2431407,-10.692016,4.650462,8.243466,4.9322977,1.6242692,4.6044593,-3.6861858,3.9715517,8.25113,3.9957485,1451.6599813710122,170.1930476122131,1623.8484148404118,105.66888704306047,0.00035435898,0.0005912797,3060.7874469801336,0.00983756,0.0012779305,0.07091633736948956,0.016895872030037073
-345.74655,8.151789,171.13417,6.3485727,-52.003754,5.965955,61.06571,5.7428613,-31.640009,5.4009533,37.681293,5.284387,-18.518396,4.710647,19.855482,4.9211082,-10.302596,4.8448234,5.937175,4.4345007,0.38126078,4.126261,-5.5818725,4.0220385,5.635961,3.4870055,1437.9666590878649,120.9418172652217,1646.2969588612762,99.54283792907022,0.00033415196,0.0005032645,3084.493954828886,0.010189526,0.00092873257,0.06842395047853829,0.009450331071442681
-356.7457,9.646419,166.54608,7.673131,-43.105347,6.42483,59.781013,6.500525,-25.498106,5.997558,37.91673,6.411559,-15.069527,6.2215614,20.902456,5.2032785,-7.6321955,4.980898,7.0206122,4.6994658,0.5443796,4.762149,-3.8945718,4.4076014,8.2891,4.047368,1381.080013658744,163.83043956651156,1672.6013239133918,131.21040412158257,0.00026931966,0.00031268722,3058.8639473970416,0.01033263,0.0009484873,0.05703374238689095,0.010266162029519627
-335.3187,15.775926,137.65686,9.307799,-83.124725,6.131187,64.75546,6.980239,-53.913403,5.7868295,53.58966,5.5771627,-31.053354,5.291154,26.220036,3.9421718,-18.634966,4.1773496,12.653787,4.027171,1.6821663,4.2713356,-9.20141,3.8722079,8.850531,4.237728,2334.002658897973,189.3520871905452,1949.580337428269,96.64844580542716,0.0009929942,0.0009748346,4704.505272531177,0.007888493,0.0013113093,0.163076874274942,0.01672386293096615
-357.4219,9.724029,155.08716,6.709459,-48.85583,8.048657,50.24462,6.88301,-40.935047,5.5838466,36.604908,5.461191,-20.871805,6.0869417,23.732616,5.6020393,-10.841817,4.763708,6.7507706,4.8376694,-5.664181,4.395344,-8.265478,4.5660443,3.836019,4.4011126,1668.444154377347,140.79095634135902,1803.5650351767354,93.3092842338313,0.00045898405,0.0018118914,3616.0293331279004,0.009435248,0.0010029086,0.07947088892111369,0.010107318707870114
-351.51886,9.197258,156.1792,6.3579884,-48.209805,7.9558673,53.30242,6.6429377,-40.88295,5.969193,38.77708,5.955503,-21.653723,5.617947,26.886541,5.168292,-6.810369,5.055373,13.223529,4.3725414,-0.8637869,4.313507,-7.4810834,4.4743557,2.5706928,4.23368,1684.0635298066068,136.5038252269652,1837.200755783615,79.01114769545136,0.00046839844,0.0011957455,3682.802247226653,0.009549651,0.0013333688,0.08278689638921113,0.011536032123076833
-333.76117,6.148618,127.498604,5.341465,-93.0641,4.733353,87.62368,4.7524757,-59.19334,4.5456524,48.841366,4.5951285,-36.499924,4.097693,30.425291,4.1404524,-17.840998,3.9508946,7.811708,3.9054132,-6.066505,3.469886,-4.558285,3.699171,13.838817,3.7627525,2681.241269610101,103.05076317530715,1940.2427917564783,43.038978164981806,0.0017723959,0.0014607311,4894.232276863399,0.006922952,0.00046045383,0.2150363435324826,0.013728059714171991
-355.96207,8.877841,170.65465,6.361365,-55.350365,5.9274616,59.89141,6.250866,-34.978947,5.821605,46.766106,5.5876536,-12.734388,4.943609,24.119415,5.2733316,-14.45477,4.5428634,3.720928,4.052346,-0.6483696,4.0438695,-0.6386265,3.9416778,10.977616,4.0872545,1469.4059710519414,129.4906611637184,1676.8498916264914,101.24357533283708,0.00033962014,0.00044896547,3172.0506566306553,0.0096320575,0.0007973289,0.069349532337587,0.0091381650677011
-354.0085,7.5026917,155.01584,6.36188,-53.9345,6.2229357,51.692024,5.832546,-45.45335,5.488766,35.25583,5.0816135,-21.282442,4.7382607,29.530258,5.4277444,-7.9520664,4.729873,5.8436003,4.59831,-2.6420743,4.1363964,-6.895501,3.9917781,7.96749,3.952861,1754.1870696574927,153.07497324715195,1820.2750070945349,97.28179595199282,0.0005197047,0.001143009,3749.775005437935,0.008589829,0.0009680295,0.09093926732888631,0.0107357852031935
-346.35327,7.8366976,150.9656,4.9241657,-52.981583,6.7490163,55.059803,5.7614617,-46.100628,4.9198456,34.148605,4.692031,-27.781563,5.1105266,26.384207,4.2995396,-5.676443,4.156813,5.356437,4.362157,-4.3450756,3.8469396,-7.4660673,4.057481,2.942378,3.8803415,1834.7151704985772,102.20731591627514,1868.6929475486716,74.22740783843552,0.0005276136,0.000668782,4040.223442484774,0.00900605,0.001111392,0.09578922563805105,0.009386226679505286
-345.5492,7.0094376,147.36668,5.340943,-52.040115,5.6436205,61.42433,5.487405,-44.058887,4.8141627,33.211338,4.961863,-23.765333,4.5726275,28.702879,4.585047,-11.276501,4.181336,8.498777,3.684042,4.9155827,4.176985,-7.892253,4.044314,1.5471498,4.045092,1851.3090965566516,102.71807338414905,1895.7032439614416,65.66583268628082,0.0005275844,0.0010073124,4018.5653367894433,0.009493684,0.0013245908,0.08961263776102088,0.010034098803277918
-357.18115,8.0485115,167.5224,5.35701,-55.360706,5.249712,61.584366,5.110635,-36.050026,5.2882185,48.389763,5.0604873,-16.642822,5.2505465,27.134113,4.841444,-14.297751,4.1241894,4.88142,4.256192,-0.3190778,4.3440943,-0.7334691,3.9515207,10.26937,4.152093,1537.8186930283375,129.22982231173728,1746.342865981887,99.8975155250065,0.00036612293,0.00035089368,3347.9384561702436,0.009402303,0.00071255426,0.07370441197795824,0.008694961203798325
-351.1825,7.9518223,175.6503,6.2952313,-54.70059,5.5032125,65.952774,5.226484,-34.753586,5.4854617,40.811142,4.9752755,-21.166908,5.242125,21.481157,4.8194356,-12.0385685,4.568375,5.5529,3.8721607,-1.3637003,3.7634442,-5.1542344,3.5352807,7.3299284,3.8525834,1420.5158637950337,119.19262207293013,1650.0045983543184,99.20176961265005,0.00032938423,0.0004866292,3072.7281327037413,0.010153072,0.00066583575,0.06723326928654293,0.009008546378050916
-354.12738,10.709758,170.06557,7.3245993,-44.365593,6.584502,59.067394,6.1849766,-29.21513,5.8054075,35.39892,5.530402,-18.421244,5.607016,20.372084,5.52387,-7.4593525,4.47751,7.1207433,4.528867,2.0332105,4.506279,-3.3451474,4.5594525,9.014852,4.285365,1374.1536564768944,156.6640045558414,1648.662438579445,121.97150414705779,0.0002952282,0.00058247615,2994.314299050174,0.010292458,0.00084641547,0.05821989196635731,0.010280853674548276
-351.75195,9.207495,169.3043,6.9621677,-47.776527,6.033706,61.571228,6.269489,-28.673372,5.728386,38.54552,5.4281754,-18.349937,5.3848305,18.896929,4.959318,-9.981554,4.652038,6.023771,4.121902,0.23124312,4.4753523,-4.7531886,3.6915312,6.5556245,3.9891968,1410.2701271911758,148.05880390297438,1659.8950958626956,107.44204655427394,0.00031610607,0.0004979648,3060.5626223535382,0.010186582,0.0009841067,0.0625804361223898,0.011185711259488453
-357.30106,8.405371,164.42914,6.0419545,-55.552513,6.571211,52.129265,6.392775,-46.969864,5.846192,39.052475,5.760799,-28.322641,5.252593,22.557156,4.8646135,-17.109854,4.4562774,4.959255,4.6715074,1.0260404,4.4814324,4.527918,4.4424806,15.845704,4.412146,1662.5602378633344,131.65609442378198,1776.8031769012248,90.24182745933973,0.000413258,0.0005052514,3520.8285940218966,0.009025255,0.0008188754,0.08689367024361949,0.008848254000639304
-335.28363,27.922733,155.4502,13.47614,-77.65792,12.743591,68.33475,12.226885,-48.577362,6.0669575,37.25796,4.289698,-28.675585,5.3264365,22.511637,5.78378,-17.666185,4.917574,7.2574806,4.2358255,-5.3693852,4.6614723,-7.9822645,4.196085,7.294291,4.382992,1984.6513718672484,316.7812746939529,1766.130904138443,118.34494481144549,0.000806174,0.00047956125,3859.8391504132833,0.008236469,0.0014512995,0.13074835049303946,0.03531861751152471
-357.12845,9.018442,166.28667,6.396007,-49.7804,6.356942,60.291862,6.208767,-32.065075,5.9260454,45.324528,4.669234,-13.786531,5.374158,25.261726,5.200688,-13.006385,4.45649,3.8100371,4.3252025,-1.6939427,4.1407866,-2.209891,4.1775737,9.844167,3.726747,1473.8218006999452,145.60824865155334,1723.4742942728526,111.41361727499114,0.00033751642,0.0005443878,3229.8305856656034,0.009773376,0.00081121846,0.06783257504350348,0.010121098525852081
-370.95917,12.898146,166.43286,8.31136,-38.756195,9.0185795,60.223988,7.695789,-26.609951,6.89215,40.87344,6.271377,-14.196344,6.5189023,25.38369,5.6456623,-5.817077,5.2189198,8.921611,5.042184,0.03775444,4.3385186,-5.0290236,4.833784,6.753673,4.3257875,1346.0714389066982,176.89679164543034,1698.8035681333747,140.85836180642198,0.00026242386,0.0006035833,3000.1847198557134,0.010108901,0.0009884196,0.05089454031322506,0.010724117898348127
-338.36484,7.9729676,150.31439,5.993541,-55.94088,5.3038,68.63418,5.6117144,-34.7328,5.3073487,48.140526,4.4030733,-23.002245,4.5680556,28.24477,4.009726,-10.704517,3.8161883,9.79631,3.9364724,1.4187523,3.6877658,-3.0721982,3.228571,9.167022,3.3511448,1825.9564794799826,140.5548755482391,1931.8307655523329,75.12841421639119,0.0005785645,0.00070017506,4055.3366534947795,0.009558832,0.0009066762,0.08936793068445475,0.012951353166455367
-349.6776,7.9828997,175.94618,5.6220694,-55.47723,5.9872327,65.76209,5.597396,-34.26437,5.1838365,40.86531,5.0963783,-21.817825,5.306931,20.354036,4.63454,-12.093951,4.1627693,6.381725,4.0019393,-0.94462985,4.0037313,-5.1540003,3.4909134,6.307827,3.8759995,1424.7051531795673,112.75662203664338,1642.9619165853535,91.77377258398019,0.00033360504,0.00049248483,3062.3612193662993,0.010094406,0.00075899705,0.0673023763776102,0.009534882535801993
-335.29355,22.003881,165.78085,7.3564777,-68.18524,7.32796,62.315052,7.7648015,-47.558674,6.5346684,38.65044,5.3323965,-29.560514,6.5725374,21.16298,4.8923793,-14.534469,4.590363,3.8431907,4.835592,-3.3407643,5.001657,-5.4038334,4.6646686,10.417012,4.012402,1754.4112872007156,131.76849594341667,1748.095802741208,105.62167978877146,0.00059382955,0.0012549713,3675.582878661543,0.009342605,0.0017078861,0.09788169772331787,0.011964817984874376
-354.50168,9.633912,155.1251,7.045686,-46.698383,7.9610476,48.28825,7.106027,-41.468727,6.0934963,35.30425,6.2445083,-20.768482,5.4282107,26.234476,4.9996433,-9.088855,4.7524896,6.9262924,4.511082,-4.502032,4.163268,-5.463032,3.8696277,9.899012,4.119924,1681.6595963505097,170.0642567380705,1816.2192428837325,99.37046891163504,0.00041253993,0.00044626676,3623.198740664878,0.009171733,0.0011183508,0.08508668974767981,0.010106470164007253
-343.01834,7.340567,146.69826,5.369952,-48.90093,5.9507165,57.12839,5.794822,-44.74651,4.9229193,33.479836,4.6504765,-28.987213,4.7171955,27.575123,4.6513753,-5.7231355,4.4729285,6.3211384,4.190925,-0.26623031,3.9912193,-5.435532,4.0212817,-1.4632995,4.224069,1879.4881608234707,108.91938767136877,1928.1113897179055,58.37298286613482,0.0005724022,0.0013036827,4229.775583218532,0.009445662,0.0011081848,0.09313936521171694,0.009384291613755775
-360.29575,9.971078,167.08606,7.3321443,-45.51375,7.153273,55.09482,6.421942,-29.434671,5.938101,41.53695,6.127051,-10.420152,5.9923697,23.637028,5.723981,-10.733872,4.754449,3.8140073,4.904874,-1.5011499,4.6204205,-2.20802,4.57277,9.4512005,3.9572558,1404.3828218662106,151.2873889808055,1667.2208313552726,113.82574480473795,0.00028961874,0.00039342823,3031.610206550899,0.009882619,0.0012087736,0.06288178835556844,0.012281136065412094
-336.03705,28.935091,153.21161,12.620018,-70.49737,8.167116,55.346714,5.769553,-47.60802,7.854316,33.61157,5.5434656,-26.231394,5.177407,21.843336,4.2988625,-14.328379,4.4487596,1.9712087,3.9581044,-5.927633,4.2665744,-8.462858,4.634349,7.994424,4.4015403,1903.8274202990813,181.79487876123093,1769.0968251579948,122.44322604896875,0.00077828276,0.0006222182,3851.420717172999,0.0085584875,0.0033320598,0.11578383301914154,0.01518834653307831
-352.95288,9.100437,164.1819,5.5708957,-54.88782,7.28631,54.24894,6.302223,-45.152462,5.200251,40.15968,5.5527935,-26.548468,5.140914,27.031155,5.537253,-12.514255,4.6354804,7.11276,4.993464,-3.7869415,4.186629,-0.42744282,4.3844333,15.394901,4.270524,1657.4971416313974,124.4871345397414,1795.4324317896398,87.01403711593146,0.00039951576,0.00059174735,3540.837985788863,0.00963049,0.000928041,0.08247987964037123,0.00832404506302083
-358.8112,8.573483,155.30916,5.6649227,-44.8072,7.1817193,53.0212,6.6483474,-40.21061,5.0808167,38.07311,6.108774,-22.988894,5.3842325,25.247877,5.0984397,-8.492964,4.5257225,12.450773,5.2073483,1.9170375,4.412636,-4.2568703,4.284372,3.7935896,4.5431314,1642.9566820194862,122.55459519790728,1851.2944129676996,87.7687677176753,0.00035432333,0.0005362083,3665.240945838167,0.009848837,0.0010441086,0.06858368982018562,0.009594964150479925
-348.17337,8.0545225,170.62779,7.096983,-54.6271,6.0837216,66.10139,5.851766,-33.706455,5.5226955,40.495594,6.172434,-19.831852,4.993832,21.517551,4.8495026,-10.664866,4.318854,6.134978,4.0097,-1.0155445,4.3104753,-5.883816,4.1160846,5.669997,3.9586291,1484.2312970184034,142.92974657477816,1683.9145318376004,113.01898205675275,0.00037592865,0.0008175278,3223.1857689240137,0.01003598,0.0007335511,0.06863920207366589,0.010913827249050207
-347.74423,7.638781,156.7819,5.165291,-52.974487,6.198032,58.06481,5.396177,-43.17607,5.1829734,34.60944,4.919443,-23.19992,4.6824284,30.346703,4.1460757,-12.612397,4.0757794,6.6324306,4.154048,-1.7460878,3.8268218,-11.533555,3.5184927,5.025913,3.7909727,1733.8562019641672,106.23899868590856,1832.1573821552586,70.4300556345213,0.0005128728,0.0009399932,3665.840478175754,0.009092362,0.0009525162,0.08932941197795824,0.009688560297674183
-353.3642,8.641637,172.9266,6.7911105,-52.87509,6.9817376,64.21002,5.6393466,-31.381296,5.6965346,40.603756,5.472256,-18.584435,5.1017804,21.146414,4.802602,-11.147402,4.450291,6.719129,3.932652,0.53788537,4.0606318,-4.139383,3.9338162,7.3943014,3.9473882,1417.2676630358608,137.58835607192168,1651.361434953687,109.93442662516473,0.0003159102,0.0005782137,3066.5579457294084,0.010163312,0.0007334364,0.06324884897041763,0.00973121652024957
-359.45895,8.727132,164.10619,5.2994385,-53.263885,6.4049478,49.08159,5.8400173,-44.62203,5.5160575,38.73718,5.2667985,-24.97086,5.068304,26.468882,4.9338493,-13.8332,4.3835344,4.3878927,4.3210783,-2.0232587,4.0817633,1.1273478,4.333573,15.115588,3.4493248,1628.7834335946561,112.55879929776209,1769.375367599757,84.66780313515528,0.00038855537,0.00035598743,3421.031440327726,0.008806112,0.00083453726,0.08453383301914154,0.007861248059258072
-369.73865,12.045415,164.75713,8.283196,-37.385498,8.810921,58.800644,6.9414034,-25.264248,7.124389,39.86222,7.181526,-13.541345,7.250535,23.112228,6.1918488,-7.8305163,5.5021973,7.5211954,5.68775,1.4375045,5.1401362,-3.225139,4.9844165,9.176271,4.9658723,1349.7332533496724,171.71282509431018,1702.3798707624765,147.99428137529299,0.00024526464,0.00032124436,3045.499372371665,0.01018536,0.0011158602,0.051947007323085846,0.010511120928713383
-362.13245,10.192384,168.26537,7.818047,-45.495464,7.0423675,61.33719,6.5600376,-33.152576,6.3344555,42.27223,5.7436147,-18.749784,5.8043184,19.147894,5.444402,-14.586028,4.596641,8.136072,4.2689905,0.79832745,4.4979997,-4.7625327,4.5377812,9.197243,4.350798,1449.1103198574538,180.24163030898896,1726.0469755916483,134.79864892398004,0.00032320322,0.0006788761,3229.0312092154873,0.009670788,0.0009183894,0.06594402552204176,0.021520748668941523
-349.2032,8.793194,174.16289,6.5435762,-52.33427,5.6975875,63.238453,5.614154,-34.07495,4.9918733,37.913147,4.807744,-20.029104,4.784386,19.800768,4.8675103,-11.283902,3.951342,5.640433,3.920057,-0.4060072,4.0144053,-4.87113,3.9243233,7.0270414,3.6266701,1419.3347120631606,121.90462821622008,1638.340005805796,92.11290108524761,0.0003691083,0.0011675342,3061.7117260005803,0.010037002,0.00074503367,0.06761052602958237,0.009377755800209511
-353.36188,8.04024,174.11122,6.57223,-49.922134,5.1730204,62.223118,5.5595627,-31.51345,5.2958083,39.54085,5.597506,-20.293945,4.9897695,20.043743,5.059344,-12.759079,4.5895143,4.548268,4.0734696,0.41996354,4.127693,-4.450148,3.6144168,7.172985,3.7676063,1391.2949582864385,125.7176344757767,1643.3950428171026,109.91243085619887,0.00032547867,0.0007298528,2997.4118827943735,0.010173344,0.00070620247,0.06291124383700696,0.008030697306288304
-330.31082,16.700981,154.60197,10.485133,-66.97227,6.411571,74.205345,9.395635,-49.454712,6.412406,42.971043,5.9474025,-27.631712,5.1142144,23.26128,4.388432,-13.099206,4.050433,8.725624,3.5816598,-1.5179054,3.5540931,-4.6299467,3.6431103,10.7186,3.7385497,1971.5521318314316,212.9991357999334,1873.4322068895933,123.19613360176179,0.00079802773,0.0011388646,4122.209489649797,0.008866336,0.0013601184,0.12103823774651973,0.02055280184052421
-355.19952,8.616863,175.53879,6.9208226,-51.674114,5.4499345,64.33366,5.3637977,-33.59936,5.875325,40.334892,5.3554387,-20.024668,4.844175,20.452988,4.689746,-11.70842,3.9982727,5.067759,4.4072967,-0.61629605,3.6512272,-4.940245,3.8058517,7.0055075,3.7618992,1390.6241379950463,137.5654093705142,1637.7106330846123,111.75765459079528,0.00029850117,0.00047830565,3022.19255274797,0.010106376,0.00074981287,0.06224736260150812,0.008808037639330557
-353.84293,8.799708,174.52614,6.423026,-51.77118,5.9564734,63.216595,5.9521184,-31.736814,5.6718836,39.301514,5.5344005,-19.25944,5.299272,20.323137,4.6926947,-12.078244,4.4250035,5.287954,4.55757,0.49739587,4.0963655,-3.7790358,4.035278,8.44695,3.512321,1392.0081492004076,119.7052304141611,1631.8554960387914,101.68738296239158,0.00031025527,0.00058007846,2997.4118827943735,0.010188416,0.00089219876,0.06334854444605569,0.009536740884521812
-324.89197,6.4960194,153.54095,3.8879213,-73.65581,4.081537,72.04047,3.9299324,-50.491253,3.9026215,49.557465,3.9236221,-27.263445,3.821408,28.850126,3.5720139,-17.319248,3.3352673,7.5977335,3.618558,-6.071909,3.6859207,-6.5504894,3.163442,13.332479,3.112009,2052.025520620994,81.45142300569648,1918.8485475297637,43.12038458834572,0.0008401697,0.00041096366,4264.748302911108,0.008830926,0.0006656892,0.1265611405162413,0.011074853673526628
-358.9613,8.668528,170.4021,6.8858566,-50.04458,6.916683,58.6611,5.821922,-34.710052,5.9660897,45.71549,5.9765573,-12.865855,5.7921405,24.81491,5.041589,-12.449423,4.3186183,3.5944285,5.031387,-0.75653064,4.67419,0.13384716,4.286686,11.086886,3.894354,1436.3239163384967,141.9539325807747,1688.7937581986093,119.99301888828562,0.00031951256,0.00045510766,3143.173182370215,0.00976747,0.0008796058,0.06571404618619489,0.009615402928305017
-327.29248,8.131816,163.3539,4.4313626,-79.90962,4.7373037,65.10961,4.6882486,-51.675472,3.8131332,38.556046,3.7767031,-35.789654,3.9881458,21.598604,3.2292607,-18.23292,3.4564207,3.5105853,3.6098,-2.244846,3.948147,-5.832447,3.566833,8.3748455,3.8879282,1887.7027048867799,88.67216428915204,1750.8269965350157,52.276357015632705,0.00070297165,0.00049259246,3793.4659245395883,0.008875271,0.0007754058,0.11861155923723898,0.010870596543131713
-345.31592,8.30869,147.83228,5.711335,-47.54887,7.0331073,53.048496,6.475889,-41.377357,5.4444723,32.08112,5.3252187,-22.474552,5.0848904,26.616617,4.40007,-9.930686,4.2767243,9.242791,4.491045,2.5752842,5.113422,-11.176644,4.42998,2.09141,4.3506055,1796.2941012436506,120.0872777510011,1870.1910828620828,76.30343008043064,0.00055225426,0.0016700719,3877.8501010549594,0.009546384,0.0013896555,0.09079312282482599,0.009128686413398797
-351.796,8.143829,170.88622,6.4791884,-50.2502,5.28036,63.199875,5.5046782,-29.84289,6.1735277,38.820152,5.064453,-18.998901,5.6161633,19.67835,5.1446524,-10.628762,4.2719827,6.040678,4.036791,-0.12486375,4.325474,-4.928905,3.6540716,6.342108,3.8843493,1419.079181009926,126.95567356009116,1657.3737331787788,113.27793715215942,0.000314492,0.0004800482,3085.3682728212007,0.0101347435,0.0007116548,0.06347769540313225,0.007709326319882947
-348.1387,9.662551,153.5977,6.0200605,-40.8442,7.8709188,50.962162,6.787115,-38.208908,5.8768125,34.973785,5.1067934,-25.125977,5.3583207,22.021465,5.5069737,-9.409165,4.593558,11.455052,4.367993,2.7101264,4.322865,-0.82184964,4.4208736,5.9481883,4.089263,1666.0071276295228,135.70545450676428,1862.610175259582,83.7691739485567,0.00039740952,0.00066561037,3708.5821377428942,0.010133033,0.0015724314,0.07778626196345707,0.010026050242435094
-354.42783,7.978514,156.77562,6.212682,-47.381,6.2650547,56.81126,6.0286984,-42.479553,5.0317554,34.897877,5.2129574,-21.842299,5.3368745,27.913483,4.6426516,-10.780675,4.7606263,10.82622,4.2124934,0.578856,4.0679774,-11.407442,4.6473727,3.2843955,3.934062,1682.098466734888,129.53520944201213,1833.386553762938,81.04002837154056,0.00042035794,0.0005883893,3639.9606656032483,0.009203653,0.0011335354,0.08178654292343387,0.009948011502303147
-351.78973,8.578287,158.15672,5.447879,-44.810562,6.6798315,48.284233,5.3641233,-41.837143,5.1034513,34.876255,5.0862775,-23.489424,5.141425,25.820118,4.552989,-7.0893683,4.1874075,8.508236,4.1317654,-4.0262403,4.065631,-8.9361925,3.99093,4.1119227,4.015523,1637.8409669926295,128.6161408881801,1808.519161772495,93.1092170885354,0.0004165645,0.0008167672,3565.4188116299306,0.009520283,0.0011680891,0.08221591321055685,0.007661185373840648
-358.0223,12.292029,158.75636,11.3736515,-40.39241,8.209605,55.723373,7.6215744,-26.383556,7.0289884,30.499561,6.800337,-17.362995,5.735554,18.273296,5.6227107,-8.16614,5.285319,3.5489776,5.0060573,-2.7940238,4.703004,-5.2046056,4.74533,9.091989,4.425678,1478.1935688639087,249.77272177466386,1695.675598362718,141.95474016494754,0.00040855602,0.0010374236,3190.8609837224476,0.010072678,0.0032824061,0.06541156104988399,0.021711574741735823
-352.63684,8.822326,176.75504,7.279862,-51.57487,6.3852296,62.470203,6.88646,-31.02036,5.956627,38.376328,5.5903654,-18.883152,5.8017325,20.07274,4.8291974,-12.032747,4.4231496,6.3927736,4.0322304,-1.1803296,4.090389,-6.419498,4.032255,5.8086214,3.786871,1362.2392783474288,133.64330411338088,1608.3795096780402,112.14654106528835,0.0003432418,0.0011251693,2912.4281739414155,0.010242792,0.00074605603,0.06253398709396751,0.008365865015923608
-355.56677,9.582845,160.997,5.9748626,-53.074734,6.7256284,51.466938,6.3617616,-44.65012,5.6129775,39.942284,5.077852,-25.255936,5.337596,25.624918,5.0419765,-13.350792,4.8207984,4.9620295,4.495819,-3.436439,4.409971,-0.8287008,3.8682368,15.312084,4.088021,1681.4804706907496,139.42967214659953,1804.9446287512176,85.52106112659871,0.00040286608,0.00031997127,3599.7420379567866,0.009118671,0.0009134627,0.0858502664588167,0.009022403274872737
-349.30783,8.853655,170.52095,7.0157886,-47.65048,6.3151374,56.467175,5.352668,-26.917017,5.8564982,36.014565,5.19898,-16.764065,5.7984514,17.825083,4.721848,-10.426091,4.3472676,4.8613915,4.345908,0.29119104,4.1843696,-4.1762304,3.8525915,6.8570175,3.519354,1385.2778217659852,135.15933456537567,1618.3333262383533,113.9766977333805,0.000341996,0.0008171282,2940.905959976798,0.009987185,0.0008277799,0.06412005147911833,0.009796206637198103
-358.96637,8.748918,153.2008,5.1601057,-45.628662,7.0435266,55.37508,5.8216653,-41.374855,5.083616,38.927013,5.115102,-22.120626,5.114617,23.701128,4.7350264,-8.751253,4.6722107,14.137951,4.694067,1.4578584,4.252673,-5.249885,4.413664,3.8156543,4.267574,1687.254663015279,118.50648726916747,1869.6631908574257,77.50045057831319,0.00036428237,0.00041216405,3791.7672495830916,0.009668461,0.0010968115,0.07091747027262181,0.009651107695971243
-352.98862,12.641221,162.97163,8.7840185,-40.018353,7.0459504,48.305668,7.454489,-26.212906,7.088944,30.276598,6.444058,-14.006199,6.183453,17.2999,5.227259,-5.1938996,4.655357,7.395447,4.9053802,1.6879439,4.496548,-5.060709,4.3841047,5.120702,4.6917834,1407.59049056974,151.65382589981343,1639.7976755876546,133.81982936711705,0.00032977812,0.0004947655,2989.56800137761,0.009744768,0.0029439027,0.06708372607308585,0.010844442063975243
-355.41818,9.097214,161.25221,5.9296713,-52.390842,7.2507463,49.04246,5.8881116,-44.383083,5.6016603,39.777817,5.275306,-23.973753,5.1516886,25.056349,4.783537,-13.203151,4.558587,7.39978,4.7126303,1.5876508,4.11562,4.7528744,4.556843,15.186305,3.925843,1657.1467624881652,127.94172859939556,1792.3135049184798,86.0034421764491,0.00036964763,0.00031242118,3532.894182315835,0.00939084,0.0010197156,0.08295569895591648,0.0081226056025301
-352.93533,7.8487315,174.10796,6.1653023,-54.190685,5.7099195,66.09466,5.2309766,-32.56788,5.0849357,41.042336,5.132051,-18.921982,5.3879614,22.082651,4.7069607,-10.178419,4.1193643,5.540506,4.1219306,-0.780602,3.7251852,-4.780529,3.6068416,6.7353687,3.7621665,1411.3688700855282,118.18553707102515,1644.5858800608157,89.12316733973263,0.00033694555,0.00079245743,3065.1340564276393,0.0101693785,0.00068254856,0.06526768235208817,0.00901081752973594
-349.5063,7.9170775,172.38976,6.095822,-53.48454,6.0031786,63.66047,5.6465735,-32.38315,5.3124046,41.467545,5.328158,-19.13059,5.6384935,20.587967,4.6328464,-11.0585375,4.4948597,7.005352,3.951977,-0.31488276,4.049884,-6.3750052,3.781145,6.4145994,3.677635,1442.4919775411672,123.43182911768109,1662.048660494481,103.7966313599856,0.00032887477,0.00034639056,3116.8437205445184,0.010025206,0.0007831463,0.06734769250290024,0.00902410532112061
-364.95468,10.574958,167.66525,7.734114,-42.12362,7.5324492,61.80918,6.954765,-28.49104,6.2880354,41.938015,6.025981,-15.567403,5.958815,22.74286,5.818879,-9.884797,4.7703495,9.328239,4.7692113,1.953302,4.637195,-4.559563,4.0924015,6.1793284,4.405332,1384.5863650563156,165.4186354572993,1705.2366276440898,130.56985605268025,0.00030517322,0.00079538306,3097.408880601073,0.0099144885,0.00087821455,0.05828333454176334,0.016649538429880397
-348.94904,7.720057,173.53098,6.8421054,-51.787052,5.990417,63.200947,5.3261685,-32.56918,4.649932,38.950424,5.193151,-19.780928,5.027712,20.00619,5.2798266,-11.251314,4.4115233,5.833059,4.0892453,0.11052269,3.8545983,-4.7527733,4.1316166,7.535142,3.8535929,1407.0248906784493,131.41695731651703,1644.787781220394,108.46358144812281,0.0003640339,0.0010541098,3048.4470730314674,0.010268076,0.00079581747,0.06566419844837587,0.009194889029881411
-353.33585,7.8257165,156.46208,5.204164,-54.059673,6.110508,51.768932,5.300002,-43.964405,4.686623,37.39117,5.441462,-22.454056,4.8634677,29.456251,4.409368,-10.275988,4.1594467,4.6832237,4.0509586,-1.5311831,3.8837178,-5.0730286,4.4256616,8.7950115,3.6819825,1729.6428872684355,111.20687435182786,1821.1753777542397,72.69419754163877,0.00048598537,0.0007401776,3704.460352921984,0.0087378835,0.0010367404,0.08950954357598608,0.009577596313958082
-363.1639,8.315767,159.59586,6.4473906,-54.052574,7.064329,49.545887,6.7651105,-44.56993,5.7807317,36.433304,5.787047,-24.74885,4.956076,26.481531,5.4974937,-11.390313,4.479788,7.303413,4.345176,1.9566269,4.391915,4.076032,4.1162186,15.616399,3.9489977,1673.661642373359,127.49497814988847,1781.541181563394,88.01016345146648,0.00046542563,0.0015937075,3519.329763177929,0.00879289,0.00077446544,0.0824322977088167,0.008772785346362586
-355.82907,9.919849,176.40216,7.0792584,-50.235146,6.4019847,63.637775,6.3303313,-32.400806,5.9957366,39.075573,5.2522125,-20.111046,5.327391,19.915657,5.7076545,-12.883947,4.611581,6.1383624,4.495179,-0.98365915,4.0919895,-5.912575,3.7771883,6.8123918,3.9057615,1373.0600972654,149.46444490474718,1628.0278193927697,119.7758754749317,0.00029627874,0.00046655763,2967.809973626015,0.010186015,0.00079565716,0.0623074064675174,0.008257817891595274
-350.79047,7.679223,172.39343,6.594879,-53.005905,5.5660152,65.64543,5.1566153,-32.79846,4.84538,39.690083,5.3457894,-18.875525,5.009809,21.39023,4.8937345,-11.202181,4.6167107,6.1467705,4.3467216,-0.8705922,3.958876,-5.5201793,3.9404871,6.2401047,4.092379,1437.7307621418263,127.08321056162194,1662.293230680022,101.97422271976261,0.0003613745,0.00081239844,3125.9865886927205,0.0100317905,0.000711096,0.0669013286687935,0.008604086560729545
-368.23956,11.881726,167.94888,8.388281,-40.68734,8.386863,64.396324,7.0806146,-28.838274,7.102788,40.13152,6.1614695,-18.015871,7.848749,21.44085,6.119285,-10.366746,4.3556795,9.11979,5.1628795,1.5114831,4.482744,-3.2217872,4.5657616,9.358511,4.5675726,1379.8846178350277,190.60065452011227,1708.503324270467,156.22061425462414,0.00028243227,0.0006443583,3116.693837460122,0.009863172,0.0009481491,0.05891436158642691,0.01609583502976744
-367.496,12.083407,162.68231,7.551576,-39.95291,7.931061,61.435555,7.0228615,-26.384123,6.377228,40.510807,6.479069,-14.397101,6.810001,22.239801,5.9413614,-9.3531,5.102448,8.088369,4.79153,3.4014833,5.215224,-2.7361996,4.4225435,9.921033,4.396663,1403.167073636975,177.62024479558835,1727.4616013874117,129.31102617132075,0.00025203192,0.0001779095,3168.853150830191,0.009939663,0.0010215299,0.05591669989849188,0.012922937885902274
-352.7118,8.709166,157.13669,5.8565135,-45.171154,7.108356,52.93133,6.6147003,-42.2284,5.0815926,36.58622,5.642474,-23.77176,5.255453,26.34796,5.107289,-8.531269,4.702885,10.920784,4.4445853,-2.0087652,4.3606834,-9.1381645,4.1078796,1.0857844,3.9388056,1662.5439701238624,121.27787615581884,1837.8762454309092,83.22420574113485,0.00034840475,0.0001287645,3657.7967526464618,0.009822761,0.0011995956,0.08073067720417633,0.008086674144144932
-326.49368,16.178022,156.61456,9.616224,-71.67895,5.682561,65.57678,5.2189374,-48.567436,6.012776,34.07231,4.738217,-27.715277,4.5617104,24.298435,4.01605,-16.887655,4.3398933,5.639269,3.9464505,-3.716593,3.925874,-5.853166,3.4783058,9.01011,3.6552823,1915.5945502054135,151.42277392759684,1790.5228001499008,55.603795743044465,0.00085578166,0.0015239883,3847.898464689675,0.008849602,0.0017699208,0.12084677711716937,0.01856663482012513
-359.3651,8.969682,163.26051,5.765508,-55.864357,7.093472,52.892982,5.8227973,-44.875973,5.1011624,43.683064,5.057996,-23.2776,5.020997,27.907688,4.671085,-15.24749,4.5350323,5.1432943,4.6599445,-0.5670688,4.0568867,1.0795155,3.897359,14.40262,4.441145,1678.6922893242177,121.6952412224545,1808.139986451019,77.65476378702165,0.00048907567,0.00086843426,3587.2268004096577,0.008405044,0.0007850849,0.08764931663283063,0.009205475908755428
-351.38736,7.9213996,173.19041,6.5720806,-54.874405,6.664961,65.928665,5.668018,-33.480835,5.387268,42.14081,5.5317316,-19.257849,5.0302925,22.466316,5.151315,-11.006962,4.638309,6.3656344,4.165699,-0.78127635,3.9367328,-5.760347,3.7953148,6.3125486,3.7705255,1433.6856261393257,125.73458584823508,1665.7242812620316,111.70934366487731,0.00034319726,0.0005938738,3118.0178047056265,0.01012433,0.00071618427,0.06635640226218098,0.009809300109990156
-365.1701,10.489272,157.86794,7.3071394,-41.156693,7.110293,56.741848,6.6145787,-25.880993,6.636935,41.645714,6.4164343,-9.972383,5.7995715,23.97513,5.430184,-8.235123,4.4543366,5.7550297,4.9759197,0.5030443,4.2988734,-3.2285814,4.05323,7.567135,4.4508524,1452.7208843377584,160.82375095689963,1739.281578449622,108.94366055570043,0.00030678743,0.00081394333,3232.778286325406,0.009816723,0.0010897589,0.057605858468677495,0.010280919215734322
-368.1553,12.053501,170.25543,7.550146,-42.427853,8.130687,64.348465,7.943647,-31.294958,7.0997596,42.66391,6.7561393,-16.134172,6.4968295,22.390398,5.9755344,-10.843127,5.573665,10.36247,5.0956936,1.6347302,4.617431,-4.46928,4.5774183,8.342604,4.145314,1370.5196440078441,165.0658092990543,1697.4990025169996,133.75932577209164,0.0002556455,0.00016521892,3089.7648432968385,0.009839837,0.0009486392,0.05778712296983759,0.012185187365151381
-351.30405,8.784235,174.7159,6.561135,-52.673508,6.0857463,63.549477,6.0280657,-32.735035,5.768781,39.911045,5.582682,-19.8056,6.0715117,19.736067,4.9685335,-11.614734,4.4556136,5.7143497,4.3058286,-0.30641246,4.2232876,-4.1504188,4.295504,7.5275316,3.5182712,1407.1961701636499,123.40363386905524,1638.4661274697603,107.23927743817435,0.0003297795,0.0005874655,3035.0575174920245,0.01008752,0.00080420455,0.06555204103828306,0.008467050165712838
-354.863,8.905794,174.58545,6.9675,-51.66206,6.256655,63.897644,6.208789,-32.103085,5.869877,39.09042,5.7701097,-19.375055,5.377878,19.965433,5.232604,-12.562865,4.0497684,5.182635,4.3030524,-0.109800555,4.187884,-4.5504093,3.736216,7.08933,3.7219994,1397.7990693638524,137.7738428484321,1635.6748683200344,110.91468909698396,0.00033355158,0.00091434113,3014.998164696926,0.010125966,0.00075141765,0.06201738326566125,0.009471715484769787
-361.5268,9.19792,167.858,6.643504,-47.400776,6.2683516,58.367977,5.9908066,-31.38618,5.62955,43.62811,6.1645646,-12.438368,6.2973804,23.39646,5.273191,-11.725987,5.196463,5.450956,4.019612,1.3023388,4.67392,-0.90972674,4.5945687,10.278796,3.5709884,1422.8286727945338,148.62272637216722,1692.624699198259,115.70183254979897,0.00030028328,0.00030237282,3132.9811326312356,0.009664174,0.0010583794,0.061044219475058004,0.009903708421804365
-365.9169,13.454356,162.48552,8.378104,-37.249157,8.125359,56.314735,8.121079,-23.676285,6.750072,38.664528,6.5360208,-11.829319,6.641372,20.861687,6.320234,-7.206218,5.6364937,8.279746,5.761115,3.5790923,5.0347104,-3.633214,5.209242,7.477981,5.094761,1373.6769253717987,194.88334955453993,1690.653480910869,138.8424462730865,0.0002597496,0.00022072754,3045.0996841466067,0.00983238,0.0017366569,0.056513739849187936,0.012899829461080852
-359.84344,8.664881,169.76299,7.1468673,-50.13652,6.6494927,58.082375,6.174048,-32.46775,5.7851167,43.445583,5.931764,-13.670578,5.6959386,23.326689,6.258886,-12.086905,5.453864,4.363578,4.595977,-0.9377919,4.451422,-2.8769436,4.54264,8.709903,4.1467533,1433.6865471603653,148.65987872855834,1675.2653390593257,115.48275802894089,0.00033893614,0.0008268676,3104.203580427059,0.009614385,0.0011799231,0.06540816234048724,0.013622913939193172
-356.608,8.804031,160.36046,6.38301,-48.277527,7.1030855,49.273663,6.0901566,-44.86386,5.821169,35.099323,5.4491296,-24.819216,5.6443014,23.366829,5.0877976,-10.319686,4.6118517,8.720353,4.5270667,-3.1158552,4.4401684,-7.328183,4.228967,6.879837,3.9332833,1633.4189903457539,142.88386262642842,1787.2889759611007,94.9071392159064,0.0004255741,0.0009494505,3528.247806699536,0.0092436895,0.0009833633,0.0811487184599768,0.008938376401732137
-352.10184,8.204994,174.003,5.9198833,-52.057243,5.4088902,64.89993,4.951978,-33.18179,5.104499,40.660076,5.088845,-20.049128,4.9737916,20.248356,4.971889,-11.863199,4.3587403,5.7916126,3.9634926,0.35076454,4.096481,-4.3993187,3.629356,6.8267727,3.7427664,1412.8170754446896,122.37905588242197,1654.8911860453406,101.50404362637335,0.00029981497,0.00027188045,3082.2207280488688,0.010146247,0.0008058637,0.06467970562645012,0.00947347472475581
-336.18018,9.1040125,151.27753,4.850097,-57.71516,6.0844088,68.61092,4.7956114,-35.68097,4.4892216,47.9349,4.1716437,-23.715704,4.4017124,27.983894,4.1479,-11.47854,3.756243,9.669814,3.8590457,1.489695,3.5466342,-3.222438,3.5737727,9.285025,3.4154994,1835.8539093062655,125.08657165794624,1923.4506455560795,65.42043808158864,0.00059316267,0.0006970353,4053.837822650812,0.00952471,0.0008120885,0.09223984012470998,0.012792680066226097
-355.7274,9.120045,171.67899,7.010915,-47.28219,6.1106834,60.793667,6.100964,-28.244162,6.2815156,37.81973,5.9962535,-16.19319,5.407495,19.881897,5.03749,-10.614265,5.360897,5.9463825,4.6048045,0.88700134,4.7569933,-4.6315026,3.940505,6.7267113,3.9522142,1365.9660704690323,147.1934213798847,1632.1083820253948,113.40879263056196,0.0002943204,0.00048317315,2967.6850710556846,0.010173893,0.0009156083,0.06058539370649652,0.01017299765313889
-351.19235,8.525297,158.01686,4.785503,-55.5859,6.094873,58.228184,5.7269177,-43.90627,4.696413,40.46332,5.2094054,-27.234674,4.9191184,30.73726,4.7009726,-8.266618,4.442014,3.9458592,4.1352553,-4.8462496,3.8386993,-3.8701863,4.07313,4.7968698,4.1385946,1752.3107746835585,97.40039103499456,1852.8985543319768,69.62363105548886,0.00047427104,0.00029153322,3844.45115374855,0.008922237,0.00096996786,0.09050536542923433,0.008407971092938909
-354.31226,7.816907,176.93823,6.640707,-51.874973,5.549606,63.34363,5.6095796,-32.751854,5.306825,39.63079,5.3004265,-19.16723,5.131754,20.403753,4.3392024,-12.024885,4.2959604,5.3095975,4.5637407,0.1233369,4.1480107,-4.9160876,3.8817978,6.8678207,3.7101378,1368.2373035936066,116.81983160592588,1615.387888362462,105.19190006287404,0.00032448786,0.00091307546,2948.699880365429,0.010146895,0.00085853226,0.06352867604408352,0.008185155901604131
-351.3156,7.3643327,174.36069,5.4706445,-51.404884,5.25921,64.3601,5.031195,-33.400913,5.577363,38.152786,4.194284,-20.73336,4.8172297,19.06555,4.536847,-11.33257,4.1286535,6.486449,4.120138,0.52265525,3.9143684,-3.828662,3.7867587,7.60552,3.5216494,1397.3283135096851,109.70825105582941,1636.1398719635617,85.20262966805416,0.00028722247,0.00015584886,3036.981017075116,0.010181884,0.0007935697,0.06536284621519721,0.00858152279431202
-361.23608,9.947772,166.72534,7.2217116,-48.2609,7.867116,56.23518,6.3223553,-28.318798,5.9275346,43.54527,5.53227,-9.86379,5.938216,24.037807,6.2377462,-10.610637,4.7277913,4.084703,4.2030864,1.1345221,4.0750365,-0.13552894,4.3259797,9.982659,4.1191764,1411.8695684338525,149.17637851813703,1663.4204101769408,115.1356436197689,0.00028672692,0.00034697552,3046.1238852233178,0.009836726,0.0010651342,0.06380963602088167,0.010707615720002438
-321.38562,12.613688,152.2288,6.9523416,-69.93147,4.838085,66.38172,4.871294,-49.601994,5.0015187,37.884094,4.411915,-31.415133,5.081217,20.99308,4.036322,-16.009277,4.2385464,2.4529216,4.100877,-0.8809845,3.811072,-4.1895328,3.7108,10.816944,3.5955803,1997.307982915941,128.30148614554034,1848.434653921889,81.22745303860862,0.0008957901,0.0015168627,4157.332092426769,0.0088915685,0.0013433686,0.12481307098317865,0.014079781749821463
-351.91132,7.5243382,173.58577,5.391903,-52.919373,5.1994934,63.566986,4.8668475,-32.57155,5.111661,40.584904,5.223933,-19.214735,4.6814594,20.456516,4.720718,-10.537605,4.257131,6.4455094,4.058179,-0.26323694,4.0677314,-5.119503,3.748335,5.7510104,3.3041596,1416.594415787007,104.75334505802209,1646.2335147822057,84.86666768191556,0.00032715537,0.00050521316,3064.3846410056553,0.010021898,0.0007349986,0.06443273274361949,0.008158964804603106
-363.21005,10.294573,168.44162,7.2622375,-44.892654,6.5698996,59.37953,6.8833027,-28.277224,6.5884356,38.035877,5.41048,-13.3705635,5.262237,22.254967,5.508687,-7.997667,4.925704,6.086645,4.9265676,1.6014472,4.7176094,-3.823229,4.3405085,8.295462,3.9633846,1350.092611420179,136.36433749365875,1647.5444347000932,104.76972801090253,0.00023015175,0.00018830094,2971.6569727921983,0.010565335,0.00093405903,0.0515584215487239,0.010138158906203839
-354.6866,8.618956,176.03976,6.805951,-52.858715,5.9818306,63.833855,5.8681664,-33.091293,5.7729144,41.098522,5.5265584,-20.162436,5.444555,19.309109,4.913883,-12.734135,4.6087737,4.770082,4.2693696,0.38749507,3.8507714,-4.536384,3.7436593,6.970149,3.7612917,1388.9800046603007,131.73364549375228,1627.6147314377595,109.81790798196577,0.0003117073,0.00051510317,2994.863870359629,0.01011587,0.0007808882,0.06328736767691415,0.009688061260252344
-344.55304,7.0493655,170.7881,5.5924945,-53.83474,5.7484426,68.87717,5.0561666,-39.173416,4.968887,40.969505,4.62684,-25.843311,4.250104,21.554493,4.0789495,-13.548793,3.9137275,6.3158455,3.7148726,0.32795873,3.7899947,-4.2291408,3.7831628,7.37644,3.7982213,1534.857606005305,114.22133296097397,1736.9365254996883,80.27961066080097,0.0004150893,0.000613714,3370.171113689095,0.009910206,0.0007272235,0.07413038355568445,0.00905931810751872
-361.17084,9.084981,163.12416,6.391162,-53.741924,6.9391513,51.915977,6.8572745,-45.49334,5.7971616,39.03731,5.6601534,-25.904139,5.070147,24.432837,5.1246595,-14.978323,4.615452,6.629663,4.322435,2.9560382,3.986496,4.4038744,4.3186097,14.24102,3.708227,1639.5591784454557,127.19873890067412,1777.9580232728513,93.12199019449459,0.00042241652,0.0011657448,3479.735648383121,0.009312807,0.00087503105,0.0811577816850348,0.00883895075041189
-360.42667,8.15368,167.30159,6.234763,-53.612076,6.178746,51.529728,6.3452253,-44.354794,6.342756,39.436367,5.3918996,-26.34943,5.1579843,24.663507,5.0915403,-18.453222,4.678576,3.04474,4.7951856,-1.6045278,4.7150598,1.8304269,4.2240005,15.333744,4.630307,1596.4644356138565,129.47891065832627,1753.4984408768262,92.59507917663706,0.00039244845,0.0008189392,3333.0250892727668,0.009154454,0.00077621144,0.08208562935034802,0.00813647196442439
-351.05728,8.125119,157.82599,5.6448894,-48.264675,6.79811,53.059406,6.3656464,-42.638386,5.681671,38.16959,5.301627,-23.634974,5.04888,25.657368,4.950103,-7.900063,4.001627,10.909039,4.548774,-1.4015256,3.757164,-6.097934,4.03953,5.993034,4.198498,1673.9597804221987,131.22353991039324,1828.2755389618856,70.5383831671196,0.00039517123,0.000299361,3665.7155756054235,0.009536431,0.0011174581,0.0821207493474478,0.009117161259032086
-355.1591,9.814484,174.8026,7.425838,-48.353733,6.33845,60.61746,5.421649,-29.503685,6.014354,37.60079,6.6713314,-18.031128,5.8158426,19.735233,5.246402,-11.338465,4.7455597,5.573636,4.2549934,0.2829693,4.3869934,-5.250042,3.9131622,6.163412,4.3085713,1354.1822879621604,155.246372722583,1612.7794620407071,135.74196730499006,0.00026337907,0.00018762106,2920.0971917597158,0.010167591,0.0007683489,0.060909404002320186,0.009181970286935862
-375.23383,12.566487,169.61699,7.4312253,-42.659657,8.965202,65.81864,7.0121045,-30.22484,6.8458905,42.345417,6.437722,-15.709695,5.838777,26.03559,5.5916457,-9.709062,5.244922,5.9756894,5.191792,-2.741514,5.239626,-8.702265,4.748864,5.0319524,4.4140873,1352.446450869113,148.81931044153296,1690.4632075741088,117.91642733070903,0.00025622032,0.00059769116,3046.17384625145,0.010010049,0.0007600569,0.05321699173433875,0.010407636340690925
-358.7487,10.297848,171.6108,7.4774027,-43.688026,6.462445,60.99448,7.0124454,-26.408003,5.9129457,36.28399,6.2895923,-16.343466,5.6063247,19.973793,4.7744575,-9.597992,5.0673175,7.339219,4.52016,1.6709223,4.0716166,-3.3664727,4.35115,7.0206766,3.8625784,1327.1949564133304,144.3858977879239,1625.8828444904234,122.52924175370643,0.00027775043,0.00057499023,2901.136981583527,0.010334422,0.000951071,0.056139881815545245,0.009540665417502854
-327.5046,8.064888,166.58035,5.2883143,-69.89562,6.1703835,62.053093,4.513047,-52.877274,4.585837,45.639305,4.5729804,-27.574436,4.0981765,25.004501,3.74431,-16.959076,3.6533208,5.992425,3.33517,-2.9037745,3.4879358,-6.8811216,3.6138997,6.838888,3.319566,1792.9518760459391,95.56862475087173,1799.0612997418186,60.945819441720666,0.0006703665,0.0009766736,3816.897646733614,0.009383695,0.00073354336,0.10380224949245939,0.010261819687177612
-358.18814,9.20725,162.71121,5.7671967,-54.007614,6.5244503,51.36628,6.001401,-46.3578,5.104478,38.2937,5.3257384,-26.536568,5.2904406,25.316374,4.5553327,-15.053998,4.590094,4.6794286,4.288254,-0.11475707,4.4357157,3.2286868,4.4767394,16.194801,3.8166056,1667.1734616019578,113.9431905671859,1785.924513102817,79.55785909636269,0.0004217775,0.00047362465,3529.421890860644,0.008756867,0.0008493529,0.0883030017401392,0.008958639238649061
-351.5588,7.832021,156.29958,5.4366055,-46.210358,7.3944817,49.71395,6.2881627,-42.746555,5.716905,36.852634,5.3641515,-23.959627,5.360164,26.257696,4.414343,-8.735364,4.4252596,8.706749,4.404498,-2.6942565,4.113621,-7.416051,4.266244,5.3258433,3.9409282,1677.5264559098057,114.21699580400572,1833.7554039881338,76.20031535469744,0.0004111299,0.0007333533,3659.1706809200987,0.009671443,0.0011127434,0.08355613761600927,0.008438371011958745
-371.01218,12.318703,172.01106,7.414539,-42.90521,8.168563,65.55393,6.5095944,-29.372,6.2108293,41.344982,6.4921823,-18.212257,6.2974396,25.17116,5.9693456,-9.382591,5.275034,7.553856,4.7816205,-1.2215871,4.4284115,-8.017615,4.346531,5.5695972,4.708186,1340.2534959645923,171.37749748840562,1676.8092074134745,137.4202201705018,0.00024341632,0.0002759628,2985.870885295824,0.010020666,0.00083691295,0.05460819678074246,0.011453109415676328
-370.19562,12.848598,169.44261,8.170633,-40.87839,8.732682,62.932743,7.0504413,-29.318623,7.1008353,39.90048,6.112038,-17.005503,6.6708107,24.326725,5.6802387,-7.053929,5.4590034,8.778223,5.0666966,-0.35141802,4.536569,-6.7345586,4.338529,6.524236,4.246437,1348.9395426383028,180.39366565221957,1682.8262403228216,129.51126397967525,0.0002683009,0.0006825271,3005.705413464327,0.010056571,0.000904559,0.05363050137761021,0.011044069098185914
-348.98056,8.731246,141.9125,5.9491715,-78.080826,5.4302897,49.396988,4.765522,-46.127335,4.765249,43.392876,4.659606,-19.703596,4.592852,18.77897,4.608662,-19.707224,3.9836836,0.6315867,4.3751373,4.4724674,4.0750456,6.7209425,4.012002,17.65375,4.330636,2010.9433862930427,102.5237848193036,1753.8794458582327,71.70855929069275,0.00069206924,0.0018706861,3976.3732485317573,0.008358279,0.001014773,0.12331084142981438,0.007290305686078846
-331.19766,15.768746,162.71414,6.172908,-79.10082,9.865505,68.46594,5.115968,-57.23952,4.949513,39.23743,4.82577,-36.22237,4.9496417,23.631367,4.5630054,-17.353184,3.7478285,3.7618086,3.8909025,-5.045755,3.6496134,-8.77702,3.471014,6.3533196,3.8851302,1933.748714062651,104.02638174895982,1792.0861534077276,79.90338693757293,0.0007776292,0.000801687,3968.454425572796,0.008752003,0.0015079804,0.12099178871809745,0.012993025937767204
-360.85577,9.398885,166.37761,6.06336,-56.495422,7.4033604,51.285618,6.380753,-46.141544,5.547064,38.11746,5.4054804,-28.310217,4.6606407,23.988087,4.6340294,-15.484711,4.3291616,6.1461096,4.476621,0.5866544,4.2878795,4.4585114,4.131863,15.868712,4.134333,1629.0009542719627,123.15646440049846,1746.9607360521968,83.16020986513546,0.00039331062,0.0004551692,3371.0204511673433,0.008855524,0.0006839248,0.08592956967807425,0.007951283034773795
-331.31558,22.242008,152.66104,6.468508,-80.16911,8.308115,66.24119,5.3751764,-58.754986,6.4193606,35.83959,4.403225,-35.16671,5.4828825,20.979483,4.354296,-17.282526,4.002198,7.2220063,3.978348,-5.050786,4.136898,-6.990786,3.7878926,7.671836,4.170506,2078.3354940763234,147.59461452398483,1830.9672805445243,67.93265537766162,0.0010526769,0.0025539612,4164.076831224623,0.008054112,0.0015358727,0.13631203777552203,0.016892403028761955
-333.40872,13.126186,133.86383,10.781685,-80.722176,5.691487,70.88778,5.923662,-48.03296,5.7665434,47.42052,5.685238,-29.725721,5.9803185,27.32658,4.4169,-15.9031105,4.800265,10.349544,4.938909,2.7358143,4.512096,-4.021919,4.876561,8.922167,4.368936,2317.752078455163,207.3846176681033,1925.3177862113764,87.22309558814783,0.0010081024,0.0014791423,4595.615211716938,0.007762183,0.0013451995,0.16837206351508122,0.021114306750755527
-341.7589,10.956847,169.70073,7.4188185,-57.051678,5.433336,65.22965,5.9599338,-37.997196,5.5170097,40.38103,5.2542806,-24.50199,4.822328,19.197868,4.765727,-9.954728,4.2022724,7.6167626,4.1041493,-3.5943391,4.2634206,-8.697416,3.642452,7.1251245,3.6062496,1551.2164528504475,164.97271634946202,1702.7565647903195,108.9306154636338,0.0003972878,0.00043344457,3361.17812862529,0.010006035,0.0008359965,0.07768996519721577,0.012443886391718728
-359.55322,8.988882,165.38718,5.717269,-57.025276,6.704842,52.824345,6.559448,-48.246403,5.271429,42.40336,5.5862045,-26.539568,4.755049,25.483755,4.6376553,-16.597187,4.478717,4.8348956,4.176901,-0.7262049,3.6077142,2.900083,4.430728,14.7930765,3.876008,1678.3996658578526,120.78955430681194,1791.801419264884,84.95649333736215,0.00045578874,0.0007116615,3571.364173977668,0.008581181,0.00085625076,0.08949594873839907,0.008156492336546708
-350.20883,8.119535,176.05635,5.7432055,-53.60979,6.027775,65.968765,5.067875,-34.47989,5.2329555,40.248978,4.859618,-20.883257,5.018937,20.273634,5.0895076,-12.861641,4.439018,5.2228804,4.287375,-0.9514734,3.7733207,-4.3970394,3.5418375,7.230824,3.6860728,1413.6512754453884,120.4584426797718,1643.5369375736686,103.03023888377652,0.00029922606,0.000252881,3064.4346020337875,0.010269344,0.0007010424,0.06540363072795824,0.008964971941818294
-360.5403,9.584991,161.60367,5.6070876,-48.46998,7.7431135,50.92366,6.483545,-41.243797,5.303435,38.3041,5.1470504,-23.076277,5.3383975,26.311022,4.4423766,-9.375586,4.40335,6.714564,4.99403,-4.8620977,4.306794,-6.143629,4.227689,10.64411,4.1298203,1595.8851775578767,115.63629138847867,1777.3176967909635,85.82416258745097,0.00035253944,0.0003856588,3423.554472248405,0.009305184,0.0010615595,0.07754835230568445,0.009622391967295743
-351.43936,8.452201,177.63596,6.578651,-54.667698,5.569918,66.40009,5.945144,-36.182972,5.2655244,40.537685,5.3075147,-23.363838,5.2547746,20.823978,4.6466584,-12.250991,4.4395704,5.810776,3.9987292,-0.41137514,4.050843,-4.7738714,3.8735456,7.424763,3.8160796,1412.7944462984458,124.66579981752106,1640.750503164952,102.67898447300158,0.00033843837,0.0007351073,3040.8779772694315,0.010177135,0.0007333844,0.06594969003770301,0.00825906492584968
-375.6677,14.309881,162.07251,8.775751,-35.104248,8.660867,57.75376,8.47662,-25.121344,7.547773,38.421833,7.089544,-10.767003,6.8238564,23.562206,6.456948,-4.9445276,5.96274,7.831906,5.8730125,2.9389606,5.3668,-3.8417277,5.4059033,7.8481426,4.653832,1338.6680464097283,191.26078741920537,1693.895818809908,139.22780491755782,0.0002470307,0.0005530788,3023.4665589653423,0.010134696,0.0013740867,0.048123459251740136,0.01040767395321691
-355.32843,8.738975,175.45396,7.010659,-48.33552,5.5321293,59.40884,6.2184625,-29.610462,4.937637,37.49592,5.0885973,-17.249142,5.2546844,19.22706,4.8762803,-11.592166,4.869971,5.582291,4.129563,-0.40226835,4.1827064,-5.684027,3.8724027,5.5067277,3.933903,1348.9832146989647,127.80735892004894,1604.2272051388848,112.5477056876316,0.00030225588,0.00071841886,2888.22205581134,0.009976321,0.0007243056,0.061538165240719256,0.008622476693094345
-354.34265,9.567198,176.2125,7.208451,-51.707684,6.1520348,62.021698,5.606826,-33.155922,5.909746,38.24406,6.4358764,-21.691216,5.6178966,18.28733,5.0941973,-12.034207,4.62585,5.753723,3.9688478,0.6994949,4.2479167,-4.001958,4.091563,8.02331,3.897752,1391.1751693871809,173.46610142504338,1617.4731177026813,132.01819086886755,0.0002879314,0.00027905367,2977.0028028023494,0.010072977,0.00077132543,0.0646479843387471,0.008462881640102407
-345.56372,14.823445,171.9955,7.9664826,-51.125744,7.028119,60.393734,6.578521,-35.036705,6.0148563,36.280014,6.1343284,-20.427092,5.643077,19.94023,4.914663,-9.500857,4.9892864,6.5568542,4.59062,-1.9273373,4.6228333,-5.910828,4.29764,8.743407,4.292741,1454.5199834464545,145.7957861591572,1656.2099084032834,121.15189889232252,0.00036957784,0.00073428516,3139.9506960556846,0.010116773,0.0017784872,0.07097298252610208,0.009037569699976683
-357.25204,8.288809,179.26505,6.7453265,-52.94819,5.4531703,61.41362,6.4567356,-32.61841,5.2471213,40.632275,5.529179,-18.881174,5.106418,20.887129,4.948459,-12.608955,4.333371,5.8080845,4.4239874,0.24408987,4.7080116,-4.6321454,4.061889,6.340059,4.327406,1347.6754985510213,117.64269035126279,1596.698154528098,102.772527824825,0.00030581743,0.0008399691,2862.292282210702,0.010074049,0.00079177524,0.06281834578016242,0.00863161996735754
-359.63354,8.977063,165.2334,6.1175466,-53.294266,6.9427433,52.923626,6.4201345,-44.021957,5.2738075,38.832947,5.7122188,-24.963793,4.6827292,27.561607,4.728078,-12.78986,4.7363825,5.5632873,4.1270256,-3.9523153,4.733499,-2.0566611,4.72537,14.283974,4.3452063,1613.5276954780006,117.82988126664762,1770.8324638499641,79.20530752065547,0.00038987907,0.00045699667,3411.239078813805,0.009098044,0.0013143083,0.08070122172273782,0.010247839211436283
-355.44843,9.762399,176.57674,6.6375575,-50.74779,6.3806458,61.277008,5.800772,-31.007233,5.6683445,38.538055,5.0047913,-19.28259,5.665328,20.49115,5.3073974,-10.375512,4.4521365,6.3831644,4.459076,-1.0475134,4.0771737,-5.713221,4.0609207,6.6781335,3.532027,1358.99643119492,136.92557880112454,1608.1646379636857,105.13812600360511,0.00028628978,0.00034452387,2896.865313678219,0.010031313,0.00076704693,0.061802131670533646,0.009684443364466567
-370.7921,12.654689,164.16107,8.072955,-38.14067,10.17476,59.890842,8.539907,-25.96712,7.4035053,39.28035,7.8968606,-11.932292,6.162492,24.444696,6.194966,-5.9471865,5.2603416,7.506281,5.4499493,0.65790546,4.919726,-5.2737236,5.1302915,7.2919197,5.145067,1351.1995572368112,173.7551050633232,1687.2736603081714,123.83559554954412,0.00023300726,0.0001625135,3022.7421240574245,0.010087677,0.0013762917,0.05250552856728538,0.013036127852433996
-337.41843,6.3505573,163.91542,4.5287495,-58.0594,4.5612063,69.57747,5.16478,-44.606945,4.1363373,43.834667,4.20097,-29.546455,3.9037178,24.342686,3.971701,-16.798563,3.4862995,8.046276,3.1841943,-1.527003,3.4194663,-3.889751,3.4597628,9.5370245,3.4047453,1731.8306102592383,93.6651878843958,1858.556880806989,55.40296206285193,0.0005566161,0.0006362627,3808.7040381199245,0.009477958,0.0006659389,0.08773541727088167,0.00931437101886128
-351.42096,7.8141403,174.48445,6.552392,-53.740845,5.5003552,66.39347,5.6381183,-33.089073,5.2253723,40.646027,5.2118573,-19.35667,4.809043,20.357721,4.5559325,-11.54465,4.6167955,5.9934645,3.9370663,0.28633198,4.0766993,-5.432136,3.8219476,6.7528343,3.7153728,1408.7755910229616,125.52935754467595,1640.1443687859594,97.27962747024846,0.00032971057,0.00064613495,3061.6617649724476,0.010211169,0.0007670187,0.06615021389211137,0.00918748357070838
-353.44672,8.526127,172.5972,6.948502,-51.15849,5.2403607,63.652557,5.9683194,-31.897425,5.5147853,39.70676,5.24867,-18.715458,4.9758377,19.641949,5.044389,-10.349072,4.321295,5.414331,4.1670637,0.24799621,3.9653122,-4.731881,4.0538793,6.316907,3.8323565,1412.1960363502499,137.72036025726757,1647.402378261818,103.72604784860809,0.00032313447,0.0007323162,3073.25272349913,0.0101388125,0.0007799555,0.06260989160382831,0.009732464402243134
-357.4026,10.022927,157.99126,6.3206096,-51.76873,7.7767253,53.472183,7.1484766,-43.677956,6.0231504,38.295925,5.5885653,-24.906282,5.1943655,26.947905,5.5883827,-9.532897,4.609333,8.237996,4.655121,-4.3429017,4.253782,-5.57642,4.021639,11.259209,3.9923415,1692.8942314104022,142.6657780999066,1819.7486580894833,80.10856659491967,0.00045280458,0.0008950657,3643.1581714037125,0.009054956,0.0009549779,0.08475474912993039,0.008693477884733134
-330.5141,8.006122,162.10632,5.0004473,-62.750126,5.0524817,67.32426,4.195214,-46.30191,4.0879517,41.913902,4.405786,-25.643198,4.2785053,20.596025,3.8618095,-12.394431,3.888515,6.5031023,3.5838184,-1.3270363,3.4985993,-5.86651,3.370397,6.5633655,3.1352236,1767.7285283574588,105.15631420560808,1802.061508052918,64.20850922058288,0.00058592774,0.00072244374,3838.730616027407,0.0094664525,0.00097092916,0.0977548125725058,0.012460757621808908
-356.74695,9.834561,177.01062,7.4799714,-50.774525,6.0841937,61.778004,5.8943586,-32.732258,6.3825197,40.048534,6.4345436,-18.49907,5.606889,20.963526,5.3174825,-10.875715,4.541161,4.9883184,4.1206517,-0.8787524,4.001858,-5.8832946,4.0833344,6.121856,3.8001773,1360.186930624584,144.6389296390836,1613.2201635612487,117.7369492105764,0.00031577414,0.0007458343,2937.5835516060033,0.01006637,0.0008340836,0.06105328270011601,0.009861995882945422
-374.16003,11.063584,167.72426,7.1939306,-41.867867,7.7659826,66.62514,6.7340603,-28.161634,7.4593554,42.962425,7.235099,-16.356508,6.055876,23.456333,5.7488713,-10.806759,5.098062,5.173566,4.9772882,-1.7329538,5.0271125,-7.933946,4.697468,6.0766964,4.5831966,1362.1827145753762,145.43392507232713,1699.3032213369931,117.65176746032864,0.00024031295,0.0004307335,3085.56811693373,0.010150345,0.00072332553,0.05130011963457077,0.009106986267843665
-337.02283,18.789768,162.73727,8.061488,-51.919167,6.367932,51.64307,6.0697565,-31.399796,5.9527073,30.110142,4.984476,-20.037422,5.6901484,14.432472,5.3987584,-8.041915,4.7090096,6.4870377,4.453192,1.4085575,4.3906207,-3.3609345,4.1017795,7.438283,3.9876988,1551.8832898355872,136.1286629650478,1654.906349248616,101.51822927469686,0.0004405437,0.00052152626,3234.42700025377,0.009445033,0.0029840674,0.08306785636600927,0.010756968992334416
-337.74515,6.2837934,144.32341,4.7741337,-54.92107,5.4244757,67.0236,4.6684103,-44.42645,4.7133865,55.90634,4.6584816,-25.28203,4.115709,31.527925,4.0739183,-15.296078,3.8462653,9.925627,3.76655,-2.1404905,3.87714,0.64581305,3.647745,9.565482,3.461856,2082.761624439093,104.87051391942279,2114.824112270009,48.747289214438396,0.00081158715,0.0012424897,4716.321055684455,0.008735561,0.00070550124,0.11031644250290024,0.013139626107830288
-358.34702,8.269546,164.28372,6.0238605,-54.352406,6.603267,52.172726,6.201011,-44.51609,5.6254005,39.493538,4.841842,-25.483614,4.6918073,24.208082,4.6682286,-14.635857,4.2433877,5.210463,3.928145,0.0102401525,3.9699147,3.221032,4.1264997,15.277942,3.784823,1635.6617474763648,121.92470346514958,1765.0781450586426,78.21633968405719,0.00046478483,0.0013055034,3445.8620713094547,0.008824792,0.0008415477,0.08663083671693736,0.009374679843161402
-356.7161,13.020806,176.74202,7.920111,-46.492664,10.519933,61.562515,6.4418664,-31.211412,7.147722,34.249348,5.7538543,-21.60415,6.0390773,19.03317,5.293939,-10.03562,5.1478143,3.9629579,4.266426,-2.984586,4.6209197,-6.1898136,4.2667713,7.645767,4.3471684,1335.623150158431,156.04285428920326,1592.3386718964598,118.01659914197025,0.00028236976,0.00053847925,2847.353934799159,0.010273322,0.0010951334,0.06193241553074246,0.014334364883431854
-369.05072,11.703192,169.69225,7.7061715,-37.7895,8.004654,61.871956,7.56294,-26.410027,6.8696427,38.920815,7.0853586,-15.742509,5.848726,20.24988,5.685656,-9.625698,5.4275765,6.171363,5.498478,-1.3564386,4.497507,-5.798239,5.0638347,7.6715674,4.9250402,1317.1637159237523,169.41915258779434,1658.3399341345194,129.72608342088552,0.00023770759,0.00022546771,2929.9894753299013,0.009989391,0.00092030456,0.054991118039443156,0.014016848479068887
-357.73868,8.66561,162.07834,5.392616,-54.9159,6.6458783,53.382175,5.8066044,-45.905895,5.236974,41.003693,4.9461164,-26.961128,4.425434,25.556246,4.11303,-16.10541,4.439698,3.923204,4.137834,-0.59403694,4.82626,2.3290532,4.189225,14.7295685,4.1996202,1698.4153126477174,122.84513931504648,1811.6793956626425,71.98076995483949,0.0004319117,0.00019402948,3629.393908153277,0.008603427,0.0008169365,0.09035468931264501,0.01031854964279768
-354.9119,8.281562,176.16737,6.9637322,-49.69024,5.946406,60.09309,5.691933,-31.524567,5.0506225,37.309372,5.545675,-19.447737,5.323798,19.048977,4.314942,-11.330014,4.6262417,5.536579,4.024742,-0.2561224,4.23741,-5.6140285,4.2472897,6.346167,4.197762,1362.1585359624833,136.69436046406196,1606.974289790408,113.34469246658533,0.00030585867,0.00053730624,2911.204128752175,0.009900364,0.00077373534,0.06318993800754061,0.008653276389697625
-349.28677,8.76778,173.61586,6.3902326,-54.467598,6.038774,65.28302,5.31499,-33.07443,5.2130427,39.712513,4.9889565,-19.637802,5.2716947,20.795513,4.893325,-10.982569,4.3069415,6.1859775,4.5510683,-0.18932094,4.1416044,-4.8540697,3.9302716,6.742401,3.8379047,1433.2127171765756,131.6683267649025,1644.721217228304,99.42322165327933,0.00032416318,0.00044430615,3089.415116099913,0.010135316,0.0007306954,0.0682517492024362,0.008569948613652203
-357.30466,8.163005,164.41687,6.110411,-56.085377,6.20809,52.798553,6.096128,-47.107876,5.172286,39.64364,5.157406,-26.25139,4.553464,26.967253,5.0608664,-14.304381,4.1092477,6.4106297,4.334527,2.3731213,4.475312,4.1805043,3.941717,14.93952,3.7707067,1660.8636499786617,126.10943653494421,1779.2957746506245,86.52719038195404,0.00039802893,0.0002038909,3502.942545950551,0.008977667,0.0010345374,0.08662517220127611,0.009139571300936443
-365.4024,10.405581,164.35925,7.618118,-42.081886,7.3973618,61.471107,5.883754,-26.72054,5.5167594,40.508472,6.095881,-13.9593315,5.4156547,23.734865,5.8334537,-7.0953336,4.5931993,9.402239,4.699036,0.88124394,3.9722397,-5.858009,4.493473,7.120458,4.4029956,1391.1439464135883,162.44007628269605,1709.4314510951565,123.9827161993764,0.00028971425,0.000666774,3130.5330422527554,0.010005941,0.0009370989,0.05652733468677494,0.011632682572248532
-353.82614,8.895166,172.77847,7.0013156,-50.56677,6.27749,62.707523,6.074579,-30.10295,5.525115,38.941193,5.5945325,-16.658255,5.391248,19.241282,4.886411,-10.152095,4.3982053,6.3226113,4.429995,-0.38747224,4.1039186,-5.026076,3.9817193,6.8837447,4.282996,1383.8592388536274,131.72672971047245,1627.735144159519,105.23029489979544,0.0003465829,0.0013802864,3004.631251359484,0.010209736,0.00085224415,0.06149624782482599,0.008622029382414428
-355.21313,9.086855,173.10017,6.698925,-46.430973,6.1629405,60.058548,5.7035937,-29.672976,5.702043,36.23684,5.440296,-17.514013,4.984582,19.2999,4.721347,-9.671972,4.2622585,6.107856,4.60211,0.69629747,3.969259,-4.5118995,4.249827,6.8501115,3.9988642,1351.430472580503,140.18356044079334,1619.0359374874988,104.81025141755183,0.00029564873,0.0005407088,2928.3407614015373,0.010088713,0.0007828459,0.061416944605568444,0.010610100239063825
-353.33276,8.7940645,173.6965,6.246753,-51.12631,5.9609733,63.300755,5.150433,-30.767057,5.6073956,39.846138,5.3083763,-19.89576,5.784825,19.3948,5.198544,-11.200139,3.9242656,5.329975,4.2695684,-1.1367385,4.1208487,-5.694311,3.7090764,6.821962,4.0401316,1392.9210638547904,124.81266409681204,1638.6641762486524,107.67084632735568,0.0003084675,0.00045064665,3018.2706120395883,0.010084428,0.0007849655,0.06329982961136892,0.00973673674455377
-369.69083,10.032941,156.23213,6.6199484,-47.32507,7.2728343,53.376038,7.4476843,-41.42053,5.762162,35.802322,6.4658985,-24.566628,5.684861,22.302832,5.5503035,-12.126493,4.8758836,6.0948963,4.527214,-5.3913555,4.928093,-12.893743,4.594239,-1.2515388,4.1030526,1612.9727566203135,138.56439270455635,1798.3148251869716,96.81463143292083,0.00022826405,0.00014171343,3522.3773858939967,0.010645817,0.0008476537,0.058693445475638054,0.008739390115145606
-346.0184,14.924032,169.1708,8.671305,-46.594357,6.860059,55.58683,6.580715,-29.308783,6.593028,35.7953,5.1911683,-18.214176,5.647799,16.749178,4.9404573,-10.75852,4.5517416,4.9720054,4.1531587,1.3121694,4.127097,-4.0936666,4.283737,7.5480523,3.8326647,1414.9992725445484,173.05565132313447,1638.4406738199732,112.58369147671903,0.00035949773,0.0009084148,3006.005179633121,0.010234945,0.0018880804,0.06636546548723898,0.012708138176296372
-332.15903,18.282213,131.23459,6.3275027,-76.13811,5.0559,76.14596,5.2140446,-59.608116,5.012195,43.77632,4.4266024,-39.222347,7.5524626,28.868847,4.9799147,-25.892843,4.996465,9.216666,3.848486,-6.086555,4.2955613,-2.6003394,4.234797,7.779464,3.7349584,2575.6098822677523,192.7981749236049,2092.1365702800854,100.3812659822845,0.001631688,0.0022305497,5107.8156721287705,0.0070728823,0.0011046272,0.19121025775812064,0.021922304697911406
-350.668,8.654087,174.61478,7.0657454,-54.27563,5.795437,65.36502,5.492016,-33.826687,5.016509,40.854008,4.6477547,-19.135353,5.0238833,20.569609,5.0811825,-11.801949,4.5133944,6.7767797,4.538051,-0.2817737,4.1742887,-5.4850507,3.9001834,6.5336485,3.885299,1418.7410615656295,137.50122254721828,1646.4910858177273,112.4393006007605,0.00032370508,0.00041078866,3081.9209618800755,0.0101156635,0.0007070268,0.06600180358178655,0.009231985152909385
-335.73535,17.42727,161.77774,9.213682,-63.69837,5.973509,59.34431,5.093663,-38.34442,6.244065,29.290976,4.964045,-22.465384,5.164436,16.60269,4.426804,-11.077407,4.4132338,6.5260034,3.9797256,0.044290416,3.6525779,-3.1829617,3.5371618,7.7051563,3.9412684,1688.3422508471706,134.97792474954773,1675.3532779390687,99.89351497044325,0.0006433055,0.0017931877,3470.7426633193154,0.008923803,0.0027037535,0.09736735970127611,0.012625449558472055
-355.3822,7.82072,163.47499,5.9005475,-53.353905,6.1167355,51.74798,6.4530506,-46.45621,5.16399,40.948864,5.241478,-25.606298,4.779187,24.93842,4.2524076,-15.681112,4.677525,4.8221874,4.388701,0.4902645,4.21087,2.8499556,3.973211,14.936592,3.9822297,1663.5112071286983,116.48452145848225,1797.211626518308,80.63660835836006,0.0004724822,0.001149458,3562.1713448013343,0.008905823,0.0006872266,0.08721994634570766,0.008171891093648818
-351.66708,9.542423,170.96391,7.1824007,-42.06112,5.80721,56.032326,6.457837,-28.255085,5.035347,32.475525,5.518828,-17.799465,5.637227,18.189705,5.396033,-7.4454966,4.631608,6.3103185,4.38926,2.4369419,4.5632477,-2.5988207,4.318052,6.9610972,3.9550538,1343.1066222663283,137.14109278702293,1618.2237169348025,117.47190282740482,0.00027680365,0.00030709413,2894.617067412268,0.010224841,0.0011794134,0.060848227233178655,0.009730550574807975
-336.87622,6.032281,161.29407,4.4256573,-59.805992,4.751847,70.69119,4.805049,-44.0333,4.5117855,46.503174,4.041555,-27.532024,4.0066614,26.962202,3.7495086,-15.1665,3.9539328,8.816354,3.548289,-2.1056638,3.3456388,-4.8345327,3.3979192,8.547467,3.6183145,1777.027296645163,93.98181092552626,1882.0839098206925,54.547975166135465,0.0005890131,0.0005825508,3910.424691397187,0.009333339,0.0006114836,0.09126554343097448,0.009698286725742189
-353.59723,9.722435,174.2479,7.143138,-51.164337,5.969636,63.289932,6.197894,-32.62577,6.278769,39.749897,5.7521296,-19.583076,4.756845,19.426237,5.125519,-12.908203,4.600034,5.0654497,4.402401,0.75891525,4.196131,-3.9306817,4.0928764,7.448854,3.808007,1399.2129844791746,142.59476196311576,1639.0988733243223,116.9485940345482,0.0003175883,0.00062478805,3027.838148926914,0.010163418,0.0008067492,0.0639716411687935,0.009725833310541864
-347.7231,10.564926,170.40317,7.267474,-46.100475,7.649161,56.884785,5.691005,-28.491053,5.7518883,33.469067,5.53291,-20.040682,5.1915154,15.230559,5.561874,-9.396887,4.996833,7.865476,4.7851443,3.0015311,4.09132,-5.242904,3.8996959,6.903279,3.745298,1394.7764659883717,131.46964894780535,1619.338367430507,108.77260480808464,0.00029859776,0.00030869202,2962.6639877283933,0.010154201,0.0013394702,0.06577635585846868,0.009523488446924414
-360.92773,8.310994,167.21246,6.00541,-54.915432,6.889923,50.88489,6.162384,-45.60198,6.115462,37.907753,5.211465,-27.785578,5.188206,24.901463,4.9856844,-15.472393,4.4708486,5.826423,4.05312,0.19138552,4.282757,4.0915623,4.179251,16.294262,4.303391,1610.532114902695,127.93517634707985,1747.4232968471197,86.12319559084372,0.00040009464,0.00071777013,3338.071153114124,0.008852739,0.0007083297,0.08520224586716937,0.00871446954608128
-364.38254,12.715758,166.75108,9.106762,-46.449318,7.3935843,55.594368,8.157969,-29.878517,7.194619,39.76439,6.6244407,-11.101441,6.464146,23.581213,6.073808,-10.366224,4.78783,3.5436213,5.5819507,-1.9318534,5.059126,-3.965222,4.4684434,7.7702937,4.525972,1416.2381168204704,188.80933541512172,1661.4964857514556,135.84994703045686,0.00028895886,0.00040141196,3073.5275091538574,0.009758773,0.0016020224,0.05894948158352668,0.012080813147480001
-348.001,7.3357153,152.50038,5.6835203,-50.587875,5.480115,68.2264,6.05476,-30.89357,4.9458666,46.524178,4.975754,-19.72044,4.8127885,27.320768,4.5159607,-9.914297,3.9525032,9.7477045,3.8276882,1.2150503,3.4617932,-3.9372983,3.7289212,8.517553,3.4356635,1693.999846311985,120.24005995567468,1890.6988574622994,73.21618887419743,0.0004968561,0.0013781409,3816.8227051914155,0.009727491,0.0010051803,0.07524855894721577,0.011017203546985791
-353.55515,8.494516,174.64825,6.6045957,-52.386185,6.507702,64.91244,5.1698837,-31.6062,6.313065,41.101376,5.2899528,-19.762724,5.4950323,20.721773,5.088911,-10.9283495,4.38571,6.2912717,4.22519,-0.10229322,4.085665,-6.1658287,4.0185413,7.136833,4.188827,1394.6472024454772,136.0060339663848,1637.9331671600632,108.01587377829728,0.0002772955,0.00013743086,3023.5165199934745,0.010209524,0.0007770236,0.06430018307714618,0.009241669644171821
-326.90002,17.703264,159.77989,5.882271,-69.59244,6.3206077,64.22875,4.715,-54.009144,5.530455,37.83714,4.335935,-33.178005,5.0948315,27.05281,4.4995747,-13.58841,4.1741323,3.8055792,4.4296193,-3.8642464,3.892391,-6.33875,3.6772106,7.935032,3.4327033,1917.0534821701597,132.42013031423716,1841.57434205083,74.09877419219879,0.0007833339,0.0012762473,4071.6239486658933,0.008990107,0.0015639516,0.1143337170098608,0.013587019912574312
-362.82968,10.048837,168.66443,7.7380323,-47.175137,7.4637656,60.832508,6.6801424,-30.580996,6.8180137,43.59168,5.7852798,-14.012784,6.1726637,23.902304,5.6560373,-11.181675,4.893631,5.140264,4.4532285,-1.1401663,4.390305,-4.299447,4.282981,7.8305244,4.143156,1418.5088041588754,165.35854279702374,1691.8567482118467,122.29951052685537,0.00034877443,0.00096256455,3122.938965976653,0.009716337,0.0009925283,0.06077458852958237,0.010953993108101285
-368.42453,10.611038,169.75282,7.548072,-42.870464,7.7773466,63.08036,7.1537,-30.004107,6.399964,41.46393,6.3719754,-17.405716,6.112757,25.128868,5.0368624,-7.426613,4.838795,9.045032,5.13382,-0.4210518,4.418969,-6.5529428,4.6668334,5.2318826,4.222413,1362.2255645377454,158.9948644229013,1693.6835158384938,127.50150669268152,0.00028846654,0.0009216003,3036.381484737529,0.010118415,0.0007999032,0.0553797038138051,0.010613523167356871
-361.9826,8.264035,165.06085,5.4830008,-55.689205,5.762836,54.21806,5.435781,-46.720028,5.902774,40.09906,5.2529035,-29.117817,5.1392674,26.294424,4.771008,-15.143026,4.750744,6.0396595,3.9865277,1.1848334,4.5448627,2.52573,4.098329,15.026306,4.2653785,1664.3160527017278,132.7302180515239,1798.4814826262923,94.0112697825516,0.0004220675,0.00043202477,3557.2501835303074,0.00863393,0.0007401854,0.08422228465777262,0.008675404850913044
-356.31302,8.471479,159.54535,6.3035583,-48.685253,6.0904536,53.12086,6.6338696,-43.581505,5.479769,40.786575,5.2775474,-23.670406,5.116926,27.63836,4.701753,-9.235859,4.504187,8.568799,4.3147807,-5.0623665,4.168787,-6.936767,4.250581,9.972459,4.119564,1664.0141420363673,143.5038334456275,1833.760875853773,84.71225354661044,0.00042679222,0.00069962756,3640.834983595563,0.009243518,0.0008314627,0.08294890153712298,0.010298390204318723
-341.63702,9.968689,166.84116,7.2227206,-52.474995,7.739736,59.83944,6.3542695,-31.840878,5.628451,34.898083,5.623361,-19.622368,5.004613,21.450886,5.0822887,-8.42867,4.8251276,5.6659102,4.9389024,-0.9519848,4.7276287,-3.3207464,4.3516583,9.291863,4.112721,1501.254850399492,153.90279051081734,1674.7807785509738,112.99199129818874,0.00038792493,0.0006460939,3190.5612175536544,0.010062412,0.0011689357,0.07439095127610208,0.014464553510942169
-360.37833,6.0041738,144.27544,4.99666,-38.780922,5.9217525,65.4612,5.6324396,-39.407005,4.5046096,53.313225,4.9310284,-21.433992,4.58208,27.885939,3.9623144,-10.633483,4.15704,11.774602,3.5344543,-4.905974,3.4276006,-6.9717493,3.6225681,3.6508086,3.4378421,1888.6564929943663,111.58330504316554,2103.7684793419494,63.13372976955091,0.0005704154,0.0013869067,4547.128033914588,0.008842964,0.000944446,0.0840829375725058,0.012827812089715883
-362.68707,8.861741,177.6469,7.2069893,-49.357475,5.0682654,65.24589,5.4065757,-32.469864,5.3127418,38.106388,5.075472,-21.433308,4.9690266,17.885384,4.9076495,-12.810302,4.525066,6.424911,3.8675275,0.20534532,4.1516023,-4.132366,3.619797,7.7420316,3.697399,1345.330555754934,140.15728576287069,1613.3415559187486,120.56825657371559,0.00027987678,0.00034041557,2925.2431776573376,0.009696916,0.000641991,0.061198294301044086,0.00903920669942288
-357.99957,7.096462,174.29778,6.7172203,-51.61172,5.7037,65.527824,5.264925,-32.65216,4.9070826,41.15211,4.9407597,-17.816538,5.0847535,19.460878,4.3929434,-10.852768,4.2980576,6.3553386,3.254285,-0.014661988,3.4768891,-4.258371,3.3931937,5.8161707,3.7402291,1387.7017113022173,120.59494683793453,1641.416445436494,101.05789602841503,0.00034710293,0.0010093481,3046.523573448376,0.00981297,0.0007846844,0.06304152769721577,0.00886289069457178
-377.34155,10.605713,166.30249,7.1839123,-32.536983,7.9171453,63.8593,7.3264356,-25.403255,6.029003,35.559303,6.3523726,-14.377975,5.510137,16.472036,4.9590406,-7.348523,4.507055,8.335307,4.6136065,0.31488982,4.3411393,-3.4844804,4.3677077,7.7046895,4.271934,1301.8504214037846,165.83520190117466,1667.3998646288999,115.66245973556805,0.0002456982,0.00058299536,2985.820924267691,0.009593858,0.0009735331,0.0519594692575406,0.01456748478259523
-357.16364,7.462301,176.39719,6.0331383,-52.287567,5.94109,66.56876,4.822076,-34.66512,5.0306196,39.391426,5.010857,-19.509357,5.4189696,18.721811,4.5425773,-10.327916,4.06488,6.112243,3.759295,-0.44111806,3.6377268,-4.6172123,3.343669,6.783282,3.5188978,1380.3974754466706,114.95003518839816,1625.4534148215312,89.79822320532452,0.00031849148,0.0005799083,3040.62817212877,0.009849388,0.00073769403,0.06359551732888631,0.009199274864421082
-353.01434,7.274921,136.22298,4.7787433,-36.427353,6.0943584,70.0031,4.990072,-41.65611,4.7396894,30.680443,4.855319,-15.101546,4.6267853,22.449558,3.9072797,-18.687063,4.3384495,14.932085,3.9695175,5.7558193,4.124218,-3.2352145,4.2116833,16.064362,4.789297,1913.9617013530715,116.1721855144054,2000.7364372643092,55.03479121527553,0.0005100522,0.0014375593,4148.81373713022,0.009892277,0.0018604336,0.08471509752030162,0.012709460345483368
-364.1425,6.6068106,159.07954,5.4691443,-45.067085,6.238522,64.20875,5.879341,-40.90143,4.7680273,46.406956,4.919056,-26.743393,4.440915,24.364569,4.1847253,-14.387565,3.881226,9.971836,4.223376,-4.5561247,4.0826526,-6.232636,3.6098762,2.6272318,3.950342,1683.2797937655414,111.29049345793361,1927.5934829745556,60.5997144348498,0.00045668817,0.0008197647,3902.1811217553654,0.008732302,0.0007816481,0.0750027189675174,0.01126022828398947
-365.82947,7.5421934,181.08545,6.4680147,-48.117363,4.736517,63.94595,4.96971,-31.676022,4.7190824,37.17892,4.6678743,-17.562866,4.6383004,16.951994,4.187105,-11.070351,3.8540351,5.239097,3.554326,0.29433995,3.3675516,-3.8723145,3.3749943,6.175157,3.5991693,1274.5019173769995,120.62625547760089,1554.7255002424151,99.80653439765479,0.00024420855,0.0003133647,2766.367108196781,0.009819442,0.0007734311,0.057116444315545245,0.008683277345538414
-357.0108,6.672738,157.80414,5.200688,-40.554565,5.479891,49.8212,5.3653865,-41.806934,4.570412,35.401318,3.9877868,-25.432497,3.7522092,23.575287,3.9424574,-5.998388,3.825549,11.84381,3.5178254,-0.8141145,3.4748824,-6.4550076,3.157381,2.380952,3.54696,1615.7854495057597,113.75804364291646,1827.9615112628076,72.80545035379271,0.0003617975,0.0005304163,3598.418070711282,0.009646068,0.0013340464,0.07912082185324826,0.007590640364538539
-386.2706,8.664123,168.81453,7.446626,-31.324429,6.0027785,66.86679,6.5463376,-29.101318,6.100402,40.63722,4.8376117,-13.515288,5.6571727,18.590813,4.9878225,-8.788676,4.2559123,10.628599,4.463566,4.473444,3.763662,-3.860291,4.2776375,6.6062098,3.9645422,1254.7960339369395,152.5944691452863,1675.1468586470135,126.41978675209084,0.0002293258,0.0006005362,2951.847425137761,0.009589757,0.000845286,0.04689539225638051,0.01194603544675554
-402.07574,11.513967,158.89287,8.038286,-25.516745,7.170409,61.31955,6.7971354,-23.913134,6.7449374,38.417732,6.601435,-8.84926,6.483367,20.614744,5.578598,-3.3665555,5.1654053,10.214381,5.0696774,4.540232,4.7963324,-1.1436265,4.734725,8.380471,5.146057,1251.5837469038165,196.47580397778557,1707.3362234986666,148.61407339179397,0.0001676224,0.00025478765,2983.6226390298725,0.009903903,0.0014273352,0.03621778023491879,0.011985254937185354
-338.76117,10.869531,125.3401,8.511945,-90.38225,5.0084195,80.27938,6.8576064,-50.925102,5.1155877,54.65281,4.3606305,-35.385666,4.289557,28.0337,4.2809887,-16.797867,3.3962672,13.677639,3.39973,0.71530306,3.501618,-6.6914506,3.418323,7.321922,3.1629202,2645.738897513716,151.71355356234594,1976.501803591681,54.27536987060907,0.0018918102,0.0028124615,4994.803826493619,0.0066197594,0.0011270801,0.20208952653712298,0.021928664712154166
-374.67636,6.1778398,151.69504,4.407492,-34.149845,5.136653,55.366455,5.501786,-38.14488,4.04881,37.487125,4.401362,-20.719217,4.382159,22.256159,4.0912375,-8.481443,4.2852416,11.216186,4.221099,0.1751487,4.112475,-6.6593676,3.727757,-0.5963641,4.0031443,1591.5624814886937,98.7053457437559,1875.3943754473996,67.42006084026671,0.0002964678,0.00034631699,3721.3721609447507,0.009328689,0.0010647508,0.06480092626160093,0.00653848484116765
-377.00333,7.756369,171.74707,6.6024985,-39.597794,5.5580254,60.707108,4.530508,-30.324444,4.402618,42.103313,4.754682,-9.809945,4.9772463,23.065668,5.0450854,-9.028018,4.7518287,4.529551,4.207023,-0.20781334,3.5771568,-3.088607,3.3513405,4.8544493,3.7625062,1287.4725166909275,121.55095061196808,1637.0367422974466,104.32659758579454,0.00024070103,0.00038846905,2882.451557062065,0.00945536,0.0009273401,0.0512763286687935,0.007880458878418376
-371.92923,7.3899136,161.40767,5.5239453,-48.724846,5.7421947,48.76744,5.577938,-44.283146,4.6391473,39.073524,4.513139,-22.77786,4.261309,24.694881,4.1073694,-10.920559,3.797971,4.6366243,3.945634,-2.2956948,4.1919227,3.1204543,3.9875927,15.503881,3.7367916,1627.478787220018,117.23614583778105,1781.1660037241127,72.18229657690767,0.00044055178,0.0007843396,3493.8246583164155,0.00797649,0.0009560985,0.08605192321635731,0.00862737430622945
-381.58774,7.0094204,163.4189,5.7380877,-44.105278,5.647158,51.18279,5.329214,-45.274162,4.643972,38.505177,4.599544,-23.42084,4.2473383,26.171125,4.1295843,-9.911591,3.8446302,5.13183,3.8817732,-5.116895,3.8442783,-0.63379663,4.096565,14.788744,3.8263628,1563.450812437161,124.60495858546122,1785.0050684509129,79.97627068074279,0.00034691804,0.0006885878,3415.3608636347158,0.008287327,0.00094538723,0.07583766857598608,0.009638911487544258
-368.01486,6.3468328,164.45425,4.9494276,-47.382355,5.0920644,51.513992,5.0738792,-44.7173,4.456008,41.28627,4.275075,-25.111065,4.3564677,22.519676,3.728979,-15.568233,3.5913718,3.3109314,3.7498298,-0.6366438,3.6251788,4.4659066,3.7314978,14.103449,3.5246606,1600.490520032322,99.15060638370194,1789.028288562212,69.15735529907661,0.00039381493,0.0006521003,3485.1064589073376,0.008445352,0.0007756044,0.08362864341647332,0.0077929059069539175
-359.3397,7.6494102,153.43968,4.8986506,-41.285522,5.7484865,54.111015,4.596225,-41.571762,3.983703,38.04403,4.1783686,-24.052832,3.762325,23.788578,3.4267056,-7.3626885,3.5717068,11.034969,3.7712667,3.372105,4.081173,-1.5717429,3.5546,3.2115936,3.7995517,1667.727791922007,116.26881618010158,1882.3079753209072,66.20239033838924,0.00041664607,0.0009991212,3847.22399080989,0.009487612,0.0012153387,0.07320480169663574,0.007834506567115249
-353.20752,9.4520235,116.16631,7.150574,-94.87433,5.2637205,81.40649,6.238894,-49.029354,4.1198807,46.25544,4.2556596,-31.76794,4.3566775,26.782694,3.9322605,-18.857393,3.8728683,8.424718,3.8199944,9.321016,4.145833,-4.5926285,4.623061,4.5459776,3.838533,2672.341542959455,134.40063217805314,1849.9788492627808,50.012552278220355,0.0014367793,0.0021241491,4895.381380510441,0.006413496,0.0006854167,0.21509865320475638,0.018086642354541865
-368.2914,6.735478,174.62318,5.3424177,-45.572586,4.706921,63.876278,4.2215,-28.570744,4.6854086,39.08264,4.6850023,-16.198084,4.7667556,18.270739,4.512484,-7.9708447,3.816804,5.9680285,3.4800365,1.4244037,3.6730359,-4.1146436,3.5403407,5.70081,3.3975406,1291.52392980342,103.6603526073164,1602.296448988962,91.12147957315184,0.00023282896,0.00027723907,2864.490567448521,0.009897187,0.0007583228,0.05247720598897912,0.008265066053605082
-375.9228,7.337033,170.79999,5.8045206,-43.43731,5.4303346,58.891468,4.379798,-30.875992,4.948536,44.69574,4.880134,-9.618319,4.9790506,22.098429,4.8430715,-9.818134,4.071256,4.565803,4.027016,0.8168117,4.042302,0.43202943,3.9897602,8.838721,3.6383705,1324.6128303471255,121.4690225244408,1650.3643192015643,103.64246542101348,0.0002737542,0.0006123121,2951.822444623695,0.009330345,0.00096552307,0.053410718169953596,0.008836142744567269
-380.91742,8.140227,170.8274,5.826106,-40.82178,5.2747817,58.209183,5.0074697,-29.66538,5.02618,44.79055,4.853326,-7.5604057,4.807894,21.02604,4.663516,-10.633373,4.054781,3.151732,4.1165576,0.8208147,3.924443,0.32860726,3.5816963,8.857077,3.7911875,1287.4697073442649,119.59014182997579,1626.6310776967464,96.74956104643982,0.0002279932,0.00029824,2857.945672763196,0.009371886,0.0008430962,0.05465691161542923,0.009167044168763497
-376.63226,8.678531,163.18648,6.8098335,-36.81253,5.615281,53.580826,5.44126,-25.418816,4.8307905,42.124783,5.0654926,-4.427407,4.8777175,20.8815,4.4474034,-9.045328,3.9514186,3.2250476,3.8305655,1.5955327,3.6176705,0.42226574,4.294322,8.095664,3.6829278,1324.429115806249,145.2970414011731,1658.0858726824083,107.11524443068667,0.00025160698,0.0004512217,2956.4438397259282,0.009370721,0.0012483944,0.05382536071635731,0.0114878971862053
-384.83585,8.452666,166.9518,6.590526,-34.14285,6.005815,63.36599,5.9131727,-25.078274,5.5162725,40.86589,5.389545,-13.183034,5.2708955,19.868597,4.999841,-7.328932,4.2593594,9.544791,4.330477,3.185197,4.0334983,-3.8087971,3.7398736,6.571677,4.189068,1268.7205622747715,138.6258673346862,1672.1308189311958,118.26328402966546,0.00022294457,0.00034456284,2929.939514301769,0.009418377,0.0010092546,0.049384380437935034,0.01232964466725601
-367.629,7.744792,156.72255,4.8909817,-41.235,5.331005,47.598446,5.4597836,-39.736813,4.3142667,36.11506,4.565319,-21.738482,4.419667,23.731468,3.8722272,-7.466175,3.7839227,6.0744905,3.8080919,-4.2859907,3.8529298,-6.936707,3.9158807,7.7828426,3.6061544,1604.027208740147,111.16211489825949,1799.7208732307993,72.05061091695651,0.00035310877,0.00025367222,3507.3640969402554,0.008665252,0.0012294113,0.08136510295823667,0.00746881544563631
-360.66418,6.521686,176.44008,5.452553,-49.502655,4.693951,63.979008,4.1576085,-32.536385,4.4693866,38.035454,4.560565,-18.536312,4.432949,16.423338,4.285536,-10.729023,3.7642875,4.2767987,4.0265775,0.93188775,3.6035912,-3.728211,3.61317,6.364526,3.3281097,1340.2787500127051,99.16326750913503,1598.1110297284777,85.25225243693225,0.00029521354,0.0006679365,2931.8630138848607,0.009771954,0.00083008077,0.06006199245939675,0.007669543017236423
-366.29248,5.709062,175.69032,5.300094,-46.556236,4.497088,62.665173,4.144348,-27.768764,4.2183948,37.15605,4.16253,-15.625463,4.2800984,17.263523,3.8678873,-8.100249,3.8445716,4.8413014,3.7580235,0.49990803,3.692031,-4.4190483,3.5629306,5.699711,3.7367597,1283.3059272781134,94.52624404128073,1574.328104753904,77.81358172121573,0.00025363438,0.0004785567,2808.259430285673,0.009825877,0.0007905301,0.054618392908932716,0.00846186865111407
-348.84427,14.229327,141.59299,5.5841217,-81.53953,7.0824227,60.641445,4.7415037,-42.930286,5.292681,44.007088,4.319582,-27.396107,3.9457426,21.855423,4.229,-13.833519,3.7939992,11.37309,3.8734233,3.9885898,4.4649577,3.1477559,4.250812,8.410109,3.260187,2116.7789770129853,100.11462827838479,1800.4528772884562,81.676211973753,0.0009032727,0.0017800682,4099.3023582511605,0.007478646,0.0013278848,0.14147014573665892,0.013195961340364217
-389.53278,10.89093,163.08516,6.8724675,-33.111916,7.2346144,64.56097,5.9333315,-25.377653,5.301232,41.36745,6.084017,-14.17188,5.8607793,19.729322,5.4378147,-9.499274,4.80185,3.9412158,4.5124907,-1.5844061,3.994463,-8.003037,4.372093,5.3981657,3.7302153,1317.114529302824,161.62126040093625,1705.8268830514628,127.16853559419795,0.00019472031,0.00019887542,3058.2144540313225,0.009631761,0.0006750321,0.0444267963312065,0.008737297398946168
-369.1596,6.6942897,154.65828,4.486888,-35.507576,5.102902,48.761715,4.682141,-41.13993,4.571464,33.782917,4.5073624,-23.494661,4.3831525,21.459366,4.1225553,-7.788615,3.772989,9.593029,4.7264576,-3.9772582,4.2206826,-8.2940445,3.797546,1.0695844,3.8109846,1606.7656742086392,102.80066018716742,1841.3374899802934,61.195562454840484,0.00033929004,0.0004144203,3625.946597212152,0.008908573,0.0010403803,0.07509788283062645,0.008505701063229646
-332.52988,12.8968725,149.8798,8.859355,-88.39572,7.7823715,58.578106,5.449297,-53.22152,4.14832,39.198616,4.6380606,-33.088764,3.9429872,24.317553,3.9176955,-14.232277,4.081529,2.6523788,4.052393,-8.552974,3.1722875,-8.920081,3.212496,6.1981406,3.8113868,2095.03628442314,156.02746602849479,1775.0595334789211,124.23233627343402,0.0010055895,0.0016242409,4096.054891422564,0.00790662,0.0016461635,0.14250108758700697,0.014396259112981242
-369.21503,6.089316,166.25087,4.7550826,-48.712868,4.9094043,51.437515,4.9209566,-46.255257,4.822284,41.893154,4.1693583,-24.980532,4.1865754,26.486807,4.2451854,-12.835523,4.022355,6.8120146,3.546781,-0.005337071,3.6362786,3.905894,3.7280924,15.814659,3.551589,1577.7486180616431,90.25854465485023,1787.1061733422614,62.86059019268561,0.00036854483,0.0007405441,3420.756654672999,0.008949476,0.0007118271,0.07667714979698376,0.006860432214175468
-363.5256,5.3198943,158.7784,5.4371457,-46.33769,4.6246333,62.187145,4.2411313,-30.869322,4.269338,47.464973,4.037623,-13.825685,4.272529,25.70419,3.8701162,-10.2284975,3.526389,6.5040784,3.6523376,1.8880187,3.0189493,0.14373793,3.3652585,9.713831,3.414256,1531.6245117511226,121.27852571291304,1809.1641602351604,84.65902412631827,0.00038430723,0.0008685417,3512.709926950406,0.009285985,0.0009216277,0.062313070983178655,0.010159680617805034
-377.6981,7.9234357,169.02487,6.0584383,-37.120308,4.8642616,57.53538,5.151869,-29.582298,4.865457,37.966152,5.64078,-13.85399,4.323107,15.476171,4.9835477,-11.104849,4.101628,10.035956,3.9482412,5.359142,3.8404417,-2.024138,3.6491678,8.167834,3.6760693,1307.1941735010548,139.6487040730445,1653.718384701963,111.33757429702041,0.00021788792,0.00015079729,2950.673340976653,0.009496488,0.0010525687,0.05402475166763341,0.0191317090346083
-370.81476,7.1944985,181.74535,5.7806325,-45.65794,4.544349,61.608006,4.501361,-31.487915,4.6387367,36.926983,5.0960107,-19.435976,4.495658,15.301341,4.3980327,-11.21203,4.0365725,5.283302,3.8354285,2.0600042,3.6370735,-3.2178895,3.3567324,7.19885,3.6691637,1240.791148412182,96.13009056908183,1542.0383565682205,96.86766946526811,0.00023236885,0.0003707701,2666.519993474478,0.0096875215,0.00067878416,0.05484384063225058,0.0068309109994209565
-345.6948,22.905445,135.1178,14.967921,-90.716156,7.722695,74.38968,8.2715225,-45.45676,9.545019,45.1985,7.2464128,-31.17654,4.583711,25.066805,4.7187138,-15.556468,5.4355364,8.649874,3.440684,-0.98608124,4.1025305,-3.2460232,3.6691892,10.305442,3.8303833,2371.376137186535,358.2992684328029,1821.9890316313197,103.27743690710432,0.0014852983,0.0034126516,4400.942065599623,0.0067207273,0.001489263,0.17947791292053364,0.03869438169371102
-367.4222,7.0309815,160.79286,5.112312,-41.748386,4.8567305,48.212044,4.531363,-43.207996,4.648918,38.642555,4.322781,-24.228275,4.2022223,24.998999,3.669474,-7.8895464,3.974083,8.941913,3.5184958,-6.152492,3.6861243,-6.084936,3.6240923,11.002327,3.2367203,1586.164859458098,127.6756867080876,1808.3910947290813,76.74090137953782,0.00034577213,0.00046697256,3483.2828813805104,0.009021023,0.0010702354,0.07889310832366589,0.007868710968397735
-375.92828,7.581039,169.81224,5.7873726,-40.78977,4.9965954,56.159576,4.622022,-28.676569,5.1596694,42.35219,5.0048823,-7.448366,4.6083145,23.220802,4.523455,-7.994,4.0945926,4.623215,4.174087,0.9414781,3.7772305,-0.8836846,3.926368,7.9240017,3.781386,1290.9813910483424,122.71479360861017,1626.023367363317,94.35238725520014,0.00022974102,0.00019878308,2846.204831152117,0.009447833,0.0012853494,0.05339372462296984,0.009611526671987159
-362.65894,5.7242274,175.42188,5.8414216,-47.89011,4.292757,64.81454,4.0916767,-30.919643,4.602268,38.841457,4.8173413,-18.242563,4.1840067,18.031736,4.3565474,-10.264612,4.1129484,4.4395175,3.4221056,0.5178005,3.6703956,-4.808796,3.3196597,5.147976,3.3574336,1335.9298872337201,108.68078099690794,1614.2134600922357,105.14026276254707,0.0002810746,0.0004387913,2939.631953759426,0.009713897,0.0006573086,0.058779546113689095,0.007189547164874403
-361.78052,6.137382,180.7179,5.242622,-51.778255,4.713767,62.461067,4.5984397,-34.98806,4.026522,37.48863,4.655439,-17.896564,4.18338,20.625835,4.499519,-8.477006,3.673229,4.9242744,3.8370423,-0.046018105,3.285788,-5.159069,3.2202547,5.37249,3.2934904,1312.421063624444,83.34601712990161,1568.4145701821092,73.98973002682479,0.0003031383,0.000760337,2819.850388812355,0.009678215,0.0007090367,0.0603520156612529,0.007342562390568544
-353.50296,21.90191,155.16116,19.183954,-70.219986,5.254587,60.23945,10.675685,-42.377647,9.309733,48.27918,7.4889665,-22.934288,7.356294,21.023233,6.963727,-17.344532,5.6566463,6.5570827,4.268618,-1.9928757,4.602112,0.31068218,4.2386026,19.358818,3.885589,1913.4338489158556,490.9674180536166,1765.3539091061743,237.52943033640264,0.0007473171,0.0013410675,3850.3215745540892,0.007978842,0.00084434217,0.12350230205916474,0.04422757545001522
-371.34723,6.521342,164.24641,5.0125155,-48.780445,5.155789,50.521767,5.3262677,-44.347782,4.604324,37.54473,4.4559226,-27.122795,4.2804885,23.78798,4.1811833,-13.667195,3.7531219,4.6075087,3.7514431,-0.40631485,3.551033,4.8962984,3.5732696,16.189545,3.742229,1601.2648714859931,90.64942709208653,1770.0330606438215,60.29627417028167,0.0004008616,0.0007254068,3403.270294826711,0.008318587,0.0007966662,0.08510141748839907,0.0072116235412429276
-392.0207,9.97734,169.16139,6.942488,-30.67361,6.732545,64.51769,6.1674385,-25.946255,5.960294,38.296917,5.9983716,-12.144465,5.4611955,26.075626,5.683277,-5.51696,5.131265,3.9489698,4.9353614,-0.9945249,4.361726,-6.4402156,4.2548294,3.5508707,4.3771806,1219.028858930344,148.35237940525639,1641.5762881265634,122.88033367926609,0.00017545518,0.00012124075,2771.7129382069315,0.009595506,0.0009942177,0.04517677820475638,0.008930033897842358
-365.85266,7.09433,176.16936,5.985378,-43.87488,4.8928947,62.741158,5.038795,-29.6379,5.5696025,38.066753,4.9493937,-16.333378,4.6325464,16.48804,4.406884,-9.331529,4.1493535,4.1844563,3.638599,-0.0647679,3.3871775,-4.462137,3.461588,5.7789207,3.5646,1283.6923848563129,106.31430937410624,1589.0053318535686,96.0110255378254,0.000273195,0.0008402252,2825.8956732163574,0.009892533,0.0007879231,0.05512026899651972,0.007106191406512971
-366.98282,7.144954,176.38258,5.8910184,-43.311184,4.4333224,63.93286,4.398534,-28.53857,4.4685526,37.222164,4.697223,-17.616095,4.294518,17.608677,4.48569,-9.00906,4.0516353,5.8626084,3.9223635,1.0624161,3.4543562,-4.9915595,3.4992855,6.190536,3.3268023,1272.1548031320517,106.9312734124848,1589.7391930558922,100.50689084145377,0.00023486168,0.00025604287,2808.4093133700694,0.009919508,0.000853383,0.053443572360788866,0.007571465996214924
-366.76358,6.6595464,178.21405,5.696929,-46.85792,4.7406178,63.769512,4.419931,-30.469385,4.7347775,38.094696,4.8229995,-17.918133,4.334723,17.778551,4.077458,-9.806435,4.023505,5.9143915,3.828024,1.2861048,3.722132,-4.2217546,3.4124594,6.9629655,3.556593,1283.5519926422164,105.2645292551251,1579.1029798880272,92.53534691827363,0.00023002925,0.00021920115,2807.4350733214906,0.009880515,0.0007288352,0.05437821744489559,0.008003332095991304
-364.27533,6.08848,175.01357,5.308979,-45.85248,4.357705,64.43043,4.435841,-29.497986,3.8041372,36.985912,4.5224366,-16.448166,4.0085607,17.367132,3.971698,-8.861268,3.4598389,4.66425,3.4276586,0.19465527,3.6432505,-5.580716,3.6110308,4.951393,3.2837644,1303.842644767167,91.38953492850189,1593.998374174797,81.53412256349365,0.00028552915,0.00068949186,2879.12914869127,0.009727165,0.0007521236,0.056968034005220415,0.007866734146849609
-364.203,6.377995,159.63577,4.8459063,-45.931004,5.171295,50.434734,4.769877,-46.48831,4.0930076,36.326878,3.9127753,-25.010746,4.3051505,28.327387,3.6260967,-6.4344945,3.70961,0.8152994,3.6083763,-7.0549912,3.712459,-0.86650544,3.4687295,7.628642,3.533387,1659.5195797354902,98.04201700972237,1830.261219321516,59.2227139682931,0.00045186252,0.0009306084,3743.1052081822795,0.008434213,0.00095496955,0.08149198810904873,0.009674862743269013
-362.48105,6.929725,176.23727,6.3891373,-49.36805,4.2440395,65.8353,4.45564,-31.409616,5.0694623,38.143654,4.8285327,-18.356522,4.652313,18.472908,3.9515643,-8.876151,3.6643586,5.2259545,4.05975,0.75804746,3.6056275,-5.0623946,3.3886778,5.351872,3.595939,1335.9624085881514,140.80971884411278,1601.6668835907408,109.47136439865001,0.00026516235,0.00021857793,2934.136240664878,0.0097254235,0.00077784836,0.05993624021171694,0.009461372394157102
-329.44363,5.964345,156.91487,5.2624454,-72.51277,4.4806952,71.79047,3.9808252,-43.966656,3.9529653,35.196007,4.0729485,-30.069082,3.7694545,25.145473,3.6934724,-9.508045,3.4530985,7.5593753,3.0212784,-2.7708106,3.1585133,-7.8050675,3.2117498,7.198416,3.2985837,1900.1471800244672,98.52248148640845,1779.4524365240154,39.05940861605701,0.0008093789,0.0013268575,3849.871925300899,0.0085514635,0.00095246575,0.1174877193300464,0.012645105459720403
-364.34534,6.3194046,180.1948,5.2067986,-49.680744,4.238643,64.473404,4.578689,-33.397385,4.446336,37.819965,4.0055566,-18.988203,4.381233,18.224323,4.160151,-9.559167,3.6711326,4.9042664,3.4689317,0.72393924,3.254723,-5.437789,3.3136544,5.760888,3.3386927,1303.235189322169,101.05667682695477,1571.9613764563946,83.73551043652535,0.00025150357,0.00016062225,2837.0869435179816,0.009607172,0.0006639614,0.05823915131960557,0.007373398881939519
-367.77502,6.1568303,159.73627,5.1150284,-37.10872,5.871041,52.857708,4.816594,-40.54239,5.166376,38.710663,4.794455,-22.113186,4.21724,24.351446,4.0329127,-8.066662,3.776824,7.215104,3.5165694,-5.663617,3.6989038,-9.468644,3.723919,1.9479207,3.6881027,1546.358033265811,102.87744524682672,1816.1767669810838,76.02463421758176,0.00032589724,0.00057335285,3495.748157899507,0.009318905,0.00097227166,0.07265874238689095,0.007454871569377794
-370.68222,6.77428,162.77327,5.3486085,-47.670017,5.2983375,51.212982,5.3180585,-42.83553,4.2398477,43.40993,4.6913366,-21.282957,4.1248837,27.549633,3.901712,-13.389415,3.8665702,3.7062552,3.7802658,-1.7607934,3.8762302,2.119545,3.5617874,13.702449,3.699393,1617.7742626602192,98.18260445030123,1816.1248024677245,64.44549562489918,0.00049440475,0.0013556349,3535.0674870395883,0.007862679,0.00081734953,0.0836886872824826,0.008791106102610066
-360.27356,5.904756,174.66492,6.1116953,-46.697063,5.0565114,61.6562,4.180788,-30.127949,4.6180997,36.62469,4.8615417,-17.016977,4.2337117,16.557192,4.1503763,-9.034565,3.8198721,4.558958,3.3169322,0.92436457,3.4168801,-4.6878023,3.5634742,5.106625,3.0531275,1322.6395079642866,104.48352248060672,1593.2022481068757,90.04630436160586,0.00034391347,0.0015060636,2883.7505437935033,0.009788903,0.00088455674,0.05882372933584687,0.008341677852179298
-378.33252,7.526077,171.05096,6.886043,-42.86834,5.5935736,59.4924,5.3015056,-29.539988,5.3050537,43.952057,5.3255715,-8.949323,5.301189,24.502886,4.5150514,-7.819064,4.0936623,4.0783477,3.9677517,0.43961343,3.7292163,-2.027114,3.6344724,6.4621077,3.780352,1303.6536527354094,149.82208228980326,1637.201568934299,125.08371522293055,0.00025783986,0.0006725855,2897.7396316705335,0.009429584,0.0010534942,0.05347755945475638,0.009403624079504019
-351.6133,5.8034415,139.95766,4.3013115,-48.80083,4.610821,71.91257,4.580788,-46.50038,4.068915,29.847054,4.0116706,-23.8036,3.7830496,27.410442,3.8653708,-12.930118,3.496316,11.821836,3.833369,7.041618,3.6311255,-5.2866774,3.636251,2.1810486,3.6030753,1985.3060246763935,100.13479591591178,1962.3658212483442,48.28224877001243,0.0006351762,0.001174277,4289.479011836572,0.008741367,0.0011448157,0.09843908606438515,0.011905539357042472
-375.24304,6.885113,165.29204,5.24269,-45.283478,5.534178,49.019573,5.390922,-43.786358,4.6798058,39.852283,4.7307816,-23.45413,4.1269007,25.960644,4.0589724,-11.252755,3.8730235,4.160835,3.8820643,-0.9168106,3.6938322,3.5179865,3.6974285,15.193633,3.9964116,1545.9715219152413,108.88000560545159,1763.846211397755,75.9697614574223,0.0003440299,0.00053810637,3314.0149180684457,0.008510452,0.0009817441,0.0782303599912993,0.008292511359718773
-362.76523,6.3329744,161.24268,4.462165,-47.30871,4.643454,62.168278,3.9928443,-32.045097,4.379727,48.11063,4.009386,-14.703642,3.909916,25.869616,3.639469,-11.657159,3.638081,5.7970166,3.6060076,1.0944704,3.5155632,0.38232478,3.4781282,10.594593,3.547944,1516.727249719684,99.93104265161926,1794.936416127592,69.87074224996942,0.00035355575,0.00040942265,3454.705173288863,0.009337023,0.0010019924,0.06435116371809745,0.00912682415158026
-389.4412,8.7112875,166.89256,6.472052,-27.4807,6.320614,62.901627,5.5359936,-24.113892,5.744198,38.32382,5.4541917,-13.3273735,5.162314,16.98076,4.7486243,-5.775821,4.068367,11.061254,4.8041162,4.2914104,4.383385,-1.7977128,4.3529706,8.498976,4.180577,1208.1088053653175,136.98248600875763,1651.6544060137305,117.82111960531432,0.00019728052,0.000378282,2810.682540150087,0.009660761,0.0010592893,0.04432030343677494,0.01045424779233416
-382.1326,7.29495,152.92743,5.129233,-36.87003,6.136911,57.211212,5.300032,-38.53977,4.911387,35.00447,4.8397307,-20.210321,4.35233,23.522144,4.0966563,-11.00858,3.9738934,12.171977,3.741589,7.1949363,4.257414,-2.2229593,4.0041385,5.7773285,4.069448,1555.536321716915,111.61081512765078,1838.5993942642833,68.87615306102104,0.00026463126,0.00050660747,3536.416434799159,0.009773555,0.0013959626,0.06017075116009281,0.00870851724270374
-369.2369,6.990702,185.96512,6.9153976,-44.391453,4.5818095,59.118683,4.8465223,-34.704037,5.3716516,34.38192,4.9414062,-20.537794,4.600126,17.205961,4.449286,-10.985012,4.267526,5.742206,3.6211288,-0.08977211,3.6226652,-4.5755353,3.4488935,6.0921865,3.5786467,1224.3737669709546,108.61581370934348,1521.5293820270335,109.33459036181752,0.0002319992,0.00033776852,2571.2692933403423,0.009631531,0.0006854223,0.05554624057424594,0.006220006327089708
-356.87952,29.758604,160.052,12.029849,-54.089077,11.006145,69.68141,7.461658,-42.226654,9.392902,44.09141,7.991714,-27.722178,9.521151,19.526339,3.9275846,-6.77413,4.319361,9.684112,4.62353,1.3429707,3.872403,-3.473131,3.808335,9.533781,4.4689,1738.549854358558,351.9926461543676,1829.6176374146917,172.29063499271012,0.0005383599,0.00046977543,3843.8266408968966,0.008362006,0.0010002593,0.09077839508410673,0.033662289745594584
-368.17056,6.116887,168.1625,4.9695477,-51.714787,5.0164213,52.274506,4.62433,-48.082737,4.6474333,41.018784,3.904975,-27.175385,3.6722412,26.664726,3.9786613,-14.254268,3.5529153,6.2243414,3.9605706,1.6282915,3.5946903,6.0238833,3.342168,13.678791,3.564202,1599.1350619281131,99.8861590769062,1776.6358045230897,63.13991040086385,0.00038089458,0.0003868114,3415.01113643779,0.00847266,0.0007584671,0.08413958272911833,0.008817071461036937
-339.6836,12.52112,153.63225,8.073406,-87.44181,4.3109984,65.17925,4.220654,-57.73025,4.8782234,40.513073,3.8729892,-34.090843,3.8255644,21.260191,3.8803487,-17.437983,3.7553492,5.797349,3.9827049,-3.934274,4.943656,-3.9308507,4.856944,6.554932,4.272364,2072.352822020702,120.40518003372115,1770.8269538828552,52.919036996799434,0.0008679946,0.00072723255,4062.456100003625,0.007794918,0.0009913672,0.14082325804814386,0.013613323061610238
-344.10077,8.784533,152.4962,5.8261805,-55.626488,6.293553,68.707184,4.8182116,-25.941175,4.519333,28.986433,4.418354,-15.802885,3.8759437,20.823725,4.1228175,-10.154669,3.5982785,7.1993027,3.3198893,2.144931,3.4764988,-3.6721191,3.3131702,7.725212,3.3734663,1675.7427150935125,129.7026515938152,1729.2416161585463,65.61717273089448,0.0005089779,0.0014806183,3474.8894286542923,0.009240679,0.0011048851,0.08368075696055685,0.016316579694398217
-364.2325,6.9341683,178.42873,6.3255672,-47.36037,5.256458,64.28774,4.9119153,-31.23288,4.954144,38.296547,4.4152145,-17.828358,4.407724,18.259188,4.4502616,-9.573737,4.076574,4.796787,3.5515842,0.44030154,3.5979156,-4.9481807,3.6659486,6.0325804,3.6260417,1287.4547782247607,110.02425129670452,1581.6376912006363,92.55028279004573,0.00028068598,0.00074359134,2818.9011292778423,0.009828256,0.000709937,0.05737927784222738,0.008298071163686083
-374.9731,7.4648957,168.3806,5.7326016,-40.53053,4.727308,55.31946,4.7509794,-28.320358,4.9605246,42.933193,5.2266283,-6.978324,4.4561806,22.270464,4.6221213,-8.820313,3.9677572,3.320929,3.8729644,1.3387953,3.915149,0.23903582,3.9711561,8.48482,3.471946,1307.950600587083,116.24453365416463,1635.8887384496445,96.17524883092408,0.00023162019,0.00023576754,2880.877784675899,0.009478039,0.0010138181,0.054536823883410676,0.009535597680194142
-373.15567,6.1388783,158.98427,4.5192575,-45.951286,4.871378,44.96111,5.088442,-42.950497,4.4950585,35.08637,4.722777,-22.239899,4.759046,22.660467,4.2425785,-11.441121,4.0056777,5.181839,3.3713326,1.5215497,3.7988446,5.464455,3.8492563,15.792448,3.6145651,1598.1378166444395,95.05072456822036,1758.088681699413,62.459906928202294,0.00032737016,0.00037228092,3400.047808512181,0.00876508,0.0014098495,0.07935193409222738,0.009544461260940378
-370.5388,7.09386,172.89165,5.6873097,-50.92926,4.7411156,59.547268,4.5187497,-33.541904,4.4700885,49.404808,4.7704124,-11.103305,4.9546614,22.693949,4.6473317,-13.082573,4.0971026,2.6729245,3.8769202,0.13995124,3.8363397,0.43917388,3.9274027,9.898992,3.7108498,1379.2997473583355,123.09034990806107,1647.2637601214963,107.92802930550363,0.0002671646,0.00018722838,3012.824859973173,0.009287799,0.00069835526,0.06444972629060325,0.007696542835026526
-370.12616,6.729847,186.04903,6.8158236,-46.4972,4.791899,61.716602,4.7090206,-32.171383,5.6253433,36.5351,5.352636,-20.75584,5.0124116,16.852911,4.360619,-10.865981,4.058441,4.655516,3.5910385,0.16893798,3.8634188,-5.786847,3.5626373,4.5410194,3.7498424,1215.9577068802282,110.992010855395,1515.574326245126,114.5813289951237,0.0002447127,0.00063541625,2578.6635255039155,0.009742694,0.0006769668,0.05412331424013921,0.007038893912265061
-362.50122,6.161963,174.9883,6.2188187,-49.94765,4.465574,66.8412,4.601275,-32.06641,5.240833,40.542168,4.515246,-17.790905,4.5069246,19.85906,3.709827,-8.980363,4.007295,5.82278,3.7896006,1.0263315,3.6209555,-5.17388,3.5810144,6.118129,3.702458,1351.6213369066895,110.76650731909665,1627.9233109437114,94.57636388618938,0.00030086216,0.000680563,3000.0098562572507,0.009793588,0.0006610351,0.06011523890661253,0.007765705473885442
-333.6548,7.5493627,156.0345,5.0060983,-88.82372,5.4980164,76.1791,4.502472,-57.00268,4.3958225,45.89094,3.8528862,-39.575108,3.8358576,24.534445,3.6609015,-17.413916,3.2443707,10.971257,3.215033,-2.587292,3.42336,-4.935829,3.2397654,9.662928,3.0430617,2142.4935912112846,86.99997501212391,1848.306362662587,44.991679210245714,0.0011319926,0.0019381952,4242.240859737529,0.007714196,0.00058579526,0.1471493891386311,0.012743055986062447
-347.15427,5.5550694,165.00896,5.753876,-110.14568,4.2651153,59.464672,5.002952,-45.35803,4.553553,31.99114,4.6875024,-30.94382,4.0622506,23.141283,4.0003476,-15.830796,4.018411,3.7748013,3.6685708,-3.6967506,3.5628004,-7.734572,3.1807063,5.253786,3.5856345,1915.632713131545,75.4956648289785,1488.9296548486998,62.54972473884117,0.0007020278,0.0014017922,3310.9922758664443,0.007625891,0.00041239732,0.1456131724912993,0.008619663832030937
-359.14203,5.9347973,151.06384,4.4888883,-52.294064,5.111623,59.308205,4.8251233,-47.27071,3.5651712,38.869606,4.1809297,-24.2406,3.858547,30.367273,3.755874,-11.633866,3.9613068,-1.4063463,3.7493763,-7.273682,3.3107781,-4.6553082,3.4175477,9.915052,3.6157742,1843.1401549619354,97.27779744834938,1906.0220600800305,52.11191185591998,0.00055342587,0.0007678776,4123.908164606293,0.008206693,0.00086297625,0.09466538573085846,0.009033432285088109
-384.06967,8.987937,169.06914,7.4354215,-28.504568,6.435038,61.26611,5.6394553,-26.56714,5.482715,39.19969,5.7446194,-13.139585,5.051087,17.539799,4.695281,-7.841799,4.542214,10.844691,4.12322,3.8662503,3.930021,-4.2513227,4.0827107,5.193939,4.1289573,1230.581929073923,147.56536110212528,1654.596187479576,137.6875391346258,0.00026132987,0.0011013258,2819.7754472701567,0.009707174,0.001075623,0.04880206822795824,0.013950834131556594
-364.48557,6.34374,178.06476,5.4380584,-46.99081,4.6972213,64.80943,4.690807,-31.108711,4.2481995,39.033344,4.739148,-18.932932,4.1478195,17.430267,4.410224,-10.105447,3.9840322,5.604184,3.721826,0.8374842,3.5561101,-5.539521,3.2935507,5.480881,3.4473157,1293.0371318339764,101.86250576862646,1590.60484228161,81.7154342894319,0.0002735134,0.0005508284,2830.7918539733178,0.009862242,0.00079283275,0.05735661977958237,0.008223593619453047
-339.74054,4.8873005,168.28781,5.228045,-83.2844,3.7411642,68.31396,4.041816,-36.661503,3.842983,34.342644,3.956788,-26.25757,3.7489471,18.385996,3.491945,-12.527985,3.551825,4.754398,3.5133755,-4.211722,3.0784793,-8.695405,3.2582047,8.521958,3.1638327,1735.2334439716115,77.73770977330638,1589.3513189196465,54.47459243513749,0.00061823765,0.0012732905,3361.95252456134,0.008358,0.00052201934,0.11188777914733179,0.009155042433621797
-365.80038,7.30654,144.30913,4.786876,-39.052895,5.1319127,67.77866,4.9887233,-40.273903,4.241066,36.737976,3.9344249,-27.197578,4.0431385,25.493383,4.2162323,-9.037885,3.7195039,1.0360541,3.6468995,3.5685089,3.71252,6.9748945,3.749696,9.725362,3.4827447,1785.1702165171546,106.84498522203204,1972.8605578402894,61.3204054649031,0.0004217088,0.001240669,4278.387663591212,0.009667911,0.0011732191,0.0715870160237819,0.009121953111189978
-359.92847,25.029087,171.14885,11.274955,-53.11377,14.626276,61.74199,5.844577,-34.00397,6.1491184,35.34412,6.6235847,-20.360025,5.466427,18.452541,6.36319,-11.173882,5.7232347,4.0063562,4.409346,0.58486724,3.8184202,-4.6069775,3.6371608,7.907221,4.2296653,1463.6677617206624,268.07401269425986,1630.2001206996626,130.4346951340527,0.0004438761,0.0014435713,3109.2496442684164,0.008687697,0.0015537598,0.07575270084106729,0.02905218806863935
-366.07736,5.949375,166.50978,5.010754,-47.056656,4.477005,63.367695,4.4559627,-32.87944,4.108518,47.27001,4.2936063,-13.951025,4.0021415,24.803663,4.1196733,-12.099519,3.6846204,5.6666026,3.4637508,0.70770144,3.3660753,-1.1645355,3.3594847,9.011276,3.5058393,1444.850925889006,104.44652289511743,1741.943251467466,79.5113408460469,0.00034056642,0.00062814885,3275.9695951457365,0.009324904,0.00088106,0.06192561811194896,0.009031575535706635
-366.8993,7.1422863,177.06435,5.883451,-46.350246,4.4648714,64.61099,4.372809,-30.19711,4.591469,38.374077,4.502081,-17.856833,4.324481,17.69015,4.1762824,-11.024416,3.9865608,4.602608,3.7221816,0.5570791,3.92497,-4.9379196,3.7671,6.5904746,3.5523596,1296.33428974951,116.69771697265425,1590.7496235640835,94.2714205418119,0.00024491493,0.0002754215,2842.407793014066,0.009793837,0.0007826677,0.055792080553944315,0.008001510441498036
-370.1387,5.856415,165.21698,4.8149033,-49.845383,4.442619,51.748726,4.573018,-47.179287,4.0318246,43.218204,4.2581143,-25.474827,4.377051,27.647861,4.0877576,-12.105374,3.4980216,6.841664,3.6077902,0.51319903,3.4146402,3.5633254,4.0389833,14.781411,3.7913275,1612.8029133646621,113.68553150081395,1808.598997195638,83.35529202804182,0.00036335012,0.00025461477,3543.3110566814094,0.00856861,0.0008064859,0.0804655778712297,0.007592035532352725
-351.54892,4.881464,149.89906,4.614258,-49.860844,4.6520934,62.20871,4.639227,-47.275852,3.902111,39.491592,4.2561755,-28.920914,3.7420835,31.26993,3.6856287,-5.4201145,3.4818296,2.518332,3.4237592,-2.2303727,3.4805176,-4.4820275,3.3470666,-2.8229783,3.4763312,1897.2958399818976,92.2680883593751,1959.8658798562615,52.81456806157439,0.000640982,0.0014344754,4408.586102903857,0.008567444,0.000948267,0.0980482344837587,0.010554028657768348
-366.14868,6.429774,176.26273,6.69706,-45.92843,4.9745126,64.64987,4.466451,-28.273895,5.0672426,38.047436,4.937354,-17.039976,4.295866,17.332024,3.9325378,-8.949707,3.4797056,4.667944,3.5517967,0.3412862,3.8342633,-5.136908,3.415614,5.684698,3.265426,1289.6808679047338,115.95748287039706,1585.717885996167,103.05608605942247,0.00025836352,0.00045922256,2848.8527656431265,0.009755074,0.0007920731,0.05598580698955916,0.008924250110066072
-388.48807,10.059338,169.46545,6.976288,-32.981937,6.7290373,67.479904,5.5942206,-25.859776,5.854053,41.355724,5.5300183,-14.249553,5.0232234,21.792198,5.328077,-7.4682117,4.6399784,6.4747033,4.0791416,-2.0312293,3.9240801,-7.937985,4.143799,4.6496096,3.723719,1242.424094599157,152.20300685250874,1660.8906081740245,120.24347717934404,0.00022163503,0.00063133705,2875.45701312355,0.009639841,0.00085747737,0.04577948267111369,0.009048489586817489
-369.84213,5.7192082,158.01834,4.6561036,-37.127647,5.0140276,49.19758,4.8723288,-42.85778,4.7341933,35.6137,4.548853,-24.662472,4.366788,22.084896,4.4933023,-9.7678385,3.7959435,8.908524,3.6918244,-4.1950355,3.8548183,-8.313928,3.4322817,3.8304434,3.7899873,1589.8660642072696,96.55000383021677,1830.5086100645258,70.03914573579715,0.00038033765,0.0009293525,3567.916863036543,0.00888675,0.00096378755,0.07683462333236658,0.007490675665360179
-363.42685,6.1393833,178.89928,5.9121943,-48.317787,4.4399147,63.38549,4.0558534,-32.77089,4.860867,38.721287,4.500333,-18.2409,4.366621,19.120441,4.1568465,-8.928022,3.5410817,5.042359,3.6506505,0.056989554,3.4396389,-5.1269317,3.873029,5.7548885,3.633566,1301.9192271865331,103.84217185933831,1586.4809782387458,98.47444766473765,0.00028506768,0.0005815165,2843.2571304923144,0.009717481,0.0006893059,0.058589218387471,0.008280128820164549
-368.55405,6.4227076,171.26971,5.1107564,-51.065674,4.8301764,59.541973,4.7071676,-34.810276,4.276945,47.147545,4.222212,-11.809426,4.349038,22.414497,4.074648,-12.896181,3.5597,3.6519258,3.6377795,-0.48473993,3.4007638,-0.350565,3.282335,9.928124,3.3446758,1410.8812286879747,111.30402383703031,1667.4849041158602,86.41860978920982,0.00031017297,0.0003882143,3107.1762616009282,0.009036028,0.00074781466,0.06433870178364269,0.008189353109906126
-369.8947,7.309934,183.69943,6.538097,-47.584156,4.792299,63.223118,5.0911975,-31.113394,4.7824965,38.49729,5.1439776,-19.424192,4.995183,18.290392,4.652911,-10.445387,4.289121,5.3807154,4.382408,-0.8582244,3.6936524,-7.56059,3.5224297,3.4843223,3.55369,1240.0027101299306,108.00309309978347,1537.8445370722413,100.44508308937989,0.0002421816,0.00056953635,2648.009432551479,0.009871804,0.0006928014,0.053782310397331785,0.007686719116616563
-372.76,6.504976,159.1603,4.985363,-39.01815,5.02732,47.447414,5.396764,-42.60318,4.6561065,36.05274,4.492215,-22.293322,4.1608443,25.459803,3.9666853,-6.3183947,4.026689,8.794966,4.253722,-4.198655,3.6519053,-4.4654307,3.7344046,11.321565,3.8604,1567.6572881501017,107.71029106498493,1805.7318861427461,75.45882783966181,0.0003329913,0.00042705622,3457.2032246954755,0.008699024,0.0007930451,0.0764675627175174,0.0073944971902530745
-366.53995,7.4557667,179.33719,6.1613326,-45.590427,4.049151,59.31945,4.786384,-30.21172,4.9567404,37.247883,5.1851573,-18.31072,4.620888,16.14415,4.023401,-10.65303,3.7885642,4.36311,3.7804065,2.4067469,4.001488,-3.2929823,3.6624942,6.9613395,3.7608206,1268.2715133570243,115.6354362731766,1557.6308356638085,104.56248440383098,0.000237771,0.0002157759,2722.176578813805,0.009585899,0.00070818636,0.056802630147911835,0.008049696180966737
-369.2687,5.8697295,153.13733,4.688517,-41.909557,4.7690783,63.255047,4.626274,-41.18246,4.2193723,36.299305,3.961299,-26.202044,4.2344894,28.6711,3.9184263,-9.858079,3.690967,6.548631,3.7380757,6.784039,3.9000697,-6.431191,3.3642695,-3.8576446,3.4880722,1683.5701758858247,109.69644060563144,1890.9941866107745,71.03351560312247,0.00034035865,0.0003478866,3860.9133125181265,0.009296283,0.0009837731,0.06985254132830626,0.008624431339690037
-371.48264,6.4498196,152.38533,4.1451564,-37.680973,5.667775,44.02279,5.178593,-39.34947,4.7199726,32.840717,4.443428,-19.026587,3.8378668,22.777027,3.8508084,-5.143326,3.6630154,7.4388866,4.038957,-5.477087,3.8531985,-10.2212925,3.6686316,3.9588723,3.6160188,1618.1625155050651,89.60984876940434,1801.993924086722,65.15640236395087,0.0003310507,0.00027866306,3552.5038858577436,0.008725921,0.001598718,0.08187037775522042,0.0064608187304392075
-393.1875,11.474981,168.41792,8.003551,-24.550182,7.051727,59.71279,6.9672623,-25.616117,6.26897,36.39467,6.233485,-10.920319,5.3819704,21.324512,5.474602,-4.8639994,4.872691,7.752349,4.7621503,2.9743047,4.760705,-3.1011224,4.59989,6.9423447,4.3433366,1176.5378810678867,175.23715879679435,1629.7941379568097,142.3344501405314,0.00017467515,0.0003107822,2676.5371796149943,0.009806799,0.0011215602,0.04096011274651972,0.010156184346807779
-376.55106,7.276579,168.59789,5.9107723,-36.168877,5.1565423,56.95026,4.723415,-28.38708,4.726011,38.29297,4.8090796,-14.340265,5.0004888,15.4168215,4.236929,-10.133621,3.889985,8.944084,4.2431307,4.708259,3.931774,-1.5721954,3.752051,8.646217,3.9001014,1306.550550934522,132.1164143523795,1660.8595337731572,121.51563898063506,0.00022799704,0.00027739196,2957.667884915168,0.00943116,0.0009682751,0.05505342771171694,0.020891817668215063
-395.05173,9.124006,172.04214,6.72842,-28.547422,7.0895095,66.81831,6.018724,-27.256512,6.0761,40.42676,5.9641814,-15.835799,5.162534,19.398592,4.9167213,-9.622362,4.3961987,3.7042823,4.4668317,-2.6967108,4.1945505,-7.398093,4.4759316,5.9921374,4.839824,1188.7124802146564,137.41759982412458,1631.8790582103113,126.85263072045385,0.00016214632,0.00016141382,2727.9470775630803,0.009852996,0.00075291895,0.043958907337587005,0.00825194494306466
-347.92615,8.134325,154.21114,4.971666,-55.441788,5.084617,73.69177,4.3545384,-36.12999,4.073915,50.968613,3.758645,-25.080849,3.6372867,28.249285,3.6954591,-11.680956,3.1784306,10.70789,3.4005988,1.4832294,3.2578762,-3.9951718,3.0952897,7.8624654,3.1217215,1783.4244414936989,126.00828209282807,1938.6442217099277,60.02249922885829,0.0005322532,0.0005011342,4043.695733939965,0.009247906,0.0006870849,0.08530307424593968,0.01236733557733541
-366.31546,6.365768,161.88661,4.1569824,-45.834953,5.0641036,48.43447,4.42853,-44.676384,4.4549804,39.245758,4.7232804,-24.721859,4.0548124,27.220331,3.955016,-8.712353,3.7712452,6.938546,3.6723824,-4.532907,3.555813,-2.649298,3.9749818,13.792812,3.450513,1613.624405065799,93.8277898569492,1812.6239379324536,65.85651695971751,0.00038940914,0.00063074776,3542.0620309781034,0.008602047,0.00080141594,0.08093573267111369,0.008931950265668016
-352.48782,7.397108,145.84045,6.007014,-82.97726,5.8439703,65.369606,4.3387346,-36.95448,5.028883,43.11594,3.937417,-33.734577,4.5591044,27.137856,4.0419126,-13.643994,4.3197603,10.052945,3.823421,-0.6562214,3.3503969,-0.89823896,3.5129385,5.0788074,3.984075,2076.5856913755465,115.51730877368585,1797.1726164600748,56.02475111681955,0.0007995826,0.0009931396,3972.10158062645,0.0073892865,0.0007669597,0.14134892510150812,0.013530044736922063
-368.38544,5.996613,158.98003,5.562539,-38.951935,4.981171,52.634716,5.223014,-42.587402,4.572553,39.09421,4.301693,-21.086126,4.5860395,23.158699,3.9765015,-7.9007225,3.5263484,10.540459,3.8042517,-5.6691856,3.873949,-8.2293215,3.387324,2.5038116,3.4925127,1571.0707492994682,114.42924857452529,1823.9445122342768,88.41960026910589,0.00037799522,0.0011859447,3590.799013921114,0.009216133,0.0009900067,0.07409752936484919,0.008120948677259958
-365.93823,5.8710065,154.70955,4.76536,-32.631874,4.68597,50.719864,4.7657194,-39.646366,4.128852,35.486355,4.238716,-24.674765,4.170852,20.99207,3.9165242,-7.4597435,3.9222028,14.02104,3.8827784,4.709574,3.80544,-1.1081116,3.6806474,2.8754153,3.439646,1598.4038397666898,104.19375333427224,1875.1251161864698,67.34405730994234,0.0003465149,0.0003827056,3694.94277706279,0.009195828,0.0012880057,0.07328637072215777,0.0076854840899458
-376.59363,7.6271796,173.49753,6.8657746,-37.22838,5.9406652,58.645058,5.2208323,-32.1823,5.347398,41.11295,5.8523498,-16.636463,5.526152,16.093988,4.6886597,-13.021631,4.136504,7.3517437,4.019742,1.3577456,4.007217,-5.0374446,3.907389,7.9779305,4.2109146,1298.796271123198,138.82151526985714,1652.1796150570665,130.47230098937314,0.0002686287,0.0007646973,2903.809896588602,0.009386004,0.00076086883,0.05822215777262181,0.020340136904996038
-383.98376,9.6735935,170.81519,6.8220816,-32.984215,6.48584,64.080505,5.100467,-27.863138,5.180761,41.972576,5.32445,-16.110624,4.8327293,21.5608,4.9649963,-7.173762,4.14492,6.086904,4.4682813,-1.82323,3.9330566,-7.759065,3.6863654,5.214869,3.7355068,1255.6691308192158,141.02580687177297,1666.664805062953,118.52677470769994,0.00021643532,0.0003835426,2858.670107671114,0.0096253995,0.00074506894,0.04820276247099768,0.011984818333999284
-390.719,9.300797,170.25008,6.5131097,-31.349316,6.216681,65.51705,6.2760496,-26.698816,5.8802004,40.708084,5.1516204,-13.712732,4.9716,22.096392,4.8254604,-7.725951,4.363614,5.044272,4.1129446,-2.9925973,4.0048714,-7.9104204,4.121408,5.3519263,3.9897468,1217.44943546492,133.52076294192216,1649.1534980519637,113.44678977734466,0.0001991895,0.00038399425,2796.2687835339325,0.009659768,0.0008135052,0.04598567104118329,0.008514489488352024
-383.18872,6.9558764,153.00809,4.8937426,-34.51551,6.082399,56.695717,5.3452253,-39.280384,4.6229086,36.19188,5.2886324,-21.322168,4.431459,21.281311,4.182462,-10.093335,4.0862393,10.658739,4.4974065,5.0920672,4.3098364,2.5749547,4.0044913,12.59525,3.609463,1538.328162830087,115.23135178886359,1857.3268220352675,79.25859847946195,0.00022989688,0.00032265455,3611.7077041944603,0.01011471,0.00095334725,0.04868991081786543,0.007261202436992372
-368.4132,6.6469913,158.35965,4.3335996,-37.302563,5.264183,46.57002,4.6324897,-43.271893,4.408446,34.630024,4.269963,-23.44989,3.9224389,23.616951,4.345825,-7.1559033,3.9692457,9.087534,3.5818386,-4.499088,3.810154,-7.248671,3.6346033,6.3370137,3.3332179,1587.7970822121458,98.8151163439629,1818.2581369960108,64.56655654814733,0.00034798906,0.0004983986,3529.2220467481147,0.008894231,0.001123809,0.07751776392111369,0.007205526479099875
-388.4767,8.206981,170.9039,7.1309624,-30.600454,5.819952,64.61401,6.1805367,-26.60857,5.605686,39.702282,5.729949,-15.980439,5.021179,17.884226,4.997327,-7.011032,4.419411,11.718154,3.6013339,2.4230278,4.2149463,-5.4430366,4.118846,5.943483,3.6243563,1220.697595553739,141.3442164324109,1646.1054770867108,130.28685373068973,0.0002523795,0.00097480195,2799.7660555031903,0.0094586145,0.00083670823,0.04865139211136891,0.015401773041752203
-362.62964,6.3930655,174.38348,5.6875143,-46.256454,4.3971977,64.890434,3.9290478,-30.813087,4.19856,37.90077,4.4171553,-17.98272,4.5378523,17.668655,4.113525,-9.295542,3.7662506,4.922547,3.9747908,0.23694609,3.51178,-4.8115273,3.7934005,6.1820235,3.3280478,1335.150676008954,108.35805788522262,1617.4571233143843,95.71068107321919,0.00027798943,0.00047676303,2949.5991788718097,0.009786172,0.0007168815,0.05778599006670534,0.007333143970651195
-370.34937,7.0163865,165.02536,5.22515,-46.72601,6.010631,51.733547,5.246822,-45.33451,4.627449,41.314186,4.6707754,-24.577875,4.5726895,27.777258,4.0441833,-10.508441,3.746448,6.90931,3.9467914,-4.509533,3.5020354,-0.645173,3.419069,16.011143,3.909809,1572.3080520229437,102.54840705363468,1793.5906255067807,73.89573739743065,0.0003463434,0.0007342871,3421.805836263776,0.009160352,0.0008427315,0.07693318590487239,0.007896248522625724
-373.29257,6.6901402,169.84425,5.169598,-48.325928,5.387372,53.24732,5.1515236,-45.25378,4.811852,40.198803,4.167911,-27.083612,4.4451036,22.954075,4.254405,-15.996624,3.8404787,3.2744527,4.2818866,-0.43913063,3.9932067,4.128641,3.7172081,14.130946,3.6017194,1538.2367586754262,103.50360343013371,1746.6170542814414,74.1933081575107,0.00035495113,0.00029933304,3283.4887298796402,0.008232824,0.0008610753,0.07872317285382831,0.00852292882577312
-332.26123,5.439727,121.794075,6.4963784,-72.14988,3.9277313,82.76668,3.5279598,-57.390327,4.2386904,51.55166,3.6896088,-35.026855,3.9751904,30.746979,3.4968839,-15.509417,3.4802556,10.977365,3.426788,-0.3745251,3.4476738,-4.975546,3.4434252,11.386243,3.2352402,2772.281551369547,162.05374141824424,2128.846053750699,37.846997091450966,0.0019761561,0.002126694,5385.024436720562,0.006719125,0.00058664376,0.21286230242169374,0.027123071745300063
-361.82123,6.093614,175.70818,5.2109184,-49.50243,3.8635275,65.28173,4.04521,-32.214657,4.3116937,40.27876,4.4523764,-17.370396,3.914009,18.80088,4.1785784,-9.019049,3.7835982,5.531536,3.6525245,-0.26448283,3.2667885,-5.748242,3.326141,5.580516,3.3972254,1341.7335882170942,99.30970603735433,1617.1397772316243,85.39307400684417,0.00026973832,0.00024744053,2964.1628185723607,0.009765873,0.0007671833,0.05904917705916473,0.006880503413766487
-394.3241,8.917998,167.44142,6.7813535,-32.411148,5.7693906,64.86614,5.458292,-25.725443,5.432683,40.156765,5.120748,-12.20757,5.0945215,25.151606,4.8792815,-3.7344248,4.214285,9.8102,4.31248,1.6606748,3.9980996,-5.7660556,3.8834307,4.519949,4.177584,1226.214759540685,139.20436872381697,1662.407726302089,124.00526688725556,0.00017931235,0.00031108723,2844.406234139356,0.009791466,0.0008149333,0.04321798868909513,0.009550777236656255
-362.0472,5.1070256,178.7575,5.5859942,-50.102478,4.4479923,66.10286,4.527282,-33.8832,4.318081,39.119576,4.5957985,-18.975763,3.9276826,18.568382,4.344603,-10.369643,3.5134246,4.635304,3.4075408,-0.05644989,3.3513796,-5.357676,3.0792181,6.2258205,3.0081291,1322.3572931193721,94.42829735992264,1595.5878453523205,80.99572933583562,0.00030273048,0.0007118929,2904.1346432714618,0.00981504,0.0007327748,0.059418503480278426,0.007017317960903593
-373.00833,6.816866,164.90761,5.5980005,-48.64412,5.739301,52.11406,5.1910744,-45.268436,5.0823593,38.43065,4.1379623,-27.29912,4.397153,23.820305,4.2575254,-13.9823,4.1633987,6.2024984,3.8630912,1.0302136,3.7536516,4.646921,3.728157,14.9171505,3.569168,1592.8212179541213,104.18615607311338,1779.298963733191,62.739244166515086,0.00040060075,0.0008519433,3429.025204828886,0.008378169,0.0008842077,0.081059219112529,0.008778292152868575
-366.23608,6.124813,168.91258,4.927701,-48.207184,3.9493995,54.406883,4.3694444,-31.570913,4.6201997,44.76183,4.201521,-8.695364,4.2781,20.452545,3.8754284,-12.099044,3.8912375,2.1046097,3.4246647,-0.22722271,3.2513506,1.4337521,3.4559684,9.684018,3.7435114,1390.7151126938784,100.49742960480437,1641.9025477331602,83.84059775854746,0.00028459445,0.00027144878,3020.219092136746,0.00916913,0.0007972095,0.06331229154582367,0.008386084318765615
-355.99957,5.8638525,158.38223,4.216673,-51.698757,4.2572284,62.54383,3.8969538,-31.512667,3.9410553,48.274532,3.7474835,-14.675922,3.8731017,25.25057,3.5370286,-12.818868,3.1449876,4.8266273,3.3939667,0.6974054,3.273253,-0.63085866,3.0765457,9.758248,3.2889555,1593.1630816956265,103.19815072765172,1800.947837653932,60.182411354647854,0.0003851451,0.00020558399,3553.553067448521,0.009146588,0.00074571697,0.0743127809599768,0.010194716998807217
-371.09796,6.537319,160.76802,5.1743875,-40.060226,5.296193,50.67106,5.008729,-42.19006,4.8015585,37.802807,4.3695107,-22.720617,4.2398586,23.347343,4.193112,-8.780706,4.119464,6.1695576,4.069894,-6.6191106,4.156373,-7.6244416,3.4894571,6.850176,3.5778399,1542.7384557928988,104.19796203493937,1788.5134818357074,77.4136993813899,0.0003069716,0.00040680906,3429.4498735680104,0.0091535915,0.0009087436,0.07267686883700696,0.007392489223061757
-362.25385,5.8964953,177.28,5.4929924,-49.950657,5.0450864,65.84677,4.5203133,-32.452538,4.414325,39.77681,4.591755,-18.881502,4.4236875,17.392778,4.056273,-9.850283,3.6312754,5.154129,3.5147972,0.345582,3.2409322,-4.939631,3.6425827,6.0049825,3.3883364,1335.9799610988605,96.1781352103319,1603.8064649402663,83.94550664487913,0.00031271362,0.00091987354,2933.9114160382833,0.009738569,0.0007926844,0.05966094475058004,0.0077654544185625
-375.49814,6.4586325,149.71439,4.2207456,-31.168436,5.521052,57.080708,5.1188,-37.911446,4.5578895,38.463875,4.1194577,-22.294983,4.3657923,20.75979,3.76775,-10.633764,3.7401395,10.2173195,3.8651824,5.1112733,4.0644064,4.7447495,3.7711241,12.259921,3.4067996,1600.359747118403,105.79273416137978,1920.5957436190222,68.2716514279414,0.00028156894,0.0004506615,3841.653336173144,0.00990177,0.0011742323,0.057802983613689095,0.006869341116603443
-377.16937,7.841655,174.62656,6.339677,-38.969208,5.374213,61.49064,5.311871,-31.368107,4.970993,41.53844,5.488832,-17.259298,4.9648757,15.123782,4.7656803,-14.292908,4.0333934,8.165879,3.7038352,1.749249,4.038595,-4.498403,3.7274752,6.998938,3.525455,1289.8413442258416,132.93274449564586,1642.1032045238264,112.13780694582748,0.00026837227,0.0008255619,2892.3438406322507,0.009421866,0.0008058453,0.05641744308294663,0.019407184797882088
-334.36478,8.241379,152.10664,7.1813364,-73.58766,5.177594,75.45965,5.3080087,-47.383617,4.217025,44.019394,3.9697978,-33.19935,3.6952026,23.050106,3.8089178,-14.493393,3.6062787,4.890332,3.6756873,-8.666385,4.5697556,-5.8791275,3.5378015,12.832337,3.3679543,2047.8527401119084,143.10228692011668,1871.995129417393,80.10556530791261,0.00086541666,0.000934299,4193.5288573085845,0.008210236,0.00083460676,0.13207384715777262,0.014171767259003406
-366.7392,5.575394,156.32092,5.229745,-36.62865,4.5219727,47.429714,4.5227823,-42.210022,4.387625,36.208725,4.4002523,-21.142166,3.8519156,24.68832,3.808707,-4.9432425,3.836012,9.290021,3.7819524,-6.031512,3.65652,-10.087757,3.5227728,4.1208143,3.5374355,1598.8441805972425,107.1652599683944,1830.176597266937,74.08233363476722,0.0003740834,0.00075815734,3603.1643683838456,0.008939621,0.0011192617,0.07932361151392112,0.006945870402653507
-367.92435,7.4296923,182.66975,6.0611253,-47.405834,4.8156004,62.665623,4.7203617,-33.092068,5.2648044,37.30333,4.5426483,-18.76213,4.348192,16.963106,4.278461,-10.9253645,3.8853703,5.3182206,4.041319,-0.3348058,3.7245474,-5.8424664,4.151312,5.2350435,3.4619749,1257.089533530866,108.56958050831854,1545.4702334971412,99.30237734718642,0.00023460842,0.00027961147,2707.587958599188,0.009689913,0.00073691603,0.05641404437354988,0.0076130117735328994
-375.95868,9.414512,155.48445,6.6895156,-38.326794,5.5666428,56.025135,5.0252986,-21.492046,5.37884,41.4328,4.7935686,-9.3854685,5.1136837,20.035677,4.2768736,-5.481936,4.5583987,6.2682896,4.2551513,-1.0931543,3.6251025,-5.9054885,4.586733,4.4567676,4.385098,1423.0118846899697,127.85834025933231,1722.3139531809034,95.89283718117555,0.00026498357,0.00027568583,3204.8250910854117,0.009238477,0.0017380475,0.05455381743039443,0.01111154164301546
-353.18326,5.553987,160.12996,4.50541,-54.69566,4.37432,62.49737,3.9043458,-34.97318,3.9589248,49.854164,3.8475046,-15.867604,3.939939,26.579899,3.587332,-14.08149,3.3110895,5.281085,3.3342662,0.10308358,3.1568246,-0.6544687,3.113568,10.039625,3.2511885,1624.245119714344,100.52355552592007,1811.7998484979246,65.53824392576735,0.00044312174,0.0005760433,3610.183892836427,0.009111526,0.0006132878,0.07896787993039443,0.010056023319048903
-375.2484,6.2787538,173.61026,5.4212456,-44.53076,4.842749,60.771774,4.3918786,-31.790243,4.9221582,44.174458,4.4905024,-10.366297,4.098416,21.844728,4.233081,-10.199688,3.7876742,4.8269324,3.4287658,-0.115477435,3.7888334,-0.5822287,3.8948276,8.880742,3.3686397,1305.04279989664,109.24808078416446,1628.8291607833944,81.14495636400146,0.00025408395,0.0003696258,2904.20958481366,0.009349283,0.00086888927,0.05329969366299304,0.009250780029456004
-365.73203,6.6419115,158.87569,5.0429215,-41.125217,5.49787,54.483334,4.4633718,-45.143673,4.9491067,35.030876,4.4624534,-24.068958,4.1953154,28.307327,3.603093,-9.043513,4.104736,9.77472,4.0458975,-1.5281682,4.2414584,-9.142363,3.7716417,4.112788,3.6069288,1627.7122624513315,127.51764379368022,1847.8248411917095,88.33730969376063,0.00036506413,0.00052992854,3623.5984288899363,0.00902387,0.00088652305,0.07937006054234338,0.008487792073767543
-363.56137,5.613825,175.63014,5.8568,-48.982563,4.2660856,64.876114,4.369081,-30.190573,4.1403337,38.47805,4.660232,-17.128271,4.310252,18.144632,3.993333,-8.524067,3.5489345,5.0842743,3.6858006,0.22212262,3.2733128,-6.273333,3.4787664,4.7421765,3.4209497,1328.431698215935,100.2118701959693,1597.8735434174448,90.53110687010107,0.00029293663,0.00078391936,2921.0464512942285,0.009679917,0.00073253905,0.057612655887471,0.008066529019454427
-366.94772,5.9598074,181.15303,5.817112,-47.86125,4.5015335,60.945946,4.530792,-31.009476,4.5823193,36.49631,4.39382,-17.074162,4.178583,16.781162,4.7374487,-9.819491,3.952962,4.9855227,3.351761,0.38958684,3.7255523,-4.3490276,3.5801404,6.5799704,3.4178362,1262.7443806452561,86.97805182039282,1539.8764803219153,83.74076447474359,0.00027292714,0.00085176656,2702.392011673434,0.009590538,0.0007065956,0.05574676442865429,0.007500257337587333
-361.4775,6.1230288,174.38843,5.968087,-49.08215,4.389407,65.18371,4.7282195,-30.97214,4.471178,39.238335,4.2728977,-16.889858,4.3249216,18.594921,4.2713,-8.636687,3.919704,4.9815197,3.6441143,0.49490675,3.5779216,-5.434133,3.2255287,4.920754,3.293632,1348.2155652373199,100.94411092324393,1617.0267499842769,91.80087529788278,0.0003362268,0.0013404121,2976.2284068662993,0.009761999,0.0007759304,0.05906390479988399,0.007499400644940094
-337.65512,9.824226,142.78865,5.558341,-65.65199,6.2643213,86.09948,4.237912,-49.730255,4.082062,48.266197,4.841635,-26.561684,4.008589,23.783512,3.7346988,-13.281071,4.586799,7.8665977,3.8518589,-3.1988878,4.010469,-6.1462836,3.407403,8.801855,3.0546453,2192.2854849206333,141.43783454756394,1982.4995809962682,69.88709552398576,0.0009240913,0.00059426914,4522.29740293286,0.008053711,0.0008197799,0.1404686593677494,0.02016940889715078
-369.3328,6.112429,166.58682,4.822238,-48.38258,4.8227525,51.03716,4.3458014,-46.10761,4.54018,45.784634,4.708803,-23.911928,4.604488,26.913986,3.8923793,-15.93779,3.7824302,4.834457,3.8440886,-1.8453639,3.5527318,3.7045035,3.5847647,14.948458,3.8095179,1606.6723396731709,107.19803649602277,1814.0051204185618,69.26762054654685,0.0003848869,0.0003648873,3502.0432474441704,0.008382292,0.00091844535,0.08420529111078887,0.009334106678843527
-368.36176,10.987133,149.95998,5.842932,-37.45883,6.373634,63.335526,4.967507,-25.462727,4.4871526,41.173218,4.85264,-15.256396,4.3742,24.400476,4.4683375,-6.2173486,3.5113955,9.115374,3.7160394,2.0876672,3.7072318,-3.1925738,3.5644855,7.5855913,3.7290707,1543.5580185658948,147.8202791278321,1859.5760762508874,89.69867472498878,0.00032377423,0.0003719066,3610.9083277443447,0.009575157,0.0013070273,0.056254305031902554,0.01401139831510207
-362.47208,5.987857,177.61383,4.7011557,-50.60438,4.07673,65.7339,3.6832569,-32.026318,4.060609,41.206486,4.055225,-17.845465,3.9109795,18.628036,4.1909385,-9.898166,3.4154682,6.324041,3.621026,0.95930576,3.534603,-6.2641907,3.419205,4.672638,3.2829692,1327.6487892772102,89.53427001414262,1600.6640196577487,74.87122504187988,0.00026138948,0.00023120728,2911.0042846396464,0.009810191,0.00081958843,0.05877501450116009,0.008156976505267846
-365.9562,6.0419397,156.84064,5.0568047,-46.64901,4.3633676,51.800716,5.0618033,-43.873123,3.991616,35.06006,3.970647,-21.55569,3.9231892,28.414455,3.900483,-6.9377027,4.355286,3.6251614,3.4589634,-4.140027,3.8173852,-5.576555,3.3744817,7.5482883,3.3939192,1666.5966868271419,104.06804512005701,1815.9157605713262,61.58997231286247,0.0004774431,0.0012428685,3655.9232140915024,0.008245987,0.0010677407,0.08400136854698376,0.009855404932003771
-392.45425,12.876063,163.43648,9.237313,-28.046888,7.762207,54.88465,7.0669794,-22.267378,6.766166,39.605606,6.7297997,-7.696742,6.759266,19.923864,5.346939,-3.1147053,5.2922525,10.211054,5.130615,3.3775363,5.050096,-2.2306204,4.56313,8.053882,4.7812734,1234.6350750749127,204.53353797639588,1654.2516438573655,159.01081843211847,0.00020375138,0.0003482505,2802.788697705191,0.009628584,0.0021999544,0.04445625181264501,0.014316069650278276
-381.60223,9.582555,165.65605,6.101325,-38.474434,5.125857,58.090767,4.970287,-28.282166,5.321203,42.463837,4.868671,-9.250912,5.0780015,20.963167,4.976186,-7.8215055,4.75721,2.3227377,4.158576,-0.9062212,4.240008,-3.1990163,3.6845045,6.6606584,3.668539,1325.5091147066316,138.30576103994363,1662.5557263992316,97.20642687386794,0.00021211413,0.00013098736,2990.916949137181,0.00950191,0.0013892669,0.05049802421693735,0.011034841148021831
-370.63553,7.2515616,181.0127,6.199915,-45.828922,4.3119698,63.26364,5.018481,-30.681494,5.6176467,38.468925,4.3483105,-17.338821,4.519882,16.102427,4.089052,-10.99158,4.0901265,5.4287844,4.1336823,0.35116976,3.692284,-3.5108113,3.6276352,6.099199,3.535521,1243.5514740859448,113.7393395685801,1550.4112765087623,98.87585211538442,0.0002129534,0.00016998171,2710.4607177167923,0.009835637,0.0007324558,0.05427625616299304,0.008411345030402783
-369.15784,6.842041,181.84726,5.728241,-48.181366,4.5212936,63.95918,4.4512043,-31.086237,5.069995,39.72921,4.685568,-17.328634,4.2970586,17.58453,4.316424,-10.539519,4.12988,6.0032682,3.706712,0.37623957,3.556058,-5.2922363,3.4796524,5.6243796,3.6573794,1254.2830568354516,99.33750410917477,1552.6706036056776,92.60953905496548,0.00023783065,0.0003312915,2726.748012887906,0.009749793,0.0006654559,0.054126712949535964,0.007073306631286722
-347.2247,40.324093,157.49402,7.862492,-73.07107,14.661794,72.743286,6.415779,-52.950314,9.886598,40.754387,4.437666,-29.08843,6.7151356,26.147614,5.5718417,-13.166768,4.3517756,9.478372,3.759364,-1.807841,3.3450685,-5.0140767,3.4844177,6.4141216,3.4512646,1968.0495468309125,275.5889251426255,1830.521825202544,81.07457308035691,0.00089154264,0.0010845339,4039.3741050065255,0.0076496163,0.0022113696,0.12370282591357308,0.03367754732646302
-367.81604,7.538564,182.74352,6.415965,-45.999992,4.727393,61.207516,5.165724,-32.494793,5.0348744,35.995472,4.9415956,-18.209698,4.6305203,18.90905,4.4908457,-9.103589,4.1794524,6.2682385,4.4752316,-0.12599531,3.8010283,-5.337783,3.9526124,5.9887757,3.9293766,1240.4149629741155,112.70751439720937,1540.434529620852,107.75278480869252,0.0002385191,0.00044718027,2659.5254495359627,0.009905193,0.0006715103,0.05445978647041763,0.007766313162749057
-378.79956,8.207377,172.47105,6.386208,-37.55577,6.0115047,59.743565,5.306606,-28.277122,5.386127,39.230515,4.723026,-15.337968,4.813827,15.163338,4.2537374,-12.987343,4.0481205,7.4989176,3.797436,1.3494806,3.7807987,-3.78456,3.9128525,7.686414,3.6395202,1275.629264441362,133.84343414087206,1631.9128165629531,117.19909645584173,0.00025665542,0.0007557274,2842.982344837587,0.009373305,0.0008533797,0.056419708889211134,0.02211201175164775
-368.05344,7.839261,170.77843,6.2470756,-49.700665,4.8323326,59.67202,5.6089463,-33.345142,5.1074276,48.07515,4.681865,-10.45527,4.871389,23.027716,4.354917,-12.347534,3.9117012,4.2404037,3.9660861,-0.67816263,3.6741762,-0.7845949,3.6205263,9.636805,3.2934053,1398.6313462836786,144.57280763062096,1666.4723584283656,96.07064548260288,0.00028476914,0.00028025138,3085.018545624275,0.009345082,0.0007785953,0.0631808747824826,0.011493664811133831
-390.66516,12.133195,156.38902,10.261859,-24.953836,7.9798336,53.431545,7.486445,-21.861681,7.1517525,37.05592,6.300458,-5.379606,5.8748674,18.558401,5.878075,-2.3648088,5.1289616,9.448503,5.3913193,3.1209154,4.805675,-4.284165,5.0472894,5.5074487,4.612015,1312.6064883723182,236.48608840391987,1698.6051921580076,159.3120753486233,0.00029465274,0.0008968815,3020.818624474333,0.009195747,0.003558577,0.05040172745069606,0.020097902090256567
-359.94342,6.7788916,172.59166,5.514949,-46.894257,4.2506666,62.641182,4.227131,-29.907116,4.262186,37.73854,4.324615,-15.553788,4.4033775,18.210556,3.9377084,-7.7179418,3.6846108,5.8487263,3.290807,0.6934187,3.5426996,-6.0604143,3.5338097,5.231145,3.28527,1338.7992663644475,103.0035297612894,1615.4528795135911,88.9185776627781,0.0002948173,0.0006361731,2964.3127016567573,0.009757688,0.0008150938,0.05902651899651972,0.008629685391209263
-367.54706,6.7839756,179.6905,5.4495587,-47.51907,4.615244,64.64243,4.104299,-31.673416,4.2588835,38.391056,4.693099,-19.002298,4.3494587,16.26544,4.0160456,-11.271457,3.6911592,5.039476,3.6178534,1.1272868,3.9294932,-3.81692,3.3879325,7.1059694,3.3596578,1278.8094624724056,97.14269707881014,1571.3452531440369,87.17474716777599,0.00024198023,0.0002754044,2791.8222520301624,0.0097631095,0.00070288917,0.05518144576566125,0.0072245222972618
-386.76285,8.3673,173.19203,6.4134355,-32.05876,5.255672,65.14666,5.5105505,-28.56338,4.925739,38.3155,5.343618,-16.479502,4.9484005,17.44924,4.6665463,-8.884916,4.0891547,9.118055,4.288121,1.8611081,4.0030975,-2.7044668,3.9541938,8.790876,3.92769,1214.9066358991834,137.76287095631957,1630.7419657036364,120.94136048446589,0.00019303232,0.00017130721,2778.6825016313805,0.009522759,0.00087331544,0.047347420606148494,0.011755077473322318
-362.82837,6.0817966,175.77005,5.2136235,-49.364902,3.8234518,65.6933,4.306074,-31.772532,4.169021,39.643803,3.9798021,-17.372227,4.0731115,18.409796,3.9481368,-9.853765,3.876114,5.327748,3.8927574,0.38242462,3.429044,-5.5199375,3.600557,4.9440246,3.4188237,1335.0701777735371,101.73073543536854,1612.073392193106,93.86955118707344,0.00026531142,0.00029907082,2955.4945801914155,0.009775622,0.000759542,0.05896647513051044,0.007201089317508891
-375.29034,6.1631203,164.22615,5.088993,-44.73389,4.7010384,52.234848,5.240628,-45.759182,4.457853,41.277752,4.59031,-24.488716,4.2961264,29.025404,4.1736245,-10.936178,3.916232,6.201467,3.6195574,-4.165148,3.8676314,-0.81330055,3.7783842,14.379219,3.41905,1584.6334339399793,106.84304158782848,1821.7887916238944,73.87746200517434,0.00038093602,0.00075905496,3501.4437151065836,0.008519802,0.00082558015,0.07779985680104408,0.007428268998124695
-365.21912,5.7110205,177.6491,5.5897636,-47.07506,4.6395717,65.39771,4.2158027,-30.612583,4.5829325,38.793358,4.6567597,-18.117521,4.326626,17.897377,4.227594,-9.23239,3.6433585,4.4082184,3.4211953,-0.74417204,3.502438,-6.1730547,3.4282856,5.721764,3.394721,1295.2489908674718,101.88154940773242,1588.2348306572082,85.85061052063197,0.00026711027,0.00050287857,2847.229032228828,0.00982649,0.0008227604,0.05640044953596288,0.00836744552640273
-360.01767,6.1718984,177.45892,5.9113965,-49.50745,4.8016553,65.46034,4.771055,-32.914288,4.6995535,38.84013,4.848388,-18.756418,4.2127023,17.010717,4.0275836,-10.759935,3.82205,5.062026,3.607588,0.9115612,3.4394379,-4.6194654,3.1450372,6.2181854,3.2432454,1326.8366892720128,98.31318602750858,1598.8941349334557,87.66792760308181,0.0003040969,0.0007811901,2921.0464512942285,0.009895801,0.0007373252,0.06020587115719257,0.0072354575437150554
-372.66608,6.869271,169.22787,4.8225775,-48.060787,5.5051303,51.107174,5.41328,-44.915783,4.734972,38.999947,4.8299346,-24.68306,4.336975,25.687414,4.519118,-13.178092,3.9533029,5.249921,3.8728895,0.03119725,3.9262962,4.512666,3.661701,13.767891,3.692154,1527.553408268422,102.5004952424696,1734.878995000347,66.33584637738713,0.00034329345,0.0004522833,3214.017920261746,0.008541403,0.00083926204,0.07808648129350348,0.00903067878246123
-370.23807,6.957347,171.1005,6.512871,-47.873116,5.541415,57.508385,4.645745,-32.718178,4.68995,45.54958,4.835436,-10.01302,4.6186643,20.864538,4.5341897,-12.313,3.561384,2.226,4.011019,-0.38525912,3.8508315,0.26507598,3.693175,9.6274395,3.5677865,1372.8694216113106,121.4476814833996,1643.0509429757983,93.78357340179049,0.00030990076,0.0008101591,3008.5781725819315,0.009188521,0.0009760629,0.06244448774651972,0.01112437188579363
-359.11658,5.979136,160.45871,5.089386,-48.102543,4.6368628,62.297817,4.3499827,-31.681097,4.434005,48.209457,3.8278985,-15.281332,3.993057,25.0138,3.9312413,-12.145412,3.5289218,5.5577164,3.47691,0.2905828,3.5032187,-0.53186065,3.529143,10.458738,3.432753,1542.6462745699203,110.89089740657337,1803.2324554090703,75.72345237232787,0.000399483,0.00076863926,3503.1673705771464,0.009279196,0.0007802369,0.06720268090197216,0.01012052532261351
-393.96774,11.653367,166.241,8.274579,-24.125517,8.232596,57.939743,6.9802766,-24.98003,7.1923056,36.93728,6.9924145,-7.269051,5.699697,21.171843,5.3328686,-3.3711083,5.7058663,7.23075,5.1568146,0.68969655,4.700461,-3.6334355,4.496882,7.420796,4.2645464,1184.689979071467,172.95033071623976,1630.8056045418753,143.72033191472863,0.00019453502,0.00044596937,2710.1359710339325,0.009714314,0.001818141,0.04179392945185615,0.009869412285164187
-376.56866,7.4395638,169.17503,6.2898693,-39.84867,4.6056876,55.98625,4.6318913,-29.67806,5.0227723,43.738815,4.9591365,-6.5084367,4.797312,22.661154,4.755066,-8.406099,4.32744,4.681998,4.20243,0.94334906,4.0652246,-0.5516106,3.9661198,7.6846766,3.7370067,1302.3202160731823,141.60915640174525,1644.6274608205783,117.29194720326385,0.00022513303,0.0001867273,2900.3376051334108,0.009538729,0.0010589785,0.051141513196055685,0.009491564264803045
-373.8534,6.2003508,158.86153,4.886154,-34.29033,5.1170707,50.969936,5.2986436,-40.952175,4.5493016,35.50303,4.7881193,-23.479616,4.586358,22.266092,4.317859,-8.587475,4.1574445,10.950757,4.378387,1.1286682,4.0386844,-4.6200366,3.4990845,3.7329657,3.584835,1533.6995091919275,105.73322063039372,1823.4413094286376,72.84702701376912,0.0003127402,0.00053636805,3482.2586803037993,0.0092544425,0.0014645208,0.0679764537412993,0.006972739643017233
-383.15067,7.0571465,166.78804,6.092764,-32.220364,5.38282,60.686455,4.832238,-23.25929,5.1284566,39.593887,4.718911,-12.545037,4.937749,18.721107,4.604788,-6.2023225,4.4451528,8.82724,3.9345975,2.3154871,4.116602,-3.4210417,3.603219,6.1857157,4.2770023,1245.1264979646098,123.27330881649543,1652.6417442409943,110.00096621969497,0.00021153507,0.0003286158,2842.432773528132,0.009510727,0.0009172021,0.04818576892401392,0.011514921398556553
-361.9082,6.1545043,174.43416,5.643528,-49.058113,4.4149256,65.11406,4.548279,-31.770805,4.320728,39.846878,4.207258,-16.587791,4.229629,19.584024,4.2178164,-8.621106,3.913019,6.2251315,4.1111097,0.23227379,3.8662994,-5.2434525,3.3707907,6.175998,3.7355793,1347.2312257862577,104.5099993579675,1624.7653137716036,86.23761857908097,0.00028927333,0.00046810048,2983.972366226798,0.00977724,0.0008005399,0.05884298868909513,0.0073417465602547685
-376.81458,7.487329,160.02963,5.191254,-42.991497,5.475797,50.650295,5.6061034,-44.403786,5.0633564,35.808548,5.129594,-24.67667,4.2757397,23.277304,4.327648,-7.5320687,4.313316,9.933558,4.468763,-1.6050439,4.0240345,-2.8382237,3.9514222,10.550119,3.9796884,1585.1579434697464,109.57781447070359,1792.5676896578634,79.61972133223611,0.0003354625,0.00042323724,3504.5662793648494,0.008562971,0.0012300613,0.07771149035672854,0.007965219963558152
-365.3147,5.729072,161.52005,5.05693,-40.418064,5.133886,51.270565,5.1988635,-44.133244,4.469501,39.877262,4.8916817,-24.393791,4.3487225,27.403414,3.8868606,-6.5064993,3.821714,10.617346,3.937144,-3.6532643,3.8817186,-7.651572,3.9680436,5.012326,3.9178407,1587.5858600062957,96.49796907521828,1836.0303556350814,68.1664475322093,0.00036760123,0.00067239016,3569.4406743945765,0.00927803,0.0011659199,0.0794935469837587,0.007342746101581852
-376.52118,6.118246,168.258,5.0652785,-48.01681,5.1331697,52.07095,4.9656897,-46.376595,4.3432474,40.476578,4.378661,-27.261154,4.1172805,24.555939,4.005266,-14.646043,3.6412904,4.0986004,3.8832612,0.46809345,3.5717542,5.1203895,3.7635386,15.589091,3.7517285,1552.9859430628562,114.70558407850118,1760.6425413932984,90.83849592454158,0.00033110986,0.0002872442,3328.3787136564674,0.00840422,0.00074977806,0.07836404256090487,0.007332246747410481
-373.21744,5.916731,156.2699,4.423947,-35.747025,4.706238,56.199036,5.2278624,-41.496338,4.232237,38.284584,4.2956877,-22.818193,4.3176007,24.009777,3.965663,-7.702264,4.1316676,14.178501,3.6186965,2.3043084,3.725716,-4.523209,3.3472683,2.5268934,3.6095374,1582.3833209543377,97.61778088331471,1876.2411849310233,64.64073944302056,0.00029533895,0.00030390042,3690.4213040168215,0.00940807,0.00095081475,0.06410758954466357,0.007555902345345802
-369.09863,6.3228617,163.8471,4.265524,-45.139606,4.914992,49.238834,4.4970427,-43.93336,4.0500236,44.53305,3.947041,-21.424984,3.9069896,26.692665,3.6796198,-12.6592655,3.3169787,5.6289907,3.4943428,-0.51570904,3.809493,5.458948,3.982736,16.038034,3.4112027,1581.1390148611283,86.08108090745296,1808.9899272744872,60.293389159997766,0.00035333566,0.00025963044,3483.832452689965,0.0085918,0.0008657432,0.08024579466357308,0.007611339862119314
-371.82846,6.6853504,171.84685,5.8144417,-44.52853,4.0665936,58.594837,4.4331226,-31.384857,4.9517894,45.66378,4.665732,-9.295984,4.0251284,22.196732,4.2554445,-11.510382,3.9844096,3.352172,4.34604,-0.6273699,3.5804553,-0.6792245,3.6864676,8.735708,3.3272471,1330.4202516799699,125.45397804967477,1640.9287682629586,95.78877263999408,0.00025585893,0.00029627082,2934.111260150812,0.009411617,0.000791476,0.05878521062935035,0.009720679371866926
-363.0839,10.19154,184.89864,8.870474,-47.813168,4.827201,59.195065,5.086675,-35.116127,5.7833366,36.328365,5.190644,-21.640724,4.8212166,16.242159,4.5621557,-10.667735,3.9892678,6.3861003,3.7776425,1.9683663,3.5694427,-4.530008,3.7004485,7.033597,3.5902028,1263.09033295101,134.16849754087963,1536.1030185070395,126.74292311544309,0.00030269977,0.0011588503,2654.504366208672,0.009794893,0.0011961241,0.05860168032192575,0.008287638709516317
-375.48328,6.774361,151.01512,4.3301134,-31.47542,5.013845,56.01135,5.0528245,-38.006073,5.0878353,37.3383,4.7904534,-21.45382,4.318858,21.205233,4.358303,-10.169041,4.0826793,10.679164,3.835978,4.804592,3.483275,4.793692,3.8135898,13.039643,3.3359752,1570.6953536398369,97.50710310669945,1893.2878909196581,66.66648072888036,0.00027497258,0.0006163197,3731.23946400087,0.010043682,0.0013062479,0.059839943445475635,0.006185925192176366
-377.713,6.2397313,165.50609,5.067751,-46.02382,4.7519193,48.663475,4.910767,-43.421913,4.797246,37.22747,4.412094,-22.955746,4.637074,23.095264,3.8975883,-12.032719,3.8584456,7.1901617,3.9907072,2.8966773,4.155805,7.1420374,3.8922045,14.827123,3.768486,1528.1753394908367,99.20194621353286,1727.0859487787664,72.57740857444969,0.0003266878,0.0005449119,3239.1732979263343,0.008531654,0.0007567631,0.07844901029582367,0.006759288407549022
-364.90875,5.876915,179.1135,5.9482675,-47.874634,4.779802,64.746056,4.754899,-31.619694,4.6688437,38.12274,4.286262,-18.702122,4.485875,17.33536,3.7877934,-10.651116,3.9592807,4.7799745,3.8112426,0.24018304,3.506582,-4.9629927,3.3142297,6.4153438,3.3208697,1289.7294282852201,102.31912836735444,1576.4479174144283,89.89038702398234,0.00026225045,0.00047392072,2818.451480024652,0.009873048,0.00071335863,0.056886464979698376,0.007291925708358565
-378.67026,7.8537593,171.22713,6.5471067,-43.710022,4.5969157,55.702488,4.6627536,-28.41633,5.200579,44.12729,4.9076123,-12.361967,4.649214,19.57554,4.237673,-6.001857,4.30302,6.9861827,3.7883265,-3.8824759,3.9948738,-8.413063,3.84526,6.1917014,3.8279302,1327.8161990464905,130.03912171024143,1611.6643685131294,108.35443212278163,0.00024817704,0.00028655695,2844.8558833925463,0.008921289,0.00095907156,0.06380283860208817,0.009641277628243662
-377.52762,7.1688704,153.52876,5.42087,-33.588226,5.9634304,58.478466,5.327457,-40.1065,4.936485,40.258823,4.932584,-22.520945,4.273367,21.212042,3.7940247,-11.269108,4.0750937,10.279247,3.9988742,4.567293,3.9643908,4.5522985,3.5776012,12.260008,3.8256235,1565.6413077925806,132.82036827739628,1888.1440702116813,91.14548047591825,0.0002557374,0.00043521938,3729.9904382975637,0.010298587,0.0012781784,0.058100937137471,0.007539441150046713
-382.0098,6.8572626,163.06796,5.5444236,-47.912518,5.827707,49.91349,6.203288,-44.271988,4.676444,41.899075,4.6433034,-22.549585,4.613958,25.138527,4.2327447,-12.632083,4.0604534,5.6912293,4.0505595,0.0732216,3.45725,4.137377,4.1425915,15.476436,3.6107447,1605.233868472103,116.28833511002112,1793.3969736172214,80.23956630278629,0.00040259058,0.0004250681,3490.9768797128772,0.0074029067,0.00081887614,0.08223630546693736,0.008644402047366526
-383.96063,8.116117,171.70425,6.7668595,-33.7807,5.5436482,61.057625,5.557713,-27.140903,5.766,41.707706,5.4402704,-12.089396,5.2071486,20.152649,4.6103506,-9.039245,3.9191086,10.081449,4.0058174,3.671124,3.955877,-3.4094903,3.9501715,6.8014903,3.8542185,1224.926277948408,143.8995999771542,1638.280201479656,124.78857999358159,0.00022737496,0.00063710683,2777.2336318155453,0.009650021,0.0009931254,0.04736667995939675,0.014855745338708093
-353.77292,8.838712,155.01547,6.2875843,-41.59923,5.9975834,72.67466,4.949727,-35.36499,4.4830585,43.32361,4.199267,-21.317951,4.082466,25.485048,4.4776955,-9.727546,3.6984887,6.6822743,3.8793433,-0.68828857,3.5636718,-3.6623554,4.1962748,8.809405,3.814266,1625.0074676884492,132.07470097328496,1897.7080346005152,74.96165566219629,0.00045406693,0.0011127013,3835.283305086282,0.009796755,0.0015791957,0.06886011818445475,0.012598356155183593
-366.1991,6.0138035,156.28552,4.6395254,-36.406334,4.593805,45.043377,4.8905597,-41.259323,4.306267,35.11549,3.99334,-21.25117,4.1540895,23.447052,4.0925736,-7.10814,3.8742547,8.472767,4.3411236,-3.8964465,3.7373738,-7.138847,3.780685,6.8456306,3.9342396,1596.5223605350693,103.08659043407138,1822.1964456715114,66.76866351315215,0.00036087577,0.0005037132,3541.1127714435906,0.008859856,0.0012899311,0.08085189783932714,0.006859229914151568
-385.31885,11.733176,166.15005,10.281617,-34.96913,6.316286,56.491264,6.3109016,-24.06115,5.981808,39.600014,5.4381614,-10.475202,5.4088683,19.414331,6.230764,-6.604847,5.024195,8.49958,4.094732,2.7572386,4.4733706,-2.8061824,4.1348853,6.015193,4.574005,1291.9993842757517,201.26820353215192,1652.505174069784,153.4603715285439,0.00024140673,0.00041336077,2895.3165218061195,0.009284948,0.0026460753,0.051800862819025524,0.01601074741412429
-371.05505,7.2787633,159.38548,5.562851,-43.742443,5.7960334,47.401646,5.796002,-42.563976,5.0749764,37.879295,4.720746,-21.997503,4.5391517,25.39874,4.0782194,-10.762882,4.01764,4.2159715,4.002699,-0.8477655,3.7584658,4.4223914,3.7909315,15.649098,3.5134535,1598.4421349867553,117.75451985882938,1796.1891745813914,75.11176690427861,0.00037370733,0.000675303,3476.7379866951856,0.008640189,0.0011299938,0.07976884244489559,0.009370462536126946
-371.17285,5.80986,164.1569,4.7215633,-46.29283,5.404473,50.409946,5.34366,-44.175446,4.384455,40.217873,4.8612347,-25.21125,4.1946526,24.193623,4.0920534,-11.01717,3.5529432,5.450857,3.8207452,-5.30089,3.831695,-1.2376721,3.7935538,15.751682,3.6931615,1575.1515471907906,84.0543322865572,1783.2899833093143,66.09971271574639,0.00038191103,0.0009126843,3437.0939108722446,0.0085798185,0.0008156246,0.07895201928654293,0.0070204402887629755
-363.2392,5.810086,178.1693,5.5634685,-49.251167,4.109986,63.535847,4.147858,-31.350443,4.382332,39.082275,4.1721907,-17.313631,3.901673,17.42391,3.9078598,-10.263148,3.7569048,4.9231257,3.373736,0.5148117,3.1286066,-4.9346056,3.2708097,5.3860154,3.4686375,1304.6093505132287,93.76818192408048,1580.6178153976782,81.44313836143611,0.00027410558,0.0005609613,2838.236047165023,0.009719654,0.0007590612,0.05873762869779582,0.00742088132251101
-367.75204,5.722992,177.43924,5.124845,-48.075806,3.7983801,65.01163,4.424662,-29.689802,4.043734,38.5696,4.0006843,-16.07634,4.182846,18.74482,3.7229786,-8.342881,3.439051,5.8088737,3.6441505,0.13374284,3.687744,-4.190976,3.3735013,6.6029873,3.2639968,1280.0339507708445,93.47944940217576,1576.7390901835238,78.37952292750823,0.00022484812,0.00013665516,2819.825408298289,0.009835325,0.0007683457,0.05435555938225058,0.007392808846968061
-372.18695,9.119774,178.70119,6.46175,-39.884098,6.2633715,58.452965,5.5899606,-26.64211,5.135683,36.73293,4.830511,-14.112683,4.7904863,18.03814,4.8457656,-7.213774,4.522909,5.675477,4.5404744,2.131715,4.1491795,-2.785304,3.956127,7.117036,4.0557246,1190.0648936722052,113.94424228155455,1535.2701644736933,99.30196945512657,0.00020465067,0.00027470975,2550.260681010731,0.010050691,0.001074819,0.04940250688805104,0.008255059262719217
-353.69138,8.6526165,132.114,5.623597,-75.33012,5.0179615,96.77631,6.5730014,-62.85615,4.6943974,48.499645,5.663407,-26.282959,4.7675896,26.946255,5.3318505,-15.442509,4.073669,4.91268,4.2627554,1.0421227,4.0305724,-5.824876,4.2720447,5.5556617,4.1629496,2535.4339277156964,110.82277828214782,1973.6188701885505,42.8117749967227,0.0013277712,0.0030735643,4760.811351236224,0.006451651,0.0006316594,0.21004590523491878,0.019644522672856945
-367.8265,6.780612,162.9973,5.154052,-46.7871,5.154961,49.809635,5.3576527,-45.35616,4.593913,39.06459,4.1660833,-23.32659,3.752421,25.25823,3.7865887,-12.0415325,3.6224232,6.878911,4.039464,1.5389563,4.003778,5.3319993,3.791408,14.847371,3.7073586,1600.2370874728633,106.55886297630016,1786.3483003035778,67.62846897303409,0.00036587854,0.00044519018,3463.098626015081,0.008691788,0.0009907534,0.08331143053944315,0.008007245855286222
-333.50238,17.554266,165.1966,5.335815,-81.044556,7.8971763,65.68783,4.6732645,-58.429577,5.917424,38.015617,4.261101,-33.079605,3.9567773,23.415907,3.5430217,-14.921972,3.3241584,6.24311,3.1631649,-5.7042193,3.2834055,-9.187761,3.1431363,7.3234553,3.2658162,1893.3608800674265,102.73444487608074,1751.7195466075248,58.57354545935976,0.00080283545,0.001394132,3863.9859157482597,0.008499023,0.0012473518,0.11834872571055685,0.012570589319183145
-372.29633,7.6222405,176.0308,7.4040484,-38.000164,5.6591663,61.036694,4.9323254,-26.364477,5.4676895,35.941433,5.637023,-16.214788,4.972758,16.892763,4.60589,-7.765432,4.869608,5.9635296,4.1311316,0.5455073,3.85324,-4.4664197,3.4217029,6.945878,3.638108,1218.778029861708,133.34953355209396,1573.8669141623013,130.30118489507979,0.00022669166,0.00051330455,2693.9236174050175,0.010012483,0.0009214204,0.04867178436774942,0.006985456460542211
-367.3362,6.6005034,178.04132,6.232024,-48.078373,5.838068,64.92361,4.522827,-30.311094,5.0148697,40.05001,4.909855,-17.544333,4.802249,18.140165,4.6307,-10.468839,4.1877337,5.755712,4.053175,-0.21153936,3.748121,-4.589299,3.6707275,6.661898,3.5027814,1298.3690979153068,112.72248132110916,1592.126432678191,107.67130274273826,0.00027427648,0.00061041315,2852.6498037811775,0.009728363,0.0006639983,0.05665988435324826,0.008235527092448472
-367.19614,7.4986415,159.03687,5.28695,-40.132008,5.2495956,46.130783,5.447415,-41.3888,4.6064243,34.863754,4.0961084,-22.01927,4.5064416,21.907894,3.9059458,-7.7065125,4.1425333,7.290202,3.979081,-5.4869466,3.596226,-7.227939,3.4087958,8.905866,3.4935987,1574.6356559171134,112.88137374801211,1778.5718884642831,80.76424397503084,0.00035019568,0.00038243248,3430.374152588457,0.008750366,0.0012932493,0.0800622643561485,0.006691237219594847
-387.60034,9.815947,168.118,7.031683,-31.945766,6.4370317,58.85224,6.336761,-23.865034,5.9295983,37.85356,6.2935166,-11.799472,6.140208,19.130266,5.927887,-3.6105917,5.351291,10.200902,4.3353715,3.4744015,4.8945065,-2.589369,4.4321337,6.2380395,4.179726,1225.547379353967,146.41079577478337,1625.5055421144982,132.97898494469388,0.00022072735,0.00059327896,2758.9728760332077,0.0094852485,0.0015869065,0.04842367858178654,0.014361404371958908
-368.58664,6.4481964,167.5551,4.8371553,-47.525795,4.58044,50.274616,5.614355,-43.026104,5.2280664,43.849606,4.5269766,-22.894436,4.614847,24.023508,3.9404638,-14.947943,4.0183973,5.6539416,3.6945748,-1.9852347,3.7883952,3.2647166,3.7911177,14.142789,3.5488381,1553.7466020480122,103.77434163289851,1770.3574038396368,61.55988585009145,0.00036765364,0.00069071195,3335.872867876305,0.00863222,0.0007919507,0.07878548252610208,0.009074830026955909
-338.8919,19.096016,158.16022,7.6984687,-60.80843,7.12554,61.665478,4.9741254,-34.1665,5.357138,34.263958,4.983858,-18.45154,5.6084957,16.695408,4.351679,-11.030909,4.027857,6.827178,4.085786,1.6932714,3.4191017,-3.7152429,3.3386986,8.118024,3.9283612,1680.6782540050945,147.14983424050806,1705.7080547448413,80.90662417092962,0.0005517127,0.0008929072,3506.739584088602,0.008963736,0.002080259,0.09391313805104408,0.014888494259590922
-390.39618,10.21823,173.7392,7.8962345,-27.971266,7.140117,64.10855,6.7762594,-28.26583,5.9631805,39.78125,5.9590006,-14.935198,5.4126525,18.5983,5.4401293,-9.568535,5.143856,6.0136075,4.420273,-2.2819126,3.8662214,-6.934073,4.2965627,6.49364,4.0728645,1188.0172231332604,157.291483731758,1625.6325442415214,147.49104679604832,0.0001945571,0.0004161156,2686.5543657555104,0.009732904,0.000723474,0.045051025957076565,0.010685388237662283
-371.75204,5.699776,164.20132,4.5195074,-44.967827,4.753207,51.201683,4.773001,-44.74559,4.2655525,41.31812,4.5820937,-23.764275,4.07023,27.255558,4.0157423,-9.890661,3.527526,5.7969193,3.9674761,-4.2906723,3.6429334,-1.3113838,3.6600196,14.085323,3.3529136,1582.6591445487372,87.66090462054223,1809.2842071838568,63.1289126464893,0.00037363975,0.00043125483,3499.170488326566,0.008345076,0.000883326,0.07904944895591648,0.00773897879834716
-398.9235,9.875909,168.81119,6.6413217,-26.13845,6.879251,63.282463,7.000831,-26.469398,5.8245816,39.195267,6.711329,-11.282646,4.999634,21.474743,5.4884567,-5.208009,5.1293855,6.6908607,5.0457015,-1.5925004,3.8939593,-6.2153807,4.2320366,4.9436307,4.6706953,1184.1039075928672,136.51463988468583,1642.8888993884432,129.25661396005796,0.00017335807,0.00037029368,2738.513835013051,0.00972427,0.00082960306,0.03961422382540603,0.009802564924552348
-372.18997,5.641497,162.21788,4.8510647,-38.179478,4.4259152,52.00246,4.6786017,-42.749092,4.3067155,37.99674,3.911949,-23.508833,3.9616125,24.128628,3.6598353,-9.297152,3.7003875,7.0185204,3.5703678,-6.7711625,3.6058683,-8.82212,3.4885275,7.270781,3.6473734,1535.839942338481,100.86265523860861,1801.2355462354462,73.37959046284061,0.0003714922,0.0011506166,3432.422554741879,0.008949737,0.000964475,0.07350841973607888,0.006928965961733341
-366.81488,6.6780233,156.51082,4.1719637,-30.941792,5.7118664,54.7065,4.532205,-41.86024,4.638287,38.38213,4.540136,-23.727068,3.9498987,20.780575,3.7789207,-13.380701,3.753222,8.023215,3.4414392,1.2236544,3.6226583,4.610576,3.5875375,13.693321,3.583143,1572.6147756881044,95.80433012692374,1898.6040722301987,67.87894960572443,0.00033476873,0.00078368874,3747.801544826711,0.009961501,0.0012660874,0.06453922563805105,0.007008651548931879
-368.09952,8.066905,182.50359,6.9818397,-51.874718,4.8785195,62.204433,5.611011,-34.14249,4.8693533,38.797012,4.8301506,-20.36025,4.767062,17.835321,4.280302,-11.263728,4.0843625,6.796746,4.091794,2.7617862,4.1964564,-2.3687737,3.696175,7.0498366,4.6279955,1300.879460875678,110.99134299835343,1554.3864152637632,112.6056716398926,0.000237633,0.0001162313,2760.7215120178366,0.0094648255,0.00086989533,0.06293730060904873,0.008243448336297083
-367.40872,6.617598,162.69484,5.261862,-46.982643,4.7229705,60.750507,4.624101,-30.857834,4.2646956,46.57116,4.5364676,-11.333352,4.2253804,27.022736,4.2877626,-9.406879,3.6345155,5.985719,4.088634,1.0609983,3.7051485,-0.23506643,3.9127834,9.3724575,3.6274345,1461.3002862555159,113.0114067673945,1749.253903094481,71.69440496532239,0.00034652578,0.00090031815,3296.57851925029,0.009297433,0.0010311649,0.06155855749709977,0.01028293680597817
-363.03473,6.2041416,177.31868,6.057718,-48.66731,4.071767,66.0253,4.3341684,-33.35843,4.8915925,39.29268,4.6175885,-18.99301,3.9025838,18.02394,4.0077887,-10.079045,3.7764752,5.6395736,3.7149708,0.042759854,3.4779127,-4.951041,3.3020148,6.441524,3.6688008,1331.3090520349165,111.51367796645837,1610.8754425752188,95.29481859718695,0.00028701153,0.00061978213,2946.82634181047,0.009838246,0.00081751164,0.05813832294083527,0.007969217667151519
-379.98975,17.22255,163.62419,16.211842,-28.851372,7.1534634,62.03444,8.837653,-30.893112,9.528904,43.36864,9.280758,-17.65201,7.539506,25.64606,5.9819603,-6.5893054,5.1042223,7.2560077,5.084323,-1.4734068,4.462046,-6.6598544,4.194819,6.2368255,4.347302,1412.079006168265,376.3354075289331,1795.6912227849025,300.4024318306485,0.00028587822,0.00040680685,3311.0921979227087,0.009502935,0.00089992787,0.055108939965197216,0.022462746666469163
-393.0077,9.718056,174.60081,6.5884213,-37.020615,7.7515173,63.481255,5.6610065,-25.963156,5.086907,43.076412,5.3803377,-12.819807,4.85826,23.984142,4.6672974,-6.8563695,4.648879,4.8120217,4.314732,-2.1716936,4.0320015,-9.991982,4.5812883,3.3065062,3.9099326,1190.078788377168,122.93703311490162,1594.7736383267277,108.32173800440385,0.00018710562,0.0005200984,2622.7791133446926,0.00975603,0.00070497673,0.04347855640951276,0.009148525642927787
-379.2846,6.8874326,167.30559,4.971002,-46.71449,6.084333,46.975533,4.719647,-40.15137,4.946143,43.97002,4.225871,-21.277317,4.067623,27.124067,3.9685516,-11.62403,3.7685013,4.767575,4.466218,-0.7950005,4.092471,3.0305984,3.639189,14.245387,3.7277775,1492.3045664263468,90.136627741278,1738.449796621086,67.5511235879767,0.00031216565,0.00049334695,3111.2730659077724,0.008537521,0.0010338778,0.07114518380220418,0.008433751255064481
-364.79507,5.1052756,179.36267,4.7792068,-50.18962,4.3618374,62.224243,4.426299,-28.570448,4.16316,37.492035,4.232485,-14.615085,4.063131,17.729261,3.8369534,-8.471772,3.8172097,3.3447986,3.591787,-0.5527528,3.619693,-6.191808,3.0454338,4.793069,3.3384793,1270.766122957555,74.61951233393702,1535.5401251637306,64.5491903319819,0.00026407666,0.00070787093,2736.5653549158933,0.00984286,0.0007647138,0.056478619852088165,0.007474654820513234
-363.34955,5.26925,178.69838,5.0366726,-50.37526,3.999177,63.17222,4.187367,-29.375322,4.3018026,38.033993,3.7419982,-15.606817,3.861654,18.205973,3.943534,-7.929172,3.7220018,4.704491,3.697884,-0.78381926,3.5621755,-6.7601466,3.5579433,4.560468,3.235398,1289.9671264572244,86.24309743064578,1554.0120016772607,70.72014059219357,0.0002699157,0.00059885863,2792.5217064240137,0.009876686,0.00073195045,0.05709265334976798,0.007239845986392645
-373.02307,6.1647615,168.76782,4.858992,-47.46277,5.0706415,48.115784,4.847857,-42.569515,5.0193553,40.601475,4.690955,-26.27409,4.573792,26.10129,4.458284,-12.977984,4.116169,4.313848,4.2992263,-1.0459504,4.2417316,3.3363364,3.8200264,13.950095,4.014452,1529.8661861222922,97.95160711971992,1748.686844344544,76.45970593593458,0.00034566261,0.0004875323,3174.4737664950694,0.008437447,0.0007809242,0.07778399615719257,0.008290972138989999
-375.55957,6.17615,174.51851,5.076937,-49.750515,5.5433655,49.297646,5.214933,-46.212452,4.7415,40.996475,5.0554805,-27.797804,4.41459,26.683449,4.207665,-14.954768,3.9361074,2.898876,3.9707866,-2.1502988,4.102588,3.542399,3.594255,13.907417,3.7443779,1489.6417762078993,87.4831951754091,1709.1653177900976,66.48340267378522,0.0003536332,0.0009151619,3016.247190400232,0.008512437,0.0007471669,0.0778225148636891,0.006826203637044635
-354.7432,5.5297427,157.45338,4.3593583,-40.92998,5.266028,48.18911,4.703941,-41.061565,4.7149453,36.544926,4.476813,-25.565844,4.029769,21.204624,4.0861135,-8.791136,3.7402925,11.005286,3.8433123,3.4185865,3.8594522,-1.2910391,3.4973056,3.2994337,3.3658533,1621.4372133989802,87.92143425958649,1835.7226479349197,62.19290469330555,0.0003851295,0.000701069,3629.6686938080047,0.00951349,0.0011308461,0.07783950841067286,0.007460324629570749
-374.61417,6.597496,183.49242,5.9518747,-42.563942,4.856201,56.181973,4.75161,-24.274366,4.586255,34.41779,4.3970685,-12.295951,4.6118274,17.93042,4.786408,-6.5340805,3.8709483,4.854498,3.9974065,0.26276758,3.8651855,-4.257648,3.6195595,5.70124,3.6019228,1138.6136457681378,93.76419297253126,1462.635046449107,94.66763294212876,0.00017331744,0.00014713682,2380.767893072071,0.010084805,0.0010266079,0.0475672038138051,0.007120476889612326
-378.25693,6.5804377,164.65285,4.6797886,-43.039993,5.813355,47.19478,5.434561,-40.24351,5.514663,39.52759,4.7181816,-25.089893,4.5114,28.22331,4.435838,-9.149327,4.1491423,3.4569826,3.6852071,-6.99997,3.868513,-2.7054372,4.1621466,14.656515,3.5090373,1518.9498681231767,97.33750056995748,1770.4064140634232,77.42971137490272,0.00030535515,0.00044264423,3196.7563850420534,0.008776523,0.0010310123,0.07309944170533643,0.008670541029409198
-364.478,5.5807514,181.22752,5.2441244,-52.237167,4.8233256,63.4382,4.189171,-32.11031,4.118013,39.77148,4.0863442,-16.96548,4.510021,20.13066,4.4219766,-9.174185,3.5419672,4.9057255,4.0214834,-1.0692624,3.708166,-6.3729587,3.449698,4.759498,3.672257,1287.8277373172205,92.20797763607398,1557.1193850801108,82.95181700736433,0.00024519625,0.00022204145,2764.618472212152,0.009815424,0.0007538625,0.05731017075116009,0.007574600678309328
-369.24756,6.0654354,167.54842,4.3619723,-47.16863,5.108766,46.703896,4.668297,-42.44691,4.3635926,37.788944,4.3149967,-25.739025,4.435921,25.43655,4.046053,-12.673398,4.1905427,3.671013,4.0982966,-1.4668031,3.7868526,3.8612845,3.733409,15.324448,3.4165587,1535.3070264161918,84.9769769000429,1734.6740743360065,57.176968178917704,0.00033706886,0.00033913608,3152.3909920606147,0.00861378,0.0007861453,0.08175595453886311,0.007834277867379242
-379.16788,7.145584,158.56126,4.598824,-32.579784,5.308398,52.096073,5.20587,-39.537403,4.910003,39.04178,4.8595357,-21.389242,4.315066,23.650583,4.6722765,-10.229173,4.324347,6.9771914,4.141953,2.7308693,3.6810381,3.560407,4.1609287,10.337545,3.7912889,1471.671888412936,92.35504802227416,1821.3800084749328,67.94312301406235,0.000209795,0.00017667603,3386.9829996555973,0.010360496,0.0012368358,0.05540802639211137,0.006006112854402728
-362.08823,9.953216,166.5864,6.1196303,-50.45259,5.151852,60.36204,4.46894,-33.015125,5.1659455,39.751812,4.3098407,-18.248297,4.443377,20.84958,4.398853,-4.8533716,3.8962216,10.666906,3.6015952,2.3279102,3.6249468,-3.2684286,3.1655416,9.487567,3.161559,1464.501469993153,124.61335816731474,1695.644703071621,88.10750379927251,0.00024881065,0.00010620877,3235.0515131054235,0.010085157,0.00073639594,0.05503983287412993,0.009225250587855014
-375.8536,6.4265265,169.55336,4.8223667,-46.360825,5.5704885,46.53075,5.0268774,-42.148106,4.842788,40.12691,4.684375,-25.303288,4.446208,26.56051,4.4207296,-12.635055,4.0457177,3.6852195,3.6609972,-2.6470098,3.814682,3.968068,4.1357713,14.707536,3.8197687,1511.1124737938367,85.39581537500163,1731.8564173334064,67.37871960449223,0.00036066314,0.00074469374,3091.038849514211,0.0081652,0.0007787175,0.08044065400232019,0.00731104305524464
-364.63727,4.927739,181.4118,4.6726127,-49.75625,4.206126,62.36706,4.197488,-30.833145,4.0825434,37.981346,4.022619,-17.15568,3.9890568,18.590347,4.017891,-7.8399696,4.075573,4.1033087,3.673344,-0.46736327,3.6292734,-5.3922076,3.6617067,5.5451813,3.290759,1261.1910767540194,80.97087145863598,1539.6171758784924,71.17095451827166,0.00023408663,0.00029793222,2706.3389328958815,0.0099255005,0.0006498445,0.05661230242169374,0.006247189674755845
-370.04306,5.904462,182.32175,5.2529926,-47.63556,3.9847,61.698345,4.2198133,-28.643784,4.1789184,36.677067,4.1826744,-15.824068,4.3614917,18.049742,4.4555593,-8.1019,4.139134,3.9514222,3.5017486,-0.3958884,3.4870143,-5.827956,3.1833332,4.367854,3.5572736,1221.6619444173882,92.37627992224917,1514.9786895985003,89.37811004394658,0.00021013053,0.00018570095,2617.633127447071,0.009814756,0.00072888494,0.05278988725348028,0.00744216458869727
-396.2307,10.1535225,177.18558,6.646709,-33.494747,7.045496,62.19184,5.920429,-26.36567,5.6162066,40.19128,6.168393,-13.570786,5.129456,23.301865,5.717423,-6.5338283,4.7988725,5.501119,5.1505775,-3.7690313,4.7690625,-10.025579,4.4244437,3.518374,4.3590064,1150.9917473277765,137.46520330946856,1568.4204460678598,118.05686456360982,0.00014692469,0.000117995434,2497.4019132468097,0.009882485,0.0007437978,0.04208168684744779,0.008320002346082853
-343.08453,12.593015,171.41495,10.607232,-57.8612,6.6728644,57.704857,5.9631686,-36.72078,5.469835,32.74647,5.496225,-24.837786,5.1002016,17.359144,4.3102884,-9.864271,4.47945,6.551085,4.203987,-1.7594142,3.973207,-6.438545,3.4959753,5.7665806,3.6372857,1529.2890275145553,181.3531900137536,1633.2260424635479,138.2620412410646,0.00046984595,0.001330518,3169.802410364704,0.009305843,0.0011200244,0.0837872498549884,0.014872432328564222
-369.87576,5.8633237,171.03343,5.107378,-47.148556,5.3362722,47.631336,5.166057,-42.727627,4.9627256,44.552086,4.4824843,-22.588026,3.8059106,27.5935,3.9975495,-14.697188,4.2502103,3.579701,4.261462,-3.1988118,4.1296287,2.8302674,3.9417715,13.570091,4.313092,1511.2829694214688,100.26085906184628,1748.9075165039874,57.922638976891406,0.00036723964,0.00077306636,3129.3589580916473,0.008593055,0.0008750619,0.07921598571635731,0.008861562941549621
-387.1677,11.368108,170.19617,8.359111,-31.85218,6.267581,61.18529,5.8370743,-25.46062,6.245077,40.004784,5.8510227,-14.038095,5.0406814,23.625433,5.180271,-5.6195636,4.8727036,6.2015367,4.7145967,-1.2685397,3.8352985,-6.9977555,3.749724,5.1998453,4.0479646,1222.8532889169633,175.96506921938115,1641.6524221455172,145.0120150252627,0.00019020958,0.0002297529,2735.1664461281903,0.009807611,0.0008408411,0.04538863109048724,0.011740447722906744
-354.99417,6.4898324,150.97818,4.906239,-46.626904,4.5473385,67.27717,4.7440453,-29.84607,3.989045,46.627396,3.9604752,-19.530294,4.100724,27.203316,3.822247,-7.511032,3.6904054,10.1186695,3.5263064,1.286542,3.211679,-3.6726267,3.4229512,7.796551,3.2082713,1672.7471527244925,120.42407868985791,1907.947651040441,63.91826528716895,0.00043990294,0.0006395594,3858.015572886456,0.009525195,0.0011608495,0.06890316850348027,0.01328617199428507
-373.40625,5.6372967,167.63081,4.062886,-40.951164,5.4477787,50.18034,4.4528894,-44.097736,4.328805,41.281277,3.7513838,-25.302685,3.9906542,28.255302,3.920918,-7.7069497,3.6127467,7.536262,3.7438471,-6.7009993,3.5680392,-6.91103,3.8505137,8.452834,3.348761,1506.573895000191,83.02283076695416,1789.6716615321507,53.83813228382528,0.0003256721,0.00043358997,3286.6612551660382,0.00884916,0.0007657987,0.07344724296693736,0.007581111640480251
-352.86093,10.976071,182.1986,7.4711785,-56.70262,6.9006267,58.376995,4.838193,-37.086437,4.5778775,32.383926,4.1790533,-20.412989,3.7025867,20.490284,4.152554,-9.996617,3.7248628,2.4571817,3.660771,-4.041276,4.16802,-5.492782,4.029048,7.3875246,3.5242128,1362.8077275960395,124.64069506624877,1535.0144038861083,88.36371725318362,0.00031536986,0.0004773534,2794.2453618945765,0.009609781,0.0012212602,0.06995903422273782,0.010909028689348538
-372.42358,6.0601854,184.60495,5.9375105,-47.50996,4.5819135,62.15593,3.9313731,-28.240665,4.5521054,34.671764,4.510692,-16.375357,4.32507,15.594369,4.3292065,-8.32935,4.104277,3.3977582,3.5668492,0.63957745,3.587411,-4.4057064,3.2921004,6.073694,3.2986667,1190.8476846030615,87.29058526691188,1478.9899944221268,84.90907332269336,0.00024573374,0.0010666214,2533.998366353683,0.009950071,0.00076052797,0.053004005945475635,0.006869461067005599
-383.12903,6.860536,180.81021,6.6388445,-40.8202,5.523125,53.30281,4.8373156,-28.594578,4.5571404,41.717625,5.315479,-6.927288,4.7011003,21.246288,4.3696723,-7.9315724,4.4364495,1.802269,3.8311758,-2.46228,3.9356427,-1.1892023,3.7260866,7.299969,3.6813884,1169.9201963025964,107.82878184510844,1511.3602675460932,108.43369585539197,0.00024194721,0.0010651404,2427.731259516386,0.009547481,0.0009775409,0.04911361658932715,0.008912210446514968
-372.85263,9.30693,187.70421,6.562976,-43.707443,5.114451,57.231705,5.2732744,-26.852833,4.6515017,31.814983,4.750052,-13.947519,4.554793,16.497723,4.5936055,-7.3897753,4.436413,3.4422688,3.6708252,1.0769218,3.6877868,-3.9239452,3.7083569,5.5486536,3.4158301,1131.3970279128832,84.77080003584996,1431.3201309565968,94.90460299240442,0.00020379268,0.0004978367,2353.4142301696634,0.009958951,0.000991189,0.04991571200696056,0.005985087039455166
-398.1337,11.247125,174.25992,7.0145273,-28.977432,7.2109985,59.549404,5.7657623,-26.827541,5.916271,38.22134,5.980646,-12.45368,5.4939547,21.7934,4.939743,-5.8330646,5.1266284,2.9772117,4.51619,-3.7058427,4.8904753,-9.530277,4.4117646,4.26824,3.8531477,1152.9886964106465,140.31292118423565,1578.6160955855967,126.39121499189869,0.00015894875,0.0003214776,2520.8835964689674,0.009843297,0.00065419363,0.040283769576566125,0.007367922249403399
-364.66925,5.9695826,180.66261,6.052486,-49.690083,4.792082,60.791687,4.7915435,-30.454016,4.916478,35.893776,4.1542153,-14.2649555,4.139221,17.954002,4.352419,-6.3234982,3.9668524,4.446127,4.055967,0.18823299,3.4034529,-5.539592,3.4392726,4.488425,3.3483005,1256.5619243811805,90.86368369681915,1522.0177866737095,80.29510826587669,0.000298902,0.0013422212,2696.87131806482,0.009847743,0.0008130929,0.05746197977088167,0.007398479916909476
-382.27545,7.1900578,154.7819,5.046887,-27.202482,5.8802924,50.68448,5.4049134,-35.094368,5.2317896,37.030884,5.4845757,-18.50518,4.1295395,22.969969,4.4467063,-8.301104,4.335975,7.8613553,3.8456717,3.7679543,4.2317257,4.4178057,3.8968194,10.638445,3.95384,1454.3190670431702,107.75708925532277,1830.2537123338145,76.07255774795684,0.00025243446,0.00088021765,3382.2616824970996,0.010204127,0.0015415311,0.05287825369779582,0.007035474212987159
-368.89392,10.347667,144.60745,6.705724,-27.803387,5.397144,56.122513,4.933711,-38.394283,4.9215097,50.223232,5.9639115,-16.221169,5.2170587,29.861341,4.5399714,-8.994281,4.2519846,5.4947987,3.939114,-4.688736,3.7068942,-0.7104041,3.6733627,6.869931,3.7244167,1750.6264953771388,129.60866231150155,2079.4159843983493,73.95682545054504,0.0004176094,0.0005420951,4406.013109955046,0.009025577,0.0015221623,0.06965654908642692,0.013400051233535123
-390.03488,8.813068,178.20204,6.700729,-31.217077,5.6798425,53.5832,5.085673,-24.602905,5.425265,36.16546,4.9993596,-8.664302,5.3518076,18.291374,4.9186025,-6.0804644,4.4306602,9.636719,3.9999332,2.1203432,4.224434,-3.7311954,4.3328466,4.7151504,4.2946978,1113.0853484613986,129.74475087419924,1518.8930303718105,129.97459872007343,0.00018704004,0.00061137293,2357.0613852233178,0.009609986,0.0010679329,0.04623944134280743,0.017466316745737037
-367.85745,6.4051857,181.67778,5.5088487,-49.236385,3.836361,62.50344,3.934374,-29.057148,4.2818727,36.990936,4.536253,-14.616537,4.2490754,17.590048,4.019373,-6.8160477,3.6028814,4.251155,3.302097,-0.79170936,3.4036338,-5.941756,3.566181,4.0233593,3.3686898,1243.5796503203617,99.37471176113931,1516.7200640000071,84.93951280549179,0.00021241103,0.00018084144,2676.8619262978536,0.009839783,0.0007647242,0.05379930394431554,0.006690755174952143
-388.56436,8.976785,179.74779,7.504658,-39.584686,5.750315,47.54881,5.3854213,-24.35742,5.9991083,37.50266,5.37051,-7.9500923,5.690885,20.030987,5.5583105,-2.5078473,4.848639,6.0179043,4.540297,-2.978425,4.3502254,-7.467897,4.182214,3.2336247,3.6773326,1159.3550383315214,128.03810000760453,1467.512649108498,126.77354656032826,0.0001895655,0.00045872133,2299.4313392727668,0.009299643,0.0010602599,0.05158107961136891,0.009153524021484442
-372.9055,6.2323737,165.16782,4.7577686,-42.63491,4.7559037,51.54781,4.8410625,-44.367714,4.5010157,39.860844,4.242463,-24.317318,4.11882,28.51956,3.9017243,-7.637849,3.8268735,8.217885,3.7205997,-4.5054207,3.7774057,-3.9727044,3.927226,10.098422,3.237962,1538.8590001992507,86.65467989009753,1795.8982869517456,63.565276123081325,0.00036125295,0.0008199782,3383.460747172274,0.008741634,0.0008939091,0.07553518343967518,0.007167492146759982
-337.50653,14.499096,147.2266,7.2106814,-53.13892,5.4745145,75.073746,4.4470735,-45.077785,4.066614,42.342663,3.9033892,-21.76383,6.1962543,21.474457,4.504195,-9.846102,4.1033673,8.683753,3.2947097,-0.49876627,3.1501856,-6.182512,3.686187,7.899252,3.324512,1951.9145402679821,117.0038644907872,1942.306708558286,62.33061671014965,0.0007542016,0.0017383299,4240.192457584107,0.008812447,0.0014893697,0.10953360643851508,0.014024841211160117
-376.58105,5.656136,169.31604,4.2843146,-44.085392,4.5502257,45.227043,5.054964,-43.581745,4.653766,41.17995,4.550788,-22.340643,4.2508645,26.49729,4.24082,-13.33851,3.8693569,5.117953,3.9685006,-2.2546668,3.6639867,4.5594516,3.600573,13.876357,3.827683,1499.1343613356755,77.47274929206418,1744.3585903816177,53.541317169260836,0.00034106598,0.00064698723,3114.920220961427,0.008392198,0.00083526445,0.0765729227088167,0.006892399795726011
-366.05997,5.43416,166.32452,4.337897,-37.674362,4.3374906,45.56668,4.2531166,-40.79432,4.0838485,36.287964,4.0036097,-22.280294,3.6840367,26.440931,3.817481,-6.156766,3.6293678,8.325123,3.923618,-5.3422327,3.7654793,-7.0776877,4.0336695,4.1378994,3.6491077,1469.619678884528,86.33663864407647,1750.9534752438835,59.767139048148785,0.00032615336,0.0006520466,3127.3605169663574,0.009199825,0.0011157116,0.07219311919953596,0.007310970551837017
-339.40317,12.621459,170.29295,4.907674,-79.36711,6.017064,56.920197,4.6532063,-52.545715,4.356446,35.657993,4.424823,-30.507832,4.4467454,23.193966,3.5681283,-13.430279,3.7275157,4.7567897,3.7484767,-3.8282127,3.4639757,-3.9993026,4.2297425,7.752406,4.2365394,1745.4985145075489,86.46283398555566,1656.281485272747,56.4579215851949,0.00058084534,0.00058245164,3465.9713851326856,0.008537763,0.0011641186,0.10874397295533643,0.009911840787742082
-374.56494,6.1217704,188.98787,5.8138633,-46.461613,4.1041436,58.016663,4.3342314,-27.916216,4.4661837,33.52852,4.6440463,-15.060735,4.5383368,14.587787,4.2577114,-9.090216,4.142412,3.324839,3.732088,0.30364418,3.8782966,-3.1140692,3.4729314,5.463219,3.3652651,1143.8815139290725,92.06233984133321,1426.9720018313983,90.3422842861563,0.0001777206,0.0001855915,2363.2815332257833,0.009898885,0.00070754625,0.051257069315545245,0.005872140207173968
-404.37247,11.67939,182.1498,7.576497,-26.131893,7.0674133,53.96458,7.226932,-22.656803,6.5463753,33.346123,5.882774,-8.334092,6.200199,20.673374,5.623734,-3.6195006,5.547944,4.95563,5.116177,-1.6687132,4.662981,-5.692877,4.334093,4.0251784,4.844571,1019.8012624731641,122.21274965729944,1441.5772175850966,121.88565679417647,0.00012312946,0.00013694784,2095.665286035383,0.0096593015,0.0012028314,0.03707312209976798,0.007055105296859115
-386.2514,10.059313,175.33669,5.904904,-35.75776,4.6862793,48.75425,5.648855,-25.019114,5.147786,35.021,5.2649217,-8.993218,4.9328623,18.377176,4.8380733,-2.983403,4.6740923,6.826959,4.407517,-1.5994633,4.5904775,-5.4714303,3.8548107,3.8378363,3.8161557,1180.2694028395608,110.47030390721923,1505.0419511055793,92.90219010059117,0.00019016022,0.0003556534,2414.116879350348,0.00948674,0.0019053334,0.052035373767401395,0.010797755085035924
-385.9286,7.6645985,180.11638,6.0432096,-41.9609,5.440802,53.334564,5.242082,-28.383661,5.1996813,42.644077,5.130576,-5.1285777,4.7726183,22.171127,4.303931,-9.22626,4.012504,2.8477542,4.0948777,-0.5287771,4.101269,1.6004423,4.162174,10.216387,3.954256,1173.8192208292594,103.89320994993855,1510.5318722217123,89.11094281466686,0.00020478002,0.00055582036,2430.054447324536,0.00951013,0.00093177723,0.052094284730278426,0.008968629202745491
-371.4543,6.4688478,178.8916,5.941225,-42.649788,4.188057,59.442894,4.487314,-24.445139,4.509294,33.63346,4.5115957,-12.279401,4.378458,15.772897,4.1411424,-6.123206,3.4992619,5.0598044,3.9532664,1.706714,3.6447158,-3.5501254,3.3882856,5.3739476,3.1389506,1187.3512205316508,97.91014625884026,1500.9747712097294,87.88705712576989,0.00020425163,0.00042985624,2566.7478202943735,0.010053792,0.0011026799,0.04993723716647332,0.00781275627898772
-367.94412,6.1486826,163.74387,4.6150184,-40.68432,4.4210014,44.31908,4.5911984,-42.08508,3.9425776,37.58119,3.9869318,-23.2567,3.9703074,26.516039,4.222771,-8.353777,3.9509737,6.5935593,3.7901747,-5.7490687,3.7883108,-5.5107875,3.8635445,8.923819,3.6044695,1533.0870829659007,92.49546431022415,1776.5565427487704,64.36684531304455,0.00031679551,0.00025646453,3265.5777012942285,0.008869193,0.0009476995,0.07771602196925755,0.007332432642318958
-377.2461,5.866514,167.60144,4.685789,-43.250908,5.333157,47.8962,4.588269,-44.707825,4.5406604,38.66441,4.4254003,-25.17725,3.882092,26.09,3.8560238,-11.050184,3.658192,4.2263722,3.9018688,-5.015574,3.7543554,0.40643296,3.7612686,14.786557,3.7608383,1508.8196490781588,88.88339206654136,1752.3812796249017,60.42531519456057,0.00031813077,0.0005773463,3194.0584895229117,0.008664499,0.0009584564,0.07617980532192575,0.007639765851113714
-383.5604,10.326052,174.63254,7.8452306,-31.06006,6.050196,56.84993,5.9096327,-24.358364,5.991865,33.168148,5.254142,-13.579747,5.1874804,22.08884,5.0423646,-1.4692305,4.21411,8.456485,4.0661616,-1.1750536,3.6237319,-7.1202517,3.9182372,3.0939958,3.639596,1166.659058193361,153.60076056531082,1561.9233836885844,140.49110783257933,0.00020033315,0.0005969607,2520.3340251595127,0.00985252,0.0009782729,0.04713103610788863,0.011346277295372504
-366.15283,5.7401376,182.5057,4.916794,-50.03309,3.9316828,63.129196,3.9742289,-30.944786,3.9122553,35.58305,3.825181,-15.725501,4.373004,18.202995,4.2379603,-8.367064,3.9441204,5.0876822,3.4336178,0.22441672,3.5165677,-5.1845865,3.5196438,5.6126637,3.380871,1246.3805983189775,88.35530492102842,1520.3195799153216,74.47276375573824,0.00022450178,0.00024923903,2691.5005075406034,0.009821705,0.0007702358,0.05615347665313225,0.007020260026966127
-372.8874,5.7403464,163.10394,4.434397,-36.11324,5.2812967,46.157738,4.7984138,-43.721676,4.4213514,37.901196,4.3894105,-22.832638,3.9494998,27.414928,3.9649162,-5.713632,3.818491,7.471747,3.88042,-7.7620826,3.8770094,-8.20416,3.7102365,4.6294255,4.006224,1517.4648500752912,85.49780291042856,1796.6481785022486,61.76795316968419,0.00030665498,0.00038543838,3328.7784018815255,0.009020266,0.0009652094,0.07523269830336426,0.00717232535704059
-411.04382,10.9491415,179.4995,7.638661,-19.870754,6.9853134,54.23373,6.4133344,-21.768085,6.582,32.08098,6.413995,-7.4428706,6.5478525,21.011461,5.406509,-2.5692685,5.341965,6.7198157,5.3923564,0.22900946,4.8999386,-2.269703,5.2459865,7.1170244,4.336383,987.6533880820474,131.91061227922356,1460.7987551596157,134.20884412325083,0.000115565716,0.00022188773,2046.7284589798435,0.009940567,0.0011220445,0.03328016241299304,0.009030126048188336
-367.6318,8.3619585,174.74246,5.1746216,-41.596497,4.733027,56.29552,4.227595,-23.641703,4.613516,29.996565,4.439982,-11.319614,4.709941,14.84023,4.4271917,-4.4996777,3.5845017,3.323663,3.5515354,0.22297265,3.534811,-4.7689013,3.2754,5.5973754,3.517811,1226.9919065956112,98.33384337575495,1510.8415061182336,82.2817071379125,0.00022055516,0.00043501466,2648.933711571926,0.009824405,0.0013623625,0.052410364704176336,0.008015285417288975
-344.68362,3.5348074,161.65329,3.6441798,-52.204258,3.450756,67.19515,3.4828296,-38.164078,3.869571,40.901672,3.60389,-22.585314,3.5784125,24.244907,3.2285,-11.45439,2.896911,6.3046217,3.0249295,-3.3396935,3.1955569,-3.037215,3.249848,6.910701,3.261996,1638.5393566605824,67.67614010730634,1819.7732392004302,36.593346630233725,0.00048055575,0.00064728514,3666.489971541473,0.009168127,0.00060244417,0.08061625398781902,0.007959231737449887
-392.78534,8.9744,178.60909,6.668119,-36.45069,5.9990973,63.63021,6.171336,-28.94743,5.8440585,41.34288,5.2159033,-12.339821,5.48778,24.918552,4.785908,-4.9331007,4.534977,5.655294,4.336385,-2.8776536,4.454812,-9.735794,4.046625,3.1976275,3.8095355,1159.1562976375153,121.4105993561651,1562.4370238566264,104.33176183135296,0.00017716168,0.0003349673,2540.493300010876,0.009729372,0.00079286075,0.043785573158352666,0.01051687103055647
-402.1879,10.169843,180.10216,8.105832,-25.712772,7.531286,58.42918,6.799127,-22.56932,6.367508,34.9398,6.152556,-9.439742,5.4817576,18.403011,5.59542,-6.594081,4.901438,3.4438188,4.984805,-4.4258003,4.3638377,-7.9544716,4.715801,3.6353686,4.2891226,1042.1765822936318,131.4273767821679,1476.1454244497845,140.36104025065413,0.00014455542,0.00036901477,2194.937848934165,0.00983294,0.00086865167,0.0388676406612529,0.010537429901619938
-377.02213,6.424308,184.57983,5.941875,-42.123306,4.2332277,54.681335,4.1337757,-23.776585,4.692473,31.687101,4.6529284,-10.372477,4.2903643,15.64438,4.381534,-5.5966015,4.1025095,4.629676,3.7868273,0.64213645,3.8603685,-3.9425755,3.969848,5.9536815,3.6307755,1116.714152806595,101.89384557098124,1428.5811382227548,99.15380403768995,0.00017983289,0.00037451458,2336.977051914153,0.009971919,0.0009368097,0.046374256815545245,0.0065379092799602015
-348.45648,6.5369134,154.57034,10.24217,-70.90027,4.9127913,67.83359,6.149559,-38.262653,5.7779517,41.608295,4.7452135,-23.0777,4.239232,18.883236,4.160019,-10.159646,4.1747856,9.210475,3.9385748,3.5801365,4.110562,1.6207043,4.196861,5.210654,3.820444,1846.5721246394608,183.20165405342414,1726.75971246252,87.94166752986939,0.0005973266,0.0009471026,3763.4393466321058,0.008614772,0.0012161623,0.11678078777552205,0.017692177771943523
-355.7101,8.595357,144.77701,8.124047,-46.836075,5.7039304,75.03647,10.8241825,-49.38774,6.8917494,39.922653,5.0549617,-12.311746,5.1710997,21.313759,4.1653214,-15.424497,5.304201,15.899147,4.3019714,-7.8906703,4.042116,-7.630881,4.227028,8.573825,4.144391,1974.1650411300393,196.03732313286477,1962.6416199546136,63.729511317047695,0.00059684674,0.00043471012,4122.38435324826,0.008185078,0.0008797293,0.11017143090197216,0.021481546976776424
-369.62772,6.297007,166.36092,4.8451824,-37.088634,4.741764,45.960705,4.635904,-41.94767,4.085582,35.050434,4.3568506,-22.307451,4.140336,26.084866,4.096845,-3.8254366,3.8334217,9.426772,3.5916066,-4.5430107,3.7323394,-8.396645,3.6306155,4.1822085,3.5127785,1455.274530670319,82.68424981219904,1731.8244231547224,64.01450366000222,0.00031270724,0.0006527546,3099.8319904654873,0.009240536,0.0011268641,0.07160400957076567,0.006626654219102582
-378.1767,6.0742216,165.07147,4.6541705,-36.239086,5.716963,47.071762,5.002625,-42.756805,4.576346,37.04636,4.648131,-25.55268,4.3335443,27.430504,4.0772142,-6.0347586,3.668017,8.372484,3.7571023,-6.212779,4.160415,-6.1401725,3.851717,9.30494,3.6352267,1489.7526248297681,84.59705407322272,1784.0719241880267,62.67093503696879,0.00030527674,0.000629999,3212.968738670969,0.008843261,0.0009537259,0.07197333599187936,0.007819561845928615
-350.61578,4.5464244,169.10196,3.7535958,-48.677532,3.3043313,70.71639,3.7741125,-40.3265,3.541592,42.05678,3.4579046,-22.346266,3.5522494,18.263628,3.6506171,-12.062096,3.3547084,7.518612,3.3518171,-0.6331508,3.2170973,-6.1389008,3.3138971,5.6463885,3.4002013,1504.1529168623324,76.85567635053235,1747.2562972853996,52.17954837650357,0.0003490058,0.00027368555,3460.3507694678074,0.009907624,0.0006104134,0.06897794011020882,0.008387274791017486
-374.25732,5.974602,172.91794,4.3027086,-43.842987,4.2771845,44.665607,5.0027523,-43.929077,4.468396,37.790436,4.363747,-25.638525,4.021223,24.874008,3.5161529,-12.466864,3.6688812,3.1028495,3.9308178,-2.005009,3.6873608,5.634592,3.8550105,14.222182,3.7952008,1446.6053073449618,79.12538718688354,1688.425824016842,60.959647779477976,0.00029666402,0.00038241342,2894.791931010731,0.008695526,0.0007707237,0.07566320149361949,0.0069584574118435995
-392.41006,8.355027,177.99057,6.0092607,-27.077353,6.10743,55.03055,5.5929904,-24.509888,5.8268757,33.609406,5.664285,-8.52902,5.5308127,19.083872,5.033238,-4.3575563,4.619582,9.45675,4.3291073,2.2455297,4.3136754,-3.7344995,4.442146,5.0994835,4.3025374,1077.876076665786,119.34334742836222,1501.707729343127,120.85250672540491,0.00014044177,0.00013243538,2296.033989359774,0.009913809,0.0010168529,0.043016331931554526,0.014382777861656084
-370.92264,5.7115655,164.25851,4.3468623,-31.475426,5.0288157,45.0271,4.9870825,-42.23743,4.1712036,35.571873,4.396192,-24.701933,4.1249595,25.173084,4.028524,-5.427049,4.0001774,11.403141,4.143685,-2.7431638,3.63436,-5.9284053,3.6034033,4.511815,3.6476934,1457.6728092002263,81.82849782341438,1781.7337278308933,63.1206815980252,0.00024901403,0.00036442615,3151.866401265226,0.010115708,0.001281682,0.06944582910382831,0.006080788938748235
-375.69394,6.331505,162.01501,4.44594,-36.621784,5.6595187,45.00659,5.3068895,-42.960712,4.6302695,36.99651,4.827663,-21.14904,4.5341787,28.267397,4.2842155,-3.5504432,4.0905786,7.932735,3.9775817,-7.6144357,3.7906182,-8.853084,3.8799565,3.2915254,3.8093846,1511.5031241571699,92.52942036081731,1776.9900910554923,70.41136378701299,0.00029402136,0.00036124545,3281.8899769794084,0.009054624,0.0012628551,0.0760982362964037,0.006897131575294474
-376.9748,5.4893913,180.57222,4.9333897,-51.06706,3.9498827,54.31709,3.8559623,-34.7692,4.1811543,46.447285,3.8636606,-7.1847425,4.1519427,23.600107,4.1260386,-11.7462845,3.4034207,2.4449918,3.6689353,-0.96898055,3.4410713,1.0018098,3.497648,9.066098,3.4604492,1282.7302381960706,88.5671214655296,1542.7812137533708,76.13304998967106,0.00022761434,0.00036907723,2651.6316070910675,0.009331775,0.0006876544,0.065425155887471,0.009467948360364568
-356.1887,6.325544,163.90019,4.594649,-56.01715,4.200081,60.393803,4.3947716,-36.706966,4.2620893,50.07283,3.7570345,-14.84098,3.7529917,28.492674,3.3212085,-13.819413,3.276102,4.071679,3.2355654,-0.714949,3.2661822,-0.9496208,3.1824489,9.528707,3.184843,1580.6255711226202,98.38138604301948,1770.722555334631,57.133189125549414,0.00042456255,0.0009336304,3464.5974568590486,0.009264109,0.0007183189,0.0791015625,0.0092402115823306
-379.28806,5.63961,171.81566,5.122514,-48.97558,4.9264226,44.88903,5.130905,-45.75176,4.6167207,36.751392,4.3508797,-26.18812,3.801618,26.778631,4.1235332,-13.013909,3.8513863,5.8398356,3.9745703,0.18022187,3.5498106,4.6435537,4.1848617,14.048137,3.7035975,1502.9277182693777,84.23243016775908,1700.39624028484,68.8862773246743,0.00035205795,0.00072947954,3008.877938750725,0.008095636,0.0008252058,0.08187830807714618,0.008020752875483185
-383.90265,6.0497136,167.19225,5.2050796,-39.736973,5.2222595,45.771202,5.882276,-43.156815,4.353905,35.683857,4.4538016,-25.101818,4.2076874,25.460646,4.6602354,-7.841158,3.9702506,7.40544,4.1057024,-2.474067,3.9741514,1.5477533,3.5583181,15.261561,3.9548316,1438.3219123180154,92.67223869856346,1711.0399382468847,63.723667981317256,0.00020629133,0.00033390027,2959.441501413863,0.009954575,0.00066765235,0.0654455481438515,0.0053965005617761285
-370.06348,6.085609,171.62837,5.1683874,-42.005642,4.7372227,53.45274,4.419075,-29.298592,4.235096,43.217083,3.9977849,-8.368329,3.8437023,23.73312,3.793202,-9.804829,3.6983056,2.4585803,3.4840794,-1.1850107,3.414661,-1.0042764,3.5309484,8.857057,3.1983378,1297.3741132720595,86.8791205631375,1618.5175767476705,74.01529736936003,0.00026526937,0.0006089791,2781.00568943953,0.009512379,0.00085657166,0.057488036542923435,0.007988588335210422
-364.69073,5.3245296,182.73174,4.5585628,-50.011837,3.72732,62.758358,4.311462,-31.729046,3.8902652,35.878788,3.637913,-15.261068,3.822642,18.59871,3.8437076,-7.438821,3.7815368,4.081286,3.370594,-1.1905211,3.5711026,-6.3093343,3.2879672,4.453557,3.0401893,1251.7529397342641,79.23971118291071,1517.0368779821836,60.487972387101046,0.00023165958,0.00029929134,2693.698792778422,0.009937809,0.00078717235,0.0569249836861949,0.007200895932445512
-375.4105,5.5434666,170.95985,3.8170786,-44.916107,4.751791,45.27269,4.3616166,-47.36993,4.4918776,38.96364,4.2776995,-25.833437,3.8848474,26.63779,3.6661222,-11.330679,3.7444694,4.70779,3.8059027,-1.0540942,3.7269118,5.2143736,3.5997565,14.428226,3.61348,1500.849868940988,75.71243084960288,1731.2978117919283,56.774942747002,0.00030315455,0.00025029248,3102.0052951892403,0.008547459,0.0007667737,0.07927829538863108,0.007242821881886429
-391.3376,7.87464,182.6089,5.4908547,-37.943527,5.3517857,51.186367,5.0312715,-28.229488,4.7863436,40.61027,4.951016,-5.0541697,5.1444793,22.894226,4.9415236,-7.8928704,4.6301823,1.3473316,4.5241632,-2.208504,4.159179,-2.4391406,4.2682724,7.243409,4.158658,1120.2187055088657,97.40142530049745,1473.4435329266598,95.1986323129937,0.00015185599,0.00012497262,2264.4836000942573,0.009557045,0.0011280337,0.047954656685034805,0.007428786461518985
-395.556,10.579285,173.55887,7.0214915,-28.810616,6.870323,57.599125,5.9120803,-24.419113,6.058544,37.29043,5.718524,-11.957138,5.475398,19.06536,5.178066,-6.5589185,4.8290772,3.9315176,4.5090013,-1.9563653,4.30323,-8.942589,3.9887116,5.250739,4.367517,1144.550072847614,128.47348199896805,1564.0786190395324,125.5335934945829,0.00017243423,0.00046688755,2498.3511727813225,0.0098197535,0.00068523764,0.039478275449535964,0.007982999972002995
-365.62347,5.3224597,180.7362,4.603693,-49.099895,3.99757,61.144234,4.287166,-28.804485,4.2044506,36.345554,4.072191,-13.668018,3.9668598,17.228851,3.3985643,-7.493375,3.9735553,4.6808305,3.5105488,1.047892,3.5137784,-5.3243976,3.496794,5.1298504,3.248678,1243.6892330201006,82.29769151137648,1514.2818349775807,63.986315619501354,0.00022350393,0.00028156317,2671.9907260549594,0.009879331,0.0007678554,0.05586005474187935,0.007816731633726398
-373.15656,5.9171667,185.65535,4.9101806,-46.239613,4.058603,60.47466,4.1320176,-28.898233,4.223624,34.429344,4.130609,-15.474506,4.1770816,16.07566,4.07774,-8.20923,3.6816363,3.4488626,3.733224,0.16908,3.5917242,-4.367313,3.4947617,5.599323,3.404398,1171.432964403225,80.7601843451273,1465.5245466048564,72.64858258497549,0.00018520527,0.00017454053,2472.846067919809,0.009950107,0.0008061945,0.05150744090777262,0.007733780139124733
-367.45847,6.4206395,180.83603,6.7284555,-47.94852,4.535807,62.07333,4.6079774,-30.272734,4.6097684,36.532295,4.6038036,-14.52996,4.7500935,19.142574,4.1666265,-6.5774503,3.8616757,5.216255,3.7563064,-0.79040015,3.5144808,-6.355089,3.3481655,4.356581,3.3745239,1247.339796548909,118.34175907258212,1534.2354792235046,110.91683443181287,0.00029518793,0.0013650153,2702.616836300029,0.00983653,0.00076055585,0.054839309019721574,0.0073771732670762395
-345.25037,19.366806,162.43898,14.721046,-58.563377,6.9307485,56.68383,9.86656,-39.505764,8.257477,37.080696,6.1176543,-19.679438,5.325439,15.707162,7.048131,-8.790609,5.1253057,6.7337894,4.1713514,-3.2671013,4.59427,-3.5227754,4.289167,9.257944,4.464399,1667.5559784239647,255.1677927758182,1697.556325692498,162.075456514714,0.00052276923,0.00048653776,3510.511641712587,0.008649451,0.0022152797,0.0961019069025522,0.022401412237844566
-375.9107,5.9402337,160.1008,4.367656,-33.59963,5.177871,53.3022,4.745096,-41.80947,4.2709556,37.22704,4.3195057,-22.799398,4.411113,26.25092,4.104867,-6.757049,3.7369168,13.019001,3.7297986,-0.32055375,3.975012,-5.5357475,3.6714685,2.022127,3.4226544,1517.1111867866903,88.14309210826342,1847.5353419765222,57.35602213351259,0.00028049495,0.00029841973,3507.46401899652,0.009412852,0.0010780499,0.06087881561774942,0.008176525220686341
-371.04874,6.6193147,186.69,5.672448,-43.79347,4.429981,59.09884,4.375419,-28.57609,4.479953,31.7003,4.7635565,-15.244321,4.166188,15.175926,4.4260836,-7.832037,4.0210204,3.1660569,3.8018882,-0.1408209,3.9267833,-3.6935287,3.7308288,6.855318,4.0455985,1148.9723149768893,91.12262247636858,1446.7676886405875,84.63049206950824,0.00017785955,0.0001442315,2409.1707375652554,0.010037011,0.00083138875,0.05181785636600928,0.0069758151361764284
-342.01248,11.034428,162.48412,6.048338,-76.16195,5.190867,63.755665,6.884766,-41.343227,5.411081,33.22804,5.9166746,-13.482882,5.1451445,21.856276,5.7822204,-14.013553,4.0852194,4.4036713,4.607643,-5.5088415,4.1036015,-5.904863,4.37247,13.845263,3.8448672,1757.3310556629756,99.08780886815472,1629.9165457403133,71.49371992000863,0.0005869236,0.0009739777,3482.9081736695184,0.008351851,0.0010901191,0.11151278821055685,0.009790950921971863
-367.06097,5.679315,170.72096,4.94502,-46.578613,4.5532575,59.501015,4.754606,-31.818232,4.259249,45.381996,4.043526,-13.523113,4.4609656,25.097801,3.8647363,-11.039177,3.6289415,4.98539,3.4262679,-0.40387544,3.3392,-1.1125473,3.628555,9.891503,3.3611987,1372.5968633642917,95.22843946943152,1681.553386748664,67.57535727082131,0.00032704265,0.0009969504,3020.443916763341,0.009490278,0.0007955689,0.059640552494199535,0.009662183525896182
-376.84555,5.648507,174.54956,4.2111726,-43.609013,4.805079,45.45671,4.4590855,-45.435036,4.3905973,37.591347,4.3079634,-26.499638,4.154988,26.559362,3.9144485,-12.544027,3.9674075,3.00441,3.8787513,-2.9832592,3.5148926,4.9803386,3.4955192,15.158391,3.4642847,1438.5397782085697,73.64688054235296,1689.7677303154824,57.745240184637325,0.0002902374,0.0003475896,2861.942555013776,0.008631017,0.0007212265,0.07574703632540604,0.006951914752763823
-371.65213,5.5202026,185.87859,5.461012,-48.430416,4.479212,61.1384,4.7801533,-30.231682,4.4435315,35.953213,4.048061,-16.064425,4.010465,16.394527,4.3548493,-9.465698,3.6458921,3.5429387,3.784315,0.021949517,3.5270712,-4.1685214,3.3515587,5.835971,3.3863535,1200.593841744191,84.19049025779097,1482.2016411691384,79.02830339392757,0.0002300682,0.00065316935,2536.2216321055685,0.009901745,0.0008074302,0.05363616589327146,0.0072274677428062015
-356.3982,6.7095494,156.74628,5.857953,-50.635468,5.017279,70.26327,4.5537043,-34.047565,4.194998,49.50159,4.125791,-21.645739,4.089314,31.113277,3.7474134,-8.21972,3.183876,10.266645,3.6931553,-0.31533244,3.4162936,-5.7427554,3.2806199,6.148304,3.421137,1653.7384186339264,128.1823565724368,1897.543394469533,71.77653475479029,0.0004496463,0.0008324617,3812.0764075188513,0.009557339,0.0007902098,0.07046091031032482,0.01218549123929358
-393.99396,7.7582107,178.28125,6.791438,-29.64996,5.0438013,57.142246,5.6207447,-24.63304,5.430302,35.115913,5.5135703,-9.312059,4.707634,24.692793,4.6567874,-2.840971,4.2622623,7.271187,4.428149,-1.6122987,4.0564547,-6.673972,4.3057847,3.6990578,3.7912304,1089.2308995023006,117.63563402925581,1517.604247645829,121.27246358496613,0.00015915801,0.00044666408,2336.377519576566,0.009901274,0.0009551519,0.04098050500290023,0.009407012706392322
-334.2981,8.415702,135.74603,6.6047907,-83.244736,7.4799213,75.7661,4.3297877,-49.75324,4.4661875,40.013474,3.6874402,-29.187305,3.8986802,30.591843,4.027662,-16.254206,4.197122,8.918203,3.731979,1.0598476,4.9947853,-3.8552625,3.7082505,9.279158,3.2857938,2343.830530437768,128.94627161427337,1888.2903021110487,56.35646002341231,0.0013029067,0.0022430061,4508.982788935615,0.0074140513,0.0008950238,0.16658660817865428,0.01977937476608815
-363.25507,5.357692,148.09236,4.147148,-40.279587,4.4292965,64.11411,4.305794,-46.883953,3.9510305,35.451366,4.2137966,-28.973246,3.8347023,30.733963,3.6664934,-5.8498955,3.6563177,3.3577547,3.6768937,-3.4670246,3.8526125,-9.079235,3.3669066,-4.1430993,3.4058197,1810.5240243977457,87.93275549923966,1971.3346298555255,49.80873341460593,0.00037298742,0.0003152415,4301.544600130511,0.0095576225,0.0011640517,0.07942783860208817,0.007493576613933054
-381.23346,6.057859,182.49585,5.2149267,-43.607563,4.560889,55.21,4.827773,-31.372543,4.384593,42.716938,4.506531,-7.6666865,4.273457,22.162064,3.9682906,-10.336541,3.8731556,1.9756148,3.5088446,-1.2128171,3.3941145,1.0901328,3.6668603,9.4253645,3.470769,1183.9266797932428,90.58140945033946,1512.896362733842,77.73442728304819,0.00019940476,0.00035032758,2464.102887996665,0.009561154,0.00081103283,0.052457946635730855,0.007416716464377392
-340.50116,5.3211517,156.82057,4.9548073,-51.370785,3.7193968,72.589355,3.991499,-41.741497,3.7902648,37.379482,3.9860144,-20.041296,3.7575152,18.95008,3.525077,-6.774814,3.9246423,6.3366585,3.9181514,2.465017,3.5702124,-4.3648157,3.2626076,8.510424,3.4979138,1701.2635312191012,99.45090332839204,1815.0617911253398,49.728499129438944,0.00051231397,0.00095021166,3850.3715355822214,0.009462517,0.0011469602,0.08562368583236658,0.013069811900564431
-393.42923,9.384215,181.80717,6.6550198,-30.20212,5.9300675,54.05766,5.4198227,-24.175665,5.2087297,36.29647,5.5516014,-11.34406,5.9426413,17.175978,5.0267024,-3.583249,4.7265296,10.016504,4.435394,0.6390098,4.404938,-4.309773,4.20359,5.429381,4.3115854,1070.9929075986538,117.39944673438022,1475.1911641410954,119.69878603378247,0.00014116603,0.00011726389,2182.222767274507,0.009650055,0.0008964295,0.04403594475058004,0.011163976160299495
-381.6282,6.536984,182.53963,5.7135005,-42.72041,5.231519,52.925465,4.9062057,-29.89362,4.676093,42.61204,4.58548,-6.352229,4.7836094,21.442589,4.2422123,-9.627617,4.0281053,1.6415503,3.698687,-1.4548402,3.849732,0.26184905,3.6981618,8.691557,3.9553885,1166.646510315573,90.04527111353471,1496.3516040640432,90.0642710119731,0.0002018707,0.00050812965,2397.554798524507,0.009692538,0.000898445,0.052139600855568444,0.007087486905699564
-366.33182,5.5507865,181.74028,4.9538856,-50.22481,4.1315393,62.038082,3.8655844,-30.227333,4.0365577,36.66593,3.818375,-14.796261,4.145411,18.469894,3.7791212,-6.70598,3.8489995,5.0433073,3.6585598,-0.2573581,3.7689407,-6.262891,3.5533016,3.9249973,3.0768273,1254.1053593722033,81.03605723492652,1520.0266191135845,71.04057812486067,0.00023457911,0.0004517155,2692.224942448521,0.009836549,0.00077332876,0.055560968314965195,0.007266393176700664
-365.59637,6.0392494,180.71738,5.3096447,-48.854607,4.187835,60.97627,4.2237854,-29.300964,4.6634817,35.39406,3.8556643,-14.7811365,4.2076225,18.61756,4.5273066,-6.488509,3.7148898,3.556935,3.6456954,-1.0622922,3.6644142,-6.398544,3.5205998,4.4488397,3.013122,1253.2043806621557,90.02021554891682,1520.3210600604966,80.77131571641091,0.00023271456,0.00033722087,2682.332658878335,0.009820002,0.0007513379,0.055069288355568444,0.0073408346528930244
-379.18796,5.945,173.50874,4.7785306,-46.35431,4.166126,47.416176,4.5475445,-45.032578,4.2550716,42.079147,4.058315,-25.588839,3.7068772,25.60822,3.8693635,-15.102761,4.233011,2.3457232,3.947555,-2.2222376,3.4652944,3.6583068,3.4878976,13.794409,4.1955366,1473.878325313971,93.00195375753637,1715.622783717468,65.96782091944156,0.0002967892,0.00015510847,3014.1987882468097,0.008283654,0.0007555443,0.07681989559164733,0.008077388003230447
-371.19296,5.817548,182.2437,6.0987706,-41.719086,4.5878615,56.946583,3.982194,-24.279324,4.0665336,31.807735,4.190594,-11.847498,4.067315,16.136784,4.178557,-5.258536,4.1762476,4.4826107,3.840098,0.8553095,3.5083208,-4.236064,3.4625309,5.3881693,3.2856188,1149.6004560908539,86.62708644650532,1462.0017248251615,95.00316656315336,0.00019122862,0.000319713,2429.2550708744197,0.010079642,0.00091832393,0.048843985643851506,0.0072408361967398905
-375.44904,6.102972,167.16109,4.5012307,-43.212948,5.058071,51.512665,4.963706,-44.84296,4.7440457,40.89432,5.0010114,-24.774815,3.8584065,29.181217,3.7976162,-7.615132,3.9743166,8.6502,3.6888137,-4.4346104,3.6815174,-4.235197,3.6224122,10.195856,3.751727,1520.1183926117928,87.24573657990102,1787.916220544758,60.42945222267005,0.00032078888,0.00034741603,3322.058643597738,0.008768842,0.00079240085,0.0731458907337587,0.008025080210808107
-386.84354,8.85732,175.16022,6.7270784,-35.238094,4.516146,50.189606,4.5978427,-24.907509,4.358999,38.00153,5.1307983,-3.2062829,4.8538866,21.84737,4.625157,-4.550615,4.7244043,3.8441398,4.1059856,0.0330576,4.3577423,-1.3293426,4.223348,8.05645,3.9933276,1155.4535422023118,122.83256770893064,1519.6413682650127,111.26095793336306,0.00017156286,0.00015010331,2445.367502447071,0.009556058,0.0019371893,0.04537616915603248,0.0097781330721574
-377.86423,6.858984,189.3563,6.0308046,-44.751163,4.3212066,59.75499,4.3263865,-28.318508,4.8632293,33.645237,4.638357,-15.72259,4.2514997,16.316359,4.5101376,-8.62334,3.5715582,3.8724425,4.18216,0.0077979625,3.715349,-4.9976754,3.6252263,5.10644,3.2251222,1128.4393202881058,100.4844324070233,1434.601477560866,104.42450599323438,0.00016796679,0.00016119111,2351.8154772694315,0.010020528,0.0007554082,0.04907849659222738,0.006389205863528104
-366.77332,11.426475,185.34715,6.3298426,-51.390633,7.933033,58.184105,5.039846,-31.756136,4.676071,33.85746,4.3164515,-16.56238,4.5438094,16.096298,4.984053,-8.838744,4.510016,3.482536,3.7802534,0.50534374,3.691399,-4.192685,3.7512274,6.1364875,3.70617,1242.1041938366097,99.96002408251321,1474.5933927814724,85.85588366032255,0.00023422902,0.00039254097,2571.2692933403423,0.009628928,0.0011523035,0.05902991770591647,0.008701680652110966
-366.8785,5.7575684,161.9348,3.9269998,-34.72465,4.4828944,46.54203,4.4613147,-43.986008,4.3844566,37.802063,4.3724504,-23.22103,3.6890538,26.313385,4.247303,-5.9358563,3.4709404,8.892281,3.8215137,-4.740993,3.511686,-7.402256,3.546727,3.5381866,3.2680779,1532.3209572832093,101.52785722159535,1818.8018517050884,60.339111867329294,0.000290664,0.00019782846,3432.2726716574825,0.009485632,0.0011475455,0.07329543394721577,0.007709286030962824
-370.86694,5.9355354,183.77794,4.2904334,-45.343117,3.9050229,59.364635,4.230907,-27.494343,4.3065147,33.607384,4.008589,-13.751442,3.752703,16.073328,4.2760515,-6.7116137,3.602145,2.895349,3.7360537,0.013442108,3.5319734,-5.0601664,3.2578654,4.123149,2.964435,1183.2237008000359,75.17218037856347,1471.3324661165057,69.00402421703089,0.00018703195,0.00013511916,2511.440962151972,0.00989879,0.000844979,0.05216792343387471,0.007479256593199114
-362.46786,7.104406,154.25076,5.329506,-42.196445,4.2758026,65.60034,4.2436204,-28.44102,4.5318227,44.806335,4.435677,-17.039059,4.329852,27.650038,3.6913567,-7.1600394,3.97184,8.364835,3.7798493,-0.2876081,3.940361,-4.95719,3.513847,6.192938,3.385814,1558.758218193444,121.04286034142338,1859.770684244285,75.46498457443312,0.00037242455,0.0007516688,3620.8505723426624,0.009607351,0.0010160204,0.06109406721287703,0.011011876256018705
-365.84998,5.4414043,182.78644,4.6709266,-48.573215,3.9125514,61.705997,3.8119266,-30.174543,3.8291104,34.525608,4.0195384,-16.306377,3.5321257,15.861262,3.7069902,-8.263951,3.9621184,4.4098086,3.3156726,1.2706058,3.307445,-3.4832497,3.4657311,5.8071265,3.3011355,1229.403551251927,79.2737864825448,1502.9206310434,66.3520184509467,0.00023059727,0.00036518654,2632.646416400812,0.009933512,0.0008282943,0.05541255800464037,0.006543192451095035
-367.86243,5.398728,165.27672,4.656177,-36.553944,4.3819666,46.680286,4.464146,-43.225555,4.703836,36.422092,3.9847257,-23.8098,3.8377082,27.753578,4.028694,-3.7544281,3.8182325,9.378752,3.787668,-4.454596,3.7595162,-7.6720595,3.8935206,4.195854,3.996048,1494.8084457027903,92.0128098801886,1778.2775480955847,71.70587483111225,0.00033027006,0.0006562388,3252.8376391205047,0.009269026,0.0010564987,0.07359678618039443,0.007529519680963584
-374.98975,5.638624,166.42021,4.127139,-42.43072,4.3877087,49.80947,4.1542816,-42.958454,3.9666545,39.98704,3.9756885,-23.777304,3.8450243,28.944792,3.9657824,-6.7610774,3.7238128,7.577877,3.7240663,-4.771024,3.3947387,-3.9146965,3.5861084,10.028495,3.3256035,1506.6933426819803,85.64942438671616,1774.2813128557325,56.62713906617453,0.0003209785,0.00033094818,3255.710398238109,0.0086547015,0.0008249861,0.0741179216212297,0.007873390685527375
-373.90515,7.363483,190.68799,6.056293,-49.45141,4.597318,59.603703,3.861003,-29.530008,4.3314447,33.710052,4.699463,-15.968929,4.4077806,16.285418,4.278647,-8.692879,4.034632,4.010531,3.833366,0.6997884,3.610406,-4.270091,3.598313,5.510142,3.6554005,1151.9151214323422,89.51960048932297,1426.8142955815924,86.51484460864332,0.00019201903,0.00024176085,2389.985702762471,0.009762769,0.0007876966,0.05244208599187935,0.0067590159208971625
-401.37674,11.96409,180.25827,8.343849,-26.072987,6.7657065,59.40486,7.425806,-25.04432,5.6997714,35.397736,6.5077643,-13.492379,5.7127666,19.812645,5.5818553,-7.924623,5.2229586,4.3602176,4.74825,-3.879513,4.4196324,-7.3282423,4.6257873,6.1487045,4.6244574,1071.962021584411,148.35944338832334,1510.9124210222187,142.82170004625564,0.00013489889,0.00020600519,2254.66625806627,0.009903406,0.00074837037,0.03840315037703016,0.008792589446498142
-376.5915,5.644419,163.3011,4.014701,-33.777355,4.8288293,44.403664,3.914495,-42.766968,4.2627416,36.602867,4.1025543,-20.551868,3.4680057,27.58304,4.0178127,-4.261559,3.7301233,7.9982677,3.4038951,-7.4535613,3.6286645,-9.055335,3.818197,4.033331,3.1473887,1475.2222081017605,81.10672483340596,1773.0030550839615,58.575966042312004,0.00026743236,0.00021524425,3202.926572016386,0.00908307,0.001107914,0.07302806880800464,0.00796682502094304
-344.56253,9.781509,174.59259,6.234696,-77.539505,4.7761817,54.081043,4.7720447,-45.2071,4.8505654,24.562078,4.914998,-36.507595,4.685225,14.366939,3.9320736,-8.292497,3.837325,5.1964536,3.8899248,-3.2545562,3.6384099,-7.042606,3.2388585,5.964434,3.3524723,1605.6397366441056,96.69168351906855,1528.7284459857894,86.75157371567973,0.00041184202,0.0004743597,3069.7054905017403,0.009038959,0.0009688526,0.09832466284802784,0.007869656300163856
-380.86145,13.148093,163.0346,12.710637,-27.442965,6.513082,51.7289,7.245454,-20.444614,7.1834574,21.694334,5.3649063,-10.211357,5.3570714,12.3965025,5.105755,-3.2051954,4.9525723,0.45293495,4.8755546,-2.8487303,4.3500843,-4.099758,4.4614544,5.3847704,4.5975404,1262.6514560370183,228.7820412313632,1557.4378752832047,172.9459654073638,0.00025393578,0.0002623936,2756.25,0.009550256,0.0040573645,0.055793213457076565,0.01731281483102885
-382.50336,7.9900427,176.39983,7.111624,-33.490982,5.132143,51.574383,5.29485,-28.18195,5.159649,34.601055,5.028371,-10.815779,5.0045323,16.055605,4.8533406,-9.0536785,4.0110803,9.154636,4.357172,3.6964855,3.7410297,-2.580266,3.9230528,8.219847,4.0431995,1181.1456071188072,146.3062261639099,1550.7175508239648,140.94124641434465,0.00019726966,0.0004311824,2536.8961059853536,0.009680994,0.001245356,0.04991457910382831,0.019130988987202786
-369.56302,5.7579823,185.02911,5.6152062,-47.77389,3.8130462,61.491325,4.248541,-30.459864,3.7769616,35.06363,4.053051,-15.666967,3.6111953,17.299032,3.930265,-8.249912,3.6409497,3.9167616,3.6913831,-0.14318356,3.4801462,-4.8914595,3.1527064,4.892381,3.4291825,1200.831781702116,87.28944967330708,1486.7526585185792,76.8836916312818,0.00022165984,0.0004645145,2554.707212514501,0.009907312,0.000758782,0.05388767038863109,0.007050003488045061
-348.7777,8.401482,117.380455,6.190512,-68.503716,4.624884,83.440056,5.228026,-57.09733,5.170853,41.981827,4.810439,-33.166256,4.4954004,35.265236,4.0366955,-15.958856,4.342076,10.178902,4.4390693,1.1283389,3.7594655,-13.831975,3.32305,11.6678705,4.108409,2825.2064305438817,162.79896736865322,2109.7554026249913,54.42016330062815,0.0017830261,0.0032804068,5549.521121845998,0.0061225924,0.00051693164,0.24044396207946636,0.027549162685280442
-356.88992,7.659419,176.72008,6.7955127,-50.329597,4.318171,59.341927,4.482069,-32.503483,4.8398147,32.570057,5.079512,-16.00116,4.0390267,14.640228,3.7663329,-9.274521,3.8750541,3.9433272,3.644504,-1.5896462,3.4888964,-4.91889,3.7494867,8.858988,3.5652702,1342.2956760429308,113.92492553829184,1554.207215716005,91.75445618252752,0.00031304447,0.0008758574,2885.1994136093385,0.00977589,0.00071484287,0.06321146316705337,0.009095670539455656
-382.4506,6.1577797,173.48749,4.151379,-44.132496,4.8160524,44.729073,4.5125637,-44.292324,4.0637608,34.646168,4.272491,-25.674057,3.7554648,23.72803,3.753077,-12.816799,3.43755,3.9003098,3.4390664,0.51535445,3.6607928,6.160805,3.8879843,14.880008,3.5361009,1425.920743622438,73.8405530715798,1655.0732485417757,56.87628913752008,0.00027085652,0.00035033948,2817.8769282011312,0.008488186,0.0007099387,0.07460053835556844,0.0067751172639007925
-378.54865,7.185094,192.04308,6.2986956,-47.39943,4.605186,59.873947,5.0406337,-28.780783,5.1200128,33.40094,5.171918,-15.120708,4.4422607,16.19837,4.3496184,-7.7863536,4.206304,4.192606,3.9813538,-0.9253112,3.9287274,-5.5195336,3.6328442,4.478524,3.292073,1118.892261011016,97.09833074853191,1408.294757321024,96.0912181864381,0.00017937874,0.00029412695,2322.9130224949245,0.009815245,0.0006737446,0.050050527479698376,0.005421974734327402
-360.8376,6.105102,164.3788,4.9962573,-48.137367,4.216676,58.40366,4.3876944,-31.791454,4.0508456,46.834324,4.1323285,-12.917477,3.402335,26.409847,3.7810738,-11.810041,3.5149043,4.268212,3.3802233,-0.15777515,3.4792538,-1.1414918,3.3610513,9.465067,3.516059,1474.81656950578,93.45164828856811,1740.0343538168204,65.89124363547782,0.00036694368,0.0008379999,3256.309930575696,0.009367941,0.00077953713,0.06806482018561485,0.008870230153313967
-385.17596,7.6445675,180.21994,5.9430957,-33.20121,5.305626,52.976852,4.3299766,-26.388435,5.1868315,35.429115,5.272215,-12.145757,4.832557,14.851334,4.718894,-11.0469675,3.8360949,7.366014,3.8804867,0.92224747,4.05106,-3.733521,3.6859267,6.2771325,3.883437,1140.7711690303995,117.89409570182607,1514.333611006141,127.71962983002051,0.0001683743,0.00016349962,2383.7155937318735,0.009543005,0.0008326112,0.04897087079466357,0.014298401983914272
-357.22375,8.873012,185.19946,7.078275,-54.421837,5.1800704,55.035477,5.5724874,-37.11487,5.144909,36.360676,4.4765325,-19.695911,4.6628942,17.12946,3.6312623,-13.534152,3.8806586,2.974686,3.7851355,-3.3715823,3.4836342,-5.909144,3.7045283,4.265722,3.5902104,1311.255853384383,101.37552424287469,1514.4713155030415,101.89026564294696,0.00029206646,0.0006140777,2669.092986423289,0.009770865,0.00095500133,0.06460946563225058,0.007423871264056646
-381.21304,6.976043,170.82854,5.868227,-37.08139,4.710467,53.425682,4.8101263,-26.687922,5.0802546,39.467762,4.695254,-7.126951,4.499885,23.062065,4.4374633,-8.030563,3.8232996,3.0786495,3.7727454,-0.8747992,3.8805227,-1.7497644,3.631787,7.515966,3.5926075,1240.3367490325597,127.81928145423396,1595.524187912192,100.53611230799312,0.00019334862,0.00012545881,2686.854131924304,0.0095736105,0.0013300168,0.049417234628770304,0.009112430550631207
-368.0704,5.762881,182.85521,5.520695,-49.135704,4.8665304,62.356873,4.4834433,-30.23855,4.10896,35.332737,3.8113835,-15.165556,4.0385246,18.235468,3.6488137,-7.178063,3.7815704,4.050146,3.7064028,-0.7340212,3.755827,-6.0041676,3.1915457,4.891441,3.3208523,1234.535251388872,77.33646454074275,1508.0060574761594,73.45166127897048,0.00027081204,0.0010765961,2650.307639845563,0.00979183,0.00071341783,0.05527094511310905,0.006677088868774588
-376.77563,15.058189,180.02962,6.81652,-40.207558,8.805154,55.38985,4.891979,-23.349474,5.383758,30.848825,4.9477377,-10.541559,4.61702,18.262487,4.7752485,-4.6122828,4.364344,4.870891,3.9918282,0.81223047,3.8566203,-3.037454,3.9672046,6.7283926,3.8624272,1145.3992202986133,115.28192172622458,1471.191759351855,105.49710639782232,0.00019567963,0.0005583553,2438.872568789878,0.010084969,0.0012894927,0.04661329937645012,0.00913603178090713
-373.03503,5.3885436,191.55446,6.0517535,-49.36396,5.1246376,61.09754,4.7740483,-33.867085,4.7138424,34.487778,4.250427,-18.637339,4.2849092,15.035878,4.403021,-10.378523,3.677366,4.22637,3.781732,0.50752217,3.8309321,-4.5501328,3.7442365,5.528238,3.527065,1172.2313508671577,84.20110542642038,1443.9481581798639,80.05697580358506,0.00022134514,0.00053485506,2423.7593577798725,0.009781052,0.0007770512,0.05419128842807425,0.006268464108729772
-397.5773,13.667443,179.58128,8.884576,-32.541836,6.034629,47.830498,6.6936817,-21.935942,6.6145186,36.82307,6.2649164,-6.71337,6.819927,19.83619,5.705648,-1.3618608,5.4951715,10.767524,5.359862,0.7946514,4.899632,-3.929355,4.446369,5.499582,4.884005,1083.434118633792,137.44127145855907,1459.2969718516424,124.38402238715484,0.00015719426,0.00027676774,2160.7645056917054,0.009552842,0.0022845748,0.045079348535382834,0.0103285457024904
-367.47845,5.1826596,181.82738,4.7709293,-46.98462,3.9525096,60.61743,4.1045966,-28.926584,3.9910622,35.024403,3.7692144,-14.028369,4.2169743,16.697092,4.2583623,-7.9004173,3.7032273,2.9926038,3.8098948,-0.4273203,3.4017572,-4.592876,3.246885,4.5744157,3.068395,1221.3471234301353,78.96855339068254,1502.412258086558,75.42895560748387,0.0002158164,0.00027418634,2619.6315685723607,0.009898341,0.00070843904,0.0536123749274942,0.007158620993129657
-366.07477,7.476063,162.71059,4.2522426,-39.5708,6.8815675,52.2315,5.2853894,-40.557655,4.4602137,39.496593,4.0810976,-21.00377,4.1848865,22.995836,3.9798121,-10.03453,4.680227,13.500038,4.259365,0.18583667,3.8409317,-0.3682901,3.9319785,6.575322,3.5833962,1524.367021322398,100.0322941662527,1801.2016295331564,49.494003267912994,0.0003277264,0.00059280894,3432.8472234810033,0.009451283,0.0010675425,0.0716855785962877,0.009589506862939553
-406.45068,9.823627,180.50443,6.821145,-23.669977,6.3280125,54.59332,5.9768357,-22.543299,6.0750256,32.428738,6.082375,-7.4454803,5.9888215,22.404543,5.6600657,-1.9396007,4.9672055,5.7272706,4.833018,-2.5951126,4.189479,-6.5012517,4.607571,3.6324975,4.0856743,1009.4385473045538,120.60991490191581,1452.7759078108288,121.10416368105331,0.00011549504,0.0001353342,2079.552854462732,0.009799205,0.0009941814,0.03747643561484919,0.009328168364366847
-397.94382,8.668792,181.14635,6.293579,-33.36659,6.066848,62.38166,5.367808,-27.007256,5.760312,39.455166,5.6633053,-15.075841,4.282512,23.249357,4.292485,-4.284766,4.639985,6.678988,4.299354,-2.6191287,4.33464,-8.485865,3.8180113,4.688159,3.9710343,1101.1721660234166,116.52158740673593,1531.1353733726899,106.90178409497562,0.00014660845,0.00022437623,2361.258111586427,0.009853403,0.0006578163,0.04164098752900232,0.009483099777272791
-345.7518,6.8542967,133.1731,6.3966265,-86.20957,4.2031794,91.96319,5.522997,-48.780243,5.1227555,44.067844,4.782838,-30.279257,4.251031,29.157106,4.0250816,-14.286518,3.9460807,9.53269,3.763413,-1.8405659,3.7987533,-10.362212,4.510115,15.658047,4.5584483,2491.217963958359,145.89120116516332,1896.4789996483053,68.11977750784129,0.001346379,0.0017853822,4598.662834433005,0.006693468,0.00040793538,0.19653037086716937,0.020403912070293347
-395.71317,10.371213,179.09613,8.5718775,-30.723318,6.482595,49.627605,7.1843915,-23.9453,5.979985,33.92362,6.186814,-7.4566164,5.7425327,18.539152,5.510617,-5.0855284,5.301182,9.102528,4.658004,1.2883098,5.3246403,-2.9094539,4.8381157,6.8387313,4.6032057,1099.9532139536252,154.7873822745673,1480.9445363207258,133.68926114819666,0.00021038947,0.0010652399,2246.397707910383,0.009534614,0.002407881,0.04604458200406032,0.015315852321703237
-376.64987,6.213306,161.3677,4.636435,-37.386436,5.231218,45.437866,4.8845835,-38.968124,4.8472657,33.274025,4.9585147,-19.764982,4.314299,25.875422,4.1483145,-6.2333894,4.0774565,4.690924,3.973803,-7.443077,3.5197492,-8.714675,4.0778985,6.292927,3.3916483,1489.7451289152632,84.15868455455565,1738.5543362870415,71.49172130082918,0.00031163258,0.000627149,3159.435497027262,0.008654366,0.0011698733,0.07629649434454756,0.007153383269701624
-376.13516,5.9105043,179.23407,5.8076363,-40.286633,4.4868956,58.06609,4.1967416,-23.155071,4.0796776,33.20306,4.6226654,-10.865251,4.803515,16.883139,4.283331,-5.103747,3.8984785,5.0087156,3.5323079,1.5755044,3.570548,-4.703893,3.6133692,5.1764555,3.694345,1149.4423925578712,92.07634602320142,1485.3460376787868,96.24938565713082,0.00018639691,0.00047651,2483.337883827581,0.010149077,0.00089501304,0.04595281685034803,0.006656886170016283
-367.20135,4.722641,184.08118,5.67584,-48.352116,3.8865387,62.918907,4.023638,-31.186459,4.111059,35.740494,4.0536623,-16.629625,4.188817,16.87091,3.975915,-8.728003,3.5383298,4.1905975,3.55711,0.4908559,3.4904256,-3.8442597,3.3401027,5.991443,3.2261152,1219.456712249138,86.2755415576173,1507.4637794272041,79.35894160515495,0.0002455359,0.0006365302,2623.0289184853536,0.009981374,0.00084298867,0.05419582004060325,0.007020968432837324
-378.86365,5.711744,181.72795,4.350664,-48.49488,3.6609604,55.013557,4.3677697,-32.783634,4.325762,44.65164,3.7830331,-7.289958,3.8636725,21.738077,3.6520076,-11.659728,4.0168614,1.7643137,3.585329,-1.3698266,3.6049206,1.0663359,3.5566232,8.830008,3.5623214,1232.6276588701273,79.44282460230963,1519.8471256327252,60.14678378464861,0.00020908362,0.00019962128,2546.088935161688,0.009337956,0.00077078416,0.05937658606438515,0.007316668040768263
-356.8094,5.238732,150.11673,4.1726036,-49.60137,4.148265,63.541553,4.1069694,-47.224087,3.649857,33.39729,3.6488192,-24.511831,3.64889,34.77602,3.5214489,-8.937931,3.2872784,0.6677168,3.7954264,-0.6076102,3.437732,-8.773158,3.3638566,3.6437976,3.6317625,1840.2079338892697,86.97852400585965,1903.4648914449192,48.59026704823078,0.0005110517,0.00033785668,4115.73953650667,0.008418268,0.0008796847,0.09593876885150812,0.009094474290485339
-361.98932,12.570795,175.44397,9.801375,-45.176086,6.666135,60.676624,8.040833,-33.290215,6.277442,33.083958,5.037773,-15.81253,4.7789383,17.206276,3.9392385,-6.1797714,4.078127,3.9763336,3.4421098,-1.6547407,3.2913227,-5.7661076,3.3186388,8.162824,3.3445828,1326.0034729308366,214.65261691987428,1572.6395995011217,118.99999681400251,0.00027090713,0.00044753958,2851.2009339653423,0.009868926,0.00093685614,0.05891436158642691,0.018220803869160085
-388.55896,7.163387,181.94894,7.141277,-32.814713,5.5025697,55.361927,5.5767713,-28.041645,5.1863794,34.794487,4.928966,-8.8785515,4.7292876,19.979002,5.16693,-6.5472918,4.7269955,9.35123,3.9292657,1.7645943,3.7575574,-4.174316,3.8956754,4.5513973,3.7421675,1105.6463523202738,123.30942910155787,1492.9059596306615,122.42386436363518,0.00018765002,0.0005438915,2340.8490315944027,0.009691648,0.00097376824,0.046492078741299306,0.014524710488089407
-334.33383,13.833299,156.20639,8.545876,-60.44998,8.185288,69.719734,4.7016807,-44.127792,5.9395146,41.209827,5.1270676,-23.914408,4.870936,20.697424,5.114151,-8.144771,3.7812989,7.5013347,3.5358536,-2.2065551,3.4573996,-6.4364986,3.8175933,8.047299,3.566226,1825.4464260678428,181.0234644485638,1829.4779125549844,127.51759353237823,0.0006172585,0.0006521231,3980.2951892401393,0.009021561,0.0011939087,0.10509829067575406,0.018258437047743763
-368.45874,16.769403,169.80577,12.501379,-36.33729,9.008035,58.54264,6.4771166,-24.433321,4.747682,25.194496,5.8591757,-13.041722,5.0547776,14.454734,5.0801516,-1.7093654,5.0002975,3.894699,3.9265475,0.17726663,4.8693056,-3.6812906,4.773852,6.287369,3.9363422,1264.0116444006558,191.9055464730798,1544.6866720147164,141.56824521094921,0.00023635887,0.00019866056,2772.862041853973,0.009753861,0.0026908042,0.056708599187935034,0.015192833178982783
-381.46295,6.2705307,173.10405,5.0003595,-41.956715,5.7993174,45.55293,5.005687,-42.426353,4.7553043,37.406975,4.8182945,-24.9348,4.1638126,25.09309,4.227702,-13.418815,3.6528094,4.2620935,4.069724,-0.47525606,3.7653513,5.5797997,3.6087017,14.618202,3.9150856,1428.4111036199513,85.56997475379738,1691.797454508033,62.97640019845714,0.00033375694,0.001099706,2849.8519862057715,0.008328932,0.00078195735,0.07445099514211137,0.007943578113087175
-375.22418,6.061536,170.31258,3.9492996,-43.64949,4.3396487,45.27012,4.463859,-43.30645,4.0444174,38.71844,3.933955,-24.840961,4.0317154,26.087442,3.7892025,-12.552805,3.4246345,3.2892609,3.7047617,-1.7450316,3.9102142,4.592039,4.0318832,14.404786,3.7642934,1483.4052054484403,68.20168512970183,1720.5263999515132,53.54968543150828,0.0003325727,0.00059108617,3017.046566850348,0.008484757,0.00081102276,0.07926243474477958,0.0073581354623508755
-368.45068,5.6280894,159.71596,4.5350966,-45.14727,4.1918535,51.341347,4.9938903,-44.316307,4.1743836,37.797226,3.8772814,-23.369951,3.745293,30.110498,3.897773,-3.994857,3.6062438,3.3730946,3.9035013,-9.03634,4.0302167,-3.3308322,3.712368,9.361911,3.6098394,1626.9091787651805,91.8605427512758,1814.0621649985744,55.63855118939771,0.00041057126,0.0009662114,3631.367368764501,0.0085775545,0.0010284046,0.0825308602813225,0.007114840027851761
-372.11655,6.0068836,184.83844,6.188727,-46.288925,4.4907303,60.383736,4.4528127,-28.076643,4.332075,34.722363,4.534354,-14.941999,4.2385073,16.015657,4.687041,-8.61665,4.3028145,2.8001451,3.8025014,-0.39740047,3.4983478,-4.6587715,3.4819226,5.4497023,3.638985,1185.4660585779002,94.03347587018898,1475.7053404755943,96.3045539284958,0.00023608316,0.00078618986,2504.5963012978536,0.009869111,0.0007666,0.05211014537412993,0.0066927682914501956
-371.44342,5.428302,185.05249,4.908891,-45.672306,4.0904675,59.619987,3.9510465,-27.762299,4.0974693,34.161324,3.8438973,-13.80825,3.7089653,15.456587,4.3434224,-6.963819,3.7151992,2.759488,3.4680014,-0.8162922,3.2297983,-5.1077023,3.2916298,5.5246315,3.2838037,1169.6558881741714,79.49852447400502,1460.902156667791,74.1348258479622,0.00018709626,0.0001907421,2471.771905814965,0.009914609,0.0007199032,0.05132730930974478,0.007388061505085015
-373.78485,6.1654963,160.28249,4.7441664,-33.456352,5.7440004,53.123337,4.9819074,-43.20443,4.309873,36.05512,4.2280016,-22.123022,4.298398,25.966892,4.036372,-7.7528434,4.066048,14.032657,4.05135,0.33993173,3.9142735,-6.724446,3.5497003,2.2442422,3.7160947,1517.7581655805566,88.85997612697413,1839.00270862251,60.48852507764103,0.00029594978,0.0005571451,3479.3109796439967,0.009568817,0.000990601,0.06293503480278423,0.007866968265773983
-376.18384,7.09105,171.81107,4.242921,-46.18519,5.248576,46.289482,5.226501,-44.3573,4.07309,38.592842,4.3236475,-27.773315,3.7406921,25.894926,3.857476,-11.749375,3.4327252,4.6041074,3.8221698,-1.437961,3.9515429,5.861071,3.7926855,15.615598,4.0131807,1488.269594069944,82.16828038960938,1715.2686613988599,57.2042250420362,0.00030941624,0.00025199977,3006.904478139501,0.008403607,0.00079779106,0.07893049412703017,0.0074197079112671895
-365.9666,5.8052173,155.95244,5.1077094,-41.496246,4.2238646,65.088615,4.257637,-29.03129,4.1006002,43.597267,4.6012325,-17.606045,3.9741273,27.657831,3.4542322,-6.4035287,3.4463606,9.453777,3.6598265,0.6307438,3.3279853,-3.836074,3.372572,7.973678,3.5809174,1527.392119167304,121.07006249789117,1846.323612069794,67.48284499741695,0.00036043988,0.00082524854,3548.9566528603536,0.009633923,0.0012824229,0.05792760295823666,0.011010421459328122
-367.1835,5.6475596,183.63145,4.4866834,-49.417194,3.980759,62.933743,3.5168092,-31.17185,3.872917,36.07353,3.7005115,-15.896221,3.5739696,17.28012,3.7285175,-8.118222,3.58306,3.4265351,3.5160644,-0.72908276,3.889354,-5.584101,3.4439712,5.2481136,3.0146878,1232.3199964701128,79.29626053189033,1506.4898387151165,64.40802944862781,0.00021034581,0.00015756009,2644.986790349478,0.009895995,0.0007512269,0.05482911289153132,0.006566951941396727
-376.11087,7.437831,165.33307,5.374234,-35.790962,5.2478366,61.76516,4.384884,-27.086374,4.346555,41.209423,3.914639,-14.594868,3.706445,27.151102,4.0173793,-5.9155536,3.7967293,7.364336,3.4226327,-1.7835877,3.5965412,-6.695853,3.7250216,4.826194,3.5408192,1330.2131865073975,111.06993221325264,1720.6946332443574,77.0944440594056,0.00024786522,0.00030327623,3005.705413464327,0.009636842,0.0011315823,0.0510769377175174,0.008306109070904377
-373.94293,6.09451,189.08156,5.24521,-46.145515,4.154547,56.446957,3.9462178,-26.387829,4.3347564,31.760754,4.4533286,-13.546175,4.255391,16.018272,4.186802,-6.9457827,4.0329757,2.94209,3.547083,-0.58580816,3.6129143,-5.4941177,3.5935533,4.263335,3.1252458,1132.694727438717,77.723418622297,1409.979264617947,77.79874777685079,0.00017133873,0.00019410148,2330.831845453886,0.009884618,0.0007578894,0.05114604480858469,0.006768497883174538
-375.01797,5.921634,189.1929,5.5647306,-47.741486,4.608462,57.170696,3.9251664,-25.789564,4.256795,34.566017,4.089616,-13.504225,4.453348,16.084656,4.236832,-7.796546,4.0944657,4.8967447,3.4901,0.8210735,3.4962487,-4.752281,3.3443232,5.2137556,3.2284796,1131.7080063095207,87.06639219574073,1419.136828643749,83.93872915235283,0.00017750853,0.00020436935,2335.8029677530453,0.009873466,0.00074509066,0.049680068155452436,0.006832373013925553
-373.40918,5.775958,178.03003,4.763015,-48.173878,4.4199357,52.3851,4.1354976,-31.571642,3.8364892,42.832222,4.121667,-7.4916167,4.535576,20.722666,4.076061,-10.3758,3.620454,1.8152332,3.774471,-0.35026336,3.5019531,1.152533,3.7120292,8.879722,3.4980342,1275.0451365105123,89.6250753271284,1543.7337415574393,82.85583558055977,0.00023304422,0.00025046628,2654.7042103212007,0.009193652,0.0008200697,0.06152910201566125,0.009353411689589778
-347.034,12.650104,182.54195,6.270071,-76.988,8.047457,54.381264,5.04964,-43.07258,4.8632836,35.753475,5.599671,-27.455553,4.5394993,16.368715,5.4688215,-9.662533,4.859823,9.027781,4.3328934,-1.0282328,3.6793883,-8.442563,3.615848,5.9960694,3.9331765,1523.51221907425,113.34224282043051,1506.1026233424861,76.62299149883597,0.00036840545,0.00013128432,2943.3040893271464,0.0088969,0.0009924981,0.09344071744489559,0.011720215103513714
-361.538,8.061907,156.08762,5.132395,-79.323044,6.3197165,50.23452,5.6702585,-42.59546,4.487167,39.13064,3.9292214,-23.054535,4.5492606,17.055262,4.090749,-13.031857,4.1338725,9.212198,3.4899657,0.6138422,3.6307397,2.8013813,3.4959211,11.209399,4.3329124,1831.5119907301078,76.41102054536923,1632.2318163851971,67.41875071398735,0.0005252716,0.0009028189,3563.8950002718966,0.007885866,0.0009837131,0.12332330336426914,0.009145553344121449
-376.66357,6.8797197,184.86844,5.9007244,-38.180595,4.7007575,51.44427,4.256235,-22.726717,4.690998,29.001482,5.2494454,-11.3148,4.840406,15.641807,4.9202843,-5.0819993,4.4479074,4.292658,4.129593,0.9497311,3.765591,-3.4931705,3.7923405,5.71904,3.5788317,1100.182003824318,99.1918597537844,1416.9876175208244,105.50299858622267,0.00017256683,0.00027084848,2252.592875398782,0.009960701,0.0014622187,0.0470811883700696,0.00829905326530311
-366.97318,7.749127,157.34415,5.4079785,-35.51033,5.3842173,57.350475,5.829029,-47.03215,5.524417,35.733448,4.1396904,-21.58882,4.886363,26.449383,5.288119,-10.490972,4.7092767,12.334775,4.5305433,3.1151042,6.342828,-3.5952597,4.1407247,1.120953,4.113895,1622.198070217822,126.2565193051527,1885.5796397802515,61.205048187711846,0.0003650172,0.0007246644,3734.037281576276,0.009371887,0.0010719211,0.07345743909512761,0.011106476165297944
-369.96127,5.391784,170.48898,4.9309835,-44.749275,4.446589,58.944798,4.351893,-31.093369,4.264184,44.852787,4.296549,-12.441195,4.3661504,26.05553,3.8564565,-10.607364,3.606677,5.244578,3.4152265,-0.3498635,3.7657785,-2.0490181,3.7672064,8.344402,3.5443718,1351.9200859485086,92.44509170534826,1680.385294775855,69.75412636310043,0.00028596664,0.00053418375,2972.4063882141822,0.009474109,0.0008657057,0.054992250942575406,0.008725170840944096
-345.60712,14.114152,148.64641,10.598675,-69.7085,4.4523444,77.55594,5.982154,-63.124367,7.097662,50.875355,6.4629083,-34.39523,6.8190503,25.961695,4.561915,-14.768942,4.2815013,3.3640895,3.811709,-4.290981,3.8164408,-4.7825274,3.9819326,6.878954,3.7084622,2223.5497482368087,251.771743913456,1982.6723837873997,127.10397856517355,0.000919635,0.0005271581,4604.033644957221,0.007177856,0.0008792929,0.16495749347447797,0.03688458784964732
-408.76666,8.436653,185.51607,6.790941,-24.09878,5.4916525,57.47481,6.1598787,-22.822721,6.0941606,34.923923,6.1989017,-10.769316,5.6535416,19.40406,5.448538,-6.3789334,4.3254066,4.4389696,4.537799,-4.6945853,4.121423,-8.002617,4.4819183,4.3965406,3.8000576,977.0196249909778,103.84420600681192,1426.0341009210213,117.82014455152733,0.00011692783,0.0002943616,1972.1366439783933,0.009841523,0.0007260444,0.035914162195475635,0.006993638328065253
-384.38303,8.046936,181.40445,6.2692466,-36.57198,5.2923865,54.271458,5.2703595,-23.29131,5.182368,29.689493,5.2496634,-10.495914,4.60738,15.059233,4.5469284,-4.9011827,4.4577894,4.481215,3.917276,2.2981994,4.283532,-1.9637463,3.849611,7.243721,3.778964,1104.5172448654264,97.17576157658215,1446.6896927865457,95.77766977054372,0.00013806872,6.9897054e-05,2332.6804034947795,0.010104769,0.00096310844,0.040043594112529,0.008236455099876517
-378.17706,5.925381,195.39581,5.4936123,-47.02979,4.061869,57.24204,3.9540846,-28.350357,4.272657,31.854324,4.3630047,-16.094429,4.111888,15.371366,4.2746716,-8.645548,3.8634098,3.8826547,4.0855517,0.09410097,3.79749,-5.403402,3.2756796,3.1989613,3.3482666,1092.0716496687112,78.9936372710205,1370.9628030842268,84.11099137406785,0.00015834022,0.00014409723,2198.9347311847446,0.009876967,0.0007670524,0.04967100493039443,0.0057654260741820075
-376.11627,6.1025476,171.06387,5.4311385,-43.371952,5.1514325,46.305702,4.8084474,-44.108917,4.8293576,36.560154,4.563782,-27.167334,3.9059126,25.678673,3.927144,-13.315331,3.6269724,3.9870532,3.9500253,0.07315031,3.8998244,4.7366724,3.6807895,13.561696,3.717567,1468.6022542853718,84.2314165611992,1719.3254916661347,67.58932819552936,0.00039322308,0.0018621949,2982.398593840632,0.008807407,0.00085950125,0.07385735390081206,0.008025033990241338
-376.97217,5.3990173,166.73453,4.9277945,-39.008076,4.5701118,46.368412,5.1104727,-44.21506,4.1118274,35.95269,4.3781886,-24.35386,3.8970847,27.601578,4.205236,-6.1741605,3.947357,9.407762,3.8329835,-3.0639546,3.564817,-1.7727832,3.5258498,11.546593,3.5011587,1471.145776781494,86.6303061194157,1747.1763881963157,64.13576261093267,0.00030628944,0.0007653284,3112.6969552095416,0.009026885,0.00089879264,0.07240383918213457,0.007116927233026421
-386.99954,8.302537,178.56152,6.414443,-32.522167,5.3913345,52.840614,5.426009,-25.747375,5.2769527,34.579,5.03029,-13.011302,5.0734954,14.9916935,4.729941,-9.108335,4.1089015,8.427872,3.975422,0.7334452,3.7910883,-3.5083826,3.8534393,6.882867,4.294886,1140.001017537712,130.23554073334628,1527.1173554370737,130.47786154199923,0.00018049804,0.0004629576,2397.8795452073664,0.00957971,0.0009460843,0.04900145917923434,0.020073860185807618
-328.96298,18.468143,138.74825,6.089284,-68.59099,9.943889,74.29285,6.356783,-49.730484,4.5414176,42.596905,3.7611113,-34.109505,3.9765341,27.165535,3.972301,-12.6696825,4.1653304,9.578124,3.3407223,-1.5648307,3.0369325,-5.5715303,3.1105223,8.77309,3.1783981,2286.339482905448,129.23370845648213,2005.600073114453,89.24113184828224,0.0012928274,0.002297699,4708.701998894287,0.00776011,0.0014561708,0.15181695004350348,0.01844196884927021
-371.6929,10.890438,192.76164,7.5678253,-50.684483,6.317325,53.800995,5.109135,-29.020359,5.6207027,33.309418,5.4030538,-15.692008,5.094196,16.633606,4.9166546,-7.4880843,4.832906,4.1413007,4.2154946,-1.2897298,4.113982,-6.142695,3.4603643,4.7272925,3.6738849,1153.7612579294353,113.71030381776512,1396.7305644459166,120.60054614674412,0.00020957299,0.0005677269,2294.5851195439386,0.009793795,0.0008358132,0.05519277479698376,0.0072406426324336135
-408.32196,9.680443,184.54929,7.573099,-21.632477,6.392034,54.447395,6.7679486,-23.19253,6.167715,33.910774,6.120984,-7.158602,5.56498,20.964806,5.8811965,-5.0594463,5.476409,6.4749107,4.62193,0.9432506,4.6531177,-3.9001677,4.6422887,5.606181,4.131559,962.6506613059463,121.25349964637083,1422.7929153976613,118.87685893300151,0.00013752509,0.0004740359,1920.7017655162413,0.0098934,0.0009875767,0.03424539588167053,0.008764803615314823
-377.57626,5.86765,174.14676,5.402323,-39.30941,4.329697,54.163147,4.725016,-28.193554,4.43584,40.73481,4.403399,-10.178265,4.220974,23.995,4.0542808,-7.972945,3.8743322,4.5189953,3.765499,-0.6491277,3.6993055,-2.8930478,4.0041885,7.2398534,3.8587296,1238.9997614276494,97.13684926204931,1594.2753386142635,79.75774065834884,0.00024193432,0.0007288656,2652.056275830191,0.009555016,0.0010341502,0.04900372498549884,0.007814526838554929
-386.8507,7.0808873,171.17975,5.1471534,-41.237625,6.194306,42.300827,5.5040236,-42.56313,5.204916,36.244167,5.1475906,-22.806458,4.1866684,26.343048,4.3348775,-9.658608,4.436317,5.0351973,3.9613223,-0.057635624,3.9008071,5.2250004,3.8416762,15.126877,3.6723816,1396.2313357044338,85.16870289819364,1663.813389444865,74.21090218762235,0.0002428545,0.00073591375,2767.666094928219,0.009202821,0.0007805331,0.06732050282772621,0.0061538910219244075
-372.48187,5.5720115,186.72995,5.7726784,-48.297493,4.719345,59.919086,4.5207615,-28.636427,4.4065094,35.666008,4.3011737,-15.234707,4.564856,15.864963,3.9206867,-9.515476,3.9595425,2.6566944,3.4479685,1.0980927,3.5827765,-3.4295907,3.400158,6.401143,3.222569,1179.1805774136444,88.11220642079566,1460.101813894281,87.56750267756298,0.00023255541,0.00088590797,2473.2207756308003,0.009914247,0.00078649935,0.052464744054524365,0.006637076040878223
-377.40155,6.776134,190.998,6.1885796,-46.326344,4.1515913,55.964897,4.5656433,-26.65636,4.3741245,33.242798,4.646956,-13.3374605,4.482857,15.500514,4.2340045,-8.807742,4.1931357,3.106612,3.945945,0.09572837,3.3546116,-4.492435,3.7708726,5.673391,3.6333125,1113.4294976484787,93.32524262687451,1396.098641109298,93.85621269530068,0.00015903584,0.00013806936,2266.556982761746,0.009968364,0.00071551936,0.04971745395881671,0.006165712031940047
-329.91205,11.427633,150.89552,6.074295,-54.43186,5.792733,67.32938,4.368897,-43.774494,4.0372667,43.405117,3.497608,-26.998217,4.494758,23.30775,4.1128206,-11.705186,3.9926758,7.1016397,3.747462,-1.4322975,3.8385046,-5.053549,3.4490302,9.40829,3.399113,1902.3273822172073,109.95525107485632,1939.77679818023,66.08691072473844,0.0006895721,0.00072660047,4243.864593151827,0.009233129,0.0013971807,0.10346464435904873,0.012862841971783858
-370.33875,4.9169617,162.25203,4.548629,-30.752167,4.5688214,49.656536,4.749259,-43.491566,4.054678,38.766514,4.3660145,-24.214195,3.8667772,25.127424,4.104835,-9.150582,3.8638408,12.819766,3.9408,3.198742,3.3591456,-1.558223,3.5383284,3.0113432,3.3683715,1512.109890935754,84.26511061389199,1858.199397715559,62.22476797862251,0.00035761792,0.0011939268,3484.906614794809,0.009368131,0.0010107368,0.06793113761600927,0.007057177251003369
-368.4372,6.1542077,172.86739,4.864347,-46.546032,5.061195,58.600132,4.6561294,-32.125698,4.1261196,45.95107,4.161912,-12.788894,3.795938,24.710331,4.0732665,-11.353063,3.6447506,3.9769075,3.4139223,-1.0344994,3.6105032,-1.1967688,3.4496365,9.108523,3.4752054,1346.5695192627493,94.33651544532418,1657.6155081803413,72.79881424762927,0.00026831162,0.00023638786,2933.1869811303654,0.009464309,0.00076035404,0.058057886818445474,0.007953127167615074
-370.58636,5.499862,183.396,5.5253386,-50.034016,4.1558843,62.647495,3.533622,-29.839212,4.1830745,37.550007,4.506459,-14.87398,4.4391384,18.278376,4.1782775,-7.1126127,3.842903,4.9684167,3.3073387,0.8259385,3.5181456,-5.155298,3.1294749,5.335064,3.3480492,1223.8840243489008,107.17569440191096,1507.3937996518907,98.75026411108932,0.00021805477,0.0002918322,2638.6417397766822,0.009824212,0.0007927254,0.053842354263341066,0.007095805260111783
-371.9003,6.192722,169.62805,4.3087883,-45.516533,4.8848276,48.63409,4.231897,-44.0712,4.483947,40.17081,4.015313,-25.342295,3.7967691,27.269316,4.2262907,-10.309564,3.53608,5.4868155,3.6255045,-3.92969,3.8443856,-0.5584829,3.4546092,13.599113,3.7805223,1501.9571141828767,81.13244321959594,1744.3425008347047,54.42292828836185,0.00032132366,0.00031163645,3153.440173651392,0.008682491,0.00093972404,0.07525988797853829,0.00818530361013666
-375.72635,6.1574435,190.48196,6.1279836,-45.311268,4.414913,56.399117,4.3304815,-28.131891,5.1001763,31.491941,4.4823728,-13.914835,4.7483463,16.531538,4.3160796,-6.708358,4.0183344,4.5578923,3.6277974,-0.04262481,3.7333446,-4.8898363,3.430719,5.1967087,3.6996346,1119.028221193633,92.07795112411414,1407.0344199925835,91.81226498757587,0.00018577444,0.00043746602,2296.7834047817573,0.009933731,0.0008301194,0.05025558294663573,0.006971928032846495
-387.49222,8.255602,176.74733,6.026118,-34.052013,5.3291454,54.717625,4.9121504,-26.120312,5.3420362,35.039463,4.913886,-7.5494275,5.4439325,18.837023,4.5961246,-8.414531,4.847168,8.7266655,3.4970694,-1.2549771,3.5981398,-4.1097474,3.8346214,11.038819,4.2142425,1154.3093828415617,120.1741533981956,1534.867007529205,113.97706323352091,0.00016232773,9.713919e-05,2496.227829085702,0.009525776,0.0010152202,0.04879980242169374,0.013866313658776391
-359.2998,7.1325016,150.76956,4.663009,-41.742203,4.8404083,63.417156,4.526328,-28.083197,4.390058,42.11338,4.101606,-16.644644,3.8940089,27.465473,3.3980513,-6.3363633,3.3999226,9.185247,3.5130796,0.9566782,3.4314058,-2.9303079,3.609317,8.885554,3.3315444,1602.2319366471856,107.98330949725161,1879.6327458689018,57.65354855119092,0.00039841965,0.00074238656,3699.6640942212875,0.009598656,0.001426733,0.062083091647331785,0.012227831556731721
-375.25488,6.215962,175.0761,5.063638,-42.024418,4.487343,54.81764,4.4479237,-31.922056,4.58441,44.43769,4.9711857,-9.641655,4.1765532,25.41983,3.9052868,-9.825585,3.7794778,4.198646,3.8122985,-0.22555165,3.8004088,0.25321525,3.827563,9.257708,3.255678,1269.4701519991493,94.64430186804704,1613.3231430032133,73.47880586183653,0.00023435513,0.00037057226,2718.40452118982,0.009554182,0.0007641229,0.05318187173723898,0.007863139260986508
-381.83563,7.5609317,174.95868,5.6100764,-42.29363,5.552683,49.92171,5.9315076,-26.574549,4.9295244,38.31049,4.381726,-9.838084,4.1601677,25.224092,4.3661847,-4.9420247,4.6896563,4.1652017,4.214814,-3.4394152,4.232007,-6.081197,3.8282385,5.1203213,3.925088,1241.3566336253557,99.06600171305222,1550.5468911507216,86.110271155012,0.00019929385,0.00026898316,2548.3871424557715,0.009487324,0.0013747127,0.05037227196925754,0.009722326632484552
-378.6213,6.0522723,189.65253,5.5247602,-43.848526,3.7743256,57.749508,4.4257307,-26.113731,4.1369667,32.85539,4.1665797,-14.451186,4.3526883,15.0789585,4.6095867,-8.02258,3.9150596,3.3191078,3.7112448,1.0933975,3.5733523,-4.054301,3.721187,5.267235,3.6496983,1102.865444112131,85.34637605825763,1408.7317243835223,88.23458050094321,0.00015879002,0.0001444572,2274.0761174956497,0.009942324,0.00075164967,0.04802716248549884,0.0059413737095124
-373.80118,5.4536004,173.35953,4.726985,-45.43167,5.4617167,48.102116,4.6721272,-44.822533,4.389817,37.19189,4.2181168,-27.491001,3.9541483,26.167547,3.5732224,-13.780377,3.77637,3.465977,3.314315,-1.9700001,3.6664948,4.907546,3.7048414,15.549213,3.7865088,1467.1347310743377,77.78469811372665,1709.7863795870408,58.84551330563706,0.00032639524,0.0006508628,2972.6561933548433,0.008649103,0.0006647726,0.07514886347157773,0.00713019189252934
-372.73587,5.6852612,156.80035,3.9082155,-29.025896,5.398057,47.402905,4.538226,-38.614784,4.3728433,37.3725,4.4310083,-22.195404,3.6887155,21.19189,3.9345891,-10.22511,4.1124206,10.226643,3.6224792,4.971542,3.8148646,3.3305182,3.5825677,6.399376,3.419949,1503.2905339265928,81.95336654052178,1842.709843437916,57.57548968733378,0.0002640151,0.0003215896,3461.1001848897913,0.009806197,0.0013220327,0.063960312137471,0.006865731161519635
-371.5635,5.400407,149.54373,4.4221783,-41.10959,5.228882,65.2244,4.423866,-39.86411,4.766031,32.365406,3.8560684,-20.282104,4.0525846,29.802671,3.7405531,-15.295706,3.7160475,5.7788186,3.897069,8.943247,3.8776436,-2.6447563,4.1274066,5.539416,3.600792,1665.6577635883848,103.62533631602608,1888.3442700617659,64.91889855989659,0.00029903554,0.0004209074,3728.3417243691997,0.00989927,0.0009365973,0.059754975710556844,0.00877587804865871
-380.11386,6.7146153,186.28471,6.0481367,-39.832714,4.2780704,55.316776,4.3404026,-23.277973,4.3031244,30.813461,4.104018,-11.848699,4.5821137,16.380032,4.2132,-5.127576,3.8399363,4.673825,4.081331,0.5675837,3.5671918,-3.8680418,3.9456723,6.591881,3.5654216,1088.561030478041,92.95715379660476,1414.5313480152279,87.1173392375219,0.00017440405,0.0005003163,2248.5710126341355,0.010037593,0.000901133,0.045479263341067284,0.006705723022332294
-373.43106,6.5378695,160.97723,4.1820087,-25.138264,5.8761535,43.8847,5.0588613,-38.37099,4.69163,31.54169,4.6613393,-24.105839,4.289407,20.052332,4.0647,-10.0025425,4.3873005,6.0992923,4.1491323,1.141799,4.3051677,3.6701145,5.3155203,7.9685397,4.2675285,1423.4231725280808,93.74456423564754,1774.0208544054742,71.9272765453462,0.00022505922,0.00024658933,3089.7648432968385,0.010491173,0.0024760664,0.06104082076566125,0.006291984482389489
-373.94803,6.2535257,163.81279,4.31882,-39.89514,4.5014343,44.913307,4.4138055,-39.98142,4.0848308,34.272137,4.332498,-22.727186,3.9893608,25.394287,3.8488102,-6.341295,3.7125626,6.2941833,3.4597204,-6.4181232,3.9530149,-6.573064,3.785828,9.086171,3.295561,1492.1087757684259,86.36853010573451,1732.1957018270637,65.49585340165682,0.00029325066,0.00025312413,3126.111491263051,0.008803577,0.0011934105,0.076176406612529,0.006842810882903067
-373.25,5.9960556,162.98682,4.779998,-36.37808,5.052382,43.705173,5.4324155,-41.27083,4.09162,34.9595,4.529125,-23.767382,4.0843244,27.1341,4.2568583,-8.158435,3.6918094,7.071789,3.929714,-6.0297346,3.7324846,-4.5097284,3.6440358,10.235748,3.650734,1516.9969026648662,84.7389617313637,1786.4962964855065,62.30447491077298,0.0003239906,0.00057797105,3219.9133215813513,0.008713793,0.0011510999,0.07714050717807425,0.007799988619144328
-365.77167,5.7217307,167.87645,4.201153,-47.353523,4.085008,62.15851,4.0006824,-31.927649,4.207198,46.669537,4.2069564,-15.409591,3.8443801,25.796694,3.625015,-12.382325,3.2900202,5.3886766,3.4238303,-1.114936,3.354276,-3.0748527,3.2657526,7.333885,3.3483758,1431.40175625771,90.65750310195901,1729.8937417737461,58.146003583821965,0.0003055027,0.00024269198,3186.0897055358178,0.009333713,0.000774636,0.0617182968387471,0.00731947259989233
-362.96967,5.459604,155.0517,4.706776,-35.76983,5.406337,57.721474,4.9747033,-40.846905,5.1889186,35.250874,4.798418,-22.69641,4.631866,24.22451,4.232982,-17.33913,4.2619925,8.820578,4.0646043,3.316345,4.1215143,-4.8752594,4.2306514,11.876668,3.5841224,1633.0835425743646,89.75689310289033,1897.4235071421067,58.51603955018068,0.00039732753,0.0007774871,3693.568848789153,0.009299012,0.0013035166,0.07113725348027843,0.00882656775832838
-380.4705,6.7951746,162.57388,4.4179945,-32.880222,4.8057237,48.76587,4.7503777,-36.141735,4.424024,34.35638,4.151494,-22.340918,4.2036157,20.582493,3.6735888,-6.5449862,3.6828902,9.405729,3.846904,-0.79246867,3.6262546,-9.846999,3.4509175,-2.1308575,3.1514523,1406.7289284023677,95.77506738840063,1726.3370405682597,71.8319878895096,0.00022430821,0.0002881471,3043.550892274507,0.009619835,0.0009930436,0.05922930865719257,0.00686665065044613
-389.4635,6.937669,181.94145,5.49068,-37.99704,4.9657407,52.253178,4.399821,-26.849216,4.918156,39.284573,4.714361,-6.5920177,4.249513,20.144192,4.7865005,-7.67812,4.2196956,3.2404795,4.1724706,-0.73007494,3.9595163,-1.4918408,3.7817822,7.084956,3.6659403,1120.4175295143928,88.25808159534843,1478.648435447714,81.29679751413754,0.00016897768,0.00025942846,2311.072258827581,0.00948277,0.0009249961,0.044758736948955914,0.00717091439636955
-385.23035,5.9187217,180.61717,5.06486,-39.16838,4.4848943,53.461838,4.40348,-28.640265,4.4971437,41.170227,4.204579,-5.544514,4.618183,22.299128,4.559508,-7.949247,4.217753,2.7689664,3.8439202,-0.22685583,3.761607,-0.390236,3.7334375,7.779283,3.4631846,1150.0324765141563,94.35329810287641,1504.28650375859,83.36380764985611,0.000174524,0.0001884071,2400.8522263812356,0.009579988,0.000889536,0.047432388341067284,0.0072054860450807365
-370.5125,10.863781,179.55025,7.603247,-43.33931,5.5298715,58.982716,4.636698,-25.33021,5.455595,33.215904,5.3515444,-13.495017,4.785968,17.488184,4.4387755,-5.7154593,4.3984156,4.0591903,3.9830391,0.8471893,3.9012735,-3.7049024,3.5632725,6.061847,3.388397,1200.5678716399545,145.43054266234458,1505.4654825511047,128.59979306073302,0.00020244754,0.0002317067,2577.98905162413,0.009985523,0.0009681271,0.05232313116299304,0.012511436900601204
-350.75842,7.5791554,155.98872,5.6287065,-51.51623,5.3432045,69.620255,4.697082,-33.917145,4.484365,48.093296,4.4301367,-23.413065,4.093443,27.878962,3.9353518,-10.0863905,3.3969734,10.413061,3.100282,1.4446841,3.4546702,-4.2910533,3.2722957,7.2800694,3.2963126,1693.3980549541234,132.84936253993743,1901.5334913279826,74.7248630009744,0.0005385475,0.0014583436,3860.9382930321926,0.009366035,0.0008140012,0.07636106982308585,0.012386641146235937
-369.83527,5.856994,182.27148,5.0417666,-48.295742,4.154105,63.296467,3.8534155,-29.55986,3.9642367,35.855446,3.7903633,-14.768914,3.589519,17.909573,3.7706425,-6.9333434,3.7077003,3.9906824,3.6032934,0.32898173,3.7086384,-5.2437387,3.2783751,5.46837,3.251624,1219.8061879418408,83.6216510081528,1509.3671834060176,75.94729627225729,0.00020827581,0.00021573079,2650.0828152189674,0.009853633,0.00076861127,0.053580653639791184,0.007272272783285249
-400.87457,12.350178,176.14687,7.2427993,-23.04735,6.1165795,49.10968,5.761026,-18.823977,6.6757565,32.453087,6.761995,-6.478336,6.275235,18.727768,5.8336,-0.74213386,5.434946,8.362364,4.7491145,1.2784057,4.1346154,-4.332834,4.5708795,5.135883,4.472371,1042.9700113249892,137.73737205612207,1469.6979719308554,128.47730476307638,0.00013083128,9.724002e-05,2148.324209686775,0.009553279,0.002174369,0.03999827798723898,0.010942516827382197
-376.91837,6.471447,164.12645,3.9739654,-34.399494,5.2569666,54.708206,4.937284,-43.443382,4.7856407,39.093586,4.6397,-23.880919,4.0434446,26.230385,4.034686,-7.5622473,3.7555645,12.858713,3.7385354,-0.26720107,4.1603255,-5.541062,3.5635889,1.1569208,3.9698372,1484.967154315158,83.74764585250688,1822.872449827004,55.87994112443761,0.00025497697,0.00014493542,3409.165696146317,0.009489304,0.00092899223,0.061591411687935034,0.00710191718219824
-361.72165,9.310639,170.73755,6.4457564,-45.994144,6.427057,66.21011,5.2478285,-34.154648,4.854893,43.092762,4.4535794,-21.419134,3.7030046,22.916677,4.173329,-6.969682,3.6769383,8.395232,3.6112087,-0.010481124,3.569465,-4.4018426,3.4400215,8.583399,3.4772255,1409.4159018781636,102.06760737387543,1713.7389835020808,95.91957357855694,0.00030284913,0.00050017063,3175.922636310905,0.009848159,0.0008446964,0.0597697034512761,0.008861587853232399
-346.83954,4.1307154,163.25322,4.188188,-53.907963,3.3079238,66.26224,3.5446177,-34.87185,3.6145627,41.902126,3.687658,-24.103146,3.3790944,23.518534,3.2531767,-12.591145,3.3062556,6.3322954,3.1067514,-1.8650653,2.985298,-4.267443,3.1838942,6.0128846,3.2320127,1608.9489260384096,72.69669168904954,1791.3765944575948,43.87680946365871,0.0004900279,0.00080261513,3521.253262761021,0.009080011,0.00068728975,0.07810347484048724,0.009142961072514699
-340.8977,30.051193,160.93597,5.2900167,-72.87909,9.629839,62.793385,4.7877307,-45.518997,8.55516,33.122677,4.7983913,-26.11409,4.88306,21.765182,3.4688644,-10.525302,4.6852036,8.647498,4.360297,-3.986719,3.7988214,-6.6109962,3.841659,7.5941544,3.4937124,1817.5235751510302,138.99417046206216,1710.3632388923913,72.27406412601773,0.0006384346,0.00048975035,3654.424383247535,0.008189347,0.0019418139,0.11692579937645012,0.020780155811637384
-361.34512,5.0275908,158.48486,4.3082047,-40.612293,4.1358647,47.63059,3.8685722,-43.7437,3.9802475,34.25336,4.1085367,-23.776287,3.377134,30.177118,3.2264502,-1.352008,3.3476954,1.1147985,3.206247,-8.950077,3.641326,0.114519864,3.7080774,5.284141,3.4831152,1629.765288234053,91.78896382879365,1832.8194278258552,60.922944419615185,0.00040041952,0.00047081034,3708.9818259679523,0.008643383,0.0009688897,0.08227595707656613,0.008396418760571378
-377.3411,6.5435405,177.92865,5.512835,-42.97374,5.4929233,55.39798,5.12594,-28.859365,5.2591333,43.12615,4.719536,-8.19897,4.405855,21.224998,4.6296544,-8.796599,4.194811,3.1041105,3.9286163,-0.9937756,3.984343,-0.8191797,3.6848016,8.052199,3.5904403,1217.4191016519371,91.81001761600133,1548.6600361872668,79.18141544472371,0.00024734205,0.00084952195,2573.592481148492,0.0096202195,0.0009663508,0.05165018670243619,0.007655938081311692
-374.28104,7.277912,150.28624,5.4767423,-32.881413,6.2746973,53.42377,5.959507,-35.183693,5.434074,32.340153,5.2420335,-20.847008,4.563129,22.052513,4.8234897,-11.103738,4.0681925,3.0650756,4.1197147,6.6625323,3.3222418,5.787199,4.1006813,11.030352,3.8414173,1549.2938284934044,116.08564534038639,1835.9789447145552,82.27596976144324,0.0002761287,0.0006087744,3530.7458581061487,0.010189019,0.0016533566,0.05997475891821346,0.007545064096537649
-369.87253,6.586653,184.05806,6.3894105,-48.293163,4.5916224,61.670727,5.021808,-28.821688,4.9332237,36.289627,4.2021217,-16.058924,4.712297,17.032022,4.3984337,-8.846868,3.8162963,3.9937289,3.7710392,0.31349093,3.305005,-4.637657,3.2479775,5.2548437,3.3594022,1210.9687700201926,95.14865147187312,1497.1015007517055,93.19881353171256,0.00026360818,0.0010669235,2579.3379993837007,0.009922509,0.0007654274,0.05259729372099768,0.006893755495162692
-350.09467,43.94799,158.79585,8.923564,-80.48727,16.64551,56.735268,8.05282,-46.01673,8.233827,31.370573,8.003944,-32.73804,8.042229,19.10686,4.9727364,-13.704938,6.806417,5.8512545,4.790571,-1.1909963,4.064649,-4.2597504,4.1735,3.2702868,4.3535686,1856.6049702821501,212.28063717175132,1671.3544390737538,96.25348945075335,0.0007294191,0.0010833597,3575.7607444533064,0.007831638,0.0025114918,0.11875657083816706,0.024436917887628005
-374.0265,6.361598,178.50752,4.8221097,-49.478783,4.652026,54.20515,4.057024,-31.811304,4.511957,45.118427,3.924969,-8.852332,4.7268014,22.506283,4.477755,-10.934601,3.8232925,3.1291547,3.5995762,-0.1552853,3.7661936,0.40544263,3.4386592,9.150059,3.6318376,1278.4893599878014,91.35490939770632,1552.6465562658968,72.01961516751491,0.0002314438,0.00027065157,2651.1569773238107,0.009357452,0.0007681606,0.06105554850638051,0.007863007536425427
-366.20776,6.31042,182.06439,4.8666973,-51.435337,4.271176,62.458965,4.217882,-30.698238,4.374919,38.415123,4.291315,-16.163086,4.4753757,19.796993,4.123997,-7.1047006,3.6569297,4.400103,3.8956006,0.18069796,3.562971,-5.7512054,3.3540032,4.9058423,3.6438744,1259.940548243375,81.72342091924946,1529.533244376516,71.42434603190705,0.00023920377,0.0003617017,2696.621512924159,0.009826651,0.0007213169,0.055940490864269145,0.0070272248951305
-374.53293,5.890622,166.76675,4.3347945,-45.070793,4.804493,45.748875,4.6864324,-42.64276,4.710274,42.544266,4.3349,-23.650934,4.015646,28.062645,4.100489,-11.975747,3.725294,3.5852532,4.028351,-2.3449333,3.870285,2.3069692,3.844316,15.174161,3.9241388,1535.919268390809,80.91875355949033,1775.6760365861433,65.2638362312955,0.00038126938,0.0007170469,3252.512892437645,0.008186974,0.00082890043,0.07799584904292343,0.006834312677996012
-380.98926,8.533535,173.4175,6.9334145,-39.299004,5.337848,48.494476,5.044056,-26.054035,5.59926,39.37965,5.2023454,-5.616353,5.3544364,21.147638,4.745292,-8.269126,4.36986,2.0788448,4.156204,0.8522632,3.85555,-0.24978073,3.9956286,8.697049,3.7377288,1228.571291136606,135.11828236248942,1547.4328135369346,112.83903683517278,0.00022608471,0.00043281136,2567.5471967444896,0.009368497,0.0021396228,0.05230047310034803,0.011976313875534864
-397.54797,13.589124,177.11977,9.037948,-26.466764,7.863734,47.19319,6.867572,-21.758451,7.201593,31.912125,6.216296,-10.815037,6.714865,18.387238,5.981737,-3.5766573,5.173923,2.6452205,4.994212,-1.9207681,4.527237,-7.459774,4.610859,4.572642,4.553593,1098.0884745242236,134.14952490787232,1480.861451118016,142.59567421398796,0.00015701236,0.00034276192,2232.433600547419,0.00951359,0.0018570184,0.04196952943735499,0.009282412760376545
-370.5939,5.3788695,185.91626,6.0664263,-47.765663,4.4187226,60.163265,4.831762,-30.4456,4.5016327,36.824165,4.2972527,-17.827778,4.2313375,16.620153,4.3139577,-8.683884,3.6127753,4.0419073,3.7069976,1.4186147,3.6608393,-4.406576,3.4726565,5.1436,3.1823194,1198.2274503764625,84.7776834511239,1486.877541679192,84.68858045832187,0.00022712802,0.00055277464,2512.5900657990137,0.009998616,0.00076810375,0.05322265625,0.006440872049937949
-366.10092,7.444632,176.49458,6.1801243,-40.13584,4.827438,53.521175,4.74101,-24.829588,4.704878,30.858772,4.634769,-12.671241,4.7647767,18.54354,4.4179907,-5.4981303,4.0671787,3.2514997,4.2957935,1.8801632,3.3397243,-4.059036,3.848264,6.3865585,3.497277,1214.1638441715036,116.95224038851225,1514.8345074465117,95.31067137282882,0.00022356762,0.00039647295,2564.224788373695,0.009946892,0.0014116974,0.05353193880510441,0.009858031451594088
-374.5881,13.859237,171.12637,8.20071,-39.332558,5.7812943,53.839436,6.261298,-30.100452,6.0724587,42.461155,5.440044,-10.891371,5.834647,22.24972,4.600136,-6.02616,4.091215,2.9697661,4.3320985,-0.5542944,4.045461,-3.407229,4.0607476,7.117042,3.8702223,1297.905550420482,150.77229746378703,1626.615573005221,128.4884694824328,0.00029794406,0.001026033,2815.7535845055104,0.0095733395,0.0014601703,0.05306858142401392,0.009571472090401982
-365.73703,5.5369453,182.17883,5.922998,-50.93709,4.7420177,62.54497,4.8626833,-31.910528,4.783733,39.103542,4.5000534,-15.438569,4.072709,20.463099,4.5752344,-7.858853,4.276442,5.1550264,4.187453,0.11452433,3.4607158,-6.5115294,3.5742757,5.632469,3.4019685,1262.677678416173,87.34732824000076,1539.9776479042564,84.28474408200955,0.00026488624,0.0006575645,2712.609041926479,0.009904968,0.00083605276,0.05659077726218097,0.007316832580262783
-385.29398,8.4117985,179.6147,6.27196,-39.190605,5.925801,49.774754,4.626063,-27.679739,5.230558,42.01111,5.4475956,-7.537734,5.41461,21.511108,5.2716,-9.770865,4.41982,2.1385045,4.379276,0.2793632,4.332794,-1.2033448,4.0384316,9.492175,4.314519,1176.0357169782592,116.11327495014443,1512.288197486624,107.45435147708373,0.00018347398,0.0002813458,2386.9380800464037,0.009495932,0.0012334326,0.05161846541473318,0.00893617545663196
-361.028,6.363122,136.6484,5.473822,-43.383312,4.8782983,72.692535,5.8147755,-40.750484,4.9701266,23.144312,4.197404,-17.633257,4.189621,29.047718,4.3759036,-15.543687,4.081281,4.7035866,4.178339,8.942841,3.5678048,-3.1624935,4.206288,10.52443,3.9915571,1900.2893536008214,119.19111231575492,1920.8391259220475,53.62050752293538,0.00053425593,0.0013920512,4028.1828347049013,0.009055608,0.0014164881,0.08277443445475638,0.01596855590649231
-404.77148,10.069798,179.71245,7.329493,-22.637506,7.4436026,50.242905,6.7147245,-22.52356,7.059325,33.581566,6.3361955,-10.174034,5.9956455,23.23941,5.8542714,-1.7712116,5.3430543,6.780134,5.3491096,1.8204266,4.945238,-4.966982,4.613757,8.049692,4.1969457,1020.8265183915018,130.08766137861537,1477.1620634519509,130.07197556651212,0.000117076735,8.195072e-05,2088.8456056953305,0.009921547,0.0012317441,0.035601480930974476,0.00914430677623228
-363.1026,8.87959,169.75322,6.0065446,-46.0482,4.5202374,57.34418,4.633559,-32.47904,4.278646,44.993217,4.5695314,-14.231993,4.7180905,25.140615,3.8202693,-11.465946,4.062192,4.115802,4.1064262,-0.5174815,3.6145656,-2.533838,3.6015105,9.091971,3.6249204,1401.4859015626203,118.94358141643629,1693.031890048624,94.43601849995045,0.0002901124,0.00015010667,3066.6328872716067,0.009391392,0.0008204804,0.062974686412413,0.009295293807979079
-379.88928,7.6712966,166.9781,4.6750054,-41.4515,5.7841167,40.774025,5.089961,-43.326115,4.798336,33.897346,4.0292654,-24.155699,3.9405067,26.279438,4.4040675,-9.201339,4.434751,6.9019823,3.9356344,1.067487,3.7310543,3.1636267,3.6936748,13.322979,3.714487,1466.5093342924536,87.93132910184866,1703.3424878990795,65.9185501427845,0.0002217235,0.00017504852,2942.5546739051624,0.009414302,0.0006939552,0.06998962260730858,0.005600180716055255
-368.74634,6.6243644,183.28035,6.1384554,-46.308376,4.6171513,58.2111,4.873694,-28.951445,5.47052,35.265907,4.2141323,-15.82728,4.1310143,15.402071,4.156668,-9.176068,4.0371923,3.7625265,4.1056523,1.2858886,3.7621255,-4.3703723,3.5048306,6.04141,3.1897783,1211.548718926765,104.96436108836764,1492.3313127881916,95.47133717377663,0.00022677353,0.00056130934,2550.285661524797,0.009947832,0.0007657436,0.053383528494779585,0.007400414804969747
-365.3837,5.5809846,181.88438,5.0375066,-48.837364,4.2928686,62.12885,4.108629,-30.732616,4.1398673,36.319897,3.9097922,-16.880886,4.4189725,18.998224,3.9417346,-7.996402,3.7980194,4.888319,3.6248372,-0.10274153,3.608931,-6.2498283,3.5212328,5.991416,3.4954474,1248.0163011661284,86.80584471198286,1528.5171671066119,75.69629152112626,0.00023775922,0.00039589815,2677.486439149507,0.009884438,0.0007139849,0.056399316632830626,0.006507591440512546
-371.56995,7.255779,164.30301,4.8596215,-38.934357,5.052145,43.23654,4.9019995,-44.043785,4.476457,36.00513,4.9596643,-23.026522,4.1795697,28.142872,3.9951165,-7.084516,4.069008,8.002154,3.9379265,-3.7758565,4.208339,-3.5877607,4.045881,11.328726,3.4722831,1508.4475144244398,89.28090409764872,1768.235565651212,65.04076565077115,0.00028323533,0.00018399474,3197.006190182715,0.009039944,0.0010162002,0.07495626993909513,0.007037051493577579
-376.92496,6.2734566,170.43506,4.531299,-45.56699,5.163082,44.042583,4.5563364,-42.54946,4.386232,37.414646,4.3479323,-25.22205,4.136368,26.312151,4.318605,-10.401698,3.7377512,4.5654263,4.0167155,0.42040223,3.7135396,6.0025716,3.8020127,14.959035,3.8477995,1468.7716732038177,85.51724820066468,1689.4303450545624,63.92230320785253,0.00029307534,0.00034836426,2926.367300790313,0.008654446,0.0009959759,0.07758800391531323,0.0072111013514956045
-390.16992,10.290308,178.1654,7.739086,-28.472307,6.4856596,49.342487,6.39983,-24.07252,6.3407726,34.08012,6.562551,-10.938231,6.9934964,18.35074,5.7695556,-4.411094,5.0837173,8.865806,4.934919,2.7587206,4.591184,-5.9845977,4.860572,6.6581907,4.941593,1116.9073433904032,144.7660335051831,1504.8333743231892,143.5554255978091,0.00016752383,0.0003141082,2292.3868343061195,0.009664711,0.0016340886,0.04595848136600928,0.013793495053326207
-374.94156,6.6113014,189.2139,6.235452,-45.84211,5.0946727,57.065964,4.7782545,-27.128557,4.8283014,33.47492,5.0965705,-15.838885,4.545908,17.440199,4.4914465,-8.178998,4.1291227,3.940413,4.023182,0.9712851,3.9343724,-5.357976,3.299355,5.2055573,3.2970855,1133.0353571101184,95.30784062199679,1431.519382066759,109.99470540987603,0.00022144546,0.0007372479,2336.4274806046983,0.009808645,0.0007143487,0.05123780996229698,0.006781184353234926
-341.13318,23.915806,156.9323,6.6073227,-65.63787,14.301223,68.00569,5.577307,-34.481174,4.485256,32.34219,4.595114,-18.04365,6.494704,18.202602,4.4253345,-11.266758,4.589181,5.0087686,3.6459045,2.5681782,3.4089785,-4.613693,3.4772108,6.2489953,3.5562508,1739.4602310840314,175.12257172749054,1684.0405111672849,66.97283433346243,0.0005804403,0.00086584775,3536.1666296584976,0.008544407,0.0016061383,0.10300581859048724,0.024338814240335096
-379.42935,6.4881377,179.50311,6.16853,-40.623837,4.788025,52.84012,4.823486,-29.921915,4.711774,41.683483,5.019569,-7.728221,5.0615425,22.081703,4.934217,-10.372117,4.348378,1.6279178,3.8069835,-0.5239691,3.920817,-0.67225367,4.193405,9.747367,4.063135,1193.8233002973402,100.7133410498935,1527.255976992257,93.06697801076434,0.00020746564,0.0004089768,2475.4190608686195,0.009643671,0.00096676353,0.0529292343387471,0.007653022035018838
-377.5422,6.772496,179.68497,5.7105675,-48.16034,4.305005,54.49722,4.5806346,-32.01586,4.597905,44.492912,4.3215814,-8.579021,4.686269,24.03654,4.8153257,-10.417289,3.9914892,3.26652,3.9423788,-0.6220481,3.896468,-0.94283414,3.9537876,8.188313,3.8303902,1256.1127285172784,114.8998096936316,1548.789445275308,98.75081577209407,0.00021427151,0.00020223124,2608.7650449535963,0.009424765,0.00075162796,0.058321853248259864,0.009629071901435119
-369.50516,6.6368732,162.687,3.984099,-37.158886,5.60742,44.81458,5.0819964,-41.42488,4.4008493,32.713085,4.7153454,-23.842785,4.6914115,26.0507,4.4108458,-3.5732646,4.123995,9.97637,4.0256987,-4.0572233,4.05351,-10.692926,4.043714,1.8948011,4.1340437,1505.401852238544,82.31932972913116,1757.8183365984578,69.9620679278207,0.0003221005,0.00053915515,3211.0452390878772,0.009067522,0.0012362191,0.07584106728538283,0.006172568420273672
-368.3077,5.2651286,164.04251,4.8019223,-49.02127,4.6994247,51.808285,4.2291546,-46.353718,4.1388235,40.98126,4.235286,-23.935139,4.227571,33.567043,3.6882398,-3.118556,3.6612945,2.2518938,3.57814,-9.946047,3.9895604,-1.880638,3.465576,6.5227523,3.7772837,1622.4368984793787,89.40967046018513,1812.061252207317,56.76276493070968,0.00041363784,0.0006740377,3629.5937522658064,0.008421213,0.0010117522,0.08168684744779582,0.008978345739128387
-358.97427,5.5726495,142.90062,4.36937,-47.864265,4.427514,63.519314,4.748555,-39.827923,4.842423,44.177284,4.603805,-14.473632,4.447265,29.148897,4.274065,-15.510988,3.8838701,16.489779,5.1764674,-1.8065188,4.5924253,-14.549463,4.1115026,6.7045135,3.8973384,1904.307049380947,88.6747131554134,1988.3317568963926,45.03752632186928,0.000538595,0.000739936,4149.01358124275,0.008594117,0.0014043311,0.089857344837587,0.017186975797296736
-361.69562,6.0322666,157.46298,3.8670495,-30.686712,4.71864,42.164463,3.9082656,-43.62425,4.595569,31.371313,3.792995,-25.206287,3.9631102,21.611517,3.8234608,-4.651668,3.6749022,13.863381,3.74707,5.027803,3.6844735,-2.9217196,3.326046,0.83992064,3.451658,1545.4759358404174,83.56578435467468,1818.843114519185,60.12690065598385,0.00028822964,0.00029117378,3466.1462487311487,0.0099900635,0.0016523395,0.07372253842807425,0.0062118181054737764
-366.39017,5.80659,181.176,5.545157,-49.51248,4.2010493,62.880875,4.4609222,-30.368307,4.520697,37.48971,4.637394,-16.296988,4.231243,18.642809,3.9308817,-7.629258,3.6287973,4.6018033,3.4517162,-0.06965026,3.554949,-7.10102,3.5682766,4.450429,3.3866186,1261.6949044992211,94.88978413538653,1536.0153695462416,88.22679949521894,0.00023629247,0.0003809767,2724.949415875145,0.009860594,0.0007132541,0.055050029002320186,0.007500691636192657
-368.97446,6.4832306,186.22557,5.4485216,-47.989155,5.1487017,55.79628,4.5480986,-27.428701,4.1703925,34.102444,4.5061836,-15.088264,4.5601025,16.239851,4.190792,-8.003988,3.8507674,3.8112648,3.7464716,0.64272743,3.6763175,-6.388066,3.5923543,4.9038634,3.6032374,1182.7554724805718,78.26811637317768,1448.5617468363455,71.1937722641436,0.00022109246,0.0004596947,2431.203550971578,0.009784979,0.0008001208,0.0533189530162413,0.006694406570412187
-374.09448,5.9255195,185.45113,6.204614,-43.41877,4.0273037,55.595047,4.380355,-25.315763,4.514742,32.549416,3.983136,-14.120257,4.457075,16.772068,4.6629453,-6.18876,4.0653653,4.748721,3.7289827,0.0848479,3.7799084,-5.783954,3.4390156,5.4720273,3.0572958,1144.8884847638792,85.65345267105353,1445.9134470244967,89.91862753867225,0.00021007507,0.00059982657,2366.578961082512,0.0098156,0.0008509692,0.04943422817575406,0.006591929250145363
-372.4471,6.5737185,185.91953,6.221367,-44.753815,4.59299,55.792915,4.815237,-26.138506,4.3666935,33.525898,4.6190176,-14.09807,4.4358687,16.077717,4.4887724,-7.241044,4.0612583,4.1439257,4.034945,1.2136395,3.59276,-5.1490245,3.488069,5.6733637,3.6855264,1153.5279690308475,87.05458420697518,1446.3796943415928,94.9225094149391,0.00019260477,0.0003542943,2383.4408080771464,0.009916555,0.00078834756,0.05060225130510441,0.0072284697696096715
-370.6877,5.9206705,185.41548,5.7843685,-47.9037,4.4390163,61.542896,4.3765764,-29.61886,4.7292433,36.082954,4.023507,-17.522434,5.1858783,17.757444,4.324037,-8.571605,4.0711694,3.210883,3.8664134,-0.72967046,3.6437254,-5.9121847,3.607051,5.6479993,3.3465655,1203.8541802642312,92.96642498766951,1491.5542791705222,87.67955029728743,0.00021402596,0.00030962852,2533.3988340160963,0.009828714,0.00074967096,0.053840088457076565,0.006692985562881797
-371.0343,6.061882,169.48541,4.4844694,-38.771084,5.271446,47.81957,4.678068,-42.039833,4.277638,35.884853,4.2533116,-21.788961,4.810453,27.568584,4.4569793,-7.0517874,3.8746064,9.80189,3.8564641,-5.6120443,4.1511774,-10.961927,3.6769671,1.5796833,3.486582,1421.4897801173743,81.27879175369928,1719.9807027806223,59.83864304527646,0.00029700092,0.0006267137,2998.311181300754,0.009381365,0.0009909262,0.06711884607018562,0.008270605821589685
-376.1815,5.949149,174.40416,4.31576,-46.487186,5.6133924,46.75381,4.2771187,-45.619667,4.973862,38.929665,4.311623,-27.951704,4.129267,26.276768,3.907789,-13.165814,3.8959055,3.7759933,3.8099813,-1.2062483,3.600156,4.643905,3.771019,14.405616,4.2655554,1465.353603764194,76.49330661650217,1700.671944936483,65.18298513681239,0.0003113533,0.00042267094,2937.0589608106147,0.008523372,0.000753372,0.07700229299593968,0.007157575835138827
-341.7967,8.321217,172.2607,6.0249896,-65.65262,6.65483,67.792694,4.6150637,-41.98568,4.4612923,41.520256,4.1349154,-26.550749,3.9967763,20.24061,3.6929824,-13.74362,3.5454423,3.5975814,3.488145,-4.5217443,3.2842894,-8.738751,3.1908157,7.5610776,3.199168,1603.8714340293661,107.24413242384792,1691.2843661082843,88.69889137066869,0.0004756909,0.0006010915,3398.049367386891,0.009303574,0.0007396643,0.08730717988689095,0.01029048848887022
-358.0391,5.3326774,167.1638,5.030387,-54.450256,4.047665,60.59459,4.5553427,-36.00805,4.5278935,49.036163,4.0427504,-15.671616,3.791401,27.276606,4.120405,-13.418977,3.6035032,5.0512476,3.294739,-0.09994315,3.3191757,-0.3621952,3.408797,9.807999,3.5695856,1520.079481849663,92.50804254611279,1745.7180975699737,66.61614565405131,0.0004055096,0.0007760626,3331.726102541328,0.0092152925,0.00070390356,0.07343364812935035,0.008354776172509062
-405.72437,9.325371,179.8672,7.9355383,-25.26652,7.312385,57.084465,6.3000503,-22.89655,6.9368734,35.343033,6.9984636,-11.302805,6.2287154,21.09861,5.487565,-6.2368445,5.311635,3.9109056,5.0119205,-2.6789129,5.127487,-9.641326,4.415596,4.430113,4.498989,1044.5716809897392,133.02433212461364,1486.857634232039,143.74433379030847,0.00014971933,0.00052033627,2175.0033987093966,0.009778387,0.00074534246,0.03644096215197216,0.007198111324681612
-367.61966,6.283444,155.63284,3.894448,-33.561337,5.379526,44.834293,4.653112,-41.01077,4.7776694,32.9843,4.4484897,-23.742392,4.337687,21.337034,3.9503155,-5.955974,3.7467833,12.223946,4.2158093,3.6983368,3.6638472,-1.8501345,3.8080387,1.6343751,3.7750578,1568.8006016738705,86.17129729368864,1824.1702336741687,55.529436110243466,0.00030270035,0.0002349798,3522.052639211137,0.009485032,0.0015601295,0.07302353719547564,0.006854305319773046
-373.98953,7.2890053,187.20341,6.0746956,-46.3988,4.6164002,58.040817,4.185432,-28.670261,4.785841,34.07239,5.0095224,-15.546144,4.6498084,17.826595,4.5252805,-7.650744,4.318578,4.624018,3.912237,-0.13979065,3.5726352,-6.2404685,3.7018907,4.882415,3.738033,1164.0628431973382,104.55902671557836,1457.2671638237616,102.68524816294274,0.00019175645,0.00023246996,2425.8327404473607,0.0098057445,0.0007737451,0.0514621247824826,0.006793115042592641
-369.40567,5.4936395,183.58167,5.1361394,-48.122463,4.245791,60.245144,4.162914,-28.745436,4.2554193,35.29601,4.3708625,-15.515729,4.3615303,17.372145,4.26207,-7.3285823,3.5028718,4.3835645,3.5561972,-0.08977689,3.4624608,-6.172923,3.4557688,4.9093943,3.2103503,1211.500784099347,83.76083228146153,1490.574944147902,77.89738186937818,0.00021396844,0.000412646,2570.9445466574825,0.009918248,0.00076421944,0.0530277969112529,0.007279231203283943
-378.32492,6.9011884,177.80336,5.957706,-41.690536,4.7327147,53.863014,4.76612,-29.760794,5.334451,41.428074,5.5308857,-9.060425,4.5360208,22.168304,4.9686933,-7.4594264,4.2524223,4.926611,3.7737777,0.8207875,4.135291,-1.3519357,3.9062324,8.53307,3.695246,1218.0786415232624,106.59586423129402,1554.8405027542722,98.73304844135988,0.00020427057,0.00022402896,2586.9070951457365,0.009560304,0.00084692606,0.049956496519721574,0.008584339780463312
-381.2489,6.893828,179.68091,5.066885,-43.719307,4.6229467,52.5593,4.687748,-30.653957,4.581056,43.438316,4.3099146,-6.4825425,4.4608417,22.594212,4.046973,-9.174482,4.039008,2.8138921,3.8456538,0.3665078,3.9338214,0.045438197,3.855272,8.9244795,3.7640355,1207.8792394148643,87.91816257268958,1525.7878202090305,72.90931019664522,0.00020284287,0.00025676686,2503.796924847738,0.0093627805,0.0008383835,0.05444959034222738,0.008250604585718897
-375.40536,5.83596,175.5468,5.3589134,-45.149906,4.5740304,51.9939,4.588778,-29.089518,4.2295775,42.59734,4.5105143,-7.9035945,4.2136865,21.530764,4.344434,-8.006663,4.4322443,4.2729106,3.3410559,1.0858397,4.012902,-0.52140075,3.6261096,8.803686,3.8738792,1258.6231748426421,94.68559561471068,1561.2803788554277,82.39875085067399,0.0002212118,0.00024655205,2641.9141871193447,0.009419012,0.0009702563,0.05359764718677494,0.00851941121647843
-358.30252,9.067787,154.37909,5.261371,-38.112972,7.008598,52.685047,5.28882,-43.12942,4.523192,40.2494,4.5789385,-24.572058,4.140993,22.33455,4.0328517,-9.703553,3.9776235,6.1728106,3.6960864,-1.2914747,3.5954154,-1.1115764,3.4821708,10.363137,3.5292058,1667.441412789963,121.59311591587623,1906.48445279016,65.23251137281211,0.00047048423,0.0013124854,3921.865766839472,0.009286137,0.001147634,0.07327844040023201,0.009951510620888315
-337.337,28.957653,149.6279,12.771133,-67.185776,18.42483,49.657784,8.427918,-40.42361,4.585223,32.220993,4.9051642,-21.863405,4.8989067,19.291908,4.398105,-12.621704,4.1535625,3.436836,3.9345434,-2.678328,4.2724686,-6.4988513,4.368935,6.3646235,4.73115,1861.4763405664166,269.1936955085523,1720.9294016794631,92.29629977572972,0.0007966198,0.0015666909,3665.066082239704,0.007995654,0.002029544,0.11850846505220418,0.03487141068882531
-404.1398,11.348173,177.482,7.204003,-23.172016,7.123683,50.76739,6.6522717,-21.891878,6.905594,32.636547,6.448101,-7.427194,6.409335,23.104214,6.388485,-1.6665484,5.342796,6.342267,5.1032724,1.4207205,5.1593914,-4.589481,5.054836,7.135095,5.333114,1032.768601520863,130.63600437339244,1475.222601710646,124.20280083801543,0.00014448755,0.00034064945,2130.9627524108178,0.009686952,0.0015624142,0.037900141386310905,0.00909763595791722
-366.10135,11.355806,172.35258,9.588078,-43.632996,7.0635343,52.30405,5.0695577,-25.677635,5.901873,28.552145,4.8663836,-15.036225,5.313612,14.960305,4.5161185,-4.470276,4.219521,4.204313,3.9414234,-1.4903748,3.8807397,-5.590791,3.778175,8.759782,4.1375117,1299.9287739784506,197.53393835036212,1533.5936100379167,116.04568073505133,0.0002790477,0.00026577717,2726.2733831206497,0.0096613895,0.003064178,0.059445693155452436,0.021473789091022093
-341.31503,6.4140005,148.07973,4.1724544,-89.16602,3.9486816,50.639595,4.07521,-53.27012,4.1932187,46.64522,3.5944822,-24.52423,3.485194,21.196917,4.1675982,-21.521496,3.7670627,2.4778872,4.4149613,3.062499,3.8747716,1.29286,3.9596672,14.762287,4.3686557,2053.2003200249424,78.59929003145628,1746.6481897272397,51.32269087197569,0.0007619134,0.00048993935,4006.2499433548433,0.0078974515,0.0006475914,0.13453337985788863,0.00978824254553941
-352.5199,7.2007875,150.38782,4.8015447,-47.055668,4.1304398,65.92424,4.6569495,-31.1686,4.4167633,45.459087,3.8566132,-20.350811,4.111744,27.863325,3.7682707,-7.2363462,3.3919508,9.945596,3.5460305,1.7936927,3.6171544,-2.8636432,3.7352657,8.761778,3.122232,1696.0030365881887,110.93520048915059,1916.6835594385093,63.56709894977086,0.00041850284,0.00021500446,3902.331004839762,0.009480028,0.0011389082,0.07273691270301624,0.012602916519853364
-366.40445,5.937915,153.24866,4.0550933,-26.24227,4.914411,41.96246,4.68103,-37.81059,4.279401,31.112473,4.391521,-21.480375,4.247995,20.269732,4.2767587,-7.4333367,3.9430625,11.222989,4.3401794,4.328084,4.4911056,-0.7109458,4.159737,3.6228068,4.151832,1535.9286361181978,89.78608015148708,1840.0779431885553,65.95719804991667,0.00029899937,0.00052639615,3472.466318789878,0.009912805,0.0021084351,0.06981175681554525,0.006757671935773321
-372.945,5.8243666,159.67859,4.3546786,-34.51872,5.6050334,52.89272,4.689828,-41.71064,4.4768023,38.776154,4.15055,-24.02791,4.2404604,25.716932,3.8691056,-6.9332933,3.7129798,13.767928,3.9627197,1.2764771,3.9923842,-5.110318,3.086346,2.0121884,3.454926,1535.5756657357852,88.00901306622795,1855.7097475713485,58.04961452337887,0.00032360415,0.0008471021,3548.3321400087007,0.009508923,0.0009577461,0.06370767473897912,0.008167103316354054
-337.99927,10.275427,151.30052,5.801531,-52.10452,8.915558,70.73697,5.555214,-36.166035,4.6434975,38.03516,4.789214,-24.656519,4.0411415,21.196104,3.7282786,-11.651137,3.6965935,6.900377,3.6778963,-3.6747096,3.1781325,-7.7411757,3.720961,9.0956745,3.8865342,1790.4803205221983,165.1225576566624,1868.0045056025554,43.51721635723359,0.0006420683,0.0016045426,3888.4418390189967,0.009256812,0.0015106616,0.09477187862529002,0.024073496134353126
-396.30612,8.994725,179.3633,6.299063,-29.54552,6.1714373,57.929714,5.7516904,-24.390322,5.634103,35.34342,5.693004,-13.866506,5.238171,20.81881,5.257428,-5.4906406,4.669536,9.887418,4.6545753,3.4036012,4.7937255,-3.471027,4.330128,8.193784,4.43947,1087.7297556113401,124.33705374546112,1520.8058165329192,118.86527357847939,0.0001536804,0.00026758615,2313.845095888921,0.009690502,0.00091230404,0.04168063913863109,0.0109863227364803
-365.64407,5.892884,161.38367,4.4289484,-37.40727,4.7431865,47.033283,4.244769,-41.573517,4.1565323,37.02436,4.3775554,-24.518373,3.7339373,23.937967,3.989525,-5.624437,4.073535,12.280492,3.7610939,-0.8216122,3.7269156,-8.426591,3.4863248,-0.26681268,3.2092836,1529.456302405759,92.14495664008123,1793.1138438577257,60.573072606242725,0.0002865558,0.000192207,3361.153148111224,0.009669534,0.0013345128,0.0738380945475638,0.006757071927336034
-373.8539,6.118955,168.98941,4.8870454,-40.598442,4.659637,43.665623,4.854554,-44.919315,4.9430523,39.867413,4.649964,-23.573833,4.072674,26.624119,4.208631,-11.50136,4.077861,5.4152474,3.8162584,0.36535054,3.700696,4.9144897,3.6035545,14.730648,3.756951,1476.2926416436903,82.53851779815432,1740.9568776491312,65.73059867015112,0.00029108388,0.0005252921,3062.7858881054235,0.009221304,0.0009613142,0.07346990102958237,0.006641770390447023
-372.86273,6.036839,183.53767,4.856035,-48.10778,4.0832553,60.49641,4.3334265,-27.512648,4.309262,35.82339,4.1073313,-14.17839,4.1407895,18.397516,4.145697,-6.177461,3.8572767,4.9658237,3.9764884,1.2709639,3.9079,-5.692811,3.6190875,5.284471,3.3658953,1195.2691136703368,78.06958351651245,1485.159849181433,70.10797457104142,0.00020086711,0.0003153706,2545.314539225638,0.009916804,0.00076994934,0.05025331714037123,0.007248495204901312
-366.4201,5.6685686,138.83995,4.604088,-33.952644,5.49662,65.15139,4.9441204,-45.244843,5.2830873,56.355488,4.23187,-19.747862,4.507837,33.2404,4.267009,-11.048767,3.801979,9.916982,3.809513,-2.888147,3.8447104,-1.6493515,3.6388857,7.3633184,3.585197,2013.9977842348742,96.77152503503085,2223.390604675245,53.52262601771649,0.00057613006,0.0013261788,4909.795137126595,0.008697698,0.00084578,0.08280049122679814,0.01241423218138423
-384.23315,7.56335,157.25531,5.276157,-29.648125,6.39709,49.647457,5.78874,-39.422607,5.392986,35.974438,4.9846525,-21.762571,4.4466214,22.582502,4.75683,-9.046373,4.811965,8.589695,4.194025,4.304663,4.0516815,3.2639341,3.9915257,10.808073,4.276769,1452.427227166571,92.14017952379231,1816.2840999927357,80.22144332164642,0.00022095867,0.0006060375,3332.125790766386,0.010322053,0.0011998487,0.05239110535092807,0.006592562005071921
-372.88275,5.8577027,177.92873,5.0877595,-51.430294,4.4929094,55.28376,4.614984,-33.455563,4.521945,45.132973,4.2785783,-10.191907,4.6456413,21.828989,4.593038,-11.32657,3.982836,2.4921231,3.7730038,-0.26605305,4.1091385,0.6151828,4.204553,9.69935,3.5015929,1310.2630580440784,100.57042537168707,1567.0951008510617,74.39748646111794,0.0002470107,0.0002382853,2735.2164071563225,0.009206607,0.0007499367,0.06286932642111369,0.008929348734276943
-398.66495,10.830161,181.2319,7.94959,-27.09168,7.1732,54.33949,6.6155972,-23.941528,6.163079,34.06931,5.9425898,-12.492843,5.603962,23.021372,5.8171124,-4.0818357,4.6738563,4.4987183,5.1569257,-1.3269926,4.399408,-7.9170666,4.2535067,4.645594,4.3739448,1056.9147882751995,127.51683929543313,1482.294403524365,127.43565617337546,0.00016674407,0.0005562909,2175.62791156105,0.009734827,0.0011009792,0.03888576711136891,0.006384089386846197
-366.6484,5.82096,182.02042,5.53284,-49.9716,4.0503035,62.128063,4.345674,-30.847937,4.5432105,37.402565,4.337932,-16.567177,4.8032746,18.800797,4.027367,-7.960159,3.8980963,4.7642293,3.540911,0.73016834,3.6458135,-6.391915,3.4388354,4.632105,3.462264,1257.5853004045155,90.34450896580407,1529.9788932976958,85.69748441075647,0.00026315197,0.0007441635,2695.172643108324,0.009765228,0.0007753065,0.05491974514211137,0.00678735323818724
-396.7782,8.989738,182.49605,6.9147134,-26.191166,5.783609,58.936333,5.3600426,-27.499578,5.743088,36.36822,5.8853188,-17.069834,5.1121163,20.10071,4.8445997,-8.142664,4.3616767,5.273328,4.631513,-1.9764466,4.519368,-9.245947,4.254266,6.6114664,4.368645,1076.352898008613,122.55306849338152,1519.428751917014,128.633120844086,0.00014100797,0.00012526904,2241.226741498695,0.00978018,0.00074767496,0.04087967662412993,0.00907093387605783
-338.103,7.438816,136.11404,6.301302,-56.326656,4.7463346,82.38698,5.7740273,-40.18016,4.3842907,41.19786,4.3831,-25.909327,4.189367,31.327984,4.151422,-7.466144,3.4238107,10.522311,3.5222566,-0.6504433,3.5960665,-5.654622,3.0766997,10.483119,3.321681,2130.858450205165,122.6208938297018,2027.3129398015287,47.68699461043551,0.000888631,0.0019713922,4556.021096922129,0.008769794,0.0010974329,0.11499306663283063,0.0187430121004397
-368.32123,6.0165167,158.02837,4.5864377,-40.25191,4.781844,49.265152,4.791465,-39.406765,4.418185,33.435623,4.0979075,-21.564322,3.8781872,28.5815,3.7744424,-5.00913,3.652395,3.580615,3.5489917,-5.9413486,3.7595282,-11.061404,3.789616,-0.6468094,3.722203,1567.951632006606,87.9501616994322,1781.3403707324326,58.11147523138616,0.0003288497,0.00032783952,3383.6356107707365,0.008937516,0.0011536782,0.0782099677349188,0.006731723186056751
-380.96338,5.820843,177.98079,5.654081,-43.258705,4.6285076,54.834087,4.5664554,-29.657677,5.153659,42.086838,4.5763035,-8.593913,4.0996246,21.734009,4.2633595,-8.992396,4.2379,3.8341413,3.6784005,1.0428209,3.690554,-0.3557883,3.8548284,7.79252,3.9748573,1221.8008163207817,95.5720012820644,1551.5602214153253,85.55993562135727,0.0002524726,0.0009292485,2598.9976639537413,0.009303594,0.0009543992,0.0505818590487239,0.007982987270741305
-368.7492,5.594273,158.85524,4.3239245,-32.282394,5.1524587,46.998062,4.3161135,-40.08574,4.100467,34.53681,3.919896,-22.340143,3.8144443,24.544704,4.159359,-5.3204484,3.8663733,10.933696,3.9845464,-2.328409,4.1111174,-9.055621,3.6068628,-0.82500833,3.813475,1523.2877554225804,85.53624253214957,1812.885698731918,63.35496372778522,0.00030726823,0.00059553806,3404.7441451566124,0.009613361,0.0016725634,0.07182265987529002,0.005925385986883138
-382.85593,7.545535,169.32213,5.724858,-43.3268,5.5985384,45.756245,5.9244146,-43.868793,5.2790766,41.997517,5.509158,-21.366848,4.7180586,27.908108,4.6672735,-10.894622,4.6928544,4.6864324,4.106571,-1.2853916,4.1691594,2.3662527,3.8304052,13.612318,4.0597234,1472.1241450296118,113.29661716117802,1736.9506679202452,77.24282665665352,0.00032305662,0.0005848533,3073.402606583527,0.008261896,0.00081517006,0.07079058512180975,0.009270896246717704
-373.12363,6.729451,187.76115,5.335568,-46.520473,4.122495,58.31652,4.401814,-28.318262,4.395472,33.842953,5.1488886,-16.525007,4.400748,17.068106,3.9604907,-7.3568435,4.0160227,4.3036666,4.0118833,1.0032113,3.8311296,-5.161245,3.7727304,7.002471,3.7442045,1159.2611560057603,86.93417760307977,1450.881348026876,85.21670769780523,0.000191869,0.00026721932,2409.0708155089906,0.009872474,0.0008188563,0.05184504604118329,0.007158458913090712
-371.35983,6.3583603,182.14255,4.982658,-46.809067,4.209341,60.55045,4.400462,-26.742128,4.4904366,34.755722,4.4722257,-14.823981,4.316447,18.629475,4.1753173,-5.847218,3.7245228,5.617352,3.9441872,1.0419456,3.851342,-5.6771264,3.8125553,5.030982,3.362532,1199.5914986436649,88.82526432338588,1496.7012091205524,84.38531004556874,0.00019827706,0.00023058977,2564.9991843097446,0.00998456,0.0007866984,0.05092172998839907,0.006970493816098739
-410.60013,10.400979,178.32323,8.48479,-21.468138,7.194143,48.37781,7.482353,-22.14851,6.5968275,33.43195,6.2013535,-7.1441326,6.259296,23.609793,6.1788797,-0.37586585,5.007488,7.6185117,5.0502696,0.8851181,4.7925334,-3.916424,4.667092,7.2650924,4.7254596,1003.3410496371382,137.42588171469296,1467.1184624911275,139.32956793198144,0.00012169327,0.0003203153,2040.5332914914443,0.00992076,0.001320417,0.03219937282482599,0.008261558895723985
-367.1981,5.0098014,183.4984,4.834125,-49.774025,3.8595512,62.819828,4.041638,-31.362694,3.890165,36.500233,4.0743537,-17.023382,3.5834503,18.470585,3.7940671,-7.7022996,3.4530854,4.2880516,3.389131,-0.613419,3.40976,-7.1256185,3.7089655,4.618888,3.410492,1240.7382149410603,82.98455587697876,1513.5364744503174,66.08050560115552,0.0002190195,0.00018866053,2650.1077957330335,0.009878954,0.00079099415,0.05563687282482599,0.007244926780045516
-377.51697,5.4284515,171.96608,4.5447702,-42.41361,4.804525,47.367733,5.005174,-43.14988,4.5629163,38.384,4.776615,-28.139256,4.2689347,28.27229,3.5753462,-10.244027,4.215198,6.0150523,3.4544744,-3.9338305,3.6933436,-0.19164844,3.9150438,15.207213,3.5803602,1452.683609242376,90.69312577656535,1729.1142881280362,72.1475374492347,0.00026997947,0.00028133392,2966.9356556337007,0.009013961,0.0009064215,0.0717796095562645,0.007556591448793728
-358.14868,7.049922,175.63438,5.608587,-43.647636,4.5793266,46.92075,3.880764,-25.284735,4.3558536,29.435017,4.9357247,-14.808169,4.119268,17.54486,4.0982447,-4.769319,3.7675917,6.745551,3.8536162,3.5678144,3.6069796,-1.6189407,3.3683062,6.832068,3.2651727,1264.3820196879335,101.60445795131318,1510.1400242093157,90.26117641420261,0.00023327152,0.0001537167,2558.1545234556265,0.009634055,0.0010292856,0.062349323883410676,0.008571817015004379
-373.94162,6.7343497,188.0178,6.3220987,-45.264473,4.6966486,57.66554,5.224649,-27.390133,5.1012087,34.39401,4.765226,-15.96017,4.6035833,16.349384,4.892391,-8.725657,3.950799,4.091,4.2542067,1.024718,3.5266478,-6.634863,3.6219923,4.048446,3.5121722,1148.0398642255718,90.52990469642451,1444.9044769507418,100.43461179436127,0.00021920739,0.00076954043,2374.472803527407,0.009895486,0.0007335876,0.05135449898491879,0.0070095729806789455
-367.42227,5.499076,182.09676,4.9492226,-49.969166,4.44859,63.14291,4.1547327,-30.47885,4.2203526,37.3018,4.402821,-16.45915,4.364987,18.287981,4.3134255,-7.3874087,3.902384,5.0682063,3.6455646,-0.045726024,3.4437008,-6.6731563,3.4600327,4.718483,3.4575038,1245.9010595441969,78.54542565064615,1526.1607904059617,72.07969295731598,0.00025341377,0.0006453589,2683.306898926914,0.009797993,0.00073853246,0.05633474115429234,0.007103755605335274
-376.6885,6.0668473,187.80762,5.341801,-44.037334,4.3684063,55.52863,4.2246037,-25.96836,4.36242,32.838398,4.556543,-15.736457,4.3849425,15.269678,4.3945146,-8.074359,3.9356432,4.2319355,3.83597,0.966503,3.6710536,-4.386278,3.5729468,5.6762495,3.483624,1125.0639052988035,82.86354937926806,1426.7232613868966,95.1327779479667,0.00017188482,0.0002018329,2297.832586372535,0.009854321,0.00070952106,0.049654011383410676,0.006676191141385748
-372.87308,5.7238393,168.00366,4.2106752,-44.90056,4.875628,47.060932,4.208716,-45.08762,4.2836556,38.29286,3.6103556,-28.403458,4.170563,26.313038,3.7564979,-8.163937,3.6234574,6.8668327,3.7878726,-4.915949,3.4686203,-1.3398786,3.246494,15.566179,3.3461652,1515.008268059308,80.69676830685053,1748.3054725725995,61.519956774392,0.000282945,0.00044106215,3178.7953954285094,0.009336434,0.0008951745,0.07513526863399073,0.006658540794957428
-377.27197,6.1084566,189.94566,5.867639,-45.610077,4.8876004,58.376575,4.561043,-28.852839,4.726697,34.49758,4.180254,-16.753107,4.835076,17.476463,4.4490848,-9.004791,4.323329,3.938927,3.7992303,0.33153135,3.2855408,-5.3155317,4.063902,5.3232217,3.628455,1130.5312094477001,81.99000732624252,1437.1936153029842,89.85230856188895,0.00018719677,0.00030438977,2324.936444134281,0.0098749995,0.00074084225,0.05017174811484919,0.006133743042349052
-368.5622,5.651651,173.19547,4.771629,-45.39672,4.6016574,57.176987,4.6967497,-31.851707,4.6524267,43.768055,4.1976695,-12.852866,4.1338606,25.668535,4.0709233,-10.563247,3.6940799,4.2141347,4.514897,-1.2484009,3.624511,-2.7620506,3.513721,9.055651,3.790885,1331.3615340571307,93.65479506996829,1644.006606837346,69.40898999840944,0.0002635094,0.00027917587,2864.0409181953305,0.009563737,0.00093454233,0.058321853248259864,0.008549277823062479
-380.9737,6.0259953,168.59763,4.3795457,-44.712826,4.7355194,45.407665,4.643145,-45.38105,4.471537,38.69515,4.042807,-24.416317,3.6722784,27.839354,4.0156164,-12.225203,4.055399,5.491257,3.8454065,-0.8101506,3.6333203,4.2724524,3.5033298,16.166168,3.6781752,1510.4900951341313,74.74341602109992,1743.5261885479158,59.080106566662565,0.00030756198,0.00039019668,3131.8320289841936,0.008319982,0.00081904675,0.07653327109918794,0.005974595793092927
-371.6045,5.415295,167.0398,4.476204,-43.31783,4.5575943,44.85498,4.8655896,-45.146626,4.3524137,36.88614,4.40001,-23.546968,4.0899878,27.244898,3.900792,-9.090865,4.090777,6.376338,3.716397,0.06861927,3.5495706,3.1543937,3.6247187,15.264116,3.8583045,1499.0666351143036,75.93878958854816,1734.4736097724249,59.89993957658303,0.00029682743,0.00045138499,3124.6126604190836,0.009188133,0.0008181713,0.07465378480278423,0.006403311217217224
-393.19986,10.460259,197.95161,8.644182,-27.762793,6.34012,47.224785,6.896643,-33.329155,5.859394,31.000378,6.168544,-13.577566,5.7413497,20.702337,5.723316,-6.9589005,4.616545,3.93574,5.1182866,0.27008587,4.329587,-7.828861,4.517853,2.4582517,4.0859194,982.1427941711659,113.50280417399127,1344.3511430449462,136.1780758867366,0.00012136629,0.00012433149,1788.5048850783062,0.010135735,0.001225066,0.042816940980278426,0.006483942825157345
-377.48276,6.566316,160.03778,4.5411487,-31.361183,5.068289,49.364967,5.0809703,-39.653114,4.4239507,36.60515,4.478231,-21.484495,4.3021255,23.218176,4.54783,-6.441542,4.1302257,12.528869,4.331921,0.48306018,3.6730099,-6.0830746,4.025227,0.95669967,3.734236,1467.3722471432434,85.65573907498418,1804.1625694051972,64.54539963507429,0.00027651232,0.0005529358,3330.8767650630803,0.00943424,0.0009807713,0.06041319243039443,0.006101972131887124
-369.09406,5.5847273,160.99467,5.325957,-41.562218,4.9755206,47.80869,5.054291,-44.189964,4.467894,35.746758,4.946333,-22.56367,4.279162,28.36992,4.0394607,-5.866831,3.7975671,8.637663,4.0054474,-5.117661,3.8037465,-9.070363,3.9275808,6.6959524,3.755226,1570.3973043240328,87.21847789238907,1796.7687837116894,65.58644717720955,0.00041442804,0.0013682885,3414.5365066705335,0.0087897815,0.0009676388,0.07843994707076567,0.00679652374110084
-371.79535,7.693026,182.85461,6.2605863,-40.91365,4.268184,56.030495,4.758333,-27.59201,5.381092,32.350063,4.956597,-14.349213,4.814965,16.716963,4.344281,-4.733496,4.063898,5.8512635,4.4656024,0.82740396,3.6869965,-4.5912695,3.806952,7.9737206,3.6851428,1160.4170653905212,112.91016782169312,1476.34026340171,103.48414780259374,0.00018114093,0.00020009822,2433.1270505546695,0.010100537,0.00094266527,0.049760504277842225,0.009221978466565734
-373.5804,6.2406607,168.28528,4.3650193,-36.64728,4.96107,48.041603,4.4693375,-42.965523,4.7721963,36.424458,4.140087,-22.701586,4.1833076,24.895897,4.0931797,-8.841063,3.856543,8.684715,3.8161829,-5.663915,3.9403822,-11.218411,3.8900561,1.8440329,3.8879044,1434.3930682175703,88.38114551498428,1733.5774952622046,65.17916508797511,0.0002687914,0.00041732079,3067.6570883483178,0.009393672,0.0009874316,0.06823588855858469,0.007166344048944793
-364.89142,5.409083,168.85379,5.286507,-47.336708,4.586381,58.432163,4.3705654,-33.46431,3.9854674,46.169483,4.206773,-14.70435,4.0612626,26.860228,3.8452928,-10.1071615,3.5041971,6.4080787,3.4960003,1.2647341,3.7766938,-0.48606616,3.4465752,9.997773,3.522999,1414.9487672452767,88.40525003235197,1716.1733252114022,65.40083868498056,0.00033196612,0.0006821003,3123.08884906105,0.009418757,0.0007995479,0.06045850855568446,0.008741410679377736
-375.3674,6.3316197,169.42503,5.6491747,-44.542274,5.2733054,47.099392,5.0398345,-44.38012,4.6834702,40.032627,4.6247654,-25.588896,4.259301,25.928282,3.6309686,-13.490554,4.126366,3.686411,3.7207062,-1.2799677,3.9549427,3.6714902,3.6346617,14.228497,3.7827733,1503.254175565602,97.81260192053556,1745.4356885872817,79.96132620158077,0.00037626587,0.0012519611,3127.3355364522913,0.008634503,0.00086682267,0.07582520664153132,0.009651404650829533
-389.04364,8.026303,176.2376,6.0599527,-30.787292,5.9933867,54.07022,5.778001,-22.77485,5.573295,36.318798,5.1670947,-11.414295,5.302368,18.595627,4.586155,-4.7455626,4.774577,10.312149,4.308309,1.9796758,4.3661838,-5.2758574,4.0047975,6.3355646,4.4437914,1119.7243352843757,108.79264053307092,1531.7068137961817,109.27848206374635,0.00018535143,0.0005155485,2369.626583798579,0.009695356,0.0011119008,0.04343097447795824,0.010586933399945653
-349.49155,18.476315,177.22412,6.5192485,-62.6906,7.776609,59.567436,4.894049,-37.601273,5.1486306,37.40121,5.125822,-24.01964,5.8243384,19.046234,4.1949644,-7.604446,3.9674041,6.6896615,3.922869,-4.0853014,3.767333,-7.794174,3.3840425,8.6453,3.2118223,1470.9310028997618,138.65364167088418,1590.5371149558068,81.35458204539485,0.0003868985,0.0007965272,3032.009894775957,0.00935439,0.001477742,0.07930775087006961,0.013589351812911151
-394.49304,15.810912,174.79633,9.80853,-29.2258,6.8798575,44.931305,6.183298,-22.790493,7.026069,33.288227,5.9904294,-8.652893,6.4612937,18.555044,6.0242586,-5.401285,5.603292,7.833005,5.283304,2.879408,4.9018893,-5.4975386,4.8059783,6.0439715,4.8215456,1144.1860894082256,185.5041628668965,1510.7809172024424,161.71843822821646,0.0001814848,0.00014452351,2350.9911203052493,0.009165875,0.0032519535,0.04902638304814385,0.01609722283125352
-344.44092,10.864208,167.10362,7.2130294,-61.452408,6.996759,60.644844,7.409548,-34.69562,5.0558677,39.36267,4.285971,-24.586119,4.003564,20.432291,5.0057063,-6.229296,4.3842416,11.557038,4.8751297,2.94262,3.7653275,-5.9076996,4.026153,7.686438,3.1638956,1587.0952009419539,158.09719106715406,1679.2240636145482,72.32541381317043,0.0004392011,0.0007724923,3276.469205427059,0.0092940815,0.00087073946,0.08616408062645012,0.019337056532388226
-384.862,6.217536,170.1366,4.9339085,-42.95743,4.6752687,45.930626,5.163701,-45.140907,4.543664,41.547184,5.0564623,-23.880228,3.875549,28.178654,4.2542386,-11.93413,3.7753685,4.5033064,4.1996856,-1.3665239,3.8649447,2.8852434,4.172119,14.8480215,3.5624762,1480.5919999346318,90.60162813531907,1744.6377303315282,67.01421622080453,0.00029259495,0.00020204633,3085.6930195040604,0.0081736185,0.0009314929,0.0730473281612529,0.008308653181021915
-366.52023,5.0997906,184.26842,4.492583,-50.34338,3.1168017,63.71656,3.8554242,-32.467785,3.7246172,36.475876,3.834568,-18.190958,4.069326,17.94762,3.8378756,-9.296167,3.6593156,4.347814,3.548592,0.29315716,3.5909865,-5.261272,3.5872822,6.047107,3.2748175,1241.3345850673622,76.6024747617311,1517.406562123998,65.80329193278972,0.00022851485,0.0002617051,2664.521552349188,0.009853421,0.0007636545,0.0564434998549884,0.006484429753639416
-376.4411,5.9389725,180.23303,4.4946866,-49.248672,4.239553,53.300014,4.124573,-32.824333,4.5029316,44.893272,4.16593,-8.0471735,4.6591353,21.819176,4.064952,-11.551448,3.8105514,2.4012442,4.000464,-0.7297621,3.4769993,0.6147731,3.5453963,9.5688095,3.7073555,1259.4770637686076,77.93230934532086,1531.970220143747,69.10036390473931,0.00022933834,0.00037007837,2585.9078745830916,0.009348869,0.00080932234,0.06136936267401392,0.007381024493667197
-392.13406,7.760568,181.23206,6.766899,-28.733994,6.010743,53.530743,5.918192,-25.116835,6.226177,32.178066,5.225643,-15.297521,5.5331903,16.742432,5.170948,-5.9011087,4.510721,10.26505,4.1874657,0.6984847,4.308187,-6.502729,4.0467,7.7519054,4.398678,1095.2139250822954,123.00891088298671,1499.6158289862074,127.26135444098641,0.00016771647,0.0004339788,2255.2408098897913,0.009532798,0.0009929563,0.04636179488109049,0.016386599845885138
-378.58896,6.640826,171.6396,4.3735194,-46.920837,4.3267503,46.31517,4.6751766,-46.076866,4.418058,39.41399,4.4916906,-28.574713,4.2566667,25.855778,3.8985827,-12.84799,3.5925884,5.9166565,3.6996648,0.8020108,3.8223753,5.2639904,3.7610083,15.14527,3.7433093,1509.5097716470843,83.81919061919496,1731.3942308936246,68.69049840039624,0.00032234154,0.00022505455,3092.9623490973026,0.00812548,0.0008561614,0.08039760368329467,0.007921122757634812
-363.33957,8.236917,181.80675,5.1275945,-51.28465,6.14248,61.183006,5.0785575,-32.312286,4.5982394,35.852818,4.695039,-17.650467,4.152941,19.074455,4.038586,-6.5211315,4.0322766,4.0818653,3.706181,-0.2702194,3.4204166,-7.702387,3.4524503,4.4088025,3.4658947,1282.518747997996,89.5631924175876,1528.649619271629,75.26399454848936,0.00026119166,0.00044809838,2719.3288002102668,0.009699422,0.00081935053,0.05931540929524362,0.008548539621290614
-398.71964,8.787598,179.53027,7.2319565,-31.188826,5.964092,59.511013,6.0647736,-26.028385,5.8827453,38.73484,5.7253222,-13.318405,5.0262523,24.208704,4.6546044,-4.086143,4.7317185,7.7411046,4.084309,-0.06973437,4.2770286,-8.292766,4.0538893,5.046295,3.8557308,1095.9322248270237,119.29293923158735,1533.901063796234,123.85112508513784,0.00015886876,0.0003226106,2345.8451344076275,0.0097440155,0.0008822821,0.04063496954756381,0.007724131561721511
-377.36,5.9220886,175.2819,4.6106887,-48.93854,5.2228594,46.696445,5.2119913,-44.00011,4.493108,39.907818,4.567097,-28.038967,4.17599,25.52744,4.4860477,-13.554486,4.057429,3.2276473,3.6059227,-1.4729923,4.048071,4.5511823,3.7998388,15.177598,3.9969878,1460.038570380981,78.42752396650262,1679.6428235465842,62.653476991966684,0.00031058784,0.00036601236,2873.90822125145,0.008316911,0.00079008663,0.07899053799303944,0.007883399551341992
-338.32675,8.515635,156.86711,7.486454,-59.684322,3.690142,71.06255,3.971311,-40.904037,4.7101526,41.659573,4.8946896,-22.519379,4.4028935,21.573286,4.0972705,-5.892593,3.9596295,9.589185,4.2961426,-2.992899,4.4156065,-7.0629067,4.6943836,7.2500057,3.8594575,1779.384856514508,162.68940211256637,1814.4227211532846,96.33706989971581,0.0005621897,0.00039623588,3881.7220807352087,0.009022461,0.001342945,0.09734130292923433,0.01546505604395443
-382.1181,9.14144,182.43526,6.974114,-48.856995,4.6078887,48.96358,5.3141775,-25.159239,5.9066286,37.164192,4.6783743,-10.552304,4.9390187,19.931187,4.190327,-6.9977436,4.509386,5.410784,4.3814325,-1.9935234,4.324639,-9.013095,3.5913746,5.684489,3.8181884,1210.7336386738766,106.87924884051392,1451.6719388021993,94.9173069814962,0.00021634506,0.00072315003,2390.4353520156615,0.009214764,0.0012110597,0.05972438732598608,0.008762685623883439
-374.47897,5.9502144,170.52745,4.753281,-47.11525,4.633544,47.305996,5.1631804,-45.04006,4.540196,39.756317,3.935851,-27.691383,4.1176248,26.085379,3.914894,-13.13119,3.7750902,4.804691,3.737376,-0.21042702,3.8807244,5.278496,3.7787552,15.2150135,3.5688152,1520.7093628837772,79.39834045131019,1743.5967957593095,63.03070060845142,0.0003683744,0.0006010912,3140.849994562065,0.008138491,0.0008725635,0.08078392365139211,0.006603983983144372
-368.9298,5.5788684,162.0308,4.7980447,-31.721659,4.960172,39.374557,4.6953344,-37.539528,4.626752,31.590101,4.7182536,-21.993006,4.1376767,24.244625,3.9983642,-4.477382,3.8377182,9.712264,4.177212,-2.9381106,3.6672978,-7.0956697,3.8118215,4.94776,3.9722319,1455.9383256299495,94.66996553022575,1743.4781677794458,72.73201323727531,0.00027874252,0.00043974305,3029.936512108469,0.009397785,0.001436925,0.0723392637035963,0.006902583271178265
-357.15677,5.048008,152.21248,4.117906,-48.512318,4.6216345,60.11357,4.723454,-46.208435,4.330842,34.665516,3.8868585,-26.240728,3.56088,33.562653,3.6492429,-6.3787804,3.6761103,-0.074677326,3.4228609,-1.6982533,3.6988657,-5.143753,3.3554358,3.6356835,3.3605072,1794.986609129068,80.42266815506032,1893.4240315741492,48.931575009383806,0.0005131521,0.00070901023,4082.1157645736657,0.008531148,0.0009119195,0.09226589689675174,0.008706232390926076
-365.97217,5.4189363,157.91814,3.99398,-43.29432,4.4238687,54.397423,4.566265,-44.627903,4.3173404,34.128674,3.9579458,-24.818768,4.072472,30.008545,4.0201783,-5.9100657,3.8030431,1.704299,4.0356016,-6.1387906,3.7930207,-5.9930716,3.7028296,6.2761736,3.485163,1634.9940291024607,74.62827184131409,1824.6718373399983,54.8030098014037,0.00035707172,0.00025377626,3659.1457004060326,0.0087917745,0.0008546125,0.08111586426914154,0.007947885456803482
-334.18677,13.759793,160.29706,5.397428,-70.614456,4.533814,64.38307,4.2680044,-48.249107,4.812419,35.281326,3.8972719,-32.261524,3.9477854,26.500504,3.5072904,-13.032124,4.1688633,4.914583,3.763417,-6.483335,3.807804,-11.694796,3.4176316,3.1864452,3.1294618,1854.5412982228174,92.99335395166237,1794.9125375624958,52.248713249756726,0.00067680737,0.0006812989,3844.5760563188805,0.008778656,0.0014769636,0.10852079103828306,0.012650154347051286
-340.601,21.07245,157.64954,7.0403943,-75.57309,10.819827,60.529438,5.286027,-57.125328,4.2893333,35.9161,3.6161091,-31.72534,4.4733453,23.475058,3.6174364,-16.300049,3.6761825,3.656209,3.7319477,-7.768378,4.4642787,-10.399661,3.19362,3.6735477,3.4611156,1937.8170694012688,134.08284972445077,1796.8214174472514,73.80897442480583,0.00082735677,0.0013062627,3972.226483196781,0.00796735,0.0018527063,0.11929583272911833,0.015714058831357496
-375.80408,6.2786727,161.94406,4.339191,-31.55415,4.594444,41.148994,4.8525186,-38.41737,4.7164693,31.973753,4.618477,-19.336319,3.991217,23.253107,4.091959,-3.7812965,4.181154,8.4770975,4.35827,-3.4833362,4.617965,-8.018188,4.0597696,3.6427076,4.2457666,1436.0285038449774,89.58509742813011,1720.0086843116876,66.64366197008405,0.00025042065,0.00015047134,3019.7444623694896,0.009123397,0.001380453,0.07140575152262181,0.00733280056731071
-375.47937,7.4800663,187.68942,5.6026692,-44.88396,4.6051173,57.76691,4.516951,-26.5992,4.829166,33.217743,4.718704,-15.175944,5.284162,15.294713,4.4837623,-8.713618,4.3773184,3.6025317,4.1041875,1.4962741,3.8653185,-4.9180098,3.9667516,5.358768,3.6605148,1140.5655962274063,95.2135515084788,1433.3669943049779,92.14499756872763,0.00016260067,6.974436e-05,2367.3283765044953,0.009937587,0.0007666686,0.05012529908642691,0.007320750439135972
-396.7628,10.283783,177.65923,6.7052326,-32.442585,6.8925214,60.10274,6.4053864,-27.629864,6.4251695,40.205254,6.486326,-12.130758,5.5919065,25.405712,5.015979,-4.398524,4.5202384,5.643924,4.2483363,-2.5671225,4.1859345,-11.256671,4.0622554,2.8806105,4.1427217,1134.6188222625256,123.4573276679046,1556.0924717608912,117.26248421578994,0.00015896272,0.00025282835,2441.9201915059457,0.009739119,0.00073919597,0.04244534875290023,0.00793344893111083
-372.65234,10.802771,147.51282,6.809719,-25.258492,9.289341,65.00612,6.3385434,-37.303093,7.012614,45.802826,5.3604417,-18.238396,4.852217,29.011415,4.2783566,-6.602671,4.0773396,11.383082,3.7914543,-0.22699094,3.7299054,-3.5120475,4.1335897,7.8439236,3.6819534,1649.9019678289285,177.374360925275,2035.4951880648407,123.29258358256682,0.00034674507,0.00022270455,4154.084625598173,0.009301284,0.0011758202,0.06244222194025522,0.013904109388158305
-370.79517,5.7409077,166.61111,4.09039,-40.193913,4.609184,46.884693,4.4018216,-42.19437,4.683552,39.172836,4.160803,-23.938215,3.8040872,27.46835,3.927041,-6.7486615,3.5809004,7.653212,3.7348459,-5.597687,3.7351413,-6.825906,3.5476086,9.244833,3.6838183,1493.15267863815,87.50473012958328,1764.345519045067,65.31568289475203,0.0002966815,0.0001463438,3190.1615293285963,0.0089290505,0.0009632385,0.07434903386020882,0.007282838332951562
-370.97928,5.9211917,186.97633,5.8352423,-48.938625,3.9488845,61.393665,4.9797573,-30.130728,4.7453713,35.709347,4.62484,-17.18121,3.998266,16.093206,3.9672923,-9.039106,3.7244647,4.0192304,4.0761538,1.4146391,3.3982787,-5.272156,3.28834,5.836948,3.4067476,1193.9458494890007,77.93323022835281,1471.463808666741,77.70668793058533,0.00023286197,0.00064171624,2513.1146565944027,0.00988571,0.00081291073,0.053236251087587005,0.006290521536960177
-373.63055,6.166797,186.63359,5.7719817,-45.025658,3.6528668,56.27149,4.305629,-27.479322,4.105138,32.895607,4.741866,-14.644997,4.452786,17.135324,4.214513,-7.188442,3.8589952,3.3833888,3.7047036,0.7382573,3.7054448,-5.456232,3.4853978,4.81362,3.4820104,1152.7599637145809,86.61887880431365,1444.1104278013997,85.09952181586863,0.0001965266,0.00030879973,2388.212086263776,0.009774687,0.0007705697,0.051083735136310905,0.006758362667742293
-389.2798,9.185663,182.20966,6.41853,-30.044857,6.1197166,52.431744,5.027305,-27.557652,5.152103,34.3742,5.2134523,-12.960182,4.6866155,17.460266,4.67999,-7.1910663,4.354931,10.116366,3.9439533,2.737189,4.184237,-4.100749,3.982491,8.146695,4.179053,1094.0452509292468,131.1394720615401,1494.5950311671136,126.26501834750621,0.00015588748,0.00022481955,2233.282938025667,0.00977403,0.0009162279,0.045141658207656615,0.01462547211989167
-380.66373,6.4706426,171.77893,5.8257537,-45.034725,5.5826526,46.439655,4.942974,-45.307674,5.0942554,42.757404,4.7568364,-23.96765,4.605556,27.76691,4.2883787,-12.215035,4.3068013,5.0100207,4.1527214,-1.1346607,4.208367,2.845263,3.735697,15.387287,3.6924336,1475.7670513375672,99.3215296847734,1733.1036228643636,78.22855652185744,0.00035112677,0.00079599733,3060.0130510440836,0.008308127,0.0008724567,0.07289665204466357,0.007350536567064504
-389.27725,6.4139094,168.56471,6.0389957,-42.64363,5.1888814,41.598118,5.227506,-42.980453,4.921039,35.429897,4.928416,-23.191751,4.198031,26.193487,4.338571,-9.169944,3.774301,6.2002974,3.9426672,-0.25721163,3.6224878,3.0810814,3.6622057,14.262539,3.706071,1446.4224754659215,101.9975785682439,1682.8686594526946,79.4568610746206,0.00031075187,0.0013372024,2890.9449318445477,0.00860389,0.00089262263,0.07113838638341068,0.006470945739396738
-375.85745,5.8732114,172.7447,4.824538,-44.710842,4.181217,44.69293,4.6442757,-44.381805,4.5382314,38.070744,4.634515,-26.950048,4.365681,25.671005,4.048446,-12.939557,3.6179883,3.1856253,4.0582404,-2.5928302,3.7523699,4.078938,3.763071,15.04702,3.488549,1464.4917005954728,73.50074597239495,1701.903313402015,56.751064173962874,0.00032510245,0.0008126941,2922.52030162413,0.008546486,0.0007746481,0.0760801098462877,0.007780137345243141
-337.37622,21.192019,166.05032,6.503368,-80.41468,11.512289,63.678146,4.673858,-47.869743,5.588078,46.396336,4.5203195,-27.481285,3.7484443,23.008274,4.1359887,-15.96738,3.9044454,6.394378,3.849559,-5.540053,3.9977074,-6.5439262,3.5832424,12.084742,3.965322,1822.8925194770932,165.36494104321363,1718.6918103807031,65.70902728444288,0.00068555225,0.0008628152,3650.677306137616,0.008528375,0.0010306784,0.11526722919083526,0.019743914207646873
-366.78467,12.847668,175.06895,11.8584585,-50.370323,6.542747,54.07504,10.725727,-29.154177,6.4859066,31.252432,4.827981,-15.393079,4.3275275,16.14782,4.377335,-3.6677105,4.7467747,6.2068133,4.2438703,1.7702652,3.9486415,-4.8600574,4.5264335,3.4994729,5.1269555,1346.1673217829837,203.7235229190806,1515.405271254852,147.69571020970866,0.00035695062,0.0012851324,2753.0025331714037,0.00921225,0.0018342289,0.07257264174883991,0.015504065506138247
-351.41925,7.3320427,129.71204,7.711246,-67.4265,5.058315,90.15633,6.2935505,-65.8522,5.8812523,44.884373,4.8676767,-27.539082,5.1190343,26.37114,5.133633,-10.641974,4.736019,7.5769215,3.7117023,0.42698947,3.5944142,-5.5898185,4.4359655,5.604582,3.9933102,2543.9592291475274,195.28253606525024,2018.2195494904413,55.298938489022554,0.0013333369,0.002553988,4874.722495377755,0.006349397,0.00046010097,0.2126062663138051,0.02973494885307939
-373.70328,7.1375804,192.35307,6.171526,-47.48864,4.3188105,56.02196,4.407928,-30.33834,4.909874,33.844154,4.5726657,-15.942635,4.743595,16.660986,4.297886,-8.415378,4.303768,4.21223,3.9775393,0.4327965,3.7512326,-5.4513464,3.5205762,5.316003,3.395835,1135.5064492092374,92.10492325291986,1412.4797033910527,96.65664803181681,0.00020003274,0.00053996826,2302.079273763776,0.009873101,0.0008038435,0.05230160600348028,0.006453974642774921
-346.21783,4.4081078,163.29416,4.477733,-54.14774,3.5643947,67.80774,3.7534075,-37.60455,3.7714942,43.46902,4.1177907,-26.748386,3.7133152,24.253592,3.4435823,-14.078461,3.0060744,7.8278117,3.3082995,-1.9721042,3.3382964,-4.9090843,3.4478297,7.9292345,3.1197698,1645.3463680087368,80.79296607943664,1830.9262512442574,43.1928779377206,0.00051506516,0.0009081975,3634.290088910238,0.009115515,0.0007257505,0.08010984628770301,0.009626021584820238
-372.59494,5.9450626,171.5686,4.431624,-44.319347,4.6254234,46.258755,4.391701,-46.536304,4.100796,39.450615,3.6527638,-27.236155,3.4309902,26.567446,3.7807684,-12.015961,3.5123787,5.034088,3.8178957,0.25937057,3.3789122,4.7292857,3.5728014,14.4546995,3.4867253,1487.3566433213125,82.05514189174512,1732.5632475680902,59.50057166788534,0.00029409796,0.00025489737,3051.769481402262,0.008920386,0.0007418755,0.07742146715487239,0.007693928440163173
-367.8545,5.613844,157.0492,4.1773334,-32.210846,5.150915,46.805286,4.5072627,-40.43511,4.195916,33.553688,4.443227,-22.39996,4.1891813,24.726927,3.7257588,-4.3513017,3.5975006,11.900774,3.5475323,-0.73975486,3.8602667,-8.976986,3.6570356,-1.0752639,3.4676988,1542.6036947714726,86.22603923138853,1818.4808683337637,60.454783843428594,0.00029502888,0.00046051026,3456.9534195548144,0.009781367,0.0015816975,0.0733407500725058,0.006609132192164244
-375.69394,7.0925336,187.47238,6.1817455,-44.4494,3.764988,57.385567,4.4319177,-26.798307,4.6329875,33.127968,4.239435,-14.774964,4.4449396,15.90956,3.908789,-8.294843,4.126054,3.5225527,3.9493792,0.3378473,3.631811,-5.1722016,3.7603955,5.441187,3.5986419,1140.589166548645,89.40712589503974,1437.2446407465445,95.18940638995831,0.0001903148,0.00040759385,2369.002070946926,0.009842882,0.0007781333,0.04999841393561485,0.005947231723960098
-401.95874,50.40368,154.58865,28.432951,-64.2948,20.22249,65.3735,17.459492,-43.828014,12.978768,38.71512,12.468804,-24.39122,10.429434,25.789066,6.870549,-11.336905,7.2797384,6.4956303,5.799382,-2.5517256,4.431754,-8.161851,4.60178,7.2623277,4.204206,1917.2635918639896,735.2100793987107,1740.6198410787733,196.2657970746106,0.00092771254,0.001114032,3747.127070946926,0.0052648894,0.002974465,0.12794668104698376,0.08935658764876274
-366.9549,5.00294,182.88536,5.884265,-49.93319,3.7595284,62.366943,4.1091666,-31.239113,4.202308,36.471302,4.0323935,-16.361656,4.016179,18.310352,3.8223505,-8.104101,3.519094,4.884805,3.6100194,-0.32026473,3.5796573,-7.054769,3.5116417,3.6542232,3.3746176,1243.4952129716169,87.02607477129958,1517.4973558538406,78.62267908555495,0.000271091,0.0009218173,2667.4442724949245,0.009719612,0.00075800373,0.05652620178364269,0.007050780080479165
-403.2123,9.708865,181.45386,7.5023756,-31.205418,6.408936,58.66086,5.967067,-26.225637,5.649121,37.351513,5.4373326,-13.163724,5.3036504,24.618383,4.97966,-4.321957,4.4147882,7.1194544,4.437348,-1.9874251,4.377265,-10.978387,4.249511,3.4491932,4.1793447,1074.8419644805315,127.0494675830395,1503.9774269177049,124.39187208422479,0.00015122331,0.00041345035,2245.3235458055397,0.009806007,0.0007403357,0.039163328378770304,0.007292717545253286
-385.47455,7.269555,180.12479,6.1493697,-34.34038,4.6017294,54.396343,5.069881,-29.106611,5.4110737,37.3022,4.958055,-13.463648,4.7244663,14.748862,4.718281,-12.727503,4.254928,8.998179,4.184931,1.6383308,4.02216,-6.2853994,3.965406,5.896942,4.28957,1167.3864271877665,132.4057314208387,1540.7185183222414,128.9886823317925,0.00018822226,0.00030025488,2464.4026541654584,0.009425811,0.00088293024,0.05327590269721578,0.025840154122383885
-366.86688,5.25394,183.32294,4.556036,-46.897224,4.4219756,61.303898,4.272573,-30.622198,4.162455,34.036854,3.7843566,-17.481066,4.102114,16.039911,3.849408,-7.6105947,3.85754,4.7845197,3.5771406,0.93443143,3.2794654,-5.919049,3.2079077,4.623086,3.3066506,1216.9397469713042,75.1007760005617,1501.347827398853,66.16214780802646,0.00022564131,0.0004119283,2595.725216611079,0.009973524,0.00069165835,0.05486423288863109,0.006903478330520351
-374.51608,5.637308,164.39372,4.01128,-31.762167,5.7357526,46.2121,4.242614,-38.992527,5.200444,35.87697,4.618024,-23.10643,3.8376029,25.032701,3.9671526,-5.234637,4.155332,10.522459,3.8931172,-2.7079918,4.047061,-9.018568,3.9427073,2.1683068,3.5055158,1437.110314895034,82.81449668729373,1762.734925275487,58.4129819480731,0.0002780332,0.00042179227,3088.8655447904584,0.009297519,0.0012278821,0.06820756598027843,0.0075045229153764895
-373.92874,6.4485126,188.02448,5.7104564,-46.513313,4.607082,56.225147,4.668749,-26.676224,4.6554346,34.339504,4.341327,-13.704133,4.65048,17.198997,4.6080766,-7.9546523,4.271308,4.534819,3.9446259,0.79602206,3.7067022,-5.08834,3.6620777,5.434943,3.4190938,1143.5971236549285,82.38546060451085,1433.5470688043263,88.36078351590686,0.00019210216,0.00035089083,2351.0161008193154,0.009876993,0.00076266413,0.05017174811484919,0.006893972389779152
-374.87662,5.491555,157.26343,4.7127666,-29.58046,5.3909802,49.024857,4.701656,-39.159504,4.8286834,35.591778,4.8336964,-21.461246,4.352872,23.984594,4.1619253,-5.3945956,3.882271,13.850116,3.760496,1.7561139,3.7092874,-5.822693,3.806778,1.2866677,3.4169953,1497.6653648207127,87.6612870189539,1837.8710509539526,64.76229036539605,0.00028581682,0.0005895723,3451.9573167415892,0.009573375,0.001201529,0.06150304524361949,0.006963781663029942
-375.99686,8.562763,153.07852,6.4212065,-27.7409,6.0203013,58.225014,5.7069716,-34.936157,4.882684,44.98818,5.0334764,-20.797867,4.9853697,27.571423,3.9619067,-4.649624,4.1388373,10.605155,3.8041377,-3.3616219,4.070552,-8.787304,3.5374975,1.6205404,4.0438967,1566.009932422154,138.95784032326674,1944.6794929393316,89.05653515208374,0.00031747698,0.00051631534,3854.068651664008,0.009294676,0.0011029938,0.05978443119199536,0.011094862160175824
-380.01596,6.525382,174.92427,4.983938,-44.710247,5.438838,46.17889,4.6853094,-45.692867,4.3495092,39.372463,4.2922726,-25.187908,4.3583145,28.459923,4.084718,-13.178204,3.6010618,4.3728824,3.8410177,-1.9174879,3.7170572,2.900202,3.7844527,13.487165,4.039448,1446.8883426492416,100.02178937688926,1696.8381628906636,77.68421909846187,0.00030548495,0.00060850766,2897.989436811195,0.008467853,0.00075803,0.07767410455336426,0.008569058220609797
-383.72372,7.500612,186.7206,5.3039775,-38.88493,4.3452168,54.495495,4.6431026,-21.938522,5.161699,32.303413,4.8087587,-11.901652,4.8074956,17.399092,4.668993,-5.0462236,4.4822717,4.9676023,4.0418806,1.431444,4.030368,-5.2567105,3.9159346,5.296805,3.9027834,1068.1982931601517,81.46904149843405,1408.4298823103481,81.01713602156015,0.0001474579,0.00017732887,2186.7192598064094,0.010035222,0.0009960517,0.04327576674883991,0.007681061013010767
-379.6262,7.173381,185.43478,6.609823,-39.697163,4.8532267,53.62567,4.781404,-22.419428,5.3667326,31.13028,5.5358496,-11.539645,4.8210597,16.935545,5.0179524,-5.0153947,4.3300123,5.610777,4.348118,1.4806814,4.0417547,-5.259103,3.9851599,5.582267,3.5519686,1092.6655341940866,100.21098439723886,1421.7908109680545,109.40942605517701,0.00016090405,0.00028251208,2259.8622049920245,0.01013941,0.000951836,0.04482444533062645,0.007129561127445758
-380.6231,5.395636,169.31818,4.395914,-41.28087,4.7226167,45.1081,4.710436,-41.848076,3.8678055,40.488758,4.2102747,-22.83272,3.9807217,28.119474,4.178284,-10.686468,4.196271,4.059463,4.0234537,-2.845739,3.8499374,1.802096,3.6731966,14.051255,3.7223096,1462.0273527137172,79.89870313675625,1740.3247975582688,60.99528933680707,0.0003040144,0.00038855147,3016.5719370830916,0.008386695,0.00083855726,0.07181246374709976,0.008415405025036144
-338.1506,23.049072,159.10043,13.677143,-74.4288,9.756906,71.4474,8.209168,-51.070213,5.874788,38.696728,5.6839595,-30.999052,6.0966473,23.929642,6.883923,-16.299553,4.353955,6.898155,4.833878,-5.3325086,3.5719302,-6.592346,4.0170054,8.741644,3.8876345,1944.8923171983186,314.01741816540556,1798.9849515519675,136.56868850176227,0.0009494186,0.0028664481,3922.9898899724476,0.008164213,0.0009274355,0.12390448267111369,0.03382209683569826
-385.206,6.796701,180.60098,5.4215603,-40.933743,5.13406,54.708,4.536774,-29.765488,5.109156,41.21889,4.738635,-7.4443607,4.886836,24.361855,4.399393,-7.314079,4.0003514,3.9842663,3.8784513,-1.065009,3.4228387,-2.9393342,3.6613057,7.124791,3.480387,1169.447731233752,98.31536592597696,1523.4247066060352,86.47672385534688,0.00018699453,0.0002632418,2462.8788428074245,0.009472587,0.0008674792,0.047351952218677495,0.007329985523901471
-389.6998,9.884934,177.70972,6.3642855,-35.06257,5.8626003,61.88905,5.179787,-28.273237,4.792436,40.016876,5.6260614,-14.0051565,5.295782,25.761211,4.6656113,-5.4284515,4.3322783,6.0704746,4.3332405,-1.4997852,4.029876,-10.243853,3.9891925,3.100492,4.0880146,1168.962016250869,127.22359708992293,1577.0955878664192,114.83138511836019,0.00017789014,0.00025247977,2553.857875036253,0.009684016,0.00089026,0.04506235498839907,0.009537638501313315
-362.72418,5.405028,156.4271,4.181404,-33.58813,4.561407,47.958652,4.5589647,-40.317932,3.8795123,34.81763,4.3279257,-22.902874,3.6949675,23.783392,3.9498873,-4.100391,3.5114677,12.452455,3.65971,0.41654196,3.519225,-8.305892,3.3535078,0.019112054,3.8011897,1571.1770717537954,88.92330096717406,1839.1224802118957,66.44205624760963,0.0003433439,0.0004728321,3569.915304161833,0.009373424,0.0013211592,0.07385622099767981,0.006587291541601649
-374.95895,5.622183,189.17783,5.5879874,-47.68887,4.9098153,57.98327,4.5340753,-27.718582,4.749686,33.472702,4.4247055,-15.845029,4.412158,15.977937,4.0762234,-8.206087,3.6018174,3.4686894,3.8130007,1.2610309,4.114989,-4.539495,3.8003676,5.3470764,3.239096,1151.7238980494737,82.99590136790685,1427.7651361256267,79.80930637715498,0.00020790276,0.00047172577,2371.5750638957365,0.009670647,0.0008242874,0.051598073158352666,0.00713460388774594
-362.6498,5.039235,158.48218,4.1589007,-42.175274,4.9487963,47.82976,4.42111,-42.062202,4.305523,35.01955,4.080297,-23.909946,4.406456,30.036964,4.223894,-2.0203867,3.6452131,2.1613715,3.5946105,-8.652122,3.68796,-2.0802238,3.7265744,5.1761765,3.442452,1625.2290940537557,81.9987297841909,1827.7656543692315,54.86613659019331,0.00042849308,0.00086222705,3639.860743546984,0.008580311,0.0009906145,0.08196327581206496,0.008314253441698293
-373.44568,6.8466406,171.04115,5.179862,-41.735027,4.7512064,55.49333,4.7270336,-29.256596,4.32442,43.0814,4.275527,-11.177591,4.1050797,23.487549,3.9523888,-9.595583,3.6671252,4.2857895,3.6562648,0.36802825,3.6829526,-1.2562848,3.9847486,8.464703,3.4670937,1304.9350981992254,93.65807734850901,1637.5522147189388,71.85585094007574,0.00024986555,0.00033790377,2822.198557134571,0.009479209,0.00097082113,0.054501703886310905,0.009104747281306258
-375.33408,6.4703183,190.53851,5.0524783,-48.872925,3.9735699,59.146,3.736507,-29.198896,4.152095,34.491623,4.43545,-16.757616,4.203127,16.663404,4.209166,-8.260483,3.5622602,3.7437084,3.6617084,0.45049137,3.5085804,-5.8994055,3.4731007,5.714919,3.4731648,1152.1034281799289,74.39203460262249,1428.5014228557325,75.18001449307638,0.00017655439,9.757139e-05,2367.7280647295534,0.009659159,0.0007050971,0.051859773781902554,0.00656638161185984
-377.47397,6.1060147,168.52599,4.291817,-41.72808,4.9265556,45.219692,4.2288613,-45.271946,4.7855906,39.309395,4.6621175,-23.85792,3.704138,26.953497,4.1695704,-11.177594,3.8521001,5.6819353,3.6132076,0.8401264,3.8707812,4.9629874,3.4995136,14.915984,3.714012,1468.2992608895793,78.01390692863316,1734.4485408100218,58.67518632859794,0.0002431244,0.00015120195,3052.4189747679816,0.009353056,0.0009990997,0.07085742640661252,0.0058831272423095615
-382.02203,6.6896124,178.39474,6.0314283,-37.944572,4.8530154,49.910522,5.2607536,-27.112719,4.7362494,37.35221,4.975596,-5.7824492,4.943593,20.273436,4.517083,-7.420214,4.4620013,3.4296827,3.7456083,0.48605818,4.12772,-0.7455097,4.0253916,7.673669,3.8983293,1164.7984336277634,99.37958897901545,1502.3576861469614,84.45594932080266,0.0002090988,0.0005533586,2410.344821726363,0.009521579,0.0013211021,0.048677448883410676,0.00799143075896394
-363.48074,4.948367,183.7711,4.5176816,-52.21499,4.2667184,62.06768,4.0036097,-31.640886,4.177212,34.913185,4.2453756,-17.237015,3.826594,17.570694,3.8188257,-9.284316,3.9354665,3.1110601,3.3569546,1.4391444,3.4465349,-5.195486,3.3671098,5.4986525,3.140142,1257.6869604002736,73.82151098793958,1505.0558334484099,65.13161460700223,0.00024189946,0.0003021122,2674.4887774615718,0.009652414,0.000728085,0.0607530633700696,0.007654170745464896
-382.5519,6.901929,184.47502,5.7585444,-36.395805,4.7589417,54.493156,4.561143,-20.057636,4.8754673,29.941061,4.790889,-10.231122,4.88731,15.363166,5.0065517,-4.281453,3.8822863,6.316104,4.007765,2.6918402,4.298548,-4.7765183,3.6476874,5.3482685,3.5384974,1061.0269540503277,86.85807294106928,1406.1603760809257,89.05265912322916,0.00015770289,0.00034042372,2205.379703813805,0.010079459,0.0010061424,0.04377650993329466,0.007446848140691293
-380.4245,6.267139,171.17743,4.5587816,-44.612938,4.955215,45.803955,5.4473534,-43.66853,4.3135567,38.443,4.344879,-24.828379,3.9215505,26.79436,4.0517826,-13.38308,4.0410037,4.3807015,4.1234345,1.2104,3.7367923,3.5851178,3.7436984,12.595178,4.0129046,1467.4904778811601,80.1783531336646,1711.3882665819724,60.813676819954814,0.00029449613,0.0003447628,2959.1417352450694,0.008358453,0.0007378621,0.07443513449825986,0.008103489248321636
-369.14334,5.9624267,182.03107,4.35626,-45.237408,3.636887,58.515255,3.6227622,-28.59355,4.2611356,34.305176,3.968254,-14.140455,4.0136905,17.210386,4.158226,-7.2223415,3.7473247,4.243656,3.8486876,1.5617415,3.8315353,-4.8260813,3.1754658,5.540901,3.3206782,1202.7180939651273,78.30612768725692,1495.6027591675104,66.38176528319282,0.0002017273,0.00019128526,2559.8282178980567,0.009905764,0.00093016564,0.05267999564965197,0.006998148518894597
-399.70358,35.077496,170.24797,10.727986,-32.80686,16.750303,47.338234,8.01007,-24.685303,9.705339,32.47888,6.4841475,-7.320669,7.1798716,20.885714,5.883296,-2.6146724,6.128218,7.453992,5.2787747,0.8616299,5.004377,-6.39054,4.894806,6.2814713,5.193733,1219.2218822081786,268.241502180393,1539.536462784464,158.3862559612958,0.00025626793,0.00068028516,2533.4238145301624,0.008500013,0.0036133423,0.05465238000290023,0.02439421469609885
-405.40002,9.381069,181.30199,7.360741,-21.893038,5.9612174,52.240692,6.085203,-20.878359,6.523466,32.111343,6.150596,-7.700925,5.5721793,19.154871,5.0827904,-3.8162181,5.2547145,9.247002,4.446608,3.3673031,4.353776,-3.4040754,4.329802,7.2334585,4.4477687,977.6984335098091,116.80673128019372,1436.7191803624428,133.0927024577447,0.00013427484,0.00056311925,1990.3224582185326,0.009995153,0.0010639081,0.035751024144431556,0.011330616596235228
-373.0148,5.216249,186.15614,5.086995,-47.105354,4.736834,60.848907,4.4474816,-28.869835,4.078271,34.67448,4.323201,-17.15843,4.2144394,16.00476,3.9100127,-9.168226,4.114167,3.6911728,3.8499742,1.0228573,3.595257,-4.070851,3.4820724,6.8905435,3.139908,1175.078005121724,73.09465537632678,1469.4076816176541,76.15054210966906,0.00021177265,0.0005245408,2474.170035165313,0.009915948,0.0007341293,0.051227613834106726,0.006913018728838976
-382.4979,6.431459,180.25749,5.3008947,-42.60166,4.973207,56.097675,4.718325,-30.347765,4.783686,42.59283,4.2670417,-9.131464,4.856011,22.549381,3.8640761,-7.9733653,3.749972,4.721406,3.868455,0.03581445,3.8935509,-1.9622453,4.068849,8.161937,3.5425634,1190.439982280302,99.06803268553602,1539.01065431807,84.4574067226489,0.00020369596,0.00032661497,2524.7805566632833,0.009515266,0.0008130315,0.04788441669083527,0.007755328752062738
-377.67453,6.1959767,190.2029,5.027538,-47.66312,4.3520274,59.159286,4.298321,-26.562105,4.3876543,34.275776,4.3462787,-14.610882,4.312558,17.114359,4.3853254,-8.021749,3.9997776,4.4630995,3.7345836,-0.67895055,3.775988,-7.6057487,3.5500803,3.790039,3.684556,1128.9057511505753,79.82522562211952,1417.068661753527,77.80016438580431,0.00017352091,0.00022785446,2337.101954484484,0.009802797,0.0007173236,0.04980808620939675,0.005762032647705277
-371.35187,6.451394,174.5212,4.779795,-48.3567,4.4035497,55.204502,3.9426851,-34.344597,4.3965564,46.62145,4.2203197,-11.234253,3.7687256,24.456333,3.841581,-12.011823,3.53633,4.398458,3.6641905,0.60210216,3.801565,-0.19118506,3.7560315,9.125378,3.5128143,1344.281635358519,91.88208561719172,1629.8662075726436,71.25157224500278,0.00026465493,0.00025026352,2864.940216701711,0.009198786,0.0007248436,0.06312309672273782,0.008721969659692227
-372.75058,6.023076,191.9378,6.2331595,-48.970375,4.4036202,56.74496,4.6452613,-29.447582,4.315111,32.181664,4.3871408,-17.102566,4.9179916,16.46854,4.1341224,-7.301463,3.9253469,4.7013235,3.949869,0.53263444,3.5143857,-6.67765,3.6016653,3.4778326,3.1497793,1148.523878912377,88.26595113280347,1409.436615532436,91.06234659769176,0.00019888782,0.00036780597,2333.8295071418215,0.009785581,0.00072206254,0.05312749238689095,0.006786462153677441
-366.89532,5.8530784,183.7554,5.073954,-50.460938,4.5707674,62.066746,4.535076,-30.878584,4.4686685,37.929157,4.33039,-15.878435,4.2158637,18.438616,4.0168924,-7.4328523,3.8637016,5.59193,3.5391622,0.8371783,3.7636929,-6.2545204,3.6714983,4.6328325,3.6352766,1236.3722415280738,75.22264741687437,1511.77926638935,68.91388394496087,0.00025557648,0.00072742446,2637.617538699971,0.009899924,0.00081426697,0.05549865864269141,0.006896142821892683
-373.02444,5.8182135,168.9337,4.115122,-46.07162,4.476082,47.933167,4.6902966,-44.7281,4.1861053,39.74376,4.1112924,-26.296385,3.873865,25.685587,3.9485815,-13.86894,3.64139,3.1925285,3.6797404,-1.8141598,3.9137938,2.808455,3.7683575,13.457453,3.781493,1532.5805448181943,78.84342478927017,1750.188907993087,62.00707599123496,0.00033594004,0.00021164873,3198.280196400087,0.008320934,0.00080551207,0.08180580227668213,0.006878576401681918
-377.04706,6.344934,188.42479,5.6440396,-45.787235,4.2763453,57.994408,4.3027883,-27.299385,4.1366296,33.991806,4.339683,-15.10414,4.4591794,17.258018,4.401687,-7.701679,4.177029,3.5890539,3.8283696,0.22908843,3.8323622,-5.978788,3.6645498,4.8161187,3.3909435,1133.273401543845,89.99570438222898,1434.350564714224,89.00916351990274,0.00018361761,0.00029596247,2346.319764174884,0.009829558,0.00087356626,0.049703859121229696,0.006396255706511736
-361.00012,27.11585,164.61508,10.893604,-54.542496,16.059412,60.63323,6.677058,-29.2785,7.2504864,22.917646,5.739633,-10.929587,5.2590003,16.228794,4.611009,-6.670637,4.0387607,3.9780068,4.450757,2.3912408,4.8679347,-3.6773436,3.7078328,7.0818725,3.8242142,1494.9583641555118,166.09925680779273,1581.2429080924555,151.65087060825567,0.00040355042,0.0009145424,3155.6884199173433,0.008499454,0.0030016624,0.0790120631525522,0.018765086910132036
-381.58,5.6574845,182.39864,4.76718,-43.49111,4.707287,53.287,4.368181,-30.81054,4.1682134,41.598797,4.2939787,-8.467652,4.5754457,21.911978,4.1072416,-9.807443,3.9938607,2.9488635,3.8763814,-0.27997047,3.756588,-0.26286954,3.881433,9.337787,3.6866717,1185.500043189287,80.45916638833569,1506.4290975438516,71.15576652637809,0.00019016364,0.00020776034,2431.453356112239,0.0093900105,0.0007890871,0.05333707946635731,0.008250592918661035
-386.4755,11.082584,180.57217,6.7215443,-46.024445,7.6343923,48.26911,4.9364243,-21.905767,5.386843,35.7179,5.493396,-12.536681,5.170321,20.83819,4.600892,-3.3258247,4.678999,5.857408,4.0408974,-1.7797784,4.3384027,-6.3423634,4.7354455,4.0423355,4.353494,1186.8721724396066,97.38394566002226,1453.3343106588795,105.42437602770096,0.00018487978,0.00044984248,2346.369725203016,0.009254133,0.0011531459,0.05761152298433875,0.010030776665922959
-342.64218,3.6322625,154.38857,3.7659986,-54.070717,3.5474339,70.67883,3.8192246,-41.2824,4.0038776,47.017887,3.5269928,-27.148338,3.4188929,26.909868,3.637388,-13.968435,3.5250828,9.977603,3.0652614,-2.2504652,3.0433927,-5.6803675,3.1047723,7.1854677,3.112752,1836.9253004973834,79.04524629264716,1962.0761343068848,34.334798928720645,0.00064218993,0.0007998384,4150.4624510585845,0.008808312,0.00066968176,0.09322886455916474,0.01170313973273937
-372.33563,5.2261767,164.4007,4.0147705,-34.15892,4.6245866,43.551994,4.17578,-42.721672,3.963718,34.2971,3.9283965,-22.387802,3.9920628,27.669846,3.6071842,-3.2887928,3.838008,9.86415,3.4858005,-3.7237065,3.6731207,-8.668219,3.5905921,2.32388,3.401475,1471.0426099160845,79.54855822253263,1756.869955348808,61.386064136613,0.0002696326,0.00022829324,3132.431561321781,0.009161727,0.0010683093,0.07286039914443156,0.007146481010344526
-362.72525,5.1552973,156.61137,4.3053675,-41.648964,3.888204,48.08331,4.152607,-43.133205,4.159323,28.07627,3.8099449,-18.279419,3.6911972,30.599237,3.7767265,-7.63931,3.7018712,8.358473,4.2434688,0.050290383,3.7841601,-12.213466,3.6437154,8.383796,3.3825796,1614.8883072096137,86.841406488136,1789.9073950602085,56.84051724646883,0.00037275473,0.00018063694,3420.4818690182715,0.008399195,0.0008762651,0.0829296421838747,0.008304877136956294
-341.01532,20.367321,162.61351,5.725458,-68.61892,10.094753,73.78294,4.574937,-46.467064,5.1095614,36.7417,4.7267323,-29.410027,6.7055073,23.948494,7.3392696,-15.838896,4.496092,4.624999,4.2460146,-3.9013746,3.624822,-4.808613,4.076352,9.073295,4.136739,1786.1723388197163,139.82696345886214,1765.2153465770311,68.97869035784547,0.00057939294,0.00069861405,3708.0825274615718,0.008650592,0.001372798,0.11038441669083526,0.017435255682387116
-369.47397,5.6317344,169.50674,4.5045238,-41.539444,4.6214185,44.30982,4.9551826,-46.695538,4.362422,35.177814,3.9379911,-26.53822,4.0584717,24.987873,4.1817203,-11.713867,4.151367,5.3819275,3.5241969,0.59765875,4.0269384,4.910142,3.7944098,13.948163,3.8228102,1484.0045823623068,75.34791069730599,1723.077968655725,60.399460542727674,0.0002675844,0.00021743515,3046.548553962442,0.009411183,0.0008537731,0.07610390081206496,0.006754352892766452
-373.71698,9.813932,188.46236,5.9293504,-43.867817,5.6520276,56.718975,4.837988,-29.135746,5.01171,31.356256,4.176123,-13.638529,4.307597,17.213453,4.352578,-5.912931,4.0588202,4.164117,3.6943135,1.8301101,3.8108513,-3.6319535,3.663405,7.197968,3.35388,1132.05466399368,88.09669425703468,1426.0809053799562,81.73492157338818,0.0001800534,0.00022058134,2346.769413428074,0.009934039,0.000966356,0.05070534549013921,0.007787699078292305
-361.52686,29.558193,172.00793,7.5593433,-45.63527,11.127868,51.641685,5.7970643,-27.493292,7.820213,30.910105,5.4930997,-13.845533,6.0035973,14.898846,4.713229,-5.313096,4.70519,4.1599126,3.9074044,0.7475553,3.814627,-3.6443393,3.867597,6.1287956,3.5459025,1338.439238043496,193.95922018047412,1550.470240976253,118.3574124920403,0.00029929256,0.0003703898,2805.3616906540024,0.008957985,0.002525318,0.06502750688805105,0.017335242467863114
-355.37805,47.346394,164.11003,7.5448713,-76.90708,22.12756,48.445774,4.942547,-47.673733,7.4160657,28.87716,5.7680645,-31.904232,7.057536,19.49711,5.7555103,-10.161119,5.1112695,10.935024,4.6433415,1.9204916,4.7458515,-4.5635433,4.219551,5.2542777,3.7099082,1732.2750694199917,215.10554848393733,1616.1272587947467,97.23637958523895,0.00057586894,0.00057813205,3311.34200306337,0.007881458,0.0025328943,0.10782178980568445,0.02312755925293881
-383.83743,5.5049844,169.21887,4.409223,-43.083534,5.0534253,45.206074,4.790856,-45.965374,4.456003,37.200882,4.397592,-24.058067,3.915234,27.935587,3.9589875,-8.591058,3.9705439,6.714291,3.7714367,1.193167,3.492378,3.2820554,3.2355459,14.194175,3.2807362,1474.2521267181799,68.33611580424646,1720.8984200451648,54.49298599429743,0.00030886443,0.00088615617,3045.8490995685906,0.008421592,0.0006322197,0.07312096686484919,0.005934441612735194
-347.5741,6.928956,154.41977,5.8669167,-53.055557,4.3090096,69.87422,4.6577744,-35.249737,4.7425594,48.515114,4.0465336,-24.665007,4.0993752,27.907675,3.6718369,-10.025447,3.5881484,10.705693,3.5576282,1.5671548,3.5199778,-3.3996706,3.5701466,7.798656,3.6715631,1751.1505142534502,126.46257736135989,1923.638113084509,72.19439534614227,0.0005544578,0.0011115255,3976.448190073956,0.009309569,0.00080098055,0.08168798035092807,0.012518789991250686
-380.4781,25.70206,177.9248,11.520918,-33.356564,14.266509,35.878464,6.8752503,-21.24187,6.46491,19.10643,5.031103,-10.816973,6.0277596,11.421151,5.6613197,-3.8914814,4.693893,-0.94005454,4.99667,0.06009699,4.71744,-4.2635274,5.473868,4.3905053,4.0569153,1168.0810714065638,124.54178149284252,1387.886125328196,158.60128050007145,0.00022008497,0.00036593873,2265.4828206569027,0.008741142,0.0038213856,0.06085729045823666,0.012989547180826818
-365.4089,5.272579,182.01782,4.734023,-50.138477,4.321348,60.498077,4.322791,-30.233505,4.4769006,36.13158,4.055951,-15.416002,3.774197,17.339647,3.9127061,-7.1935453,3.8169737,3.9644778,3.5713217,1.1852211,3.5197554,-4.8151894,3.3579397,5.240104,3.113615,1249.009018069664,71.35602608865511,1510.4545937370467,62.64543425566135,0.00024938447,0.0005607065,2660.000079303219,0.009720019,0.00070890225,0.05670293467227378,0.00702132306596026
-380.77313,4.912305,168.55394,4.426484,-43.777676,4.9791565,45.843533,4.3306966,-42.023846,4.3144426,44.33963,3.8397965,-20.66136,3.8812046,28.640724,3.8705242,-11.9127865,3.8066654,3.0764968,3.6019547,-2.1642022,3.9591055,2.4190161,3.878751,13.019284,3.710037,1479.2837624860238,85.12329791422292,1750.0992706335385,56.864915894680344,0.0003088199,0.00031547883,3089.215271987384,0.008293576,0.0007565214,0.07124487927784223,0.009468401389079116
-364.22107,5.908061,165.28183,5.5220604,-44.947918,4.4238043,58.243107,4.690416,-31.763948,4.9924846,44.7777,4.4463987,-14.082911,3.9934788,26.575878,4.0198445,-9.722512,3.7850733,5.69785,3.9596121,0.64437956,3.514269,-1.0970423,3.6357949,9.683836,3.5251935,1436.725480859636,100.14182839028453,1739.8569938831686,73.11066690490762,0.0003843057,0.001556257,3199.3293779908645,0.009413978,0.0008983206,0.060904872389791184,0.009057987833002037
-350.50876,4.7098165,142.11336,4.273925,-47.262997,4.251501,72.314674,4.4286137,-45.857246,4.3299975,34.197006,3.8592782,-29.167953,3.7726848,34.12269,3.801002,-17.07472,3.5785713,0.78493506,3.6718056,6.6000876,3.5251992,1.1227574,3.6888173,8.465408,3.803906,2027.7248038265786,83.93341257047275,2035.082074571108,38.34871854500376,0.00074183266,0.0013561348,4610.10390987529,0.008290248,0.00091252656,0.1036187191850348,0.013207212223395094
-369.33163,7.784871,159.43431,4.9986544,-29.097015,5.627084,39.959812,5.42976,-40.85698,4.730706,31.398483,4.423185,-22.445189,4.432914,18.304756,4.4629345,-8.301602,4.4342675,8.90908,4.36739,4.043779,3.9637895,1.0156956,3.9189286,3.5974057,3.5458512,1473.6998882440653,97.84794164285044,1760.0119468310756,78.24113254870495,0.00028592144,0.0007165221,3187.4136727813225,0.010043198,0.0017311758,0.06830952726218098,0.0063695145009233884
-394.88348,8.078631,183.67949,6.0710773,-31.178522,5.5214896,56.577045,5.2547646,-24.80442,5.2163873,36.56933,5.134952,-14.392493,5.299698,18.5653,5.404957,-6.289901,4.2216506,10.011169,4.389111,2.1825676,3.6959314,-5.1088185,3.9137774,5.6429076,4.0644794,1069.9092257938566,113.5139702137621,1483.2139285302155,123.83123701926647,0.00014044793,9.309098e-05,2193.364076547999,0.009594539,0.00084499107,0.04380709831786543,0.01229554054596303
-365.41757,10.589907,180.36333,9.31072,-51.74363,4.6032677,65.35185,6.4499335,-32.386356,6.0485215,38.677807,5.0760427,-17.598368,4.658621,19.045044,4.437958,-7.9062195,3.9281707,5.038849,3.4976137,0.029601838,3.7094827,-6.301002,3.424686,5.1262097,3.2973561,1309.6453380510488,197.22395563831927,1565.2773351403534,142.64188079138822,0.00027687763,0.00057733146,2838.0362030524943,0.009674694,0.00073376135,0.05991131634280743,0.017591695542313723
-367.534,4.902081,182.12962,5.193024,-50.018913,4.1980934,62.342926,4.1822653,-29.603853,4.1663756,36.631027,3.7692223,-15.426727,4.243904,18.054722,3.6721795,-7.4670053,3.4776776,4.4341817,3.3932507,1.0402284,3.412066,-6.0757027,3.5604298,4.257682,3.171245,1238.9786140648118,73.48513549849496,1512.9389954584492,64.73929996656989,0.00026338326,0.0007627328,2660.9992998658645,0.009789661,0.00068624987,0.05514745867169374,0.006549863562388207
-352.73114,5.315759,147.26793,4.538812,-46.304127,4.840743,60.07711,4.8389134,-46.887966,3.8395898,35.95016,4.141406,-29.642097,4.27155,30.808191,3.8981297,-3.3179538,3.3816314,3.8372767,3.2747293,0.6196231,3.717349,-3.5174596,3.5766017,-4.106362,3.4125235,1892.2373821825013,93.44431405739753,1964.1899785998944,51.82909502725618,0.00054049207,0.0008292871,4424.948339617169,0.0089068785,0.0010103725,0.09471636637180975,0.009511517223268892
-373.30573,6.3358502,192.017,6.25664,-46.77625,4.7822943,56.42436,4.472484,-29.069427,4.974114,30.714376,4.7463317,-17.575603,4.449794,15.964035,4.3487725,-8.234329,4.251299,5.0110636,4.0844703,0.22641668,3.7034178,-5.137771,3.694291,4.380913,3.423158,1134.6118765013707,83.1245654860437,1409.237278716456,97.82138728943613,0.00020132019,0.00044738076,2301.055072687065,0.009822152,0.0007398031,0.05114717771171694,0.006026499269550244
-375.95758,5.9823523,171.17628,4.2063203,-45.184155,4.3300405,45.657192,4.8185744,-43.772697,3.9984615,37.500935,4.2605777,-25.59133,3.9288847,28.371492,3.95564,-11.101202,3.8758304,5.9545755,4.0586805,1.2837925,4.035613,5.002462,3.7504146,14.004962,4.3031683,1475.678819669804,84.94546329992366,1710.4849295272152,61.934960399623044,0.00027546697,9.665784e-05,2963.3384616081785,0.008671137,0.0007758725,0.07746451747389792,0.007586341831786763
-338.60718,11.884041,130.0196,6.060042,-79.63205,7.03352,73.88369,4.9325156,-63.811417,5.149733,36.23854,3.9563484,-28.07976,3.9240716,32.755398,4.4328365,-17.08987,3.6920044,10.558408,4.0804863,-0.68680286,3.612065,-12.302048,4.4898963,7.1670175,3.5862594,2531.8345993762996,135.12354526127538,1961.3370256107332,50.10777588430512,0.0016039491,0.0047152676,4856.886408334542,0.0069692372,0.0011288235,0.19475737746519722,0.020980885254004163
-382.29874,6.8520203,179.56224,6.1187057,-41.966248,4.840306,53.51863,5.132763,-28.127542,4.3988833,41.89928,5.0784903,-7.2610245,4.675602,22.331263,4.6586137,-8.497943,3.4816563,4.2124586,3.6946363,0.6151334,4.046475,-0.2867176,3.7162755,8.699965,3.58934,1184.9168114257168,102.593630040403,1526.485954760039,96.70869362190838,0.0002352931,0.000993455,2479.141157464472,0.009525982,0.0008474823,0.04837609665023202,0.00775734620685652
-390.1107,7.578156,158.8945,5.134043,-32.644676,6.137856,53.91247,5.9990835,-38.33368,5.1469827,34.103664,4.9629526,-19.684795,5.0044117,24.956865,4.656629,-7.672934,4.5811615,11.010733,4.4714227,2.830963,4.3855505,-2.3500986,3.875633,8.10453,4.0192776,1432.009555645589,91.7030355311575,1784.8366861619513,74.13565684493753,0.00023577399,0.0006575622,3258.708059926044,0.009526779,0.00096566527,0.05014569134280743,0.008127020839132764
-391.94525,7.7013736,163.57841,5.2826543,-33.277576,6.6251388,47.393185,5.987257,-40.59838,5.200748,33.21313,5.7550464,-24.296799,5.1142235,23.16013,4.8146825,-9.46873,4.429466,6.0219874,4.274787,-5.5735016,4.4119763,-13.81799,3.683162,-3.7939212,3.751422,1407.845047891038,93.53896571466696,1728.4883249874308,81.43418143995602,0.00018364494,0.00039427684,2994.5890847049013,0.010190971,0.0007885396,0.05255311049883991,0.007173641394974823
-376.67343,6.98393,191.25235,5.140336,-48.10931,4.02051,59.59656,4.7478876,-29.38579,4.6399055,34.386703,4.194539,-16.850336,4.189704,17.17822,4.1483145,-8.620963,4.0491695,4.439598,3.852185,1.0273501,3.638102,-4.936614,3.5212574,5.3119383,3.5043933,1139.5747548076852,86.40654235442149,1425.8419542272175,74.34113151122375,0.00017653809,0.0001432067,2345.295563098173,0.009749058,0.0007378074,0.05037000616299304,0.006241153176089269
-379.75186,6.4141335,173.06213,5.0770564,-43.322525,5.1508007,46.54839,4.899947,-45.07149,4.562735,39.37382,4.648288,-25.582476,3.925704,26.060534,4.0605464,-12.819247,3.6280205,4.6592402,3.51974,-0.92251414,3.8800647,4.4809246,3.9596448,14.633082,4.0180664,1441.8831427634273,80.27474303588659,1709.5397553413882,64.92763593286638,0.00034420917,0.0011424887,2934.3860458055397,0.008631349,0.000899069,0.07246954756380511,0.007309015497582814
-368.76816,7.0153427,142.79955,5.645689,-32.89123,4.381676,52.961517,4.4174476,-30.343618,4.4823704,45.226776,4.6671896,-16.675308,4.68095,26.211464,4.747505,-6.4532967,4.126013,7.997791,3.9005466,-3.791108,4.0056434,-3.8942056,4.836837,3.6269526,4.1284165,1719.6144327125996,152.0883388220453,1998.842407114311,76.43850264277883,0.0004860817,0.0008978276,4126.656021153567,0.008704621,0.002705166,0.0703192974187935,0.019960490625587916
-382.32773,6.1056237,180.94096,5.407321,-43.69018,4.986089,54.011337,4.68776,-30.716568,4.693018,42.09444,4.2202168,-8.998991,4.594707,21.4848,4.312905,-7.87897,4.1446023,4.537637,3.8391044,0.1924686,3.856606,0.07130333,3.9868536,8.399271,3.3740854,1196.357509173268,97.1425680842858,1524.8905581985125,78.260546791715,0.00021356353,0.00039656938,2492.056083236659,0.009313585,0.0010325626,0.05017854553364269,0.008587399913536289
-374.79395,23.068285,184.39795,6.365444,-47.02924,12.790678,55.79422,5.420995,-28.311357,7.020792,32.644184,5.002722,-13.262516,4.49256,17.281343,4.3729777,-5.4828897,4.097456,5.785957,3.8018339,1.2694511,3.6663237,-4.247766,3.5731738,5.5503745,3.2600424,1184.9072839862824,133.94136582174497,1455.1533424663487,89.42251459234636,0.00020461234,0.00034636378,2462.179388413573,0.009681324,0.0015572486,0.05275590015951276,0.015031084495958857
-395.52386,8.941548,180.10976,6.341474,-28.746489,5.8660345,57.561447,5.3441668,-24.367405,5.3743806,35.784927,5.669833,-12.59433,5.235061,23.149332,4.7134857,-3.9031305,4.3622932,6.5659127,4.5633206,-0.08911188,3.9522972,-7.971618,3.8146555,5.300339,3.9473052,1071.7065974878828,114.51603968753443,1506.6503934749956,107.83054565873545,0.00014551755,0.00017869819,2256.1151278821058,0.009809701,0.0009315669,0.04042991408062645,0.009883439783423159
-372.39682,5.659673,175.11943,5.4495625,-47.928402,4.2739677,54.31565,4.255184,-33.622677,4.5887823,45.585594,4.246934,-11.348756,4.141923,24.761286,4.085206,-11.475769,3.802342,3.9357996,3.878201,0.25145185,3.5491178,-0.27361375,3.4208007,9.174649,3.832868,1330.0290402116016,87.54973582886873,1616.0605926321384,70.67811839218228,0.00028626865,0.0005206094,2799.1415426515373,0.009148991,0.0007895163,0.06263254966647332,0.007821601786990188
-367.98944,5.210008,185.9598,4.158269,-50.787376,4.012272,63.422077,4.2703934,-32.558475,3.8353446,37.326843,3.7295172,-18.125082,3.7038832,17.691721,3.6169395,-8.325942,3.4387496,4.696466,3.8369389,0.35678348,3.4471865,-5.5080442,3.3166983,5.6940355,3.1180935,1222.5926193470566,65.24291849745076,1501.040299759879,56.51537167609359,0.00021930879,0.00024717004,2605.6424806953305,0.009904316,0.0006912726,0.05443826131090487,0.006282339621985484
-378.17572,5.5190544,179.76189,4.6484632,-48.46344,4.0688734,52.875534,3.8247461,-31.647907,4.379102,45.05244,4.1318784,-7.155644,4.4946117,21.394476,3.8334942,-10.476848,4.0393233,2.1713893,3.723915,-0.49988842,3.3268726,0.7003603,3.5100462,9.313275,3.584563,1248.2659519369727,86.23839168335843,1524.4768676149677,71.37060915134755,0.00020192194,0.0001372198,2562.5510939312644,0.009312977,0.00077119615,0.060678291763341066,0.00799201293350062
-395.33295,8.815298,180.46758,6.714899,-23.802639,6.045465,53.908276,5.60428,-25.551394,6.0260353,34.170788,5.404674,-10.958911,5.855973,17.184298,4.976427,-3.9516635,4.7638946,11.415889,4.164581,3.5561166,4.3057766,-6.3509617,4.3342066,4.0029874,4.090977,1048.0311589538062,120.8712482176485,1484.3388373827001,133.26935621260637,0.00014532953,0.00035910157,2146.6255347302786,0.009850057,0.0010591348,0.04298687645011601,0.017356558424545816
-378.29205,5.8701277,174.63379,4.1546984,-44.47543,4.8888726,47.363155,4.6605763,-43.600784,4.5602345,37.91808,4.0901227,-26.816792,3.9484553,26.298359,3.7783532,-13.622986,3.3281963,4.33646,3.6650229,-0.4548965,3.8867908,3.616631,3.9167097,12.987677,3.4550357,1438.7098430428766,79.55282851521946,1697.8920835493518,56.593837900466795,0.0003059732,0.00035465643,2890.5452436194896,0.008373692,0.00074063154,0.07361831133990719,0.0075952276288948125
-362.09286,30.77194,177.3529,16.220392,-56.756912,12.69302,58.41148,12.786466,-32.88639,5.2475147,31.086014,6.122467,-23.44749,5.2968507,19.379887,5.944546,-7.904053,5.0736465,7.8352,6.677973,0.83642024,5.789304,-5.338774,5.921415,6.3360167,4.0519247,1437.3485419172653,308.89071683790746,1545.2391150388337,177.30599412802312,0.00035632102,0.0005032853,2848.4031163899363,0.008867266,0.001937647,0.08408860208816706,0.027262813376043284
-370.92477,6.2875943,187.47977,5.1181684,-46.29345,4.4989944,60.18118,4.6527014,-30.418812,4.2025714,33.67568,3.861999,-16.97972,4.513741,17.31523,4.3294883,-6.621066,3.9136913,5.026807,3.6744518,1.3171815,3.6961255,-5.0105305,3.6780436,5.9168186,3.5492282,1171.873457238575,81.46513765677088,1461.3088745258658,76.89984205154455,0.00019084236,0.0002008363,2453.2613448919665,0.009935449,0.0008168843,0.05324418140951276,0.006887458853141212
-356.33447,5.812427,139.64757,4.6059194,-45.85969,5.115427,71.3753,4.7133756,-46.87497,4.351325,32.63472,3.9863627,-25.401274,4.082013,31.693737,4.00061,-13.406702,3.3895695,4.8509803,3.6586785,9.398742,3.744799,-3.248501,4.1289887,1.4687879,3.5323358,2007.8405530016973,109.7280418790196,2006.5738979965975,50.493096634401304,0.00059625035,0.00065016316,4540.533178201131,0.008486298,0.0012263781,0.09702522295533643,0.013084029280038507
-390.27872,11.57955,183.98914,6.42228,-35.848213,5.958985,52.01131,4.76031,-27.835745,4.942975,36.16461,5.3244486,-8.78894,5.671373,21.394386,4.798924,-6.6001096,4.6529684,3.2715888,4.079038,-1.166158,4.195927,-5.288547,3.9502504,5.140425,3.952625,1100.779682240323,89.21875521417235,1459.454045917042,93.2244083483063,0.00016358266,0.00026170307,2234.656866299304,0.009562473,0.0012846624,0.04497512144721578,0.0069277286835718295
-351.85092,11.118161,177.98401,6.828443,-50.839344,7.438982,61.137917,5.2067437,-32.18379,5.5683813,34.65211,5.2842155,-21.64976,5.4518886,16.477776,4.3393774,-12.208373,4.6909423,5.9839234,4.3178616,-0.34668437,3.660585,-4.035766,3.6566389,7.5223784,3.739817,1355.1798573091205,142.08680926693887,1583.4787415466915,106.82460859529816,0.0003014049,0.0004637892,2875.856701348608,0.010085432,0.0007733846,0.0651294681699536,0.01165912241974647
-362.5025,10.048139,151.02815,5.9613137,-34.45455,8.338703,56.246544,6.511781,-31.62717,5.6243234,43.23878,5.579819,-18.69719,4.606605,24.040485,4.935303,-10.178707,4.6622686,7.554334,4.0321155,-3.7787356,4.0884485,-6.866561,4.5423965,2.1330645,3.9925687,1620.2613677416873,109.46989063390455,1921.6283746331064,84.91131455816743,0.00043276823,0.001214403,3804.407389700551,0.009491091,0.0017186243,0.06307438188805105,0.012980106412653507
-359.17538,8.8737,163.91316,4.3930554,-43.69951,7.497938,51.984695,5.569377,-44.77652,5.585036,39.382717,4.927254,-25.554909,4.275077,25.778093,4.590777,-9.915807,3.8953393,8.407314,3.9521303,-6.0853353,3.747036,-9.558485,3.7777762,5.18959,3.85077,1590.6321698396255,99.29084102547978,1816.7907371907866,69.33748802820324,0.00035617725,0.000244162,3518.630308784078,0.009252156,0.00089316687,0.07856569931844548,0.007579174789516507
-360.70367,9.535237,178.4197,7.050507,-49.62645,6.490307,63.16179,5.609633,-29.235817,5.9030094,38.07456,5.287933,-17.893433,5.5260134,18.897728,4.7132597,-10.685694,4.7760415,5.0724254,4.1153426,-1.0232172,3.8380115,-6.199012,3.815405,4.9249725,3.6332796,1305.8560701390932,141.06005263240397,1572.7075840403222,112.36205022214182,0.00025443567,0.00039304644,2798.0174195185614,0.010198292,0.0007123751,0.057512960411832945,0.008770171870358232
-358.36227,8.742472,170.17923,6.144976,-37.267025,5.4818473,50.669323,5.155783,-20.747307,5.2654905,29.082226,5.5969157,-12.315497,4.9257197,13.813886,5.159138,-6.3598123,4.5111256,2.5986292,4.131772,0.2496265,3.982023,-5.377745,4.0109534,4.3791385,3.6205862,1265.8053608057985,127.43165008434075,1543.927339145991,107.19063425003768,0.00024355251,0.00035270763,2681.858029111079,0.009865761,0.0014861523,0.05672219402552204,0.008707872869369337
-369.0849,9.046317,172.11252,5.938338,-47.974754,7.0049133,56.05667,5.0537724,-29.374836,5.2101655,45.080677,4.9023514,-10.103056,5.111723,22.275618,4.568165,-10.065398,4.424125,4.294735,3.743686,0.43119478,3.5988145,-0.94006455,3.8949163,8.452697,3.8338587,1340.237701848326,120.45181808869567,1624.5477112081485,103.79002480721118,0.00026757512,0.0003877492,2892.66858731511,0.009530242,0.0009548129,0.056624764356148494,0.010013240968652368
-371.92096,9.689063,174.13625,7.704029,-43.353535,7.2056847,56.531292,6.0951996,-29.439468,5.838108,43.47782,5.60748,-11.541481,5.636403,21.761595,5.295578,-9.850042,4.7686744,5.1607194,4.1391854,-0.28282398,4.463819,-2.1234303,4.441382,7.3947916,3.8533504,1297.971843967704,157.20430273344397,1619.4353954726064,145.91943233067778,0.00024372764,0.00030863532,2817.1774738072795,0.009618474,0.0009667342,0.05437255292923434,0.010499072675912735
-361.51532,8.978133,181.49942,7.256944,-50.9108,6.178053,63.25552,5.5124917,-30.990993,5.8607883,38.175823,5.637311,-18.903307,5.067053,18.897118,4.641227,-10.960396,4.5247283,4.2166576,3.865053,-0.83606637,3.598814,-5.9067645,3.4878795,5.151252,3.34548,1292.0067182724515,126.89766424206984,1555.592792198723,123.78513741285724,0.00026103522,0.00059071026,2758.398324209687,0.010189083,0.00077836734,0.05661570113109049,0.007396813304710558
-365.02097,9.46661,184.73627,6.911204,-50.360092,6.3988304,60.214024,5.2253933,-30.506453,5.784827,37.041046,4.9203176,-19.750444,5.401072,18.79521,4.5772605,-11.306355,4.4148703,5.286714,4.035742,-0.7044417,4.1338515,-4.5253243,3.890009,6.139646,3.775729,1251.6584112250114,134.32532377328465,1518.3287623042079,112.9888485859621,0.0002245361,0.00020444697,2598.972683439675,0.0100350985,0.00076468394,0.05669613725348028,0.008873605657272412
-359.10052,8.519312,176.77611,5.5947204,-52.612778,6.1540627,63.45394,4.6700974,-30.096437,4.6403737,39.97066,4.8932705,-16.301985,4.9702697,20.704176,4.459593,-9.260309,4.328615,5.5079603,3.7639127,0.42371747,3.5144103,-5.1411157,3.8323207,5.402422,3.6192648,1338.719354465191,101.03555705004844,1589.5148660128932,82.76471265957439,0.0002767832,0.00054277066,2876.731019340922,0.010111597,0.0007970755,0.05937432025812065,0.007997575259552274
-363.71805,9.470152,168.15715,5.4678683,-48.27105,7.001178,63.6219,5.146891,-31.145016,5.258685,46.61099,4.879095,-14.538826,4.36542,26.004765,4.6178885,-12.124653,3.7616694,4.4444633,4.1851497,-1.4044757,3.8766103,-3.6901443,3.853278,6.938311,3.7963052,1426.8023846061126,123.0922128325212,1717.670940603284,76.68095729130118,0.00031155036,0.00043120672,3162.208334088602,0.0096410215,0.0007996735,0.059756108613689095,0.009716036442019892
-367.61624,9.534289,167.68721,7.0413055,-50.743996,6.908918,51.704327,5.6810446,-24.530128,6.119851,41.33058,4.912233,-12.563055,5.0371647,23.181332,5.1391616,-3.6376772,4.948525,8.008634,4.654027,0.20923136,4.25809,-6.6475835,4.3903956,3.6871476,4.326393,1392.219248735205,137.15209131477636,1605.0836555308044,108.4293885843735,0.00025934362,0.00036306173,2858.745049213312,0.00957809,0.0012502464,0.06869584723027843,0.011134782452878725
-336.14386,17.062849,164.1383,7.11702,-60.1809,7.9848433,67.206245,5.0951276,-41.238026,4.393068,41.68042,4.492054,-28.525972,4.5507894,21.838806,3.9839306,-13.28486,3.762502,7.105314,3.8983607,-3.7801268,3.6724985,-7.6044292,3.3290465,9.398551,3.2843904,1701.3047385588602,110.57488849609423,1793.872901702844,80.02719001487924,0.0005982512,0.0014544307,3663.042660600348,0.009582632,0.0016981815,0.08982562354988399,0.011553967345280565
-351.88028,7.5013995,164.37665,5.4897237,-53.08092,6.5335226,62.141544,5.111843,-32.680275,4.8354216,46.8755,5.0402246,-16.974564,4.2266374,26.066446,4.821452,-13.055459,3.6888266,4.8464375,4.001465,-0.66909003,3.467946,-2.4764702,3.8514209,8.544,3.482699,1547.3578972782118,122.9608174242471,1763.4884272774643,82.88375245519886,0.0004503922,0.0011729617,3394.227348734774,0.009454493,0.0007224587,0.07239704176334107,0.009502089933489544
-343.29333,14.440592,169.45976,6.6112533,-56.756023,9.479965,56.161606,5.0030093,-34.347775,6.078627,36.97875,4.749787,-22.474192,4.3252883,17.305893,3.9854448,-8.701672,4.5262733,8.045661,4.4458528,0.96791446,4.351355,-4.8136945,3.5874534,8.56801,3.9498456,1510.9259762681877,131.98984569489713,1648.1872491038,97.82433497461983,0.00042315474,0.0009483393,3150.9421222447795,0.009743245,0.0012232583,0.07651741045533643,0.01508488491936121
-383.33954,12.072916,172.81493,7.8547616,-30.630356,8.576879,55.4581,6.6204786,-24.405825,7.5714245,38.03374,6.313456,-11.420839,6.131788,22.657782,6.297594,-7.2223644,4.779951,7.398209,5.1608615,1.7287303,4.373881,-3.8200605,4.5923395,5.8778825,4.5854397,1184.9593456556363,156.43326451006212,1600.2451427629392,139.08406893912363,0.00018350506,0.00022123154,2572.7181631561775,0.009988661,0.0011988428,0.044244398926914154,0.010426841985350618
-382.80417,12.53759,169.06229,6.901324,-33.519753,9.108007,53.943787,7.136105,-24.085096,7.469971,34.812523,6.108561,-9.184017,6.518581,24.50902,5.5095844,-2.191567,5.453921,7.860451,4.7258854,0.59175885,4.490619,-5.0972123,4.442132,5.2858505,4.494809,1222.5925532593164,145.44238513939686,1599.0743036369065,116.50746173089567,0.00017546081,0.00011993328,2664.0719030959976,0.010016877,0.0013057169,0.04224369199535963,0.009503745235888874
-387.75446,13.131723,171.02757,7.4625416,-35.848648,8.817591,61.856846,6.912444,-24.20917,6.2997465,40.70341,6.8733654,-12.571975,5.7135262,24.115189,5.819547,-6.9799123,5.0826745,4.327042,4.496379,-2.2072563,4.6728654,-7.56899,4.804119,2.5933826,4.2671366,1220.609014406244,146.19233807426883,1615.8737204082624,119.43992858027318,0.00019201185,0.0004174942,2701.1180054560614,0.00997933,0.0006586119,0.044757604045823664,0.008536970636699571
-370.8679,8.739869,172.4501,5.716039,-45.55707,6.802398,55.71139,5.3773923,-29.195099,4.9460316,43.635506,5.0641913,-9.415698,5.4544396,22.465202,4.910615,-9.619075,4.889963,3.9578657,4.0272818,0.4007638,4.1052976,-0.39036056,4.111001,8.040417,4.017859,1313.282996724134,113.9575459003142,1615.1501305600646,90.42120754573693,0.00024783282,0.00031963512,2834.2141844003772,0.009529257,0.000867369,0.055362710266821345,0.009494840807506648
-361.7164,8.129963,181.45642,6.853672,-48.66787,5.0967894,58.61493,5.0773287,-29.094837,4.9767556,37.302917,5.3389273,-17.79482,4.9225335,18.38773,4.7766414,-10.372095,4.315301,4.494593,4.114211,0.033949178,3.6982362,-5.1212325,4.169031,4.386517,3.652956,1268.3133169059045,111.92606735620136,1538.547502156711,110.5127889402458,0.00025040147,0.00046251324,2659.400546965632,0.009984483,0.0009711875,0.057137969475058004,0.00708952966313141
-365.53198,9.186608,161.21815,5.529344,-44.274467,7.1139607,45.54306,6.44938,-36.59847,5.4062057,36.251976,5.826584,-21.435165,4.360604,25.56002,4.567413,-9.243203,4.8047466,6.102201,4.270311,-4.0528035,4.1010714,-2.5989504,3.8559158,12.157125,3.8905094,1559.2919936678686,121.72871411492079,1760.7186945053568,81.6417391177629,0.00037845175,0.00059065886,3262.505098064095,0.008502864,0.00093183026,0.0784229535237819,0.007992211425247872
-367.22113,8.28313,183.26582,6.3765736,-46.82969,6.3788075,59.709606,5.3591657,-29.362349,5.33446,35.708073,4.9383483,-18.510448,4.723114,17.921396,4.639243,-11.293379,4.2126756,4.089911,3.8963873,0.1579646,3.602653,-4.4177833,3.7065146,5.49323,3.3323596,1231.375136686626,105.4570469893835,1519.4585330656496,102.56846152292806,0.00023500458,0.0005497531,2584.4839852813225,0.010044084,0.00075839134,0.05399642908932715,0.007155576538590989
-361.0148,8.195092,178.49693,6.4007206,-50.831333,5.417571,62.08041,4.961886,-29.914923,5.2865825,37.968697,4.7142086,-17.448376,4.702184,19.582235,4.979353,-9.198681,4.2028704,5.1015487,4.099548,-0.13016857,3.9091978,-4.920058,3.452688,5.2549214,3.7439942,1309.217557759036,119.26908184951522,1571.9738253465769,107.46300020487888,0.00028165244,0.0006668294,2805.4366321962007,0.010016705,0.0006998426,0.058372833889211134,0.007804805743954857
-370.14294,9.1209955,174.76302,6.752744,-43.490738,5.9953194,55.01287,5.635437,-27.399605,5.594081,42.762054,5.663028,-8.584174,4.6501884,21.839586,4.7280436,-10.998305,3.9268584,1.7003363,4.0435796,-1.2307453,4.0273433,-2.1335087,4.043822,7.084314,4.259457,1267.3370314926262,120.2860692767545,1578.2975116786752,87.22204454592456,0.0002658049,0.00073697994,2682.632425047129,0.009693759,0.0009499751,0.05491974514211137,0.008754361595185285
-373.04257,10.103382,172.79337,7.4306545,-41.07303,7.0110936,53.10257,6.7319336,-27.634825,7.0265355,37.201614,6.58969,-13.346698,6.340588,19.450523,5.1551905,-8.018424,5.111853,7.8528666,4.4872518,2.809477,4.1595907,-2.1075168,4.5535455,6.790151,5.14819,1283.8325716934485,161.37081881611846,1595.177618966399,137.82647381449598,0.0002175061,0.00019940431,2745.2335932968385,0.009680724,0.0010443166,0.05744158751450116,0.017096223353577297
-350.95557,8.389648,168.60043,6.3522687,-43.961823,5.6935377,56.148167,4.9156203,-24.702887,4.9679685,33.043842,4.812235,-13.323795,5.017633,16.29093,4.975204,-6.708656,4.0608664,3.2168336,3.897697,0.3488781,3.6363068,-4.894541,4.025373,4.287689,3.7983801,1350.154600036997,124.57274897064761,1593.245285935251,102.31477879754114,0.00026870958,0.00022526829,2905.533552059165,0.0100267725,0.0010458312,0.06149398201856149,0.008968015254668596
-347.41833,7.7940884,156.03793,5.6707654,-53.57354,5.123017,68.57469,4.996448,-33.47897,4.326333,48.426006,4.0514445,-22.317442,4.1831665,28.41092,4.211877,-9.3738,3.5512836,9.728452,3.6216512,-0.115365244,3.8188355,-5.5827312,3.506016,5.3924503,3.0229166,1693.1683499562632,124.72491861504393,1880.77792803967,64.87321319001072,0.00051737204,0.0013683691,3819.69546430902,0.009606963,0.000933305,0.07801397549303944,0.011576407555286746
-365.7834,8.408803,184.70624,6.541658,-51.208374,5.339968,60.657074,5.522639,-30.59922,5.0931754,36.253757,5.508573,-18.44052,4.99456,19.374039,4.3579082,-9.947429,4.1034203,5.5509796,3.7372167,-0.3696517,3.7985222,-5.7816663,3.4191942,3.7604332,3.735168,1256.1391053835093,112.28775331381344,1513.0428143583354,96.26976011231837,0.00024230851,0.00039823903,2624.7026129277842,0.009798498,0.0007132344,0.05720594366299304,0.007796668328915246
-337.5301,19.906736,156.24876,8.570649,-63.317463,7.819543,68.71958,6.6888804,-52.741096,7.2837667,46.017574,5.939402,-26.497698,6.2396936,26.01858,4.93071,-12.918926,3.7705023,7.060155,4.454225,1.4820043,3.465687,-8.853053,3.7097325,5.2437067,3.6867473,1922.423817752209,151.51550960891885,1893.8172257287986,112.311673928739,0.0008170782,0.0018335494,4227.552317466648,0.0085111195,0.0018782016,0.11546548723897912,0.015715220310103337
-359.50824,7.167152,176.9574,5.677509,-50.31957,4.951091,63.11996,4.28787,-30.406036,4.278172,38.44937,4.604461,-16.984903,4.327532,18.646809,4.101255,-9.215799,3.5486648,4.751687,3.908885,0.24025123,3.683597,-6.2530046,3.518135,3.9723864,3.2995872,1323.7614548385677,108.37634061981183,1581.8940491669161,84.13351393649256,0.0002555888,0.0002193725,2864.290723335992,0.009909929,0.00076558907,0.05980142473897912,0.008914593102482988
-370.96686,9.127567,175.61139,6.821458,-46.689606,6.4646997,56.610355,5.579417,-31.468704,5.3462234,44.733818,5.4633594,-9.418067,5.4159746,22.719185,4.8194065,-11.483469,4.3234057,2.6328092,4.4588537,-0.70402247,3.587057,-0.28676915,3.7792895,8.670912,3.6828775,1303.3373422963878,130.31726052113348,1597.7863289851946,103.08292933215401,0.00029435306,0.0010022768,2779.806624764356,0.009564655,0.0007858999,0.0593799847737819,0.009333802654324288
-357.38318,7.4916086,157.56787,4.903991,-43.529762,6.098687,49.316673,5.0820403,-43.43711,5.0088525,31.929483,4.754044,-19.282001,4.3453503,28.452318,4.498493,-9.160254,3.8399675,8.052673,3.9938474,-3.992187,4.0714946,-10.052654,3.4865155,7.8406854,3.5487497,1642.5539392955704,93.70635752374919,1814.9236765968465,65.69233050270321,0.00047635735,0.0012443679,3543.8856085049306,0.008548931,0.0008240178,0.08254332221577726,0.007593032044578411
-335.50876,8.787347,141.0923,10.466388,-73.625145,5.054302,76.73295,7.412377,-40.74903,7.1123743,37.517483,5.299772,-26.20321,4.333249,26.323435,4.602843,-10.018235,5.832901,12.860865,4.3921056,-1.14641,3.9556375,-12.215302,4.160249,9.8345375,5.128603,2154.1308980784574,261.25341257273607,1853.113034617771,138.4865981322883,0.0010379554,0.0024037524,4229.7506027044665,0.007960719,0.0006598103,0.14864708707946636,0.03293734168634365
-371.69342,9.116593,176.59813,5.9253,-45.30778,6.582701,54.18545,5.5239415,-30.561274,5.429869,44.3962,5.494229,-9.519934,4.715217,23.765621,5.148116,-10.895626,4.3807564,2.5149066,3.919922,-0.9189054,3.8396492,-0.73679054,3.972017,8.978805,3.891968,1276.2247822222455,111.01256695968966,1581.9436592046602,97.05558786710195,0.0002249587,0.00021434747,2679.9595100420534,0.009701852,0.0008919702,0.058056753915313224,0.008979181538633712
-363.54187,11.765575,166.71886,7.0031843,-44.23228,6.5518355,64.601326,5.742692,-31.049404,5.025955,43.49525,5.4875,-19.331913,5.1819887,27.155756,3.9064486,-7.2493305,4.20238,9.713974,3.7009668,1.0436589,3.9113472,-6.2184477,3.4545023,4.7236385,3.500475,1430.0830442693857,164.34316568848405,1751.5474885861843,112.4798995902058,0.00035066713,0.00094056374,3215.5916926479117,0.009823007,0.00085220573,0.06046417307134571,0.011305962773679207
-335.41684,13.925403,155.86928,5.218209,-75.6586,10.754134,78.49844,4.714507,-53.829613,4.7744117,44.856453,4.1080055,-33.361454,4.2020373,25.951485,3.5484707,-15.235441,3.2755513,6.3208075,3.4416504,-2.3893743,3.2382839,-5.8185763,3.6284604,8.391956,3.5217202,2047.6059715269255,106.79493816299313,1879.5700036292396,98.16924289300913,0.00087685126,0.00037812025,4256.729557895882,0.008093863,0.0013882176,0.13198661361658934,0.016166524839155764
-373.60712,8.643065,175.0434,6.413298,-43.64203,6.147159,57.719303,5.3859553,-29.465746,5.41266,43.473,5.0585165,-9.814653,5.5714087,23.516323,5.049349,-8.875554,4.7455745,4.8702106,4.0233464,-0.12785591,3.8067284,-2.8051367,3.762273,6.390612,4.2709575,1271.5124689648285,112.49198552600507,1601.2002930243925,102.49241637293514,0.00022571003,0.00027149922,2761.7207325804816,0.009687567,0.0009909577,0.05183598281612529,0.008768203457540308
-351.08264,6.503759,161.01892,4.8704367,-53.810955,5.130288,62.20052,4.470808,-33.08788,4.462418,48.439053,3.9937022,-16.334036,4.024837,26.794031,4.2635407,-12.832777,3.679639,5.2589636,3.7355347,-0.22858213,3.5663466,-2.334648,3.829732,8.658154,3.824768,1597.798758869029,109.31892254517518,1794.028406361029,67.92961307553354,0.00039900685,0.00030839618,3521.5780094438805,0.009383814,0.0007912688,0.07614015371229699,0.010829636206493902
-336.41843,10.662907,135.35196,8.873591,-76.91884,7.413355,73.40807,6.082991,-56.139603,4.48308,36.966393,5.215829,-25.204,3.997613,24.979464,4.6493196,-18.015312,4.245903,8.24106,4.669668,1.1723707,3.74466,-11.086783,3.9484193,0.79192317,3.4914005,2344.3304675076092,190.0325889813446,1897.7138774572934,68.05819449155095,0.0011716711,0.001924499,4548.177215505365,0.0073139053,0.0009799431,0.1760656086861949,0.02972063928645116
-364.46448,7.5292273,162.53297,4.948648,-42.031307,5.830737,48.454983,5.565179,-40.141983,5.066828,38.72719,5.086764,-23.58832,4.3029127,26.62394,4.3605704,-8.380504,3.907571,6.747464,4.0716667,-5.3637266,3.8382058,-6.2866325,4.23013,8.7623205,3.6028335,1550.1089038157138,101.55415223542869,1786.6732858760647,72.26668407325327,0.00036486136,0.0008620988,3337.4716207765373,0.009279788,0.0009800551,0.07710652008410673,0.007720684725759008
-370.86356,10.866362,138.88676,5.517253,-38.806614,7.559464,63.47938,6.580569,-42.09638,6.1089783,31.88559,4.9442754,-10.778183,4.890722,20.806473,4.8445783,-13.265159,4.5293317,13.515205,4.311991,1.4311067,4.1921086,-2.9913692,4.7351418,8.717889,4.038433,1805.9070378927884,137.47230749846346,1941.964000728029,71.71089686761424,0.00037612056,0.00063922274,3996.6324454393853,0.009451612,0.001892927,0.06417556373259861,0.018571699049858333
-354.50278,9.310486,156.29805,6.1209097,-51.00139,5.9622755,70.30706,5.300619,-33.11572,4.642624,49.916622,4.6446576,-21.290176,3.9988368,29.355871,4.238789,-9.584099,3.6686895,9.442472,3.4745753,-1.0602876,3.2679641,-6.324068,3.4340825,4.9548345,3.1031394,1663.2550161549714,139.54875621514137,1894.2349597489058,84.04436987155172,0.00050591317,0.0018127636,3814.799283552059,0.0096629625,0.00082333013,0.07106361477668213,0.010945906509869652
-360.74478,7.6460147,180.30884,5.9280567,-51.451004,5.049859,65.14701,4.981859,-33.65027,4.9366236,38.33765,4.5062437,-19.362438,4.417251,19.458601,4.0666757,-10.204416,3.7885098,4.72863,3.4578166,-0.87305397,3.6233034,-5.931592,3.615019,5.0137043,3.2862458,1321.915741316227,123.9905382766157,1577.9938372251638,97.60588840401212,0.00025583332,0.00022738433,2855.572523926914,0.010027243,0.0007403127,0.060132232453596286,0.008053737371168532
-346.55798,14.185036,182.4326,7.8486605,-62.551506,7.6866393,56.857765,5.156402,-43.664345,5.6766086,37.91882,4.934237,-20.79472,4.3497515,18.712456,4.2031717,-13.388923,3.726709,4.6160126,3.9603894,-2.8554919,3.7135346,-5.6050577,3.6417105,5.1940446,3.511841,1443.8678882102893,162.0338041463005,1567.2059323480773,109.32193144385151,0.00035947422,0.000388316,2964.5125457692866,0.00951455,0.0007239029,0.07910042959686775,0.012904976508441942
-389.04492,11.375948,175.5099,7.4063983,-31.890266,7.629273,60.058113,6.7329597,-23.276558,6.6979337,38.45067,5.574409,-12.824313,6.886569,23.25461,5.4733834,-6.798306,4.817618,6.8505006,4.818532,-0.61457616,4.4318953,-6.090163,4.050367,4.524964,4.054161,1148.9731225420098,141.73154692328657,1573.4953974000164,127.8915547551458,0.00017492077,0.0003171763,2507.6689045279873,0.009929834,0.00093693024,0.043069578378770304,0.009319452460118945
-364.77698,8.634072,184.33865,7.2965136,-51.317837,4.9181495,61.85722,5.19534,-29.463453,4.9226766,37.319775,5.409473,-18.006851,5.307907,19.22446,4.9909167,-10.733754,4.3481607,5.6192155,3.8238451,-0.316025,3.798761,-5.6112146,3.6791797,4.1216874,3.5574853,1255.2429333886284,147.39678679448963,1520.3597447945012,129.2968197466191,0.0002322305,0.0002469048,2645.186634462007,0.009969221,0.0007309212,0.057289778494779585,0.007715430821629868
-364.4731,7.00255,181.56926,5.771182,-48.041634,4.4092884,61.923706,4.6879177,-30.652044,4.5722365,36.383533,4.4229155,-17.540216,4.506089,17.497658,4.3129306,-10.065958,3.9850771,4.2862735,3.8564425,0.12620777,3.7408204,-4.6709347,3.7391112,5.909203,3.5767367,1262.9094762834045,106.34445006511422,1537.8421375952164,89.22525044703323,0.00023634036,0.00028085246,2705.9142641567573,0.009896553,0.0007804139,0.05592576312354988,0.007229660195074912
-362.23926,7.898531,150.58296,4.6024327,-33.609116,6.3019567,60.261738,4.5866814,-37.16226,4.8075314,50.6522,4.8527923,-19.2399,4.5480366,28.52564,4.085816,-13.366358,3.9135602,6.5046043,3.7133398,-5.124861,3.7436123,-2.0358129,3.7872171,4.1744113,3.4075127,1710.9313110452138,104.64213884539204,2037.243935801266,57.1673382121299,0.0004278739,0.0005621959,4217.959800065255,0.009213697,0.0011661681,0.07064897223027843,0.011278130286069266
-360.10257,8.494476,158.44894,5.3679485,-41.307396,5.9952254,49.226517,5.2516446,-42.554115,4.7267723,35.89131,4.387644,-23.47983,4.477074,23.259876,4.2206745,-7.642067,3.9352732,10.164289,3.806448,-1.3291475,4.3199224,-7.080623,4.2326946,2.1586761,4.121687,1608.9444830343866,106.097072760248,1818.857189598701,73.20928574876625,0.0003792735,0.0007370205,3577.909068662993,0.009397111,0.0012178891,0.07594529437354988,0.00803730460141405
-371.1749,8.343668,164.20418,4.6929364,-43.46031,6.7485437,50.28045,5.469638,-43.842163,4.8217406,40.10298,5.439328,-25.343592,4.0891685,26.819845,4.5796804,-9.486794,4.2144294,7.8791466,4.0014467,-5.0793767,3.978384,-6.1647887,3.9011524,8.637597,3.5318012,1567.6281379990025,102.85858455249554,1803.8153296650048,70.45055689866511,0.00033691892,0.00032731093,3421.2312844402554,0.008814821,0.000863579,0.076669219475058,0.008004568268906479
-367.84515,9.162287,180.84984,6.9163227,-46.59944,4.9228435,59.277855,4.8698688,-27.505474,5.516649,36.935158,5.044814,-15.330638,4.8329816,18.904512,5.052844,-9.7457695,4.0226398,5.04021,3.7282445,0.066504665,4.053066,-5.5247912,3.6268113,4.5900784,3.7986085,1233.568367651395,128.29851411801064,1530.201747304349,112.11664970159595,0.00023149145,0.00035490017,2625.601911434165,0.009922344,0.0009357064,0.05293036724187935,0.007898606162820555
-372.6967,9.4668255,170.38403,6.848689,-38.110836,6.6114707,53.887787,5.249635,-26.518915,5.5806007,35.642323,5.431862,-13.443692,5.044447,16.100399,5.178185,-10.768243,4.601948,8.04303,4.278365,4.242553,4.1888885,-1.6206298,4.3096914,7.5393133,4.0316944,1293.3962623654563,157.2617351557171,1616.7819738542676,132.71133849632213,0.00023671579,0.00046463564,2833.739554633121,0.0096248975,0.0012492964,0.05675731402262181,0.026462539646109028
-375.3553,9.127127,152.02962,4.7860594,-35.786316,7.4806128,50.547016,5.108957,-34.83432,5.1182156,34.096714,4.8910804,-17.769415,4.442045,21.5665,4.4821053,-9.119051,4.0273757,9.847829,4.3450046,3.7472746,4.174377,-1.984145,4.124041,6.3916297,3.949905,1526.0148732619675,99.9644615184776,1811.537201845838,77.12266233133276,0.00025586362,0.0003373539,3440.6911048977668,0.009820867,0.0014026918,0.05643556953306265,0.00784828111562301
-370.57855,7.6749463,168.82137,5.597175,-51.548008,6.614627,51.33799,6.020386,-45.017754,5.5535965,39.584133,4.4919696,-27.450062,5.134753,26.338923,4.2897635,-14.669897,4.2009625,6.6522627,4.0140285,1.3041704,3.8807871,3.6805983,4.1382084,13.689229,4.0832086,1567.6130816276432,99.01107223485573,1756.0393330548975,80.888350138495,0.00041747076,0.001240673,3275.5699069206785,0.008546469,0.0007520841,0.08039760368329467,0.00815843056953114
-367.1611,7.4424534,164.33437,5.178918,-46.970898,6.414644,49.51799,4.709727,-41.264427,4.7421093,39.38236,5.2198644,-25.547386,4.041407,25.59835,4.0063157,-10.2834,4.155161,5.309815,3.6806226,-4.753447,3.83278,-1.8340182,3.5760407,14.518472,4.0211315,1573.5177827033758,109.1794292782416,1772.98997008624,70.86369397391216,0.000375522,0.00060633343,3349.861955753335,0.008636297,0.0007912738,0.07978130437935035,0.008037426443232886
-367.6511,8.600415,182.62506,7.263429,-47.332108,5.3595624,60.06571,4.879336,-28.99765,5.6497207,36.96512,5.1202292,-17.068,4.9607778,19.329943,4.421917,-9.444481,4.446176,4.130149,3.9682014,-0.3291199,3.8882787,-6.129528,3.5079226,4.465604,3.7287624,1229.923086585839,126.06289748053744,1523.045112352085,118.89648045513037,0.00023747784,0.0006389327,2607.0913505111657,0.0100159785,0.00077787525,0.05387634135730859,0.007277756142246692
-374.4036,9.005424,174.03094,6.5298367,-39.57914,5.8626,58.07607,5.5708284,-28.274466,5.240816,38.660374,5.1242137,-15.345515,5.1519246,16.574343,4.7792573,-13.574051,4.5416574,6.7841105,3.8678975,1.5287981,3.8929288,-4.614603,3.9551325,5.814256,4.027591,1283.3683948859182,139.88099913122713,1617.1817613382373,127.05010896522953,0.00023591996,0.0003494765,2808.1844887434745,0.009509768,0.00082326645,0.056514872752320186,0.019449174500529232
-332.89145,4.9417233,136.2864,4.9779716,-97.32462,3.8232439,78.45668,3.8630452,-57.6503,4.369538,51.176014,3.972862,-33.39867,3.9484024,32.12111,4.2237124,-16.52239,3.9568048,9.291949,3.492649,-1.7630972,3.4272003,-7.6242085,3.436181,10.906324,3.5936205,2498.8946587051246,71.74213710368268,1895.2418561416064,35.74325462115571,0.0016405605,0.0030341907,4724.314820185615,0.007015988,0.00040112186,0.19121252356438515,0.010803015815022929
-337.88596,19.491821,154.97046,11.527453,-60.44082,9.510138,74.329605,6.134272,-37.372787,6.070582,37.309223,5.724182,-24.994305,6.1259365,28.478765,6.536137,-17.019636,5.6189413,8.201048,4.5659437,-1.7985338,3.8884916,-4.5666385,3.8713098,4.785096,3.5280948,1859.1834215143137,291.20246173199007,1867.6800006832923,151.6810237647257,0.00069543027,0.0009774519,3860.0889555539443,0.00890724,0.00094420067,0.10718396534222738,0.029511750973376237
-347.5564,24.495272,125.079926,14.52625,-73.5848,9.798515,61.56561,7.6639776,-45.49911,8.06905,45.4103,8.100463,-19.186077,5.881174,31.583246,5.9857163,-14.698204,5.6591187,-3.1590016,4.7407084,-1.6562271,3.8891315,1.2025664,4.884268,15.957664,5.400978,2378.353962119861,335.6641689134671,1928.5540551318693,131.58973553027897,0.0009790806,0.0019493279,4735.95573974043,0.0075676334,0.002216208,0.16542538246809746,0.03401135413331909
-360.1531,7.1081057,180.93979,6.141476,-51.656105,5.2307477,62.477135,4.665028,-31.790293,4.614658,38.3014,3.9826972,-17.696829,4.6194477,17.841112,4.412699,-9.885153,3.6800752,4.6993484,3.6069713,-0.11950671,3.4783723,-5.3194947,3.4470649,5.0664277,3.3210497,1298.0124729652955,94.67868358135588,1552.5241309699397,87.76686352673293,0.00032287353,0.0012846849,2776.9588461608178,0.009951847,0.000787911,0.05943323122099768,0.008138456126358475
-375.00574,9.69884,173.75508,7.316228,-41.830055,7.370977,55.06038,5.7701406,-26.681257,5.746789,40.95851,5.86892,-8.619763,5.549953,24.894524,5.3005085,-6.451851,4.840973,5.2938356,4.236863,0.22270215,4.4539657,-3.2225535,4.0840883,5.5555444,4.0266,1253.4116330219106,139.3922551087552,1585.4085265432313,119.98178439803927,0.0002509513,0.00067268923,2677.9860494308296,0.009725282,0.0010349435,0.05189262797273782,0.010234983978163328
-363.2228,7.323809,178.79396,5.3351736,-50.453712,4.807413,64.23925,4.4076476,-30.340052,4.524124,38.636982,4.4656425,-17.452501,4.2287908,20.123955,4.1470757,-8.281667,4.173644,5.5475974,3.8258924,0.4380009,3.4160824,-4.7285995,3.383501,5.5503592,3.5191593,1293.4677433965176,105.45597500969478,1572.1284862902705,83.38074500848826,0.00024681026,0.00022980939,2800.2157047563805,0.009935243,0.000743235,0.05735661977958237,0.008001368322820515
-359.71988,6.432411,178.34375,5.1508765,-49.3727,4.6000752,62.12095,4.1768026,-29.961456,4.059567,37.156776,4.2199106,-18.028355,4.3780465,17.390768,4.3247657,-9.574274,3.8947015,5.3276267,3.5340247,0.6708946,3.5018973,-5.0087323,3.7096264,5.1412697,3.3083053,1301.6942875438249,102.23534227287001,1566.3836945273692,82.83748299392505,0.00024521977,0.0002185393,2798.517029799884,0.010050247,0.00077093224,0.05793440037703016,0.007964115795349823
-379.71512,10.20512,167.17838,7.21804,-31.107607,6.9064293,50.567314,6.2012796,-21.682446,5.181554,33.265507,5.9801545,-10.14768,6.160312,16.160292,5.3539586,-7.516735,4.799519,7.376894,4.1684,2.6777177,4.2450233,-3.328983,4.3997293,6.3263035,4.5677967,1244.3717681468047,153.64526255888597,1597.2239717404937,127.22062575480619,0.00020660668,0.0001564707,2691.1257998296114,0.009360776,0.0020456254,0.051201557062064966,0.015245500391609428
-363.54663,8.355947,183.11823,5.587775,-49.913418,5.4696736,61.613842,4.798187,-30.444433,4.577722,36.98297,4.4746313,-18.359644,4.349896,18.646059,4.4114137,-9.254674,3.6706047,6.4048204,3.6740973,1.097209,3.6844213,-4.3591404,4.0388193,6.4255104,3.6838,1252.1943531282666,102.56869243370028,1527.5279619308671,82.63319827412343,0.0002469191,0.00043416096,2654.929034947796,0.0099808425,0.00083325687,0.05714589979698376,0.008115362577390126
-357.05618,6.504019,165.96024,5.630146,-50.400772,4.7068143,60.947216,4.5308857,-33.805374,4.984181,48.312813,4.6562033,-15.31956,4.215991,26.232306,3.8010814,-13.083152,3.615404,3.8694742,3.7651699,-0.5326282,3.3593667,-1.570379,3.2408597,8.935626,3.507466,1502.5136223813638,128.12080573953114,1754.0807104705252,88.80559672496712,0.0003570624,0.0003366426,3335.3482770809164,0.009422043,0.0007340405,0.06862900594547564,0.010589671058749599
-366.29007,7.094418,170.83507,5.2332034,-51.786625,5.078971,50.763115,5.182627,-46.03726,4.8141575,40.629753,3.8757257,-26.731554,4.1538634,26.487656,3.7708979,-14.337453,4.026294,4.245645,3.504033,-1.6706834,3.7632387,1.4681281,3.645689,12.759677,3.9723792,1553.7601390563964,100.9282528960991,1739.6725656136232,69.21601922917058,0.0003723487,0.0003172498,3222.9359637833527,0.008522525,0.00076618604,0.08244249383700696,0.007847727202662177
-341.73425,6.0627384,161.7387,5.5722837,-67.060875,4.3230157,76.65334,4.470178,-43.936028,4.4995766,45.59888,4.354221,-24.738585,3.9953053,22.099955,3.9755588,-8.440492,4.119926,0.14173727,3.4302652,-3.4697146,4.228637,-1.19794,3.3721144,10.791643,3.6083078,1801.0618765865638,110.17634024018766,1785.772585182461,69.67154865843331,0.0006053219,0.0014053872,3916.220170660528,0.0089563,0.0006017585,0.10760880401682135,0.01161633727162329
-367.3448,7.5343966,164.82642,4.9223695,-40.572777,6.3617873,49.977184,5.217842,-39.480354,5.152094,40.18161,4.493968,-21.965136,4.51575,27.968914,4.1218295,-7.4167633,3.94347,7.9395266,3.852763,-6.237135,3.8906786,-7.5865593,4.093194,7.344534,3.8326893,1508.1778156080043,94.50855138979124,1782.2257030507863,69.0127711992844,0.00036915802,0.0010583305,3261.1561503045245,0.009095307,0.00091851765,0.07267007141821345,0.007525904243625706
-375.3363,7.8970795,160.353,5.57557,-36.67171,6.759695,54.059525,5.87246,-38.564976,5.631092,37.182972,4.9097233,-23.540522,4.966256,23.18323,4.4242315,-10.604078,3.9103854,9.820958,3.9671874,3.894325,3.9936924,-0.63360214,3.821986,4.69908,3.7648423,1502.2841052285157,124.87334446076642,1810.9411843572245,82.6022667793756,0.00027889883,0.00047605156,3376.4162422056265,0.009656723,0.001268513,0.05822555648201856,0.008632072877190181
-345.6858,7.26953,153.40266,5.114133,-53.159485,4.9501057,69.424355,4.5821204,-33.563313,4.4475355,48.467537,3.5207427,-23.444891,3.6148815,28.275822,3.3390684,-10.063797,3.3427467,9.532277,3.2066119,1.2406958,3.4821248,-4.238929,3.2959838,6.8005533,3.0434687,1752.3774476193055,133.489934409256,1915.9337170016654,72.19771333148883,0.00050996523,0.00043760496,3960.685485698231,0.009376285,0.0008606193,0.08374986405162413,0.011709389954066831
-364.3523,8.028222,163.29185,5.123952,-36.57337,6.0954757,47.727604,5.469,-41.732002,4.7068763,35.339115,4.3801064,-24.761513,4.6082783,25.220755,3.92034,-6.4683003,4.39643,10.282812,3.9129004,-2.6643288,3.899396,-6.5383844,3.7527564,4.982781,3.6755152,1523.7367156216212,113.21775981302402,1793.8309842955732,74.8657977840366,0.00033872985,0.0006327314,3321.5340528023494,0.009298856,0.001042776,0.0738222339037123,0.00780916349894905
-374.13028,9.409592,171.70273,5.6719203,-40.02866,6.780004,50.586586,5.515654,-24.59892,4.770669,36.755264,4.9624014,-7.7911253,4.5879817,19.476988,4.956632,-7.9708457,4.179275,3.1699448,4.4048944,-0.38015187,4.148454,-2.5372708,3.8629787,5.25888,3.4392445,1255.2431973065666,120.82073922355634,1560.9597673710996,89.8955257284863,0.00022401533,0.00032319373,2645.8611083417923,0.009540244,0.0013187426,0.051117722230278426,0.00987609096654448
-381.37842,11.283382,174.06898,6.528959,-35.241325,6.916661,58.85687,6.498058,-26.475574,5.690466,38.95881,6.2986045,-11.181574,5.432129,20.655308,5.0929165,-8.803568,4.3396955,9.561601,4.3903084,3.03453,4.3793697,-3.623364,4.3650713,6.1364684,4.2185006,1210.587205683511,149.68883063782752,1596.9151166265353,124.0576429410425,0.00019821816,0.00032297854,2658.5012484592517,0.0097537115,0.00085595116,0.049642682352088165,0.0168737856409119
-371.65628,7.8420496,168.02257,5.730759,-49.274525,5.846232,49.371174,5.970994,-43.736332,4.8712864,40.194725,4.062454,-25.078402,4.158868,25.420528,4.1720815,-14.805761,3.555874,3.901789,3.8663971,0.49613795,3.921077,4.78119,3.7413158,13.670129,3.8461227,1548.8608812072932,115.00544280753148,1743.638593226664,72.23352507153422,0.00035879415,0.00052952464,3224.8844438805104,0.008409511,0.0007488356,0.081547500362529,0.009173397819540267
-368.0377,8.73063,182.53577,7.865101,-48.273483,5.844278,59.781567,5.952542,-28.787544,5.3415213,36.13085,4.78561,-16.613924,4.6670566,19.722527,5.0969677,-9.693992,4.4722385,4.6616726,3.874903,0.11585221,4.020632,-4.213024,4.0848846,5.2463565,3.9985235,1245.5063773953705,131.23434960533694,1522.454333643726,120.97513136688437,0.00028465808,0.0012459407,2622.654210774362,0.009875406,0.0008155894,0.05584192829176334,0.009104936034250522
-367.6155,7.44004,183.3783,6.277797,-49.276363,4.561842,59.51162,4.4916253,-28.146704,4.8461523,37.331364,5.166416,-15.819174,4.7930374,19.243237,4.4669576,-9.272029,4.122494,5.0368013,3.650876,0.5374683,3.596163,-4.9290943,3.55911,4.70106,3.4477625,1230.2137633068126,108.47629942670807,1512.0126395334435,115.34485009477153,0.00021295759,0.00017799102,2603.544117513776,0.009892417,0.0007903693,0.054209414878190254,0.006679125897011093
-375.55362,8.123747,177.19542,6.1180387,-40.50772,5.8834047,53.99768,4.4347053,-29.49508,5.357121,35.941414,5.4714546,-15.030671,4.5272436,17.192165,4.942362,-11.782294,4.0787687,5.562394,4.164265,-0.5035273,3.9368737,-4.4920387,4.4062567,8.084266,3.585779,1247.6215180519903,127.4193904341073,1565.3857830356426,115.18235854259618,0.000205692,0.00016656688,2650.707328070621,0.009536598,0.0009413752,0.055474867676914154,0.015117836686821838
-367.13785,8.910872,160.01564,5.2071333,-38.473732,6.6216793,46.89406,5.072833,-39.14646,4.9371886,35.314617,4.770993,-21.23809,4.4366436,23.536022,4.1462092,-6.374499,3.9014046,10.138033,3.6226935,-0.051035196,3.7873883,-6.1842346,3.7267942,0.21769485,3.6601806,1515.6840596596862,119.68673398573851,1763.4613093948583,82.92865499711198,0.00029480187,0.00053509214,3279.4918476290604,0.009841443,0.0017234277,0.07051868837006961,0.006510201012837093
-361.95642,7.205901,161.60437,4.141393,-39.27332,6.312724,47.373337,4.8847113,-40.502148,4.510032,36.271107,4.826584,-23.083004,4.243151,24.710987,4.6207542,-6.9927077,3.9065185,8.351329,3.7246912,-4.070194,3.765307,-9.044799,3.7435315,3.0108254,3.4862573,1547.6761952492084,88.7915891984689,1785.453336162816,66.14390208397943,0.00032400055,0.00020693887,3371.5200614486657,0.009261261,0.0012379804,0.07657178980568445,0.00703139648877786
-357.92676,5.861269,153.03404,4.49093,-54.35715,4.6113696,60.844315,4.3774085,-48.140003,3.8502452,39.9116,4.1140857,-23.830454,3.681219,31.940632,3.75977,-13.072562,3.4689083,-1.7606784,3.8905892,-6.8594656,3.5722046,-6.4552503,3.467608,8.5011015,3.3101342,1842.2361630709354,99.31535469948676,1897.5387781663112,55.761551247483055,0.00052880385,0.00035341573,4094.6310021207946,0.008267807,0.00087252766,0.09517405923723898,0.008674362674504109
-369.11588,7.359045,166.45879,4.957418,-52.49843,5.524732,50.638447,5.3718505,-42.86637,4.689961,42.25325,4.7784114,-22.466362,4.237837,28.995663,4.560632,-11.804019,3.983055,4.2846513,3.9120286,-1.6966856,3.9102647,0.51230204,4.1396985,13.023185,3.6117547,1582.6703161838539,103.8111522536616,1755.5064686174944,62.088518093960154,0.0003891364,0.0002879706,3322.1335851399363,0.0080929445,0.0007571807,0.08281635187064965,0.008454424869579782
-361.121,6.5132556,178.13153,5.3252473,-51.945847,5.1052947,64.25309,4.615627,-29.878359,4.239102,37.28164,4.123862,-16.74869,4.3734407,19.617928,4.5008783,-9.776514,4.0006466,5.5783186,3.7139673,-0.09963715,3.7622116,-5.404895,3.6385846,4.7552967,3.5961857,1315.6717360740572,99.87439476103236,1570.4576048608349,79.45462627182576,0.0002817948,0.00061737647,2837.811378425899,0.009850148,0.0007297872,0.059208916400812064,0.0078608139246741
-363.6644,6.393697,180.77934,5.4104075,-51.169792,4.418309,64.26826,4.356237,-31.418041,4.1101494,37.475063,4.307171,-18.768166,4.5208125,17.809172,4.0272603,-9.923107,4.0040417,4.6767263,3.3721006,0.5844156,3.3659034,-5.1475244,3.1685774,5.3275576,3.342734,1291.8108328578496,95.69412314771806,1552.6194751898468,75.33508513496197,0.00026124986,0.0004591887,2772.162587460122,0.0098683685,0.00067010446,0.05773954103828306,0.007592411331713708
-367.73938,7.9510665,182.63564,6.792961,-47.90251,4.5151706,60.372692,5.178744,-28.648994,4.7230515,36.867424,5.158805,-16.879194,4.628255,19.21194,4.096517,-9.847844,4.419207,5.621101,3.7480824,0.41745543,3.5139375,-5.427529,3.4565403,4.7592287,3.4010327,1236.5746144750447,121.86202026168198,1526.1227636028239,118.60899449496222,0.00023388883,0.00033734427,2629.8985598535382,0.009825808,0.0008138056,0.05528793866009281,0.0072227348710270966
-371.68512,8.185303,166.7399,5.3303857,-45.72705,6.718903,46.168232,6.1556444,-42.286175,4.34336,40.144627,5.2273283,-22.553736,3.9056876,25.554068,4.3933754,-14.432579,4.0986924,6.3177147,3.8807416,0.75074756,3.798174,4.1991777,3.821566,13.020556,3.9885356,1536.3988750337987,111.28666726874997,1755.0620757739596,74.88457663268578,0.0003570834,0.0005686718,3207.023376323231,0.008444375,0.0006766611,0.07844447868329467,0.007317890245818813
-364.8789,6.979201,178.36057,5.150046,-46.855354,5.0902205,60.04015,3.9730802,-27.180462,4.2947288,35.785526,4.0051165,-14.607355,4.3744416,18.110043,4.1488867,-7.2453384,3.9868202,4.9838505,3.1901984,-0.42300713,3.8830292,-5.1282587,3.3476143,5.0654106,3.2776866,1252.6084035556944,94.94243142953525,1538.3287028219358,86.7608105257047,0.00021845486,0.00017166407,2692.849455300174,0.009978298,0.00074767496,0.054130111658932716,0.0075097556877581715
-383.11646,10.640528,173.8912,6.3720512,-38.573273,6.0178194,65.63908,6.037197,-28.558838,5.4915867,43.07622,5.497661,-15.017809,4.669069,26.519527,4.1886177,-7.5411615,4.5240283,6.5111613,4.054168,-1.8048685,3.925134,-8.881364,3.725524,3.5593834,3.6711771,1245.9684941246953,134.60370476258248,1643.8413851333717,108.01161197085743,0.00020491525,0.00022438118,2796.2438030198664,0.009782933,0.000785052,0.04808040893271462,0.00832919936637939
-369.9294,7.2288337,176.0386,6.4051046,-51.117878,5.7618027,57.203987,5.608214,-32.87007,5.3802567,47.157944,5.3964696,-9.676112,4.315956,22.867752,4.7742205,-12.608671,4.1646276,2.3242555,3.7978787,-0.5790329,3.9821494,0.20649333,4.006062,8.897447,3.691183,1337.995815054914,129.29071504511938,1599.6306820529808,106.48001540758533,0.00027383666,0.00058548525,2847.903506108614,0.009468908,0.00078181684,0.06332928509280743,0.008859423317060085
-368.89996,7.544476,174.0995,5.2502,-49.63818,5.5153546,52.52021,5.3551717,-43.195892,4.1955194,39.97202,4.665071,-27.366226,4.21558,25.757395,3.6480093,-15.652364,4.1280346,3.339508,3.654336,-1.6367474,4.1464996,2.9531116,3.8238256,13.528916,4.0664043,1485.9954628855303,112.55821855479688,1708.9638417135598,85.54361614046717,0.0003109786,0.0002307312,3047.972443264211,0.0089147,0.00078764406,0.07532106474767981,0.008139250759520435
-370.05206,6.6156287,169.76903,5.3578534,-49.88828,5.2340574,50.89638,5.5342746,-44.32292,4.6751657,38.42328,4.6274443,-28.667093,4.0233502,25.33465,4.0711503,-13.662025,3.9761584,5.6912074,3.9978929,0.20573516,3.7835877,3.330703,3.8722346,13.267293,4.1633444,1537.2859632958541,100.23668058787732,1740.7656346467825,74.02103844286452,0.0003888842,0.001130269,3196.0319501341355,0.00870373,0.00079991214,0.0782077019286543,0.007032134070319884
-370.52625,15.687415,183.91724,7.9028583,-51.27536,10.90454,54.961452,8.962858,-29.8292,5.3319554,37.887074,6.2077003,-16.754019,4.7134404,17.315811,5.062061,-9.35432,4.3392797,5.133398,4.390399,-0.8033984,3.637178,-6.0524206,4.0741005,4.5532618,3.5320396,1259.9269322160358,111.49990347424071,1495.901236311054,126.48940137582409,0.00024061925,0.00029114546,2565.0991063660094,0.00930702,0.0014639007,0.061196028494779585,0.013536494770523207
-366.89624,6.631607,181.18573,5.5189447,-46.990723,4.9500456,62.036816,4.267751,-29.318188,4.325395,35.6479,4.1991673,-17.800945,4.0426145,17.129799,4.13826,-10.338731,3.707176,3.3809047,3.9349315,0.36526108,3.5929775,-3.8190894,3.378558,6.4359317,3.5221581,1243.769357441736,99.11745379535058,1529.7135479726599,83.84803213037405,0.00023507385,0.00041596152,2660.374787014211,0.009993824,0.0006697188,0.05404627682714617,0.007064315749887119
-360.78452,6.782596,158.24825,4.802039,-43.903004,5.4913526,56.98481,4.634885,-40.41315,4.7972608,33.94555,4.167435,-20.362932,4.1773367,30.744,4.1042757,-11.564254,3.9267201,9.995071,3.7805812,0.9335915,3.6034884,-13.547123,3.7146683,-2.07801,3.7226808,1620.6643918652535,91.51779027217533,1823.0422181993088,65.47843660568843,0.0004004461,0.0008583119,3481.15953768489,0.009303963,0.0011580868,0.07679157301334107,0.007319223949371447
-368.14175,7.6766114,163.2119,4.8628063,-40.025707,6.0586863,49.50532,4.945515,-40.332363,4.822146,38.854008,4.7246404,-20.637783,3.8549962,26.449066,4.1412125,-8.469329,3.8793228,5.9843,4.0199056,-7.233953,3.7511108,-10.385919,3.6724548,4.8201313,3.7516115,1513.2905589233392,91.85912964588648,1771.6439286221932,59.55697825780939,0.00031027634,0.0003320408,3285.437209976798,0.0091118105,0.0010015287,0.07375879132830626,0.007031855364488033
-367.4411,6.383609,174.40791,4.567036,-50.389328,4.1656237,57.778423,4.461362,-34.66091,4.444867,47.42588,3.8114104,-12.448134,4.225955,25.182335,3.8927245,-13.42712,3.57123,3.9979224,3.6181831,0.28632438,3.6054742,-0.16963084,3.7614179,9.70687,3.8126943,1371.390502791071,83.64760968665142,1646.925517941808,64.72792296922434,0.00027989986,0.0002605997,2935.0105586571926,0.009327644,0.0007391187,0.0643613598462877,0.007816810118619214
-375.7861,7.9646945,170.38622,4.9883027,-50.302715,6.0162487,47.544502,5.753956,-46.004505,5.037267,35.43271,4.8534365,-27.899317,4.784005,22.969267,4.939905,-14.534823,3.8573005,5.7897506,4.3125706,1.6395073,4.4016013,5.577157,4.2913527,14.501746,3.858709,1515.0780843980178,94.16509974386548,1696.4336588802832,71.28173219222757,0.0003262539,0.0005676698,3086.442434926044,0.008519333,0.00066034496,0.07784517292633411,0.007308357842723484
-367.8876,7.750018,184.58218,5.8533745,-47.486782,5.304014,58.829678,4.9628954,-29.099466,4.6234784,34.478905,5.0962644,-16.74204,4.9408045,18.681126,4.7005696,-8.711192,4.206101,5.556332,4.1104107,0.35985175,3.9657571,-4.912619,3.5855987,5.021515,3.8599315,1215.2570939052825,105.72324536130597,1496.761989515586,99.73730954244814,0.00021817157,0.0002988375,2561.252107199826,0.009920136,0.00080009125,0.0543940780887471,0.007052350116040584
-360.8194,6.75601,160.27716,4.7022796,-38.78202,5.8509297,51.12221,4.971874,-41.77052,4.398206,39.047184,4.0166397,-21.136162,4.173198,25.744734,4.349408,-6.8937006,3.8818643,10.715693,3.5601695,-3.374112,3.6551123,-8.082422,3.6667883,2.1128266,3.4736319,1576.1300254913292,98.36883014557493,1830.3081213530659,68.5776424564758,0.00036240945,0.0004078417,3561.0722021824245,0.009221564,0.0010881945,0.07738974586716937,0.007992253660315304
-361.94345,5.985155,178.72357,4.548825,-50.628635,4.639014,63.391945,3.8585186,-29.713665,3.9353735,37.58611,4.185634,-15.934361,4.1598616,18.881617,4.0418086,-8.893503,3.716388,3.8951838,3.8804865,-0.1791326,3.2901804,-5.7327967,3.19362,4.146559,3.317369,1293.535086172818,91.01716489364385,1555.5176343909886,70.77067006478858,0.00023242304,0.0001219705,2789.948713475203,0.009960736,0.0007317292,0.05828333454176334,0.008320311175114212
-353.81766,5.710005,147.24321,4.3529015,-40.744713,4.892135,58.22262,4.157995,-42.062748,4.014701,34.538166,4.124596,-26.432674,3.7692416,27.25778,3.7465153,-4.135404,3.595635,3.3961797,3.5271432,-1.9069595,3.6634457,-6.3781433,3.6345549,-5.1346793,3.608171,1794.5794786073595,92.63619637873013,1934.9508796417006,57.5887338792344,0.00047023743,0.00083733373,4203.920751160093,0.00926129,0.0013026064,0.08430385368329467,0.008601950930605192
-362.32605,14.620291,148.7835,7.7743206,-35.118073,10.407787,63.503544,6.041162,-29.66451,5.100468,43.6446,4.643501,-16.378664,4.897496,25.84605,4.513628,-6.1125736,4.071583,9.529451,4.069695,0.792464,3.5352237,-3.8187246,3.5740294,7.331609,3.6338012,1608.0004802619787,200.70759602394278,1914.8716414164892,101.78564398106238,0.00051569584,0.002167567,3808.92886274652,0.009409279,0.0013464115,0.06518611332656613,0.01705340228240659
-362.8872,6.712302,179.01392,5.2321186,-51.516315,4.085181,63.901276,4.057413,-30.580044,4.555194,38.716652,4.143804,-17.122314,4.4864817,18.952513,4.013005,-8.635156,4.0166736,4.2761965,3.4390569,-0.46990797,3.4973123,-5.942854,3.3072329,3.8452108,3.4182038,1303.9969016722714,99.46140763642867,1565.040146439384,80.49557062169302,0.0002604358,0.00045692522,2811.456936086137,0.009873849,0.0007642167,0.058002374564965195,0.007810297132544806
-387.85443,11.069148,171.71599,6.964884,-31.428143,7.344095,61.014412,6.938751,-23.530539,6.204442,38.135952,5.780236,-12.200574,5.766389,20.809494,5.530923,-6.3621845,4.7687364,9.533439,5.016945,1.3099455,4.067737,-5.4019976,4.4338145,4.7483845,4.124467,1192.105572883128,155.5380685917378,1608.9825729826453,133.94157301752244,0.00018031121,0.00022350764,2649.4832828813805,0.009810804,0.0010695994,0.046117087804524365,0.013585472521912495
-390.96542,14.255199,172.36829,8.71268,-26.438234,9.567982,56.121475,7.5785794,-23.458694,7.25713,34.88791,6.8541875,-9.773997,6.119502,20.326738,5.8622246,-5.8593016,5.1253414,7.0594473,4.8575478,2.870397,4.5728784,-3.2052424,4.340087,5.9669485,4.511545,1144.151620070407,185.92405536875438,1571.2376734359873,144.08054982614516,0.00017787288,0.00034023763,2493.9046412775524,0.009934613,0.0013236902,0.04058965342227378,0.01066035781929552
-370.73804,7.4118443,170.79733,4.2229133,-47.786217,5.7626133,47.343517,4.9549356,-43.575596,4.266936,39.00965,4.622906,-25.275042,4.0465474,25.385948,3.9940305,-14.067922,3.403789,3.7932174,3.72199,-1.4069955,4.03209,3.3908243,3.9197636,13.053695,3.556905,1505.474368176639,84.79951082600785,1718.6196958893397,63.5198579504618,0.00033540046,0.00032615438,3075.825716447941,0.0084889075,0.0007705075,0.07917180249419954,0.007698989804407424
-360.51196,6.988274,180.6697,6.286967,-51.123905,4.5424767,63.314674,4.6168733,-31.706364,4.7283525,37.878788,4.556758,-18.487404,4.624571,17.906693,4.3237185,-10.478346,4.205116,5.309447,3.589685,1.2708791,3.4879632,-4.508473,3.5527706,5.097083,3.6346204,1293.1049247883466,104.71252163364119,1557.9727618516483,98.75861570972592,0.0002621962,0.00045124703,2781.954948974043,0.010098594,0.0008108296,0.05923837188225058,0.008542528342924832
-362.3399,7.058274,180.04057,5.991336,-50.5896,4.6464586,62.691936,4.3559237,-31.12064,4.485478,37.755394,4.376366,-17.244831,4.429654,19.155033,4.388436,-9.476256,3.9374087,4.08577,3.6288397,0.08282507,3.359535,-4.0360403,3.5542955,5.8248763,3.1337292,1295.5117602427022,112.66485672969684,1556.7365785257582,93.18973353969356,0.00024850588,0.00029394226,2779.931527334687,0.00991857,0.00078589143,0.05822895519141531,0.008514170819180295
-337.98264,7.77963,152.67111,4.70483,-86.72165,4.5852675,65.183525,4.005419,-57.599976,4.241379,41.933517,3.8971052,-34.89469,4.0928326,21.894487,3.9280417,-21.994036,3.449365,2.9968815,3.2695272,-3.2519264,3.2506938,-5.718939,3.186372,7.350691,3.3129125,2093.481291816204,84.90998711723209,1805.1069475610188,52.66743688878774,0.0008719263,0.00072383083,4149.488211010006,0.007908165,0.0006173466,0.14039388776102088,0.010618854137798906
-364.83966,8.046675,181.74051,6.8644457,-48.68582,5.450554,60.56796,5.095603,-28.124678,5.468257,33.759037,5.2251883,-15.590985,5.735935,17.921556,4.9075875,-10.314558,3.7879896,3.9129274,4.044775,0.7018013,3.5946023,-4.1712794,3.493739,6.0111637,3.624156,1251.432020772099,127.82562073139356,1512.5628637868847,109.5360481075133,0.00023882958,0.00044299575,2675.5129785382833,0.009838988,0.00076717214,0.056314348897911835,0.00928719342281972
-373.81778,6.6318645,169.46167,4.9038734,-50.229633,5.4356494,50.433224,4.7801785,-41.936127,4.1253285,43.977543,4.56405,-21.741777,4.023874,29.46028,4.365587,-12.099854,4.152802,4.259607,3.9891038,-3.080358,3.6821744,1.7947253,3.7106462,13.058182,3.6336563,1526.377546959246,100.74845553570897,1746.195303403371,66.03918603377464,0.0003434244,0.00014642919,3196.081911162268,0.008160126,0.00080399413,0.07819977160672854,0.008414981787243474
-372.83643,8.381491,173.62695,5.46294,-40.55304,6.267594,54.060623,5.6250324,-27.468428,5.1309285,38.928772,4.6224737,-7.321687,4.8920555,22.918367,4.4947033,-8.315162,4.331858,4.3593636,3.948413,0.2717698,3.6907773,-1.1805903,3.822542,6.396181,3.9507425,1248.2514524682604,113.2167294671115,1576.7691633683514,84.45902420812035,0.00021488377,0.00022142724,2676.4122770446634,0.0097288275,0.001031898,0.05207842408642691,0.00826311602146513
-365.03183,7.3884516,158.97762,4.9040093,-34.46616,6.1146874,45.226826,4.650021,-36.560818,4.213254,34.502617,4.289065,-19.446718,4.421832,23.612259,4.1873507,-7.4472847,4.007454,4.69262,4.063743,-7.5464187,3.7057846,-10.369206,3.683013,4.1626697,3.4541318,1506.3037242207874,97.1636758015771,1771.080812468616,65.97995360234844,0.00031426334,0.0003960369,3263.654201711137,0.009112561,0.0010823979,0.0722678908062645,0.008093025611603718
-362.66763,8.007877,155.38182,5.7511163,-40.810566,6.130635,54.73312,5.2140646,-40.724613,5.4113417,33.69601,4.995757,-18.708717,4.7183824,21.874815,4.6528945,-7.245416,3.5503368,13.491095,4.619419,-1.5805527,3.8588161,-8.88286,4.022401,-0.28912228,3.6954134,1604.2122885080507,108.36741348643534,1804.7456034157128,77.42756824968389,0.00043260312,0.0018244935,3587.401664008121,0.009561157,0.0012242097,0.0760687808149652,0.008726016475806892
-375.50262,7.669028,173.05861,6.179608,-45.827354,5.0045357,55.589924,5.3976817,-28.96312,5.353154,43.628128,4.68041,-8.529445,4.533672,22.636927,4.395985,-8.686251,4.15782,5.147307,3.8613572,1.2463331,3.982066,-0.13943261,3.5895903,8.48141,3.5268958,1295.270330077947,118.2300346097448,1603.8994011955667,95.77247598486247,0.00024584474,0.00049984,2793.8706541835845,0.009546603,0.000867408,0.05114604480858469,0.00977919437610719
-359.43243,6.2801647,163.94734,4.422266,-48.938263,4.2912283,55.253326,4.4918156,-29.098284,4.250082,42.79353,3.6967344,-14.307449,3.9234915,25.455523,4.113083,-7.884154,3.5751305,7.190255,3.2459235,-0.49906918,3.7163463,-7.282104,3.3430293,3.8931882,3.3388524,1469.466209297862,92.02953960914276,1701.0936138099876,60.91921160861866,0.00033498392,0.00041450738,3129.1341334650524,0.009225416,0.0008798509,0.06933027298433875,0.00934435864977079
-331.48587,10.144309,151.28175,4.8381295,-86.32932,7.6419897,67.09195,4.7396245,-47.86804,4.633691,40.0117,4.314053,-38.143944,3.6365314,20.821575,3.6441977,-15.447659,3.3829253,3.7654784,3.252974,0.21631387,3.608587,-4.803826,3.1465764,7.0328727,3.1861415,2062.51611725114,99.53119984705825,1779.0177312456651,59.62590801224628,0.0008908471,0.0011374538,4064.954151410238,0.008150708,0.0008192112,0.1364275938950116,0.015246445695595839
-365.32083,6.4760337,179.46034,5.1137667,-46.315056,4.308676,60.74351,4.2332335,-27.880291,4.74401,35.570118,4.1438527,-16.14757,4.172301,16.533787,4.4315257,-9.229232,3.7312095,3.7998896,3.9473603,-0.7238268,3.4409397,-5.7848163,3.2531896,4.936578,3.1521342,1247.3707503518085,91.35554920020763,1533.0337224828263,84.16351691347488,0.0002164115,0.00018666696,2679.6597438732597,0.009980524,0.00076624606,0.05442466647331787,0.00712825279603424
-366.53122,8.630938,180.4463,6.6723967,-45.30924,5.897438,57.868675,5.574766,-26.13848,4.4593267,34.299126,4.81256,-14.566592,4.92199,17.912737,5.1049943,-9.182907,4.462234,4.835106,4.019324,0.6693223,3.582698,-3.6313827,3.5628865,6.285121,3.5607996,1222.5187746878446,120.51530469998208,1514.8574777020892,105.60965273726544,0.0002613842,0.0010080624,2588.405925989704,0.010008233,0.0008545415,0.05305045497389791,0.007641775185408835
-361.81146,7.6148043,151.00249,4.845516,-31.112682,6.883332,52.6019,5.288558,-37.115917,5.0193973,36.723816,4.822114,-22.639574,4.1188927,22.048456,3.8850737,-9.740775,3.8776078,9.855044,3.992703,4.755336,3.9552624,3.5531378,3.8281248,10.379177,3.6881018,1600.2458972741974,110.38741186507245,1901.9108254389191,68.62969500466966,0.00030766553,0.0005260298,3761.690710647477,0.010496762,0.0016371835,0.06571178037993039,0.0077727880379878465
-390.20316,13.5847645,173.58012,9.128465,-28.37863,8.878987,55.98103,7.431428,-22.48527,7.1651874,34.696754,6.2895494,-10.12046,5.8530765,21.4334,4.847258,-6.0785503,4.969402,5.3544188,5.1499557,-1.1987576,4.755577,-5.4630256,4.1328793,5.054614,4.3673434,1144.5026210155597,195.01974569636616,1553.388578365724,155.7736879270503,0.0002482001,0.0013696218,2479.141157464472,0.009824615,0.0012024823,0.041488045606148494,0.009984694172948541
-339.19565,21.903011,153.70245,5.235995,-89.761444,7.14702,59.954483,5.096127,-56.477833,6.8995576,34.10212,4.784186,-38.020473,6.144322,21.512833,4.701482,-14.062291,4.341028,6.7468643,4.018829,-4.4722295,3.7555919,-6.280912,3.9541764,6.20546,3.5068038,2037.31116478931,93.83655458298773,1746.697003865795,60.92008684872238,0.00089451805,0.0012893936,3968.454425572796,0.0078302985,0.0015819233,0.13446427276682135,0.012862100775848696
-370.38507,7.052534,171.77605,5.3622746,-49.691444,5.6627502,51.14361,5.191871,-44.55257,5.1054697,40.26011,4.6691837,-26.651295,4.40466,26.96817,4.4094067,-15.299914,4.092008,3.8562198,3.8963008,-1.2453972,3.8602874,3.3343132,4.1322865,13.932688,3.7348022,1523.1083158544814,108.11797696663182,1734.2492944048229,71.97298606802839,0.0003765849,0.0007603908,3144.1224419047276,0.008530955,0.00068226986,0.08006566306554525,0.008561251450544037
-393.8531,18.160969,167.32416,10.81371,-35.543068,9.0718155,51.856236,8.494732,-22.125883,7.5700912,36.403496,6.5316715,-7.824382,6.958848,23.871975,7.2265773,-4.5772934,5.763585,5.725917,5.428695,1.1476493,5.5643935,-5.004389,4.696649,4.534249,4.719036,1254.2483980690974,219.25634675046032,1591.2215374001823,150.72492525871183,0.0002250997,0.00025699413,2682.682386075261,0.009266963,0.0030253653,0.05132957511600928,0.01724017399191788
-368.93195,11.796152,168.51273,7.20264,-43.21597,6.8888893,48.954857,6.4398375,-25.899942,5.796239,39.726517,4.9662237,-5.0577044,4.809964,20.419466,5.1806426,-7.869016,4.5214624,3.044131,4.1280494,-0.12811732,4.3120804,-1.2167429,4.823454,6.8215795,4.5318975,1322.0083157206186,136.0931619105514,1589.5787335864472,105.22986402781804,0.00029308198,0.0006319006,2792.4967259099476,0.009237815,0.00236161,0.0608289678799304,0.01161174844855338
-368.16415,6.5390954,175.3233,5.3240266,-51.213375,5.0029154,56.964993,4.37544,-32.594055,4.2731886,46.28087,4.5244274,-10.28516,4.514934,22.602224,4.1664596,-12.466754,3.864378,2.7950137,3.8559341,-0.55536014,3.4925656,-0.24714312,3.5527682,8.850429,3.5978346,1347.0342530584294,106.17048086606232,1606.666168042216,87.15788600564021,0.00025883887,0.0001760362,2870.9605205916473,0.009324326,0.0007409051,0.0626030941850348,0.008458776608808222
-358.9737,9.53968,157.99655,5.065361,-42.867752,6.2918544,57.259975,5.82283,-37.40386,5.010046,43.454384,4.5758867,-22.992304,5.3088565,23.93997,4.2500415,-11.845397,4.2080164,8.684354,4.2263994,-4.9717503,4.0882697,-6.846851,3.5650826,2.1012955,4.1438093,1638.7753597545782,123.6722710401559,1878.749508527394,58.88935387265864,0.00045342953,0.0009207381,3708.881903911688,0.008896273,0.0010218589,0.07561448665893271,0.012760686256480544
-362.44028,6.6331344,182.8807,5.5832095,-50.42323,4.117458,66.379814,4.0839906,-34.715183,4.238865,36.769814,4.6397166,-20.214985,4.7473063,18.525888,4.3626537,-11.281299,4.180368,4.978201,3.6500282,-0.41171998,3.6255295,-4.7720895,3.4329531,6.156795,3.2353518,1287.2286983321483,102.79771063989669,1561.7140156483415,91.11081681938116,0.0002435581,0.00024286984,2801.489710973753,0.010009877,0.0007386593,0.05851218097447796,0.007145725236240439
-369.70645,7.2082677,165.83875,5.2596817,-48.432125,5.4828205,47.64811,4.91241,-42.413116,4.6303525,37.880695,4.37483,-24.166077,4.3495874,25.285254,3.8189366,-12.667947,3.735743,4.419861,4.219139,0.97441494,4.124284,4.727114,3.706197,12.399528,3.2457192,1559.5341139508237,101.21266800678401,1739.715850235281,70.74438580149831,0.00038996976,0.00067790376,3237.2497983432427,0.008344009,0.0009098063,0.082510468024942,0.0076669053536166975
-349.7608,5.177506,146.06107,4.388849,-47.647915,5.316799,60.03163,4.9940763,-46.428055,3.968131,34.54932,3.7397878,-25.003395,3.6665523,31.669926,3.7439067,-9.416787,3.6245062,1.0274466,3.2348542,-3.2819672,3.1097052,-8.386565,3.4323432,4.058459,3.1737142,1905.5664546025296,106.8532627371566,1950.4977013385183,55.43573008530731,0.00061566854,0.0009971143,4303.667943826131,0.00844252,0.0010018381,0.09886619054524362,0.009960898087200803
-364.35977,6.3057604,161.79149,4.6771336,-43.197628,5.644708,54.31935,4.781414,-43.73491,4.56506,34.388584,4.341841,-24.660997,4.252662,26.505066,4.340785,-12.508982,3.9178562,7.8313007,3.6180294,-2.6880226,3.8607826,-14.190217,3.867078,-0.9464512,3.6853888,1601.8705467538073,101.86184322332325,1804.3395908390048,61.441491943781976,0.00035527901,0.00021360458,3454.9799589435906,0.008913704,0.0010867385,0.07906644250290024,0.007356614985294419
-356.522,7.6704106,152.56232,4.740248,-30.233374,6.0054235,47.6019,5.109655,-37.23455,4.4171033,29.18912,4.7165265,-22.685375,4.4130993,17.923288,3.8636189,-8.62294,3.658064,6.2969146,3.306748,2.4954185,3.775366,1.966415,4.05057,7.7918143,3.6028657,1557.5884347445324,113.83487400357498,1822.0727081299924,69.12058180316862,0.00030115337,0.0003849795,3535.4421947505803,0.01054589,0.002109249,0.06658071708236658,0.009480822902288317
-339.40015,12.64999,140.8161,9.256377,-85.057816,5.311926,81.46465,6.2757883,-66.980385,5.968566,43.824635,5.180351,-31.713179,4.241123,33.107582,4.1117916,-21.622047,4.376956,9.201914,4.4457407,-3.9176776,3.678023,-10.5771055,3.6845686,8.94192,3.9933548,2473.832194841234,234.46520441182716,1958.292883999384,72.9962294000947,0.0015336857,0.0030045968,4755.790267908933,0.0070270346,0.00077365345,0.1873210013051044,0.03396520398788422
-365.10278,7.522077,163.74776,5.5110407,-39.4731,5.609585,50.050465,5.4108777,-42.134052,4.573734,38.223335,4.4849324,-22.65713,4.156928,26.758158,3.869304,-7.315475,3.601708,7.305506,3.6836774,-6.882312,3.887881,-9.198561,3.6980574,5.371857,3.5738707,1529.1122063138982,120.30855890081111,1786.4567356067682,77.32736319666232,0.00034378804,0.0006787646,3339.9446916690836,0.009259229,0.0009015386,0.07526215378480279,0.007763023935454995
-364.7006,7.1480107,161.5791,4.5901384,-36.375916,5.942082,47.090958,5.4777527,-40.308956,4.5846577,36.412613,4.3401194,-22.484577,4.232416,25.080091,4.447304,-6.8960557,3.9507396,7.099458,3.7680085,-6.356279,3.679214,-9.295171,3.8309696,3.4837375,3.6441872,1521.6843884841117,96.2830523751037,1790.515511958154,62.98079229978124,0.0003375034,0.00072212366,3323.282688786978,0.009372152,0.0009750433,0.07466737964037123,0.007530859023563711
-369.81372,7.909189,183.77472,5.9607286,-47.788055,5.01865,60.847942,4.8002324,-27.832716,4.7532516,36.270153,4.4628224,-17.668533,4.501946,17.125935,4.796321,-10.431333,4.1281157,3.9784384,4.193826,0.17238952,3.6569612,-5.0165043,3.6556983,5.3065505,3.6619706,1216.4013796758131,110.83896734689213,1501.993295700647,98.7259245746116,0.00019851513,0.00013819241,2564.424632486224,0.009994801,0.0007734273,0.05335633881960557,0.007495648424057606
-364.7529,6.090712,181.29013,5.760918,-50.135414,4.7699094,61.766567,4.7028923,-28.71577,4.3835926,37.049267,4.4156485,-15.903742,3.991417,17.252323,4.4060206,-8.858613,4.0044,5.3142943,3.5859854,0.98600173,3.628724,-5.2240767,3.292319,4.048169,3.2557995,1257.2600360470265,97.0581450936985,1525.0249230801417,84.8411102980518,0.00023878257,0.0003677493,2684.356080517691,0.0099139195,0.00082589255,0.0556640625,0.008320317499664904
-367.27115,6.997112,160.46942,4.2661805,-43.339054,5.4096107,49.265606,4.9416685,-40.926388,4.3892665,37.83192,4.6950445,-23.744204,4.1197896,26.702898,4.487138,-8.500178,3.7704697,7.116335,3.7594044,-5.9851093,3.886835,-7.4028254,3.6727653,8.60456,3.8271577,1590.7713840998754,87.92284668391287,1808.9629346187571,60.32633689748152,0.00036897205,0.0006280385,3466.620878498405,0.0088705635,0.0011900214,0.07779079357598608,0.008990890704578019
-366.07162,7.0137877,181.3205,6.003224,-49.088394,5.4283404,62.82181,5.230772,-28.704044,4.900978,36.588287,4.1379733,-17.714842,4.3544908,17.657043,4.108469,-9.141684,3.6843739,5.032257,3.8973033,0.5211902,3.4432025,-5.3384595,3.538483,4.616879,3.528997,1253.1116348004266,94.14079646450917,1530.4048957944135,84.06099717576485,0.00026372407,0.0008469111,2673.489556898927,0.01000228,0.00069786154,0.05578415023201856,0.008143650825101555
-337.67758,11.181494,159.45273,5.3707166,-81.132614,6.110306,76.37461,4.733668,-37.98322,4.357269,36.56853,3.5243192,-23.826368,3.8199754,25.565603,3.5361984,-11.2789545,4.2838917,7.3843975,3.878236,-0.049575664,3.3395097,-6.0091968,3.3214905,7.720728,3.2980556,1859.2654873261556,107.6047209985823,1691.1769126844622,53.35636547388458,0.0006725545,0.00069096935,3598.81775893634,0.008354161,0.0007676278,0.11873164696925755,0.015632479461191996
-371.84433,7.350449,172.97955,5.115658,-50.265953,6.4308443,49.74962,5.6048775,-45.300182,5.11715,38.347927,5.1824913,-26.914421,4.2167306,25.765396,4.183192,-14.481439,4.0602126,4.4595575,3.9418094,-1.5294251,4.0204024,4.3239512,3.9193964,13.972518,3.727207,1499.2588889867063,92.44268568258418,1703.3230820724712,62.53704215815926,0.00034630534,0.0006386567,3053.568078415023,0.008656639,0.0007239519,0.07816351870649652,0.008324150064521306
-356.37448,9.318323,148.07516,4.979875,-32.865948,5.60263,63.479893,4.727008,-24.75278,4.418056,37.805813,4.6347985,-11.507391,4.0018425,24.200842,3.8497024,-3.5438335,3.7285097,5.767134,3.883119,-0.55208635,3.494327,-4.2949266,3.595134,8.617996,3.5148785,1520.326881334334,124.91981441521654,1840.0825097793024,65.50147673992831,0.00032197073,0.00032808812,3585.4282033968966,0.010160666,0.0020172053,0.05926442865429234,0.01061503538210456
-360.1031,7.507671,181.01022,5.350028,-48.502285,5.182869,63.38504,4.1330814,-32.3565,4.6429996,33.81115,4.598827,-18.314814,4.5555806,17.007547,4.400109,-10.347824,4.0522037,4.506279,3.7012641,-0.26551172,3.800468,-4.8451943,3.2702472,6.175865,3.2919316,1277.7819581827932,93.4347390215403,1541.8301236708164,77.64527086300134,0.00024124952,0.0002610861,2760.471706877175,0.010056662,0.0008273329,0.05836943517981438,0.00806869151868625
-366.34534,7.4096894,181.34369,5.5355415,-49.39612,4.617657,63.208385,4.392548,-29.885199,4.456008,36.88957,4.7558985,-17.160076,4.1687365,17.68177,4.67154,-10.402416,3.8475573,4.2049003,3.9720433,-0.035595573,3.6312773,-4.5369554,3.314304,5.616718,3.2701755,1262.8160739991868,103.6778515502583,1536.3096278838725,89.83049729189916,0.00022061224,0.0001691114,2715.331917959687,0.009979721,0.0007349471,0.05417429488109049,0.007351955477090448
-383.55133,11.708895,174.54456,6.2277427,-36.528168,6.341508,56.61032,5.368088,-26.988993,6.0924726,37.47999,6.0136023,-11.690613,5.119355,20.104815,5.2620964,-8.159352,4.857674,7.4196534,4.186993,0.56896394,4.0264096,-3.8669677,3.8105779,6.875199,3.7616017,1212.637427238231,138.49886403557107,1581.1336585453273,118.332037615861,0.00018745099,0.0002059714,2658.1015602341936,0.009691893,0.0014276567,0.047638576711136894,0.012376358670346374
-317.0126,4.9022474,128.48004,4.1815476,-55.307533,3.5674665,72.60837,3.723945,-46.94024,3.858975,42.752975,3.3339145,-28.001244,3.3361478,23.537897,3.1793187,-13.068722,3.3351247,5.8254085,3.261713,-3.260756,3.147182,-7.7957683,2.945108,6.5793066,3.1928525,2375.583725493767,97.10212377452281,2091.1589598151036,31.493117809184692,0.0012626036,0.0017525688,4966.600826112964,0.008309663,0.00090363703,0.15329198992169374,0.014616786810027463
-368.9552,7.8818707,185.31538,6.941168,-48.87407,5.2904925,60.426125,4.1730556,-28.208374,5.455905,36.842827,4.8833866,-16.87551,4.9809136,17.746994,4.4077015,-10.551601,3.983753,3.9784734,3.839267,-0.58705044,3.6063008,-6.16243,3.8001618,4.514458,3.5693667,1209.6104470549656,115.29579329111111,1493.2340439621196,113.18666128364544,0.00022956524,0.0004037797,2546.2138377320184,0.009888848,0.0007855031,0.05369054524361949,0.007023736106402996
-373.6095,15.790604,164.89459,7.443651,-41.786865,8.365952,65.49663,5.454698,-30.201212,4.880183,43.81181,5.9398046,-16.8075,5.387815,26.663559,4.028993,-8.037851,4.4012814,7.202473,3.7823763,-0.5484977,3.6059554,-7.7720985,3.8677566,3.4164288,4.1231794,1404.5562225258464,182.1141113530634,1744.2683724363449,117.00440051526246,0.00027541528,0.00051006355,3195.23257368402,0.009753871,0.00072922604,0.055795479263341066,0.013854325070430745
-375.73886,7.4634614,175.16522,4.548852,-43.912148,5.919205,59.289055,5.180119,-31.102646,4.9978757,45.553356,4.6478558,-12.383863,4.541357,23.845554,4.8307304,-12.3900175,3.8431952,4.375765,3.6941068,-1.795298,3.6447878,-3.6534367,4.0457845,6.21702,3.4089236,1289.582702706052,91.96095287433167,1626.29149853316,69.46311357867332,0.00023700779,0.00034058536,2800.665354009571,0.009474063,0.0008588198,0.053814031685034805,0.007289195772712412
-369.51297,8.137806,163.85336,4.002682,-43.962963,6.2415166,43.733646,4.537691,-40.69979,4.771665,34.465805,4.4906764,-22.637745,4.182381,23.755007,3.959986,-10.026852,4.045267,4.1144123,3.6738272,-0.5645713,3.8289487,2.6826622,3.4854236,13.680005,3.9407263,1511.6261492269357,76.99629037942303,1711.900306558071,60.646764066600895,0.00027993685,0.00018563156,3117.6181164805685,0.009049402,0.0009236124,0.07709065944025523,0.007554137770577292
-338.37738,13.812637,164.51,5.6506734,-58.60525,8.367193,60.20579,4.4303875,-40.232113,3.7785397,39.492252,3.926708,-25.540161,3.6017866,18.626833,3.7074003,-15.715121,3.3647177,4.5851874,3.5020437,-4.1484838,3.4543667,-8.85639,3.349893,6.3010535,3.5822334,1641.6637603452275,94.21927973484689,1746.3458057045489,85.20131930711628,0.000508132,0.0007657477,3505.315694786833,0.009417034,0.0013451849,0.0855432497099768,0.009602513012642911
-351.28226,7.2567306,155.6867,4.832157,-55.0026,4.3421445,73.30392,4.4625673,-33.56356,4.0458913,50.17515,3.646771,-24.256592,3.639947,29.044682,3.536065,-11.675734,3.3060415,9.041377,3.337169,-0.8024783,3.2032838,-5.9501634,3.1600738,6.3207555,3.096997,1729.2979929897617,119.33187315346522,1908.8361290160792,66.92725697844102,0.0004624792,0.00030907665,3905.4036080698957,0.009361016,0.00081463606,0.07968500761310905,0.011622997365692733
-368.94235,7.323928,165.56369,4.1706862,-41.369473,6.0857267,47.819653,4.755729,-42.012966,4.0192037,33.08418,4.179473,-24.275593,3.8871517,23.44252,4.17986,-9.188579,3.3714888,5.7880716,3.5575843,-5.587903,3.6271966,-9.592728,3.3229976,2.5923035,3.6331532,1484.6183569323618,84.90148029309896,1721.0378291338764,58.38113139806283,0.0002788681,0.00037521482,3122.6142192937937,0.009441762,0.0010272084,0.07105228574535963,0.007028239765890416
-367.59375,7.358363,186.18262,6.4570107,-49.742935,3.9574387,60.29036,4.2164674,-29.416265,5.064052,36.38405,4.5212502,-17.664507,4.636263,17.984613,4.3800035,-9.813689,3.9817238,5.0294175,3.9822762,0.08198881,3.7203212,-6.0358787,3.4820588,4.169526,3.506346,1213.956457557698,109.87261534924366,1491.1306637371742,108.99543366760038,0.00021435622,0.00026505342,2550.5854276935906,0.009875804,0.0007165974,0.05532192575406032,0.0068811200779548215
-378.8861,9.10412,171.0841,6.229694,-35.747726,5.5220003,58.431393,5.284847,-23.050081,5.64766,38.207836,5.423243,-10.5587435,5.718801,23.779554,4.431096,-4.082928,4.033497,8.105672,4.216742,1.9058268,4.0790753,-5.5560207,3.9694893,2.4846423,3.739324,1215.315909824984,129.7964245168419,1600.4616458422825,114.18721592587904,0.00020645138,0.00035902843,2685.730008791328,0.009886233,0.000912005,0.04667447614559165,0.010077855309044394
-374.17032,9.359331,174.02882,6.6615877,-43.534176,5.881701,50.79552,4.701156,-29.084772,5.582511,39.32367,5.499373,-9.849502,6.512095,20.253735,4.5822215,-9.822701,4.4898705,3.0949574,4.2291536,-0.20804344,4.143093,-2.5938225,3.825632,5.9186735,4.0675936,1291.1607280293874,159.48461107136052,1574.2253595560326,138.70159440288327,0.0002190333,0.0002047351,2727.522408823956,0.0095105665,0.0013397946,0.05423547165023202,0.010141691131540561
-362.0907,7.344688,177.55945,5.5137706,-50.617565,4.22362,64.502335,4.1579013,-30.340723,4.802368,38.619095,4.393283,-17.47871,4.80725,19.261623,4.30222,-8.2804575,3.8788283,5.293938,3.5565305,0.31643513,3.478108,-5.5243597,3.3111498,3.5635684,3.5030751,1321.6954137524035,109.46490741594236,1583.4651859082862,93.58179781670653,0.0002533024,0.00022353201,2867.438268108324,0.009856147,0.0007779164,0.05841588420823666,0.008149893636517658
-336.98557,17.747627,163.9888,4.7338605,-85.71808,8.837594,64.18494,4.402838,-50.784847,4.625285,37.104412,4.823596,-40.75911,4.294181,20.475306,3.3887298,-14.733249,3.5859582,7.0823693,3.5094466,-4.9135222,3.6450377,-7.698999,3.3207352,5.335627,3.3170786,1886.921374727758,89.19922708450255,1713.3241038868794,57.049692984111566,0.00079049333,0.0013668976,3718.5243823412125,0.008239779,0.0012465458,0.12130900159512761,0.013318541824553888
-367.7089,6.771082,169.14934,4.3346786,-45.970387,6.000453,46.500805,4.9281025,-41.55197,4.3549056,42.598843,4.495851,-22.653105,4.0845437,26.386936,4.1183376,-14.288002,3.7688992,4.9291067,3.6943893,-1.1390123,3.92885,2.708925,3.9950566,13.428924,3.7227569,1512.2421995330221,89.7255855287825,1749.4089853861537,59.12013643360545,0.0003382874,0.0003770877,3138.601748296114,0.008675101,0.0006924201,0.0784274851363109,0.0075901034981343905
-356.24216,17.65636,112.4207,6.337837,-73.29096,11.798162,71.68414,8.676415,-55.847054,5.10835,41.012787,6.453308,-27.37093,4.8394194,28.458332,4.673473,-16.092947,4.2433457,1.2846725,4.3948126,5.3918686,4.234399,-13.136447,3.7913842,0.7263249,5.169037,2738.543515928793,166.0275294766444,2007.1209467008784,81.17403706947434,0.0013984293,0.0012169193,5217.829856075986,0.0059998706,0.0018984473,0.23843872353538284,0.03074559467655112
-343.05194,35.972595,166.60353,6.853651,-73.34129,11.714097,64.77957,5.465492,-53.36736,9.1626215,34.22045,4.568895,-31.653364,5.902083,22.397911,4.292079,-12.48303,4.0168757,5.111357,3.8555336,-4.706218,3.3557165,-6.292691,3.4415567,5.260625,3.563543,1790.8770190977207,151.33973847789807,1726.5822005593413,80.13764426651319,0.00077698985,0.0022542167,3711.8046240574245,0.008408462,0.002344568,0.10606805575696056,0.0161320956303125
-386.87073,7.8406963,173.81885,6.265381,-36.313637,6.0366144,59.891052,5.9374156,-24.399591,5.409063,38.722557,4.678741,-10.165745,4.8917184,25.479942,5.0386744,-3.6413105,4.309127,9.71989,4.2533913,1.8482748,3.8915496,-5.426386,3.9302123,4.2514462,3.8940327,1175.6843554215086,113.92631150231522,1582.9143031955368,107.42543843893536,0.00020248946,0.0007464885,2602.74474106366,0.009985806,0.00092175946,0.04345363254060325,0.01147767573691903
-367.52762,7.2701206,158.30272,5.250382,-37.35646,6.0065527,44.23423,5.4786906,-39.22389,4.7385335,32.52597,4.1200285,-22.918102,4.314612,22.891779,4.280063,-6.5555315,4.147865,9.540484,4.123713,-3.1438437,4.053808,-7.830308,3.941845,5.1888137,4.044572,1555.187019966991,115.47185423452345,1781.1797890764246,75.75658087218453,0.00031698865,0.0004211764,3344.566086771317,0.009210748,0.0013887818,0.07789162195475638,0.006926277902358761
-385.2165,13.319683,168.18945,7.5051217,-37.474567,7.1450543,56.748352,5.9044394,-22.69563,6.100234,37.057068,5.506495,-10.547127,5.8311124,22.338602,5.1347365,-1.1101295,4.602557,8.492191,4.1887813,3.5373354,4.1843367,-0.12285708,4.0677,9.273159,3.9940577,1237.3514970240255,153.53443060490764,1608.3327091099427,129.61626298723021,0.00015813178,0.00017765052,2746.5825410564094,0.010524888,0.0008632917,0.03388286687935035,0.012030235576244783
-379.0002,11.353708,170.58606,6.99525,-36.22,7.738408,61.627075,6.2474227,-26.299286,5.72428,39.80619,5.3661036,-14.749365,4.7957797,20.500734,4.5981655,-8.497475,4.4371552,3.6542742,4.4299445,-1.2877815,3.8232129,-8.958284,3.9800797,4.4324503,4.207046,1271.2252168528678,144.80210306414315,1636.441355920979,121.47915667985288,0.00020852865,0.0003006393,2830.9167565436487,0.009762875,0.00078750204,0.04945348752900232,0.008796204131338267
-369.98267,7.3871994,175.9752,5.3983397,-51.14862,4.989835,54.83206,4.418748,-33.044342,5.0432124,45.63647,4.6782928,-8.586629,4.38875,23.421051,4.4473944,-12.005411,3.8516665,2.476037,3.9822237,0.47922218,3.9249682,-0.05788689,3.6902168,7.6828017,3.4558356,1335.524885631444,101.90310294605432,1581.9262274150294,87.1365109273826,0.0002836165,0.00069925934,2799.366367278132,0.009389224,0.000785485,0.06722307315835267,0.008233126878445044
-361.71448,7.0478725,173.32416,6.0671077,-41.86218,4.467785,56.089897,4.384412,-22.87554,4.452624,33.029568,4.0956106,-11.973229,4.306939,15.674708,4.53136,-6.580681,4.0713005,3.2863252,3.7900848,0.6067787,3.610412,-4.5218825,3.7122564,4.462382,3.6119385,1255.1791867861798,104.25745116791511,1539.8155735560283,94.05089963332236,0.00023270451,0.00038420968,2702.791699898492,0.010019524,0.0010062194,0.054361223897911835,0.008014572336761044
-370.42917,6.375768,155.84923,4.417929,-33.69309,5.33723,51.68888,4.6938267,-38.396408,4.797492,36.59178,4.5240006,-19.36587,3.8965764,23.325783,3.9394116,-7.8159113,3.4276032,11.668585,3.6026726,-0.05200762,3.6370752,-5.597475,3.3782208,0.6344212,3.858585,1536.4311002606491,92.60407446852551,1838.5182690380161,60.02014874601316,0.00031496305,0.0006350783,3540.1135508809457,0.009523717,0.0011416259,0.0640543430974478,0.006326423236411678
-373.49863,6.3488784,169.50899,5.3596034,-49.4129,5.737267,50.361713,4.7587824,-42.40263,4.1417747,41.475132,4.7384663,-25.166737,3.8985302,28.95622,4.4165506,-10.233077,4.227135,5.11961,3.9786828,-6.9570427,3.864354,-3.2356415,3.6409402,12.587114,3.961799,1531.0324859731327,99.53566770990335,1751.3101596074796,64.65029892993216,0.00038451306,0.0007809835,3199.704085701856,0.008231586,0.00084767444,0.07877981801044083,0.007891645300803943
-371.5426,7.168441,185.68565,6.7442994,-46.779373,5.0920906,61.30305,4.6867666,-28.798803,4.5315766,37.117966,4.612531,-18.23058,4.1866713,17.869722,4.431508,-10.744513,4.383428,4.8478456,3.9331253,0.12520503,3.980363,-5.6256876,3.175309,4.516898,3.8152535,1196.6871113996872,117.42746413273642,1501.655478361029,113.43880202054329,0.000212097,0.00030035365,2517.4612660419084,0.009963805,0.00073151203,0.05152556735788863,0.00668511460931267
-361.98013,6.916499,157.01126,4.6682644,-30.808859,5.9735527,47.126205,5.0111904,-38.353123,4.1805034,34.05053,4.173439,-23.267458,4.2444744,21.458622,3.863687,-8.020906,3.903802,12.959925,3.673373,3.7801547,4.077592,-1.5713153,3.808822,2.7704158,3.5220609,1542.2587549126952,104.11167426719712,1839.1005361445443,70.11423990352209,0.00028901116,0.00014796433,3480.360161234774,0.009800012,0.0013927347,0.07058892836426914,0.007308979148111576
-375.7618,13.268446,170.71912,8.020504,-39.524445,6.5085473,51.170017,4.917794,-23.14915,5.4498205,37.057957,4.7838435,-6.2900085,5.1918974,21.310308,5.047838,-6.130294,4.5669413,3.806264,4.330626,1.6625139,3.925633,-2.104669,4.147632,4.7052364,3.9442658,1245.9608684928285,143.28871016662225,1560.6139258602534,111.2381556626634,0.00022168465,0.00022807723,2643.4629789914443,0.009432391,0.0019201031,0.052686793068445474,0.009297562142016385
-373.1758,8.361792,179.41357,6.110845,-41.478302,4.587494,55.569244,4.536952,-22.691164,4.8659635,33.981823,4.6803856,-12.074106,4.6228347,18.35834,5.538384,-6.09697,4.2502904,6.155218,4.6240773,1.8694853,3.8885639,-3.6561108,3.9771225,5.407716,3.889313,1169.3161460165993,112.60958727336535,1497.2206175057288,113.74297693423102,0.00018339063,0.00019570472,2483.512747426044,0.010132205,0.0009637667,0.04808380764211137,0.007210824579157003
-337.6999,6.3453903,175.29237,4.3644867,-72.95061,4.3192797,62.00249,4.05037,-51.14455,3.4974344,38.501297,3.6351461,-30.992912,3.6222382,22.953388,3.900972,-13.956834,3.320122,2.4765246,3.3391588,-4.529096,3.6805468,-9.325995,3.2191675,2.6314497,3.294388,1659.8649678153279,79.88811554994155,1671.3240206960709,51.815940617336786,0.00049169245,0.00045275054,3390.5801936811195,0.009173126,0.00055231096,0.09553658823955917,0.008072729400408955
-377.85303,8.94192,177.04814,5.443156,-44.124996,5.6745577,56.57163,4.7068725,-28.735235,4.2129636,43.402527,4.8532715,-8.277358,4.5605006,23.101921,4.383881,-9.323387,4.274364,4.7664385,3.7807183,-0.11758998,3.4833353,-0.69594145,3.410567,7.63267,3.6046257,1236.5966607287055,120.78011940599194,1568.5061369372684,91.5280686233405,0.00020727311,0.00016963946,2648.359159748405,0.0095483,0.00092253456,0.052745704031322505,0.008829682904533875
-368.22253,7.2882643,179.25851,5.6715064,-41.793827,4.8516054,59.39658,4.5117416,-27.407228,4.2852507,33.167694,4.549125,-15.280457,4.5817375,17.13533,4.0954595,-7.109782,4.007695,5.8399844,3.9171317,1.9782497,3.61643,-2.6768441,3.636031,7.3422127,3.5789423,1204.9386959700887,105.2310288312658,1525.91991149682,95.18450571896348,0.00020194471,0.00019800426,2602.8696436339906,0.010159823,0.0007947578,0.050479897766821345,0.007638931188773798
-362.93457,5.571489,182.44197,5.3747907,-53.30696,4.5734525,63.620155,4.1848536,-31.327065,3.9175067,39.439808,4.1560035,-17.524628,4.005313,18.694677,3.7655764,-9.840994,3.6347036,5.891361,3.638433,0.3127342,3.3730025,-5.815908,3.578725,4.1545625,3.4809682,1285.1392210876093,85.07445108429971,1541.5221059540143,77.27689101282456,0.00026788827,0.00056204386,2745.7332035781615,0.009826632,0.000620413,0.05948421186194896,0.006555141993767443
-367.93842,7.054322,180.23923,5.8614554,-45.289402,4.7156553,61.21245,4.8513,-27.64856,4.7487926,35.457108,4.3877807,-16.68626,4.0107727,16.618717,4.475921,-8.824916,4.0615487,4.3149424,3.7567565,1.6013026,3.6834664,-3.196709,3.3798528,7.337334,3.4852173,1224.411424577678,97.16958105203284,1525.9614909093054,91.61851228991162,0.00022715126,0.00047781513,2626.451248912413,0.010046425,0.00071215956,0.052886184019721574,0.006441230127318869
-363.7542,6.9846053,180.14023,5.4655457,-48.617775,5.418685,63.037014,4.379619,-31.01477,4.435811,36.5868,4.59299,-17.489258,4.2068577,18.625027,4.4212327,-8.854126,3.6637201,4.9752593,3.9514241,-0.33713388,3.714596,-5.165011,4.0006385,5.7364287,3.2589586,1274.0457104013387,93.28555831685964,1554.320257918277,81.69654638508409,0.00025732012,0.00046959586,2751.054053074246,0.0099309115,0.0007459717,0.05666894757830626,0.0077885146668164994
-370.51044,7.876029,168.16664,5.6717725,-45.517998,6.0666556,50.051888,5.5536904,-42.625275,5.09166,43.294865,5.030809,-23.397846,4.8521256,27.708336,4.358636,-12.245384,4.2047024,5.391459,3.7359562,-0.7184979,4.269141,2.8812604,3.8305135,13.621791,4.32841,1518.3699030585356,120.49881521713682,1770.457939313626,78.28474598805971,0.00039253925,0.0013483845,3241.346602650087,0.008890272,0.0007818439,0.07337587006960557,0.00815660657589107
-371.54373,7.3929324,186.17342,5.9306984,-48.459297,4.885634,60.61394,4.418249,-28.383854,4.932167,36.34957,4.206515,-16.88679,4.1988173,17.916798,4.469638,-9.477454,3.7774024,4.6601086,3.7988205,-0.12552677,3.3174567,-5.64533,3.380913,4.260493,3.5082715,1193.5979159637227,104.927249628065,1482.2776209224148,94.72511680497377,0.00020961961,0.00033166134,2507.893729154582,0.009915056,0.0007933331,0.05169890153712297,0.0075600947641403906
-368.16415,7.6051097,183.85515,5.8886003,-47.60123,5.0733824,59.065754,5.1224504,-27.673382,4.7312922,35.30537,4.548352,-15.563148,4.8165627,18.245966,4.574615,-9.525513,3.9045045,3.5825326,3.6247447,-0.1377696,3.5310512,-6.0706406,3.3939033,3.674167,3.5451412,1209.8034006506898,102.70976666204713,1491.2618321458165,97.31215110493588,0.00021756663,0.0003410641,2545.9640325913574,0.0098787,0.0007357437,0.0537086716937355,0.007037691644225542
-375.8731,8.036861,177.26416,6.3075595,-45.29705,6.3000436,57.293484,5.1069336,-30.105759,5.416864,43.63382,4.9141974,-9.815142,4.412744,23.97155,4.650281,-8.724065,4.16863,4.8202643,4.124955,0.35423297,3.6108277,-1.5594476,3.8274896,7.2408247,3.7176633,1256.0798028653235,120.22139061818869,1580.6504516235607,97.11374869970082,0.00024801292,0.00055883476,2684.9306323412125,0.009544863,0.00081765855,0.05227101761890951,0.008481083099594923
-372.99692,7.9186163,164.82951,4.9965725,-44.48097,5.7633142,48.182446,5.039619,-45.194534,4.210121,38.566753,4.6040025,-24.14662,4.1443744,27.892714,4.3434963,-9.59804,3.8929787,5.9204545,4.01557,-4.556037,3.7337222,-1.2869856,3.9735816,12.909624,3.7194803,1566.2456660937914,113.07790606620125,1789.2682369190643,78.17137169462208,0.000347814,0.00036836858,3379.3889233794953,0.008404699,0.0008225775,0.07787916002030162,0.007877714737143701
-368.41428,7.8530507,184.78676,6.379913,-48.74311,4.7679334,61.053726,4.9068127,-28.608137,5.1961083,36.243492,4.8110027,-17.243488,4.84419,17.753223,4.6679387,-10.2619,3.9848251,4.613056,4.0424094,-0.51514256,3.7739005,-5.0672655,3.5363965,4.22073,3.3973076,1219.5827145806006,111.70700856108284,1499.7343699728601,109.16125021060317,0.00021309103,0.00025621138,2577.014811575551,0.00991979,0.0006897496,0.05479965741009281,0.007138533300724955
-375.06836,8.033581,173.59995,5.7755847,-40.95858,5.225306,52.52903,5.1085668,-27.867601,5.5497203,41.058575,4.9576073,-6.027485,5.209307,21.9463,4.5510445,-8.569098,4.3331876,3.170761,3.6576962,0.50712746,3.6739275,0.29512057,3.9447083,7.84148,3.988054,1250.4840457660007,120.49630803281579,1573.4816855779777,106.80250940831307,0.0002244824,0.00040477666,2676.6371016712587,0.009626276,0.0009880409,0.05382082910382831,0.009633115770475873
-371.3794,7.085236,170.02539,4.9634624,-48.639084,5.94973,49.310505,5.246048,-45.270462,4.598294,37.999462,4.499045,-27.857393,4.297447,25.708326,4.4814763,-14.145458,3.7761693,5.325722,3.8619454,0.9750672,3.8194633,4.645136,3.5318835,13.398911,3.893932,1531.2488124732963,100.64097909560428,1734.8647000490269,73.2544391340203,0.00034987356,0.00045509235,3161.608801751015,0.008579453,0.0007684544,0.07985720888921113,0.008110395208890845
-355.36868,6.8596406,150.3942,4.7698298,-39.039482,4.976011,51.273422,4.992916,-38.28945,4.1173944,28.318686,3.9216595,-20.03977,3.807292,24.647682,3.6404808,-10.477714,3.7907872,5.279674,3.530293,1.3721045,3.8583844,-13.968891,3.642181,0.92100096,3.8102367,1671.5636897866161,106.62273393050583,1821.3619362545107,58.660621707183054,0.00037543714,0.00021545264,3593.6967535527842,0.009125675,0.0015783105,0.08360825116009281,0.007471497960904698
-369.2159,7.0091677,175.20216,5.216675,-49.241276,4.687428,55.914036,4.2820625,-31.237303,4.7379413,45.257587,4.3081717,-8.815039,4.423205,21.700296,4.3930745,-11.024358,3.829414,2.7629998,3.6778095,0.019207232,3.6777678,0.65004396,3.255203,8.372257,3.9601133,1319.2433814394778,103.42066116947659,1590.0799175364034,86.71704776792068,0.00025252422,0.00023272302,2811.3570140298725,0.009342282,0.0007169523,0.06166731619779582,0.007408870166068745
-368.61813,7.4820046,168.92493,4.647403,-49.1358,5.770327,47.604572,5.1369147,-43.72974,4.8237247,39.096153,4.490584,-24.383648,4.336629,25.607445,4.0677447,-13.472619,3.8296711,6.7053075,3.7559285,2.0049162,3.8024154,5.6161633,3.3131285,12.683995,3.7129278,1535.8748072333474,89.19183501664673,1729.852764278769,66.2248702310727,0.00037825428,0.0006770396,3158.086549267691,0.008472129,0.0007796647,0.08150218423723898,0.007499237886233872
-364.22458,7.188138,180.54842,5.9444027,-49.650703,5.180721,61.812782,4.7877083,-28.986618,4.6808653,37.538334,4.3856187,-16.348925,4.159281,16.813509,4.209459,-10.0763035,4.0954394,4.534491,3.4968863,1.1072172,3.3657632,-4.77669,3.5145612,4.229638,3.5431712,1269.6136493084482,104.19395027971147,1536.407600695742,85.60902575084873,0.00025199034,0.00050351047,2713.608262489124,0.009893936,0.00082040194,0.05639251921403712,0.007886135855469812
