mfcc_1_mean,mfcc_1_std,mfcc_2_mean,mfcc_2_std,mfcc_3_mean,mfcc_3_std,mfcc_4_mean,mfcc_4_std,mfcc_5_mean,mfcc_5_std,mfcc_6_mean,mfcc_6_std,mfcc_7_mean,mfcc_7_std,mfcc_8_mean,mfcc_8_std,mfcc_9_mean,mfcc_9_std,mfcc_10_mean,mfcc_10_std,mfcc_11_mean,mfcc_11_std,mfcc_12_mean,mfcc_12_std,mfcc_13_mean,mfcc_13_std,spectral_centroid_mean,spectral_centroid_std,spectral_bandwidth_mean,spectral_bandwidth_std,spectral_flatness_mean,spectral_flatness_std,spectral_rolloff_mean,rms_energy_mean,rms_energy_std,zcr_mean,zcr_std
-350.67627,23.461216,157.79424,13.387345,-45.92608,4.189146,63.69188,8.7152815,-33.55722,6.279446,49.56139,6.5069647,-15.563681,8.214946,26.30847,5.771458,-13.312441,4.885472,4.635877,4.3870583,-6.161987,4.9820943,0.08355264,3.5875926,6.1703186,3.4030826,1642.0812513020583,326.6576326215749,1881.1493186425223,255.8749122952753,0.00032057439,0.00023229736,3725.269121139066,0.01090991,0.001668449,0.07022866516821345,0.015594581940908962
-374.87863,45.20103,146.69685,24.434391,-25.626884,10.160647,64.57863,15.599166,-20.499681,10.210952,39.694633,9.72275,-19.182007,11.127709,20.313854,9.365716,-4.520342,5.941795,8.618795,4.5685973,-5.4319577,6.8440804,-0.41828132,4.234756,3.8703234,3.8214483,1619.937482457829,519.413872315839,1906.6578405883843,405.83279842823333,0.0003527452,0.0011689716,3766.112261637181,0.01094208,0.0037244223,0.061140516241299306,0.022484259904671906
-343.38562,20.40927,160.04695,13.7451725,-44.062374,4.182606,68.82332,6.818337,-30.135138,5.9975195,42.300297,7.218965,-22.450827,8.0182295,21.065626,5.9961743,-11.8522835,5.1437993,6.825032,4.7211494,-4.7736607,5.4376383,-4.175565,3.345324,3.4518385,3.4646003,1594.3796806860707,307.24656840653165,1847.9377098452617,258.7579779283399,0.00035987244,0.0007783315,3648.0043911325406,0.011482836,0.0016189062,0.06654446418213457,0.014073172507089103
-344.02136,18.57056,148.91985,9.074914,-46.08777,6.089219,66.094025,7.933921,-42.729824,4.160114,41.866158,5.006198,-27.815405,6.105601,30.234251,3.807683,-12.166027,4.0156665,5.381073,3.763739,-10.141536,5.0730305,-7.5102053,3.704385,4.869527,3.488659,1890.7225897894955,257.6220749011005,2016.3153659507366,149.40730323999816,0.00045826955,0.0007088931,4279.836533407048,0.0106111,0.0017000481,0.0853687826276102,0.012834965632464087
-346.0528,20.400751,151.62306,9.310488,-40.775505,7.401697,58.358837,9.832175,-44.35356,4.4497256,41.87241,4.5698543,-29.430777,4.3327417,28.115253,3.9191926,-7.4070067,3.8835244,10.572687,3.703355,-7.485756,4.6766796,-6.1902084,3.41894,4.0534844,3.4521239,1816.17541227246,243.83623397392387,2004.7181876047737,143.4396715391358,0.00046476853,0.0016732981,4180.064360226943,0.010897484,0.0018380621,0.08279369380800464,0.010687155335414861
-370.50162,35.344883,155.98198,19.490011,-31.240774,8.702904,74.414154,11.539868,-24.420511,8.337484,45.72066,9.576052,-20.35354,10.384037,27.664886,6.793115,-6.237568,4.830764,6.480879,4.3573284,-10.466517,5.90634,-5.6331162,3.599654,2.2047386,3.572767,1524.456583402344,447.5000739525718,1884.1984807701474,359.79691142964236,0.0002638683,0.00056887127,3608.4602373658645,0.011617412,0.001725533,0.057195747534802784,0.019994563121496504
-345.52368,22.24874,160.74562,15.694748,-41.77285,4.031302,68.1676,7.242621,-27.481094,6.763067,41.65468,8.152865,-22.129799,8.034644,19.68179,6.7446413,-11.802958,5.4186254,6.686409,4.691278,-5.0909457,5.850415,-3.3477728,3.4135897,3.902389,3.5660145,1556.7137789007595,333.5772252740892,1830.3324888262546,285.030633854947,0.00031151227,0.0004684948,3558.7240338602087,0.011625538,0.0015307261,0.06526994815835267,0.01555009971752538
-334.64044,26.929903,153.87141,15.925823,-54.95274,12.724751,70.61957,9.421881,-30.730038,7.3850217,40.39091,7.756843,-20.702337,9.668901,19.8777,6.7271876,-15.086347,5.9383407,7.336712,5.19527,-5.865012,5.7052827,-2.9910307,4.0853105,7.7724576,3.8024142,1773.7354382793587,346.60168369028895,1843.707193364418,258.49414054151424,0.00045037392,0.000519204,3796.038917488399,0.010872494,0.0017912572,0.08852391785092807,0.025399926022434606
-371.0614,39.370724,154.83168,21.146969,-26.627632,10.64769,69.51523,13.806985,-23.970024,8.459879,41.263573,9.363817,-19.999647,10.320469,23.881556,6.0123534,-5.16732,5.5732374,8.363853,5.1440797,-7.8800263,6.144884,-6.465193,3.6543493,3.0371337,3.9973683,1516.764669365498,477.7122325359443,1864.3113061404235,378.38817883181906,0.00025797336,0.00048177698,3539.6139405996228,0.011468315,0.0019433545,0.05667914370649652,0.021165743217925477
-380.60242,46.49111,151.31142,25.651209,-25.926224,12.878367,68.841255,15.766621,-23.614862,10.047164,42.368313,11.481695,-19.152346,12.351588,25.056343,8.004453,-4.105343,5.6704273,9.177233,4.380987,-4.9936337,6.1032467,0.99367034,3.7899134,6.5015273,4.0073576,1565.931969751296,551.9376901219687,1899.18712312151,446.6098808537995,0.00027418902,0.0007169393,3700.7632368401974,0.011548683,0.0018700977,0.054474514211136894,0.02486578629211757
-352.1746,23.161167,153.3402,11.33498,-45.46229,7.6178007,56.210773,10.696522,-43.366634,5.904897,40.051453,6.112432,-30.550093,4.853409,23.959812,4.378551,-14.325195,3.850962,6.064207,4.2759113,-4.044217,5.2610903,6.3742967,3.7900655,15.693008,3.582209,1798.8894117210425,286.4040329386268,1943.5036720960998,183.8951607676567,0.00044315195,0.0015103989,3947.7205988979117,0.010358326,0.0017818011,0.08530080843967518,0.013556993057562706
-326.29642,24.419931,135.65015,10.090244,-67.64596,9.591386,73.54782,8.503737,-36.825756,5.2960906,43.51094,6.022542,-27.395416,5.8368735,23.44369,4.917783,-11.216503,4.408454,9.184466,3.733351,-5.671687,5.5040755,-1.5459015,3.4434752,9.46766,3.5005987,2183.093406264197,222.0144122572019,1959.7011497146598,144.19332758651643,0.0008301175,0.001499265,4424.598612420244,0.009675319,0.0023236836,0.12142569061774942,0.025108619810902507
-352.8118,25.671711,154.05423,12.118276,-45.672268,8.412026,55.35192,11.471296,-43.082287,5.2262816,41.398315,5.4586377,-28.787098,5.3529534,26.504025,4.297034,-11.091766,3.9599118,7.176206,4.21349,-5.447045,5.1037393,3.973559,3.5282512,14.51715,3.637934,1763.0977537376718,302.76468135348813,1926.6894798989174,193.76503837259685,0.00039145938,0.0014637159,3860.7134684055973,0.011186936,0.0017338959,0.08051882431844548,0.01295462421813106
-343.86804,20.773233,147.7875,8.341343,-43.409428,8.390434,68.864105,8.087456,-38.697,4.489032,48.591343,4.726322,-29.35764,4.820091,27.043205,4.108715,-11.727074,4.149107,7.336844,4.610744,-7.5850244,4.8452706,-3.6203976,3.8222713,3.0183616,3.4479077,1891.7539749143018,247.70894763548577,2064.9782187957535,123.3498483718418,0.00044509774,0.00058542506,4407.711784911543,0.010810035,0.0018648537,0.08121782555104408,0.014968643823493435
-374.2041,42.445316,154.13548,22.997673,-26.344593,12.806384,70.35766,15.246635,-22.32773,8.463561,43.095806,9.286069,-20.78343,10.658321,22.067884,7.0723906,-5.9979615,5.133887,11.860415,4.42489,-4.27745,5.927386,-2.848428,3.4476378,5.6596055,3.7005644,1515.7594349873013,499.544754829437,1873.637577726951,397.24037315855014,0.0002764562,0.00086561777,3553.8778141313805,0.011656615,0.0019785042,0.05660890371229698,0.0221491982925086
-343.40936,17.053003,143.85506,7.87034,-45.119915,4.885367,77.56586,6.2030234,-28.700338,4.623264,51.3796,4.610453,-25.665,5.085202,28.148922,3.740154,-10.640615,3.580417,9.407683,3.6627698,-4.239834,5.0675383,-2.7711308,3.3974075,5.2716203,3.5884986,1855.197000387358,243.58125037770887,2056.5877140343964,138.15107785756183,0.00042813458,0.0005937318,4312.985675572796,0.011198346,0.0017052138,0.07776813551334107,0.016219488997241342
-331.1698,24.9374,162.74202,16.350924,-52.471714,5.939225,60.638447,8.929946,-35.573433,8.110714,35.929623,8.939994,-28.575315,7.6383457,18.402319,6.2054706,-12.501337,5.341384,6.3524013,4.2004204,-6.7826257,5.493134,-5.622665,3.6345685,6.439256,3.45007,1671.4025097241877,312.5730092061311,1799.0960575785919,281.78810422931883,0.00038700702,0.00052661926,3634.964562790023,0.011476168,0.002037771,0.080580001087587,0.014401107416723645
-353.049,23.343407,145.74472,9.46421,-37.15795,8.362945,60.506645,10.007985,-40.744038,4.5914097,41.665485,4.4466357,-31.06954,5.1662292,25.216688,4.963688,-7.6409264,3.762588,11.75334,3.7287078,-3.0645924,5.559765,-1.5387571,3.581516,2.049803,3.2307415,1832.7349227696259,272.92976015396044,2037.4697023457475,152.37130644783758,0.00036809838,0.0008663516,4276.264319895592,0.011279859,0.0018829375,0.07796979227088167,0.012990008012564419
-370.991,38.682312,154.55046,20.375532,-29.867722,11.008907,76.28257,12.680339,-23.189503,7.7496,46.450447,9.17458,-23.651112,10.250846,21.153084,7.1100407,-9.494208,4.8154755,9.062823,3.648573,-9.56185,5.34212,-6.7892756,3.487294,4.912549,3.7462559,1552.542554550011,472.0779349366914,1898.861432254967,360.42094038174343,0.00030614145,0.0010194081,3633.4657319460557,0.011634249,0.0017044715,0.060278376957656615,0.021160768537406848
-376.46664,42.56549,155.221,23.661774,-27.770245,11.573625,70.00987,15.89613,-24.942657,8.800175,43.38405,10.482627,-19.690609,11.823903,26.443192,7.4040146,-4.399743,4.6985097,8.933049,4.676404,-5.264767,6.4659343,0.02781071,3.8702211,5.9213676,3.9582996,1518.6862799155647,493.49138477300767,1876.450206070584,408.6437222652873,0.00024987527,0.0005635436,3582.83022993402,0.011684046,0.002149724,0.0539975619924594,0.020273916424762634
-340.77042,21.936584,159.52034,13.8186455,-47.002865,4.199233,69.83562,7.3037353,-29.99926,5.975368,44.191246,7.207432,-24.102936,7.703729,20.966349,6.613093,-11.040074,4.763763,8.689196,4.4188404,-5.2775464,5.6868896,-4.462316,3.1156082,4.662624,2.9879742,1628.7890059952852,309.39471427648465,1861.7563013665374,256.40050496009394,0.00035051088,0.00048927456,3704.135606239124,0.011630107,0.0017764939,0.07046997353538283,0.016029178383374067
-347.35593,25.3368,163.4916,18.62452,-42.800846,4.8775315,66.51503,8.614251,-28.443195,8.002751,40.527386,9.269075,-22.10477,9.687229,21.240389,7.8359575,-9.537182,5.277364,6.0666556,4.4797792,-4.9849515,5.8216777,-1.1899788,3.6061506,4.134395,3.4509647,1540.6454780173851,365.9600131453801,1808.728379807594,324.58605444790743,0.00034299068,0.001066477,3512.909771062935,0.011635914,0.0017122494,0.06647422418793504,0.017604973926108086
-346.51602,25.228334,161.38168,15.816519,-42.268127,4.4946885,70.00083,8.412574,-29.363222,6.467047,41.63622,8.27064,-24.752663,8.559383,20.34346,6.588918,-9.471262,4.7865324,9.181477,4.781867,-2.432187,6.290649,-1.2598523,3.1126513,6.482458,3.4279985,1563.9526704193481,347.6495487794797,1839.3335975647137,287.39554637666896,0.00032263814,0.00075362733,3595.5453115936775,0.011744391,0.0017245644,0.06570724876740139,0.01763545915728305
-348.53735,22.811768,151.01088,10.585373,-44.0922,6.740844,56.25975,9.994683,-40.7953,5.7284074,44.73251,4.9598494,-26.974926,4.9905205,27.174168,4.19818,-11.739428,3.788719,4.5549335,3.8099587,-6.2713933,4.697832,5.1116724,3.5038047,13.701565,4.0015416,1814.076534974938,275.58237964689096,1981.4502562623056,165.98177647426135,0.00044559035,0.0014224568,4080.317167560905,0.010586115,0.0019826684,0.08240397513051044,0.013314836860801156
-341.70853,26.927069,160.22426,16.791195,-46.963245,7.9911895,64.40576,8.89424,-29.170475,7.545012,36.84874,9.083946,-27.05435,8.94484,16.14562,7.2374163,-11.01363,5.732061,7.117022,4.617063,-6.690857,5.7451615,-5.4229503,3.457982,5.4508877,3.3616457,1618.083613756154,341.6634148780503,1805.5600108078415,300.047197039165,0.00031732037,0.00036969446,3587.8513132613107,0.011613867,0.0018373288,0.07102396316705337,0.0160471962825908
-361.18478,28.78619,156.74786,16.373451,-36.58559,5.755462,64.399414,11.127403,-27.357185,6.8922453,48.292564,7.1897893,-15.265777,10.076796,25.628485,6.5883193,-9.275897,4.2894235,4.9799914,4.261049,-6.0047617,6.1053634,0.8854492,3.35996,6.7156043,3.513954,1549.301870611973,388.7247506950577,1875.5207469514569,305.3959726570169,0.0002620223,0.00024147541,3598.49301225348,0.011351104,0.0018401071,0.06025005437935035,0.0176945657744517
-356.36905,29.151453,154.51012,17.351736,-42.26167,6.4448743,67.443985,10.39167,-27.173416,7.2143927,48.4775,8.556198,-16.75364,10.599766,25.818188,5.2839403,-10.351844,5.0327606,5.9559402,5.369795,-5.216567,5.7920494,1.5690085,4.0485773,8.259345,4.3066883,1628.754905024518,408.2378699397276,1887.0557819577068,304.81213550502554,0.00028955605,0.00022408858,3734.836658026392,0.011420655,0.0017588683,0.06671553255510441,0.019365883587973438
-346.9288,22.655716,162.0753,15.2590475,-40.780678,4.2899504,67.69779,7.8854203,-29.3763,6.313138,41.212795,7.9805584,-24.57198,8.428428,18.933811,7.1752677,-12.023864,4.853185,5.085207,4.660674,-5.616552,5.692354,-1.1525114,3.5305448,5.3314033,3.3809536,1549.69270746537,322.52141616840623,1832.6077312708614,282.03246287601695,0.00029390855,0.00029987775,3561.1221632105567,0.011630375,0.0016902142,0.06516118945765662,0.015518332016543703
-341.25092,17.442541,141.9992,7.2682986,-47.29116,5.1692247,76.89096,5.9473567,-28.500088,4.732846,50.62857,4.3936543,-26.714312,5.1885724,26.689846,3.4958029,-9.6175375,3.4405777,12.346263,3.2923737,-3.1380444,5.3405585,-2.8769164,3.1406846,7.283306,3.2882085,1884.131023369945,234.77236677093566,2054.404641347671,120.60597940656108,0.0004576746,0.0008138623,4336.892027534078,0.011447257,0.0016916784,0.07807741806844548,0.01651982402759801
-349.23434,22.522434,152.03325,9.938963,-36.466442,7.6697717,58.634026,10.132345,-40.69117,4.307926,40.71836,4.60004,-28.218157,5.0483747,28.056698,4.374778,-6.6091995,4.1847773,7.7504215,3.7946646,-10.898909,5.226051,-6.4388995,3.2732935,1.7777898,3.3000891,1750.3575039394038,275.2478155092425,1980.577863674305,166.8471033783815,0.0003293974,0.00037566287,4009.4974101834396,0.011237944,0.0016940373,0.07931114957946636,0.0128058469147522
-349.93402,24.035217,144.453,10.26285,-38.81584,8.697766,59.734898,9.890539,-38.354923,4.872072,38.939075,4.582005,-27.826883,5.6758213,24.623787,4.2294817,-5.6621847,4.031409,12.600312,3.4226418,-5.4906254,5.4130154,-5.73007,3.1713982,0.61470264,3.209074,1815.518276674268,284.9348496960268,1988.351984156395,167.66418797719464,0.00034704016,0.00080903305,4118.737198194605,0.011730618,0.0021665813,0.0787118438225058,0.012691378069724247
-367.009,32.57927,157.162,18.41104,-31.69523,7.347904,72.41325,11.20636,-24.71683,7.657032,44.326157,8.586567,-24.77128,9.026833,20.716648,7.7659445,-8.312872,4.7361336,11.814252,4.115969,-3.8585145,5.8035674,-0.8131466,3.3419855,4.6415386,3.993329,1529.2564181886705,423.2008526620324,1885.3051637976614,339.50856682111674,0.0002722743,0.0005676283,3606.062108015516,0.0113857975,0.001782641,0.06058312790023202,0.022226478897588758
-343.35654,22.392723,153.78914,11.607507,-44.70289,5.644932,65.545654,9.17268,-32.088345,5.199065,49.249195,5.6586556,-18.814268,7.625144,27.576366,4.4528756,-10.427504,4.0646896,7.6854563,3.9251723,-6.1921687,5.3265724,-1.6089003,3.233285,7.6121745,3.699893,1688.3676830191553,302.79231836148455,1928.373999041555,208.75399114654306,0.00036579045,0.0005576435,3857.191215922274,0.011502991,0.0018126484,0.0707226109338747,0.014981647749946115
-319.61862,13.507214,144.57959,9.045219,-65.04119,6.023101,67.942696,7.161066,-40.70158,4.8975115,38.90376,5.3403254,-24.224834,6.7320166,20.199505,4.8593826,-14.65486,4.3917255,6.1471047,4.005042,-9.8454,4.12818,-2.8354373,3.9199426,8.082061,4.081419,2031.2904148706523,206.507604697835,1900.289908888197,151.3605496393137,0.0006625463,0.0008362946,4176.816893398347,0.010389191,0.0018377078,0.11383523963167054,0.02169777113111011
-329.36703,16.784302,144.49873,8.202221,-48.45541,4.549815,69.909996,6.2963414,-36.354332,4.6843915,43.297382,4.5269265,-29.701271,5.096847,23.131834,4.155996,-11.957919,4.155267,10.176499,4.0566754,-4.3664403,4.770929,-2.5877218,3.4286509,8.072277,3.6266963,1936.4737163823775,194.25582188744306,2032.1097540930011,115.64705031666972,0.00058784755,0.001099241,4361.198067720417,0.010915362,0.0024274704,0.08872670751160093,0.012795966804688006
-354.97836,22.599216,147.51813,8.909412,-37.38855,7.5172925,65.411316,9.044858,-36.814625,4.406268,41.77285,5.4066415,-29.671286,5.425691,24.01051,4.5167513,-8.77658,3.8706167,11.165583,4.0649633,-4.6600466,5.7903824,-4.91281,3.1271906,-1.1919407,3.4518185,1782.7224464918402,270.04020569006957,2010.0370594329145,157.29162019767926,0.00033769623,0.00047957004,4153.984703541908,0.011183081,0.0018244901,0.07263268561484919,0.014327644739296838
-342.85825,19.935957,152.63388,10.063875,-48.90093,4.9888124,67.404015,7.6762385,-32.02772,5.4940214,50.796795,5.296573,-20.419704,7.228521,28.822102,4.367521,-11.121726,3.5761697,6.5868273,4.235784,-6.01418,5.6689034,0.21148284,3.6501307,7.9228277,3.762191,1738.399224491754,273.6155090847627,1945.2054267572967,178.27660881997028,0.00037311498,0.00031635436,3951.4177149796983,0.011211608,0.0017892169,0.07547967118619489,0.014867765001523712
-343.48056,17.573063,144.34386,6.8431973,-41.104374,5.8890963,67.343735,6.7969413,-40.36401,4.2777267,38.540695,5.3167415,-31.955957,4.3255854,31.027294,4.0334516,-6.8079567,3.9036536,7.3633575,4.4489746,-3.878893,5.7075267,-3.4527383,3.9040608,-4.9681873,3.4846838,1914.1347566011852,205.14611358300388,2056.7261394827137,109.42904002500555,0.0004705231,0.0012946525,4456.248923742024,0.011082345,0.0018087006,0.08429025884570766,0.012961517554693004
-329.79688,16.274494,156.26282,9.54417,-51.35498,4.7338705,69.75033,5.7842836,-38.937447,4.368681,39.69717,6.151383,-26.523556,7.532865,20.54602,5.329308,-11.904307,3.9924893,7.5888886,3.9088163,-6.9276705,4.7466574,-2.454025,3.2935622,7.8196845,3.389426,1764.170666078663,226.54033150930374,1891.3690557208818,177.06721640889114,0.00046695754,0.00092578394,3944.4731320693154,0.011321245,0.0017649526,0.08221364740429234,0.012574758227776001
-344.54294,21.439491,161.91183,13.976614,-44.138504,3.9427867,69.68332,7.2621746,-30.519531,6.206673,42.218018,7.143704,-23.51301,8.530468,20.814505,6.7944403,-11.510478,5.063631,6.237187,4.222094,-4.759577,5.8483086,-2.354782,3.5050213,3.8146548,3.4700775,1570.5347377264416,310.7539954577481,1834.2430588854222,261.8644890077572,0.00033568163,0.0006122124,3596.669434726653,0.011553652,0.0016563556,0.0666974061049884,0.01459546827417725
-341.77087,24.107004,163.80649,16.026676,-44.829113,4.3428855,67.762665,8.25993,-30.565527,6.5054145,41.440327,7.916183,-25.970377,9.437617,19.161438,7.102861,-11.580133,4.7946315,6.111908,4.5178056,-5.4290247,6.097984,-2.216519,3.4776886,5.541057,3.462026,1567.402177252171,324.39891239984274,1816.9935189380349,281.8973430476218,0.00039610142,0.0014589175,3547.357899960122,0.011669082,0.0017182488,0.06908443300464037,0.01478285624729323
-347.35065,25.186417,163.51189,18.168402,-41.883842,4.676261,66.98245,8.732167,-29.143707,7.9813313,41.11554,9.17585,-23.213835,9.150748,21.01444,7.4604173,-10.729594,5.553995,5.9687533,4.501931,-5.3102345,6.1077867,-1.5294025,3.5141127,4.864788,3.2246506,1553.6333575724466,362.3486456650017,1825.1257458565194,321.1948530687381,0.0004114868,0.0019777215,3549.1065359447507,0.011620179,0.001665407,0.06543761782192575,0.016457506733958887
-351.23984,22.808834,149.42406,10.246635,-46.42833,8.21438,58.05678,10.373412,-40.636883,4.817035,42.72718,4.859718,-30.02792,5.9310656,28.374525,4.4506,-9.083413,3.6089551,6.5032334,4.3565598,-9.867286,4.8564296,0.4801379,3.2597978,13.377292,3.64614,1844.3193259971922,267.6467561175573,1986.5851998029425,147.8162535679274,0.0004277822,0.00079757883,4123.583417923433,0.010407099,0.0018115339,0.08289905379930394,0.012868739184197673
-347.85544,24.839766,163.77005,17.503439,-40.85286,4.553319,65.73087,8.549968,-28.850916,7.78134,39.728157,8.710991,-23.519938,9.117342,19.719734,7.8728786,-10.986027,5.3979545,5.750247,4.5119786,-5.809791,5.9070826,-1.94317,3.6578012,4.353998,3.4276128,1529.6390635577131,344.9145523581134,1810.2867748111237,312.6473342430147,0.00032468393,0.0007070832,3494.723956822796,0.011583518,0.0017064319,0.06423787340487239,0.016354961283023422
-360.98108,29.871607,155.09319,16.012676,-38.144775,7.16161,72.43557,9.513055,-24.474487,6.777123,45.493355,7.887541,-22.951857,9.810034,27.08383,6.0509434,-3.8394852,3.9996293,12.471468,3.8547716,-5.325559,6.0507827,-4.263799,3.5806618,2.9180844,3.4928155,1563.9863890052861,392.8336812286914,1887.119983695667,292.3834240482562,0.00028113186,0.00045300208,3638.9864255546695,0.011659781,0.0017603469,0.06249433548433875,0.020586411352178875
-324.2218,23.145044,155.56398,11.574446,-58.203587,6.429796,64.034546,6.107947,-46.743664,5.826492,30.789494,7.227883,-32.979206,5.4723153,23.546476,4.8439417,-12.181297,4.0947227,5.239263,3.6695778,-9.763024,4.508733,-5.488295,3.4624784,3.1765358,3.5175927,1860.781176150066,231.77702036463037,1875.604458879244,171.20560048765105,0.00055635994,0.0007511169,3969.9032953886312,0.010763869,0.0021096256,0.09451924122679814,0.014654691665208101
-350.12622,26.947823,153.1144,16.48346,-45.301773,6.5389085,67.90553,10.390324,-31.41743,8.1090145,51.91191,7.2221384,-20.076162,9.367557,26.01396,5.7446156,-13.365821,4.3353515,4.551542,4.15783,-6.2325993,5.800333,2.175273,3.5773149,9.461261,3.6540318,1740.6805250217253,443.168586464163,1937.473060803761,264.36150187797693,0.00042315605,0.0010515223,3917.619079448231,0.010942187,0.0017110475,0.07752116263051044,0.03245509521573666
-366.6416,32.58601,155.05334,18.413996,-28.90488,8.244282,71.14107,11.298609,-25.293304,7.4531565,41.594296,8.197474,-23.5556,9.204382,20.447346,7.5121226,-8.192114,4.441687,10.750806,4.390976,-2.9974606,5.7062583,1.0582589,3.8236852,6.4844747,3.7691991,1526.9675876488548,428.0891643183992,1886.8700289157373,336.79984675796953,0.0002380163,0.00014071065,3596.1198634171983,0.011484582,0.001760908,0.058174575841067284,0.019490825360434737
-342.1314,23.086857,156.78658,13.9719,-43.562374,5.498488,65.1815,8.504466,-28.012295,6.7120237,40.905952,6.895837,-26.90542,8.042962,19.08277,6.562425,-7.9756913,4.5537186,10.726465,4.2793026,-3.5748951,5.461489,-1.4477923,3.7486026,7.6519074,3.2374425,1627.7849974859703,308.0458239018636,1866.9071381692488,250.69075411770353,0.00033486146,0.0004930152,3687.173837188225,0.01170754,0.0019364209,0.07075773093097448,0.016882161208962534
-334.13885,26.537296,168.56895,18.296091,-50.52951,5.2646546,50.17424,11.572937,-39.6746,7.8142123,40.23983,9.865233,-20.10508,9.3513,25.50845,6.6652203,-9.629653,5.2310243,3.5779793,4.984069,-9.776385,5.605774,-3.2107496,4.3094773,6.923529,3.7698848,1594.2284910630528,328.0885626650237,1759.1140578586317,311.08100863045996,0.00034093106,0.0004521434,3436.8940667597158,0.011549897,0.0019900547,0.07770129422853829,0.013846071135855747
-348.69693,22.85075,152.23473,10.315932,-43.70279,7.9786854,55.84907,10.667444,-40.537766,4.9089465,41.34915,4.4994884,-30.810991,5.3209085,27.205244,4.5988903,-6.4786744,3.8658412,9.261608,4.0177464,-10.523438,4.7602415,-5.089597,3.5089254,7.676716,3.3493578,1787.717342260422,268.4541780207323,1957.9543352148949,162.9803861300988,0.00035569826,0.00029725343,3976.398229045824,0.010767541,0.0018544521,0.08271552349187936,0.012028829039558358
-381.7782,43.922115,152.13544,23.497036,-24.238459,10.828171,67.51474,15.394382,-21.163687,9.506298,40.209415,10.694016,-16.154247,11.755036,26.127256,7.7927175,-3.3452063,5.6349216,9.263245,4.7991385,-4.0524025,6.623775,0.5733257,3.8518384,5.6808662,4.3414893,1494.7509486947513,519.7136989943064,1859.1231026185542,424.65558602446333,0.00021698227,0.00020438583,3536.241571200696,0.011381643,0.0025296474,0.052201910527842225,0.023018564207826504
-356.5054,29.05612,157.85397,15.593677,-39.404556,7.0949388,65.94183,10.220644,-27.561474,6.473323,47.692776,6.8810244,-18.719269,10.124979,25.696957,6.1320205,-8.961734,4.2866454,6.3740044,4.329106,-6.9261146,5.609291,-0.80676544,3.499355,6.1032395,3.504104,1568.6264960573724,378.68043101982187,1872.4738226651828,284.6148018096814,0.000304707,0.0005483517,3599.567174358324,0.01134628,0.0017340983,0.062229236151392114,0.01840520502500162
-355.14417,22.27297,145.06973,8.131414,-34.82598,7.9307547,65.8428,8.67125,-38.585583,4.0486083,40.70759,4.8037043,-28.370867,5.788374,25.076124,4.3118486,-7.9534106,3.7193604,14.032475,4.165146,-3.3913772,5.041893,-3.043,3.4170177,1.2257296,3.588739,1813.9215451981884,257.48733988921066,2047.6370391981075,138.04243601753666,0.00032529095,0.00028838828,4273.866190545244,0.011136675,0.0017812345,0.07211494888341068,0.01390691381122631
-328.94244,16.336575,145.70468,13.614306,-56.394276,5.8812103,58.262836,6.639338,-34.59167,4.923822,47.451904,4.4045916,-22.460876,5.735846,23.47743,4.941652,-10.217419,4.4008503,6.345223,3.8749855,-6.376869,5.2923436,-0.20145454,4.162967,10.170913,3.949621,1900.0290785175243,294.47515809106443,1936.5312967772268,166.91995899499696,0.00055373163,0.0012505398,4138.072116081787,0.01120539,0.0028606188,0.08963529582366589,0.020761090280271153
-365.84857,28.115358,153.38052,15.045054,-33.60622,7.125936,73.269165,9.81488,-26.763853,6.840641,45.340225,6.6321006,-23.170126,7.5177326,26.981842,5.509725,-7.2049646,5.079154,8.884299,4.0644503,-5.988717,6.121714,-3.913079,3.7658696,3.2688112,3.5519426,1575.368081550747,382.7027075576443,1929.1403026968508,276.3053916730116,0.00026858316,0.00037408678,3729.041178763051,0.011404344,0.0016532335,0.05953859121229698,0.01841379453471341
-370.9746,34.89878,154.27567,17.923185,-34.912594,8.793357,73.853485,10.471682,-24.239202,7.764089,44.88071,8.688511,-24.790644,10.463218,26.907972,6.5983124,-3.5293977,4.574066,12.826888,4.0980973,-4.896563,6.1260695,-3.2321618,3.5531588,2.4081204,3.6652946,1553.4060957886052,433.92433501944674,1897.6790883730198,326.5925092744196,0.0002895372,0.00093793817,3655.87325306337,0.011685086,0.0017416982,0.05827880292923434,0.020614576228474873
-368.69336,32.770958,157.36931,18.076374,-31.307814,8.054753,73.00433,11.728417,-26.43852,7.661336,43.337475,7.992977,-24.44723,8.4321,25.39564,6.187633,-6.8042297,4.972835,10.161366,4.2006946,-5.496375,5.6277933,-2.5891623,3.5277956,3.599481,3.3152883,1521.187627420736,420.1301676889857,1889.630177962567,334.55665901890364,0.0002711313,0.0007099791,3600.3915313225057,0.011554905,0.0017072974,0.056745984991299306,0.019949859886706806
-348.12842,19.939676,146.0691,8.094101,-48.449223,5.6845927,66.485466,7.249044,-39.255085,4.164512,40.826637,5.4371934,-33.130184,5.2660017,29.191679,3.669856,-9.637652,3.9819114,2.889406,4.2990155,-11.183654,5.6750793,-8.128307,3.4055166,2.3536234,3.6358633,1917.3870774350394,229.44774054740006,2011.0651290891833,134.36226230455165,0.00043147508,0.00045575137,4329.372892800174,0.0104621975,0.0019364371,0.08588878516531323,0.011992009176602859
-352.2478,22.909851,150.48624,9.913935,-39.3776,7.517076,58.904373,9.970121,-40.40129,4.901338,41.550594,4.8728633,-27.795357,5.493962,26.10442,4.597811,-10.021679,3.9594238,6.259498,4.1269526,-11.163038,4.854415,-5.7659945,3.4137933,5.2117486,3.8117788,1764.8236761215967,280.37250281519215,1977.824040947134,171.3807399755735,0.00034745058,0.00048535998,4026.7839259171983,0.011027741,0.0017378028,0.07863593931264501,0.015050667188703914
-347.67285,21.592564,152.56479,10.189717,-44.26393,5.4249086,70.49753,7.467702,-28.735235,5.416231,51.04352,4.820223,-22.665716,7.7269607,26.040524,4.429188,-12.8531885,3.6420853,4.748915,3.8273792,-7.9527297,5.3811235,-1.679849,3.4040582,6.267377,3.3905761,1706.9626782105915,291.55852314848005,1958.1663599314593,192.71006970262675,0.00037210164,0.00052180816,3946.0219239414155,0.011158286,0.0016240416,0.07002021099187936,0.015980814627535977
-321.69278,13.809712,151.74768,8.130539,-59.696053,7.9539957,69.2172,6.197145,-40.931118,4.673892,34.499924,5.9674907,-34.261536,5.0297494,22.227465,4.2539773,-12.450601,4.733585,3.3514626,4.0688043,-6.2819138,4.775576,-2.4975507,3.8232725,4.2802215,3.597303,1906.1521677737824,199.01259263861058,1891.64653589852,151.1744043446744,0.00057231373,0.0007146066,4071.374143525232,0.010687594,0.00180192,0.10079099296693736,0.016525098518976027
-322.0657,13.590099,121.006134,7.834325,-81.6425,6.0212545,78.23822,6.134057,-39.79434,3.942258,43.751232,5.359551,-27.777836,5.123612,26.858156,4.5157585,-12.720476,4.2696295,8.448597,3.7687683,-5.0645366,4.158491,-3.4400802,3.5098662,8.215055,4.230631,2482.491367417501,164.08402289275892,1939.5350644465773,91.56994490818674,0.0011332425,0.0021874136,4658.940814874565,0.009413028,0.0020509313,0.15242418612238978,0.03322522012152358
-351.61612,25.873579,162.09383,17.997229,-39.496883,4.6736393,66.68977,9.353279,-27.158648,7.6249857,40.96219,9.428192,-21.34606,9.716689,21.885895,7.7624197,-8.332443,5.6771283,7.9756136,4.8127613,-4.3096347,6.0723886,-1.1393541,3.642336,5.753394,3.491078,1522.915510747461,365.7138181203303,1827.6241292343536,328.48999298071516,0.0003055816,0.0006894282,3521.9027561267403,0.011610962,0.0017812168,0.06283760513341068,0.017605418706576413
-345.98514,24.082685,164.30699,15.994097,-45.234467,3.9498332,67.97605,7.482094,-28.791824,6.5997806,42.670334,8.215085,-24.58027,9.648059,20.127071,6.9609504,-11.498155,4.892907,6.0912476,4.5232625,-4.858797,5.8666925,-2.3744323,3.3226402,5.229865,3.149333,1546.5777258910612,343.32745393697456,1808.6019538391379,293.16479120561024,0.00030262404,0.00022818078,3506.539739976073,0.011476777,0.0015061719,0.06724686412412993,0.017127085223385012
-353.1994,21.993483,149.02747,8.323468,-39.009132,7.6338735,67.78338,8.356382,-40.88669,4.233782,43.02522,5.291823,-30.540329,5.427882,26.979395,4.2502265,-11.143294,3.5332968,11.912478,4.345853,-0.042551592,6.2759,-0.89435893,3.6045804,1.5808378,3.1148014,1815.857442528468,269.20120318734934,2040.6614111422525,144.46908586489096,0.00035311858,0.00045011626,4257.154226635006,0.011129315,0.0017830924,0.07501744670823667,0.014777095387590193
-355.1669,26.698133,158.9043,14.550191,-43.602295,5.5291348,66.293045,9.675525,-29.76605,5.9429326,49.610146,6.4772015,-20.252792,10.217202,24.58936,6.22035,-12.182658,4.29846,5.061107,3.9837487,-5.696945,5.2123065,2.415971,3.7802806,8.809808,3.4193068,1605.9158492820284,350.5687253656423,1879.0597578515374,271.7090455980133,0.00031050664,0.00029490952,3672.9349441705335,0.010958313,0.0017295493,0.06689339834686775,0.01810167549927538
-353.357,24.073954,152.78299,10.652212,-44.97233,7.607177,56.934025,11.288387,-43.14298,5.535127,44.173634,5.34122,-28.830116,4.819754,24.751871,4.4988065,-14.6656685,4.3448167,4.481999,4.5955133,-3.7851372,4.842086,7.6588297,3.5751386,13.789413,3.903742,1809.1363077158885,285.14463427816736,1966.492337404706,177.72528853896802,0.00042892975,0.001054406,4021.562998477378,0.010333695,0.0017809317,0.08284014283642692,0.012952729681117362
-339.6262,15.770143,144.69817,7.298485,-48.491432,5.242746,77.05366,5.1494966,-28.366508,4.5883965,51.314384,4.490598,-28.995502,5.280096,26.260807,3.8143592,-12.032444,3.7194228,9.073623,3.2007394,-4.0756617,4.583744,-5.268171,3.222521,3.8533006,3.6314766,1867.500323965402,219.46459579040123,2034.7507789836247,120.9576612940074,0.000495121,0.0010280272,4304.267476163718,0.011184737,0.0015700776,0.08100483976218098,0.014638190736975719
-358.18704,27.311646,159.8041,16.138348,-39.756744,5.3392954,66.41022,10.488921,-29.962664,6.821726,49.61485,6.826865,-17.038536,9.53427,24.744757,5.9447513,-12.805121,5.142098,3.2803533,4.5235996,-7.6025925,5.281802,-0.3404435,3.8813813,6.5313325,3.5983644,1565.0830865226255,377.11566120039396,1865.9142550686736,296.8755970404752,0.00029297447,0.00041726898,3608.635100964327,0.011304931,0.0017885652,0.06235385549593968,0.017392678524213966
-321.95233,15.388945,135.72249,7.0982637,-82.15837,7.524403,67.724625,5.494907,-39.101048,4.58019,43.175556,5.4942966,-29.833487,5.344242,26.225637,4.2599363,-13.096657,4.126069,8.772185,3.3414674,-0.20728955,4.7782803,-7.429582,3.3300316,5.6763606,3.5108628,2246.245022714435,160.58111786589984,1882.7140548240654,128.22825034574814,0.0009353208,0.001234982,4419.702431663283,0.009192491,0.0018002413,0.14042447614559164,0.024212254932079035
-352.79575,23.32736,154.08937,10.6414995,-44.594154,7.085891,57.77963,10.278188,-42.1629,5.8502126,42.131905,5.139674,-30.204077,4.5505004,23.876972,4.4559855,-14.914336,4.1044836,4.9538054,4.0251718,-3.1200402,5.2501574,8.02946,3.81399,14.301226,3.9009514,1780.1229295618577,272.7290683423619,1947.1371610481167,177.3484307459488,0.00037504378,0.00058978295,3957.2381747571058,0.010443935,0.0018701426,0.08132091973607888,0.011446786197779134
-376.47824,42.74045,155.30719,23.373892,-28.215582,11.686024,66.27929,14.3778715,-20.94956,9.563989,42.067196,11.821073,-19.699846,12.3344,26.114174,7.3196383,-3.140502,5.393617,6.518267,4.0441804,-3.083594,5.3325562,-1.231333,3.8914297,3.8233814,4.1748447,1495.49145626238,505.8699788471258,1830.043655665067,416.2625474066246,0.00025879234,0.00042284673,3504.7911039914443,0.011215604,0.0019666327,0.05784036941705337,0.022758434931099806
-349.9803,21.251556,151.73656,9.462011,-42.428,7.0490303,61.278076,9.559112,-44.00852,4.450582,41.22675,4.857684,-30.7895,4.5905466,26.736433,4.196166,-9.623439,4.107727,8.431036,3.8008144,-8.893207,4.6218524,-3.2479246,3.39645,8.423812,4.113377,1808.4776681831836,259.4045680698085,1993.1398776991416,154.89741946483662,0.00034711434,0.00024039901,4130.927689058874,0.010945274,0.0017711289,0.07982095598897912,0.011867850793344365
-345.98907,18.54772,152.20534,9.030013,-50.924767,5.8122473,60.947124,7.8025827,-42.977386,5.2465954,43.51692,6.545776,-29.082369,5.860802,31.403503,4.4827533,-9.36842,4.536078,2.1133778,4.370488,-7.080133,4.812716,-4.962552,3.8698294,1.0758736,3.4509752,1845.736878844515,245.36387300828525,1949.9263492799223,159.91733023158176,0.0004514642,0.00093640306,4131.377338312065,0.010461253,0.0015710536,0.08802317466647332,0.01444995326915095
-352.66238,24.18103,153.50122,10.737233,-45.29188,6.99288,56.35798,11.187786,-44.013016,5.5306005,42.296074,5.0175557,-28.251966,5.3801665,26.306269,4.587707,-13.438473,3.6288784,6.9758,4.00748,-3.2209096,4.8651314,7.114462,3.4764056,13.324438,3.5233123,1797.3758206458313,283.2875387359372,1953.8916025981555,183.48121346763133,0.00036963273,0.00045761745,3971.152321091937,0.010587797,0.0018604057,0.08252746157192575,0.011574906286093582
-350.38196,23.2095,158.19167,13.10188,-48.736115,4.8738713,62.37091,7.8948565,-31.91951,6.097642,51.034813,6.8822284,-18.380632,8.884225,24.168568,6.3834934,-13.003939,4.1744747,2.7065804,3.6575878,-3.5937994,4.4381847,2.7944086,3.6147413,7.5555687,3.6312625,1645.8759964036062,322.7987672820362,1857.9606045555183,253.41218206824237,0.00033727806,0.00026285634,3726.5431273564386,0.010656906,0.00160354,0.0722497643561485,0.017019597685194166
-332.43805,15.566078,153.47581,9.6880455,-50.054806,3.9856594,71.7934,6.637977,-36.397446,4.8057175,41.62973,5.934133,-25.061245,5.4747787,24.22367,5.089476,-10.744002,4.641769,10.105761,4.244916,-5.253841,5.25864,-5.2979684,4.2070823,5.992907,3.91702,1782.2291629920553,240.18657737731962,1926.1999064566073,179.09675534781104,0.00042456505,0.00039630578,3973.875197125145,0.011302033,0.0017026527,0.08199273129350348,0.015485406714169401
-342.50113,19.686779,149.03606,7.6474476,-44.092922,6.1524787,60.183006,7.417449,-42.462795,5.45334,37.538445,5.5630126,-30.11918,5.7277536,29.253983,3.5762267,-7.5254927,3.6828856,7.1435347,3.4301357,-5.1045804,5.09539,-8.9758415,3.4710135,-2.6067162,3.4235268,1850.3161360081556,225.39684548464894,1976.8100889477614,134.03586380567148,0.0004599849,0.00074897293,4197.350875960702,0.010515319,0.0019804577,0.08754622244779582,0.01268196288286592
-345.126,22.2519,158.91466,14.181389,-42.857567,3.87792,68.01294,7.4274087,-28.771921,6.9584756,42.881554,7.451929,-21.145872,7.817364,21.289995,6.5008955,-9.8271675,5.6085,7.1923857,4.432268,-4.5700045,5.539285,-3.4843416,3.3783343,3.8535733,3.2321115,1580.045964749449,326.70377119534044,1846.5493310057361,269.1816123134535,0.00031672043,0.00039475536,3621.8497929053074,0.011530244,0.0017931055,0.06605165131960557,0.016478481040190136
-335.97195,19.86613,153.27187,11.437061,-48.517483,5.286825,69.604744,6.53983,-33.687386,7.312154,43.31354,6.2664495,-28.065336,6.7764044,21.181614,5.870062,-9.921499,4.972473,9.079159,3.2542179,-1.2391461,5.1982393,-4.122081,3.7930703,4.2888026,3.8977823,1754.3683070693746,280.8644934384877,1913.075004469312,199.67349210596254,0.0004918626,0.0014861978,3976.048501848898,0.01116835,0.0015403552,0.07835158062645012,0.016429286931157965
-356.60458,23.978607,151.83218,10.556761,-39.553417,7.782512,60.88179,10.355861,-42.39984,5.0039325,40.87519,4.9689074,-29.849703,5.139854,25.13855,4.9132113,-10.413789,4.3482246,8.171416,4.18471,-10.072059,5.10436,-6.9631896,3.5612507,2.58716,3.7505698,1780.2209736954765,289.3243639068359,1983.4945901192887,180.46278596220088,0.0004145588,0.0013179333,4049.7909793720996,0.010592033,0.0016624439,0.07867445801914154,0.013314906939006839
-330.32193,24.803383,141.3753,13.652458,-56.825306,8.424805,77.89198,12.403338,-40.7196,7.2507405,43.488842,6.9795074,-27.815441,6.222917,19.446854,4.9937634,-11.878606,4.149174,9.86629,3.9361756,-6.519007,4.955251,-4.208598,3.5271387,8.30132,3.63791,2094.052882547869,340.4841482410929,1974.4401097787872,163.63320990126627,0.0006612218,0.0007819967,4369.741403531032,0.010156833,0.002054455,0.11470304343097448,0.03528662764731012
-352.458,21.141321,147.27097,9.906484,-43.303333,6.619427,74.28396,7.623975,-26.748472,5.9261203,51.077045,5.644437,-24.372435,6.737833,29.514526,4.196837,-6.778353,3.8085701,9.50298,3.474821,-2.9770548,4.507513,-3.6575134,3.6998372,3.254891,3.5482106,1738.6660242140765,287.2654557806383,1993.3193291753246,172.50494400408732,0.00035059452,0.0003063866,4080.3921091031034,0.011129081,0.0016626919,0.06936426007830626,0.016892494355388164
-375.79172,43.83983,157.88033,24.407892,-27.806396,11.737392,70.13321,15.849922,-22.761116,9.31519,42.45624,10.237759,-21.105497,11.252843,22.306192,6.586395,-6.4464626,5.454698,7.8778596,5.4428043,-8.235348,6.162917,-5.0579944,3.6006825,5.657619,3.4707263,1490.141401580331,515.05330486837,1827.1945960185785,422.75640375199794,0.0002538641,0.0005450862,3452.631790621375,0.011429182,0.0018813041,0.056314348897911835,0.021482360842298102
-356.8739,29.346811,157.45036,17.77138,-43.581547,6.5521965,59.467514,11.313224,-25.856419,8.210916,48.54776,7.6058817,-19.615683,9.537396,25.26016,7.545713,-4.691585,5.1777306,7.8681726,3.4532588,-3.6254978,5.295849,-3.2025375,3.891637,2.434043,3.5736125,1597.2617451039232,383.9318785044265,1821.650266661699,315.5052595086715,0.0003429766,0.0010594807,3553.5280869344547,0.011035195,0.0017795637,0.07474554995649652,0.014470038951019823
-325.91104,26.863594,129.3737,8.003095,-79.61791,12.818603,62.75213,5.4352107,-44.164806,7.6006846,49.731865,7.7059865,-29.030891,5.127334,22.088095,4.6790266,-14.75832,4.381594,5.179416,4.809095,-5.665105,5.5968685,-4.032342,3.1859283,5.952267,3.7460232,2350.6538985131465,224.35855377963188,1961.660878386696,124.78045615884223,0.0009343216,0.00097437785,4679.92444669011,0.009365852,0.0022960159,0.1359257178074246,0.03930764938171622
-361.20532,27.861242,152.31987,12.146023,-44.54142,9.249738,55.648228,11.475161,-42.805233,6.1712413,40.066986,6.6008215,-33.248604,5.762644,24.836086,4.8114963,-10.149275,4.0598283,6.833557,3.7224457,-2.0646636,4.402209,5.8215213,3.6151702,12.520983,4.502966,1787.0868706542662,327.6793595753553,1936.1217868246533,203.95272105664816,0.00030616336,0.00029649082,3943.8985802457946,0.0108065335,0.001615828,0.08003280887470998,0.01479068686025889
-347.92078,33.32296,154.32195,16.910566,-48.52786,15.011283,68.83486,8.493105,-27.745537,7.586109,39.639236,8.016569,-25.751274,9.145614,18.45636,6.722751,-11.198244,5.1760306,6.735592,5.188915,-6.0665236,5.735537,-3.7088315,3.354877,4.646353,3.8165483,1707.7246209090467,390.35668561029513,1850.1623579921911,293.0564141403158,0.0003889908,0.00069610693,3760.966275739559,0.010715574,0.0022489773,0.07747924521461717,0.02711344993417475
-352.3437,23.229465,154.51797,10.850811,-48.84584,7.8145595,56.343555,9.931739,-42.723473,5.2567186,45.361984,5.737958,-31.048721,5.7423134,26.408707,3.977574,-12.123698,3.8318024,4.8346167,3.6474884,-2.2184308,4.3242145,6.3769917,3.667221,11.70256,4.709302,1807.144841954469,284.67927371004316,1934.2243113257116,173.84791089635146,0.0004257735,0.0008536321,3982.593396534223,0.010202155,0.0015527898,0.08769916437064965,0.013298517488173414
-373.8985,43.01499,154.89978,23.699701,-27.396414,11.413558,67.37813,15.671977,-22.08795,9.379095,42.04534,10.072215,-19.66051,11.08079,23.864635,6.6525073,-4.256549,4.9631553,8.67681,4.706675,-8.30281,6.7144055,-5.2472386,3.6907847,5.670025,4.0207124,1515.1464690011396,496.0008669267592,1852.1551559616892,409.78419932695095,0.00025568352,0.00045799068,3523.12680131598,0.011488014,0.0018964567,0.05710058367169374,0.02115717210024913
-352.21774,22.564335,152.75363,11.158413,-45.29694,7.818842,58.86321,10.341068,-40.416218,5.7467866,45.336742,5.3628926,-29.668571,5.6885796,28.614672,4.286271,-9.486249,4.072864,4.9951897,3.8763657,-7.739091,4.1136484,-0.83878464,3.897559,10.772782,4.5644584,1793.933402462469,285.16025217080954,1962.5663300009905,172.73938843181423,0.00042788175,0.0011023375,4043.3709872571058,0.010434075,0.0016759356,0.08258750543793504,0.014144182043155956
-355.96347,27.250082,159.41304,16.025303,-43.228374,6.159074,66.476456,9.788758,-29.832367,6.8561497,52.753044,7.707635,-18.572287,10.017954,25.2992,6.3376017,-11.983741,4.046283,2.9017184,3.7044673,-4.7525473,4.572457,0.83082736,3.6082628,6.278045,4.0594535,1595.8407834184209,378.1956127119914,1866.862702723135,289.0544900461143,0.0003109915,0.00031766857,3668.263588040168,0.01102531,0.0014701366,0.06820416727088167,0.019590121129092346
-339.49774,27.476385,158.05579,14.997271,-43.216526,7.0581274,66.150475,7.5928125,-32.436405,7.504239,41.745594,8.252591,-28.393919,8.527896,18.204388,6.195815,-10.104051,4.81611,3.60259,3.7834337,-5.7260933,4.835117,-4.5857058,4.222378,3.2753894,3.537893,1655.3753207152436,344.4748732722073,1862.2443332320747,264.9608760985935,0.00040342013,0.0008537085,3779.751622317285,0.011296585,0.0016491186,0.0746084686774942,0.018836656814249935
-351.8521,21.616556,151.6095,10.602822,-43.653866,7.9242835,59.744316,10.541786,-42.032887,4.7067275,44.688713,5.170883,-29.747091,4.873299,28.566248,4.0961637,-8.170874,3.7320228,7.6086726,3.3735576,-7.852918,4.46892,-3.1261094,3.4163988,7.7078238,4.2022285,1808.1729516644002,275.14457774405327,1977.2816342359706,156.91551152311865,0.00037710753,0.0005488899,4084.8136600928074,0.0107683195,0.0016838446,0.08382803436774942,0.012031409929206684
-347.3875,20.959631,151.21727,10.07833,-44.092274,5.46641,66.46042,8.092653,-30.078398,5.483037,51.060863,5.457179,-18.189943,7.022944,27.14513,4.697293,-10.28844,3.755029,5.3834176,3.243905,-3.03361,4.9778347,1.0555084,3.3201447,6.7550163,3.9053538,1688.0231114471894,278.13377740126884,1935.641921806222,187.91987495561526,0.0003513916,0.00039558328,3917.1444496809745,0.011198427,0.0018507704,0.06750516603828306,0.014805838348749718
-355.49997,26.564331,155.35255,15.475925,-38.15897,5.8184795,64.499565,9.900838,-27.457651,6.6852503,48.531235,8.015457,-14.513901,8.991749,24.93328,6.5463786,-11.631451,4.8299417,3.8734326,3.532102,-2.4772258,4.6189456,2.4824896,3.292621,5.807141,3.973456,1569.442406974941,363.76828556091925,1873.0369741598904,286.5505074078134,0.00029934157,0.00088812487,3643.4829180865718,0.011902422,0.0020408884,0.05928935252320185,0.015329695619422717
-351.98914,21.018768,147.52557,10.477408,-43.314075,6.009919,55.55613,9.400661,-39.770058,5.4445577,41.61541,5.2038693,-28.116175,5.202245,27.67061,4.892743,-9.498088,4.4506974,5.9920936,3.5626714,-5.0407825,3.7487,2.1062813,3.6342664,11.51646,4.7041936,1821.4292823671444,275.49393968752446,1984.9623173069135,183.09387951063192,0.00038271112,0.00077320624,4135.698967245505,0.01100473,0.0022737714,0.07636333562935035,0.011845486385914593
-353.6967,26.26432,155.48477,15.079635,-38.978054,5.10817,62.660973,9.71802,-28.581198,5.916178,49.827766,7.8271427,-14.504627,9.350366,25.107973,6.6020937,-12.706175,4.3449287,3.5358403,3.6341736,-2.7380264,4.7048845,1.9335673,3.9343858,6.283534,3.780524,1586.1892213112048,349.6621077719186,1881.7660143198832,286.53076417966975,0.00031165138,0.00087384967,3690.8459727559457,0.011751607,0.0022469023,0.062257558729698376,0.014229926380629457
-353.8452,22.991264,151.86267,10.895683,-41.63748,6.8798633,54.69483,10.524248,-38.807236,5.318334,44.265408,5.679855,-27.6225,4.774812,26.081295,4.07598,-13.185112,3.8013058,2.3287532,3.909323,-1.7720807,4.413931,7.3128366,3.9475653,11.289183,4.512446,1758.1634233378,279.3400974429984,1952.3649196840029,188.03553595407948,0.00036386156,0.0007278639,3956.164012652262,0.010812195,0.0021200995,0.07548193699245939,0.011299939422838322
-347.2547,22.054533,161.82237,14.702468,-42.11829,4.413988,67.94086,7.3642745,-28.506208,5.953933,41.53104,8.548527,-23.500673,9.319483,18.695747,7.7831597,-12.482857,5.436915,4.211243,3.6724696,-1.963759,5.2706285,-2.7119215,3.8343177,2.7211165,3.243909,1542.9616883320916,309.8339252007357,1813.304943525096,274.75984047714843,0.00031322823,0.00055752846,3552.403963801479,0.011627321,0.0017479392,0.06267786579176333,0.013069406323854475
-344.3489,19.895555,162.98811,13.809177,-42.312347,5.02231,67.120995,6.6998105,-30.202015,6.212015,41.078262,7.7746267,-25.166147,8.118798,19.920439,6.936473,-11.0964365,4.7091837,4.5961494,3.8018107,-2.361612,4.298088,-1.8953267,3.5468159,3.8108275,3.5991485,1540.9948234775145,299.8820102983167,1812.091259294274,264.19198474228074,0.00036695253,0.0012248314,3536.441415313225,0.011577448,0.0015128552,0.06565626812645012,0.014854520459245528
-336.90314,12.500917,113.611694,5.4081917,-65.72616,5.117693,83.38654,4.469521,-47.1906,4.958934,46.15474,4.4862185,-32.986248,4.3203287,27.918062,3.8261142,-19.274807,4.1725316,9.992627,3.5203016,2.8809187,4.6660013,-12.421915,4.3022804,9.483204,5.036964,2730.4810973807057,147.5802018409888,2135.3709717140478,64.55984091628841,0.0011832163,0.0019910848,5458.192362420244,0.0084297275,0.0019356376,0.1850246066560325,0.05415637047995961
-358.46216,25.74987,156.74242,14.640304,-40.82905,4.9553986,62.863518,9.088675,-28.137346,6.4692054,49.379395,7.1862607,-16.577578,9.257867,25.612597,6.4411864,-9.719226,4.424952,5.239019,3.879939,-2.0485759,4.2607207,1.8060879,3.35811,5.5430017,3.7755606,1575.2606550947262,348.51800809108744,1870.0760226091531,275.22493535282234,0.0003861272,0.001661541,3653.350221142691,0.010956176,0.0017648484,0.061848580698955914,0.016532610247877142
-344.8199,21.622808,163.4729,15.386084,-42.49351,4.8366127,65.580635,7.1371846,-30.172932,6.7296133,40.892395,8.247333,-22.875158,8.557132,20.337482,7.541076,-10.600133,5.1971626,5.0865393,3.606198,-2.3034132,4.7239966,-3.0173051,3.6321275,1.9372696,3.5314357,1536.5943779411948,317.581466657722,1803.0377208137954,282.94184555559707,0.00036092065,0.0010438976,3523.701353139501,0.011478451,0.0015943557,0.06563474296693736,0.015294538781978784
-348.30396,22.016665,160.77827,15.404337,-42.949,4.58472,66.6065,7.2325068,-27.669949,6.4559712,42.868855,8.173693,-21.771698,8.867872,21.301344,7.0339856,-9.830518,4.910868,5.477505,3.9748156,-2.2456884,4.574759,-2.6375537,3.6640148,2.57583,3.3938065,1551.0963332988326,315.3964516188479,1819.9728230055089,279.51243515473203,0.000334339,0.00078064087,3566.942622987964,0.011484365,0.0015966498,0.06318993800754061,0.014066548114943542
-354.76807,22.422081,154.22154,11.318864,-44.078686,6.930055,58.28855,10.075598,-39.69039,5.3825,43.441097,6.079589,-30.188232,4.9538946,25.051695,4.755626,-15.407381,4.131781,2.3810537,3.6441827,-3.1818287,4.5251637,5.116798,4.094697,10.793968,4.303689,1775.0316342959286,284.87227829777504,1945.3119669962407,190.82415043205842,0.00042795532,0.0012413968,3966.4809649615718,0.010100252,0.0016555483,0.08139909005220418,0.01335448970683994
-344.6711,20.126072,161.25476,14.293894,-44.117783,4.4151597,68.33783,6.6830587,-29.741245,6.0228257,42.52313,7.552191,-23.53059,7.9446,21.701664,6.7129035,-9.627158,4.619287,6.261917,4.0246954,-2.768905,4.5295258,-3.6093128,3.4468179,1.8115926,3.4441066,1570.281892640943,302.74421118671444,1828.3901673204832,258.90897532060603,0.00036759625,0.0010252699,3599.9169015552493,0.011450837,0.0016078833,0.06693418285962877,0.014915782848242484
-347.1348,20.528006,162.83885,14.261731,-45.530327,4.275995,69.03585,6.7905226,-29.884186,6.476809,43.05696,8.110668,-23.36867,8.378145,21.875822,7.1993127,-9.722609,4.6947045,6.214777,3.8339875,-1.712727,4.7538395,-3.157662,3.6872752,2.4948962,3.1334097,1552.0493662762829,303.144686402069,1811.7163910998784,263.99373531139827,0.00038611004,0.0015561042,3561.621773491879,0.011250362,0.0015043443,0.06583413391821345,0.014143392929854863
-354.1759,21.24362,155.29913,10.055835,-46.790295,6.8493967,57.521458,9.189655,-41.474876,5.6401696,42.935894,5.903967,-30.859678,5.489865,25.69833,4.0992703,-14.807243,3.503992,4.5021405,3.6877508,-0.54778063,4.405494,6.935975,3.668749,11.246373,4.3313484,1765.3868395526188,270.1801961726193,1928.035775623664,176.61571390995684,0.00038668374,0.0006371023,3917.7439820185614,0.010343338,0.0015805117,0.08128353393271462,0.012362838120022568
-351.8644,23.920027,165.29074,17.697252,-42.03114,4.2875447,67.1879,7.9904737,-28.236164,7.44037,40.75496,9.620223,-23.573952,9.522452,20.985077,7.2686043,-10.593472,5.350957,5.425241,3.951475,-1.3818773,5.1649013,-1.188001,3.8072572,4.4703574,3.58039,1500.3093447663787,345.94450838282165,1786.133644495477,314.2954473265156,0.000305923,0.00055708166,3447.385882667488,0.011474533,0.0015366626,0.06187916908352668,0.015649996612701524
-316.73462,9.140696,133.61327,4.689928,-74.098564,4.143424,73.63961,4.1411657,-42.637012,3.849395,41.87778,4.73513,-30.954521,4.140751,26.184032,3.6055582,-17.988363,3.3264172,7.2227545,3.5506272,-7.333843,3.4730294,-8.847156,3.1231601,6.304986,3.6299841,2306.1912206054976,111.10404152319666,1973.0130506928085,75.68769943744256,0.000986102,0.00098148,4559.618290947651,0.009512116,0.0016362707,0.13842037050464037,0.021276221119299176
-357.47797,20.297844,145.36176,6.974748,-32.56715,10.10588,71.63267,7.350151,-35.030895,4.4677825,51.602306,4.1448054,-30.05624,5.1833577,25.539568,3.8239093,-14.437088,3.8143823,4.3883104,3.3429973,-4.789729,4.2635913,-3.51213,3.4541445,2.622792,3.6018605,1827.5307223167067,228.7904394325942,2112.5464000044994,99.86565961936797,0.00036646667,0.00039234007,4536.136607725493,0.010719189,0.0016659244,0.07107834251740139,0.013243015522253394
-316.87204,11.764626,138.7708,6.547015,-53.78034,3.9935253,62.475338,4.689104,-31.185839,4.228255,31.102873,5.71866,-23.082203,5.348669,19.650808,4.0870104,-9.157782,3.980921,7.433196,3.4273567,-6.6186857,3.5343094,-5.7030253,3.511377,5.3535905,4.26146,1956.5791920137692,164.72377929150332,1894.8669673204356,123.48621799730837,0.0005950611,0.00038364396,4084.98852369127,0.010255572,0.001964529,0.10587319641821345,0.014246196571529956
-355.56537,21.831753,156.09715,10.139812,-45.403595,7.3429694,56.375587,9.629887,-41.663372,5.016012,43.600193,6.184446,-30.771402,5.0439205,25.328403,4.197222,-14.630787,3.6082387,3.9796057,3.5710974,-2.2774324,4.104692,6.593193,3.721568,12.383121,4.2614017,1752.0764490887757,261.3142675873376,1929.0232768129665,169.91220994173116,0.00040580475,0.000976975,3899.558167778422,0.010194349,0.0016171542,0.08143194424303944,0.012285644418377416
-379.9886,41.728752,157.78343,23.324394,-24.11779,11.606496,66.62908,14.814426,-21.714445,8.454984,40.604218,10.310344,-19.856112,12.295224,22.154148,7.118338,-4.3651643,4.565673,8.039863,3.6823118,-2.6400976,4.7281175,-1.4677689,4.018583,3.5210016,4.256152,1434.895094434238,490.593070665206,1808.4809452557927,406.9190596477463,0.00022570146,0.00036510642,3373.793288228683,0.011317812,0.0017914587,0.05177480604698376,0.02106773275238821
-355.8017,21.947311,155.26869,10.736579,-44.159794,7.3557434,58.582085,9.6979,-41.058445,4.992561,43.70363,5.474994,-29.780552,5.48802,26.374968,4.2970223,-14.017517,3.6178777,4.2068853,3.2193785,-2.5914624,4.236983,6.7584944,4.001479,12.967718,4.5561194,1745.1751289048789,275.2302926821045,1939.7619703969044,179.61756315639727,0.00044373792,0.0016300365,3918.26857281395,0.01042262,0.0015360253,0.07806495613399073,0.010881417166094195
-332.6914,20.726519,160.99753,12.883776,-55.692604,8.334098,63.47747,6.797838,-33.092,6.0529933,44.138042,7.2019663,-25.56037,6.5516534,21.514917,6.4993496,-12.0625725,4.5289845,6.2176285,3.7481823,-3.4669394,4.382789,-4.1361027,3.7184412,4.855555,4.1339064,1675.642524538328,263.30774660310846,1811.2671954850266,226.35020714576484,0.00042853475,0.0006161369,3656.497765915023,0.011062079,0.0015965035,0.08025032627610208,0.01429823233056684
-365.968,27.80847,157.26453,15.425906,-36.017246,6.3306236,72.17173,9.008778,-25.691006,6.6201677,45.625362,8.668126,-21.308779,8.676262,26.827715,6.1987166,-5.2362194,4.405849,11.526947,3.2478108,-1.4506072,4.4389625,-3.5687637,3.558384,1.2418687,3.5457342,1511.7357700190037,361.99066513789637,1869.0772211780352,287.2346569283091,0.00026911162,0.00059668417,3588.3259430285675,0.01145002,0.0016199625,0.05708925464037123,0.017166243598757486
-350.3545,24.121105,164.43358,17.142147,-42.03152,4.341904,65.73929,8.009077,-27.204683,7.3810606,41.172703,8.778904,-22.341402,9.836089,20.905144,7.538886,-9.021853,5.3199654,5.124973,3.8324573,-3.1738927,4.946469,-2.7393901,3.442095,1.9734303,3.5126116,1501.4369733822462,338.3747534159683,1782.3732719298455,308.1846992556185,0.00029472882,0.00050901365,3433.4717363326567,0.011407817,0.0016341356,0.06256570838167054,0.015202670738928658
-331.304,11.559201,151.5145,6.767248,-50.262344,3.7764294,71.89913,5.4865923,-38.90596,4.0549774,44.278202,4.663457,-30.565142,4.301477,25.587948,4.141545,-13.365741,3.6681542,9.501695,3.3245022,-2.8543646,4.0138845,-3.5338016,3.2771823,5.034161,3.6071417,1856.6927601760426,174.25587261175886,1995.739882781313,118.11827848267117,0.00054511277,0.000870648,4219.358708852958,0.010729697,0.0015068135,0.08657532446345707,0.012728506153900363
-358.09662,23.751293,156.72899,10.802895,-43.35603,8.382926,58.834675,9.645676,-39.540222,6.0011177,43.16309,5.4629917,-29.664846,5.757824,29.22873,4.6701927,-6.945894,4.183231,6.02034,3.7012398,-10.085527,4.7863355,-6.3308034,3.9786212,5.417367,4.110155,1692.9663277566265,283.55445957068497,1914.8589289768279,180.00393871007105,0.0003416433,0.00067997054,3799.636111513921,0.010574304,0.0017505331,0.07525422346287702,0.013395809861166131
-316.67017,8.655197,126.90905,4.2345543,-68.527405,4.648846,73.05354,4.384448,-49.52635,3.859764,44.447433,3.8893251,-37.465134,3.7049613,22.155693,3.6540003,-17.994324,3.3509836,8.319457,3.5501397,-4.243742,3.552584,-4.8263836,3.1878164,10.441834,4.1742496,2504.6838610433992,102.19391657627393,2089.228760541755,53.43196722847442,0.0011993545,0.0019246278,5116.958540276973,0.009277548,0.0016682218,0.1544067666038283,0.029661861928117848
-351.42316,19.970478,156.15207,9.413094,-47.09593,6.600774,54.957413,9.508505,-41.601097,5.069943,47.468018,5.1018467,-26.712688,5.2050457,28.38162,3.9211886,-14.7104025,3.54123,3.802322,3.5239654,-3.4909112,3.818634,5.363414,3.472475,11.101608,4.324218,1756.6180006834434,239.18393881623308,1941.0065262362057,150.07860330371352,0.0004431223,0.0011168877,3931.008634987674,0.010291057,0.0016264232,0.0825036706061485,0.011327443900712579
-349.81424,24.12449,170.66994,18.172506,-44.102966,4.7318115,63.051643,9.034474,-32.27542,7.488765,41.167034,9.459223,-23.113031,10.058452,21.783243,8.236004,-10.32408,5.4494786,4.0989985,3.736975,-4.4005256,4.848508,-3.2378423,3.336356,3.0607355,3.5594797,1480.7102505792984,328.3589326385825,1752.1814635796818,318.1898555334533,0.00031800495,0.00078770734,3342.467723589762,0.011312834,0.0014638708,0.06345617024361949,0.013514573787496513
-343.76666,20.522861,162.40556,13.23026,-45.343914,4.2671757,67.51789,6.307228,-31.99321,5.648385,41.661777,7.7523046,-24.53982,8.181079,20.95482,6.758466,-10.3391485,5.320473,5.7276535,3.5167296,-2.5501027,4.436591,-3.3942661,3.483379,2.1264408,3.9282904,1578.6176957076711,283.4589006304407,1821.595207525049,246.07125012679805,0.00032372132,0.00026078132,3615.7295669591067,0.011172656,0.0015954578,0.06715623187354988,0.013992078814241643
-355.28537,21.100962,155.35162,9.571085,-45.4651,6.4086237,56.557243,9.668417,-41.78076,4.8554077,44.143326,5.1658177,-29.270021,5.6215725,28.008205,4.0575824,-11.960014,3.9943957,5.763088,3.5257943,-1.1528052,3.912572,5.2882943,3.1884756,12.187024,4.514575,1741.4834379634815,250.03859264699133,1933.2290968495365,164.10334906781557,0.00038652218,0.0008897292,3919.3177544047276,0.010585652,0.0014806084,0.0787990773636891,0.010358532752236669
-354.5578,20.991674,155.32674,9.742857,-46.49776,6.3183722,54.948055,9.153345,-43.281635,4.9093885,42.44137,5.382805,-31.272364,4.9821854,24.69947,4.0005727,-14.389521,3.6620321,4.5143313,3.2117395,-0.57433337,3.84159,7.486738,3.6452532,11.998103,4.8036666,1761.4413621352105,253.02503940419993,1916.8072385705102,166.5046216649017,0.00036072326,0.0005542252,3908.5261723281615,0.010552585,0.0016533904,0.08319474151682135,0.011914844199493381
-351.07773,24.68336,165.59427,18.774015,-41.12926,4.656883,63.10914,9.346516,-31.809296,7.834441,38.37486,9.111178,-25.484194,9.269046,19.054611,7.547988,-10.645205,5.6574106,4.473506,3.766892,-2.6289816,4.1764917,-3.0578437,3.578707,2.519738,3.515477,1522.7642137213593,342.03183953289727,1778.5681162344572,303.48065994654957,0.0003254942,0.00048320676,3427.251588330191,0.011022672,0.002519432,0.06490968496229699,0.01345531656369061
-355.91132,21.919092,156.18712,11.871595,-41.306023,5.6212306,66.473854,8.039023,-29.536606,5.553554,50.28939,6.2722607,-19.920933,7.6938553,28.02162,5.079547,-10.357765,4.1211133,6.288475,3.701225,-2.9986596,4.039741,-1.6225705,3.28778,3.626247,4.0801444,1605.692489735206,305.6158527324386,1910.8689024118294,222.92735525346,0.00035550853,0.0009188261,3751.8234075913574,0.011109981,0.0016586698,0.06319673542633411,0.016345068528881058
-365.54135,28.676182,150.99992,15.593914,-31.1763,6.552407,67.9495,9.290584,-20.90884,7.073051,43.854053,8.784946,-18.50794,9.229456,26.183558,6.391484,-3.2423835,4.3655214,10.936564,3.7392368,-0.91438437,4.5247717,-4.1761637,3.494507,0.1824191,3.4648502,1521.3447358005862,372.8476942173857,1887.3058314272093,296.3140897881638,0.00024388831,0.00031440196,3623.423565291473,0.0114774015,0.0017117512,0.0563494688950116,0.018010697173299905
-348.14993,23.001493,164.25636,16.881702,-41.060715,4.5598474,63.041016,7.7893624,-27.472178,7.2105207,39.616135,8.782263,-22.978806,9.398214,20.027306,7.7547865,-9.367689,5.0888276,5.2715964,4.1349707,-3.2631118,4.4629874,-4.482195,3.36635,1.2820936,3.348782,1507.4538469952342,325.2692611015531,1780.6298351769753,305.8578921596598,0.00031370096,0.000663999,3433.521697360789,0.011339194,0.0015126523,0.06300527479698376,0.013756831212758254
-350.2707,19.419018,149.09824,7.7756867,-35.71721,7.6060767,58.377968,8.508045,-38.890778,4.158735,39.8334,5.19215,-32.025455,4.8819036,24.552814,4.1010165,-7.2303963,3.3434725,12.454688,3.182949,-1.3187895,4.125355,-3.9786794,3.4880514,0.3559596,3.594164,1761.027361142315,220.0053450064532,1998.98213407284,128.2593207401088,0.0003403148,0.00049123296,4136.298499583092,0.011292152,0.0017073603,0.07541736151392112,0.01073855304042312
-365.45856,29.35188,158.36978,15.881157,-39.117115,6.153103,64.259735,10.25829,-25.99593,6.0806775,49.854767,7.755798,-17.47803,10.165329,25.228273,6.7679477,-11.604728,4.2701864,3.7079074,4.0648518,-3.968281,4.9981065,0.7772463,3.8696456,5.6425204,4.135041,1535.9734764631519,364.50233273017847,1849.5746102373066,297.72002581122655,0.00029297074,0.0008009633,3545.8590691161544,0.011164369,0.001868742,0.05903218351218097,0.01481839730818
-322.49622,19.200615,143.25142,8.2012615,-61.14289,5.0028324,63.4313,5.4391284,-46.275005,6.9001675,43.455082,4.838813,-29.411085,5.4431562,26.366997,3.9695733,-14.467564,4.463775,5.774124,3.429509,-6.067986,4.3090563,-5.408396,3.378654,6.7709985,3.9933028,2100.5736753224983,150.16369971197074,2005.299954001624,104.0403567238354,0.00072837074,0.0008281601,4522.547208073521,0.009981494,0.0017473362,0.11087722955336426,0.020217494040330155
-360.93167,24.420551,158.32272,13.405083,-44.45422,5.502356,64.13007,8.923759,-26.890566,6.1092515,52.0354,6.727599,-18.220732,10.151974,26.191343,6.4661674,-9.807471,3.9552758,5.7116933,3.364232,-2.1365256,4.252772,1.5242747,3.419462,6.7903576,4.0613456,1560.7937806414536,322.6011830627597,1857.6882904753522,252.42446665980188,0.000295975,0.00045826234,3593.3470263558584,0.0110800285,0.0016051139,0.05991584795533643,0.01551402686821691
-349.62146,21.74097,163.30342,14.70816,-42.50175,4.6630297,66.47897,6.8180585,-26.665667,6.2773743,41.398552,7.794596,-25.052074,9.574122,19.89579,6.7235966,-10.159832,4.738357,4.974095,3.7817955,-3.0164797,4.8385825,-3.2626262,3.1017978,2.8336966,3.3744428,1514.035810777279,308.7856873854968,1792.4972028507145,270.599964386545,0.0003513243,0.0011326486,3446.2367790204466,0.011364125,0.0015512564,0.06298714834686775,0.015245452320885273
-349.45648,21.852459,162.99907,14.373302,-43.33659,4.5556297,67.74142,6.880101,-27.460638,6.126539,42.403645,8.40971,-24.821636,9.132103,21.835236,7.388155,-9.975228,5.020474,5.550387,4.031602,-2.9517179,4.4973016,-3.5923648,3.5351517,2.5279753,3.3507006,1535.364732178046,304.04093985324783,1814.1093568070546,274.3007668098932,0.0003061642,0.00041532764,3530.271228338892,0.01137695,0.0016047414,0.06335534186484919,0.014251498585023307
-357.6364,24.058367,154.1139,13.550075,-41.42462,5.7339654,60.650623,8.882496,-29.302725,6.597791,39.705193,6.7795005,-29.3783,7.8758507,21.986477,6.2220263,-7.389142,4.8738594,5.4116607,4.1897826,-7.093348,4.6989446,-7.8273797,3.9827025,-0.01076019,4.009829,1651.3093004849463,321.0246173275701,1867.8367011368257,255.69504471031811,0.00029351018,0.00023147697,3731.814015824391,0.010823801,0.00182944,0.07095938768851508,0.01388260006744118
-356.09186,21.923054,154.36609,10.429994,-46.307674,6.8852587,54.20703,9.969229,-40.58253,4.48272,43.265606,5.5466704,-28.895233,5.6138964,28.575172,4.7043014,-10.693068,3.882045,5.237606,3.3083563,-3.0748265,4.3420796,5.2544236,3.282464,12.137056,4.247516,1740.6233876201643,261.2951372304953,1919.4275180011743,182.6951693161657,0.00034698186,0.00069388945,3867.583109773782,0.010786773,0.0015801729,0.07938138957366589,0.010485015612347324
-350.201,19.541647,154.61809,11.094033,-44.8512,4.956801,66.067955,6.964385,-29.074726,5.539999,51.33912,6.0155897,-19.732803,7.294554,26.719435,5.357155,-13.031441,4.3511167,4.581679,3.6307452,-3.2606785,4.4463477,0.3538817,3.437758,6.3305025,4.028111,1656.8419367015551,285.2266239197346,1917.6862252771205,216.97500299778926,0.0003727965,0.0007901703,3837.2567656975057,0.010989021,0.00154464,0.06836277370939675,0.015119751857539693
-354.9035,23.96873,160.66574,14.335548,-45.366825,5.0472074,61.54519,8.249427,-30.794502,6.0159283,49.173298,7.677356,-18.39576,9.726036,24.770746,6.564024,-12.428793,5.0790515,3.550224,3.7167547,-3.3596292,4.7143354,1.4989271,3.6988907,5.805898,3.9429128,1583.996211625453,330.39791387725234,1840.2621942077033,271.0619070578714,0.00030298313,0.00029696844,3601.290829828886,0.010906627,0.0016353251,0.06635866806844548,0.01571286990307865
-334.76807,13.617335,155.743,8.568219,-49.570827,3.5201373,67.65798,4.840656,-33.38867,4.7300997,43.305283,5.4687285,-27.366417,5.8943,23.233541,4.6139135,-12.414315,3.2316513,6.931974,3.121513,-3.9068096,3.8525448,-3.2301776,3.0999157,4.8310633,4.043942,1725.7514853602054,221.038938003616,1901.4139040944924,157.57978576892683,0.00043337804,0.0005339347,3881.4472950804816,0.01084123,0.0014290208,0.07736142328886311,0.01334455327776033
-357.7035,22.541393,154.4601,11.045111,-44.210266,7.4544363,56.535755,10.012611,-40.161564,5.8439665,41.70009,5.592892,-31.298803,5.7858257,26.92928,4.418086,-11.533466,4.2183294,3.8495617,3.203837,-5.472679,4.0206785,2.995193,3.7292385,11.420517,4.2988653,1752.859243416592,275.2524429799199,1936.1241880508676,185.46508876002932,0.00043444269,0.0014814163,3931.608167325261,0.01022377,0.0016971857,0.078617812862529,0.011929926577934048
-337.92984,12.084022,137.73271,4.289999,-49.11415,5.1371636,71.32378,4.695657,-37.345165,3.9602685,56.5925,3.8470886,-28.12369,4.1388574,31.942862,3.3992193,-11.491157,3.2306879,8.832582,3.3499947,-3.9350414,3.5590007,0.7484944,3.5054595,5.5900226,3.4147348,2118.6015530279,130.39838576902972,2180.0639419512236,54.934938654790194,0.0006407971,0.00083478726,4877.395410382831,0.010169161,0.0017024807,0.09796439965197216,0.014360114892953487
-356.27945,25.133234,154.98183,15.545312,-36.22958,5.223415,61.25031,9.220136,-25.58043,6.1193447,45.193726,7.6953115,-17.01335,9.620335,23.729527,6.7408404,-9.603873,4.8411007,3.9882607,3.65843,-3.5696566,4.66907,-0.25363743,3.6434608,3.7731078,3.8564508,1564.058253226382,351.31925143525024,1866.0741299286594,289.9721262657674,0.00033905785,0.0010881077,3634.4649525087007,0.0110359285,0.0016596968,0.06091506851798144,0.015793004329689834
-328.76022,25.326914,140.24965,17.514208,-58.051224,8.175305,74.01277,9.411711,-38.803112,7.473881,45.055508,7.9435763,-29.29199,7.873204,24.378967,6.756129,-14.450411,4.4998336,9.2734785,3.5659757,-2.399229,4.5116386,-3.4286237,4.2954326,6.190432,3.980859,2135.390523841513,431.0347991766308,2011.0036595785818,224.6753765863935,0.0008537909,0.0023267376,4535.861822070766,0.010011118,0.0021213307,0.11267061521171694,0.03421366529065576
-363.37506,31.012476,150.3224,16.766666,-31.351707,8.229017,60.504356,9.024707,-21.235363,7.8023386,34.198605,8.695956,-24.85808,8.97412,14.239489,7.8768845,-6.956911,5.382689,4.572425,3.8703184,-2.7367206,5.171031,-2.1877031,3.6147094,1.9492059,3.764765,1538.1505432579625,355.5203189397509,1824.7495362425555,298.87472815959666,0.00028399556,0.0008725124,3537.390674847738,0.011698164,0.002785542,0.056861541110788866,0.016891400986727173
-355.69046,20.515635,155.62471,9.310441,-45.515213,6.7905684,55.823246,9.3560915,-42.05661,4.6512227,42.44615,5.4269505,-30.967548,5.074169,26.184896,4.4120154,-14.472929,3.9131699,2.3033924,3.32534,-5.027473,3.7703674,3.71831,3.3854797,11.203459,4.3608565,1761.9882514860112,240.26195497834058,1933.4126237643727,159.3689069649074,0.00037441961,0.00033715036,3935.4551664914443,0.009979803,0.0016857118,0.08064570946925755,0.011374547058159958
-319.80148,10.763405,136.75867,5.2727385,-70.134026,4.479495,66.30884,5.689541,-46.86666,3.9819953,37.135155,4.9303846,-38.12029,4.076079,19.828701,4.9482727,-19.71826,4.1010013,7.7146683,3.4403627,-2.8585129,4.805939,-9.159992,3.2377815,1.095068,3.8856494,2223.4947061126823,129.65745389799275,1972.6155234140103,85.88124864755531,0.0008921768,0.0014254826,4561.8915177276685,0.009703884,0.0017592851,0.12757055720707658,0.020487840034932998
-351.63052,21.539236,163.33018,14.9368,-41.493256,4.84668,68.23777,6.8519473,-26.917576,6.73071,41.177498,7.8818655,-24.294563,8.904553,21.41825,7.416127,-10.33736,4.839359,5.3813577,3.8207352,-2.3044286,4.684067,-2.5813713,3.2548351,3.1442566,3.5379815,1500.6989799868038,304.4118270797886,1798.8516110606179,272.30871147327156,0.00031752785,0.00080604496,3442.6146044808584,0.011364173,0.0014572714,0.06177720780162413,0.013862084954159762
-358.63754,23.841663,157.7255,14.18334,-39.744137,4.8271923,63.312237,8.638174,-27.66123,5.624477,48.64929,6.8998766,-16.594376,9.428212,26.085346,6.463426,-9.821482,4.7889442,5.199884,3.416509,-2.4631982,4.3923926,1.1968287,3.7362359,5.2532244,4.171719,1546.932092251426,331.83308885359605,1859.3767988600212,269.40902405073695,0.00026974283,0.0002034342,3596.794337296984,0.011081142,0.0015458871,0.061450931699535964,0.015745622220416602
-317.7129,11.579821,143.5221,5.5376563,-75.79295,6.875047,62.79013,4.960026,-40.5005,4.1615043,38.99838,5.2643642,-33.882545,4.4579086,21.299278,4.2377353,-15.305038,4.0457153,6.7969985,3.1512365,-4.8183413,4.3965425,-6.936313,3.1474893,2.9285593,3.4187982,2092.988871773455,119.6739109723216,1867.2187119130276,118.90737499700282,0.0008216255,0.0016836418,4201.572582837877,0.009792238,0.0017602345,0.12139736803944315,0.01678938423054043
-343.34354,14.016677,132.32388,4.3550634,-45.80116,5.262347,73.28509,4.086037,-40.56201,3.8475134,35.87323,5.466823,-30.241865,5.114799,29.88933,3.6514485,-11.708066,3.3624399,8.069497,3.6120193,8.3827,5.253869,0.05890422,3.3120422,0.3478815,3.3107786,2097.9473592686254,138.99990360867184,2080.927349119681,70.77493377981294,0.0005228934,0.00058565545,4729.136059400377,0.010417916,0.0018747806,0.09358799485208817,0.01335076068735564
-353.07794,20.272984,149.08524,8.216277,-38.13681,7.5622277,53.653057,9.228276,-39.308556,4.2819037,40.015827,4.8332953,-28.49708,4.9713197,27.371294,4.472373,-5.244417,3.8130105,7.386721,3.640046,-8.704684,4.0121026,-8.344064,3.466062,1.1644448,3.8477502,1763.821420714399,224.57210937076323,1963.8027871128204,129.33392633266277,0.0003582627,0.00042252775,4047.6926161905453,0.010568574,0.0018788261,0.08013930176914154,0.0111848193353174
-384.57135,41.251335,154.19551,22.900328,-25.745777,11.312104,66.6015,14.398675,-20.157394,8.59423,42.550194,10.386075,-20.801542,11.908695,22.738506,8.1284,-4.3817816,4.426405,8.888179,3.5718253,-0.44423667,5.1782465,0.15392601,3.8274934,3.7168236,3.8107395,1469.2116745197245,487.86779573935837,1843.1706786051145,401.1976532881268,0.00027171208,0.0009800815,3489.4780488689094,0.0113822045,0.001808992,0.04942969656322506,0.020931415993531353
-363.1825,25.327888,158.53633,14.741191,-40.187885,5.1823564,64.13783,9.47549,-26.980015,6.1198463,49.59705,7.4527364,-15.393575,9.705829,27.43224,6.2519774,-8.223099,4.5597234,5.226738,3.7693639,-3.0893118,4.3545737,0.35061142,3.8151777,4.444808,3.5557,1516.2073699161106,337.2346122624394,1841.0444929880346,274.7612695576397,0.0002733835,0.00038527657,3526.299326602378,0.011155754,0.0017187635,0.057890217154872387,0.015966835873484988
-366.42,26.142916,155.67131,13.957291,-33.871292,6.962016,73.586494,8.526327,-25.853905,6.0784116,47.270634,7.135675,-24.029633,8.0752735,26.691402,6.137396,-7.976747,4.5537806,8.345567,3.4779809,-4.478072,4.3258033,-6.4141297,4.0670524,0.7980559,3.7332754,1540.6717576031272,349.30853166423867,1908.186026930336,266.64709742382115,0.0002745993,0.0003672413,3683.201935451711,0.011182937,0.0015900058,0.0578188442575406,0.01700195512334371
-353.23996,18.209997,144.62633,8.133515,-40.404484,6.103164,65.39997,6.5308456,-38.06826,4.4502068,36.46723,6.13625,-30.495277,5.8798385,27.450878,4.192623,-8.63066,3.825325,11.277593,3.159227,0.5056737,5.3748374,-8.855555,3.6553843,-6.289398,3.678521,1829.8855361849037,233.5849202050284,1995.468025345158,147.73103990928908,0.00038385208,0.00080041104,4184.66077481511,0.011015729,0.0015816829,0.07737275232018562,0.01108326192465966
-348.14365,24.07951,167.01547,18.384308,-41.191933,4.802817,60.47338,8.529455,-29.102161,7.8799944,39.202538,8.973629,-22.438585,10.000669,20.194538,8.774827,-10.24669,5.376255,4.537654,4.369134,-3.1813216,4.637369,-2.4618733,3.2269313,2.138563,3.5819235,1489.4463930817803,335.9771972293183,1765.1808764962339,327.9624596636904,0.00030065668,0.00044561972,3377.265579683875,0.011345564,0.0014706325,0.06274923868909513,0.013962842072042174
-357.5939,21.666956,150.08655,10.111145,-36.541393,7.446984,57.89173,9.722926,-37.53296,4.5941806,39.939774,5.589057,-29.216276,5.5111938,26.552485,5.2517705,-6.3905354,4.1581526,12.463389,3.4673135,-2.4536967,4.238511,-5.064178,3.9967525,-1.2851851,3.820872,1728.8396063561738,266.9588778919753,1969.419323991921,170.97176019053796,0.00032519008,0.00051218964,3979.420871247825,0.01095933,0.0018805265,0.0741201874274942,0.013387170551944253
-351.37408,23.771566,165.58916,17.101013,-40.94533,4.938474,64.49585,8.453929,-27.321594,7.364199,39.822758,9.409204,-23.879246,10.120517,18.597588,8.123036,-11.344813,5.4387727,4.812623,3.956487,-2.450283,4.881888,-2.1252317,3.5305686,2.4202046,3.3384457,1491.8965979394904,331.67951333252427,1775.704576783241,312.586694617902,0.00029553764,0.00047598348,3411.214098299739,0.011251348,0.0014528576,0.06322165929524362,0.01482746640446087
-357.76782,19.9531,144.2364,8.325135,-36.978508,7.0436735,64.334694,7.8332033,-36.648865,4.4044833,40.366997,5.047787,-28.465439,6.2231607,25.241297,4.773583,-7.2785716,3.7280202,15.149046,4.177716,-0.65955526,4.2424,-4.271045,3.3208098,-1.354757,3.8966079,1801.829230213291,252.75375546844148,2023.859517492994,143.53279255411445,0.00032874272,0.0004401428,4227.077687699391,0.010978137,0.0015190013,0.07041219547563805,0.014346157283225656
-346.16663,19.175705,161.7715,13.574908,-44.824753,4.1715126,68.000114,6.327051,-30.02185,5.644015,42.92034,7.6100335,-23.66309,8.023971,22.719664,7.2497067,-10.354968,5.116667,6.8389482,3.774627,-2.9786472,4.6721725,-3.094339,3.4142036,2.807584,3.3824792,1569.5976904681781,293.03495704109497,1834.7614191324997,255.49808462837905,0.00035201444,0.00071804825,3601.6905180539443,0.01132277,0.0015341181,0.06605844873839907,0.014504042071306386
-381.6664,41.318707,155.53937,22.928482,-25.135101,11.877484,65.61197,14.284995,-21.418558,8.259104,41.84233,10.195863,-19.008833,11.658427,26.123192,7.9900618,-3.4653876,5.2827997,9.512713,3.8509479,-2.0152316,5.234026,-1.7168301,4.2277627,2.0626507,3.8848367,1460.4481627582431,487.2540154473501,1838.480225479706,405.7558214283041,0.00026224446,0.0006768809,3437.5185796113688,0.01126514,0.0019493217,0.0515516241299304,0.020096340439737452
-361.04092,27.728209,157.28156,17.004992,-36.551228,5.971106,59.237312,10.461498,-26.322931,7.1833115,43.762177,8.277039,-17.64383,10.017598,23.341352,6.9377923,-9.207307,5.3199363,3.6162658,3.7563033,-4.2962265,4.6669016,-0.90570986,3.4608793,3.4160109,3.876183,1544.8311444041117,374.0814001845605,1834.253377956626,315.5044759346196,0.00027206342,0.0003195198,3540.9628883591936,0.011021685,0.0018200164,0.061163174303944315,0.017513894357687066
-348.02097,20.566917,163.0737,14.415494,-44.0119,4.882779,68.08181,6.698108,-28.45017,6.276691,42.209805,7.8247414,-23.690298,8.81879,21.215246,7.454499,-10.722346,5.4038863,5.996889,3.912035,-3.8451033,4.7603474,-4.149422,3.3243816,2.1220753,3.5331006,1542.3371434438948,303.35953928055534,1813.360877120474,272.66057842189093,0.00031281819,0.00036897903,3539.6639016277554,0.011326928,0.0014829276,0.06434096758990719,0.014361808137048281
-379.43555,34.83149,160.59367,19.195427,-29.135632,9.649816,71.59798,12.094388,-23.69796,7.484425,44.056854,9.150523,-22.479086,10.440783,25.613293,7.4670687,-6.3333488,4.9490395,8.225741,3.4805133,-4.7541485,4.680581,-4.1500974,3.4576619,2.5523171,3.6669025,1432.6750772005291,428.01408126780905,1829.7596321195304,355.08277650270117,0.0002153824,0.00019186045,3377.4404432823376,0.011202983,0.00161051,0.053061784005220415,0.01908052399703596
-373.51984,31.7586,153.44852,17.068491,-29.464598,8.383133,72.70827,10.257057,-21.685526,7.5128574,43.99631,8.648722,-23.35389,10.329701,22.210686,8.201942,-6.45913,4.8358417,12.399565,3.520813,-1.4956409,4.047037,-1.7147106,3.4971695,3.4022696,3.932746,1516.570621289365,412.3942478701582,1890.913523834687,325.6420240425674,0.0002396505,0.00020664626,3615.504742332512,0.011198566,0.0018099594,0.05687966756090487,0.02010529211637852
-348.17212,18.995142,149.04333,9.494912,-43.54654,7.2588854,74.99818,6.6593075,-29.258919,5.3835406,49.140915,5.3943615,-27.224022,5.54202,27.566616,4.475751,-10.040309,4.0206876,10.452167,3.0875885,-1.2361088,4.52919,-2.7091498,3.6328897,4.228456,3.7017303,1756.2943532903087,258.7437753893855,2003.4251676357555,163.8318165697033,0.00045483527,0.0014777809,4117.588094547564,0.011059277,0.0015567025,0.07089141350058005,0.016168324443663035
-365.42734,24.53595,151.58742,11.028112,-41.45466,8.562573,57.90341,11.051532,-39.273792,4.8181577,42.16092,5.7896056,-30.453232,5.0723777,27.339811,5.1833262,-10.458625,3.8936806,4.300446,2.7873487,-7.599701,4.0018487,1.2352632,3.465991,11.907859,4.7232895,1745.7854405767841,283.6824234758398,1949.8245198133502,180.71232066612114,0.00031898124,0.0004645418,3923.3146366553074,0.010421859,0.0017123083,0.07540829828886311,0.012978090394897382
-355.03503,20.935719,141.84306,7.9973974,-31.78623,7.973353,59.693264,8.264734,-32.743443,4.495983,39.71788,4.207624,-28.784016,5.80143,20.09174,4.884769,-10.276384,3.7111597,10.78922,3.222557,2.809344,4.5419173,3.3380802,3.4717946,3.1610825,3.721481,1766.6541732752164,244.76571003625392,2015.1611883267306,138.68238420137212,0.00031814555,0.0004015568,4182.737275232019,0.0113634495,0.0018995118,0.07142047926334107,0.012630851794829201
-377.037,34.043106,155.65886,18.340082,-30.982992,8.70089,74.54058,10.787788,-21.09448,8.007042,45.152557,8.892667,-24.388264,9.798205,23.08297,8.183353,-6.519226,4.922523,11.883836,3.3612342,-1.9620773,4.309925,-1.8595885,3.7182667,3.1651523,3.7271802,1491.5533445232738,432.6962947310709,1867.7085098833636,345.2857319256326,0.00023689904,0.00024230564,3549.506224169809,0.011208356,0.0017026594,0.056257703741299306,0.02145911356612535
-353.3472,24.061626,166.52103,17.380692,-41.098694,4.8553243,65.50132,8.538909,-27.368238,7.524209,39.77261,8.851114,-24.659626,9.536858,18.08186,8.584344,-11.263347,5.544808,5.1224036,3.8328066,-2.7373924,4.8929963,-2.0797076,3.2319922,2.7784348,3.4503603,1479.0357612239397,332.58972188308576,1765.1954504688597,313.5872343456566,0.00032115888,0.0009936478,3364.325673397622,0.011287665,0.0014288195,0.06109066850348028,0.015669428582924378
-354.60797,19.083769,144.97136,8.324898,-38.597298,7.520815,74.30764,7.0855665,-27.704824,5.561875,48.757042,4.832363,-24.226994,6.0578113,29.05867,4.870464,-7.3927956,3.9439247,9.894073,3.316276,-3.0363584,4.4462347,-4.999029,3.5581043,1.9486475,3.5503767,1750.724397586856,256.66675752106295,2026.7268394665662,145.63698790809232,0.00039457693,0.0008119708,4178.915256579901,0.0109470235,0.0017951459,0.06821323049593968,0.016193165574013704
-358.90546,21.220797,145.81593,8.156958,-35.515728,7.8178945,63.617504,8.856245,-35.072323,4.9873776,41.835728,5.127868,-28.789957,5.8333893,25.315763,4.4721107,-7.022801,3.7846727,12.849795,3.7878566,-1.9714562,4.748168,-4.635019,3.7491102,-2.9630046,4.0251265,1763.802964172419,238.11878719527294,2014.201560399942,140.1635298120243,0.0003613961,0.0010461231,4170.371920769287,0.010981363,0.0018455827,0.07095032446345707,0.013172355870927705
-346.64062,17.222038,146.26419,7.88441,-39.089996,5.831504,57.216873,7.4711423,-37.552444,4.4292803,36.213596,5.6054835,-27.378174,5.2103167,26.690903,3.9497163,-9.080427,3.3670712,7.5592003,3.8753498,-6.24395,4.6703334,-12.447659,3.6386015,-4.5149813,3.2337298,1803.4908196994625,217.31301422949278,1967.1793432441054,131.33957857767044,0.00036585834,0.00034030902,4077.9190382105567,0.01080361,0.0015806959,0.08035455336426914,0.010615947491922436
-317.44635,11.448606,131.16534,4.5878096,-72.674545,5.745845,73.969574,3.7674725,-43.287857,3.9859998,42.96697,4.654372,-32.666767,4.223005,25.32586,3.2446556,-16.748943,3.610292,6.1801023,3.4931867,-7.6882215,3.3969846,-8.74231,3.209866,5.5318503,3.600906,2353.159898207243,111.63378096619802,2000.9753094073044,71.39725335547209,0.0010611925,0.0012358747,4717.395217789298,0.009360733,0.0018289976,0.1405332348462877,0.02396702473006546
-409.914,28.653473,176.664,18.07323,-14.092709,6.073229,56.263977,12.771493,-21.85843,9.700932,33.570198,8.357456,-13.609609,10.759269,16.36911,6.7544904,-2.8345544,4.86512,4.6516185,4.3628507,-0.19216967,3.621221,-0.36225334,4.915532,8.608152,5.313191,1046.325948104833,330.35541122051546,1508.2085282124215,330.6441095245218,0.00011312908,0.00010828884,2295.009788283063,0.010527026,0.001567998,0.038898229045823664,0.01284454975202594
-349.99902,14.779119,149.46042,11.011454,-50.638107,5.329217,76.05221,6.9259043,-35.40869,7.3249145,50.72095,5.6634426,-28.341434,4.6686535,25.558258,3.7581728,-12.339544,3.594999,10.310921,3.623604,1.5152225,3.231048,-2.227699,3.139861,8.492357,3.2926495,1857.3946794168437,327.4396352847407,1989.06167521819,124.80236103490272,0.0005717486,0.00078703644,4224.704538863109,0.009422931,0.0011894255,0.09048270736658932,0.03355886645082009
-372.35992,10.712944,164.05658,4.725869,-35.940086,3.5843878,45.56718,6.7337413,-39.588425,4.0460835,35.408737,4.0663548,-25.587084,4.2412133,21.342049,3.6235821,-12.179427,3.6947598,2.2203567,3.4530828,2.425489,3.3189406,8.822879,3.4387035,14.294986,3.4004729,1477.287977118857,99.45969273221466,1746.5230273717161,82.2143852179845,0.00027863527,0.0003741039,3115.719597411543,0.009161413,0.0012096078,0.07438981837296983,0.007471417910023671
-366.72202,12.802725,178.57204,8.226127,-43.798847,4.2860947,65.262276,4.723507,-27.59946,4.767255,35.30779,5.5512667,-19.422585,6.0444846,12.542853,4.728683,-9.736535,4.5074496,2.5057235,3.3114443,1.7087799,3.696044,-2.0954437,3.0399046,6.451821,3.4258783,1246.2397343454322,159.96653448925463,1549.682301441097,162.32493277459517,0.00021468262,0.0003504702,2750.8791894757833,0.010457886,0.0009929911,0.0544813116299304,0.009696817774847034
-371.36368,16.341476,161.66241,8.172749,-36.073227,5.4234567,49.850502,7.993518,-41.02296,3.8491151,37.946327,4.7126923,-28.965088,5.253706,25.144567,4.6060205,-11.316821,3.8225026,4.6756544,3.5225134,-3.3865755,3.2144887,2.5383306,3.143462,15.809324,2.9528925,1543.9975267050233,216.05190604458966,1825.7778371395193,155.93990330903583,0.0002303251,0.00010803834,3368.172672563805,0.010367881,0.0010567828,0.07233133338167054,0.010247786609266663
-360.68576,16.800718,174.06108,13.896336,-40.858814,4.324656,64.592384,6.08105,-29.371012,6.579477,36.892365,7.8625355,-20.602415,8.468528,15.650164,6.145559,-8.681917,4.204253,2.7896442,3.7701392,0.27856526,3.9013903,-2.3909338,3.6131532,5.1500883,3.551548,1334.8159894336718,268.238360255837,1636.8868475020722,261.5440995682142,0.00026842495,0.00054985215,3046.2487877936487,0.010474751,0.0009700757,0.05969153313515081,0.015189278916852959
-382.1445,21.175781,168.1134,12.393139,-32.71962,4.0583014,56.855152,8.1923895,-24.557125,6.703154,42.347565,6.0158205,-9.23355,9.337908,17.918829,5.1377597,-9.165942,4.5264006,1.3906008,3.9134703,-0.3587999,3.8451777,4.4126325,3.7043407,10.150372,3.8469658,1262.221985223535,280.67971907154737,1636.2948083131569,247.63743001784778,0.00021653161,0.00055073464,2856.746608088022,0.010170895,0.0014080207,0.04986133265661253,0.01449908071244211
-366.746,14.601838,180.07867,10.191222,-43.665993,4.4164314,64.9612,5.12306,-28.08846,5.427703,36.097973,7.0148287,-20.825592,7.177057,12.710025,5.8051744,-9.423618,4.2967978,2.3754227,3.6784463,0.9097445,3.7345424,-2.465932,3.3940923,5.910923,2.939129,1245.9304950120388,177.19765298975818,1550.1253795050454,193.23103186620676,0.00020591052,0.00028846672,2747.3319564783933,0.010624628,0.001077834,0.05402588457076566,0.009491019709676946
-380.0461,14.143274,166.26051,5.544833,-38.73093,4.326383,51.243965,7.818936,-44.123604,3.871831,38.242146,4.104926,-29.19057,4.929504,24.070215,3.7107763,-10.3795805,3.61543,4.721354,3.648167,-0.6719937,3.6235092,6.0854096,3.1329436,16.622297,3.4230719,1497.320436364673,125.13481005119263,1780.817927269009,100.07796403710131,0.00028755615,0.00058975053,3265.6026818082946,0.009253343,0.0013645265,0.06972452327436195,0.007225482811749143
-367.36523,38.380077,170.18614,10.030798,-23.561625,7.184237,62.57926,10.916978,-24.757072,9.433439,34.806625,5.3901687,-18.590698,12.14669,12.738748,4.511802,-7.43252,4.1302767,5.281189,4.936827,1.5632011,5.8855634,-2.163606,3.2821965,6.8385525,3.6501868,1191.5625120136533,258.26746543961684,1613.1103410811402,226.47432884525398,0.00017548447,0.00052722986,2699.19450587297,0.012983407,0.002895688,0.04609669554814385,0.016242002927757522
-345.3434,30.118675,156.90535,5.2858076,-30.276665,6.3434057,62.48727,8.847044,-40.06934,5.2816095,35.662743,4.1708856,-32.4869,8.630007,17.757614,3.7913632,-9.394272,4.295208,8.354498,6.117823,-1.8679104,5.045191,-3.212469,3.0403028,3.0891924,3.7659953,1547.6352222130995,114.5565536018029,1880.7588193309196,65.65559050059018,0.00028073177,0.0007314975,3734.387008773202,0.013388269,0.003367358,0.06354227088167054,0.008485169019957712
-305.94403,17.817707,134.06909,13.716525,-71.56525,10.164502,75.43913,6.112932,-40.06743,4.0541377,35.731537,3.6444352,-29.304258,7.323592,19.98787,5.0199943,-12.91692,5.3310633,3.623708,4.4334064,-5.4776163,3.8847466,-7.781992,3.289537,9.965483,3.4259396,2162.652954384315,245.7350344770331,1860.2075865746401,54.66299675731386,0.00085274957,0.0015931525,4292.276829411978,0.012147377,0.0040078135,0.13556432170823665,0.03948968883828851
-333.79807,26.6331,169.4375,7.6185384,-41.478874,3.9675586,69.284935,8.283381,-31.329521,8.010336,33.622425,4.2843165,-23.535175,9.93315,13.712698,3.5486581,-7.5554442,4.191076,0.6912261,3.2520306,-1.0784783,3.508062,-4.456961,3.1171305,5.470886,3.2258759,1378.2919082846906,178.6247502945358,1655.948653114474,151.3787719822042,0.00022334658,0.0003771848,3165.8305086281903,0.013961712,0.0030923348,0.0596666092662413,0.010224117168651164
-356.27603,42.98539,165.40123,9.272226,-27.521536,9.347935,69.57568,11.073258,-27.277742,11.718587,32.664837,4.017964,-22.954136,11.209316,16.342436,3.453274,-4.3469043,3.9460878,2.1766994,3.9397268,-2.2529523,3.5810513,-6.451311,3.7269852,5.07587,3.7025611,1287.8915169467612,273.44601646864595,1665.5105078188199,201.3467961771923,0.00015445959,0.00010970146,3007.6039325333527,0.014134631,0.0032727846,0.04765330445185615,0.012462011800902928
-349.2811,36.706745,174.89102,13.55818,-37.236008,5.328792,69.68049,12.129059,-29.838974,10.944893,33.007328,6.674299,-22.208372,12.350615,14.554753,4.7762094,-5.5314755,4.788064,1.7141522,2.8344955,0.019701004,4.145865,-2.6417692,3.1620488,7.0383806,3.4122393,1274.8350776411899,257.0509815508388,1601.677175384728,244.11730984915593,0.00017667495,0.00035074205,2940.9809015189967,0.01418275,0.0031814761,0.05072913645591647,0.012395721422906313
-335.793,27.150225,159.97375,5.1489506,-36.390537,7.1038165,61.64531,11.2958145,-43.81305,5.2209024,33.01462,3.744457,-31.066034,5.892604,21.702948,3.7296793,-6.452775,3.9087408,5.9834943,4.998998,-4.0515885,3.5181773,-5.9773793,3.258983,3.9786186,3.083465,1562.8915773527435,117.65903545655985,1832.4217787702128,54.11939378764848,0.0002631014,0.0004296044,3645.5313202399943,0.0138740875,0.003519015,0.0684330137035963,0.007993549991679817
-345.20627,34.201324,168.7856,8.678125,-38.24477,5.753044,62.80854,11.885665,-32.04889,8.820234,39.03422,3.747183,-16.713757,12.043033,16.514563,3.6249259,-10.201584,4.6414614,-1.9637542,3.7022998,-0.7154998,3.3049688,2.2011209,3.48057,10.179982,3.6500502,1350.9295880873071,210.86876156614204,1656.3150603480917,171.55612095512785,0.0002267468,0.00065536215,3064.5844851181846,0.01365676,0.0034160535,0.05667574499709977,0.009241850878878122
-354.4718,38.840294,168.11316,10.084965,-29.44345,8.692224,70.25255,11.333953,-28.841503,9.820043,35.020252,4.6112285,-22.221973,11.893558,14.481391,3.9203608,-7.5906696,3.8533962,4.3983555,5.3980227,1.5202793,4.42322,-1.7312661,3.1817923,6.4772496,3.6418123,1288.5909303510177,270.0966450522992,1664.725627477444,202.84005634697564,0.0001795713,0.00032045378,3000.359583454176,0.013766408,0.0030143114,0.05101462804524362,0.01412143890915057
-334.2849,23.059208,150.70903,6.7464514,-43.02592,5.2057123,69.441895,6.628879,-44.46147,4.6284986,31.091702,3.484256,-31.94219,6.1284337,26.22213,5.345153,-8.776407,3.9206195,-2.7230296,2.9725883,-4.3718514,4.469652,-8.124877,3.3825011,4.3203316,3.5488572,1752.2339832224968,118.93324687804284,1895.6970863852691,50.55692610973541,0.0003825798,0.0006307344,4089.584938279437,0.012641566,0.003377903,0.08088701783642692,0.010709003428291022
-343.3874,31.541706,176.73824,13.406343,-40.10523,4.6416893,68.015045,10.474579,-30.345362,10.12962,33.33105,7.412872,-24.436113,11.544017,12.6500845,5.160586,-8.38241,4.9418015,-0.73673195,3.2828572,-1.2917835,4.1933017,-5.574074,3.2129807,4.071085,3.40747,1297.7828737019636,228.44233363316167,1594.1953997204298,235.60592579272506,0.00019940965,0.00039351426,2941.5304728284514,0.013807217,0.0031352183,0.05552244960846868,0.010269747835066291
-337.4543,25.252232,158.02016,5.690662,-38.679104,6.1787887,60.24588,9.956655,-45.438,4.629223,31.195328,3.850858,-27.57333,7.5650406,23.726173,4.3982983,-7.791121,4.1045103,3.3309834,5.354366,-6.6368604,3.724946,-9.369163,3.1362922,7.8901296,3.4228735,1603.8412252457908,121.41096360289882,1832.5732091472546,66.23918919511034,0.00037319624,0.0015929954,3697.890477722593,0.012713505,0.0032711038,0.0725590469112529,0.008718075105106514
-341.93964,30.326998,162.4166,5.471928,-39.086845,7.337052,56.551434,13.490556,-42.66059,5.980761,32.72057,3.6647234,-31.204943,6.375456,18.664434,3.6287081,-11.805746,3.7043474,-0.8947806,4.0766177,-1.234764,3.7697647,4.5600114,4.306827,12.739011,3.7867517,1534.0627789417365,136.88854276456655,1772.0271813086028,82.441387801532,0.000249571,0.00033705868,3417.6840514428654,0.012992869,0.003301645,0.07094692575406032,0.008759064579702637
-330.8512,23.007772,153.97496,5.31753,-37.31431,6.7005424,64.46814,7.932443,-38.68656,4.774857,40.17686,3.905906,-33.537804,6.0036774,19.198656,3.9488077,-10.413675,3.897702,4.497711,4.382366,-3.579907,3.476233,-4.661595,3.411056,4.782066,3.5300548,1686.75474247738,103.14368608961121,1934.9546036380807,56.80430786830953,0.0003463221,0.00038304407,4074.8214544663574,0.012801934,0.0033405656,0.07474554995649652,0.010288222131380274
-335.99854,26.374147,168.92383,7.436043,-38.23821,4.674114,67.00898,7.5884914,-30.71606,7.8321238,33.74277,4.9964466,-24.12196,9.710834,13.522753,3.5764842,-7.6451097,4.605597,0.5171338,3.2361288,-0.86386395,4.0398216,-3.578744,3.1200106,6.5514045,3.6763783,1357.772341313143,162.6240992011894,1662.2223278256129,151.38895360947535,0.00024085345,0.0007062256,3121.8648038718097,0.014093105,0.00334549,0.055104408352668215,0.009215507478124278
-358.0058,41.560604,167.63087,10.016985,-25.740755,8.839936,69.598465,10.73531,-28.04485,9.976661,33.18648,5.140536,-24.733828,12.256801,15.175287,4.320886,-5.927422,4.832111,3.9437168,4.656735,-0.657193,4.6087484,-2.225501,3.1169899,8.1215925,3.7658043,1273.3728277882067,261.1949688800239,1672.9250839212152,211.69754824550367,0.00026541817,0.0014825173,2986.4204566052786,0.013609737,0.0033515757,0.050365474550464036,0.015234699190575
-331.34164,25.169132,168.06717,7.00888,-40.655922,4.971525,65.34641,7.2086287,-30.456774,7.1824317,35.286255,5.1104937,-23.512527,10.152765,12.992259,3.6739738,-8.726819,4.970984,0.8237143,3.3730905,-0.12655587,4.2301817,-3.2169402,2.9024596,5.5556545,3.3962107,1390.2258132443922,153.55574685750642,1673.1395679161578,146.24816742743826,0.00023482632,0.00047831112,3174.6486300935326,0.014116356,0.0032743118,0.058836191270301624,0.00924259827825457
-323.6653,20.127216,156.31041,4.9699945,-42.05373,4.2848234,62.02922,6.240227,-33.301525,5.586221,41.55156,3.4824796,-22.090279,8.019401,18.007122,4.0674467,-13.890946,3.979433,-0.28394,3.568453,-0.8468582,3.7275352,0.8565437,2.992776,10.039024,3.5355418,1583.5089380753072,92.92904581933664,1822.7871150630574,56.20426067573389,0.00030527147,0.00027808646,3670.736658932715,0.013563026,0.0033334116,0.07099903929814386,0.009345513024867061
-342.35782,32.913284,172.00089,11.513433,-34.534576,4.933628,66.02889,10.40154,-29.409817,9.463523,31.644403,6.33959,-24.445803,12.1222105,13.5440035,5.255629,-6.1175013,5.2122173,1.4655068,3.1457772,0.3310457,4.4845667,-1.7339846,3.2072115,7.9170346,3.5486636,1298.2489600115573,217.51125688796304,1631.265348225363,219.36983408559334,0.00020013723,0.00047399598,2969.6335511528423,0.014264633,0.0036327685,0.052261954393851506,0.010718100342000282
-353.9556,37.475822,161.97737,8.566593,-23.737478,7.3868065,67.3762,9.425636,-25.43672,9.680336,32.844555,4.0404797,-23.68814,11.4892025,15.887453,3.4693923,-4.988218,5.2650394,1.554074,3.658664,-2.7351477,4.249422,-5.976883,3.6119442,6.1122446,4.5338373,1310.042627091025,243.26617695908433,1707.9165496532264,187.96608107748196,0.00019378333,0.00048023136,3089.015427874855,0.013646092,0.003152752,0.0508798125725058,0.014351658732673113
-368.83258,54.803913,165.95715,15.839983,-22.303202,10.081879,62.845516,16.573269,-23.311386,12.8803,31.321129,6.1304297,-20.689638,17.272839,14.954765,4.9921136,-3.4656715,6.596716,3.0494502,4.7327313,-0.40151292,5.2143726,-2.6423454,3.8124304,6.5493655,5.3156514,1249.4147524557306,349.2373533779623,1627.185316041276,314.8196518833647,0.00016048581,0.00020754649,2919.522639936195,0.0136139775,0.0039717103,0.04624510585846868,0.016152194922209512
-351.16095,34.550415,168.23265,9.766512,-29.518036,6.878582,66.98765,10.487332,-29.147644,8.61226,34.40778,4.4679165,-25.294464,10.760562,13.813597,4.780028,-9.350841,4.2276106,4.119384,4.04719,-0.17515072,3.912448,-2.1907465,3.2664204,8.196091,3.531831,1312.153485263857,229.72408891757502,1687.6666426816712,192.64287111880276,0.00020025265,0.00047291061,3028.862350003625,0.01355929,0.0031196754,0.05520863544083527,0.016757686307648345
-329.53452,21.444754,144.40045,9.580238,-41.71547,4.5716686,73.779594,4.8081064,-42.445168,3.9596007,34.288006,3.9145572,-37.425343,6.9997754,23.40942,5.832676,-10.145096,5.2195325,4.610802,4.3771176,1.0659871,5.182737,-5.6083555,3.2393887,0.968187,4.893208,1867.4103087618546,159.50978243004695,1998.922332256998,67.624140070901,0.00041687308,0.0005705355,4414.831231420389,0.012891315,0.003342063,0.08520337877030162,0.010808559690269552
-346.95764,30.89295,160.1411,4.958826,-37.05444,6.525464,58.01801,11.882879,-42.079033,5.799014,34.61432,3.7326677,-32.23297,7.6586866,20.743706,3.918615,-11.421748,4.506158,0.24458851,4.350334,-6.829855,3.610661,-1.2494023,3.4384053,13.5583515,3.6728864,1565.6611990018666,116.52771306204512,1832.830933447768,61.17603463621784,0.0003067542,0.00065898354,3589.8997154147332,0.012121111,0.00344925,0.07195634244489559,0.008495719977707546
-335.86038,24.528244,171.71768,7.1556826,-42.6455,4.326585,69.67523,6.915819,-33.17129,7.003251,36.608437,4.8477206,-26.791815,9.721951,15.061228,3.9132802,-10.888365,5.1345305,1.0114485,3.3483696,-2.170772,3.792931,-4.6052747,3.0452158,6.5418153,3.8343303,1384.8958936725369,159.5174377477208,1676.7524010119166,152.61939745170343,0.00021314352,0.00014336426,3156.737601508121,0.0137821315,0.0030094646,0.06014356148491879,0.008764985192195894
-328.0635,20.3415,152.59337,6.0930033,-39.945778,4.4886365,72.172195,5.3309226,-30.686153,6.721854,40.546757,3.6904552,-29.71103,7.3352823,18.28506,3.9092302,-12.034305,4.3218474,3.9006298,3.9727995,-1.6608884,3.7604616,-3.880853,2.8476467,7.336019,3.599872,1633.5326182696322,106.26603330927993,1895.5350811819928,56.02397240450744,0.00038138067,0.0011319062,3866.5339281830047,0.0135732265,0.0032357576,0.06894282011310905,0.009144336391558414
-340.09445,26.055689,156.17302,5.1372275,-38.049553,4.7047424,68.86691,6.783688,-43.03735,4.3916078,28.499472,3.52428,-32.128563,8.142107,22.534472,4.3602858,-11.627361,3.8160317,6.1501474,5.4913516,-2.046311,5.6331835,-11.442366,3.5727148,2.0045938,4.2861576,1624.9042400986107,90.0878034213588,1854.1478636717225,48.764346225747985,0.0002819992,0.0002759232,3716.226175047129,0.013061924,0.0033320845,0.0731368275087007,0.008205332943973078
-340.60318,27.493032,171.11815,9.071491,-39.82527,4.9183135,66.88813,7.7854686,-29.005253,8.287679,35.914898,4.906635,-23.844572,11.325333,14.460736,4.5876927,-9.648664,5.162492,1.4570253,2.9887795,0.27728918,4.046511,-2.4273062,3.1038878,7.230391,4.09072,1335.607197805796,180.22289198005998,1653.354687500524,181.4107455287094,0.00022401915,0.0005072753,3026.139473970418,0.013663716,0.0029681667,0.05571730894721578,0.009854770561196565
-370.7705,53.217735,169.97942,16.37852,-22.336416,10.770128,66.74184,16.429564,-25.19387,12.107544,32.853165,6.282736,-22.959946,15.750149,17.935656,4.627328,-3.9474328,6.146131,3.4648597,4.2514615,-0.14901504,5.121882,-0.8670374,3.4789634,7.6286283,4.933043,1214.6985761380956,347.2293963799498,1625.6820469472914,321.2952519430447,0.0001962803,0.000829273,2837.7614173977668,0.013748665,0.0032287692,0.04494226725638051,0.0163162388551069
-342.6503,27.479986,161.2087,4.329584,-34.267147,6.1931214,59.52436,9.953196,-43.013306,4.664276,32.645367,4.289385,-33.47585,7.645799,21.718582,3.6164327,-6.7094536,4.636105,4.8042374,5.0127,-7.2649827,3.6860816,-8.967408,3.496385,2.3486092,4.055099,1536.136911972266,96.08518309405024,1828.2503200288202,55.07660624613646,0.00028122545,0.00063606014,3561.946520174739,0.013051073,0.0034227439,0.06975171294953596,0.0073215558121167415
-365.32236,52.329,163.63905,14.3922825,-24.424168,9.361554,63.145645,14.4217825,-24.406662,12.595569,32.02706,5.152268,-24.21487,15.571653,14.332548,5.214055,-6.1169972,5.657084,1.890202,4.647156,-2.205915,5.0549026,-2.0586908,3.5025423,7.735631,4.536922,1304.235327701702,322.66758017790283,1676.2064614020155,274.90159707857873,0.00017918566,0.00024149945,3024.390837985789,0.013508481,0.003991334,0.04877261274651972,0.018377758436921656
-337.60486,23.463655,154.6681,5.7382193,-39.82728,6.5445743,71.99345,7.0144515,-41.32178,4.2906537,35.2934,3.8755648,-32.848095,7.558773,23.146303,4.2111297,-18.252073,4.0722065,2.9399674,4.267762,-0.06767501,5.903311,-5.0962234,3.7626317,9.152362,3.4534345,1687.1355251365194,104.03315926955597,1923.9595307515458,52.86153390686528,0.00034899174,0.0006441965,3936.404426025957,0.012852859,0.0033392133,0.07387094873839907,0.010358338591961775
-335.72717,24.3395,172.10278,8.635284,-40.980305,4.2592382,68.90532,7.1469455,-33.180347,6.7566695,33.777485,5.266631,-28.114058,9.911986,14.68164,4.4876776,-10.741326,4.9731894,2.2226164,3.2143686,-0.66643506,4.597715,-2.7510808,3.236728,7.1712327,3.5782337,1370.9075347771277,171.54198992513875,1671.3813294383162,167.95595170394336,0.00024084971,0.00048375968,3114.570493764501,0.013747188,0.0029247995,0.06060125435034803,0.009704844064377403
-357.9759,40.417404,168.0736,11.47144,-26.153612,8.879436,67.96025,11.754341,-27.892149,8.446632,34.232765,4.620144,-25.669382,14.141966,15.10427,4.4115624,-6.795558,4.4773884,6.779482,4.986193,0.6690793,4.706895,-2.0942101,3.2022378,7.0885925,4.0048,1274.9491088899176,288.1583825677781,1674.2093262568337,238.8827225541038,0.00017637586,0.00020476435,2947.3509326058584,0.013484474,0.0029958186,0.0522483595562645,0.01925706031575112
-337.38916,24.834415,160.50923,5.1402965,-37.651524,6.684706,62.048645,8.986878,-43.208874,4.220821,34.261517,4.1196136,-36.80849,7.367437,17.359196,3.4147565,-12.602629,4.1941595,6.3940067,4.382774,0.9878033,3.5768747,1.3297868,3.3241227,7.819138,4.0578904,1589.0632985368657,101.32705894608985,1861.7206169167243,53.109710641145234,0.00032320432,0.0008365339,3720.5977650087007,0.01323827,0.0033190893,0.06998169228538283,0.008503337715983338
-369.5226,52.768806,167.2617,14.748181,-22.597742,9.824682,65.98795,14.915644,-23.687082,11.2896,32.429752,6.368287,-21.433083,17.748972,18.016424,4.5949664,-3.9028444,5.733476,4.420072,4.134527,-0.69824415,4.7563415,-1.953604,3.425245,6.891768,5.393433,1247.2828658174485,332.36132780343934,1644.3910509054458,303.30559805070067,0.00020547769,0.0008928411,2885.499179778132,0.013380208,0.0039463607,0.04753548252610209,0.016049599449283195
-339.1308,26.53471,163.82388,4.8269024,-41.07689,5.876219,55.296627,11.0721035,-43.873505,4.5451264,34.652184,3.425508,-32.500237,7.3045874,20.395765,3.2753296,-13.418986,3.9760456,0.8207122,3.9928734,-1.15685,4.4469056,5.7732224,3.8468828,13.6287,3.5612316,1554.6969189474623,119.85013485079492,1792.3969671152142,79.84588674134083,0.00028304025,0.00054134155,3442.189935741734,0.012777083,0.003188619,0.0761696091937355,0.009515679838656914
-340.89465,26.876284,164.16487,4.205611,-39.857494,5.941239,56.25872,11.391929,-42.00844,4.602044,36.48486,3.4017906,-33.281548,6.6557107,19.607687,3.3358812,-13.216778,3.8197923,0.9650547,3.4137418,-0.98430055,3.8238168,5.5294104,3.6357129,13.709345,3.6112294,1541.2135432239847,106.83804600321822,1793.7068562450584,76.72759770797472,0.0002629548,0.00035380773,3414.611448212732,0.012865379,0.0031117392,0.07411678871809745,0.00862153351773115
-345.8071,32.172993,168.74907,8.211293,-35.562645,6.0918846,62.926846,10.084028,-31.372032,7.2598643,39.47837,3.704272,-22.465084,12.806844,17.341648,3.3960693,-13.137218,4.335817,-2.124177,3.2867186,-2.7662897,3.9961271,1.624416,3.2713425,10.848529,3.5986404,1362.2676094038468,206.2445772610393,1697.9987471878603,172.04917896465992,0.00024049639,0.0006625322,3075.500969765081,0.013407003,0.003109663,0.058231220997679814,0.010435966311313964
-344.44244,31.399937,167.1334,6.9043293,-37.49978,4.814837,63.478947,9.18892,-30.990995,6.987329,40.2022,3.3097444,-22.302853,13.638781,17.369118,3.4063756,-11.311818,4.282165,0.39764506,3.1681175,-1.3321978,3.6945686,2.387787,2.9500117,10.2365675,3.93831,1383.207035828645,193.40359361266235,1716.6066907617142,163.80799809362873,0.00020052126,0.00010810449,3174.6736106075987,0.01339354,0.0030709226,0.05627583019141531,0.011610993048454525
-330.1103,20.67773,153.11737,5.851796,-45.2371,5.185998,74.9862,5.245264,-31.326195,5.767268,44.514477,3.772369,-30.965275,8.041207,21.396132,4.2008843,-13.158577,4.415353,6.2404675,4.191875,-0.5582939,3.9492493,-2.679921,3.1818972,8.41809,3.8430853,1680.1111179021675,106.94079762722953,1919.7327856575484,55.89847916588724,0.00035396268,0.00043002245,3934.755712097593,0.013058732,0.0028994717,0.07360471650232019,0.010692958531694309
-332.85544,22.427252,149.7502,7.014963,-39.83294,4.6915717,69.46417,5.769969,-43.929462,3.691674,32.96017,3.2810342,-38.414055,7.077682,23.56273,5.325346,-9.500765,4.7632866,-0.13181286,3.4397113,-2.4816365,4.5388517,-4.9981985,2.9433677,-0.600202,5.089956,1787.801862690979,119.51494677770758,1955.874076818014,52.874442054932345,0.00034984088,0.00037924852,4291.602355532193,0.012968088,0.0030430523,0.08223630546693736,0.010151977522732959
-349.14117,30.901035,163.74608,5.559312,-39.418816,6.5364547,55.81804,12.476239,-42.06771,5.7055807,33.784737,3.7373748,-35.09031,7.9833493,19.60701,3.535669,-13.366351,3.7527602,0.3779125,3.6447108,-3.5713413,4.246354,4.2926435,3.9226637,15.022451,3.3104706,1532.840225942957,126.19282604988781,1793.509555242112,94.50826863161652,0.00032712377,0.0014746409,3389.331167977813,0.012466665,0.003188908,0.07048130256670533,0.007940304288134645
-341.49615,28.096766,163.4999,4.3885355,-40.810287,5.6559052,55.992844,10.716814,-40.846268,5.137033,35.47182,3.3580184,-32.330845,7.669147,19.705618,3.1750462,-13.013791,4.2611494,0.6144898,3.8612633,-1.7451755,4.4753056,5.5504665,4.0896726,13.90376,3.315329,1540.0606558864554,118.66453057947037,1785.2506428875824,83.54454018686363,0.00025805976,0.00019126681,3401.5466393561487,0.012602406,0.0031634637,0.07438188805104408,0.008391810320841936
-341.17517,27.145504,160.1813,4.3111577,-36.785484,6.817888,58.243122,10.181032,-40.198032,4.336282,35.34695,3.1117415,-32.323505,7.2212753,20.683706,3.2672422,-9.189013,4.1413302,2.7059257,3.8812191,-7.9085298,3.712545,-6.3568645,3.0642693,6.430432,3.3509169,1546.5145212538462,119.64500251890841,1823.6634367639754,69.5545088434246,0.000264658,0.0004084183,3527.5733328197507,0.013082344,0.003051207,0.07008705227668213,0.008667029870950502
-307.66318,17.353407,155.9588,6.322288,-68.92382,8.684906,57.01103,7.204176,-42.160744,4.2336607,31.36938,5.794736,-34.357353,5.7126994,12.071977,3.5125542,-15.543077,4.1226096,4.89047,4.3923106,-1.2237674,4.209256,-9.115849,3.085651,7.008994,3.6888711,1805.2997120614023,131.05660083225663,1735.0645654686423,98.00173064266583,0.00049512857,0.00050899375,3683.626604190835,0.01233092,0.0032727197,0.10435170751160093,0.020883599735781088
-337.839,25.29252,162.40262,4.5233364,-42.891907,4.2693715,68.00843,7.608633,-32.38816,5.967525,43.160492,3.5984247,-25.21717,10.234721,21.753191,3.4223478,-12.711872,3.9183784,2.3851354,3.4539583,-1.1332473,4.0080547,1.747191,2.8364863,11.053946,3.4436285,1502.003821925137,127.60504684367129,1804.5111571241587,82.97734993992849,0.00026436834,0.00028947814,3477.012772349913,0.0131391715,0.0029953294,0.06244222194025522,0.009740071939746393
-342.96213,31.041471,174.3915,13.616207,-37.48939,4.433019,65.89391,9.526255,-27.773695,9.067661,33.024887,7.1662793,-26.75435,13.054743,13.54039,5.6244745,-9.99786,5.570946,0.62315124,3.2254097,-2.3261995,4.4316177,-4.103702,3.4600976,4.9859724,4.0792165,1313.95217634139,231.40632440455238,1628.927473302157,249.5112735607715,0.00019757234,0.00029396385,2949.4992568155453,0.013587198,0.0029652352,0.05629622244779582,0.010910484771503389
-340.9063,28.602978,170.53343,9.811172,-37.42658,4.488747,66.80244,8.683875,-29.596672,6.74573,33.57352,5.917096,-26.647423,11.390795,15.454932,4.7662063,-8.205882,5.061774,3.9836466,3.2989442,0.11730812,4.6109285,-0.75281286,2.9968863,8.595609,3.8506591,1351.927704233801,200.5728279981614,1675.6377982983754,194.1311593412642,0.00022355234,0.00043597893,3074.1520220055104,0.013553347,0.0030023933,0.056857009498259864,0.011712384124091353
-339.15875,27.773514,170.82251,9.193134,-41.673073,4.431225,68.74399,7.8863297,-29.747337,6.986133,36.222923,5.391689,-26.901848,11.578602,15.84777,5.023068,-10.351591,4.8367343,1.8989881,3.517524,-1.1444478,4.0469584,-2.9149532,3.32313,6.6015644,4.0499225,1379.0490068848749,189.16507052109608,1680.7504232312665,186.92840161940845,0.00021483755,0.0002451318,3120.291031485644,0.013509991,0.0031078,0.05906390479988399,0.01012164747701664
-338.71973,27.729013,166.62581,9.609968,-36.606316,4.614646,64.11888,8.300961,-25.17928,7.0505505,33.342735,5.3216114,-23.61529,12.100902,13.729889,4.6536746,-8.498248,4.9780664,0.4835295,3.3817315,-1.2760886,4.367062,-2.2722085,3.3546872,6.423152,3.9930186,1361.1881548685158,194.6631869662019,1670.2993392955434,192.22803582744567,0.00022088664,0.00032233752,3077.6742744888343,0.013340326,0.0030026222,0.05750729589617169,0.011338563637638174
-341.16074,29.555626,172.11667,11.496515,-38.995903,4.9155655,65.71387,9.068302,-28.108559,8.273576,34.803257,6.3833985,-26.10003,11.7970705,14.453624,5.9169445,-10.702477,4.8744164,0.7483167,3.4814825,-1.1479394,4.0464826,-2.2450469,3.2576067,6.5004473,3.863398,1342.7679718849104,211.72872909046197,1656.4012462240462,221.74925872017693,0.00022359079,0.0003889495,3015.372872407918,0.013355313,0.0028908113,0.05775880039153132,0.009847438928710579
-306.37354,14.388999,144.74731,7.3573008,-50.831722,5.2121177,73.38094,5.6933827,-45.249943,4.2008348,41.26492,3.2766402,-34.052578,5.8175154,20.316359,3.7404037,-17.541586,3.781849,6.301934,3.9916685,-2.5771835,3.25578,-2.3415892,3.2284265,9.656237,3.5535142,2017.862822985895,154.21200664901832,2031.863281209751,55.83277550823096,0.000772962,0.002002869,4519.849312554379,0.012477146,0.0029703511,0.10949508773201856,0.0207916890501677
-352.43494,34.9821,167.18768,8.588917,-32.791264,6.3724008,69.825,9.183605,-28.160847,8.995905,36.988987,4.840884,-26.271154,12.502293,19.45942,4.147626,-6.32411,4.2915406,6.1567955,3.9792078,-0.54210263,4.1601114,-2.750653,2.9561431,6.305868,4.1568136,1339.0460596913706,239.35975324682917,1719.018810529102,199.10573245635038,0.00020090005,0.00031796907,3130.2082955698957,0.013385619,0.0027808065,0.05331555430684455,0.014070242502011074
-318.9964,30.839966,160.90251,6.438062,-61.401363,10.463077,63.2223,8.462704,-42.170498,7.5002823,32.143295,5.993266,-35.843056,8.110284,16.61147,4.1194663,-11.9782095,4.6284075,4.1509585,4.0675344,-5.084407,4.190248,-7.3345923,3.8196614,7.324684,3.6372483,1718.337778551671,147.1585034676059,1757.003696476158,121.61868451026743,0.0004328714,0.0005844234,3658.19644087152,0.012444963,0.003400269,0.0916892492024362,0.01659449801771704
-337.50815,25.094461,170.36288,7.9576726,-44.092697,4.5781097,68.36704,7.4463453,-31.930082,6.39517,38.65887,4.704219,-26.975235,10.92614,16.556456,4.174424,-10.144714,5.111091,2.6188483,3.211814,-0.8571057,4.210999,-2.8289876,3.1781747,6.6098113,4.182234,1413.8901467876406,172.71747379646328,1702.0813176729916,166.47137296046245,0.00023751677,0.00023207342,3223.735340233469,0.013173373,0.002847537,0.06152003879060325,0.00883604615130118
-340.77313,26.802843,161.45117,4.303916,-36.18868,6.789281,60.26966,9.820163,-42.53428,3.918451,33.057755,3.3626924,-33.787178,8.294133,22.959505,3.7106607,-7.898732,4.7563095,4.9461584,5.0809007,-8.141563,3.864766,-9.086437,3.3242183,4.861743,3.9287262,1556.7464788198938,106.73332855003147,1836.8809035109753,62.77817533373127,0.00027735395,0.00048820672,3575.0612900594547,0.012897527,0.0030396557,0.07144427022911833,0.008580766276490891
-308.1612,15.238569,141.75876,8.044884,-66.79156,7.4079337,75.95605,5.849937,-44.600742,3.6508348,32.474834,3.7126207,-31.817776,6.287905,17.859274,3.4947271,-18.601467,4.7166295,4.148342,4.0295587,-6.9747047,3.3553312,-7.122371,3.3053484,10.412678,3.2431905,2077.41014475255,166.79624167104288,1879.115465025103,51.61921062578267,0.0008159269,0.0016829092,4192.179909549014,0.011771982,0.003301111,0.12917021642981438,0.02849109096739902
-336.25327,22.057209,155.02914,6.497171,-41.865765,4.372252,76.18582,5.093573,-31.66599,5.470943,43.11873,4.3020186,-31.078197,8.115601,22.572153,3.7716827,-11.57692,4.0164933,6.3949347,4.3010592,-0.3907322,3.9996488,-1.614298,2.9274943,9.58967,4.0859265,1625.4454357682896,118.46340072018785,1910.3700861205991,63.130092191983714,0.0003039975,0.00016718915,3856.6666251268853,0.013115411,0.0031332832,0.06744172346287702,0.010471243902749562
-323.42072,22.850458,157.128,8.794831,-43.6051,6.431699,74.70095,6.4712353,-44.222946,5.407152,34.160072,4.7629914,-28.56666,8.981373,16.970585,3.8982863,-14.516284,3.9234912,6.1803904,3.927385,-2.9448633,4.1777005,-6.0602264,3.7656667,8.847699,3.4330618,1695.6002480592022,167.46598305912576,1862.3658656831399,82.44549284798104,0.000422298,0.00081839564,3875.4269911905453,0.012943553,0.0035514303,0.08241303835556844,0.01869442513445476
-342.5978,27.491758,171.96071,10.611506,-41.38395,5.164745,68.764534,8.088991,-30.362574,7.3746185,37.061607,5.841504,-27.227804,11.685312,15.778311,5.085291,-10.86972,5.556214,1.483088,3.4891613,-1.3406062,4.596788,-2.9307988,3.01535,6.964546,4.3822684,1369.895144240209,203.71620791129135,1678.4054247749268,203.47229335346788,0.00026302505,0.001016471,3108.4502678183003,0.013328111,0.0028135858,0.05773047781322506,0.01042605957795641
-331.20636,33.48183,155.7926,10.658131,-41.77424,15.683102,55.26068,10.086599,-23.881008,8.91917,27.617813,6.397463,-26.877905,10.6275,11.420083,5.1520257,-6.4470468,6.92979,0.3775978,4.66186,-2.4947438,4.5169387,-4.545256,4.919312,8.159329,4.245207,1545.6129777006947,198.68995257705754,1701.4265850972413,204.62740056433267,0.00029385454,0.00041754922,3343.3420415820765,0.012554935,0.003813321,0.07660351109338748,0.02299825721321089
-339.604,25.697838,170.23412,7.9796543,-43.05969,4.5921607,70.06591,7.4168344,-31.706268,6.455221,37.59685,4.8651233,-27.725418,11.047633,17.108183,4.543923,-10.17463,5.2244287,3.227025,3.374612,-1.1900342,3.8876688,-2.945961,3.3335676,7.825337,4.5604725,1407.4379628448944,177.5268080263751,1706.8225396382613,172.10392493440054,0.00023505827,0.00019806708,3210.3957457221577,0.013047617,0.0028495516,0.06111672527552204,0.010311924031352145
-341.1094,24.805208,155.80423,4.697053,-35.269943,5.0554686,72.59883,6.482822,-27.787178,6.1643863,39.986946,3.8897717,-28.710693,8.902948,20.381931,3.5570319,-9.909021,4.200721,4.9276752,4.385925,-1.7666917,3.959906,-2.9361541,3.1080153,8.169345,4.6536446,1521.0193938864795,127.65842705636183,1861.905823257328,72.53835299748432,0.00026696755,0.00025930427,3622.79905243982,0.013018454,0.0029418906,0.06127533171403712,0.01104438008103247
-336.86523,24.591705,170.03165,8.696524,-43.014015,4.9287653,69.21575,7.1873193,-31.77685,6.435577,37.007717,5.7817655,-27.757704,10.867139,15.914184,4.2072673,-11.5959635,5.1415515,2.450238,3.5772648,-1.237928,4.425641,-3.0195754,2.9522047,6.884374,4.5151563,1411.958798992034,177.85261213564496,1704.2449536908844,173.01035492548317,0.00027778716,0.0008794148,3216.790757323086,0.01349764,0.0028661597,0.06111899108178654,0.009026818173766979
-343.85672,27.44179,162.21422,4.68358,-41.50872,6.3676243,57.382557,10.632101,-42.053066,5.0769563,36.884266,4.115904,-32.153496,7.744426,21.49746,3.2799916,-14.634956,4.214272,0.03716002,3.6539145,-2.0063396,4.120685,5.536537,4.119269,13.164269,4.294464,1584.7162467806215,125.31836917667778,1825.24058176539,80.58516469224985,0.0003106536,0.0005701084,3551.229879640371,0.012012303,0.002991841,0.0752689512035963,0.009051722332107383
-341.98477,27.36065,172.84114,9.367442,-43.99374,5.069085,68.61228,8.055096,-31.947744,7.303447,38.17696,5.970567,-26.573528,11.55631,17.275448,5.243747,-11.804764,5.2989,1.780532,3.425171,-0.5756695,4.2967844,-1.9352789,3.2169535,7.7747273,3.9642825,1386.2827450522695,188.33073483527969,1686.3204499299673,192.37825749377612,0.0002483248,0.0006021162,3137.4276641350057,0.013195731,0.002993457,0.05911715124709977,0.009688132004046796
-306.41336,13.021617,138.83672,8.582365,-58.588284,5.6708703,75.63053,5.6620107,-49.986305,4.5750217,42.22716,3.700538,-39.91317,4.9355693,20.984,3.7564101,-17.880295,3.8036597,5.529632,4.097688,-5.125606,3.301754,-5.952096,3.116985,9.647999,3.1416607,2240.163998361745,202.80929160048234,2073.9007866324773,45.449070270370115,0.00093444623,0.0013449851,4815.368793956642,0.011473287,0.003099952,0.13472823919663574,0.030469457269370052
-342.03064,26.598982,158.04265,4.775624,-34.813004,6.776138,61.383774,9.678439,-42.400383,4.2503376,33.667336,4.5359426,-34.73028,8.198765,21.94291,3.5308309,-7.220815,4.639031,8.742664,5.3683224,-2.7598019,3.753592,-4.838653,3.3651736,3.0856392,4.716981,1601.1253732272376,116.81497334302794,1878.649903081415,63.837368044360545,0.00029275432,0.00044102693,3758.0935166219547,0.012773204,0.0030050755,0.07310057460846868,0.008445391120457592
-342.9491,29.763058,160.79126,5.435696,-38.090946,6.7243767,57.19176,11.6040125,-39.9189,5.651818,34.727448,4.331506,-32.584515,9.006267,21.748014,3.7490048,-12.080299,4.6914506,0.9514748,4.082258,-2.8961372,3.593619,3.9282198,3.6146126,14.911862,3.687286,1558.2289412046703,140.76705310438382,1822.2408845279547,95.54928068023446,0.00035238324,0.0017153962,3492.4507300427786,0.012751555,0.0029687656,0.0717750779437355,0.008162921397053238
-336.0324,25.956167,169.41,7.805911,-43.194008,4.2621045,69.55567,7.1742144,-31.573624,7.080578,38.656677,4.8542957,-27.467537,11.434119,17.46858,4.5697765,-11.047792,4.9785137,1.5587128,3.160595,-1.7855992,4.056224,-2.1556313,3.195289,7.9832125,4.47772,1425.0751768500213,175.4180413643534,1720.1888120330364,170.4477979527129,0.00024896313,0.00040844045,3267.3263372788574,0.013459836,0.0029277275,0.061164307207076565,0.010456021547669973
-342.27002,31.220701,174.32397,13.271072,-42.417625,5.0653586,67.317795,9.319329,-30.925995,8.895712,35.869167,7.3175426,-28.059496,13.2516775,15.9812,5.8179216,-10.752411,5.9429183,1.5567868,3.3812048,-1.1550239,4.489551,-2.4182627,3.2260618,6.8374147,4.57924,1376.6677686687217,239.8756178382644,1669.7003270817966,248.61512617750486,0.00025009242,0.0005876355,3122.4643362093966,0.013226408,0.0029236837,0.05965301442865429,0.01101134650894473
-339.27002,28.47945,134.18782,11.833867,-26.668177,8.78439,82.400795,4.472454,-39.803436,4.349659,44.436295,5.367777,-36.3685,8.559224,25.5676,4.742724,-12.425062,4.4110193,8.546117,5.1401224,-3.151138,3.556019,-1.9376402,3.5959897,11.528898,4.2450714,2060.3670414030194,259.5162961511146,2237.760788956955,139.121565602119,0.00048220414,0.00049429556,5001.373701693011,0.012281338,0.0034141012,0.09321073810904873,0.020621546770540424
-310.61282,20.739758,145.06508,13.454226,-67.530655,9.897412,64.86627,8.938107,-50.042095,5.434672,35.33984,6.077816,-40.3559,6.504676,14.370677,3.6852438,-13.477348,4.5196915,3.2501059,4.4323936,-0.69431853,4.412192,-6.9452853,3.3144763,5.712047,4.0239973,2056.6534230839534,281.3207349252845,1881.6771327060696,135.50677238168782,0.0007424849,0.0009932896,4329.7226199971,0.0118050715,0.0035952998,0.12477795098607888,0.036056144366115525
-308.39124,14.4081745,141.79568,7.814353,-62.112465,5.203973,78.11505,5.059207,-48.18381,4.0720525,36.457867,3.68985,-38.246574,6.0259466,19.801096,3.391543,-19.169935,3.974858,5.644666,4.1562433,-5.1666207,3.4047225,-5.881471,3.1423814,8.673613,3.9522238,2137.7915873928873,172.4994878464669,1983.8774718752109,45.57971011271592,0.0007686589,0.00063827675,4494.768876431989,0.0118097365,0.0032025082,0.12783225783062646,0.026777244654953115
-345.70474,29.948,161.0678,4.7272706,-38.388622,7.5987797,60.77436,10.8341255,-43.097847,4.5377088,36.815323,3.9894857,-34.19286,8.124868,23.563011,3.4563403,-9.235177,4.231616,3.3053868,4.0423293,-7.908023,3.5435379,-6.5713625,3.1557274,7.207875,4.30204,1573.0244778668782,142.65855040808785,1847.0610989384745,85.3546784201881,0.0002444694,0.00010463444,3615.604664388776,0.012785546,0.0030194442,0.07149638377320186,0.008887928113511884
-337.52676,25.73933,145.63039,6.2824593,-36.23503,5.905966,71.965324,5.90515,-38.143185,3.4940505,33.613747,3.6446319,-34.410152,8.311226,24.050152,4.838429,-13.41498,3.5770304,-0.6641949,3.3251686,6.455648,7.288085,1.6391348,3.893658,7.966384,4.436215,1764.2786485913332,113.00688224515216,1972.0861106823938,50.91045095428202,0.0003377477,0.00054519664,4265.197952164298,0.013071007,0.0031195881,0.07415757323085846,0.010533278592997936
-345.91583,33.42595,165.08022,7.6930447,-38.147793,5.416444,65.86207,10.26269,-31.128805,8.047036,41.500507,4.214349,-22.409,14.210696,19.543028,3.4890757,-10.586762,5.2176495,1.8371743,3.6523132,-0.7016267,3.8795276,2.5964985,2.965214,11.815207,4.5822625,1416.68642906325,226.89125370875283,1750.660022409667,183.33721365334318,0.00021851924,0.0002175917,3308.793990628625,0.013317745,0.0028724219,0.055967680539443156,0.013564543140918471
-341.4942,29.573292,160.66263,4.6563067,-41.386494,6.0534563,58.474354,11.1484165,-44.49916,4.8228235,36.557735,3.840123,-34.449493,8.622971,21.795706,3.9646797,-11.709164,4.8850503,1.7116919,3.8933249,-2.635927,4.0620413,3.864886,3.348308,14.904759,3.627983,1621.2774366728408,129.10739328628824,1853.3915567481245,79.54407446976498,0.00030846763,0.00037753663,3722.221498422999,0.012279516,0.0033101414,0.07573457439095127,0.008097887776189477
-348.92612,33.65702,161.13475,5.1738977,-36.239017,7.622174,62.850216,11.284056,-43.33357,4.7426395,36.032658,3.884409,-34.453976,10.284551,19.900513,3.608986,-11.940575,4.704035,3.486216,5.1490426,-7.306371,3.2550156,-7.0144243,3.2755768,4.5246186,4.5595307,1560.3488107665753,158.45985389989116,1842.6563740169674,96.63240290888062,0.0002512242,0.00034708148,3623.8732145446634,0.012869854,0.0030064622,0.06990805358178655,0.00901768263389778
-349.13098,26.554173,168.5063,19.14547,-40.487633,4.945302,65.26822,7.1364365,-31.822048,7.802772,39.494446,9.694323,-28.06076,13.209816,19.203232,8.77464,-11.832441,5.980546,4.4352922,4.551549,-1.0732872,3.9228525,-2.6031513,3.574802,8.500119,3.520595,1515.1142654674989,433.6758175983638,1783.5618719866548,383.46444625912835,0.00033865598,0.0010026401,3506.0401296947507,0.011818278,0.0016281146,0.06607884099477958,0.021379107491001602
-359.2079,26.961967,160.18906,13.895777,-40.709522,5.407464,51.405865,10.397401,-41.594578,6.771558,43.48182,5.165531,-32.12357,9.751933,26.280447,5.417985,-14.265048,4.1485744,4.2091923,4.4168196,-1.9810399,3.7169428,5.559688,3.353908,16.416807,3.5488105,1685.0913018104231,384.56406258593955,1907.9880973619559,267.5435883463607,0.00035534572,0.0010329713,3721.5470245432134,0.010726457,0.0019181217,0.07904038573085846,0.01868095273846719
-354.35788,28.142431,168.33142,20.123138,-40.416634,3.8510685,65.67925,6.768043,-29.46628,8.06767,40.076317,10.010637,-26.8708,13.762791,17.242268,8.94547,-12.767491,6.1383467,3.5519419,5.1755166,-0.12912357,3.7392552,-2.0340226,3.1328304,8.453191,3.6109002,1493.6313700220512,453.4047915478468,1760.72516970143,394.74347096120573,0.000282863,0.0005332004,3451.7824531431265,0.011683787,0.0016298596,0.06525295461136892,0.022675088597020582
-333.36877,16.34907,152.05602,9.510386,-49.38371,3.7925844,71.25429,4.259662,-34.536697,5.19592,41.464237,6.482277,-31.56771,8.394356,20.894312,5.7682586,-14.65959,4.3847637,5.6778283,3.5091255,-0.65237844,3.3845224,-1.749822,3.0473375,8.440026,3.6007094,1807.3099648236182,277.14193870528294,1937.0253823831808,206.65157833807788,0.00044653393,0.00040268037,4099.951851616879,0.010977825,0.0017006618,0.08384049630220418,0.01782424930133697
-352.09717,27.306843,167.31038,19.449844,-41.289722,5.127331,64.65823,7.2880597,-28.364088,8.441174,40.55551,9.826007,-24.938702,13.566471,18.391035,8.667245,-11.315193,5.7779894,4.4737277,4.2386174,0.45098317,4.140967,-3.017333,3.2628405,6.883027,3.7377355,1489.5048779867445,426.42942456361254,1759.557503044624,382.6860616531947,0.00033117554,0.0012240222,3451.1829208055397,0.011851995,0.0018067071,0.06333721541473318,0.02068416340724876
-373.33066,36.402122,159.43878,20.299776,-32.09238,5.4050913,59.198704,11.164585,-26.027466,8.214826,44.270752,9.691603,-18.403498,14.860495,22.44695,8.349075,-9.919181,5.1500735,4.41088,4.4847903,0.4898672,3.4718897,1.88853,3.4642234,11.458478,4.471867,1475.6092274234536,494.50322952436073,1802.4413337551941,400.591661659308,0.00024824185,0.0006187945,3422.5302711716936,0.011509387,0.0025519065,0.0580114377900232,0.022816793398775025
-336.5225,26.035114,158.15831,13.346338,-46.950397,10.022866,69.457695,7.679496,-35.51396,6.8140326,38.558178,7.1252728,-29.833542,10.990406,18.304468,7.018565,-14.777691,4.674288,4.7783074,4.0101423,-1.7141949,3.2743094,-2.849185,3.5575223,9.054382,3.9043436,1705.3348041455756,342.1920524835978,1858.5729750836367,260.3123311478153,0.00043879426,0.00087797584,3833.959337840777,0.011290409,0.0018364104,0.08320720345127611,0.022684047305614664
-346.32126,23.638992,166.23517,16.226845,-43.182297,4.3279805,65.779724,5.868446,-32.04682,7.3508596,39.680023,9.073179,-26.717073,12.352464,19.218384,7.760393,-10.83786,5.5581274,6.0635076,4.2925396,0.5023716,4.039168,-3.4419076,3.3888695,7.5429497,3.860292,1528.0320410270692,366.7720887634944,1784.8441248135264,331.40649587347855,0.0003095729,0.00063685107,3548.3321400087007,0.011794021,0.0017010379,0.06750743184454756,0.018107678316366976
-357.52792,25.418516,156.81755,12.722682,-40.688133,6.0905833,50.843197,9.983293,-43.886097,5.8692746,38.925404,7.6756525,-35.166134,7.6553206,23.823824,4.725231,-14.02044,4.009814,4.909408,3.6604974,1.9614222,3.671671,9.025662,3.2609494,18.14442,3.8203292,1716.7464557424082,338.61302245790694,1905.3667945199647,244.6565967679306,0.000377477,0.0014658114,3775.0552856728536,0.011067842,0.0019140675,0.08220231837296983,0.01504645871248167
-354.07507,21.28363,146.48633,7.1708126,-27.337515,8.690611,65.40962,6.8940473,-40.839046,3.5537379,48.30731,3.7119162,-33.45997,7.953213,22.562038,4.2367086,-16.073938,3.8721304,5.365642,3.7154672,-3.0989254,3.3170462,0.062346242,3.2259104,8.115393,3.791771,1857.4188136590717,253.79555732963883,2142.0798982569627,106.79685534922947,0.00036858502,0.00034250502,4667.559092227379,0.01089483,0.0019435512,0.07754608649941995,0.017399082266556037
-319.7056,9.866823,126.303856,5.8889704,-64.63745,6.002007,76.45476,5.328534,-46.510788,4.360009,49.66913,4.404314,-31.554281,6.0641227,22.153166,4.676872,-14.890304,4.369502,9.929596,3.555871,-2.6957736,3.2308433,-5.5700283,3.9231114,11.830498,3.7579274,2447.800385869344,146.2206538214285,2088.6294168295003,94.9367976144613,0.0011122541,0.0033180707,4999.400241081787,0.009767566,0.0019909604,0.14435565001450115,0.02867197828790257
-369.30753,32.326912,166.03928,19.349255,-36.78178,5.2268233,58.780445,9.684716,-31.561146,8.530807,46.396645,9.289021,-20.407125,15.127027,21.85459,7.4321966,-12.415869,5.2383385,2.4507182,4.2779393,-1.8060925,3.4976852,1.1287754,3.2478442,11.788947,4.1641216,1474.9221650961445,456.583172442235,1776.6560833936235,383.90589566132604,0.00022448754,0.00020369235,3368.9970295279873,0.011323953,0.0019257942,0.06276170062354988,0.022090817451462484
-358.2554,22.581825,143.20088,9.495938,-25.969255,8.152491,60.657085,6.913903,-37.601868,3.7499933,40.79903,4.961085,-32.817303,8.59654,20.136185,4.394727,-12.957473,3.8848999,7.487403,3.5841694,1.8700902,3.6733477,5.5836377,3.273892,14.491649,3.6879084,1769.4869060778171,314.0999202345388,2064.0794336529743,164.96381343876445,0.0002571841,0.00021874734,4335.7928849151685,0.0122268265,0.0019855741,0.06789035310324826,0.01558139903452547
-363.1007,29.07926,163.38011,17.24965,-37.156567,4.445801,60.34886,8.621196,-30.134558,8.195959,47.340225,8.481961,-20.057741,14.136464,21.971485,7.307967,-12.449387,4.8225393,3.8871064,3.765543,-0.10788938,3.4858642,2.5408456,2.9425201,12.098827,3.9495456,1494.5472032556597,431.949050777632,1807.8929979095712,357.92768866730785,0.00023917387,0.00022259267,3471.4920787412993,0.011576949,0.0018403903,0.06187237166473318,0.021501000330912835
-367.4997,27.172443,142.1677,10.516905,-24.28987,9.025672,57.163635,7.9221597,-36.101543,4.910614,36.92825,5.6731377,-34.166565,9.47154,17.35713,4.150176,-12.191502,3.7552109,8.64861,3.5990992,5.197209,3.8365989,8.320681,3.6547403,16.614408,3.389771,1708.1183924363609,345.3626279886035,2016.0989586716105,190.1691848190258,0.0002618515,0.0007426897,4101.850370685905,0.012466384,0.002297491,0.06589077907482599,0.01804670233525113
-349.406,21.650427,155.39954,13.172841,-38.460247,4.2347217,66.58132,5.9950414,-29.494144,5.9800553,40.773067,6.878731,-28.14265,10.435088,14.64347,8.059358,-8.37804,4.575881,9.6660795,3.7629168,0.4761889,3.3106196,-2.5443027,3.2340229,12.479744,3.2900527,1607.3207189103025,330.55073641282485,1863.65164128883,273.0576857909409,0.00031275075,0.0006131696,3783.923368166328,0.011790406,0.0022096527,0.0652325623549884,0.016731731796147564
-369.20184,37.359253,167.59175,24.152124,-30.525978,7.649188,57.60997,11.220381,-25.254803,10.9793,34.397602,11.059792,-25.920403,15.20128,16.633305,7.342239,-6.7949038,6.0422754,6.778906,4.615368,3.3873923,4.9232507,2.3350148,3.6673176,10.878879,4.4378533,1401.2011705283453,526.8173472654862,1702.2710086555478,446.4839922170245,0.00027124138,0.0008602126,3190.8859642365137,0.011978838,0.001989748,0.05594728828306265,0.02591235858617988
-358.75928,24.600208,153.70195,12.307195,-38.50164,6.1569448,51.075214,9.736939,-40.004597,6.2532573,40.728077,6.452787,-32.912296,7.387169,26.744041,4.2728186,-9.917869,3.589311,4.3981647,3.3828776,-6.2888994,3.45055,-0.81793517,3.3874133,15.517995,3.3695388,1736.085293734909,340.3207761676188,1942.3591518003436,214.6805229930446,0.0003337096,0.00042844276,3862.9367341574825,0.010540657,0.001980619,0.08144100746809745,0.018255896494486116
-323.24594,14.832097,141.70676,8.049111,-70.40457,6.2493787,77.95418,3.5717788,-34.326263,4.954221,36.20641,6.5591636,-30.424126,8.686584,19.852758,5.2069225,-14.48828,4.9463387,8.552579,3.8209126,1.8174658,4.111337,-3.1268618,3.4074326,11.249804,3.7665498,2075.7416421260514,200.67911704572788,1860.8272728723346,174.98591444915326,0.0006680025,0.00075662957,4169.697446889501,0.01024307,0.002027723,0.11650775812064965,0.020317365633513582
-348.37558,24.602428,166.2678,17.174757,-41.354134,4.3407855,65.922455,6.3483853,-31.295824,6.7740555,40.67802,10.3969145,-27.143759,12.729852,18.191523,7.3974357,-11.421308,5.3498,3.7630079,4.329302,-0.884194,3.8298502,-3.246048,2.7226214,7.534855,3.630304,1517.4474724431398,394.50217139565126,1782.8083012054308,346.63036410585573,0.00029778364,0.0005045296,3530.695897078016,0.0117775,0.0018193653,0.06716529509860789,0.02060133979941424
-354.7903,25.818336,148.67816,11.647319,-29.634535,6.358561,57.22952,9.169237,-40.553898,4.8462253,38.532166,5.82244,-34.07163,9.83401,23.6191,4.734133,-7.972396,4.114049,9.200345,3.6624908,-5.0176706,3.5881717,-8.439836,3.1770368,1.4566714,4.200646,1779.3710189065305,373.5137271497025,2012.8821728687153,218.60987708270022,0.00034183104,0.00082480244,4172.020634697651,0.011498345,0.0020649876,0.07945162956786543,0.018696022466764838
-323.54532,19.402279,127.77943,6.6234736,-72.77235,6.1281147,71.99562,6.0587807,-44.026016,4.500928,32.4881,6.7474794,-37.87312,7.141134,19.283302,4.99764,-19.831408,5.1717887,7.719425,4.1330905,3.3299344,4.278716,-6.940227,3.3685768,6.004041,3.8388329,2354.854802427936,189.30080094084377,1948.7828832158004,145.60559596165456,0.0010075369,0.002984636,4649.073511818446,0.009697624,0.0022765526,0.13853252791473317,0.030457939550077313
-339.12064,37.70843,156.10664,16.547926,-49.140327,11.475142,65.143196,7.4802117,-33.70974,8.871362,42.635746,9.885893,-32.959667,12.38569,20.070253,7.7946205,-11.483428,6.481726,4.5252347,4.7620287,-0.8669728,4.007076,-2.044767,3.736049,11.507307,4.258946,1785.7126223288672,426.1886685802297,1891.1978392601743,324.78246577233097,0.0004109679,0.0004958994,4012.919740610499,0.011104479,0.0027043994,0.08832226109338748,0.026366119607406476
-357.02365,31.448374,164.12004,21.509447,-36.131424,4.262993,64.82702,9.191981,-27.91533,9.22913,39.902905,11.411708,-27.444038,15.381851,17.113651,8.884203,-10.620466,6.0832734,5.434661,4.502454,1.1968783,3.9492228,-1.3815657,3.1584897,8.565498,3.912044,1524.7669609044358,508.58113705428,1802.539711290466,430.76696320743963,0.000262649,0.00027428853,3562.7958576529873,0.01182138,0.001944734,0.06386288246809745,0.026634510908250645
-355.01517,29.256908,155.4781,13.585854,-39.3707,6.794118,53.109936,10.841539,-44.34114,5.9045887,45.395374,6.2332745,-33.83691,9.87905,26.159254,4.521038,-14.112233,3.8139136,4.007598,4.1055775,-0.59791684,3.723632,8.177284,3.3702283,18.970457,3.4325426,1779.450216150753,407.7743485687279,1975.6173556662643,257.01725441697016,0.00033355685,0.00030726774,3994.833848426624,0.010970078,0.0020329861,0.08285033896461717,0.022308192544123515
-353.6828,29.665964,166.95947,21.321072,-40.228195,4.266498,68.355156,8.218925,-31.005869,9.171925,41.55378,11.186711,-29.568106,15.159038,17.920877,8.865884,-12.206517,5.560101,3.779372,4.2302094,-1.1951293,4.61467,-3.250443,3.2501035,7.832838,3.771845,1555.035384384064,509.8554970273659,1803.033158180982,422.48940874022543,0.0002837673,0.00029781478,3613.13159349623,0.011756964,0.0017349377,0.06858255691705337,0.026490020223581035
-348.09723,24.296497,151.83783,12.28003,-42.757275,3.5591896,66.68637,7.473266,-33.29092,6.0127525,51.098164,6.872493,-26.228312,11.135157,25.47759,5.2959156,-14.71832,3.9290054,5.4937887,3.695486,0.08017246,3.5395093,2.4548125,3.152727,13.050828,3.2613614,1760.6440254801137,386.86060021051196,1988.1411893143527,256.98956884034925,0.00036029925,0.00037475742,4123.633378951567,0.011311431,0.0019326844,0.07515112927784223,0.02450675594002613
-351.66495,30.555273,170.26553,22.197903,-41.404644,4.502482,63.466152,8.892352,-31.03894,9.69044,39.318546,11.521502,-28.604954,15.221228,16.811861,8.914522,-11.567444,6.0824695,4.3563704,4.6569834,0.09061912,4.3049645,-2.5056527,3.747827,7.3748136,3.774932,1520.7134802630533,487.6939060633184,1755.5829325660256,429.73518547735966,0.00028931876,0.00046274098,3477.3624995468385,0.011551546,0.0016840075,0.06955005619199536,0.024537487559842364
-351.10474,28.80354,159.43779,19.573483,-35.85014,4.0759864,63.777966,7.906449,-26.525826,7.95543,38.15405,10.484693,-25.165272,14.463605,16.160997,8.020946,-9.949968,5.395899,3.9722364,4.3101954,0.8893409,4.4011297,-1.0884566,3.3535824,8.7775955,3.8600733,1547.0018941416376,473.4449472834748,1809.3990439282313,388.2526907293739,0.00035512183,0.0012131905,3600.6912974912993,0.011761628,0.0019719144,0.06654559708526682,0.024609430497713043
-360.9032,27.979113,148.55318,13.205159,-31.705526,7.3296432,62.432224,10.205436,-40.697758,4.69184,42.20835,6.06169,-35.64179,11.033373,22.977201,4.6832576,-9.613608,3.8954759,12.437103,3.5329432,0.39127672,3.547551,-2.9167433,3.0562568,3.9620392,3.7481205,1790.8516281052284,418.727218270169,2034.101297602244,232.70920653046832,0.0003754798,0.0011382501,4220.5078125,0.011277796,0.0018280082,0.07602573049593968,0.023607601669697664
-350.91394,29.173962,167.95784,20.528482,-42.610043,4.3769565,66.148834,8.117661,-31.533947,8.510411,41.0418,10.537604,-26.631592,14.557184,18.013355,8.601028,-11.599379,5.4882545,3.536137,4.1650167,-0.49248588,4.0929174,-2.7685838,3.5927622,7.4476733,3.5613194,1537.508922342487,475.233326371105,1773.794791300039,398.14456981906613,0.0003414099,0.0009727924,3532.819240773637,0.011610251,0.001704984,0.06810447179524362,0.02578730539210206
-355.61667,28.990164,154.9282,14.883641,-40.275993,6.648362,53.898132,11.426384,-44.99983,6.4212785,42.218044,6.0642834,-33.411655,10.336302,25.556318,4.853509,-12.992985,3.9934049,3.6758425,3.50247,-1.2030733,3.3186278,6.7620144,3.1002865,17.727995,3.4296522,1781.4725758846218,432.518809625779,1945.961386734866,268.00967135225125,0.00034180746,0.00041685058,3935.405205463312,0.010875085,0.0018938808,0.08507536071635731,0.022512466512752405
-327.9867,22.776924,136.97441,9.270631,-80.373245,7.903602,60.985332,5.8948116,-45.028316,7.103723,37.402306,8.403393,-34.260498,9.597863,17.337046,5.4739566,-18.232336,5.6731076,7.58843,4.037847,3.633766,4.654381,3.475893,4.6961665,12.127067,4.1275463,2199.6952553073006,242.7452780797799,1849.741072627127,219.48635321583893,0.0007340322,0.0012432876,4330.9466651863395,0.009965769,0.0019602324,0.1292268615864269,0.01873092889106347
-351.88974,29.14247,166.56381,21.494171,-41.213486,4.4298053,68.531166,8.191613,-31.286737,9.655078,41.47178,10.961972,-27.162931,14.846159,18.404303,8.2032795,-11.062579,5.5475264,3.8581917,4.1632953,-1.0898501,4.082576,-2.961044,3.5326939,7.588395,3.697611,1555.5026422964015,505.319384693289,1792.5727619979468,412.76082354943185,0.0003199458,0.0006130031,3583.0550545606147,0.011562104,0.0015602002,0.07047903676044083,0.028077148254124322
-327.55374,17.380482,145.46599,8.740714,-48.26499,4.085507,68.667984,6.0929313,-40.5292,4.992388,46.18389,5.620746,-34.31875,8.405022,22.747389,3.960912,-15.638454,3.813555,7.9453263,3.7053788,-1.4408265,3.5321445,-2.4990203,3.5271204,7.5251336,3.651611,2005.2466814604786,285.2679462173969,2066.724742353736,157.99761131302662,0.0006000136,0.0008404495,4558.694011927204,0.010779331,0.0018654196,0.09924571309454756,0.021680143791761308
-337.61456,17.523458,127.972885,6.377703,-47.794006,5.8953013,88.19399,5.0045714,-46.080505,4.184541,39.421738,6.3633246,-33.15021,9.329004,31.946182,3.9548895,-19.144949,3.8114128,4.7494,4.1911736,2.2396586,4.2661467,-6.4749403,3.9914808,9.650616,3.5593185,2364.8248816740656,219.4395981790878,2166.706605771609,98.16595447004588,0.0007774155,0.0011267208,5137.142795642401,0.009850891,0.0018731973,0.12309558983468677,0.023385336786387188
-337.28662,25.783522,159.97685,16.94166,-45.446594,6.5915656,68.00671,7.741643,-39.350845,7.81727,40.740498,9.001289,-31.945923,12.593348,19.95821,7.0255322,-12.28848,5.3443623,4.029178,3.9161475,-2.8994758,3.7831483,-2.710545,3.6738508,9.962589,3.5779207,1733.559143816738,430.66783343052515,1890.8512135092842,331.1471006550036,0.00037581977,0.00021530602,3961.5847842046114,0.011403617,0.001673216,0.0826090305974478,0.026265265457250987
-333.28757,26.142218,138.70079,17.439827,-44.19632,7.7509003,59.657627,7.2351823,-16.760077,10.366919,28.225615,12.079749,-24.10714,11.553652,17.972315,7.4511347,-7.7327504,5.4760346,-0.0007818536,4.658648,2.2582307,4.245993,2.7200437,3.8536897,11.504733,3.8025868,1824.8689037113636,430.62003657440675,1861.3846914531925,337.3712696579352,0.00045277659,0.00065819157,3960.735446726363,0.010912475,0.0033837894,0.08994344547563805,0.027211508025428897
-347.882,22.52127,136.56659,10.476246,-39.0909,6.474228,76.272,5.43376,-40.467,4.6072965,40.079647,6.822981,-35.082397,10.296042,29.617437,3.7679818,-13.23522,3.7069247,3.141822,4.551906,7.0883427,5.4005313,4.468028,3.2769103,9.262614,4.155251,2045.0600610438598,370.0141649836512,2118.226277744595,172.3535078873552,0.00041680003,0.00031785524,4759.637267075116,0.011304643,0.0018014294,0.08977690871519721,0.02520182764478432
-344.42017,23.79706,153.5173,15.1852455,-44.781845,3.8009112,67.88171,8.060385,-35.240505,7.3422947,52.85793,6.8906865,-26.53961,11.137423,25.418186,5.83258,-16.437672,4.0380435,2.9442987,3.6382518,-2.3565497,3.5131938,1.5902154,3.2738597,11.801714,3.454789,1799.348298744447,451.3049557757499,1982.9965052457762,289.5820690419304,0.00041711848,0.0005220329,4136.848070892546,0.011117033,0.0014914143,0.0830973118474478,0.02917863054177649
-356.39597,33.765602,169.41039,24.97773,-40.77207,4.250321,67.035835,10.718135,-31.367718,10.474146,40.526085,11.971424,-28.553915,15.666824,17.350666,9.601332,-11.810082,5.684243,3.2105725,4.5685525,-0.56116676,4.707894,-1.6806334,3.6823354,7.2053885,3.1905172,1550.2378040745805,553.8029067847053,1772.3244642305308,466.28826043972424,0.00033006497,0.0008841816,3541.3375960701856,0.011421294,0.0014707441,0.07171276827146171,0.030122857059439987
-350.47476,27.051176,148.56549,13.375266,-32.81178,7.5811315,54.874958,10.382413,-43.93215,5.242406,39.581554,4.84776,-33.709976,9.574393,24.413246,4.6573772,-8.035071,3.861523,8.084474,3.7066603,-4.461785,3.3707776,-4.124384,3.4973497,6.0275006,3.1507106,1836.2344797339276,408.8768503048486,2016.3989429453165,222.2327564556313,0.00044932618,0.0013236816,4217.235365157338,0.010925477,0.0017565453,0.08757794373549883,0.023524022226572513
-361.8376,31.707539,154.40494,16.44846,-36.35444,7.7084956,57.92486,12.272844,-44.90793,6.4647036,41.71304,6.4015436,-35.85837,10.1547165,25.235723,5.6047425,-10.560823,4.125293,5.393208,3.5261796,-8.212893,3.3930573,-5.036383,3.9124663,8.05568,3.4577467,1781.45720097522,492.49008723622956,1965.040327490477,291.94559159101306,0.00036315178,0.0005648078,3956.263934708527,0.010672288,0.0017986066,0.0831109066850348,0.028006693488354606
-346.29907,24.808006,141.60193,12.938269,-32.77473,7.463641,59.683483,8.949089,-39.494335,5.406306,41.49205,5.078857,-32.385002,9.801548,19.872202,4.657767,-12.45784,3.874736,4.568892,3.371229,-1.218451,3.479444,3.0588248,3.701355,13.086496,3.7044575,1910.2053996888,412.35143638381936,2069.8173426917333,210.39837316024776,0.0004903614,0.0014911022,4486.9000145011605,0.01108543,0.0017666209,0.08362184599767981,0.026896956707145505
-367.0554,34.247395,152.08426,18.023914,-38.13689,8.88821,54.21088,14.053089,-44.908417,6.942644,43.56258,6.39068,-33.991,10.653354,25.666851,5.2380233,-12.862697,4.143946,3.9088767,3.5374284,-0.44547728,3.2435565,9.627229,3.120645,18.834255,3.6067007,1829.1460127078508,527.0734617130831,1968.9587621008782,301.13178907219094,0.00039769767,0.00085993885,3965.33186131453,0.01023214,0.0017589076,0.08629209868039443,0.02703451627319963
-355.59286,33.332207,170.39227,25.991459,-41.695747,4.6112967,65.58126,10.507395,-31.078821,11.250001,38.74583,12.842025,-27.460348,15.715819,17.262487,9.910071,-10.838106,6.1666384,3.1360953,4.308809,-1.3735734,4.535986,-3.2866633,3.8515475,5.83237,3.9382343,1551.5915708854554,565.1329341561229,1752.9798179410984,478.25113873912636,0.00031866625,0.00042560868,3523.90119725203,0.011136895,0.0014922841,0.07254771787993039,0.031099787280301414
-342.55096,22.215097,150.58353,13.688973,-48.29857,4.3492713,68.80475,7.460323,-35.929882,7.1305265,52.14948,6.5427723,-26.898916,10.718703,26.162657,4.8338842,-16.294956,4.275775,4.5064645,3.580665,-1.3857054,3.5625474,1.0129423,3.8091695,11.365102,3.3465874,1865.5047023368702,420.6299553347872,1999.0711973376506,257.72933973158,0.0004556179,0.0005306483,4248.336105169664,0.010754709,0.0015476701,0.08822596432714618,0.02895631535695222
-347.31796,36.379208,163.31488,24.472382,-39.81812,6.4175406,66.79919,12.153785,-36.488155,10.218365,41.710247,11.188227,-32.10402,14.415827,19.752102,9.120697,-9.818343,5.9757094,6.4780736,4.7358413,-1.4689211,5.3776145,-1.0335553,4.2979536,9.545591,4.051847,1688.374192416538,561.6777246083843,1863.8603723372037,435.7557591863875,0.0003745681,0.0003374076,3842.9773034186487,0.011173291,0.0017672061,0.0831018434599768,0.03255124605633219
-338.4091,19.780788,140.17966,11.040892,-44.487743,4.535386,72.27926,6.68304,-31.342556,6.5189967,49.041985,5.80639,-30.641212,9.138512,25.022585,4.774128,-11.66409,3.866084,9.61296,3.3850527,1.6423494,3.548557,0.58387774,3.228704,9.84636,3.4349966,1970.9505531371549,365.1298615154686,2085.7876134390285,201.5257740086306,0.00055687886,0.0014301194,4546.003910781613,0.0109219095,0.0016873045,0.09009638739849188,0.027098730283939124
-354.81726,28.771872,149.44308,15.497293,-34.01136,7.8085494,55.54739,11.653907,-43.89407,6.293774,40.530544,6.094641,-32.901604,9.965082,27.647453,5.002571,-7.3673596,3.684812,6.70578,3.3464606,-8.1987,3.2516649,-6.2938967,3.4683678,6.0052905,3.6031742,1844.7107059069222,465.20951157241115,2010.4781325245112,264.68593438790964,0.00037586244,0.00045508376,4153.984703541908,0.010674016,0.0018775677,0.08928069714327146,0.02558510870817115
-347.4644,28.19334,163.72983,20.004414,-42.954105,4.3569865,68.7555,8.44142,-32.841938,8.6777115,42.89781,10.456339,-28.530811,14.216527,19.953943,8.506121,-10.665499,5.1995845,5.922285,4.533149,-0.22212383,4.2113075,-3.0247877,3.5854766,7.461919,3.5204587,1625.6889961468594,490.9736146298363,1841.2444178998326,393.03842598334927,0.00033642375,0.00030227104,3755.54550418721,0.01135563,0.0015756163,0.07446119127030162,0.028701910472656175
-376.29758,41.26102,161.0706,25.514288,-27.20857,7.18575,71.091225,13.412521,-26.476698,10.586892,43.23778,10.310176,-29.86034,16.387617,17.835073,9.705912,-8.941835,4.4338503,11.356065,3.3251865,0.946038,3.350502,-1.2676551,3.918806,8.1824045,4.06458,1535.455381932893,644.2801057696809,1836.559637930086,481.4374149089933,0.00025250678,0.00019346288,3528.22282618547,0.011158348,0.0016470228,0.06753915313225058,0.034300208618238105
-356.0777,32.003174,158.91608,21.41259,-37.82215,4.4924717,60.473618,10.699169,-31.902693,8.408465,47.89721,9.583734,-20.049978,14.696272,22.711771,8.06983,-12.821174,4.8028364,2.3694656,4.052962,-0.75225675,3.8783827,4.177474,3.4290018,12.122371,3.843094,1628.8627590454046,543.2502691317939,1860.000466058265,410.8487867212616,0.00030738648,0.00022671698,3710.3557542415892,0.011130303,0.0016272423,0.0751080789588167,0.02866397034073224
-321.07825,14.366637,140.45757,10.359725,-78.407936,5.6614676,57.79189,4.903503,-46.756447,6.429807,43.22365,7.258441,-33.25415,8.171526,18.037987,5.8328614,-21.169134,4.1481833,5.65012,4.1439466,-0.68476135,3.9321163,-2.0946786,3.591714,9.675002,3.785575,2191.7809225661476,287.5614194631322,1896.9609977153284,211.92014288293683,0.00073477987,0.0006387261,4409.810148093097,0.009750473,0.0014952372,0.1306599840487239,0.020802145076127865
-380.34613,37.299866,136.95128,17.100893,-23.406849,11.389159,59.64332,12.690752,-34.87245,6.692658,38.283165,6.333904,-33.009384,12.285463,19.750359,5.7656426,-8.8320265,4.2649245,10.229028,3.8181024,3.718415,4.0178742,5.8129725,3.3842874,10.456236,4.3842773,1821.4174994673529,570.4222678888019,2049.083000287388,286.35582564820834,0.00036178657,0.0013859626,4177.016737510876,0.011136999,0.0022976678,0.0687581569025522,0.03199864828007959
-354.99326,29.600994,167.51378,22.56289,-41.658882,3.6612537,68.26749,8.309222,-31.394178,9.884592,41.94135,10.622642,-26.735825,15.150151,19.03561,8.638506,-10.734407,5.5684776,5.0596004,4.389689,-0.15141788,4.352943,-2.3453426,3.5595515,8.358765,3.7448542,1543.527399817119,530.2845811968903,1781.9439683156536,426.97653678543185,0.0003167893,0.00045996168,3546.7084065944027,0.011375656,0.0013174684,0.07019807678364269,0.02884139405023212
-364.3336,26.315714,128.7632,10.087483,-36.1133,6.326625,77.10363,5.262791,-37.77646,5.045856,33.823277,7.4262786,-34.327217,12.14137,26.173208,4.3855963,-13.922655,3.8475513,6.277192,4.983927,8.70034,5.51954,4.773868,3.5654564,13.142195,3.960298,2045.3226198735717,392.78718801865494,2114.637571471938,186.7271417841218,0.00039177097,0.0010446623,4698.609871211572,0.011225961,0.0015812677,0.07713370975928074,0.026633549295084494
-355.3107,32.06585,170.85062,24.646622,-42.53084,4.4281816,65.722694,10.08841,-31.386068,10.72863,40.545498,11.599529,-26.57174,15.701318,18.783466,9.535069,-10.30358,5.3945293,3.1827056,4.376589,-0.92025805,4.298516,-2.0832193,3.7298841,8.037939,3.600831,1528.6380834883255,539.0445988844112,1747.7661704979632,453.0473754608704,0.00033325877,0.00073872093,3481.034635114559,0.011264746,0.0014269686,0.0714725928074246,0.02902832728284265
-351.56516,29.019497,168.99344,22.020144,-41.06156,4.541159,68.7262,9.168339,-33.499054,9.398179,39.990593,10.790837,-29.99708,14.244179,18.109234,8.65824,-12.034025,4.943211,4.151713,4.6639175,1.0269508,4.185537,-1.2215902,3.7941658,8.62156,3.65695,1546.8178785906941,506.5129021974521,1785.759330929751,420.140614390282,0.00036291112,0.0008990434,3560.8723580698957,0.011323144,0.0013906575,0.07321613072795824,0.02838937223414878
-343.34653,20.781618,142.76619,12.589872,-40.578705,4.86195,62.24148,7.584875,-45.246204,4.5390286,34.822964,7.1631284,-31.244724,10.654437,27.283497,4.388804,-13.369019,3.7606149,8.028791,3.4413087,-0.87611556,4.450497,-10.1184,4.4331665,2.9996204,3.3182209,1982.7301183810407,397.33189223034026,2034.1782855446156,218.8909619957119,0.00049719407,0.000775404,4419.3776849804235,0.010458422,0.0014979894,0.0971702345562645,0.02541024704230641
-353.58334,28.072287,152.37703,14.887715,-37.271717,7.3296494,57.330383,11.0206375,-43.71325,6.640236,43.290695,5.826383,-34.534283,9.361597,27.647497,5.044962,-9.263769,3.6959462,5.4954104,3.8446922,-7.4656897,3.3580942,-5.166937,3.6174872,8.43696,3.6111345,1832.7357873233352,444.98553573338233,2008.9177345383314,250.40494563595533,0.00038381165,0.0002830276,4139.9456546367455,0.010505577,0.0017927564,0.08590238000290024,0.026238675529685694
-356.06976,32.714207,168.97847,24.318193,-40.228413,4.1636376,67.38322,10.705003,-30.286154,11.058816,40.913925,11.705677,-28.890524,16.171488,17.608686,9.158124,-11.266216,5.7702203,3.5749733,4.655621,-0.10408445,4.2320557,-2.123802,3.5734727,7.354897,3.5358508,1541.2477686346576,545.5827837101983,1774.8918895072534,457.80265229113706,0.0003047515,0.00046305254,3547.9574322977087,0.011434243,0.0014156958,0.0699159839037123,0.02914453563445874
-383.28436,50.636837,153.75848,29.487316,-24.016722,11.498399,63.897705,16.90263,-20.501362,12.571217,40.1925,11.600062,-25.385191,18.250269,18.206778,9.686742,-3.5297675,5.9846463,11.240504,5.338942,3.4380424,4.4770374,-0.38022637,5.0793705,7.3788033,5.802489,1562.943451274717,715.1628720596979,1812.687698988454,519.0973288215587,0.00026621087,0.00024201254,3546.358679397477,0.010966512,0.002907759,0.0681667814675174,0.03671961402910893
-346.4027,26.621122,165.7206,19.439724,-44.26146,4.1159134,68.84752,8.280636,-33.666084,8.638485,42.91801,10.233548,-29.608738,14.032407,19.119707,7.858802,-11.978955,5.3146534,4.690057,4.1133623,-0.16644298,4.028823,-2.7206674,3.640901,7.0811005,3.577969,1610.4635825837615,468.32832177722764,1824.5507110484984,382.93347457315815,0.00033291068,0.00029507122,3715.9763699064674,0.011374207,0.0014581163,0.07395138486078887,0.025121669526290528
-332.69257,20.293287,158.37805,16.949957,-49.305603,5.2176456,68.20699,7.942046,-40.524284,6.6154413,41.9972,9.199662,-28.765856,11.978861,21.611216,6.4890285,-13.565688,4.64249,5.5825696,4.2492676,0.093276516,4.1135416,-3.267856,4.201735,7.787564,3.734742,1769.2866163505064,410.6507530137098,1886.5648645954234,307.2405790419466,0.00047465408,0.0009801347,4000.579366661833,0.011089462,0.0016524617,0.08874370105858469,0.024275630703053372
-356.64297,28.566399,154.33556,15.445213,-41.07301,6.5733595,55.28335,11.816273,-45.434456,6.918605,42.21244,7.200798,-36.62707,9.002282,25.1473,4.163274,-13.866061,3.7824154,4.4855957,3.6499398,0.2523111,3.4556642,9.181974,3.2997456,18.443186,3.7240713,1826.2765148366148,441.4318990215629,1972.5040578606108,266.0436610203839,0.00039467128,0.0004149442,4020.8385635694603,0.010192296,0.0016592894,0.08844121592227379,0.025009970009428638
-374.04807,39.602993,158.69435,24.511213,-24.501804,7.088554,68.515724,13.655991,-27.395609,10.42723,40.331352,10.18768,-27.64436,15.645567,22.41462,7.5408463,-6.813134,4.035693,7.815232,3.815264,-0.09284654,3.9645884,-2.0701494,3.647401,8.371282,3.8379183,1527.3983217127218,624.1816891048038,1848.9054263495855,457.1796668149434,0.00030269867,0.0008948066,3533.7185392800175,0.011475074,0.0019047724,0.06467517401392112,0.03329525272006004
-377.5981,39.69908,161.65962,24.169834,-25.370296,6.9381323,70.077,12.416531,-27.021488,10.184979,42.519386,10.316442,-28.29098,14.8917885,21.705568,7.4318027,-7.919495,4.8984146,7.16592,3.9901326,-0.7577665,4.177325,-3.2256527,3.4893143,8.865047,3.9633799,1494.5953298973557,620.6474931362086,1828.745971861227,456.17707916005986,0.0003357112,0.00144912,3462.9237624166185,0.011320161,0.0016191886,0.06166165168213457,0.03161506514362747
-372.36057,36.665596,161.70972,22.689014,-27.264833,6.440354,70.82514,11.47307,-28.712252,9.617192,42.942364,9.513359,-28.410316,14.439021,22.446827,7.267967,-7.921457,4.554274,6.2902894,3.8066008,-2.6446326,4.412813,-6.864333,4.06625,6.16689,3.4897456,1512.4777319993732,587.7847974595135,1835.6112415889131,429.9350559926847,0.00035791413,0.0014145051,3498.396092390516,0.011396962,0.0014665244,0.06382436376160093,0.03028849337192872
-345.54337,16.7244,131.73238,8.196603,-43.767258,5.542429,79.552895,3.6135514,-42.963993,4.7476745,36.768036,5.949036,-38.134834,8.44596,30.508245,3.4544935,-18.34599,3.5571072,1.4536704,5.001251,3.9768553,3.9975023,3.4576867,3.472558,13.264846,3.8852062,2215.9261487663125,287.19104500956485,2154.765205403731,122.83426615232662,0.0005838283,0.0005807574,5004.171519268417,0.0100858295,0.0015475093,0.10575424158932714,0.022723184064801387
-361.4461,29.246847,156.27902,17.211143,-40.525948,6.258455,53.84679,12.724394,-45.67324,8.157693,41.218967,6.738663,-36.11039,9.593093,27.081577,4.557276,-12.520295,3.5636363,3.1293955,4.306488,-2.8923697,3.2670176,6.8258033,3.0736825,18.48823,3.517466,1807.7597221861995,478.77142261822195,1947.9246700874578,293.10884325174186,0.00043684643,0.0010015175,3906.6276532591355,0.0099364305,0.0015708558,0.09048270736658932,0.024787176161614657
-382.8031,45.63712,157.6341,27.193632,-25.503212,12.276531,68.09004,14.970829,-26.580513,10.958527,40.870026,11.603495,-24.175392,16.98766,23.51701,8.008644,-8.314556,5.9785905,7.9739385,6.187366,-1.2217759,4.38545,-3.3335042,4.935789,12.825023,5.30021,1568.5947072756278,665.7461565785534,1843.4965375296006,481.34656247187894,0.00028387678,0.00062673516,3611.757665222593,0.010931305,0.0018093502,0.07560882214327146,0.04400520159523866
-348.47766,25.058437,116.85751,13.803044,-68.714775,5.058355,70.34171,9.27411,-49.576725,5.907191,42.119244,7.5711055,-37.842884,9.269669,21.268883,5.7110295,-17.959942,4.986583,8.359713,5.0034266,2.6437006,3.6854577,-7.8777676,4.5473127,8.020226,4.509162,2630.329261515043,383.97176529471756,2060.5334854504495,185.49229426776574,0.00100529,0.0018605696,5218.054680702581,0.008112081,0.0020800743,0.16905180539443154,0.045446263833956634
-359.354,27.501646,144.3446,13.646134,-29.283024,7.979485,61.327465,10.164235,-40.318295,5.0290728,39.307747,5.747564,-35.649155,10.628064,23.05811,4.598005,-7.45743,3.5439246,12.986829,3.6742141,1.637064,3.8502142,-1.8312782,3.3707416,4.028196,3.9194663,1846.0365527298284,440.04492252410836,2059.78472114885,229.08403798030585,0.00035061646,0.00051177427,4334.643781268126,0.011032662,0.0014838747,0.07825301805394431,0.025910889648087482
-357.5058,28.114754,154.09335,14.991095,-41.20018,6.362563,55.574055,12.20034,-45.20207,7.1137657,42.678272,6.808017,-37.334137,9.091736,25.11608,4.5470495,-14.892661,3.5229154,3.7471402,3.6409562,-0.5692883,3.191901,8.0031595,3.3595483,18.063517,3.8079836,1841.9037504139405,436.5723799591127,1984.5235330400828,263.7966987824718,0.00041961207,0.0007322003,4065.2788980930973,0.010136058,0.0016644606,0.09061525703306264,0.02431760905853011
-361.33673,28.05081,147.5186,15.965685,-36.753635,7.9257536,54.002373,12.527659,-43.550568,5.9529643,40.95061,5.9912415,-34.63358,9.087898,28.517021,4.7658525,-5.3878813,3.6565342,9.134254,3.234199,-5.4795475,3.4851086,-2.3548064,3.739789,12.927721,3.3955927,1878.7809918972982,463.78040097780246,2016.9077475916054,248.34541212422764,0.0003816323,0.00032900972,4187.233767763921,0.010080419,0.0017341315,0.09026745577146171,0.024805240806806635
-347.11368,26.283798,166.89943,19.45817,-45.08389,3.837445,70.43398,7.528886,-34.73824,8.635864,42.911556,10.039343,-29.931606,13.61515,19.933556,7.8078423,-12.543324,5.3106236,4.646848,3.9728854,-1.0357901,3.8106592,-3.1500843,3.3007777,8.19954,3.773179,1598.1839259231233,465.79385062032077,1819.770441801024,377.64965416269035,0.00032097523,0.00019578017,3690.546206587152,0.011377051,0.0014794029,0.0751953125,0.026905301151238084
-356.06653,26.158195,153.63937,16.014185,-43.63905,5.895363,55.318344,10.924802,-45.12913,7.757919,42.207466,6.6945095,-37.10916,9.116689,25.348742,4.4620066,-14.334874,3.7590785,4.248982,3.2686055,-0.43111056,3.2784562,8.494735,3.4490876,19.119335,3.6519449,1854.278418208703,451.7510998394072,1967.8087120935797,266.3481339766234,0.0003897778,0.00032293264,4054.037666763341,0.01021275,0.001618029,0.09316202327436195,0.025571853112920005
-354.0776,27.119133,152.8097,15.555626,-40.45811,6.3933425,53.327427,11.909644,-44.06857,7.176111,41.340866,6.3018665,-35.44098,10.156966,24.696545,4.423642,-14.094267,3.3150198,3.6855135,3.4095047,0.43862143,3.2956867,8.148943,3.2906334,16.902725,3.730834,1836.2699713768095,443.2462946346991,1968.5585750517034,266.4338615534112,0.00041042356,0.00056300394,4028.082912648637,0.010267041,0.0015185603,0.09281762072215777,0.02532065320082183
-350.35495,22.51887,142.53702,12.7842865,-37.93385,4.1924915,72.75773,6.58126,-28.638113,6.13567,47.318428,6.4916883,-30.09504,10.085474,24.727314,4.9105935,-9.514948,3.4610405,9.28645,3.4252481,0.78842014,3.6096735,-1.5240848,3.6613035,9.497463,3.571651,1839.4991823759603,412.7821030354953,2050.5660121386118,232.198700912563,0.00039645215,0.00058937335,4335.093430521317,0.011138575,0.0017691574,0.07664202979988399,0.027236596072460092
-350.14655,27.78409,169.18039,21.15307,-43.754116,3.8089352,67.18764,8.255569,-33.97703,8.328508,39.877445,11.2493925,-28.779064,14.351214,18.828758,8.595208,-10.870509,5.6064377,4.281938,4.041844,-0.50776476,4.161274,-3.513937,3.5685115,7.3278003,3.7622445,1558.3152259015803,486.3492396006169,1776.1445544430985,405.47264699072116,0.00032331177,0.00038207983,3573.2377125326275,0.01113542,0.0014969617,0.0721693282337587,0.02632376823889853
-355.84573,29.256645,168.38142,22.169853,-42.255768,4.75476,69.33578,8.590314,-31.02372,8.954556,41.387802,11.09018,-29.528385,14.928108,17.109015,8.832351,-11.974855,5.0973954,4.55335,4.425354,0.4832879,3.8912685,-2.4827654,3.342692,8.19097,3.7543595,1539.9060999593005,500.6491885994112,1776.1765656637103,415.79862573481495,0.00043703004,0.002114494,3553.603028476653,0.0112854,0.0014827515,0.06945262652262181,0.027647805617726156
-344.03647,21.716146,149.9478,12.947222,-46.907738,3.7608469,66.12582,6.8923283,-33.185925,6.7216554,51.418797,5.765416,-24.51994,10.964245,25.192469,4.7910495,-15.256907,3.585916,4.6802993,3.5689523,0.104040846,3.2537978,1.8545531,3.3277955,11.885151,3.4348056,1812.5907201052303,390.02477835124716,1972.1612867297517,244.1161018012707,0.00046051684,0.00078964984,4139.021375616299,0.010698372,0.0014046065,0.083491562137471,0.02523024803302167
-358.96118,26.302435,144.26797,13.260854,-32.096043,7.737852,66.253944,9.219908,-42.451977,4.2023296,40.011448,6.3789644,-33.049908,11.974007,21.494703,5.981227,-9.07498,3.6638954,15.398698,4.046522,-1.3801411,3.704116,-2.7269802,3.3215976,5.0174875,3.6797407,1876.8539021189795,426.7616622484715,2058.1972091186635,221.41461814603218,0.00040603997,0.00081201375,4440.885907591357,0.010715345,0.001400362,0.0828152189675174,0.026558780179434086
-378.18677,40.253014,162.05989,24.645638,-21.87039,8.986884,69.970184,13.527925,-27.067902,9.314374,41.114002,9.246826,-30.468174,14.609482,19.229086,7.6018043,-10.20124,4.2126584,4.9656672,3.9585443,-2.882906,3.9154546,-5.6164107,4.3435864,8.923794,3.4380884,1487.7724768710023,621.8892939249558,1824.3854418718213,454.6225294446189,0.00027308406,0.00043809955,3402.870606601653,0.011107286,0.0014812023,0.06483717916183294,0.03388878535327352
-340.23785,19.8415,148.49712,12.382385,-48.25729,3.7559288,65.81592,6.2608275,-34.51601,6.4693213,50.55217,5.996953,-25.188581,10.596906,25.950537,4.922308,-15.055136,3.7782326,4.7063527,3.6081786,-0.9490797,3.2497175,0.81163603,3.4542148,11.424817,3.3067863,1863.7115558609896,378.3624924266389,1990.1599480887207,234.2538807501187,0.00049973384,0.00075813226,4244.164359320621,0.010555946,0.0014730529,0.08864853719547564,0.024742978305059535
-347.0526,26.423326,165.34448,19.650118,-42.89241,4.1353846,68.656166,7.7773557,-33.401134,8.158755,40.930874,10.390203,-29.246387,13.89389,19.035011,8.250095,-11.982102,5.096846,5.1126003,4.248113,-0.6477176,3.7344027,-3.7066965,3.3333597,7.339509,3.594453,1599.2966236970651,469.27069749943735,1819.7468056890086,382.02455423146915,0.00033960817,0.00038350513,3692.544647712442,0.011366314,0.00140732,0.07377918358468677,0.02737428805254947
-354.5752,31.059988,168.017,24.018501,-41.010395,4.6759725,64.73856,10.001324,-29.858274,10.770058,41.061455,11.897628,-26.364101,15.40935,18.802805,9.664487,-10.414847,5.769309,3.8615654,4.560421,-0.3907157,4.1592016,-2.5866275,3.4735239,7.61014,3.9888446,1547.430694800228,532.2461198884243,1775.809397026224,451.2072642446394,0.00031632005,0.0004498132,3558.3743066632833,0.011309828,0.0014893819,0.07128792959686775,0.02942234909162229
-327.60266,30.78521,146.11922,13.640847,-70.044014,10.679347,63.840805,6.93391,-44.262753,8.836778,35.014416,8.9257,-34.354927,10.720687,20.973745,6.737757,-12.125271,5.4089446,8.2615,4.0179863,-3.5613806,3.9260042,-5.5501795,3.5914745,9.738048,4.0803,2096.479880659523,346.7975983809693,1876.3436424238955,253.37255249868923,0.00068925647,0.000573223,4294.3502120794665,0.009571381,0.002178522,0.12688854952146172,0.03268331408019115
-417.93112,10.846795,180.79979,6.9223967,-23.361246,5.821675,63.88795,5.8032064,-15.5998,4.786551,39.01186,5.17831,-12.019166,4.370953,17.02857,3.9059887,-7.347206,3.6315064,1.3895702,3.5296507,1.7666156,3.2696607,-7.823043,3.281823,4.210178,3.8091702,958.521918949505,117.77665682302228,1437.5001832015046,128.5382069119046,0.00010568618,0.0002253119,2003.2873450188515,0.00981227,0.0008166607,0.03291536760440835,0.0068991810238726616
-379.1376,5.1701937,161.89673,4.6778455,-38.7155,4.15301,51.51722,4.0972843,-39.471233,3.7775402,31.605713,3.3287122,-19.647324,3.1664567,32.19773,3.4154158,-5.6460505,3.2614176,1.5847431,3.3427782,-1.3333528,3.6266665,-6.6569443,3.3146625,3.3225968,3.0803182,1501.032102699453,83.1360784738512,1746.495862275464,55.2431391130735,0.00035761335,0.001316856,3178.8703369707077,0.008450013,0.0009499952,0.07394911905452436,0.0086742218142545
-334.81006,10.267885,133.27704,7.295874,-84.66003,7.0126324,82.57105,5.6415234,-50.595337,5.622115,45.310097,3.7790062,-32.767372,3.4429138,26.948095,3.3960483,-13.162071,3.2272346,9.406771,3.3801363,-3.4727352,3.379563,-5.6609664,3.3532414,10.585824,3.4026957,2428.885780354646,133.7937143449937,1917.984204401206,40.21619957373015,0.0013061687,0.0011760959,4612.626941795968,0.00737652,0.0009459399,0.1726476399361949,0.021724684750690275
-387.82657,3.641818,199.65424,3.4874995,-45.105186,2.8975139,56.449627,3.0044773,-20.690554,3.136744,24.758654,3.1980572,-9.522445,3.2154303,10.22612,3.022324,-2.2089846,2.9631727,-0.07782039,2.967965,2.7959547,2.9624333,-4.7991614,3.0116026,3.095361,2.9365094,978.9637463204024,45.60569794540015,1245.812393327752,33.51288251693329,0.000108690765,0.0001494522,1985.7260436303654,0.01010036,0.00073413574,0.044504966647331785,0.005312209726423236
-388.68964,4.4636793,165.83766,4.206719,-24.717966,3.7338,42.93712,3.9075859,-33.776794,3.7496164,33.040905,3.3737686,-23.429691,3.323465,23.810694,3.330515,-5.372588,3.0158868,8.251814,3.6228592,-3.534462,3.3489285,-6.42717,3.4843934,4.41951,3.5339353,1340.8115840262253,73.09495107397541,1704.3335865082129,61.84559161885648,0.00022744933,0.0006282455,2688.7276704792635,0.009286268,0.0014033655,0.06769096215197216,0.00667264326421748
-385.26697,3.809398,193.72041,3.6198342,-48.57464,3.3819976,64.31785,3.5039124,-22.829977,3.1011775,32.772865,2.9179258,-13.817238,3.132248,11.493502,3.0853333,-6.7034116,2.9807792,0.24023306,3.0378659,2.9913235,2.7044683,-3.890479,2.732058,3.255721,2.8760483,1059.4164251323216,49.882476738721216,1349.7818995387433,34.67025962055631,0.00014401073,0.00023574385,2237.7794305575694,0.009973678,0.0007327468,0.04710384643271462,0.005558876650635328
-398.0264,4.641918,171.62547,4.4914145,-32.461254,4.3578663,47.337498,3.826631,-36.77912,3.835802,40.75175,4.003983,-26.768286,3.6060357,27.451353,3.1147392,-8.47264,3.1333644,2.6776755,3.5245562,-7.0804796,3.6845734,0.14715213,3.3437285,14.79421,3.4530632,1344.106000312519,71.94003274171465,1709.730074434468,60.66510938807735,0.00022432761,0.00051524886,2654.0547169554816,0.008768823,0.00094795093,0.06426619598317865,0.008588575482423625
-392.67407,4.951356,150.77179,3.9320512,-16.110733,3.5671573,55.247032,3.946132,-28.164381,3.8695626,36.05491,3.53328,-22.973701,3.2940466,17.22559,3.1514814,-11.02692,2.930721,5.9617496,3.4931126,6.7443576,3.5362177,9.216382,3.1647222,9.06087,3.1933017,1389.1663332926946,83.10450684800492,1846.7193526563,64.30669815074944,0.00018885137,0.00049029413,3303.173374963747,0.0105350325,0.0017373713,0.05069061774941996,0.005912248395778058
-393.17184,3.7464564,200.77823,3.6314893,-46.70006,3.640717,61.979816,3.4866333,-21.57711,3.1204357,28.448809,3.1602163,-12.256965,2.9075043,9.439791,2.8048089,-5.1293254,3.0480943,-0.22616449,3.0132728,3.0772076,3.0283,-4.337465,2.9635184,2.936343,3.0072906,983.7131609537862,48.859123855629505,1263.049282718003,35.50376216449227,0.00011057246,0.00016901462,2015.0032061158643,0.010032868,0.0007477191,0.04340151899651972,0.005108452303193971
-374.74283,3.4508803,188.41313,3.479056,-50.161316,3.6653798,65.22614,3.4081442,-26.010632,3.3532345,33.379524,3.215262,-14.049643,2.8729224,14.433125,2.8257809,-6.130274,2.9241345,2.9620125,2.9888105,3.0501473,3.1058962,-4.3869953,2.9429557,3.3742783,3.0801883,1139.7413921820512,52.90798802121689,1420.266487321358,34.46183315988629,0.00017407321,0.00028179665,2457.7328569098026,0.010031504,0.00073218666,0.0509738435324826,0.006667526384592959
-394.99692,4.8637605,181.34738,3.6852489,-33.80064,3.3756177,50.175003,3.8645875,-19.19825,3.2940977,38.045532,3.2398756,-0.4904887,3.7647257,16.54548,3.2951465,-6.4955597,3.2699733,0.57745594,3.2685063,2.0698636,2.9697468,2.7673125,3.4336073,7.366435,3.4011075,1032.0071629073645,69.39246528628709,1400.0767822308926,50.821220113217485,0.00012829933,0.00019825494,2079.1781467517403,0.009779477,0.0009885222,0.042724042923433875,0.006491761919882978
-417.25928,10.363226,182.56453,6.29711,-24.947048,5.1806216,64.19867,4.381463,-14.602376,4.4988155,35.695206,4.515103,-13.9255705,3.7614162,19.475317,3.8794878,-3.571296,3.3432178,3.041992,3.603937,0.5475439,3.177465,-8.350524,3.3264425,1.7039412,3.616058,941.6830509157039,113.87950584252002,1410.891318610251,116.84776704139432,0.00010374892,0.00019762653,1988.4988806917054,0.009830864,0.000809332,0.03432923071345707,0.008140377526414173
-410.3336,8.882186,189.01392,5.716312,-27.217476,4.08983,48.84974,4.702444,-15.619615,4.675181,29.385162,5.2711487,-7.0481467,4.81172,10.674194,4.1242037,-7.1644273,4.565169,8.03469,4.1026425,6.0561132,3.3931208,-1.5943578,3.8127577,1.9058303,4.735076,926.8315395297161,93.43997213081603,1305.5261517580725,107.61619989870451,0.00010565902,0.00028338144,1770.0193046693735,0.00969218,0.0015396078,0.0405205463312065,0.01222100138815061
-364.90802,6.549688,166.00958,4.8549066,-48.15532,3.707996,63.45377,4.4966397,-29.486658,3.550803,48.77382,3.7288055,-15.53334,3.6469624,24.900772,3.369481,-13.125405,2.9636211,3.6567132,3.1913462,-0.02850906,3.0536618,-0.5562513,3.0033484,8.60745,3.4361396,1446.1995112324491,96.42244469859763,1739.37748715999,66.98722592433616,0.00035533955,0.00082415954,3227.20763168866,0.009387273,0.00084637856,0.06369294699825986,0.00946118003535479
-377.15515,4.690169,157.61638,4.6249285,-36.25323,3.7324498,54.3556,5.062893,-35.826042,3.4302347,33.935917,3.3651476,-21.2302,3.371958,29.99388,3.455728,-4.195034,3.600335,4.4480815,3.5726714,-3.903457,2.9641535,-10.922233,2.9311643,-2.9218512,3.3035333,1519.8212368883055,87.98039847747557,1782.7065732632361,55.524166779226064,0.000291339,0.00042009965,3286.3864695113107,0.009087221,0.0011254401,0.07450424158932714,0.00675906092467642
-386.32104,4.619002,160.82086,3.7725365,-26.161562,3.4352345,60.64384,4.2330947,-38.26604,3.7967534,38.932026,3.6884048,-23.250349,3.7249413,23.139036,2.9822013,-8.059725,3.3492954,14.604365,3.9548016,0.4720532,3.4199574,-4.1418195,3.1443841,-0.82340205,3.652399,1433.318047296389,68.53485401323705,1844.4344814312,53.15515691060217,0.00024572146,0.000597293,3448.759810941125,0.0095499,0.0008993916,0.05690572433294663,0.0065717604417408525
-384.76343,3.7507443,190.43663,4.0781975,-45.847855,3.9196823,61.296757,3.739057,-20.989016,3.4309862,31.476868,3.1429448,-11.270013,3.1195872,10.413723,3.0452037,-5.6462455,3.2290895,0.1880092,2.9669719,2.8486578,2.8762336,-4.6801596,2.7342353,2.954861,3.207808,1061.1343753009319,56.723807857429186,1352.7757166930046,44.85245304921502,0.0001557564,0.00046991147,2233.0081523709396,0.010041408,0.0007888251,0.04477459759280743,0.005935017308030255
-378.75076,6.2453628,173.00647,5.403195,-42.127407,3.9495287,58.57326,4.3465686,-25.546082,4.1951866,46.09465,4.0775657,-11.068153,3.5795193,23.239342,3.491331,-11.7330475,3.1915736,2.5330904,3.3502154,0.44350758,3.3030725,0.6119115,3.3836393,8.451823,3.1573813,1255.0517986862337,99.78021434174767,1612.8838058599076,80.57202426673344,0.00023851082,0.0005234318,2687.9532745432134,0.009587589,0.001008931,0.05328043430974478,0.008378717813516451
-399.74536,6.004614,185.01276,4.0233564,-35.886223,4.094837,49.612576,3.9445224,-19.891361,3.838758,36.787704,3.9812102,-1.6694473,4.33137,15.155305,3.6827288,-7.384045,3.5300567,-1.4231249,3.514246,-0.38481003,3.5010161,0.35629144,3.5962758,4.681675,3.9074075,1025.5404852021536,75.308469994375,1363.8019753474111,51.183828008996784,0.0001313913,0.00033859836,2025.320158425174,0.009589977,0.0014128807,0.04312169192285383,0.00859472046396125
-365.594,3.9894392,189.85292,3.7897644,-56.6615,3.1546805,64.95301,3.685592,-31.845669,3.3744576,33.325405,3.2486324,-17.35982,3.1144998,18.841368,3.0731952,-7.5579176,3.2184012,-1.7937313,3.058371,-0.9790432,3.143033,-8.045906,3.3148417,4.397484,3.1912463,1230.7791662989605,53.247819765611275,1444.2856787155229,35.464047743755366,0.00021229159,0.00031349025,2583.8844529437356,0.009928634,0.0006531641,0.0602602505075406,0.006042337554830545
-386.34247,3.742395,195.30219,3.375355,-46.10879,2.950765,57.194115,3.1584044,-18.022488,3.224129,27.97506,3.1138306,-6.5613303,3.1382124,10.12483,2.8731966,-3.5806303,2.9589496,-1.2137873,3.0024176,2.16414,2.61286,-5.390197,2.808417,2.3323197,2.843185,1005.9795770033467,48.68812830340346,1276.630553599368,32.97872039530907,0.000112712856,8.541356e-05,2077.0298225420534,0.009962675,0.0007406312,0.04509747498549884,0.005015554989175083
-358.50146,10.517397,154.87492,11.348123,-36.97668,6.8859797,68.45394,5.4997554,-27.391014,4.629302,38.864605,4.7570686,-19.608088,3.6911583,21.774582,4.726123,-7.9304657,3.753727,6.9752483,3.385069,0.78089803,3.359811,-4.546074,3.279395,5.9341574,3.6619327,1520.4071932860672,235.53806004743234,1819.6555614391555,146.9758758578257,0.0003843528,0.000751094,3509.862148346868,0.009936193,0.0019484687,0.06478846432714618,0.01686153932542207
-360.77963,17.278168,165.7159,12.117842,-45.38314,4.512767,71.455734,8.58972,-32.762432,7.262703,37.1572,6.738625,-15.862025,4.178969,13.589814,4.1050596,-9.4858,4.312267,12.22948,5.6670938,-1.7659303,3.8547077,-6.0230737,4.606978,8.763309,4.5977826,1473.119566183863,223.7314842922854,1695.6329705280418,173.03963683746133,0.00031070923,0.00039025865,3299.0515901428366,0.0095985,0.0012805373,0.07466851254350348,0.01809776837370639
-384.52914,3.587896,191.36823,3.6478355,-47.3397,3.6610456,62.88173,3.5517273,-21.790096,3.5939639,31.668331,3.171553,-10.877926,3.189487,12.550099,2.8374612,-4.477934,2.9400415,2.022988,2.9452355,3.057415,3.0879815,-5.263672,3.1507635,2.5179718,2.8686135,1063.9135533132428,57.13774878187727,1355.6867422785522,37.28185693372626,0.00014012014,0.00020650518,2262.610061539298,0.010009591,0.0008006516,0.04575342589907193,0.005760832813030717
-391.75247,4.9200306,175.04057,4.27778,-34.953033,3.8946,48.60047,3.9958756,-35.924362,3.628095,40.659668,3.4868822,-23.725681,3.3380876,28.60986,3.6608748,-11.121741,3.3606832,3.1155677,3.5980937,-6.346375,3.3418033,-0.78393894,3.7714484,12.472076,3.640195,1322.1843556169385,68.07106374800117,1687.6302631655956,51.33188603171939,0.00025932753,0.00074542576,2614.4106411325406,0.008557368,0.00082005485,0.06371107344837587,0.007208986576908983
-387.94736,4.247266,158.7814,3.4292374,-26.814322,3.1795735,57.063496,3.7915604,-35.01131,3.4696448,38.9448,3.3197293,-22.513454,3.0950718,22.331614,2.88213,-7.1913347,3.051369,15.223283,3.3982153,3.3865862,3.2741785,-2.6799488,3.1950994,-0.73201245,3.224994,1426.9855459174596,69.1362465119326,1830.273452857907,49.59149298348193,0.00021499897,0.00023624847,3352.5348707584108,0.009620374,0.0009801063,0.05489028966067285,0.006645908346727435
-367.95197,4.77435,139.33478,4.2814765,-29.23056,3.6872756,71.85899,4.00182,-33.917057,3.4576933,26.116238,3.3488543,-26.878363,3.4762583,26.287367,3.1354644,-19.097826,2.9615886,-8.351953,3.5633883,9.401674,2.941535,5.587986,3.3507452,5.5594006,3.2772768,1786.8820288799748,103.1986591094588,1965.9614949919846,44.33295730336865,0.00038899248,0.0006253322,4202.796628027118,0.009312396,0.0016173621,0.07777040131960557,0.013520762184204392
-379.96332,17.713064,186.86014,13.389826,-40.618607,4.957638,51.665123,5.0308123,-20.660334,6.2482033,20.706356,5.90798,-10.320244,5.9749923,15.10739,4.928309,-1.6913414,4.449984,2.1952877,4.5929375,9.041255,4.9083734,1.5496337,3.499245,3.894011,3.6141841,1089.950403132102,190.2007336503031,1348.1240362736569,174.09424159292558,0.00015840695,0.00014644064,2290.4383542089618,0.009931947,0.0022196085,0.050187608758700694,0.011896888792285492
-386.50354,4.602212,173.7026,4.531163,-34.72874,3.8363185,55.63083,3.599521,-22.397125,3.532651,42.513416,3.2555687,-7.320007,3.535891,19.909399,3.1614952,-11.193683,2.9295568,0.49336377,3.470505,0.44217727,3.1451828,0.07133009,2.993175,6.9097166,3.1358163,1162.0016109863993,85.3316412634433,1548.31880015783,64.09063254506303,0.00018165802,0.00025568713,2464.2777515951275,0.009667632,0.0011141303,0.04825034440255221,0.007507919580744487
-372.7081,4.907919,189.20839,5.4385505,-51.909332,4.2587156,62.722225,3.8735225,-25.055569,3.7885535,34.383446,3.6209443,-18.613794,3.4275942,11.231674,3.2789977,-7.311045,3.0478396,5.9135685,3.0672865,2.183008,3.104678,-5.3755045,2.8285158,2.8895502,3.0654862,1163.7410358099253,63.606702191610665,1416.1428764844497,55.19532742708534,0.00021637949,0.0006071872,2413.517347012761,0.009898553,0.0007510562,0.05449377356438515,0.006992316495196968
-370.69968,6.311087,156.41063,5.2866693,-39.567764,4.8356404,70.80107,4.142107,-22.693327,4.05385,46.421604,3.5628214,-19.031807,3.7494688,25.331257,3.4062746,-8.840738,3.092386,7.807454,3.0973654,0.86479473,3.2332697,-4.8682494,3.1769106,4.5755444,2.9650655,1464.9864361392406,120.63788167603036,1829.4691145342763,72.28722217219152,0.00031267866,0.0005185859,3420.2820249057427,0.0097449515,0.0009327221,0.05535364704176334,0.010187139173105857
-385.3982,4.0503097,161.69757,3.8372803,-27.412828,3.6742702,57.85052,4.2378592,-38.11321,3.8807344,37.384277,3.3307037,-24.362175,3.6303756,23.591763,3.364197,-8.304858,3.2806542,16.019302,3.618832,2.8418355,3.47823,-6.4387527,4.138784,-0.83415514,3.6865728,1428.946351972958,61.949523141441,1827.0211831242773,48.20859924166867,0.00024837942,0.0006229355,3317.737014664298,0.009562572,0.0008757693,0.05749936557424594,0.006205403870157163
-393.6258,4.219564,164.24529,3.71956,-24.646278,3.4484456,56.562435,3.9074273,-35.8791,3.6995294,39.53086,3.0810716,-22.991173,3.712506,22.81959,3.2273436,-8.454843,3.3138745,13.043381,3.5142896,2.1645932,3.178656,-4.8684926,3.2544706,-2.7210062,3.3320644,1343.141112339574,60.06101837587831,1777.110248399865,49.736567318798876,0.00020056192,0.0004006419,3035.756971885876,0.0095893545,0.00087271375,0.053213593024941996,0.007121837290417541
-387.27255,3.6876686,195.5878,3.2503364,-46.625996,3.0755582,58.21468,3.070306,-18.50578,3.1070895,28.0178,3.060966,-9.689332,3.1230967,8.879525,3.23446,-3.8627882,2.9065948,0.48218158,3.049581,3.9798055,2.6192963,-4.5590425,2.590589,2.2661355,3.134132,1012.3723930172295,55.328539224960416,1282.5160540568045,33.34303888816246,0.00011389409,8.457621e-05,2084.8487234447507,0.010008239,0.00091778475,0.045193771751740136,0.006098919170336095
-383.42444,3.5902495,191.2062,4.3690987,-46.554268,4.0648503,64.2347,3.8200355,-22.726671,3.2720072,31.57619,3.3047407,-12.603819,3.1917987,11.817727,3.1855052,-5.1478467,3.0935807,0.62944853,3.1108449,1.0622813,2.9980717,-6.04061,3.0800028,2.820267,2.9550824,1071.5407403963013,62.92495954655973,1365.334262690645,47.265451024313286,0.00015900434,0.00043409877,2275.8747145084108,0.0100623835,0.000865777,0.04592222846577726,0.006161975633442636
-386.491,4.4269385,181.4725,4.458736,-47.002926,3.914215,54.901737,3.7652154,-27.15379,3.7658868,44.612484,3.1859863,-3.7628386,3.0436623,19.604027,3.1964836,-11.291722,3.0191813,-0.48716882,3.3044472,-0.17324911,3.1914089,2.3535979,3.2948282,7.041504,3.0809932,1179.8114983676933,64.70522859745132,1467.6237308369655,54.891634955586476,0.00020455566,0.0007457884,2412.293301823521,0.009477051,0.00082912744,0.059984955046403714,0.008525914807439876
-377.78336,4.12604,188.64505,3.4515789,-47.86066,3.0999858,64.15228,3.1489456,-25.606518,3.2266483,32.54494,3.1456447,-14.227672,3.029511,11.542621,3.2165034,-7.3547187,3.4270892,1.8029429,3.0080411,3.3099217,2.8555803,-3.7533522,3.0634696,4.846938,3.4282503,1118.9413605704435,50.60484171029089,1404.3086914093103,32.510959060826984,0.00015760976,0.00018759641,2391.3096700079755,0.0100888405,0.00079735153,0.04865365791763341,0.005906061665992139
-377.98624,4.1676164,187.4094,3.7311747,-46.97707,3.5799837,64.937744,3.2112527,-24.81583,3.4400082,33.345478,3.099687,-13.577742,3.0201142,12.925355,3.1106832,-6.35639,2.9854925,1.0611204,3.213688,1.8330709,2.7755992,-5.0860486,2.803602,3.0250103,2.991356,1120.8035322347723,56.02318401434112,1416.5052406478912,37.4965437251505,0.00016300511,0.00023965588,2418.888157536978,0.010029691,0.00081538496,0.048040757323085846,0.006210099431064798
-376.7452,3.9741287,182.99776,4.1036906,-42.782238,3.2664666,59.33266,3.3344207,-19.997204,3.3034835,30.23515,3.148893,-9.53688,3.173555,11.18224,3.0896192,-4.3002367,2.7890925,0.88745373,3.039548,2.6904988,3.0112534,-4.6038723,2.985868,3.0369723,3.022253,1109.0648191254515,59.51277985910139,1405.1537216004783,40.545060693687795,0.00016477345,0.0003253871,2377.7702313841355,0.00996593,0.00088446087,0.04730890189965197,0.006006718859649231
-398.53635,5.8329463,187.20255,5.538054,-32.732952,3.2491138,52.212414,3.7636833,-21.172678,4.210766,30.821726,3.7120507,-10.787703,3.8154128,11.640943,3.7448015,-10.60528,3.1281254,4.3659244,4.069515,0.7538143,3.0049756,-2.2483578,3.6504345,5.103313,3.724526,1015.3331722020397,98.84561653795379,1376.7874978587995,111.49402393543943,0.00012312952,0.00020273354,2021.34825668866,0.009637793,0.0009661988,0.04439847375290023,0.013937048281800622
-347.89648,23.919588,158.14381,13.418874,-69.8138,10.741009,76.4955,8.413608,-32.55309,7.4597707,37.741096,6.109551,-20.46211,4.1642656,19.21856,5.2367005,-11.435005,3.9407704,9.406581,3.568115,-3.1873217,3.7369106,-6.0908885,3.3741016,6.7673903,3.6714253,1781.7050696348933,287.65629686671446,1704.8801310039805,147.00608238404646,0.0006368034,0.0016120704,3554.9020152080916,0.008622957,0.00092188054,0.10777080916473318,0.028027820768342395
-442.42136,9.966926,201.0848,6.5343432,-9.645425,4.2365236,44.753933,4.8914557,-7.0099797,4.1593165,22.731977,3.622741,-0.6549943,4.014584,12.245093,3.8914928,-0.38497096,3.0796514,2.7673516,3.9145405,4.3206987,3.2654822,-1.4430314,3.850865,1.0524019,3.8281858,681.4364158070898,73.90642497806152,1086.4021863766907,110.70206131475241,6.706144e-05,0.00044075324,1206.3839657953886,0.010008145,0.0013115243,0.02673538101798144,0.005705543351572885
-391.4301,4.1836505,161.78212,4.526578,-24.286987,3.3686016,56.724224,3.8619266,-34.94772,3.4573627,40.8556,3.4681196,-21.718805,3.2559557,23.085638,3.4140167,-7.203168,3.5397942,12.675377,3.5803754,2.8548467,2.902916,-4.3202004,2.8205385,-1.9819074,3.1723502,1367.886424848281,74.70097315211486,1798.3190631474886,60.164041307064444,0.00022117868,0.0005240276,3158.761023147477,0.009621366,0.0010534276,0.05528793866009281,0.006342916324749722
-381.67374,4.615753,166.85832,4.1715565,-29.007496,3.0297863,44.586285,3.3844063,-36.074608,3.259013,37.825676,3.1462138,-25.116262,3.2878473,25.762615,3.4905252,-6.4046535,3.4604428,5.3871408,3.592989,-6.2511864,3.2772882,-4.9208827,3.289834,7.5460157,3.3438058,1388.4554697828278,78.64331879800653,1740.9142963944755,59.89921432213692,0.00021607411,9.669118e-05,2835.013560850493,0.009253997,0.0011373812,0.06911615429234338,0.00701638529033199
-383.03168,4.6298647,164.84172,3.7958212,-29.362629,3.163146,48.451767,3.7859707,-37.513275,3.6888247,39.89668,2.9512677,-24.30979,3.3391306,26.663437,3.2436905,-5.75222,3.035693,6.4936094,3.2538521,-6.2818227,3.3693502,-6.913741,3.3596659,5.402095,3.3970768,1431.7767965496516,79.58451535375269,1790.74122569522,54.96855949989362,0.00024821944,0.00018259691,3097.783588312065,0.008934978,0.0011270085,0.06999415421983758,0.008012716877108333
-397.1773,4.220351,184.07024,4.108038,-37.374542,3.4420516,56.10267,3.5798512,-22.105959,3.4602094,40.55765,3.4726188,-4.4082685,3.328618,18.31848,3.194049,-8.105779,2.930479,0.6078313,3.0997202,1.0129404,3.1446383,1.130736,3.1581342,7.0775895,3.2951853,1043.1433033644287,61.24016531131263,1421.8069292687358,53.033176288913275,0.00014747355,0.00038917785,2161.3890185433584,0.009684064,0.00090343994,0.041028086934454755,0.00651782575967736
-382.00305,4.567205,177.00558,4.1737947,-44.063316,3.3156874,56.72797,3.5108387,-28.199999,3.3475482,46.46825,3.3782163,-9.217438,3.3160858,21.346766,3.1425672,-12.921113,3.202792,1.8902131,3.2950318,0.65854716,3.2467191,2.0478399,3.1727288,8.354386,3.089482,1231.4252750741618,74.90284824601628,1563.4851328597083,56.73259727437115,0.00020688983,0.00023793645,2580.512083544809,0.009376766,0.00087212084,0.05554284186484919,0.007111755355222516
-381.87848,4.7322435,164.31783,4.1455936,-28.016172,3.9864717,52.49013,4.2283297,-37.05783,3.6248305,38.255295,3.3308487,-24.60191,3.2415986,24.988699,3.1703768,-4.008934,3.4174118,13.473186,3.579445,1.1303905,3.1990664,-6.298008,3.0740652,-2.6614876,3.1643162,1402.8424568355201,74.4170578316652,1780.3754413588138,54.24963548982581,0.00024255642,0.00041410647,3092.1130116190543,0.009577632,0.0012416936,0.06492214689675174,0.006128324699872125
-390.63525,5.1581416,177.57768,4.2555213,-40.16701,3.6214237,47.257122,3.9527688,-36.89359,3.9368382,43.6368,3.9121666,-22.54484,3.535113,28.020931,3.344654,-12.385953,3.2129922,1.7397739,3.4833157,-1.9892479,3.503456,5.0030503,3.3843212,12.784505,3.6341364,1319.1327091878893,68.30818166990159,1648.2436664094096,50.281822201691284,0.00022931784,0.00026993683,2556.280984900667,0.00851418,0.00086886337,0.06612189131380511,0.007723800889079437
-390.47336,4.50427,195.85097,4.021433,-46.068897,3.8068647,58.538837,4.003586,-17.895285,3.4552212,28.615822,3.0749602,-8.054347,3.1055934,10.4526205,3.251644,-3.5656095,3.0187063,-0.21122342,3.2484453,3.2007906,2.8694997,-3.7577689,2.9004824,3.7352853,3.1710753,994.4432676351214,57.03012083046159,1279.5438945388787,42.809465949408164,0.000132568,0.00046502854,2060.267897603683,0.009961228,0.00084161817,0.04342530996229698,0.005703616093066095
-367.99786,59.751297,165.0542,10.450201,-68.62168,18.731644,68.82747,6.6938453,-43.30615,11.503833,36.643993,7.390086,-29.802216,11.7379055,17.028517,6.3462353,-13.087943,8.125995,4.4361734,3.7391832,-1.2725142,3.2206728,-3.4434662,3.5675054,4.9193726,3.8149722,1725.8787156667345,345.24190982780914,1701.9691635348463,143.12637283907418,0.0006211866,0.0011644706,3612.1573534476506,0.0077343457,0.0029026843,0.09905311956206496,0.038508746257163586
-352.11093,13.710338,180.27753,9.081242,-61.58822,5.077443,62.375072,4.87762,-40.602097,6.358284,38.307457,5.9611015,-21.968826,5.6149974,12.935741,4.937193,-12.398839,4.1726704,1.2828884,3.9286685,-2.1224058,3.1825519,-6.257858,3.1192455,6.0154357,3.2677336,1442.0402272127396,166.71793226679048,1571.8949526538586,137.1635324146102,0.00039181137,0.00105155,3054.3924353792054,0.009458248,0.0009050828,0.07487130220417633,0.011414200841712501
-375.1018,10.601037,142.24147,7.559917,-30.365936,6.8342237,71.552246,7.1051764,-38.83966,3.7663887,55.04084,3.5262249,-19.36261,3.2284129,29.813614,3.4113035,-13.976809,3.192768,7.1050706,3.467654,-2.381528,3.2934828,-2.416851,2.9480944,6.2598886,3.5027764,1847.7870194777731,200.9007370947837,2150.987344530273,67.98839376556566,0.0004359228,0.0008673259,4633.335787956787,0.009046537,0.0007413328,0.07060025739559164,0.016068887723734295
-389.55453,3.9335546,197.49632,3.9156225,-47.516033,3.9064775,59.432877,3.8388875,-19.110323,3.2716277,28.89049,3.0776737,-8.9400835,3.0355852,10.0635195,3.0231922,-4.172516,2.9011562,0.39369622,3.1194634,3.1568232,2.9408581,-5.20732,2.8714955,1.6001291,2.9221458,1001.8813275465417,51.10237778134677,1274.9903188483192,38.58490552488332,0.0001245795,0.0002490426,2065.064156304379,0.010008509,0.00083605346,0.04376971251450116,0.005602289953769099
-377.23462,3.446822,188.1976,3.666219,-48.2081,3.3270686,65.69779,3.2881527,-27.019667,3.1861732,33.434395,3.2577236,-14.765137,3.2512703,13.797743,3.2753572,-6.9061446,2.9975257,2.9374106,3.2590275,2.3405213,3.0082371,-5.2615128,3.0491514,4.062648,2.8982227,1128.643180415028,54.8181079953663,1425.6637617529007,35.4362015371494,0.00017207795,0.0002825084,2439.621984211862,0.010123013,0.00075433427,0.04842141277552204,0.005966306969670352
-447.2058,6.4478664,197.82787,5.39814,-9.149658,3.6381953,47.659126,4.42735,-7.7679725,4.5013003,25.78909,4.13061,-1.594762,3.751465,12.770207,3.5720322,-2.101291,3.303954,3.9385445,3.955918,4.762948,3.2059264,-1.5288148,3.596721,1.8122972,4.214342,686.5265718506203,79.87337259197231,1125.3106271806103,110.99622520054363,4.628136e-05,9.220182e-05,1224.0701697542054,0.010046383,0.0012782518,0.02550504821635731,0.00892476050623071
-413.73773,5.230857,167.32115,4.281584,-27.581812,3.5255086,41.15962,4.100442,-35.347805,3.645764,33.40041,3.2751176,-24.353996,3.294836,24.390862,3.2650573,-9.2325325,3.4111595,4.5088873,3.3450017,3.0142937,3.3493638,10.485947,3.4730258,14.086137,3.5947268,1303.4468708345644,63.96938768656187,1649.8982790033008,50.117872425607175,0.00013980924,0.00025311502,2467.8499651065836,0.0092790695,0.00081572094,0.06265634063225058,0.00408808405302113
-377.22955,3.7869575,159.48166,3.7384686,-20.138332,3.7169917,50.334133,3.8548944,-36.040394,3.6796808,37.79418,3.6389756,-24.33905,3.2662299,21.282183,2.9268079,-9.756986,3.1072664,10.806251,3.3491848,4.586103,2.975883,-0.09954663,3.0161784,0.8773246,3.3601034,1440.4642371888488,77.7506852837618,1859.8211168341572,55.58277805507761,0.0002594106,0.00049184327,3349.212462387616,0.009743757,0.0013176085,0.06215446454466357,0.006401984578405702
-378.20258,3.7716117,187.26164,4.0833387,-49.4536,3.123988,65.96204,3.3375354,-25.199087,3.3482542,35.602406,3.253243,-13.225887,3.1812007,14.257386,2.7452028,-6.1297913,2.9674613,1.6245195,3.0992262,1.0499463,2.9784591,-6.3910933,2.9470854,2.710284,3.1464486,1141.9508037722542,58.27701073276179,1430.0736130662165,38.174768658065084,0.000185674,0.00044995412,2465.202030615574,0.009948793,0.0007705864,0.04857095598897912,0.006104589212580802
-394.04422,8.282094,196.08432,4.7011104,-41.972614,4.7587748,54.300327,4.0099206,-13.493867,3.6928368,25.80123,3.5100138,-5.5682154,3.1031373,9.2778225,3.0412874,-1.8506774,2.9141164,0.0044557787,2.9193652,3.4572413,3.0022323,-3.3169997,2.90905,3.1736143,3.2597616,949.9767833713485,63.9428645735582,1239.2163993458473,50.780799829927304,0.00010802522,0.00030515762,1945.2576108432424,0.010217713,0.00097626704,0.03966407156322506,0.0068228479538659185
-383.4099,4.892212,171.46103,4.491726,-40.704033,3.410401,47.873512,3.9767148,-40.336308,3.731769,39.257225,3.549354,-26.029453,3.5509546,25.314558,2.9793313,-13.811017,3.3999288,3.453856,3.7990541,2.4821005,3.3787436,7.320312,3.1866167,12.285188,3.2523406,1420.9679982340613,74.2951284857606,1698.1148746980073,59.66350024268072,0.0002414793,0.00018546275,2833.1899833236657,0.008925716,0.0011568334,0.07330789588167054,0.007594642584866006
-370.32715,4.467622,153.17496,3.7291512,-42.586998,3.3553805,61.417603,3.8222072,-42.229626,3.4465091,38.312263,3.243679,-22.83025,3.3244336,31.681017,3.3085113,-10.21638,3.568044,-5.227861,3.2431958,-8.081789,3.1354175,-3.7140791,3.2520266,7.9083166,3.2034507,1710.0083033046892,76.75366743719287,1891.6731102042281,46.24858286007688,0.0004267341,0.00067065505,3952.4169355423433,0.008390109,0.000836821,0.08497793104698376,0.00789506578077739
-383.6261,5.329761,188.08774,4.838234,-43.816326,3.7008297,61.980537,3.6152112,-21.10987,3.2401302,31.221943,3.064803,-9.802485,2.9434147,12.060705,3.1048877,-4.938223,3.0585642,2.5174525,2.9080098,3.9877102,2.997584,-3.1456652,2.91718,4.264073,2.9880981,1058.5676668901806,66.79378056037406,1373.8290353682044,49.05218278970729,0.0001536374,0.0004528664,2273.6514487565255,0.010147416,0.0011704122,0.04478592662412993,0.00633708483906722
-379.4845,4.284307,159.1027,4.0774713,-26.52963,3.495145,50.962044,4.128079,-37.057507,3.4798253,36.09048,3.3622878,-23.780354,3.5236788,25.012407,3.1057956,-4.432441,3.2864494,12.566963,3.5451515,-0.013071348,2.9882934,-7.5544324,2.9719164,-4.030529,3.0756366,1465.6246549253117,80.93238742942478,1818.2846494392334,59.983141987265746,0.00025386285,0.0004879432,3300.7003040712007,0.009863666,0.0016766175,0.06952513232308585,0.005808375024313194
-374.4188,5.6208706,154.103,4.3537664,-25.867826,4.7245526,43.72603,4.060392,-31.90208,3.5127609,25.263584,3.8001094,-18.564625,3.3854997,23.207403,3.156477,-2.9333954,3.2741416,6.3019395,3.3289473,1.9601507,3.4189484,-10.226212,3.1388361,-2.3066554,3.1328287,1452.1854651456865,82.68966731422339,1730.648877797101,62.63531875499963,0.0002689406,0.0006640049,3064.8093097447795,0.009499337,0.0017602757,0.07278789334396751,0.005958418051408219
-390.6941,3.8157525,170.91125,3.8145878,-33.266132,3.5623755,44.653015,4.0860977,-36.238976,3.654633,35.133133,3.3839526,-26.9036,3.5431077,27.158138,3.6530113,-7.684464,3.2551727,4.804789,3.4048853,-4.1365957,3.393904,0.8878426,2.9530957,14.279009,3.371457,1347.1042849503851,59.53338924658575,1682.138683026277,51.54326683512056,0.00022461066,0.0006569454,2614.0109529074825,0.009094633,0.0009543756,0.06644930031902552,0.006838876333222544
-358.05722,23.135382,174.93942,14.890709,-69.197464,10.790216,68.287056,11.573094,-29.297241,6.174276,33.145237,6.5845413,-21.428268,6.5132647,20.084963,6.2712874,-7.803795,4.374239,0.008366773,8.606957,1.491386,4.259678,-2.8273213,5.2159476,1.7151555,4.7067194,1514.4496232608126,279.92860332729623,1520.2857228753053,127.69785817261528,0.0003792022,0.0007491854,2974.4797708816704,0.008939218,0.0012062186,0.09158728792053364,0.02934432024981051
-427.85266,6.799315,187.16414,5.7744794,-19.149652,3.7850566,59.929935,3.7158673,-13.194063,4.3545547,30.2604,4.11945,-8.419138,3.8575306,15.3358555,3.0680106,-2.917976,3.2871897,7.591776,3.6904016,5.3557363,2.966597,0.5087574,3.0893326,2.695296,3.8148084,837.6840911874593,101.7100724862482,1314.063548322761,124.36120856328742,7.629341e-05,0.00013356256,1678.9153698702146,0.009759101,0.0010741942,0.031586472230278426,0.0126016405133413
-389.26028,9.741712,156.14726,6.889643,-16.064785,4.205232,52.331413,5.164634,-35.481968,4.3488226,41.02284,4.349427,-21.691406,3.5896642,20.373428,3.5028694,-11.706272,4.098582,5.5379887,5.2615395,2.0598745,4.8697557,2.6509554,4.7813187,5.7733226,5.1281066,1426.783041221903,139.51059285968992,1879.5681331246672,114.39940045501444,0.00022211269,0.0002629523,3416.135259570766,0.009711034,0.0020370898,0.056424240501740136,0.009415347120642811
-377.57773,3.4574468,185.67319,4.071689,-48.182117,3.5430372,63.599613,3.7588117,-23.103294,3.4714768,34.54663,3.1571736,-11.742085,3.5312605,13.964191,2.8621035,-5.493728,2.9868934,1.2951369,3.1590319,2.7526767,2.8427658,-4.26186,3.0033426,3.2366538,3.23962,1135.4410760946357,63.04867113513298,1424.023732652044,40.527964471569625,0.00016898471,0.00028617377,2443.643846976508,0.009977073,0.00080461794,0.04876468242459397,0.0064673870749415024
-404.6802,5.9708905,187.61478,4.2291036,-36.025925,3.4674947,51.9054,3.3109267,-18.489378,3.4174614,36.67222,3.6632025,-3.0520737,3.6176157,15.83792,3.452427,-6.4973917,3.0387402,-1.5141672,3.1442661,-0.53033954,3.0862975,1.7592349,3.4025419,6.841746,3.3766303,993.8752354687456,67.08341794864448,1337.7024970400712,55.24773099396332,0.00010748186,9.940521e-05,1965.7915934055975,0.009484436,0.001139963,0.04481198339617169,0.007496440828208721
-340.5633,11.745604,166.4039,5.5355587,-85.59757,6.056741,64.14365,5.3659916,-39.156197,5.138204,31.666447,3.3113015,-36.80187,3.3017402,13.196755,3.2557778,-14.806158,3.4365747,5.8430285,3.4267023,-2.4947631,3.0439916,-10.605061,3.3848112,1.3113607,3.3905208,1763.2260495278056,107.70149783297599,1588.8883638713528,47.40567829835001,0.0005688329,0.00077461934,3298.6519019177786,0.008534262,0.0009302628,0.11237719330046404,0.01384205609381619
-398.7078,3.811049,185.44775,3.8092456,-36.9567,3.4815724,52.933693,3.5063052,-20.73263,3.386412,39.428043,3.6249702,-1.5520647,3.2969074,18.127459,3.2189553,-6.002199,2.8634593,1.7703211,3.2549078,0.99786085,2.93198,0.59748477,2.9423633,5.0066967,3.455348,1013.4638116587099,58.535653440847895,1384.6371307187708,46.32694194840401,0.00013517149,0.00030768468,2050.1507894069027,0.00968896,0.00092416606,0.03946241480568446,0.006281643131448137
-378.87833,4.52967,165.37413,4.1629252,-30.302628,3.5124571,48.835503,3.5600863,-40.08612,3.727865,38.896427,3.1088014,-24.4422,3.3365176,26.709152,3.1953788,-6.0936685,3.2905133,7.6063614,3.5117376,-5.4963894,3.3076022,-8.602534,3.0522978,2.3108218,3.6625175,1435.3026937031611,76.06189462691691,1782.0483725192817,54.240620275769665,0.0002611485,0.00044820385,3113.54629268779,0.0092576705,0.000976041,0.06902212333236658,0.0072898479377170025
-387.14276,4.66253,176.2558,4.120244,-40.18843,3.595461,49.60709,3.8294268,-40.856583,3.4492972,38.351505,3.3745532,-29.799276,3.18192,24.726776,3.1502175,-15.215219,3.368209,2.6348498,3.6680615,0.89653283,3.2558506,6.3944616,3.1549873,13.279093,3.8501675,1372.2986810948616,67.12874434769826,1672.8802983745004,49.991088768566726,0.00023184526,0.00028743187,2676.43725755873,0.008851654,0.00079944,0.07018221613979118,0.0070969564502154706
-358.49826,11.767144,178.73453,6.642234,-51.361095,5.3572097,62.06428,5.2051806,-31.190136,4.91812,32.10944,3.6427503,-19.480988,4.0404315,14.561491,3.4612308,-9.004347,3.1332238,4.030221,3.3101249,3.0419738,3.3455033,-1.5988454,3.4117842,5.516689,2.8994472,1315.4567609951098,93.96554911123009,1534.484894854977,64.14559124025416,0.00027188193,0.0003773005,2782.779305938225,0.009769774,0.0013050894,0.06175908135150812,0.0094031557820165
-473.6612,69.77412,149.14561,19.270653,-36.447147,19.568699,61.82398,12.62508,-19.605927,15.33322,40.902626,8.80432,-11.641331,12.636402,21.178291,6.595404,-10.139414,5.311811,1.1836587,6.7140846,0.105663575,4.794215,0.36084515,3.5878615,4.4039483,4.5458193,1507.5143779381758,669.1860875726057,1716.3056421595763,232.15872523012118,0.0005144687,0.00059005106,3210.3208041799594,0.0045168726,0.00280643,0.0706931554524362,0.06991557183592298
-445.01624,7.1342406,199.28542,5.3585997,-10.415504,3.8379147,47.91846,4.773467,-7.713336,4.1472683,26.587387,3.8912573,-0.84982586,3.9708693,12.309767,3.8237972,-2.123246,3.2856932,3.4630764,3.9055278,4.5945234,3.2429218,-1.7173469,3.3102362,1.491131,3.7658033,684.7137712100132,67.19682170845506,1111.5684487287606,95.90767441960183,4.7224512e-05,9.7594995e-05,1230.5151423832656,0.009965927,0.0011628061,0.025968405597447796,0.00857905990295144
-387.98703,3.932112,160.98651,3.8594484,-26.636614,3.563796,54.513523,3.595815,-33.310436,3.1444583,42.163963,3.2413127,-22.801079,3.0606878,23.323599,3.1179712,-6.6859093,2.8436778,13.657288,3.3302848,2.5297313,3.0609233,-4.514412,2.9892614,-3.678245,3.1683376,1393.9095642975947,68.14912573894262,1813.1447329048176,50.07629011460375,0.00021553479,0.00035421582,3174.6236495794665,0.009710119,0.0008863809,0.0555654999274942,0.0062556795709569546
-330.22565,9.922365,159.82602,5.231693,-72.65994,6.9250803,68.456955,4.5126405,-51.387733,4.3861685,41.315662,3.831564,-36.22314,4.193764,24.727741,3.5710893,-15.540011,3.2929342,7.1624107,3.07136,-1.8236549,3.0932171,-8.4122095,3.1835136,3.0163705,3.2665002,1937.7110646811334,91.7577266258746,1852.0956449391879,53.25712398982286,0.0008589172,0.0019608233,4119.836340813515,0.008718059,0.0009646939,0.11796353864559164,0.012266822438761189
-343.56943,4.082922,160.82668,3.9743934,-54.430477,3.5415936,78.48395,3.2383819,-43.611835,3.368045,41.474678,3.1753716,-23.345446,2.8750587,18.833832,3.1350121,-10.969694,3.064099,3.2078838,2.9960244,-2.129071,3.1682825,-10.391108,3.18255,6.128744,2.971275,1698.0067484939202,83.36569904842987,1815.8675108321827,36.25519199111933,0.00046702137,0.0005233393,3857.565923633266,0.009538916,0.0008280462,0.08516259425754061,0.010987101926956361
-376.4306,3.7698696,186.77596,4.5951304,-49.408253,4.3439527,64.12152,4.3253684,-23.84201,3.7564728,34.824635,3.4301434,-13.748229,3.3073351,13.307943,3.3546638,-6.0083075,3.0327654,2.0066304,3.0628707,2.3288155,2.9959853,-5.7178807,2.950332,2.1523201,3.186781,1144.5934099809676,61.96782058121133,1424.959225907233,51.963530532525276,0.00021304707,0.0008037126,2447.7156707692866,0.00991059,0.0007815787,0.05071894032772622,0.0066060573482908955
-368.12512,5.834925,149.28058,4.577924,-35.558525,4.780753,62.781734,4.510878,-37.48264,3.7115676,31.107588,3.6617956,-21.03666,3.0636976,28.541958,3.3208914,-9.78917,3.08374,8.39348,3.1881943,9.684054,3.4163558,-9.181973,3.1972716,-5.05281,3.3998055,1643.2095824381654,101.93090721354069,1874.2735512385116,56.22091092822341,0.0003906093,0.001081583,3713.503299013921,0.009326411,0.0013144899,0.07165272440545244,0.007858597979024537
-385.0122,4.071471,190.39595,3.2226815,-46.497234,2.9855921,60.483173,3.0008738,-20.549864,2.9111924,33.144356,2.9636686,-9.329172,3.057946,11.159748,3.1632218,-5.134546,2.960535,0.5864688,2.8064008,3.2698524,2.8853667,-4.191798,2.892878,3.2535057,2.9388146,1058.130938684286,52.32519444783536,1352.4966469989795,32.06980846257784,0.00012844565,0.00010721484,2225.863725348028,0.010061908,0.00086318614,0.044585402769721574,0.006104720405088402
-390.2247,4.5451274,174.64055,3.6711683,-38.658028,3.6257432,46.933952,3.8363461,-39.565807,3.664408,39.588997,3.4649081,-27.482544,3.4265969,25.05117,2.9624815,-15.24491,3.0752223,1.1129375,3.3214884,1.3233815,3.2474363,7.310829,2.977858,12.5248785,3.3562915,1373.5794390013896,62.696121479256625,1678.392498994423,49.50909013274558,0.00023230599,0.00020967021,2666.370110390081,0.008486924,0.00073914847,0.07042579031322506,0.008070397023118993
-444.8391,15.698123,198.6608,6.778036,-14.58713,7.1092277,46.375065,5.017408,-7.0117507,6.1966166,24.781023,4.430942,-2.0304587,4.4520526,14.848592,3.828984,1.1581095,3.6046765,-0.50783545,3.6233065,2.7467248,3.666763,-5.3940125,3.3258672,0.49543855,4.115742,720.7633177146585,94.46162128843491,1110.429046018243,99.24585743909427,5.444795e-05,0.00014571621,1300.7853284512762,0.009751366,0.0016683763,0.028014428654292343,0.006498282001976665
-347.2352,17.729656,168.68782,5.405909,-65.29606,9.039653,62.356617,4.2128925,-28.316614,4.6233277,37.333393,4.2676125,-21.51736,4.5734878,17.676546,3.5243647,-9.87336,3.528408,11.037603,3.4288683,0.6346564,3.1943142,-2.0670123,3.3169787,9.124443,3.583357,1535.9669954338779,134.80350180230025,1620.3327192863035,64.69580856907258,0.00036294758,0.00027272876,3152.815660799739,0.009415503,0.00096926145,0.08147612746519721,0.016726195886892874
-405.5047,6.753147,184.87288,5.5803595,-26.079884,3.7187154,54.344322,3.9522662,-18.281662,3.8888729,32.726223,3.9195523,-10.76113,3.5537286,7.044684,3.6824057,-11.369383,3.4209113,9.055967,3.229545,4.1078343,3.010831,-3.720749,3.249515,3.0379126,3.8576744,974.8366874202255,106.93314604621348,1389.4544759385235,124.87787937898527,0.000118909105,0.00027031286,1925.1732775340777,0.009650814,0.0009602077,0.043180602885730855,0.019515494385838123
-452.855,12.577691,200.00491,6.7811537,-8.220826,5.5680504,42.998173,5.0634003,-5.723882,4.613479,22.17946,3.6806319,2.0057812,4.318806,13.355571,3.9164338,1.8785423,3.6507523,2.0142806,3.8273394,3.9989963,3.4502244,-0.8080203,3.8170874,1.2539686,3.6656125,659.2706800211621,76.18202010713662,1064.382339238847,97.47688425833894,4.9091304e-05,0.00026115504,1159.5954629495359,0.009955307,0.0016460529,0.024427657337587005,0.005948464516248298
-376.793,3.7058709,188.55351,4.904545,-47.595818,4.0305285,63.93762,4.142302,-24.77543,3.4943473,33.941357,3.511086,-14.023229,3.1870801,11.63236,3.123651,-7.273629,3.0732522,2.1497624,3.268706,3.080933,2.8068697,-4.38953,2.662554,3.1973257,3.1106224,1116.1247428257054,64.78699646243899,1407.399422250914,57.50792382067069,0.00022651658,0.0012669595,2374.3479009570765,0.010150076,0.0007729203,0.05027144359048724,0.006558835620569399
-374.20636,3.624866,187.18246,3.7280815,-48.5206,3.4465997,64.55736,3.4031708,-25.845024,3.1023195,32.754154,3.2190053,-13.608011,2.92494,13.678258,2.9944088,-6.633149,3.0150576,1.2785335,3.2498755,1.6182176,3.1489918,-5.4184523,2.9621954,3.615896,3.1760716,1144.5861900338007,60.670592450388924,1423.5685576435856,35.03702484144645,0.0001736417,0.00024078519,2463.153628462152,0.010043815,0.00089120143,0.05095684998549884,0.00639195754037638
-376.4069,21.423704,190.20882,13.004479,-49.20536,7.30513,61.425846,7.29669,-28.612556,5.6063213,31.682043,6.4304357,-15.6697,4.9258337,14.792321,4.7057242,-6.4381933,4.6499825,1.5266755,3.6551948,2.5497706,3.5755951,-2.6371684,3.577735,4.918397,3.6346815,1162.0115070282695,216.85874576779437,1409.224800024147,169.56770066074353,0.00018539738,0.00024089743,2427.1317271787993,0.00975682,0.0014600914,0.05526301479118329,0.015556579392985145
-378.5585,4.70527,167.26833,4.169238,-30.69411,3.5411413,42.522785,4.260601,-38.217655,3.5584688,36.14303,3.841453,-22.70269,3.5843859,25.386244,3.1964693,-6.5509014,3.1302066,9.7871,3.225976,-1.9681662,3.1227732,-6.3337183,2.9592397,0.42785212,3.3206894,1401.184537667807,68.38817665222675,1729.3539868731143,55.731510291254615,0.00027160294,0.00062920497,2857.970653277262,0.009095807,0.001109574,0.07093333091647332,0.007296153533192197
-385.787,3.8264406,190.66713,3.489884,-46.93683,3.2943687,63.88413,3.3298783,-21.905094,3.180625,32.666664,3.088006,-11.282667,3.0213335,12.539734,3.0152204,-5.0913515,3.0369725,1.2364424,2.9391603,2.2104046,2.868706,-4.768619,2.9477737,3.5609853,3.0070858,1062.743137707825,55.59686682068088,1366.971727872267,36.30156117403356,0.0001372504,0.00018225455,2271.2033583780453,0.010030036,0.00084898045,0.0440438750725058,0.006464765580712176
-376.93668,3.8581395,184.1933,4.759914,-47.391632,3.7211566,63.376133,3.4196858,-22.717417,3.4274273,34.531967,3.3899229,-12.352947,2.7341611,13.56022,3.0292327,-4.9022794,3.1579728,2.3749728,2.9570796,2.9843314,2.7994492,-4.5803823,2.7957342,2.7658727,2.9815805,1140.844545357782,64.30122951781725,1436.6178620678388,48.358984028154225,0.0002064707,0.0006696465,2460.5306744852087,0.009983993,0.0008569303,0.04869557533352668,0.006415108176941533
-391.38196,4.1624165,170.5548,4.1226735,-35.24144,4.0538235,46.14976,4.4150124,-38.453323,3.7891705,40.85631,3.3855207,-23.923914,3.7288544,25.25877,3.2644107,-13.742627,3.1287522,2.3705783,3.272945,0.11007676,3.054017,7.4964123,3.308102,15.454049,3.2987523,1386.387700466434,66.34938845574554,1711.9743619387066,46.16054298233038,0.0002495998,0.00053394283,2767.1415041328305,0.00870178,0.00077317754,0.06966108069895592,0.007036665733658773
-447.10324,7.409205,198.55388,6.042099,-7.154767,3.739231,41.974377,4.565477,-5.5299425,4.675786,20.928743,3.8562822,2.4148476,3.8483505,12.705425,4.1284094,1.9929969,3.5841615,2.7164898,4.2264333,3.8676944,3.5567436,-1.5659815,3.4378545,0.31377074,4.35989,671.0410993255151,73.0076923007857,1073.6327027247464,103.77653338736042,6.243165e-05,0.0003702418,1172.0357589544662,0.009938437,0.0013629154,0.0257803436774942,0.006253468487696327
-387.0395,3.888041,183.90364,3.7117078,-42.83387,3.270958,61.964645,3.5013301,-19.62688,3.1136723,33.253353,3.223535,-9.161719,3.2843578,13.588203,3.0461667,-2.5291264,2.926285,3.2590156,3.158295,3.5103679,2.9603212,-5.000745,3.1117463,2.9171984,2.920143,1063.8405192000469,60.84211701344804,1404.5550896392565,39.19413454810228,0.00014646818,0.00040659198,2308.649148963167,0.010222705,0.0009767265,0.041979725565545245,0.0060485703535705275
-392.13202,3.78305,199.71994,3.7430968,-46.284813,3.2062593,60.37895,3.1210241,-19.649244,3.1729612,28.426067,2.9163926,-10.7233515,2.980458,9.095544,3.0288227,-4.7806087,3.1010423,-0.12892649,3.0614505,2.5451615,3.0407603,-5.4452376,3.0319612,2.6652021,3.0007377,979.7281209361835,50.66349928809366,1258.5917625623688,36.818969973750676,0.000110285575,0.00020013888,2000.2647028168503,0.010070703,0.0007555029,0.042265217154872387,0.005548962086053173
-381.32028,4.912808,158.6277,3.3400488,-23.203224,3.4211886,48.57116,3.502263,-36.487186,3.3836536,34.72432,3.142058,-21.671625,2.8998396,22.910133,3.1615517,-4.029005,3.1182275,12.108719,3.532547,-0.42242151,3.0873802,-8.870316,3.1722934,-4.6551223,3.4511082,1427.6774118793971,69.72712278559919,1791.1445517914447,53.97197508911991,0.0002175028,0.00022859652,3191.5854186303654,0.009833182,0.0016061487,0.0677657337587007,0.006328452061146462
-395.2623,3.9600902,199.84184,3.579717,-47.772614,3.3530295,60.067657,3.370741,-18.764664,3.048479,27.995876,2.9711742,-8.70012,3.3335698,8.89021,3.0401914,-4.6078,3.233092,-0.6538169,3.2578404,2.1554816,2.993378,-5.8557,2.8163936,0.6504008,2.868952,979.8312371122881,49.82854924849147,1251.0317136932622,42.45911050811356,0.00010126222,9.7703436e-05,2016.1023487347738,0.0099292165,0.00086409046,0.04175994235788863,0.005634988205613324
-367.09286,5.801872,168.99474,5.0083656,-48.856194,3.7290325,64.02786,3.8028467,-30.647446,3.3685656,50.006187,3.301673,-15.490767,3.510208,24.998573,3.13667,-14.495442,3.218962,3.481266,3.1635664,-0.39160836,3.1021192,-0.9700582,3.1101685,8.616312,3.2293503,1417.3278387609405,102.84369913538595,1719.7902499136246,68.29694490406064,0.00029001123,0.00022730649,3148.3441487819027,0.009496543,0.00087642093,0.06146792524651972,0.008656949541026462
-365.82654,5.506294,151.89406,3.804886,-40.58707,3.2481024,61.397297,4.564417,-43.543106,3.1582234,33.651596,3.326687,-23.459515,2.964911,33.120483,3.0659552,-6.972626,3.826251,0.26377034,3.247603,-3.675974,3.3936846,-6.660352,3.5750182,4.2431803,2.9799204,1720.6332666019698,82.48191519405668,1895.836949466333,45.65110944941174,0.00040776582,0.00037678672,3955.114831061485,0.0086645335,0.0009788444,0.08452363689095127,0.007641192697467407
-393.61066,4.3938093,175.09041,4.2993917,-33.90526,3.097609,43.452248,3.6079612,-38.753906,3.3575,40.34499,3.4557176,-24.44258,3.3056471,27.194399,2.9363763,-11.490948,3.2342439,1.3827236,3.3004785,-2.0744195,3.224391,4.642227,3.5204632,13.778137,3.565863,1330.3556505532397,67.91590803414609,1670.079073862708,57.54533949430702,0.00021938361,0.0002770292,2547.1880777805973,0.008583535,0.0009489282,0.06744285636600927,0.006997509336188299
-399.8088,4.787159,171.11931,4.335037,-33.7675,3.685827,43.73322,3.694539,-36.144104,3.534224,38.74131,3.4057698,-21.849903,2.9951363,26.224957,3.1159291,-10.429896,3.1284103,1.9136325,3.3420494,-0.9353447,3.073426,7.114413,3.3045518,13.317281,3.8045237,1328.5164121621497,67.35714972774454,1659.5128941580074,58.855238938477264,0.00021429028,0.00057127007,2569.2208911869197,0.008638337,0.0011841322,0.06627256743039443,0.006791109371170699
-348.85925,18.39768,154.59642,6.2525606,-94.005264,8.622835,64.81781,5.177626,-38.288345,4.8632703,33.795414,4.7765436,-39.41401,4.5199943,19.5249,3.8290524,-12.296957,4.035853,9.910809,3.758996,0.40167987,3.5045097,-4.1120505,3.376182,7.285852,3.6005418,1963.4240346402848,111.47090491451345,1634.926410557383,69.13457516488562,0.0007379352,0.00081564457,3542.9113684563513,0.0075569917,0.0013704781,0.1361319061774942,0.01665743785950091
-379.97626,3.8724828,186.566,3.7023451,-47.70618,3.5537353,64.6234,4.0472603,-23.915545,3.645072,34.795017,3.1621597,-12.188633,2.9517655,14.027617,2.9638386,-5.155857,2.9765363,2.2310264,2.9724898,2.277445,2.7650077,-5.2118134,2.8987577,2.8239684,2.905975,1121.9843769897573,59.334153763843105,1422.8386130407625,40.940419644239576,0.0001721278,0.00041994703,2425.2082275957077,0.009997965,0.0008654651,0.04650567357888631,0.00623654911567872
-376.4013,5.5114937,192.53935,4.316895,-50.105858,3.970861,60.564255,3.7333746,-25.478792,4.1205354,27.836512,3.6427088,-15.317653,3.4781234,12.649283,3.3263252,-6.4934154,3.2450993,1.2472479,3.2582657,0.7010086,3.0520487,-4.0819216,2.929559,8.297655,2.997929,1109.7212026196453,60.209236813805425,1359.1810811531336,44.722318286039474,0.00015778262,0.00030598557,2328.9083458707946,0.010110919,0.0007472707,0.04988625652552204,0.0060729969567384695
-381.664,3.6670432,190.37656,4.5494223,-47.631298,4.0377407,62.280678,3.8057349,-22.355247,3.707427,32.187572,3.206515,-11.656087,3.2773316,11.589818,3.057264,-5.9156303,2.858301,0.19174725,2.8388045,2.8941562,2.8437963,-3.8549106,2.7878091,4.1235332,3.232183,1085.3666923614553,59.485341819284855,1369.6678229034894,53.13582111862082,0.00018123622,0.0007716906,2296.708463239559,0.0100187445,0.00085695693,0.046887461934454755,0.006324857866522821
-450.94843,8.507166,199.74904,5.804483,-10.52654,4.553287,47.146034,4.7967806,-6.9688635,4.45848,22.770813,4.3473983,-0.6537144,4.3644214,14.947961,4.1318216,0.39453217,3.5318878,2.6760252,3.9684906,4.499443,3.5527885,-2.3027053,3.7272472,1.5080233,4.267767,679.9614235258339,72.71416393567443,1095.7413836004027,98.19324057972574,4.096852e-05,4.860254e-05,1204.6852908388921,0.009876068,0.0016910203,0.026257295896171692,0.00791712994916517
-431.60114,11.434376,189.77458,7.0850263,-18.572964,4.663229,50.926617,4.4816546,-7.086172,5.0583167,27.232662,4.9058747,-3.7894058,5.4085374,11.700864,5.2899256,-0.09631142,3.9720023,6.7810144,4.2274704,4.5623307,3.9695737,-2.2204947,3.7118185,0.12639673,4.2436037,804.9407243117273,90.0511641182897,1223.9091637451406,112.13268096347456,6.141795e-05,5.0228213e-05,1577.7692684164733,0.009764485,0.0021275054,0.03297767727668213,0.009988061321524997
-394.7193,5.0526457,169.99525,4.667872,-33.66237,3.8974283,47.072334,4.1906896,-40.562298,3.7709172,38.16378,3.4951882,-26.196564,3.442486,26.744223,3.341574,-7.618589,3.257556,5.6247087,3.368433,-3.8386915,3.2223902,0.811785,3.0028613,13.5798,3.4845836,1378.3938970829042,69.22719035157395,1719.440335628877,55.76027991684024,0.00022516526,0.0006224141,2794.495167035238,0.009022972,0.00083421153,0.06392066052784223,0.005796132605740528
-398.02994,7.155722,183.82669,7.4030986,-36.57084,3.7228205,56.589127,4.300278,-23.044022,5.397009,41.968,4.671568,-4.4262567,4.030535,18.277725,3.5248988,-8.343748,3.0853877,0.90919864,2.9355078,0.41733915,2.9061391,-0.030780872,3.0974872,6.680928,3.347841,1052.8069114770665,140.30808905401435,1433.5031157099363,123.61282409494957,0.00013566916,0.0001973676,2180.698955916473,0.009692502,0.0009616527,0.04208281975058004,0.009007735103495654
-333.93588,9.933415,157.3428,5.876915,-73.85849,4.5706673,62.180485,5.856429,-54.98649,5.5386434,40.479553,4.141248,-32.44256,3.9315424,26.111233,3.7238083,-17.079908,3.5430307,5.547266,3.4266744,-4.0696173,3.568675,-8.5655575,4.465587,5.8176703,3.990158,1966.0300450953923,134.8858308530312,1848.0837107954987,98.32370529296881,0.00079388515,0.001165525,4089.8097629060326,0.008490832,0.0007157265,0.11789896316705337,0.013197809389119597
-380.3824,3.775631,165.34535,3.911708,-25.710651,3.1872945,41.29077,3.311657,-35.10984,3.2356718,34.639908,3.1122532,-22.11183,3.2599356,24.45959,3.327352,-5.290811,2.9834816,7.350792,3.2110376,-4.352343,3.1093996,-6.8937497,2.9501176,4.0061555,3.2539415,1375.4356288474983,69.64724084994357,1729.819443034602,55.7525437641669,0.0002568553,0.0005982209,2798.741854426479,0.00917508,0.0012712525,0.06830386274651973,0.0065914477316246734
-389.70798,3.734786,197.70107,3.7438293,-47.218414,3.479296,59.887394,3.645304,-20.744162,3.149619,29.669794,3.1740384,-10.070992,2.9853382,10.395737,3.0043876,-4.4437585,3.0137997,0.14733228,3.0553956,3.1621923,3.1899095,-5.047933,3.0133855,1.830567,2.9849777,1007.2914195083057,51.51058420048305,1283.97447432538,38.80294143195197,0.00012762936,0.00034490816,2070.4849278567285,0.010002262,0.0008067989,0.04406426732888631,0.005233930567836042
-395.49228,4.5722933,184.25917,4.05269,-43.93841,3.2499013,55.581017,3.4830844,-25.389248,3.5299778,44.313786,3.281981,-4.8549304,3.1884713,19.173538,3.0508664,-10.382407,2.842887,-0.22220723,3.0840323,-0.59023744,2.9131415,1.5863212,3.1512184,6.7600994,3.0851288,1105.4577680162859,63.70793691099224,1435.2923019334983,52.734091070684265,0.00013950726,7.450951e-05,2240.9519558439674,0.009445962,0.00080096984,0.05043005002900232,0.0066627991342517205
-391.85373,4.2792397,170.85564,4.1270037,-33.811268,3.3153656,45.24477,3.7006953,-36.32811,3.6505113,41.511204,3.3724139,-23.776203,3.2566195,29.584528,3.6385267,-9.243285,3.2341201,4.092311,3.428193,-6.8653603,3.2687805,-1.3329704,3.1986053,12.961223,3.2798123,1369.229006616734,72.58825250788182,1726.45944108533,60.19014480355083,0.0002467806,0.00047695055,2723.325682460847,0.008610091,0.00096684694,0.06686394286542924,0.007814882577518353
-395.91873,22.630407,175.56085,10.127709,-27.636099,8.776546,61.440956,5.2794714,-17.693817,5.1592784,27.815672,6.7183676,-10.187371,5.803233,15.765836,5.2482595,-4.1489305,4.803395,2.6156762,4.5809975,5.9445276,3.6771524,0.101841226,3.8625603,7.085162,3.8908882,1020.4827777715891,166.11933429217984,1428.2947639186073,150.592680564139,0.00011957796,0.00039355113,2208.777053726798,0.010367683,0.001537252,0.04013649216937355,0.01040332751188243
-395.60507,6.103645,198.2984,4.063144,-42.649227,3.6729915,58.47352,3.6721475,-14.922661,3.5981762,26.030523,3.0602624,-8.023704,3.3436408,9.187826,3.3196294,-2.170799,2.9607258,1.2954503,3.1434906,3.9304645,3.2349858,-4.0627203,2.8030567,3.0172195,2.9887486,941.6175737024929,61.862883151469156,1237.7265516614675,42.57833707349909,0.000106255684,0.00030641115,1942.984384063225,0.010189293,0.00082803593,0.039819279292343385,0.005430076213177724
-354.4487,4.389055,183.14566,6.551808,-66.31923,4.039366,52.0468,5.0846367,-38.67469,3.7616842,40.06956,4.128663,-13.409903,4.3067245,23.702911,3.8757837,-13.77897,4.043013,4.4813523,3.4108639,-2.8700826,3.367932,-5.726337,3.30639,7.14816,3.2987819,1398.3871522343727,85.47603889615408,1502.0566446052042,80.41436432429957,0.00031828444,0.0004201022,2771.7628992350637,0.009352278,0.0006921511,0.07953999601218098,0.008903045820783863
-351.2129,12.589493,168.11577,10.046851,-48.046223,5.7835426,62.64228,5.69742,-31.928423,5.714881,34.33868,4.895186,-21.416056,4.7010736,18.869417,4.735158,-8.437531,3.2323208,5.802739,3.439023,-0.4256529,3.5592482,-4.7333884,3.523731,6.18395,3.5861423,1456.0900617512186,205.66771327041928,1669.9566204357236,142.46042670356613,0.0003474437,0.00043566333,3157.8617246410963,0.00983506,0.0015235689,0.07104095671403712,0.017085485103206576
-331.63602,16.426252,130.41017,11.986466,-76.52975,4.3200808,81.57785,6.4469476,-50.41185,7.7023654,39.32701,4.016323,-30.538328,3.2919183,26.397802,4.174973,-16.645493,3.5918179,6.535052,3.6737874,-6.962528,5.1350727,-9.389746,4.9510183,6.563476,3.536292,2433.557008564576,183.74160471750542,1944.65744044839,36.8305391297036,0.0013560866,0.0012668311,4635.009482399217,0.0075957896,0.0015121467,0.17089503879060325,0.02482318103804695
-365.2177,5.4327354,137.27614,4.6088204,-34.5841,3.8338637,80.0573,4.791682,-40.378586,3.5226932,32.238724,3.5531085,-24.933855,3.4433043,33.11926,3.6907494,-22.753119,3.6541407,-5.051402,3.269673,8.862804,3.503509,-1.5100936,3.8733654,5.4019537,3.7719038,1962.1231529194843,119.38681321284903,2056.3959589229457,42.414694220434114,0.0005543948,0.001041994,4601.885320747535,0.008596066,0.0010063474,0.09133125181264501,0.013214022649131036
-389.05038,4.301822,171.53691,4.275713,-34.813995,3.791306,45.12607,4.1276712,-39.039467,3.5312994,42.7882,3.7691793,-23.893724,3.5476453,25.427217,3.4303484,-14.349367,3.3165348,3.8812096,3.5634358,-0.32761124,3.1627092,7.226993,3.1817372,13.890464,3.6271253,1381.9844309816292,71.32335098483652,1723.3922280539953,54.12595043925139,0.0002436433,0.0005064167,2745.908067176624,0.008935587,0.0010631289,0.06872756851798144,0.007512538221182122
-378.006,3.1921892,183.34288,4.1111155,-41.943157,3.5927835,60.780495,3.546251,-20.957232,3.4588287,30.940573,3.2696598,-10.689285,2.9932923,11.004341,2.8896334,-5.051356,3.2525933,1.3644192,3.0977373,2.8282545,2.881335,-3.9816508,3.0407817,3.4497,3.2555196,1105.7645068965844,58.002208181904535,1414.5886534140861,48.45157021683293,0.00018578871,0.0006889022,2379.818633537558,0.010173844,0.00093773264,0.04629155488689095,0.006170392868686161
-394.2181,3.782096,184.77762,4.044519,-39.76868,4.1142197,51.813198,3.4850612,-20.669588,3.6412556,38.269997,3.2967155,-3.2488503,3.620413,17.715908,3.0684154,-4.881915,3.2402878,1.6975129,3.6769044,1.1417533,3.6729808,2.5702689,4.107625,5.314519,3.794695,1047.5356696023357,60.446302439379764,1390.060322244601,47.73751976731941,0.00013391528,0.00018957777,2132.786329937645,0.009595358,0.0009400177,0.044876558874709975,0.007085175826797986
-381.22894,3.58279,188.46977,3.9207075,-47.858135,3.73684,61.622017,3.8210435,-21.707449,3.7791846,31.407215,2.9098988,-10.298388,3.1451921,11.8280525,3.0922031,-4.91287,3.1881258,1.2101654,2.9441893,2.6529887,2.915728,-4.9901714,3.1246,3.2678525,3.1252923,1098.9628803198373,55.36717334800985,1376.4427449614684,40.246450674526365,0.00015316722,0.00029542125,2343.0972778603536,0.009982054,0.000812882,0.04682401935904872,0.00693740076023426
-378.81573,4.3245044,169.01064,4.075968,-30.667583,3.622985,47.203033,3.6358669,-39.442593,3.3261986,36.78238,2.9803338,-24.145018,3.216004,25.285473,3.1890657,-7.3961883,3.590652,7.98961,3.2590568,-4.149806,3.1667514,-7.084365,3.0590546,2.3217964,3.3473175,1390.8937649704249,71.52183032751519,1735.3401278184665,52.16303803799862,0.00024231587,0.00030080197,2894.7169894685326,0.009316726,0.0009841155,0.06839562790023201,0.006783119165770171
-458.55417,7.8762636,189.25636,5.3605294,-8.99771,3.568708,50.162167,4.7656527,-4.4028974,4.173701,26.498508,4.2073994,0.06700147,3.7878819,11.822209,3.8527775,-0.22030562,2.9915113,6.602476,3.7018633,7.635921,3.801867,0.83088154,3.143117,3.0903683,3.9046185,691.0013819133458,67.30145904359539,1165.889447677968,103.68149002364792,4.4667235e-05,0.00015065247,1282.2747675282772,0.010088298,0.0015629103,0.02019059962296984,0.006212940556222598
-409.29187,6.5823894,182.45378,6.103894,-22.82114,3.643942,48.97088,4.7782235,-28.142317,4.422291,28.115969,4.5172963,-17.123667,3.7524753,12.663712,3.3392475,-4.8319254,3.406522,3.8952308,3.6924548,5.3933916,3.0591965,3.384535,3.2164402,7.660095,3.6098022,1018.7320584267028,82.74640787109493,1397.4305650913734,98.45156099170758,0.00012433769,0.0006116209,1902.5908928183005,0.010229786,0.0013471782,0.044819913718097446,0.005217405523646793
-374.39627,4.265127,158.91891,3.883533,-25.936014,3.4019938,52.371292,3.5358326,-37.555355,3.377233,39.107227,3.4719403,-24.814165,3.5135562,19.424067,3.1331885,-10.302606,3.31137,13.094702,3.5945504,6.2356825,3.2150564,1.0795004,3.2390656,1.6881554,3.2243617,1483.6841405881125,82.8164462795592,1851.159410119612,56.68571844713712,0.00025788238,0.00025988984,3474.864448140226,0.0097523285,0.0013643547,0.06693191705336426,0.006651558232787776
-363.67493,4.869335,140.30894,4.56974,-33.960842,4.1712985,76.93808,4.8125772,-39.592834,3.4022868,26.474232,3.357841,-22.199383,3.2801318,28.137405,3.560871,-22.854267,3.2674687,3.2983668,3.500171,14.0447855,3.723653,-3.1638632,3.6313114,10.571246,3.5491333,1843.9120275557398,112.09215333092085,1969.0505879553675,46.405784821463456,0.000449378,0.0010803499,4109.844135187065,0.009550267,0.0015372477,0.08381443953016242,0.01227091380985693
-384.92715,9.641026,195.46303,5.149011,-44.827164,5.7314863,55.32841,3.7138026,-21.423578,4.010718,27.022947,3.4760187,-9.240844,3.7389367,10.861187,3.2584193,-2.327443,3.3415768,2.6769037,3.1361945,4.8976636,3.1685166,-4.111219,3.389011,3.2357912,3.4883206,1012.7126655768212,71.00967580349466,1288.7304350102545,54.84402650755335,0.00012551677,0.00021222941,2056.2710153531034,0.010127005,0.0009973173,0.04429877827726218,0.007556304230912731
-380.55667,4.1980605,194.68105,3.646345,-48.88014,3.202105,62.550236,3.283913,-25.697336,3.3819277,29.454054,3.2808993,-13.427802,2.8226628,10.280992,2.9361067,-7.889822,3.0837755,2.185182,2.9971209,3.727889,2.9265084,-4.11934,3.0478287,3.690058,2.9694061,1075.7558785454087,54.717021084276595,1341.7088419817132,37.41116650280751,0.00015196731,0.00029316725,2252.642836426914,0.00998318,0.00080124853,0.04865252501450116,0.005785519006516097
-387.68155,10.075461,195.6005,8.230328,-48.269726,4.4029684,61.01135,5.7037096,-21.90396,5.144638,28.747942,4.525606,-12.716026,3.515876,8.143711,3.3083174,-5.9980416,3.2460756,0.03413294,3.1646004,3.5343316,2.9661932,-4.109748,3.1144092,4.739834,3.1730971,1051.7304595836113,141.37307278533808,1306.6889525186898,113.60166893636618,0.00013065014,0.00019039067,2175.253203850058,0.0098917,0.00080454344,0.04828886310904872,0.009059269796568195
-383.94714,3.6601639,188.252,3.0860567,-45.8158,2.7535684,61.47975,3.205995,-19.493729,3.3373592,31.965012,2.8289187,-10.1185875,3.061827,11.402454,2.9912999,-3.9246626,2.8557577,1.0607224,3.014299,3.4784544,2.9573703,-5.108176,2.7289066,2.1502497,2.8336005,1070.5890596860786,50.44602363832901,1366.097609817993,32.30590418448288,0.00012987776,7.968665e-05,2277.0487986695184,0.010014919,0.00078977103,0.044907147259280744,0.005909321779134034
-397.4325,4.5605464,182.28314,3.6892855,-38.60587,3.0302186,55.3657,3.336775,-20.575048,3.2704325,41.52777,3.3009758,-2.9114532,3.21387,17.926558,3.3334155,-7.4824605,3.2845018,1.9207174,3.3756793,1.6893686,2.889477,1.9675944,3.0700579,6.8403673,3.2330015,1053.3171177812922,63.6948578816683,1428.7545007369126,48.44390745754706,0.00013430277,0.0002220727,2191.840265189965,0.009699008,0.000909993,0.04064516567575406,0.007281341440343373
-371.33954,7.3972187,150.63228,4.272209,-25.961998,5.0957284,53.41283,4.585555,-33.309937,3.8205426,33.398407,3.3876805,-19.89111,3.4178545,19.22857,3.1196454,-9.789812,3.549226,9.1383915,3.475272,6.3717847,3.2708607,2.3193092,3.2437449,10.44439,3.3122408,1500.8824406720216,104.09875963853555,1847.4808279222473,58.47565702189805,0.0002486534,0.00047362671,3497.346910799739,0.010763146,0.0020149087,0.05941510477088167,0.006637112589362443
-389.6381,7.274741,172.56113,8.345315,-29.546509,4.0559773,48.992973,4.199535,-18.927876,3.489534,37.861843,4.343972,-3.8002691,3.7616956,18.546402,3.7413447,-8.00924,3.2734845,0.20494811,3.276572,0.42072195,3.0636766,-0.8587451,3.25893,4.892602,3.4094255,1124.5051231148761,123.30702532152621,1500.8503450284582,118.46892417793661,0.00015457196,0.00016355759,2314.04494000145,0.009680719,0.0015079221,0.047144630945475635,0.00819182647058201
-369.5428,4.224705,156.23364,4.5364103,-34.21508,3.6210618,64.06241,4.488842,-37.274193,3.4970295,30.85567,3.2611325,-22.063755,3.2846959,30.37172,3.6643345,-12.03309,3.4600644,11.762924,3.5569873,8.083286,3.362092,-11.88782,3.3579917,-5.1527967,3.6425939,1556.8869075325983,87.08258768569141,1839.4184970920026,54.02148128034115,0.0003159986,0.00056501967,3408.616124836862,0.009709572,0.0010814286,0.06999075551044083,0.006541298904399852
-387.8324,4.7079153,169.70662,4.5152802,-36.317825,3.745376,45.949837,4.2759295,-37.865788,3.658583,41.061947,3.6999242,-25.990213,3.2512112,25.554577,3.3804228,-7.2828918,3.4046159,4.671219,3.2662756,-4.7466397,3.3293924,-0.74389887,3.2552006,14.543908,3.512353,1392.8465272283631,71.92229694345387,1714.0667248985437,53.58578099457889,0.0002571675,0.00074194523,2804.512353175754,0.008899834,0.00083084113,0.06825061629930394,0.006970108607751619
-389.66473,4.4602776,165.49843,3.7985356,-29.850979,3.1730053,46.803925,3.4292903,-39.2736,3.6540265,36.559578,3.5745392,-26.011969,3.508159,26.47437,3.2240148,-6.974592,3.155614,7.6237035,3.3808231,-3.6686728,3.2039807,-2.3475902,3.3075747,9.917991,3.4302113,1413.4880642760847,76.89436334447359,1769.4505809265468,55.16589591399835,0.00021357925,0.0001368696,2973.030901065835,0.009044559,0.0011730682,0.06587378552784223,0.007917559699004142
-376.5935,3.6835515,188.16574,3.633338,-48.48406,3.4959347,64.82474,3.536554,-24.916569,2.9987042,34.483326,2.9434469,-12.9414625,2.9149992,13.240994,3.0803003,-7.6272244,2.6587656,1.9408613,2.9160507,2.0373683,2.8951402,-5.3543873,2.968374,3.4512491,2.9300368,1125.4395139756778,59.83532513619333,1414.8886449861582,36.02254488119155,0.00017634142,0.00036660058,2419.5376509026974,0.010112571,0.0008328645,0.04935265915023202,0.0059442763408538634
-376.61423,4.6655483,160.17137,4.061178,-35.52312,3.1717026,59.183857,4.6081076,-41.709713,3.2399874,31.056534,3.0282052,-23.544306,3.1660454,28.73708,3.1045792,-13.374439,3.6141655,4.0249944,3.1618657,-1.1155556,3.3145504,-14.506424,3.3171427,-0.13610695,3.1683314,1531.2047550553848,82.19041688700587,1800.3592991579633,50.77142370894582,0.00026865237,9.331086e-05,3328.8283629096577,0.009071497,0.00096934225,0.07126300572795824,0.007209070610090358
-379.65842,4.4040813,151.56755,3.5397315,-19.613895,3.5747588,55.61017,3.5756483,-34.96679,3.3740797,39.43752,3.4184692,-23.895298,3.2512138,20.196568,3.4661124,-11.566428,3.2542765,9.178579,3.0766182,5.8577456,3.2619543,5.678328,3.206267,9.256357,3.285282,1510.0120252081488,88.78948693750849,1930.4461621558557,58.378916665836634,0.00022534719,0.00017528373,3736.0856837296983,0.010317463,0.0018363856,0.058313922926334104,0.006542169234907438
-379.6241,3.797804,188.15807,4.6386113,-48.250595,3.8152413,65.89024,3.695253,-25.488604,3.4646714,34.575077,3.338468,-14.655545,3.2938714,12.903047,2.9341478,-7.595292,2.6374762,0.9224402,3.0705721,2.4659529,3.1512427,-3.1014192,2.8792622,5.334598,2.8014598,1123.8065213192256,58.78509565764784,1422.006212140147,51.06988712812401,0.0002110951,0.0010213497,2419.4127483323664,0.009961325,0.0007365291,0.04816537666763341,0.005944525287785248
-329.0509,12.111483,143.7208,9.97569,-51.847435,3.6290126,65.9935,5.4570346,-40.401142,4.682231,40.25562,3.9786665,-22.468632,3.8193712,20.27778,3.4030726,-15.273729,3.2240596,2.9520266,3.1974728,-1.5820719,3.2911046,-4.112448,3.4006236,7.577103,3.173281,1950.9303006119276,159.00755062726873,1939.9551693508818,84.63845947478403,0.00074542244,0.00076159707,4247.9863779727375,0.008987661,0.0025616882,0.10849813297563805,0.01541987315941749
-389.0643,4.029187,170.50943,3.9329653,-33.117283,3.5835493,46.977676,3.7927053,-37.238514,3.6616259,38.912277,3.3183892,-25.871576,3.242537,23.854952,3.0048437,-14.984714,3.0876234,-0.5367598,3.344843,-1.7929854,2.9354632,6.0974674,3.0620244,14.115753,3.3578415,1380.1034744038768,70.49161579468856,1715.0977906340172,52.55213672942805,0.00024089271,0.00025566542,2759.647349912993,0.008498523,0.0007627407,0.06878534657772621,0.008356737375917562
-400.0003,4.0039935,187.0106,3.5927334,-37.56368,3.2883842,57.34752,3.6957738,-23.048975,3.4856088,40.985565,3.1495674,-4.8442755,3.5003583,17.487724,3.292489,-8.480099,2.8710852,0.6437159,3.1423917,-0.055998985,2.95515,0.5104374,3.1266994,5.737468,3.2810454,1021.9499930656356,60.37532309402721,1401.8370083768843,44.04536653567241,0.00013264998,0.00021628573,2088.8955667234627,0.009639762,0.00089936977,0.04007418249709977,0.0066517369092361075
-382.87402,5.3900576,192.50539,4.645942,-52.406048,4.9665513,58.57408,4.3009086,-24.536058,3.961341,32.32432,3.310168,-15.509632,3.3142657,11.007214,3.1872408,-5.112181,3.146794,4.8957734,3.4561765,5.943716,3.7720454,-3.9738164,3.6328447,0.7955515,3.6978133,1116.2184183829634,53.42738403982609,1348.0969062929923,52.010506688370526,0.00017196026,0.0005208686,2245.7482145446634,0.009578324,0.0008547314,0.057921938442575406,0.0081065861880303
-388.56757,4.5009727,174.72789,4.4310627,-36.969807,4.2345424,47.572258,4.2125134,-37.7028,3.53404,43.804672,3.437933,-22.709776,3.5947251,28.098572,3.5884187,-11.613225,3.1284275,2.301948,3.5332394,-3.179425,3.5321686,5.0588903,3.5483534,14.086626,3.774022,1343.6395825911718,72.13004062773136,1691.495832538401,51.57955371401335,0.00025109772,0.00046841445,2653.829892328886,0.008721906,0.0008978643,0.06607091067285382,0.007327681390726282
-385.62698,3.5612516,191.39066,3.432681,-45.28679,2.8993595,59.810905,3.108643,-20.364262,3.0309644,31.84264,3.1367745,-9.251506,2.8063626,10.400905,2.803417,-5.573222,2.9330254,0.53129154,3.0755582,3.759075,2.9978704,-2.3685002,2.8409057,4.140421,3.0858068,1042.6362479750157,50.60559334529452,1337.1336509324587,34.60808814901681,0.00013376214,0.00026667697,2176.452268525232,0.00999259,0.000840705,0.044504966647331785,0.005647652220502303
-382.62762,4.0545764,188.15549,3.4388723,-46.9075,3.1035254,61.985733,3.417112,-20.99124,3.2834039,31.714937,3.1439686,-9.727406,2.9096122,12.291052,3.0563676,-4.578732,3.0166702,1.2682091,2.9457471,2.834961,2.8489847,-5.3776045,2.8418841,2.768788,2.9869456,1089.5575664489083,58.570028504254,1375.2634669288798,34.68186323976367,0.00014417923,0.00020233856,2331.6312219040024,0.010000057,0.0009192526,0.046140878770301624,0.00630633395671677
-390.6621,4.6814594,177.38567,3.8905594,-35.062492,3.564393,47.007812,3.70302,-36.492596,3.6717029,39.00442,3.2937903,-26.602734,3.4146652,25.348524,3.4491925,-12.902662,3.1267574,0.41216978,3.0920854,-2.8451185,3.096749,6.5688887,3.08036,12.459282,3.6701717,1307.4379067905077,59.32218176805165,1644.6725400323944,49.55335527208636,0.00022173738,0.0003113027,2485.486208037268,0.008589249,0.0007822017,0.06640738290313225,0.007429948419918996
-405.41626,80.01059,169.32178,6.2808375,-51.954086,29.072731,55.51967,6.059251,-28.644205,19.04853,27.899496,4.112327,-18.845385,8.792662,9.722176,4.052362,-8.682824,7.079969,2.1150725,5.260803,0.6936093,3.61497,-3.4096029,3.8813972,5.917423,3.5729856,1352.3121741327448,270.4565041771671,1509.2868397389627,71.75984581219056,0.00026914125,0.00012307936,2815.5537403929816,0.0077691767,0.0045114155,0.06684241770591648,0.03043952860532487
-383.34302,3.8423436,188.75145,4.5662127,-45.90383,3.7548835,61.91021,3.5499272,-21.146385,3.4807327,31.63902,3.1876562,-10.138179,3.0531747,12.294946,3.071064,-4.5668464,2.9421449,1.223545,2.957395,2.4760337,3.014603,-5.3263493,3.1693199,3.151352,3.2878876,1076.6858417947872,61.92322597449984,1372.3899483649436,50.69320316168494,0.00017006412,0.00061546534,2295.5593595925175,0.010060674,0.0009055142,0.04495133048143851,0.006239520337219523
-329.49664,3.9919286,137.51762,4.0976286,-63.06401,3.7695694,88.38928,3.9700325,-52.612484,3.6742306,50.086426,3.4463732,-34.297615,3.1960945,27.732948,3.0539243,-17.644075,3.240571,7.650538,3.247364,-4.0369296,3.0536113,-7.446961,2.9458025,7.934987,3.0251536,2373.8240416353287,83.30484971246773,2108.6710016040524,26.833613839056266,0.0012005577,0.0023324075,4957.283094366299,0.008458693,0.0006330152,0.14864935288573086,0.01398766351003687
-377.32324,5.03319,166.73917,3.9080513,-25.813885,3.7051067,46.198383,3.2868433,-38.52693,3.4408305,37.12854,3.0795555,-24.72373,3.0625196,25.360632,3.2765198,-5.4660535,3.1624494,8.94025,2.925847,-2.8066478,2.8705235,-5.324031,3.1350741,3.025666,3.1422548,1398.6193170009128,76.76586203967794,1776.850622375563,54.43782357216434,0.00023993409,0.00019035139,2981.4992953342517,0.00928367,0.0011366088,0.06644136999709976,0.0078863830690177
-393.79675,3.9001875,201.86166,4.6466565,-47.16108,3.9180393,58.76042,3.5800238,-19.438763,3.3294554,27.430052,2.8992674,-9.4284725,2.9182093,9.360015,2.8017719,-4.401427,2.8810475,-0.023083769,3.1646855,3.7234516,2.8671942,-4.4026113,2.5676982,1.8701988,3.0705266,963.4249844236168,52.16022919389144,1234.959533454472,50.52034987891671,0.00012481853,0.00050641823,1956.8735498839908,0.009974577,0.0007397419,0.04359524543213457,0.005617879640161561
-357.5421,5.8581724,141.88702,5.163024,-88.81237,5.4802685,64.82676,4.184395,-36.257244,3.5928357,40.72517,3.751537,-21.911161,3.3740673,17.722404,3.710181,-13.358454,3.5156746,10.242643,3.0989234,3.5464363,3.1509557,0.3867136,3.3933663,7.9364653,3.5821002,2037.9694378056085,85.7557483647858,1676.5092760420255,42.74895072561044,0.0006690115,0.0010433617,3791.0677951892403,0.0076126666,0.00081659737,0.13259045098607888,0.010616442566439904
-427.4552,6.2604866,190.67358,5.755046,-19.538664,4.3152966,50.022633,5.1313467,-9.29886,4.8153787,32.087135,3.7947555,-4.6498833,3.8471107,11.041877,3.6434402,-2.4524653,3.959418,10.259292,3.8892553,5.0588055,3.4716976,-3.5201583,3.5754206,0.5512111,4.20232,811.0342868867077,83.95005660687195,1244.9928373542373,104.01163511138378,6.745819e-05,9.187104e-05,1558.6092141277552,0.009881821,0.001477325,0.031168430974477957,0.009907565061299077
-391.76242,6.751823,164.53194,4.514981,-20.219193,5.5301185,50.30196,4.5420027,-31.472864,4.089952,34.450836,3.2671762,-24.085157,3.533493,20.956093,3.5358953,-7.2810717,3.475246,9.8768425,3.4179854,4.5926313,3.567601,2.9651883,3.4864895,5.010223,3.2670903,1289.468716419512,97.94998076889217,1728.0862226667482,60.70215540824108,0.00019982796,0.00057728816,2726.2234220925175,0.010111302,0.0017610575,0.05494920062354988,0.005608109439119943
-356.3706,9.488704,163.76883,7.200015,-67.89566,4.5316305,53.91231,7.3934045,-41.55689,6.45141,52.47193,4.0557675,-16.858799,4.832878,18.943455,3.5141041,-17.706982,3.9240727,6.4221897,3.4613466,-3.880076,3.8126173,-6.684929,3.840818,8.952803,7.4199257,1677.5365949587565,127.97482222835961,1696.4844139924369,91.67262600056812,0.00045751856,0.0005499851,3487.0549390044953,0.008618672,0.0011618277,0.0998065001450116,0.010894252762996716
-367.3804,4.562851,138.89377,3.9500425,-24.890934,3.4858043,64.90833,4.1596723,-28.942146,3.3706484,23.545252,3.3533297,-20.593544,3.251794,27.93189,3.278541,-14.0173025,3.278322,-2.122083,3.3339877,14.822903,3.5945263,3.6034062,3.77455,2.5099435,3.254645,1679.4432464361328,101.98092776667528,1916.6545019669984,51.07989443389588,0.00030955562,0.0003068575,3833.659571671984,0.00993725,0.002095748,0.07111686122389792,0.009716742348377364
-354.72836,19.313002,178.7662,11.090417,-66.293564,11.070326,63.547604,7.680612,-34.658035,4.6003356,32.622826,3.864765,-19.519142,5.3213425,16.511269,4.511759,-11.38997,4.3694124,4.210639,3.9043283,4.1730523,3.507134,-4.2412553,3.6086373,4.954888,3.9784396,1445.7306428563218,214.93086902193335,1513.4610138097048,115.8904569791575,0.00033302326,0.00047285398,2923.6194442430397,0.009286361,0.00085120084,0.07795506453016242,0.019988985821186495
-385.3652,4.503707,175.39706,4.406258,-40.420895,3.6474311,49.23768,4.345038,-39.661377,3.9190676,41.127823,3.6281614,-28.60224,3.466079,24.119343,3.393368,-17.489206,3.087134,1.9115828,3.5723164,1.444443,3.419787,7.180686,3.3871164,12.72657,3.09425,1390.2540402586885,65.3115219394615,1691.6174977237854,55.60077669501916,0.0002897921,0.0010020324,2725.299143072071,0.008734607,0.0008421186,0.07095938768851508,0.007301659035692249
-365.47006,5.8149056,164.31068,4.8390226,-48.96081,4.297547,64.92984,4.2317643,-29.93198,3.5950027,50.18358,3.4846752,-15.892778,3.2346451,25.658241,3.0506496,-13.5975895,2.8832626,4.344888,3.161025,-0.0605083,3.0243514,-1.3182676,3.246287,8.459165,3.2326224,1479.180143319823,97.64135002845865,1764.7027609471509,57.74837357811543,0.00036240328,0.00093966967,3320.285027099043,0.009414138,0.0007754358,0.06465364885440836,0.00932798674283341
-405.55792,6.141729,180.60439,5.0060763,-28.402826,3.4522753,61.083595,3.413717,-14.805157,3.6408112,34.23526,3.482166,-9.879052,3.8009229,17.606123,3.3625255,-3.4808977,3.420255,8.326925,3.0847147,2.8524275,3.095491,-5.8800197,3.0031533,0.8674404,3.2097728,976.6012827674475,99.27461178225217,1419.8676988525733,97.31703926084717,0.000106089974,7.444605e-05,2075.3561280996228,0.009971546,0.00094798475,0.03677743438225058,0.011164141249203171
-375.04037,4.4798665,166.0162,4.262423,-29.631802,3.6567123,48.611343,4.22807,-39.585667,3.6544795,39.330055,3.4472742,-25.597858,3.4514308,26.196167,3.2617958,-6.154692,3.4681633,9.262411,3.4399576,-3.9038012,3.1013188,-7.3331547,3.124467,2.6476989,3.4773085,1441.3268149279022,74.7153921969572,1796.1546645468677,57.84143687659445,0.00028333487,0.0006388604,3134.3050998767403,0.009509074,0.001016114,0.07037141096287702,0.007326436118232714
-343.2608,30.540901,156.96669,4.7540326,-62.510323,18.92253,75.77861,6.0505505,-44.66574,5.8221617,44.34317,3.499697,-31.820448,5.5843954,25.663933,3.5690243,-14.031059,3.1099408,7.016236,3.2930365,-1.2839007,3.2059522,-5.665849,3.5644202,7.761623,3.9142609,1859.7229381676782,165.3856490456005,1886.679929557601,80.43352192931627,0.00068113144,0.0010171641,4068.9260531467517,0.008872624,0.0014100623,0.10118297745069606,0.027201571405943054
-394.53357,10.949912,195.08458,5.8163657,-40.92801,5.848578,57.452477,5.2881064,-14.041878,4.43266,24.506876,4.161508,-5.460175,3.4654176,8.6754055,3.2011726,-1.2630441,3.740112,1.0263536,3.2229435,3.5668356,3.0822358,-4.2915797,3.2103782,4.259304,3.7119617,956.0735624427905,107.10479221632171,1248.4127078613715,71.32362869596466,9.7873824e-05,0.00012982474,1983.7525830191416,0.010192598,0.0011156619,0.0403302186049884,0.010767795451878837
-380.32324,3.6222537,190.30305,3.5337908,-47.91791,3.5809965,65.46643,3.638145,-25.49444,3.3761518,33.610157,3.193479,-14.723925,2.7045972,11.970172,3.0272212,-7.76219,2.865486,1.1918947,2.969874,2.9613087,2.972501,-3.3535538,3.1256616,5.237621,2.9904895,1096.6548361706043,53.79446736150986,1393.526578293079,33.34738716176614,0.00016372424,0.00036998498,2339.4251422926336,0.010210872,0.0007588797,0.048606075986078884,0.005591101812024174
-346.14682,6.30457,162.68959,7.1184926,-66.48596,4.7255898,76.5124,4.1230817,-38.72287,4.0599833,40.477005,3.8091474,-17.508009,3.6333878,18.660967,3.5846822,-9.334384,3.250876,8.337876,3.3511264,-0.645568,3.2894034,-6.73853,3.4247994,2.1571364,3.4856832,1690.2901264568072,107.42921079796254,1715.552508957777,46.56979133081435,0.0005994391,0.0023516442,3639.685879948521,0.009144774,0.0010381968,0.08980069968097448,0.011154495662814167
-459.37872,7.9610157,195.85115,5.6596985,-3.0981162,3.886918,45.015198,4.99191,-5.652124,3.789397,22.457598,3.8869722,0.9936869,4.3829145,10.163584,3.787439,-0.5646158,3.451149,3.4993086,4.0982885,5.3260694,3.2346878,0.11935554,3.264555,2.1337469,4.032739,651.0306304726586,70.72773431742078,1093.8275157566254,109.92922354450896,4.084233e-05,0.0001265067,1127.6453854589618,0.010034214,0.0014964754,0.020828424086426916,0.00683541871807501
-350.3407,8.633801,183.99487,6.3819323,-69.22917,6.9348855,60.066124,5.2387667,-41.91071,4.3687973,28.701704,4.692366,-28.727531,3.8928556,19.2664,4.3820176,-8.693744,3.6981943,-1.1977206,3.4628034,-4.917734,3.7454317,-10.043035,3.6542487,3.3362632,3.6353312,1447.6079046063178,92.66219590274814,1503.283073177578,66.12835319810027,0.000367717,0.0008480265,2843.2571304923144,0.009342468,0.0007821789,0.08059926044083526,0.010276163835886436
-381.98047,5.202126,173.09694,4.3663015,-37.94391,3.6606035,48.882614,4.3516216,-38.85398,3.6264467,39.407547,3.7086375,-25.058376,3.375774,25.851963,3.627898,-9.864289,3.1925316,4.5791283,3.1008365,-3.0622835,3.7257783,0.46372133,3.4087298,13.078508,3.1345398,1366.3055232054205,70.21837400376272,1687.3676157164566,54.8701118348137,0.0002405518,0.0003659457,2764.3686670714906,0.009198725,0.0010172154,0.06638699064675174,0.006790076258964347
-387.66385,4.344801,161.67683,4.240045,-27.27898,3.883758,55.48357,3.8399913,-33.023518,3.595559,42.093697,3.3029068,-24.234064,3.47895,23.005375,3.2699482,-6.751097,3.2759466,13.640512,3.5551062,2.5040944,3.0226583,-5.324451,3.0567112,-2.8744414,3.1843486,1390.7142506947607,72.4311225834542,1807.2210371781202,54.95711262081658,0.00021837893,0.00042871266,3153.015504912268,0.009783827,0.0010337305,0.05548279799883991,0.007257359426442439
-391.70047,3.8481631,184.31555,3.8487365,-38.79405,3.3839965,54.263187,3.5484214,-22.980446,3.473111,40.920254,3.2837207,-4.129968,3.33938,16.386911,3.4768782,-9.519916,2.866723,0.46289104,3.291371,0.24622028,3.1225026,1.5425179,3.1312065,7.0354276,3.2716084,1070.6174426949017,64.18893594885625,1423.9841641939754,51.256597427867064,0.00015081532,0.00027719926,2181.3734297962587,0.009610664,0.0008989931,0.045884842662412995,0.008022509687120788
-407.78958,6.4157176,184.57573,5.1193805,-24.369019,3.6130586,53.246582,3.8850443,-16.39736,4.3456564,30.913916,3.8769317,-9.065592,3.6750793,7.6199803,3.591155,-8.878075,3.212707,6.888617,3.5224574,3.996121,2.8779843,-2.2458687,3.0588171,3.2120883,3.7801416,940.1306269720383,103.32168756895062,1359.0579044494048,112.78248126937861,0.000103822655,0.00021406665,1856.2770197397042,0.009802894,0.0011475082,0.0380859375,0.016275720674280594
-434.5283,12.848683,186.71892,7.416403,-13.558508,5.488659,47.96546,5.0183907,-6.720604,5.0664625,27.264511,4.3564105,0.4903216,4.821188,8.923466,4.757103,-0.7741773,4.125197,9.775626,3.9508977,5.7222867,3.877562,-4.2227035,3.9880195,0.50036144,4.175236,791.558392274227,114.71912160954389,1223.954324005708,123.81964096152576,7.901006e-05,0.00031847355,1530.1813891205047,0.009676499,0.0025073455,0.029676397549303943,0.010689083160038521
-380.3576,4.0468287,163.9938,3.8916674,-25.636528,3.5159256,48.288807,3.6973038,-37.899384,3.417069,38.37971,3.3110454,-23.53241,3.1618066,25.855888,3.1118727,-5.167366,3.355307,7.615641,3.4232018,-4.396821,3.2939625,-7.6203914,3.2704694,1.7669835,3.3362346,1412.6311796385805,75.49150171119443,1790.856506253277,54.465668396556175,0.00024947603,0.00038369888,3096.6594651790892,0.009291151,0.0010938589,0.06772494924593968,0.007757943962396819
-392.31323,4.4605627,168.87459,3.8542497,-25.380404,3.46391,46.68849,3.6353452,-34.132877,3.5713263,36.680428,2.7881413,-21.821783,2.9273224,22.312984,3.2447789,-7.2267437,3.2932923,3.0551186,3.4800684,-7.945854,3.1288106,-7.6992702,3.0709937,3.8081446,3.3614452,1288.9159713663073,64.90262681680204,1671.4283965584955,49.95455528537044,0.0002007781,0.00035446062,2588.6057701022332,0.009166671,0.0009316244,0.06048796403712297,0.0070162689493187295
-388.45068,4.372637,173.21161,3.6449409,-35.094067,3.1193705,45.24918,3.6777856,-37.766235,3.4408214,38.73896,3.088474,-25.114668,3.2779884,26.59012,2.9934576,-10.899328,2.9093559,1.078913,3.1510437,-4.413406,3.1152742,4.433189,3.3223448,13.821516,3.3036597,1354.5286642807932,60.647147087185886,1681.019073697297,50.86052605517891,0.00023884054,0.00036589484,2624.302924702726,0.008626581,0.00080990494,0.06961803037993039,0.007733975633170746
-373.54263,4.830811,161.4147,4.503694,-41.63471,3.8231366,61.3517,4.185087,-45.95287,3.7744226,37.91241,3.2376254,-25.535925,3.3587184,32.598965,3.3617516,-10.979303,3.2589092,-3.4624696,3.1575549,-5.291327,3.259302,-5.7501564,3.2388132,6.5122433,3.2450778,1610.4725085387086,83.29808623509157,1848.5917522416723,50.474807843322374,0.00035892826,0.0005552186,3681.9279292343385,0.008742464,0.00077794836,0.07532106474767981,0.007560119889906312
-356.95956,7.12985,152.10954,5.1706233,-47.149937,4.764446,71.75015,4.2658334,-28.476173,3.971904,47.82652,3.59997,-23.205162,3.3088877,25.708502,3.119995,-10.17137,3.168383,9.867712,3.285402,2.8338926,3.147787,-2.7748275,3.3875117,6.5941014,3.2304268,1668.55925030442,140.54218708563909,1912.6022950840131,70.14609313250529,0.00044153156,0.00076412346,3855.792307134571,0.009508875,0.0010090207,0.07104208961716937,0.012496272712947312
-379.60355,6.1675453,162.71796,4.4521294,-28.245684,4.5575495,50.800426,4.4199114,-37.309532,3.7430427,38.78764,3.4628136,-26.733755,3.514864,20.407286,3.3043673,-9.053095,4.301647,11.88093,3.8340895,3.5031798,3.4604704,-1.6347528,3.3687325,0.29258072,3.4569252,1428.424466747405,80.4955212503073,1800.7059363115984,61.5792435907148,0.00024700628,0.00057134335,3177.6213112674013,0.009909699,0.0012830809,0.06232893162703016,0.005684473523670232
-389.50717,4.428534,178.58452,3.8362188,-37.342014,3.38208,46.686623,3.9722478,-39.3987,3.6454008,39.36317,3.7791345,-28.569166,3.190023,24.819038,3.2021918,-14.401594,3.2143953,0.92255,3.5144997,-1.6244335,3.3048012,7.1477103,3.3642673,12.723072,3.2022781,1327.5764717751865,57.46851280120111,1646.6680428253237,45.56205544747376,0.00022479764,0.0003794043,2510.1169949064674,0.00874965,0.0007960224,0.06956591683584687,0.006409334564991878
-391.36346,4.032209,182.7141,4.9996295,-42.641033,3.7083762,55.853474,3.8921618,-23.345982,3.7343829,42.328697,3.4311779,-5.1973224,3.5957978,17.617117,3.2785614,-8.656075,3.3121672,2.5922387,3.233629,1.3967716,2.9738643,1.5536975,3.1283267,6.9809484,3.3222063,1108.3086042599643,74.68559601756021,1453.2488197527305,63.06478319591572,0.00020252324,0.00092811976,2308.3993438225057,0.009503787,0.0009694156,0.04515185433584687,0.008165814418240628
-391.43845,4.8827825,171.80086,3.6867461,-35.169746,3.1198952,44.22021,3.7475014,-38.330173,3.4330232,40.52077,3.0014212,-23.75568,3.2598348,26.460901,3.568954,-9.705101,3.2748318,6.049765,3.2085047,1.9687953,3.0049844,5.053603,3.2127128,10.161219,3.4199197,1359.4727827316608,67.82262099489743,1691.6039927281777,52.13040775114249,0.00022309818,0.00021756091,2665.67065599623,0.008584871,0.0009325942,0.06722080735208817,0.007178534473083262
-376.3689,3.5767725,184.66983,3.6582131,-47.49751,3.350498,64.15204,3.692917,-24.010183,3.2160122,33.900974,2.936219,-12.282403,3.3237927,13.961084,3.1661758,-4.2058268,3.2579188,2.599356,3.2405956,2.564348,3.062127,-5.2620416,2.8250003,2.896216,3.1058228,1145.1724816150604,60.00575549210779,1436.3042419354615,35.69889183541969,0.00018167969,0.0003581903,2478.116956387761,0.009992096,0.0008686782,0.04884511854698376,0.006446472675414911
-379.4114,4.2710395,185.80086,3.2207255,-46.908188,2.9383507,64.39638,2.9607306,-23.103664,3.1400933,34.886425,3.099761,-12.130182,3.0654109,13.949941,3.038177,-4.495252,3.135429,3.2591608,3.3134356,2.4525347,2.777514,-5.96671,2.929108,2.7013164,3.0306947,1120.257060399692,62.08497712868661,1426.05969088744,33.54150588150681,0.00015658897,0.00012842771,2418.713293938515,0.01002063,0.0009861741,0.04750942575406032,0.006747992172082589
-376.445,4.1969934,158.34291,3.8091528,-38.09184,3.2070382,57.481285,3.8863735,-37.74627,3.3719563,33.51641,3.1191008,-26.154879,3.0479715,29.321096,3.1937594,-6.164633,3.2353187,-0.7911867,3.0455809,-4.808896,3.1381698,-10.078271,3.4268148,-2.4173808,2.9310453,1559.9477283954134,78.91339746426063,1807.296449300252,49.57554330463339,0.000298106,0.0002182652,3440.5662023274363,0.008755553,0.000924021,0.07226675790313225,0.007759819322077828
-404.0944,13.11734,189.08632,3.9651687,-34.776726,5.498051,53.12157,3.65811,-19.284119,5.17862,30.999468,3.7599018,-5.2465043,4.973221,17.36744,3.1750424,-4.2410502,3.14784,0.9831623,3.598581,-0.29211608,3.4312239,-4.047043,3.7259905,2.2657769,3.2786298,975.5189298238602,95.60178394507278,1321.3866386452744,58.36130094603474,0.0001055589,0.00010299765,1960.2958803110498,0.009717411,0.0012493621,0.04030416183294663,0.008489886426020951
-384.10587,3.7129657,182.56314,4.483069,-46.59684,3.7220361,56.153614,3.8072026,-27.758558,3.3121493,42.49633,3.5022795,-6.667383,3.0589018,19.819275,3.1730967,-8.938805,3.1289356,1.6967252,3.1719818,-0.59875757,2.9525602,0.3238315,3.149844,6.326919,3.1704917,1167.9727019379989,58.97587043869616,1478.1097825892587,48.564310567503846,0.00021279004,0.00060425705,2429.5548370432134,0.009359612,0.00072065607,0.04967100493039443,0.006797866841925843
-378.54758,4.454546,161.80974,4.819367,-35.52798,4.1974206,62.71991,4.122998,-39.821304,4.1688743,33.318726,3.607188,-19.076897,3.53374,32.489212,3.267423,-11.96742,3.0711586,0.9902726,3.2038634,-3.1259952,3.6952083,-12.305766,3.678187,2.9985595,3.494035,1488.1077310150115,91.21663115647888,1782.7932860865712,56.26341632721658,0.00032660653,0.001163583,3272.472323176479,0.0091308,0.0010111546,0.06867545497389792,0.00839433151504723
-427.46475,6.391475,185.28717,5.5508194,-17.059002,3.4897988,58.698505,4.0070868,-10.251702,4.3495812,32.281597,3.6760676,-6.9172688,3.4652257,10.108138,3.4827852,-4.7570047,3.1940258,9.671891,3.5604174,4.034112,2.874364,-3.1505282,3.2795107,1.694241,3.2214782,830.0389442633985,87.01385865279569,1303.5143826537696,107.4908113290439,7.7447265e-05,0.0001751754,1639.2463135332077,0.00989726,0.0011730023,0.030345943300464036,0.0099067979992514
-347.92203,11.655431,155.03273,7.395451,-64.80748,5.879107,62.82337,6.687222,-49.33581,6.2559834,43.04969,3.3432288,-25.621584,3.972239,15.567145,3.9569895,-17.022049,3.6338553,5.471866,4.335258,-10.1823,3.9589434,-7.5358415,3.7296376,8.662807,4.3045216,1866.8534543860058,157.388023129618,1809.1341587415882,64.2123492611657,0.0006143418,0.0012133612,3909.300568264211,0.008622764,0.00077018375,0.10953473934164733,0.014294333518963429
-387.61298,4.2195926,172.8957,4.3691654,-34.270306,3.7279532,46.702007,4.0432267,-39.417408,3.3164716,43.64011,3.36493,-23.180166,3.6074424,27.441996,3.1985803,-12.4921465,3.3112273,3.1200933,3.329031,-0.4702455,3.1737177,7.0805664,3.4068537,14.092454,3.4819822,1351.9955110332621,70.28828173422495,1712.1253765119463,55.003836095939015,0.00023150064,0.0005121945,2691.050858287413,0.009284548,0.0009355917,0.06509208236658932,0.007622915158004838
-368.84015,6.5545325,159.07253,5.6139264,-41.410233,4.5284853,72.110664,4.342569,-26.560158,3.956819,47.2492,3.5368605,-22.68367,3.5156333,25.235975,3.341651,-10.209266,3.075811,7.928147,3.09177,0.6058831,3.0396225,-5.4797425,2.6979816,4.958637,3.2269049,1494.3585661001705,124.838108551651,1841.9114845152753,75.77034316495534,0.00033448986,0.0006298531,3490.202483776827,0.009615546,0.0008402439,0.05882033062645012,0.010766907649447233
-332.68594,18.424828,132.73557,8.594678,-77.98849,10.215124,79.910675,5.1990185,-58.428852,5.7785606,52.073383,5.8047414,-36.328648,4.3589396,27.420656,4.424066,-19.35699,4.0156,9.398374,4.1258173,-3.9984262,3.177109,-6.8848076,3.5645318,7.6872315,3.4193218,2568.793284967907,239.52367473895478,2062.229292225726,104.68477673150653,0.0016179135,0.0023587672,5064.649343822506,0.0073935967,0.001028051,0.18193064820185614,0.034699954074995806
-378.34756,4.0019145,184.46878,3.2940903,-45.419582,2.9051251,63.197598,3.1109786,-21.937376,3.1632318,33.992035,3.179613,-11.294301,3.2127917,13.330082,3.0799499,-4.0471015,3.1211445,3.0175962,3.2608457,2.5715468,2.7826636,-5.9745502,2.8311791,2.4631188,2.948408,1116.7735684037434,60.811820316949756,1424.7410656723325,34.10377652411877,0.00015218767,0.00012574904,2411.918594112529,0.01009031,0.0009218629,0.046317611658932716,0.007338530952891249
-374.83008,4.0176234,187.60196,3.6350658,-49.34329,3.2201338,62.922775,3.2612247,-25.539211,3.1342905,33.85949,2.959609,-12.987688,2.9513707,13.363581,3.0161088,-6.220419,3.02527,1.9768697,2.9691453,2.1392102,2.9524415,-5.46944,2.9140706,3.0047717,2.96253,1142.1443374828864,55.37027847843185,1417.9908934862863,33.54880254002295,0.00017584766,0.00027516982,2438.6977051914155,0.009919789,0.0007816125,0.05103728610788863,0.006606790545851097
-378.60892,4.8737116,159.91791,4.1836753,-22.933643,3.7441578,49.869236,3.820055,-32.504345,3.2135785,37.329033,3.514415,-21.898338,3.5031922,18.794197,3.3854191,-9.385377,3.4290025,10.606917,3.5556972,5.413022,3.5570812,0.75602096,3.2214656,1.9462343,3.738214,1394.2588210233675,81.30806275427042,1789.3563884530354,55.2387479273271,0.00024351793,0.0004542998,3130.7328863652842,0.009792332,0.0015164919,0.06113032011310905,0.006386605734563557
-388.15503,3.647568,196.48659,4.5767555,-46.635723,3.8481011,58.78434,3.5907638,-19.953161,3.1982176,28.54094,3.2130187,-9.94922,3.1515074,9.8776455,3.07328,-3.9113321,3.1723278,-0.042896703,2.7759037,2.6884527,2.7598248,-5.8668237,2.978939,1.8816085,2.9656167,1015.7965624294011,58.46658388194158,1286.1299659948581,49.61470221219357,0.0001393343,0.00045785666,2084.6238988181553,0.009975627,0.0009112984,0.04396683765951276,0.006229837311532987
-411.8858,6.0545735,185.31367,5.3517656,-22.743155,3.7335365,50.692677,4.2339697,-16.863272,4.0197167,29.428577,4.4631724,-4.335325,4.589403,14.837735,3.7016401,-2.8955708,3.4290297,9.465862,3.8206334,6.09928,2.962087,-0.74638164,3.6446338,1.9323783,4.460209,910.3049768760861,90.83518298582152,1336.2759109065144,109.21954264525634,0.000103960025,0.00030518504,1771.917823738399,0.009806686,0.0010195923,0.03751495432134571,0.013942640919812779
-392.87238,3.5155797,196.24573,3.361321,-42.340782,3.137722,58.141064,3.4185393,-16.739855,3.1215405,27.186033,3.1011446,-8.224418,2.8335247,8.771518,2.8396406,-3.8820133,3.0196452,-1.4209,2.8994052,2.893762,3.0759954,-4.2548537,2.9148965,3.0016754,2.700155,962.6920762598834,48.41452267203937,1259.090336801917,35.38973264948065,0.00010895994,0.00019437277,1977.9071427276683,0.010097101,0.0007880982,0.041633057207076565,0.005308775132474146
-383.47412,3.8835793,182.12805,3.852379,-47.265633,3.137371,56.818188,3.448145,-27.576097,3.5501437,43.734715,3.0738473,-7.1748495,3.4914186,18.582455,3.0481963,-10.796367,3.027097,0.5560649,3.1083362,-0.7681994,3.0167482,1.821935,3.049805,7.9133244,3.0385752,1184.3825370227,67.32835487162353,1487.1002865766409,45.93496379959749,0.00019597949,0.00028506757,2464.3277126232597,0.009302437,0.000892612,0.0521497969837587,0.0075563076279946345
-379.24017,5.167483,167.52005,4.34815,-39.069218,3.43116,60.4144,3.7224896,-23.66978,3.3191838,45.673298,3.324611,-11.059023,3.2057998,22.614443,3.162651,-11.834249,2.979024,3.443049,3.313662,1.4212972,3.03632,0.9127005,2.9492748,8.494042,3.0641026,1283.374309925502,90.32176170786595,1664.2386314426979,65.25107586388202,0.00023316203,0.00038689873,2839.16032618547,0.009681207,0.0009384861,0.049905515878770304,0.007979122897932343
-379.97723,3.972115,160.6357,3.7783825,-18.903301,3.44319,45.11326,3.6324306,-35.497826,3.4976215,32.719505,3.284539,-26.011251,2.8707342,18.529243,3.0254824,-10.533946,3.1386335,9.432735,3.6390555,4.11689,3.4867997,-0.20220207,3.4901419,1.3460335,3.2246225,1402.7733596645521,88.95509135115908,1803.2914203248038,61.112915281316624,0.00021713327,0.00016741733,3073.2027624709976,0.009730359,0.0017642784,0.06334061412412993,0.007231855709630574
-416.07214,7.9558024,187.09117,7.373895,-22.908022,4.2620354,51.646267,4.6138945,-14.159811,4.5425024,31.404202,4.168994,-5.670215,4.844907,10.484413,3.591157,-8.012481,3.32715,7.175101,3.9252868,3.9175105,3.373325,-2.759982,3.5815923,2.208962,4.208421,902.2670198058519,128.57376857947781,1322.0309020923526,138.1496031073413,0.00012927807,0.0007313912,1756.8545737565255,0.009683707,0.0018550846,0.03865352196925754,0.01945620153125468
-407.37692,15.903748,181.63782,10.223252,-27.975113,9.841853,41.577038,8.377111,-7.6128945,6.0494337,18.452127,4.1077733,-4.1869617,3.9962096,11.306513,4.3725452,2.1155717,3.5978315,-1.8629736,4.378757,-1.5945829,4.1048017,-3.2261791,3.8772757,4.969605,3.9183164,963.362215735437,176.55360351293328,1266.9081716152418,110.14017776417161,0.00014723369,0.00051667256,1933.2669640915024,0.009675768,0.0045067044,0.040421983758700694,0.015619209308971673
-371.72644,4.3036127,191.90926,3.4375825,-51.230995,3.1645496,60.900486,3.1427393,-28.7548,3.2947009,33.28128,3.0517993,-15.074952,3.0710623,11.883685,3.1452525,-7.126875,2.905668,1.345318,3.1131864,3.0498836,2.9993525,-3.8572876,3.1430314,3.5171034,3.167097,1141.691252336978,52.12767348074441,1392.4301223747048,32.49998049239838,0.0001724194,0.00015274517,2376.246420026102,0.009928316,0.000735957,0.05259162920533643,0.006314022962358468
-386.87796,4.8976827,170.62018,4.4572544,-38.114048,3.701338,49.404835,4.3187623,-36.725517,3.50238,44.30329,3.1880317,-21.888556,3.6997762,27.991806,3.3548865,-12.928731,2.993134,1.4389874,3.4592085,-1.90323,3.5853407,4.202919,3.1931248,13.0631075,3.3233461,1403.1595605088305,69.19343439447508,1736.7139362998917,47.42454696627801,0.00030053436,0.0005833524,2874.657636673434,0.008240122,0.00070053653,0.06905724332946636,0.007958053034076571
-397.28958,4.1824083,176.02673,4.4733677,-36.28229,3.7923334,46.99877,4.352278,-37.404785,4.0032454,44.01801,3.5431836,-22.441069,3.3567512,28.083754,3.6843517,-12.710333,3.138489,1.5880178,3.3218129,-0.7380997,3.3403916,6.8140607,3.495157,13.332242,3.3478217,1315.0593839679361,74.12603893293556,1671.2613045123317,51.564039589414115,0.00024268757,0.00068974576,2558.229464997825,0.00836818,0.0008619643,0.06384702182424594,0.008098864676474228
-382.62274,4.922785,171.68227,4.3466067,-41.37206,3.914418,48.31669,4.041012,-41.320583,3.9193885,45.745403,3.590228,-23.413733,3.685659,28.853735,3.300448,-11.976818,2.9249697,1.8443286,3.0072854,-2.1705663,3.2191312,3.8493397,2.966064,13.065518,3.3490152,1439.85721737107,70.26978319281265,1740.799793306947,50.31277814287531,0.000322387,0.000959117,2967.9098956822795,0.008535605,0.00077450316,0.07283320946925755,0.007531537467012044
-361.3299,5.773012,163.50186,4.667191,-51.76118,3.7274947,62.89977,3.5540848,-32.988537,3.1928284,50.726074,3.3651772,-15.415637,3.2470381,25.752111,3.2030714,-15.081488,3.1455934,3.8396993,3.1015503,0.42521453,3.0808337,-0.567599,3.0331676,8.730848,2.8689835,1530.4799580827637,101.1140757476193,1771.9556610974619,65.26266725965681,0.00035359108,0.00037462878,3410.7144880184164,0.009354879,0.00077007804,0.07121429089327146,0.009427780813102
-383.95352,4.1409874,167.22365,3.8640816,-28.419859,3.725172,49.397305,3.9773612,-39.079494,3.4561656,39.317944,3.3707488,-24.278381,3.4873989,25.604961,3.283927,-8.011496,3.2451248,6.002676,3.4639635,-6.155243,3.3686872,-8.036043,3.0712337,3.914781,3.1157722,1394.706536004793,69.43923976894277,1765.3853996906105,56.6756961048802,0.00027698698,0.0008468171,2976.9778222882833,0.00908137,0.00095078786,0.06616267582656613,0.007226696817429375
-362.409,5.2254214,145.89136,5.123589,-40.187576,4.3531322,68.14442,4.1522913,-41.15316,3.8290696,30.255161,3.5390413,-20.592012,3.4768798,30.105083,3.53085,-10.917904,3.2866457,9.090412,3.2000916,9.849144,3.241109,-9.842212,3.0113158,-3.2148533,3.4775064,1767.6942226574579,107.64746168924262,1910.7691655593337,48.73956440169597,0.00048566915,0.0014573394,3950.2436308185906,0.009160003,0.0012540688,0.08114531975058005,0.009830527209317775
-396.8304,3.9547217,186.56816,4.288699,-39.2561,3.7560277,55.487602,3.796947,-23.863194,3.1030924,41.298958,3.092032,-3.9204178,3.3903265,17.557964,3.286071,-8.783128,3.227462,0.99194187,3.0657742,0.9424935,2.8068597,2.5358195,3.0737207,6.8378315,3.4228802,1042.6572023923345,64.85809578136664,1407.8938646243757,51.240409429774274,0.000163675,0.00062385044,2127.565402497825,0.009569422,0.0008973011,0.042352450696055685,0.005571800506059984
-387.86014,4.4976616,198.37363,3.6892254,-48.472107,3.1999884,59.14192,3.2253134,-20.304125,3.0254848,29.1382,3.1592474,-8.732521,2.8844185,10.379168,2.8649719,-4.1174893,2.7842493,-0.29244778,3.2238562,2.507222,2.9532678,-4.812624,3.015927,2.607376,3.1244924,1008.9690286205998,51.19849066361758,1274.1140047613453,34.56387710887578,0.00012568355,0.00025193108,2073.757375199391,0.010000348,0.0008268276,0.04552344656322506,0.005339164170399671
-427.62885,6.71757,186.04988,5.8447747,-19.675047,3.8253202,57.131363,4.4443116,-11.145401,4.1995134,34.38867,3.7160215,-2.7712293,3.9582853,13.747763,3.1804857,-5.9932685,3.139752,5.594709,3.6002994,2.8668709,3.2219253,-0.93037105,3.0473511,3.8159049,3.4653075,834.9051642862124,94.67202203842234,1302.3251372276634,115.9409125335655,8.903784e-05,0.00040131633,1634.325152262181,0.009875438,0.0011997543,0.030394658135150812,0.010290080134830744
-373.50363,3.772935,188.93874,3.6128967,-48.909912,3.324454,64.55602,3.7402313,-27.7508,3.327112,33.376945,3.0457706,-15.3377,3.2331889,12.238823,2.949568,-8.108436,2.908619,1.6906532,3.0416555,2.467565,3.142873,-4.2229,2.7354126,3.6966994,2.9947426,1146.7203073756966,56.1196586473418,1421.818846354515,35.57374579293454,0.00018632945,0.00039439122,2446.6415086644433,0.010035957,0.0007212653,0.05070647839327146,0.006919659930857586
-390.88464,4.1080956,158.80699,3.9891448,-22.523481,3.4010315,57.975933,4.518823,-36.858643,3.6955056,37.184647,3.4344165,-20.781748,3.588769,20.871881,3.5710375,-6.258798,3.4905612,15.440697,3.8029785,0.76813763,3.4665961,-5.092506,3.359958,-0.9014101,3.087235,1402.8054590699264,74.94430473158837,1822.4118269329438,54.620760110621895,0.00022050059,0.0004575431,3369.6715034077724,0.009653764,0.0010376561,0.053440173651392114,0.006650227270235687
-395.59894,4.5378876,157.4806,3.9613638,-18.493896,3.6287515,56.71655,3.6445174,-32.95168,3.6321428,39.78115,3.2644658,-23.843079,3.228845,19.417934,3.2682292,-12.108996,2.9668183,7.171151,3.052845,5.8568945,3.284931,7.8803596,3.270202,9.269189,3.1219306,1349.5107117579091,79.64566798479797,1825.2285594539806,58.779989145507884,0.00016657372,0.00026496255,3166.430040965777,0.010555148,0.0013379699,0.049106819170533646,0.006087717993090669
-381.44846,3.7542956,188.52827,3.9155555,-44.47396,3.4467988,62.4298,3.4490533,-20.488232,3.2875412,31.093788,3.406163,-11.193402,3.0747647,10.532485,3.0467458,-4.8646307,3.1562052,0.19385086,3.1020677,1.6856296,2.920725,-5.520825,2.9874768,3.1024492,2.8974018,1069.545616066601,56.02111475906016,1368.9023286310482,39.83800059153276,0.00015659007,0.00037454392,2276.19946119127,0.010102431,0.0008095388,0.045912032337587005,0.00588347825304714
-385.18924,4.6465993,168.5988,3.8948839,-36.208107,3.7290666,46.61651,3.9042094,-37.777763,3.6426766,43.533306,3.4358544,-22.534456,3.3498952,27.358786,3.2825692,-12.639779,3.6303406,0.91987133,3.4696243,-2.8039856,3.3230488,3.8629856,3.0862207,13.566535,3.3831546,1430.716710880285,69.20329562794556,1754.6551699174881,51.956862711144986,0.00028317163,0.00041897074,2948.4001141966355,0.008303852,0.0008887832,0.07299861332656613,0.008439789065778443
-384.82834,3.896307,181.26387,4.1226826,-43.532654,3.9211369,53.966248,3.8818686,-24.854164,3.6259935,40.425896,3.6492846,-5.998792,3.4457197,16.048578,3.6141012,-10.013715,3.1339324,-0.5296728,3.1180108,-0.9895404,3.3772404,0.6767957,3.0018492,5.731666,3.1201634,1152.5726711087593,63.9349323488347,1460.8460770296685,55.718226953225866,0.00019350373,0.0004656378,2377.620348299739,0.009309952,0.00085731,0.05000521135440835,0.007755088449342307
-389.13354,4.50375,175.3922,5.191757,-39.324165,3.725847,45.441715,4.153026,-37.849804,3.8605068,39.560642,3.884413,-27.199617,3.5668416,25.81187,3.2068636,-11.63272,3.4625514,3.015072,3.917036,0.62894624,3.468782,8.017843,3.1200266,13.733537,3.8944178,1355.2351837853946,79.189965806307,1652.1113737323824,66.52009498394456,0.0002516764,0.00060368836,2570.844624601218,0.00881358,0.0009640177,0.07055720707656613,0.007631393255988688
-365.65503,6.360158,149.55124,5.003708,-31.767036,5.1531525,66.26754,6.0105844,-40.093647,3.9271998,36.473274,3.8094952,-22.233736,3.781924,28.151949,3.9288428,-19.93822,3.4582782,0.74415845,3.753168,5.4003367,4.0808525,-2.798154,3.9961455,6.839801,3.6775804,1700.4248480659296,111.54542086448264,1971.8077851181022,43.94152462566319,0.0004312701,0.00093159504,4053.438134425754,0.009044714,0.0010388654,0.07385508809454756,0.011521473131859016
-373.13028,6.5978613,189.48727,6.816122,-48.477196,3.5031836,65.92874,3.9886012,-29.724188,4.206993,33.479187,4.357699,-18.45361,4.372033,12.772095,3.7953146,-9.270446,3.2775085,3.012634,3.3543994,2.8692963,2.933186,-4.026052,2.499233,4.822984,2.803497,1159.4703786934112,97.89704914366051,1442.9440579459977,101.683109209268,0.00019372384,0.0003614186,2484.7367926152842,0.010009663,0.0007257087,0.05285672853828306,0.0063554918597104135
-385.57452,3.9400926,189.92119,3.4356036,-46.516933,3.0178626,61.72275,3.330798,-20.84391,3.3784487,32.116344,3.1575148,-10.409228,2.9044793,12.827053,2.7871845,-4.0252156,2.8477254,1.554607,2.9854703,3.4353764,2.9167387,-3.8062227,2.703511,3.9373477,2.9838176,1056.4210590392652,52.13490778178154,1360.5811978155327,34.360524774690845,0.0001338634,0.00018775453,2247.7466556699537,0.010146588,0.0008992433,0.044704357598607886,0.006565760799348553
-378.93588,4.0436053,162.07054,3.7535737,-27.045923,3.4234762,48.593323,3.6618457,-38.24246,3.621667,36.950005,2.8953183,-24.718092,3.0090716,25.484955,3.1087239,-4.0141187,3.398427,10.852365,3.709093,-1.7455404,3.4428968,-7.4364047,3.341959,0.65534574,3.3690639,1446.321920546506,80.2285373815508,1806.8946717552737,53.968425713943326,0.00026188392,0.00036833464,3206.248980387181,0.009282564,0.0011380566,0.06753122281032482,0.006532257569093569
-383.7052,4.258001,173.82794,3.8968577,-37.417187,3.4381144,45.604073,3.7148373,-38.068863,3.6371334,40.356754,3.302038,-26.033937,3.2702253,24.042208,3.152904,-15.090797,3.3197007,1.2619275,3.5856676,-1.4555663,3.2602758,6.0430956,3.2629104,13.146634,3.7365878,1377.31693632598,57.77826854187849,1683.176519031236,46.780832986831676,0.0002548249,0.00046873122,2652.730749709977,0.008812705,0.0007874766,0.07271538754350348,0.0075528324641392615
-378.74326,3.4127774,187.96222,3.62218,-47.732597,3.4192429,65.52246,3.4926333,-25.982557,3.193882,32.814125,2.9684188,-14.260701,3.223138,12.754443,3.2257833,-6.779442,3.043676,1.951247,2.880954,1.6743402,2.9596493,-5.419888,2.9138818,4.103719,2.7422142,1127.3981687834535,54.76269386497587,1417.8446263501453,34.10073881765787,0.00016561276,0.00023209627,2430.878804288718,0.009987718,0.0008066691,0.04848258954466357,0.006372625334171894
-382.9828,3.5820916,189.66362,3.696141,-47.07273,3.0893795,63.099625,3.1675785,-21.804815,3.088969,32.300858,2.9755208,-10.04969,3.1084964,11.498804,3.148057,-6.027232,3.0389593,0.5272236,2.9701786,2.35239,3.1115012,-5.421115,2.9544842,3.190697,2.957911,1074.3846189138778,55.23647226417213,1367.9265022665938,36.9731198383958,0.00014427156,0.0002450854,2292.087068137326,0.010094479,0.00083256175,0.04528666980858469,0.006378537009441764
-385.1495,3.9141474,190.89793,3.3738236,-47.23192,2.9122043,64.75498,3.197055,-21.68691,3.2722297,33.618156,2.9400287,-12.002375,2.8227634,12.325095,2.9160466,-5.008041,3.0294306,1.8306273,2.9182487,2.404418,2.9519467,-5.703613,2.976655,2.723133,2.9717073,1067.6588106434303,60.051173032448105,1369.7487817620556,36.35566243330304,0.00013539392,0.00011755685,2276.7989935288574,0.010080304,0.00090539467,0.04507141821345707,0.005432566199993368
-381.40744,4.941382,169.3508,4.0287557,-36.708763,4.0931334,48.605423,4.820253,-39.68516,3.6235905,44.284744,3.9696553,-22.560638,3.51659,29.663351,3.4056768,-9.298484,3.3518476,4.238147,3.1612127,-5.826847,3.4354668,-3.3643332,3.3283427,8.761082,3.3269775,1433.7025282661773,72.6790819733909,1768.9059639643617,57.302755210063864,0.0002684843,0.00035467622,3023.391617423144,0.008849413,0.0009100671,0.0696361568300464,0.008319322326466856
-347.4229,24.802134,140.49487,18.12083,-61.644257,8.727542,63.909557,11.46361,-34.96034,5.0690413,25.849464,4.098865,-24.474112,4.5249634,19.034613,5.2155385,-16.955643,4.4877276,-2.3217204,4.4084845,3.6987712,4.9157825,-6.156879,4.302261,-1.1149098,4.634692,1948.127578563333,290.33084956175236,1773.403017303211,141.59207891312963,0.0007608136,0.0014400018,3845.9000235643853,0.007913101,0.0030288778,0.12622466828596288,0.031512068514537084
-381.24695,4.5592985,158.43524,4.010085,-24.251495,3.5951571,55.466007,3.13639,-36.7961,2.9901652,37.08175,3.3739502,-23.441801,3.4288712,22.021004,3.0772905,-6.0568695,3.0540776,15.298417,3.7056816,2.6500123,3.666282,-2.7437985,3.4025726,-0.057355292,3.3836203,1446.5157593259432,76.21017972662779,1843.6659358121021,56.73317523839354,0.00023977272,0.0003843985,3431.173529038573,0.009764131,0.0010850717,0.059673406685034805,0.006996612181000481
-388.1239,4.6609373,174.93605,4.008822,-37.224514,3.3331506,48.323666,3.7684498,-38.080498,3.330116,40.082855,3.2607288,-28.345703,3.222454,24.41346,3.1038265,-14.716682,2.8166323,0.8944555,3.1792805,-1.7647314,3.3911128,7.0838404,3.4510221,14.393535,3.7989848,1367.823360687724,65.24411319967989,1687.6515671419133,51.500932172398855,0.0002476032,0.0003088336,2667.1445063261312,0.008514667,0.000833246,0.06959084070475638,0.007786525397204791
-375.29782,3.744347,187.93347,4.214284,-48.934902,3.969361,65.83921,3.754852,-26.480108,3.783249,34.227722,3.277164,-14.12589,2.8338213,12.902162,2.9825833,-7.4734306,3.2455113,1.5159266,3.2485862,1.3178916,2.9430752,-5.451172,2.8350036,3.7582753,2.889243,1144.7274661367937,57.300665892999675,1427.9958126329266,44.465050021419756,0.00019936547,0.0007124966,2465.4518357562356,0.010066291,0.0007997892,0.0500063442575406,0.006109527801250343
-385.5667,4.2725515,191.79568,5.402772,-45.277817,4.173925,62.863144,3.913648,-21.977459,3.4830627,31.570816,3.107851,-11.1534395,3.2006137,11.057105,3.0424573,-5.3932657,2.705429,1.8219508,2.880526,3.3770661,2.7885287,-4.4047346,2.9144678,3.3410323,2.8862953,1049.8483354891016,64.97017323022303,1352.2715614415079,71.05006414874576,0.00020559857,0.0013970945,2217.7950193046695,0.01003625,0.00068176223,0.04439507504350348,0.005965163929797316
-383.12296,3.931944,189.21288,5.1894097,-46.913235,3.7474465,62.208454,4.075265,-20.480818,3.2530646,32.610935,3.2983487,-10.060247,3.1589482,11.259644,3.0954924,-5.730106,2.9138687,0.8032709,3.1395009,2.980316,2.8950996,-4.510443,3.0290852,2.6124148,3.017302,1075.9249546922451,71.16256481532785,1367.6453969767356,63.07045554972698,0.00023252831,0.0016608761,2289.489094674449,0.01004812,0.00094022305,0.04549399108178654,0.0061316169299884425
-377.3765,3.478329,185.78918,3.8143127,-49.133278,3.8125894,64.56693,3.7368598,-24.34148,3.2934983,35.696632,3.328495,-12.380785,3.077765,14.679356,3.086524,-6.3876524,3.1209052,1.4236517,2.9738984,1.906911,2.9224808,-4.7548437,2.951782,3.6569014,2.697474,1146.4809642588139,55.00414326650104,1436.4142329356268,41.60703044478046,0.00018364379,0.0004338909,2471.522100674304,0.009933489,0.0007890726,0.04900599079176334,0.006333034097404431
-388.9599,5.9105263,155.19794,4.3580565,-21.760605,3.8452027,53.736504,4.0369673,-33.191193,3.6630447,33.352196,4.1742444,-21.233557,3.440042,20.659655,3.6075351,-11.39701,4.0112667,10.272456,3.83743,5.7797003,3.9342453,-5.9674287,3.1890447,-2.7189033,3.281703,1415.415869681556,82.9229956704393,1806.1819587603475,58.85507336275888,0.0001996106,0.0002385451,3212.1443817067866,0.009894591,0.0015385612,0.05965188152552204,0.006976587844925877
-433.37247,7.0417643,193.50967,5.471922,-13.076954,3.6292193,57.6993,4.2117076,-11.0968075,4.4417567,28.606491,4.299208,-9.572231,4.534381,10.77535,3.7399063,-5.972522,3.258445,3.3683324,3.189673,-1.2693148,3.4075477,-6.6428366,3.333261,2.7775455,3.9363492,775.4174059323282,84.13682961423449,1228.9009018348129,121.01355694049202,5.325937e-05,1.5387232e-05,1433.0071894032772,0.010007157,0.0008681823,0.03042637942285383,0.009589706953196792
-397.70096,3.6215441,183.58667,3.5949519,-37.431458,3.4220002,55.436684,3.375727,-21.53689,3.5598936,40.246906,3.0349493,-3.0724053,3.3139853,17.186869,3.312054,-7.70062,3.259746,1.0145868,3.243918,1.1187305,3.0363498,2.394236,3.0454252,6.8085012,3.1095326,1041.3782366702249,66.4099836586772,1416.2960986722344,46.33144152716259,0.00013056675,0.00015256474,2155.9182859628772,0.009655877,0.0010190805,0.040363072795823664,0.006275049716683282
-348.50012,16.679007,170.59883,5.9357805,-61.12983,8.811149,69.434525,3.9939685,-39.40649,4.499602,41.81955,4.487229,-27.190111,4.0226774,18.601393,4.040395,-14.205676,3.9658875,3.7411542,3.3892412,-3.2624905,3.8191056,-9.3157015,3.18568,6.052792,3.6783972,1581.8186633968062,129.5722718936492,1710.5522476727788,92.1668681313118,0.0004457886,0.0008087778,3411.7886501232597,0.009307651,0.0011870341,0.08073634171983758,0.015662514171211218
-377.61157,3.6465402,186.84924,3.33173,-48.325813,3.1003184,63.9332,3.2054853,-24.627533,3.0249715,35.044037,3.0948815,-12.440194,3.0702438,14.349079,2.7562754,-5.0122247,2.7501926,2.841964,2.904285,2.7180898,2.667444,-5.537745,2.7992034,2.3603895,2.970231,1126.8401102004188,54.00278136840847,1424.0352339594792,31.88214131356988,0.00017013954,0.00030045383,2428.1309477414443,0.010031057,0.0008024093,0.047979580553944315,0.0059420308131619545
-455.54242,7.0836926,200.28027,6.058373,-8.24692,4.8194895,44.877903,5.059194,-5.315935,4.232303,22.777288,3.922033,2.2325351,3.914239,13.175029,3.9694238,0.9901442,3.5436778,3.2592528,3.7689064,4.443328,3.7618957,-1.3517675,3.7586884,1.2207172,4.267897,651.6749790785867,81.14541005627315,1062.6069170592448,96.72989303871934,4.4096978e-05,0.00013277541,1144.3573493691995,0.0099336,0.00168905,0.02415576058584687,0.006273514286475077
-362.71506,7.201856,155.28581,5.1183157,-49.414383,5.090755,76.78774,4.1089435,-27.336998,3.7243025,50.70495,3.7149818,-25.050312,3.2646608,26.108206,3.1570978,-12.290684,3.2925627,8.621316,3.2384906,0.3436322,3.0168996,-5.3655014,3.0196276,5.652792,3.2645755,1629.0034991750185,123.7306057041431,1894.9161272913302,62.81986656661771,0.0004262292,0.0009866853,3764.9881385042054,0.009541845,0.000794203,0.06997489486658932,0.012409121436524855
-377.71838,4.3769035,165.29216,4.047183,-30.65139,3.7140365,51.787758,3.923781,-40.75302,3.9430687,40.9396,3.203121,-25.782583,3.1492555,24.64029,3.3060317,-6.811189,3.2832756,9.474778,3.5051425,-3.887337,3.2279377,-7.496598,3.2261624,1.7451385,3.2429461,1451.5838649051984,70.24917569191894,1805.0992161041777,54.82836397704617,0.0002976003,0.00097063335,3248.2662050464037,0.009479772,0.0009761167,0.06917733106148492,0.00708487275874958
-407.9288,9.835379,178.97289,7.116515,-23.543325,5.2871633,59.670124,5.16379,-15.254578,4.279835,34.33144,4.13768,-12.677699,4.153752,17.308083,3.8346276,-2.595545,3.7380683,4.3478127,3.425463,0.110877156,3.2159557,-9.698061,3.045609,-0.056510013,3.0803533,985.2863624357879,120.46788939006353,1437.3714345018088,119.87311522453379,0.0001258186,0.0003641217,2058.494281104988,0.009903027,0.0008526809,0.03556862674013921,0.007829283798904709
-393.74298,4.1851416,183.69354,3.5585806,-37.448032,2.9406016,55.00919,3.3559654,-21.931934,3.1404176,40.311893,2.9048913,-4.437526,3.3563604,16.250252,3.2601402,-8.696035,3.377911,0.5626608,3.3376296,0.33217287,3.1800315,1.2757815,3.136014,6.326765,3.2367134,1057.2242014774572,64.66344914901471,1422.0985967601237,48.358004579409766,0.00013318192,0.00010318201,2168.683328650667,0.009667238,0.0009643348,0.042727441632830626,0.006807057685506342
-378.20575,4.118795,161.6466,4.25456,-31.602861,3.601696,58.542454,4.0554447,-44.38886,3.5688722,31.621271,3.4239712,-15.456959,3.5162985,25.4182,3.3213012,-13.966308,3.1408072,18.797518,3.6896267,-7.220044,3.227591,-14.091068,3.281995,7.037479,3.306874,1527.616219932122,76.61753979637481,1824.4760493686895,49.9268718434831,0.0003003302,0.0006481806,3457.078322125145,0.009035683,0.0009842794,0.07458467771171694,0.008572752036123628
-419.33493,9.544488,188.99721,5.596215,-24.03066,5.191022,61.145103,4.086714,-17.473833,4.124589,33.5067,4.310427,-12.377001,4.09855,18.210354,3.937704,-3.0432596,3.3163424,4.8797445,3.3205233,1.5184283,3.1165502,-8.007029,3.4138248,1.9211341,3.6095994,886.9246938016488,92.09649720546021,1344.2783135963305,102.28274583328299,8.863867e-05,0.0001330373,1774.8405438841357,0.009880601,0.00087669474,0.032901772766821345,0.00939786599051652
-388.42966,4.402205,171.97421,4.6507487,-37.649574,3.5770314,46.099262,3.7814846,-37.02693,3.829694,41.845127,3.8322968,-22.383158,3.8531935,27.964525,3.1567788,-10.375665,3.2256694,2.7317955,3.3097696,-2.9343343,3.4819803,4.593644,3.2553062,13.45117,3.6026993,1376.7841717568201,73.90921715814457,1701.2425576972958,55.404858484147404,0.0002890675,0.0007683886,2735.4162512688513,0.0083317105,0.0008945385,0.069322342662413,0.00790141078438197
-385.9338,4.353795,157.35843,4.214497,-29.204477,3.569139,64.09217,4.0063868,-34.6883,3.3421502,34.45012,3.4693406,-26.797953,3.3876488,29.41677,3.1306913,-9.152551,3.4599314,3.8822117,3.3523483,9.594749,3.4722102,-6.608746,3.3354142,-8.03709,3.3828213,1494.07074419707,88.1310646737034,1843.7527045795134,54.366544358060295,0.00024599812,0.0003796583,3393.278089200261,0.009418742,0.00094994425,0.059293884135730855,0.007671017363615693
-390.5013,4.613706,169.83363,4.4611397,-34.50523,3.9853435,44.331486,3.5930068,-36.418007,3.7303789,43.101753,3.3448312,-22.647549,3.6558118,25.12012,3.4791822,-14.721029,3.3150551,1.6994762,3.293405,-2.294923,3.3519697,5.7411,3.05627,13.643499,3.511167,1405.3173188857002,75.87256024669507,1740.1868283661706,53.94224226480967,0.0002887874,0.000570851,2825.271160364704,0.007947322,0.0009106916,0.07033289225638051,0.0075070622237843904
-420.69766,7.8854723,190.99179,7.0310163,-25.421886,4.0771947,53.17076,4.9586554,-12.326318,5.200218,30.852205,5.0726595,-5.389918,4.747912,15.151832,4.4489493,-2.8937902,4.174892,8.200758,3.8368824,5.812828,3.8078623,-0.87288296,4.2904954,-0.03868868,3.930046,865.7020929435372,113.76478139853289,1277.8372737930085,141.07558645325238,0.000101192956,0.0005634417,1709.8912073122099,0.009850883,0.0011066631,0.03650667053364269,0.01647948202135356
-395.46298,3.873177,184.59634,3.8810258,-37.884457,3.5990171,55.454014,3.6892292,-22.60182,3.7531285,41.36977,3.3894873,-4.4086423,3.632245,17.865646,3.4055798,-8.29166,3.218097,1.5020195,3.407375,0.7537049,3.1935477,1.4815614,3.1698487,6.4258957,3.2750823,1050.6513961254934,63.177219794262214,1423.9871605551616,50.483063371533824,0.00013966933,0.00020968348,2153.8449032953886,0.009696158,0.0008746978,0.04288378226508121,0.0068421635666387655
-449.2338,11.946209,197.45447,6.5867276,-7.9794874,5.8478217,43.252693,5.3086047,-5.38563,4.705519,22.57403,4.1253114,1.0613706,4.9151497,12.042002,4.0598164,0.9217933,3.7921453,3.471508,3.745437,3.2447093,3.6907609,-1.8207614,3.6107705,2.63694,3.8008828,677.2530941979505,91.07527327162421,1092.4758850020833,110.63529397162732,4.7249276e-05,0.00014634102,1200.7383696164443,0.009914059,0.0017340567,0.024307569605568447,0.006699992763824498
-380.01212,5.1290727,170.24287,4.7443843,-35.802155,3.9338381,45.783924,4.0439363,-39.111588,3.9624672,36.397762,4.031448,-26.13975,3.6607473,23.940826,3.1620116,-12.155093,3.3074415,3.2649863,3.4716759,2.0765173,3.5591297,8.041391,3.8605366,14.290327,4.075879,1400.4936367163946,75.33417035832326,1700.2187568846737,63.95711498100052,0.00027693686,0.0006687189,2799.291425735934,0.008969958,0.0011794589,0.07219085339327146,0.006554183894723834
-387.5421,3.56582,191.84259,3.88218,-45.880985,3.9723005,62.06576,3.559273,-21.165459,3.2624714,32.68982,2.9377546,-10.031454,2.9312534,10.808974,2.8787134,-6.2980704,2.840545,0.8853147,3.0287952,3.560707,2.9736671,-3.5857399,2.7224715,3.6252854,3.1796594,1044.1234103858342,53.82189931231414,1344.9462932461906,40.39934363923522,0.00013670672,0.00022950083,2193.389057062065,0.009964934,0.000818459,0.04490148274361949,0.005812323940716041
-448.4113,9.435854,196.74686,5.4151874,-12.243328,4.1664243,46.906483,5.107377,-7.4502826,4.8034434,26.482084,3.5101712,0.33373794,4.133247,16.016603,4.213853,2.749099,3.5735714,3.2997253,3.8682764,5.587216,3.3953593,-1.6623342,3.9047966,0.23391177,3.9451084,694.2092631594488,71.6852240812198,1119.9169159637363,80.20221751672014,4.2362073e-05,4.3302163e-05,1259.1927725311775,0.009939523,0.0013884954,0.02501450116009281,0.005830047205429161
-376.6862,3.4695067,186.10463,3.4630458,-48.622124,3.7453887,64.58352,3.3636725,-24.898603,3.405532,34.549507,3.279072,-13.060674,3.0728796,14.012972,3.0723526,-5.091541,3.0151205,2.4966276,2.8184783,1.9819025,3.042673,-5.806741,2.6787896,3.0010715,2.594123,1144.783849512459,57.03514217259324,1433.22490518394,34.963700772534985,0.00017491294,0.0002715124,2469.8484062318735,0.009944258,0.00077594194,0.04897200369779582,0.006744514987019209
-388.29453,5.9955235,197.25977,5.362279,-46.071495,3.7271569,59.78204,3.8338661,-20.672157,3.587008,28.355179,3.2109723,-11.020152,3.4956038,8.226688,3.4507852,-5.848144,3.2318146,-0.2823257,3.0794513,3.3103628,2.987033,-4.4970565,2.767205,2.3477147,2.8447263,1010.2109309789498,78.52596257230789,1282.5773207327645,69.93912561080221,0.00013046044,0.00036290858,2069.160960611224,0.010034386,0.0007075073,0.04506348789153132,0.0058744019637325924
-377.8463,4.5195913,158.46614,3.9889345,-25.196873,3.6624734,49.268818,4.0296335,-36.058804,3.506478,35.654293,3.3801315,-22.043852,3.4251528,24.399837,3.3627238,-3.6023962,3.3375537,12.150702,3.3454576,-0.6212648,3.0025005,-8.557661,3.0822818,-3.6135514,3.6511424,1451.7878039497498,80.12302743046972,1807.3033015355536,56.53126972287513,0.00025330685,0.00045003247,3268.650304524362,0.009822062,0.0016019435,0.06804216212296983,0.006390176245528691
-388.87872,3.7370205,197.98918,4.6696234,-48.541817,4.0743623,59.303852,3.4957469,-19.15735,3.5034552,28.684269,3.045983,-8.090725,3.1580737,9.395708,3.1861677,-4.0368376,3.0180385,-0.6693879,3.0493314,2.1635413,2.828117,-6.0124755,3.054358,0.84461755,3.123876,1005.8411787275169,55.769974829799665,1269.7545215906332,54.64755030988496,0.00014744342,0.00070263364,2072.5083494960845,0.009959448,0.0009226511,0.04506235498839907,0.006489655796496705
-385.6574,5.7299786,176.64592,4.8847747,-38.67821,3.743326,55.867096,4.347634,-25.742632,3.718326,40.214508,3.5993423,-12.534293,3.5512972,21.201153,3.4314837,-10.989956,3.2958784,0.7895601,3.5464609,-1.9800649,3.321474,-4.0356026,3.3875446,5.5221233,3.2428105,1194.9919735376343,84.02117215737537,1550.5931470925193,70.04125047136793,0.00018848559,0.00022749303,2511.3410400957077,0.009520783,0.0011257731,0.04793992894431554,0.008005605935897912
-407.44464,17.690527,188.23468,11.011477,-52.056538,6.187367,54.049267,6.146129,-17.145313,7.308054,39.667034,5.126824,-10.273011,5.686052,19.531445,4.499462,-1.2687354,3.275231,6.8551707,3.1479962,2.230352,3.3608198,-7.114583,3.6016552,-1.518532,3.8201153,1128.2401962131207,212.68667838434132,1344.3856275574199,154.92172040678807,0.00015120214,0.00030592264,2200.2586984302493,0.008617764,0.00074517686,0.06385608504930394,0.012685125730879234
-385.8435,3.8735905,190.45428,3.162755,-46.096424,2.8261683,61.534077,2.990585,-20.202438,3.1037881,32.003212,2.9723792,-9.125058,2.9270465,11.808836,3.0523353,-4.719013,2.8976624,1.365969,2.9262795,3.6468773,2.958038,-3.9174144,2.8883924,3.5804718,3.1939642,1051.2960075384672,51.02839475591799,1351.060222678267,32.108064560800585,0.00012859558,0.00014698232,2230.285276337732,0.010096289,0.00082148815,0.04368247897331787,0.005656818926287623
-381.93842,4.6529884,170.39326,3.900005,-40.068726,3.3225317,48.505264,3.6576824,-39.379234,3.4442902,44.84852,3.512137,-23.886972,3.4545703,28.164839,3.1507757,-13.569367,2.8604333,2.1944532,3.361467,-2.182989,3.4136684,4.217826,3.1169188,14.268992,3.531406,1444.2009884233419,76.20902255825938,1755.6795261143056,52.44604299852021,0.00027324795,0.00018635129,2978.151906449391,0.008549709,0.00089664554,0.07239704176334107,0.008263772088737043
-379.83005,3.7165246,163.817,3.6887543,-24.32513,3.4158795,40.885643,3.7195015,-32.056816,3.648999,32.15802,3.4182303,-22.230904,3.1676378,24.173126,3.291793,-4.2848234,3.5189772,8.428703,3.538759,-2.7685294,3.22773,-6.057934,3.2129083,2.874037,3.804288,1353.3250414318795,65.7899094280088,1718.0303829964882,53.17755462811264,0.00022566578,0.0005057496,2731.6192131308003,0.009534476,0.0013641797,0.0669704357598608,0.006689626559751208
-385.57535,4.2501965,162.2507,3.6778653,-25.719269,3.1039422,48.982502,3.5701222,-38.078197,3.3944545,38.18458,2.9888732,-25.692602,3.145333,24.193552,2.8252637,-6.650328,3.3215587,9.972811,3.2728636,-4.0802555,3.151103,-8.931868,2.9546454,-0.7345069,3.1312199,1440.2159448171135,75.28463308117915,1809.554099320199,54.95167632226887,0.00023768822,0.00040195967,3165.9304306844547,0.009433124,0.0011922403,0.06913654654872389,0.006882476134415919
-338.88962,13.646124,155.71481,6.295587,-86.93933,9.834452,63.261265,7.3365,-44.18574,5.043107,32.287407,4.247245,-32.148506,3.4644477,20.42005,3.4865382,-11.684287,3.4842916,8.363273,5.2409806,1.1210765,3.6594567,-6.715057,3.2460985,2.7471228,4.045897,1933.69386410233,113.07792593416914,1665.8242337609636,76.72962876422758,0.00072535203,0.0006739675,3664.1418032192573,0.008002577,0.0013102952,0.12810528748549885,0.01623538256893205
-422.4702,5.9976106,186.11081,5.5827146,-21.52708,3.7401803,59.898766,4.2456684,-14.276227,4.7373943,34.126522,3.9964938,-7.13476,3.8420339,12.042878,3.3249002,-5.7603154,3.1933453,9.313991,3.1318755,2.7984095,3.2827537,-4.959662,3.2606516,3.4079776,3.933773,870.6618711313846,100.36275403624106,1335.8108769738567,122.77950007676104,8.5414526e-05,0.00018403384,1743.1402715342228,0.009828245,0.0009486017,0.0338817339762181,0.01328165557065495
-384.82755,4.178336,186.60716,3.5319533,-44.589474,3.0182834,60.6596,3.0887685,-18.44156,3.3415928,30.682655,3.342818,-8.133917,2.9654877,11.954652,2.9369202,-3.5582058,3.0793939,1.2904586,3.152739,2.8797562,3.0291889,-4.7396884,2.988857,3.751569,2.9649954,1060.8249324669903,57.923670862417794,1365.4642222180742,34.18552536069065,0.00012637208,7.0505965e-05,2272.927013848608,0.010056146,0.0009163023,0.044046140878770304,0.00651561459949882
-392.69672,3.9085736,185.45258,3.9171805,-40.621094,3.5418277,54.53631,3.6494777,-23.902159,3.3048122,42.208862,3.2918093,-4.193042,3.2981603,16.985178,3.1677115,-10.143115,3.1382027,-0.046318073,3.2445736,0.13990936,3.165374,2.0325284,3.134124,7.47127,3.3024988,1073.7210780724452,60.202273971783406,1419.3434319299038,45.8787920040693,0.00014653197,0.00019075607,2172.655230387181,0.009574937,0.0008868441,0.04596074717227378,0.007297091427324745
-372.93555,7.48277,122.19415,6.709828,-76.39128,5.453353,62.1157,5.588751,-34.09011,5.1141973,49.569042,5.240057,-17.891893,4.9031677,22.888414,4.8118024,-19.178293,4.7727675,5.2869306,4.300576,5.9560375,5.0870113,-1.2379401,4.836338,9.756353,4.5948224,2112.8079287058267,131.7904722045415,1834.6738529085087,66.64248738993045,0.0003565414,0.0007622317,4210.565567901682,0.008093832,0.0013804649,0.13373808185904873,0.010921955578251706
-374.07504,4.819467,152.02422,3.9752493,-23.29014,4.014503,52.297245,4.390625,-35.632362,3.6263769,32.408596,3.7853854,-21.711708,3.4214773,18.551073,3.2458735,-13.506016,3.9282067,10.399643,3.6497066,8.542419,3.531845,-3.248525,3.584519,2.3563538,3.5587864,1526.5966477371671,90.63744737876782,1858.2994874719686,56.846337074295235,0.00026732433,0.00036562738,3500.319591973608,0.009886789,0.0020452072,0.06677217771171694,0.006777053619173155
-381.44888,3.6616852,189.34984,4.534375,-42.70952,3.9039414,59.423565,3.7977903,-22.323782,3.8281121,28.960571,3.077677,-10.273725,3.1176276,11.879445,2.8697362,-4.197944,3.049282,2.623005,3.1821656,4.062601,2.82864,-2.5922167,3.1583366,4.921444,3.0114396,1052.9155023154117,66.35420136422276,1360.653564498891,50.279000587322315,0.00016619441,0.00056641485,2219.8184409440255,0.010125968,0.0009471259,0.0450136401537123,0.0060899068513502385
-377.9659,3.7115228,188.95045,4.3436995,-49.912273,3.8355985,64.212746,3.6038556,-25.599072,3.7939713,36.038757,3.194118,-13.256581,3.1107244,13.521932,3.101921,-7.279246,2.8627632,1.809357,3.1286387,2.222176,2.926138,-5.0039988,2.8347876,3.0685537,3.0506206,1129.2138475835388,60.56485005251781,1415.493294151325,42.69956076982622,0.00018944565,0.00052586,2409.745289388776,0.009952306,0.00081284385,0.049443291400812064,0.00622951467625468
-377.1451,16.255093,170.6704,8.386767,-33.428947,6.7854996,61.10653,4.530189,-16.474072,4.970737,24.256086,4.9375296,-17.000202,4.573173,16.497786,3.7122915,-0.5686951,3.8980708,-0.78902256,3.7039237,0.7608644,3.4899423,0.10351566,3.4723153,8.201028,3.3269737,1171.0067098132604,144.98440281626785,1505.0348554772272,98.7829027502355,0.00018590021,0.0002932734,2525.38008900087,0.009981333,0.002564253,0.05117889899941996,0.010672420019374577
-404.83453,19.37161,161.55083,7.7537103,-17.067026,9.366155,56.303776,5.6530147,-18.261879,4.91148,37.317795,4.369952,-9.644479,4.107714,21.971724,3.9339767,-3.448194,3.6303408,5.701859,3.9723597,1.3984282,3.6555965,-5.5683107,3.5776958,2.578668,3.8878589,1145.375991505235,155.6925449709939,1641.9871128053849,114.60468058279552,0.0001448372,7.325369e-05,2559.8781789261893,0.009547521,0.0021666877,0.03812445620649652,0.010393392137819433
-367.83585,4.8216367,158.40733,4.054047,-36.09784,3.5740125,55.03915,3.8675485,-39.557903,3.4088645,36.14951,3.07258,-20.572937,3.1460903,29.9152,3.3916638,-7.8023415,3.222545,7.9500985,3.256068,-2.5718255,3.2281,-10.946599,3.551681,-2.638634,3.342217,1556.0194878652394,83.97051459354326,1833.1826867331579,49.68707564506233,0.00032089773,0.00039985974,3491.551431536398,0.009290618,0.0010822524,0.07433317321635731,0.00740564973578598
-382.1892,3.468049,190.34093,4.1225495,-44.31579,3.426924,61.380928,3.555686,-24.044046,3.3999732,29.776972,3.2375948,-12.693498,3.131206,12.094458,3.0031962,-4.32186,3.0074372,3.5230336,3.2244577,3.7373652,3.035351,-2.8729098,3.105392,5.645713,2.9953628,1066.0320585423083,57.54807306314007,1371.4159799797048,42.34886701739942,0.0001575607,0.00037332438,2254.6912385803366,0.01006222,0.00087952864,0.04510427240429234,0.005681493056155083
-401.50204,29.407421,198.12053,6.481584,-71.38531,23.177645,58.47682,6.3700757,-13.759367,6.856937,29.080376,3.9947205,-11.5003605,4.5850544,11.183002,3.3757703,-2.408093,3.3053892,1.1789007,4.003134,-0.52658606,4.1643205,-6.8757987,3.5574386,3.44659,3.521406,1183.7224957575474,212.8767530013317,1227.6118111295896,54.50917391740067,0.00017119772,0.00065070495,2238.703709578016,0.008204541,0.0015364239,0.07598041437064965,0.03333403987700682
-347.08493,22.872616,170.18718,8.891643,-75.32399,10.456488,71.62791,5.0956097,-44.35633,6.1592417,39.107353,5.0346336,-19.748558,4.4291544,18.505713,4.681682,-14.67112,4.020477,6.286432,3.3565326,-3.9804375,3.5523703,-3.6659706,3.7623768,6.8109083,3.5386162,1695.8154222817632,199.37494908063314,1648.1050421444345,67.66721184538322,0.00051337114,0.00080848235,3491.4265289660675,0.00875926,0.0013485518,0.10240537993039443,0.02278516522746772
-368.40387,20.748205,186.1849,8.956185,-52.6255,10.563225,58.13263,5.6948853,-28.39489,6.4195957,32.009373,5.038142,-16.707897,6.2554083,16.025738,4.6022124,-4.041815,4.3380847,-1.0053442,3.7360823,-3.702896,3.9800622,-2.6972034,4.32814,8.053652,3.7015228,1228.724919377398,184.11957687267,1436.3987428740634,119.23374061756903,0.00022521641,0.00048348279,2500.024867223753,0.0097430255,0.0015247826,0.061685442647911835,0.01638600363021403
-386.52625,4.3597107,171.65573,4.2262173,-37.374588,3.6364684,45.555813,4.1689076,-40.543396,3.4465158,44.922245,3.968522,-24.139626,3.4965389,28.159946,3.5437555,-13.337757,3.0312715,1.4514832,3.3520787,-3.2031848,3.2639506,5.133321,3.2315218,14.060198,3.447004,1423.5007528479862,70.58177818751899,1748.4957170867847,52.93328842441745,0.0002619047,0.0003144541,2873.3586499419953,0.008514659,0.00087179843,0.0726508120649652,0.008166302120599466
-379.71097,3.483317,188.07872,3.8755174,-46.004105,3.8054328,63.754295,3.7423954,-24.677574,3.421758,32.94631,3.207795,-13.663214,2.9981508,11.145254,3.075444,-6.967099,2.9237142,1.1964369,3.0612202,2.9024224,2.9373279,-3.4892185,2.7423303,4.6718783,2.6505985,1102.508997151198,57.089444855000686,1402.4227160952057,39.7814100378227,0.00015813275,0.0002885931,2356.911502138921,0.0101017635,0.0007826093,0.048355704393851506,0.0058490539066294285
-382.93127,6.807674,164.60974,4.0805054,-31.383896,4.3710294,44.233093,4.5937304,-33.32484,3.335534,36.36196,3.397571,-22.207674,3.2075837,23.88199,3.4854434,-5.698435,3.013582,4.9293017,3.1862612,-5.6271605,3.4713929,-7.1443768,3.2054806,6.1608415,3.329679,1391.8610899438954,75.20558169195942,1709.561138481919,58.60456587020662,0.00024040391,0.00026237994,2832.6903730423433,0.00894104,0.0012673091,0.07020147549303944,0.007097556658938543
-384.0216,3.5810256,192.55257,3.9046633,-47.826736,3.1540666,62.57794,3.6432416,-23.036873,3.3817625,33.208935,3.2144406,-12.114908,3.0142186,10.896146,2.9579365,-7.298838,2.9644783,-0.45140192,3.1436262,3.160532,2.8336442,-3.4928632,2.8500485,3.6204987,2.8614435,1069.7580487584828,53.10197316473067,1354.3146863060797,38.2331701814494,0.00014809171,0.0003192951,2243.89965650377,0.010047691,0.0008221161,0.045595952363689095,0.0056422529633982305
-329.48492,3.5239398,137.00418,3.7672331,-61.064476,3.4488072,87.60097,2.998547,-52.342632,3.236301,50.96754,3.304574,-33.34647,3.055684,27.74971,3.1971233,-16.593838,2.8313687,7.0972366,3.041546,-3.9052672,2.980384,-6.772084,3.2273514,8.127216,3.0127485,2369.099930937074,88.14825067796176,2120.1126307574737,24.56207742211843,0.0011085293,0.001105455,4987.959165639501,0.008511536,0.00059151184,0.14416985390081208,0.014562745103255456
-385.6374,3.6492548,188.97476,4.530132,-44.42795,3.7979047,60.977993,4.1175447,-18.672571,3.4090476,31.518276,3.2145665,-9.111176,3.2091396,11.351721,3.0227807,-3.77012,2.717915,0.7379481,2.9195676,2.7694335,3.167746,-4.0957823,2.950587,2.9971843,2.8071961,1046.5260473612864,60.74331722091087,1354.331187623758,53.81006415783032,0.00016818364,0.00077791756,2221.8418625833815,0.010135072,0.00080965937,0.04342191125290023,0.006007829212030097
-436.88635,11.459424,186.32312,7.950589,-12.282078,4.054292,45.129204,5.154809,-2.3311923,4.8072505,27.085466,5.2853565,-0.3090536,4.9077096,6.769877,4.830228,2.5969546,4.7433476,8.751265,5.149492,5.282332,4.4584794,-2.9047585,4.3401136,-0.09888232,5.3610787,775.6575286427757,106.28427701573426,1196.3125143187215,122.50015384295531,5.7251247e-05,4.801638e-05,1510.1969778676043,0.009613636,0.0027602776,0.031242069678074247,0.011063475733170298
-386.4319,4.229652,161.00896,4.1119714,-26.16146,3.1141455,59.257385,3.428435,-37.659454,3.5244982,40.621284,2.7971709,-24.957521,3.2825608,23.749859,3.0313728,-8.8635235,3.2715383,14.307949,3.7051334,2.50965,3.495769,-4.739059,3.29529,-0.76236254,3.3449223,1442.1307747399653,72.32761404299495,1857.5509308516216,51.61333952223764,0.00024258789,0.0004296935,3417.78397349913,0.009498567,0.000889593,0.05627469728828306,0.00641009186590575
-377.70224,3.7620022,181.12933,3.7066278,-37.5175,3.2446098,54.762516,3.5140567,-13.755642,3.0575373,25.800362,3.146632,-5.7853456,3.033077,7.4397163,3.1147487,-3.1972792,3.1586804,-0.98635644,2.6926086,2.66264,3.118654,-4.913138,3.1385708,1.8373829,3.0807838,1066.8888079096826,65.35155060902538,1361.4777201861168,40.81519293179987,0.00015420465,0.00036071142,2263.784145700406,0.010022957,0.0013621572,0.045405624637471,0.0060524670996034155
-369.08084,5.3920074,163.40541,4.354978,-43.135086,3.5528343,62.79258,3.7982426,-26.424417,3.541677,46.96509,3.4211762,-13.704217,3.3969994,24.11992,2.9970973,-12.009551,3.0645542,4.317087,3.535343,1.1182188,3.4134278,0.27226338,3.158649,8.935167,3.1925514,1407.9076091035174,101.20608208872697,1741.0768312868383,63.98458780358141,0.00027660053,0.00021608263,3179.69469393489,0.009553625,0.0009076834,0.0583898274361949,0.009460258205292024
-394.342,5.080706,180.28563,3.9934006,-35.726006,3.89582,48.450527,3.4362764,-36.607002,3.5570586,42.098408,3.2509356,-25.96455,3.353068,25.684084,3.495301,-13.667335,3.3511841,0.6300162,3.6398067,-0.29968596,3.8671618,6.7915287,3.684188,13.265612,3.7783675,1271.9639301818252,66.60718987982393,1623.6058909987962,49.233953305202874,0.00019357051,0.0001467111,2409.920152987239,0.008781415,0.0008522108,0.06349355604698376,0.008211248140468919
-389.37854,4.7540264,179.07967,4.166175,-36.877407,3.1628733,46.283478,3.189696,-37.69395,3.5214162,39.295113,3.4041154,-26.670565,3.3467648,25.893131,3.217764,-13.124269,3.068153,2.5010774,3.622487,0.31808478,3.342552,7.0061483,3.1866286,12.274497,3.4506228,1302.57616427781,63.72841569663859,1629.7087881091732,55.85515154894474,0.0002059934,0.00024225343,2458.582194388051,0.008913363,0.0009613573,0.06720381380510441,0.007023296253909705
-385.78183,3.6526423,191.00848,3.244738,-45.279747,3.092264,62.52247,3.0691142,-21.272436,3.2254205,31.244078,3.2221763,-11.891914,3.078045,10.683402,3.237241,-5.7391896,2.9213827,1.0557348,3.093707,2.771588,3.0948818,-4.276816,2.8714414,4.034928,3.0349386,1054.0152168404156,52.52555482872823,1352.1999053718266,33.7455730691302,0.00013016393,0.00013418704,2221.691979498985,0.010075624,0.0007643586,0.044245531830046404,0.005927242435971398
-389.15945,4.667956,176.02495,3.6977563,-35.145645,3.4776227,45.209705,3.6769848,-38.149788,3.5030336,36.763474,3.2956138,-27.423883,3.4302895,24.505844,3.573299,-14.17499,3.085066,2.4576328,3.3447816,2.703176,3.1955886,9.023342,3.0662246,12.721585,3.3821537,1317.6834378536453,59.66157557105469,1638.2251488876955,47.8941656785538,0.00019088035,0.00023228448,2515.862513141676,0.009195641,0.0008196331,0.06772494924593968,0.006358600671986317
-388.26773,3.4968789,197.14496,4.2522526,-46.533405,3.3992817,58.765144,3.7164688,-20.750847,3.3132205,28.25997,3.126402,-9.88119,3.0602057,9.980075,2.9449923,-4.1730533,2.855074,0.3465797,3.0210264,3.0465665,2.9144132,-5.3127527,3.113722,2.4182234,3.1962988,1012.4073814744625,57.91775926815908,1282.6066923513085,44.47604135014977,0.00013556109,0.00041538445,2072.8330961789443,0.009907544,0.000914911,0.04448570729408353,0.006149534699723782
-355.1635,26.923185,170.41331,18.335094,-59.68564,7.7230396,64.31265,11.370093,-27.294859,8.546813,31.805563,6.3321643,-22.868,6.918495,25.716316,7.752624,-11.099292,6.765705,6.597551,4.9181576,-0.73116547,3.5843208,-3.2630444,4.1386003,2.7582753,4.2337446,1540.823436020478,307.6028515115969,1646.7625507856696,245.11446646564366,0.0004624381,0.0013087415,3089.8897458671695,0.009235255,0.0016563734,0.08293643960266821,0.02357533004808241
-386.69925,5.3933597,170.31761,4.437954,-27.527702,3.360592,44.829937,4.189103,-36.18508,3.5161557,36.366585,3.4819014,-22.320889,3.4677567,26.023352,3.5739162,-5.5530696,3.440271,4.9683557,3.2851572,-4.10488,3.3974771,-3.0970907,3.5320985,8.913462,3.2492301,1308.8969417483906,72.33131904606327,1676.3155353053628,61.0013119135503,0.00021626614,0.00041704523,2602.6697995214618,0.009293796,0.0009796686,0.06508301914153132,0.007625338120986519
-384.22632,4.3164725,173.6407,3.7395976,-38.94966,3.7038667,47.929913,3.4954214,-40.131054,3.104941,39.294704,2.8897223,-29.43179,3.1655512,23.72073,3.1746454,-14.6147995,3.108406,3.497797,3.0722823,2.5974612,3.0541632,8.930047,3.2018104,15.141531,3.600431,1386.6480437179616,65.92323759820607,1684.5587584344369,51.301958752437386,0.00021483356,7.4050455e-05,2708.4372960774363,0.00912704,0.00089915213,0.0713966882975638,0.006502077609955329
-340.87485,19.119173,161.50832,13.919881,-58.87813,9.656851,59.72196,8.54667,-41.758484,5.5927095,36.752068,5.8756514,-25.16805,6.127086,22.073313,3.9156997,-9.660367,3.333911,1.4898802,3.9968195,-0.67641187,3.3313546,-4.3546844,3.5515168,3.7005732,3.6465116,1706.618223672336,301.354019471081,1739.2492528571963,162.94136197599556,0.00066732283,0.0027090558,3576.710003987819,0.00908514,0.001349857,0.09444673542633411,0.026336050445804084
-382.11945,3.9650452,190.94762,4.4173284,-46.09133,4.209508,61.490093,3.58801,-21.878113,3.533416,31.832947,3.6360307,-11.99509,3.2123325,10.643709,3.2380686,-5.844185,3.1112194,-0.23599748,3.1369276,1.8598841,2.8583877,-5.3116894,2.9422045,2.1824026,2.8471882,1069.1532613188058,55.660951129684214,1356.219237759409,52.393842378896736,0.00016850783,0.0006583642,2239.9027742531903,0.010077517,0.0007518276,0.04638671875,0.006218987722938701
-392.05615,4.002765,201.80807,4.347888,-47.165295,3.7663531,57.065907,4.0290227,-18.974094,3.3643074,25.716795,3.2362115,-8.74464,3.0671906,7.4390264,2.937209,-4.597268,3.0325525,0.031742148,3.241495,3.8626063,2.8405018,-5.1810565,3.0556064,0.70878726,3.068049,970.3500334139675,52.88123598303065,1225.6259240417266,43.93099243021981,0.0001249704,0.0004165494,1953.7260051116589,0.009987576,0.0008654166,0.04423080408932715,0.005669885116443304
-381.51218,3.7496006,188.95685,3.7585254,-45.967094,3.4098794,62.08111,3.3635356,-20.502474,3.5469818,31.5864,3.2078533,-11.746739,2.9770856,10.500392,3.0661147,-5.4454923,3.1421614,0.9494585,2.9491994,2.2787495,2.95968,-5.878303,3.0333893,3.0088549,3.218901,1076.0512257394723,56.59229076383667,1367.9922190615796,38.29783250013576,0.00015254703,0.00029426534,2277.4484868945765,0.010020816,0.0007722783,0.04642750326276102,0.0060902345643078105
-348.91556,3.6189413,156.10231,3.955694,-48.411324,3.5092483,74.81611,3.6439407,-37.71966,3.2877166,46.62351,3.015968,-27.328932,3.113306,26.150835,3.1429029,-14.427977,3.077327,8.371737,3.0217211,-1.4306638,2.824229,-4.927375,2.7862334,6.1770077,2.8709605,1733.3005396912934,74.53509555357228,1947.2017616083513,34.30836310875086,0.0005724857,0.0014492754,4019.6644794083527,0.009251196,0.000693708,0.07984021534222738,0.010017331934724243
-391.9805,3.7553043,201.25645,4.851867,-47.43018,3.7011383,58.0176,3.9562895,-19.07803,3.345337,28.529718,3.112462,-9.13821,3.2579246,8.442011,3.1244483,-5.0744176,2.6722615,-0.9935325,3.0598364,3.1813817,3.040777,-4.2669034,3.0149937,2.257158,2.9315562,975.0761033676824,57.619219230322635,1239.7404773676767,57.69876403544987,0.00013642923,0.00068644685,1969.3638069170534,0.009982681,0.0007524014,0.043936249274941996,0.004908002850200123
-384.0189,4.598596,173.3328,3.9479172,-39.428814,3.5182946,48.364037,3.8465877,-39.290733,3.828284,38.90943,3.495176,-27.227982,3.198113,25.148876,3.1927023,-13.574876,3.1317844,2.3890638,3.2886627,-0.599407,3.1767917,6.9647646,3.1759827,14.886335,3.5279436,1394.6035750012336,67.45474016168103,1688.445401780473,47.63620485299706,0.0002457173,0.0002708483,2736.915082112819,0.008828614,0.0008338426,0.07338606619779582,0.007939540988126752
-494.13892,74.895424,168.57462,26.035276,-40.741394,18.857609,56.148384,15.572824,-14.225491,17.92922,37.127407,10.977494,-8.578911,14.308354,15.954594,9.851705,-3.0841827,7.9913406,3.1608315,6.5425363,-0.47291866,5.2312813,-5.1789317,3.3556495,-1.3569033,5.5005755,1293.092923077569,753.5069650926844,1434.5904231292893,327.56457646129945,0.00040400343,0.0006768548,2490.482310850493,0.004559753,0.0026595094,0.075692656975058,0.07196030505310984
-365.62506,9.631147,153.4421,5.062203,-31.248835,6.4029574,55.10815,4.9443583,-36.556374,3.560519,41.32151,3.6947005,-22.831673,3.754297,20.895617,3.5934246,-10.270719,3.5809271,5.1829886,3.0360622,-0.2679769,2.963077,1.0070254,3.2522552,9.21764,3.3233318,1589.8251424594982,120.0591547091507,1908.5180185097615,57.02116848596311,0.00040131604,0.00122845,3818.621302204176,0.009461782,0.0013950949,0.06600180358178655,0.010532492393882344
-382.1981,4.8905134,160.8399,3.880194,-18.59893,3.158684,51.001728,3.6803384,-34.459568,3.6840863,36.242252,3.5528743,-26.621443,3.1562366,18.363699,3.1011155,-9.412473,3.381582,9.660818,3.5706315,3.4055374,3.1543684,1.5573384,3.2507427,5.0911694,3.243805,1375.58843371041,81.73199721111084,1815.257907231054,60.5781119407381,0.00020524075,0.0002856319,3112.4721305829466,0.010289424,0.0016934456,0.05661683403422274,0.005823198140435043
-392.33542,5.473028,173.81856,5.066173,-32.220173,3.4651859,54.14415,3.9541311,-20.661097,3.6755059,40.710728,3.7459428,-6.2887764,3.5226552,20.027348,3.749213,-9.639854,3.3631666,0.8753822,3.33764,0.52691996,2.9882343,-0.7255907,3.0989122,5.90899,3.0802567,1124.1804232591203,79.86053389441327,1524.0979018375745,67.94668856975639,0.00016579863,0.00038641357,2375.5469656322507,0.0096046915,0.0010495771,0.0439521099187935,0.007290870085452959
-407.183,7.5999804,189.42957,4.368349,-34.78515,4.0621257,48.28511,3.913223,-19.207565,3.9331124,34.217236,3.7545176,-2.1458201,3.6670184,15.752964,4.0856647,-5.770314,3.3954065,-1.0190711,3.6846383,-1.328932,3.643575,-2.9149055,3.5969172,3.6953166,3.5666275,971.3156043230177,63.70133683749386,1312.773868216844,50.800298496904176,0.000111996305,0.00025285428,1873.213808276537,0.009530376,0.0014492531,0.03865238906612529,0.006834883559741158
-384.41153,24.885101,186.2608,16.589752,-42.350452,7.52339,58.46188,8.182051,-19.224445,8.186068,27.763327,6.73915,-8.743023,6.079179,12.571602,6.294556,-1.697488,3.760877,3.598268,5.017688,3.106218,3.7868056,-3.8526325,3.2382307,4.8325977,3.5152047,1097.0055904895148,279.0046202965241,1367.998527319781,225.2482734374797,0.0001842345,0.0005922923,2322.413412213602,0.010074928,0.0011800119,0.047864024434454755,0.01682952224641219
-388.86267,5.055831,173.83667,4.5871515,-31.974424,3.5744863,45.264034,3.5121171,-35.87914,3.4144626,39.567646,3.2404375,-25.046068,3.5609157,27.219316,3.741882,-10.205898,3.2502286,3.5968988,3.3021681,-5.8736186,3.5252411,-0.3417798,3.3744118,13.987089,3.69649,1315.6115171930983,77.22453445761295,1684.2708599492546,61.010338855807724,0.0002139827,0.0003038762,2554.6072904582365,0.009047584,0.0011903283,0.06385042053364269,0.006914599255491581
-376.636,3.3966722,187.34393,4.0241556,-47.313774,3.9332588,65.293434,3.5914948,-25.918299,3.4978168,33.69107,3.2476122,-14.996613,3.0027332,13.550753,3.1664324,-6.004895,3.0155308,2.2830567,3.1906579,1.8505687,3.0585926,-5.2817755,2.926295,3.319823,2.9451458,1133.6701468391338,57.580045259975456,1430.6611016416105,43.218149684713346,0.00018912295,0.0005496593,2439.047432388341,0.010069334,0.00077477266,0.048700106946055685,0.006624512127540551
-380.5362,4.1081095,168.00015,3.7087445,-31.80101,3.010153,49.088562,3.391717,-39.357407,3.5867853,38.306404,3.2687194,-25.205414,3.0575628,25.938162,3.1906052,-7.2143507,3.6503758,7.8157516,3.4938796,-3.995776,3.3620882,-6.1600304,3.265711,3.6332176,3.2308488,1411.6224272081022,66.30449434815989,1759.64095977538,47.23669722942505,0.000256385,0.00047307348,2996.7623894286544,0.009112644,0.0009118413,0.0679492640661253,0.007115624695459499
-339.31793,6.591463,164.33879,4.968576,-78.80276,5.7073913,60.80343,4.4856186,-49.5088,4.491651,31.604202,3.9148586,-28.850613,3.4790595,22.918062,3.3944638,-11.507174,3.4386022,8.806308,3.4486475,-1.7093891,3.091019,-5.430986,3.7338767,3.4670534,3.4738116,1796.7194327549455,74.1758982361086,1675.577667578668,53.33344024592782,0.0006887919,0.001950986,3558.19944306482,0.008468887,0.0007655217,0.10883007359338748,0.010221789386504037
-330.0939,12.088352,140.57481,9.371031,-63.60932,4.233558,83.921585,3.8683999,-52.176025,4.0602503,46.816277,4.8820505,-34.640766,4.737288,26.485775,3.6330023,-17.12378,3.2471263,7.0468125,3.1323044,-3.2253232,3.1314342,-7.612939,3.6458235,8.008187,3.2860386,2286.154148009749,161.88124056033712,2060.8216460426797,55.32892570298245,0.0011470945,0.0018496253,4809.673236749565,0.008446763,0.0014113062,0.14028739486658934,0.01885492183966253
-349.57196,8.256575,151.56921,5.397722,-50.75766,4.9360313,71.80897,4.1262093,-30.38331,3.9424794,48.294117,3.6553645,-24.358456,3.3386993,26.473726,3.378732,-10.757371,3.3609395,10.168918,3.2192264,2.5368137,3.2338133,-3.76009,3.118792,6.3641505,3.3103077,1736.7784915109225,136.25214115120457,1926.9590337504178,68.04316844763078,0.0005104615,0.00085929106,3955.7143633990718,0.009438416,0.0007837059,0.0796838747099768,0.013122527649466666
-404.64603,5.21319,188.7087,4.104894,-34.729958,3.086547,52.76171,3.8425112,-20.655262,3.5620267,38.015625,3.402669,-3.3176763,3.4342368,15.965524,3.09687,-6.9934945,3.1533313,0.5245187,3.397326,0.5091885,3.3921087,0.35079277,3.3569734,4.8065524,3.5936074,976.8189516265957,56.662872407717884,1349.509990831219,45.11910702271044,0.00011314911,0.00016710078,1925.7977903857309,0.009607116,0.00093315315,0.03882345743909513,0.005788407995499023
-375.56787,3.666447,185.78784,3.7664146,-48.263897,3.4147115,62.747982,3.5678904,-24.62847,3.2794755,33.516346,2.9634364,-12.323763,2.992519,13.474183,2.9684463,-5.083842,2.8842564,1.7688093,2.9416661,1.5535488,3.0333562,-5.639826,3.0044541,3.172348,3.0754445,1144.6229151041575,58.76961788186867,1425.5768512904206,36.44336773365705,0.0001739705,0.00024383375,2454.5103705952724,0.009926439,0.0008154343,0.050886609991299306,0.006614465585587008
-392.206,3.8782182,198.94754,3.360162,-46.946526,3.284212,60.612843,3.1582143,-20.728855,3.3143535,29.335905,3.0794775,-11.648911,2.9772906,9.225387,2.9114766,-5.362991,3.111076,0.06629901,2.896884,3.5427632,2.7854052,-3.9124467,2.975231,4.3401623,3.1863933,993.1525499651226,53.74471733476341,1272.3125774476432,33.042720416201334,0.000109341454,8.2926366e-05,2026.0196128190255,0.009927716,0.0008064522,0.0441379060324826,0.005355206862612011
-385.97055,3.8992937,198.09006,3.080538,-44.142536,3.0847778,54.38528,3.3743193,-23.300951,3.1190658,28.546017,3.0965552,-8.455655,3.150517,9.872346,3.1050217,-3.7467866,3.0030959,0.70939386,3.1368659,2.1859689,2.9357097,-5.873206,3.1018357,4.0659122,3.0709193,998.6968297802986,52.76524182404683,1269.3267473017158,31.173725374362945,0.00010866169,7.0202725e-05,1966.466067285383,0.010194704,0.0009092673,0.044190019576566125,0.005725279064983125
-381.009,3.8793314,139.96979,4.0397305,-22.624798,3.9387424,68.94255,3.7718945,-34.223522,3.3491352,56.604073,3.1907856,-18.988205,3.1996143,29.679993,3.0914,-12.986008,3.1632967,7.397728,3.3559208,-3.233514,3.014452,-0.2792251,3.086318,4.544542,3.1190007,1795.8482969311804,101.8723405325519,2202.4480571836116,47.144867843169436,0.00040066667,0.0012151625,4679.974407718242,0.009302529,0.0009320426,0.06271638449825986,0.010607150417333575
-378.8536,3.5345774,186.61487,4.074208,-48.581013,3.7747684,64.97039,3.5475397,-24.506594,3.3054645,35.321453,3.3100698,-13.126637,2.975512,13.741066,3.0372229,-5.5450907,3.172219,2.1770859,2.9636185,1.6568261,3.1479163,-5.6188664,3.015019,3.3585248,3.0780528,1132.3896093330861,60.017441211218234,1429.0251224148292,43.18040335116802,0.00018090854,0.00044785722,2443.7187885187063,0.009980589,0.0007945229,0.04894594692575406,0.006332819879354634
-425.02835,6.417438,185.85533,5.139391,-20.563654,4.328264,58.60139,4.328096,-10.324562,3.9742255,33.75788,3.8681085,-8.738494,3.755248,8.776305,3.1958804,-3.9934394,3.2115097,10.95809,3.3717237,4.4141607,2.991568,-3.922076,3.354873,1.573545,3.394604,855.1455271122159,84.35002516615876,1313.4843836334526,107.9287689699508,8.2732346e-05,0.0002003565,1697.4509113072795,0.009876681,0.0010053028,0.03199205155162413,0.012476953878875466
-338.8127,20.671732,161.04182,9.664673,-81.55063,10.441313,66.39974,6.0099106,-43.53435,8.061456,35.194645,5.1073494,-24.22783,5.169985,20.696579,5.6941576,-12.156608,4.257817,1.165969,3.683223,-1.2041187,3.8571362,-5.1320443,3.3738399,3.222248,4.3446355,1841.4397274947207,220.7885925164978,1651.1179521918202,100.29307417356026,0.00064562715,0.0012835156,3631.6921154473607,0.0084106,0.0010214805,0.11982489849187936,0.025118374967214422
-375.69092,3.9351614,184.78915,3.6174326,-47.327763,3.1665215,63.21101,3.1115324,-23.782557,3.1534195,33.620525,3.1763496,-12.354841,3.1222064,13.138619,2.8074102,-5.0988765,2.9712336,1.6341414,2.998881,1.8966925,2.8667989,-5.641207,2.9437385,2.8050637,2.95686,1147.8907796622805,59.13859019430603,1432.194226658399,34.98906949697417,0.00017510036,0.00023887445,2471.6470032446346,0.009929897,0.00082800107,0.049246166255800465,0.005401190031117469
-370.65176,4.6029644,190.30115,4.356045,-49.246433,3.2650063,58.274563,3.5137782,-31.185692,3.24927,29.031813,3.220494,-12.241277,3.382652,12.652088,3.0856543,-7.0635047,3.0877404,4.1699104,2.8623807,2.9431858,3.1884692,-10.34779,2.7833772,-0.029847944,3.0503278,1157.2934643471453,61.11294178827457,1388.3238253136096,44.56557405816147,0.00018876394,0.00043616563,2424.5837147440543,0.009959332,0.0008346574,0.05482911289153132,0.006355396540234973
-382.87195,5.4695926,170.84392,4.5459714,-37.937134,3.9546483,62.874382,4.125591,-24.193645,3.9401264,45.399136,3.7736232,-12.494111,3.7048028,23.143148,3.127407,-11.597814,2.9246325,2.7532246,3.120762,-1.0113338,3.0587492,-2.4040556,3.109195,6.072991,3.2514548,1245.5778058792216,87.22527181408681,1644.3373566659573,68.4700388862931,0.00021626895,0.00032907663,2756.4248635984627,0.009578904,0.00083399523,0.04778698702146172,0.007336235102011286
-389.74356,4.6953073,173.9268,4.552975,-39.85012,4.4832015,50.36397,4.2990513,-39.733444,4.121103,40.26657,3.7698324,-28.454086,3.4892704,25.212797,3.3209488,-14.5885725,2.9854326,4.124314,3.5139658,1.5981861,3.1290302,6.8060536,3.3257608,13.808381,3.687588,1393.045575352043,71.06935593135552,1703.36778501831,53.4714440405086,0.00027841274,0.00069200044,2773.586476761891,0.00858583,0.0008008089,0.06913088203306264,0.007431362530005209
-377.51447,9.226553,191.20302,8.469338,-50.339184,4.77419,64.2094,5.397132,-24.644093,4.499832,34.246582,4.528112,-17.275599,3.833794,11.603928,3.1852636,-4.64,3.498442,4.19189,3.5064356,1.1086057,2.9833212,-6.0463786,3.0384972,5.4492803,3.259703,1127.6788447629717,121.19540557649808,1397.6977910967485,109.3832522714205,0.00021761158,0.0010325438,2348.742874039298,0.0100343665,0.00093412364,0.0528261401537123,0.008646666722568593
-379.72223,4.6688414,158.07483,3.4910645,-25.548223,3.853136,47.200127,3.647491,-34.1344,3.443109,36.65961,3.579516,-21.59117,3.1250803,23.684124,3.2198455,-4.040029,3.3031855,10.9632635,3.209781,1.4629047,3.1968029,-5.90197,3.0130203,-1.4923909,3.3316433,1439.0111991316344,73.4630506706825,1803.2072343722352,53.24303378426328,0.00023703315,0.00025158952,3196.081911162268,0.009523981,0.001273392,0.06666568481728538,0.006650928388971327
-389.25546,4.128065,198.22812,3.7215545,-49.413483,3.396102,59.74141,3.0849283,-19.78613,3.451463,30.987633,2.9676826,-8.428451,2.7497034,10.296567,2.8965452,-4.8661284,3.0372097,-0.29964375,3.125696,3.1189382,3.2440507,-4.8229885,3.0992756,2.4439967,3.0939672,1009.3787414110506,49.620942271474135,1277.618922653863,38.52264611209355,0.00012276242,0.00028309456,2073.732394685325,0.009992442,0.0007700076,0.04425572795823666,0.005999584591528264
-386.63235,3.7968776,188.65569,3.525938,-36.37439,3.3093574,51.002884,3.527939,-14.020906,3.28358,23.349848,2.9583702,-3.9911494,2.929257,7.7961335,3.1709626,-0.092159726,3.1428266,-0.9801789,3.110837,3.2670004,2.8519118,-4.6795845,2.8511841,2.4279494,2.898731,979.6156186943479,53.605020789285014,1278.911931574559,45.81735235410765,0.00013398583,0.0004890896,2003.8868773564386,0.010026883,0.001269473,0.042353583599187936,0.0062343079840738716
-391.47043,5.0023103,185.32098,4.926984,-41.4851,3.4611557,56.64781,3.9102042,-25.757357,3.4260166,44.230797,3.4020302,-6.276689,3.4062052,19.562704,3.278972,-10.925944,3.356372,0.532924,3.2720068,-0.6035945,3.060709,1.2234926,3.1095002,7.5690026,3.2186043,1095.3161739803152,74.66013232762457,1451.8024772812225,69.00208357659345,0.00016698005,0.00033141323,2240.0026963094547,0.009617121,0.0008651724,0.04800790313225058,0.00762349045626419
-363.15787,6.200945,147.29092,4.964688,-37.201153,4.2255645,67.189125,3.8572304,-21.380764,3.908371,42.467014,3.4264317,-18.398495,3.183432,23.038416,3.3010623,-7.570654,3.1829588,8.944022,3.2099667,2.7949903,3.3227384,-2.8031547,3.0863929,6.351252,2.9966161,1572.1465965511625,132.58556135412414,1887.587240840188,67.35637299139715,0.00037693148,0.0007622277,3686.4993633084396,0.009731165,0.0013950414,0.06041092662412993,0.012113219621135473
-370.48837,4.443017,138.62608,3.9508097,-32.89062,3.2613156,75.62714,3.6253128,-36.09306,3.0945745,27.539547,2.8810358,-27.028118,3.4758124,28.446972,3.116507,-18.49273,3.2630901,-5.5114536,3.4910417,9.066679,3.5934477,4.804457,3.3483646,7.321504,3.1102614,1828.1994169811085,103.66359849903866,1980.580140307799,46.00317115598015,0.0003936216,0.0003632242,4264.548458798579,0.009172017,0.0016549441,0.07931568119199536,0.012371801625934365
-392.6164,3.977712,199.29144,4.5479817,-45.156006,3.869197,60.26222,3.8556914,-20.007391,3.3396254,28.381937,3.0250413,-10.640668,3.154137,8.430859,2.9964042,-5.429334,2.83779,-0.5748343,3.1039484,3.877969,3.0333807,-3.5996847,3.0664225,3.2444494,3.3490486,977.5440827503646,49.36922055899975,1261.8445228329174,49.94665435100219,0.00012498217,0.00040435354,1994.993814348898,0.01011292,0.00072880666,0.04294495903422274,0.005090909448906661
-377.14725,16.211193,170.70396,8.289287,-33.347225,6.6204085,61.035366,4.4181623,-16.526512,4.832698,24.270275,4.969648,-17.036287,4.58276,16.242167,3.7021608,-0.70516586,3.7962806,-0.7843637,3.5927596,0.79535675,3.3365397,0.07540348,3.5256155,8.228731,3.3106177,1170.1060850656079,140.4869535574177,1504.7198219927973,97.9354486309722,0.0001861053,0.00034732695,2521.583050862819,0.009951767,0.0024635682,0.05110186158642691,0.010249756251047109
-374.56296,3.513412,186.80373,3.760822,-47.43516,4.0871243,62.63652,3.4909368,-24.397318,3.4352684,32.99834,3.4561427,-12.418893,3.263806,12.192817,3.092575,-6.061171,2.8246207,2.5645287,2.9684396,3.2402565,2.8563604,-4.6035824,2.7131832,3.0072293,3.1214206,1132.993649676617,57.74894428590298,1415.5215683769075,36.96274990419755,0.00017164233,0.00025237922,2427.9560841429816,0.010065273,0.00080485165,0.0498046875,0.006700261137960177
-452.52103,9.2861,198.5403,6.96563,-6.275264,6.2437377,44.76856,5.044823,-4.8600225,4.5080667,23.099392,4.1928816,1.022894,4.168655,11.705855,3.59606,1.2074466,3.5619586,3.320721,3.6823134,4.2507834,3.3106563,-1.4541123,3.5929906,1.1995691,4.1259947,656.3323570964809,95.09347716437306,1074.7261168580171,109.89201578822137,4.2768337e-05,8.827895e-05,1153.7500226580626,0.009992406,0.0017226152,0.023841946418213456,0.0070185379826986334
-379.16095,6.4786787,167.90694,4.0941973,-33.15483,4.4174056,47.848553,3.9052896,-39.555023,3.765398,40.285152,3.4759529,-24.779192,3.5838358,27.071241,3.3253095,-7.6686864,3.4463894,5.539704,3.4790957,-6.6600747,3.270241,-5.890257,3.0832772,7.3635554,3.4431124,1425.4247555422182,69.21012406876196,1766.1343814881702,52.18780661438894,0.00026264196,0.0004183536,3010.476691650957,0.009073348,0.000894373,0.06841035564095127,0.007411360681666197
-398.16782,3.8803844,197.71103,3.7519684,-39.17631,3.4661005,57.348118,3.4818444,-14.021187,3.6545599,24.830353,3.0696054,-6.676956,3.0161495,8.205579,3.1732647,-1.4629207,3.0136914,0.7535348,2.875299,4.394058,2.9738443,-3.8555737,3.0161335,2.9740386,3.0108418,916.2512248974986,51.769154679905654,1225.2666166301285,39.22861418065025,9.413228e-05,0.00016971555,1878.8344239414153,0.010199215,0.0009285779,0.03806214653422274,0.005198114146487197
-432.6583,9.394545,193.71364,7.4066997,-14.837746,5.5986524,50.88797,5.3737197,-11.053874,4.519856,28.425844,4.3894825,-5.3201494,4.363041,16.288704,3.8934433,-0.22297369,3.8203504,0.73255867,3.5674758,1.2797018,3.3780544,-7.0724034,3.42833,0.8453053,3.4269514,769.8779064673072,81.44829456356109,1203.2537794637112,112.27719549241337,7.558835e-05,0.00030831998,1412.5731288971867,0.009889846,0.0011234598,0.02794645446635731,0.006374889111045483
-386.81787,4.5594544,197.62384,3.4654174,-48.495033,3.1021168,59.01898,3.0944967,-21.57257,3.2558455,29.130821,2.9494052,-10.879201,3.0844853,9.945929,2.9911916,-4.441595,3.1462731,1.4985354,2.9099576,3.783099,2.8712971,-4.860313,3.1447093,3.4279735,3.030703,1019.3093028214427,50.22309301958981,1286.3848168594402,32.7270483928365,0.00011635862,4.5756904e-05,2086.597359429379,0.009847996,0.0007354032,0.04583386202146172,0.0056246695266249985
-358.333,5.5627213,161.53963,4.264372,-53.35709,3.5881588,64.36091,3.7549055,-31.77851,3.0842412,51.191498,3.465297,-16.0325,3.3037853,26.160627,3.408747,-15.093621,3.342212,4.1191854,3.1704366,0.1250506,3.2587268,-0.9980702,3.0033407,8.199565,2.92007,1564.83291591911,93.37508254578064,1791.8837336043248,57.89824039143159,0.0003766982,0.00043555233,3489.378126812645,0.009318617,0.00076977955,0.07198919663573086,0.008493694307441062
-384.4086,3.8726654,191.80084,3.4517424,-46.307606,3.3019793,62.480396,3.2149274,-22.758245,3.1693647,32.151028,2.855547,-12.332788,3.1710322,9.817576,2.895605,-6.6365433,2.8552601,0.69703907,2.9754596,3.686234,2.8651888,-3.6805248,2.9024925,3.6113904,2.83786,1064.5558545455817,53.91283285017468,1354.7627840732198,34.998967398469624,0.00013645226,0.000168213,2233.932431391386,0.009993013,0.00076530804,0.04618846070185615,0.006074452917453723
-385.4085,4.08074,167.69919,3.589113,-27.849022,3.1322532,46.924355,3.3619015,-36.77581,3.1344144,38.4979,2.8691235,-23.196663,2.9616668,24.368694,3.425962,-8.1759615,3.2486353,5.4493375,3.501913,-7.955912,3.179625,-7.56681,3.199769,4.09706,2.894251,1360.539081844266,66.35597016805872,1731.6636126235073,51.950652115010115,0.00022063224,0.00022034296,2807.8097810324825,0.00915641,0.0010360625,0.06530053654292343,0.007012567163741062
-401.66663,4.3812175,185.23488,3.7570605,-31.738777,3.9498286,50.404133,3.7501285,-18.689404,3.6307151,37.697235,3.3245242,-0.6358399,3.3324301,16.448256,2.93705,-5.5873218,3.3318636,0.29059234,3.358096,-0.1478478,3.256831,-0.5462185,3.5263565,4.266591,3.3160832,977.6040410552457,60.39858617991682,1360.6522547157076,46.51936295426673,0.00011678451,0.00019255883,1923.1998169228539,0.009729103,0.00095158076,0.03768262398491879,0.0065306808090987625
-385.27646,4.7524323,172.21144,4.4174676,-38.172363,4.1010814,48.17348,4.0485706,-39.4916,3.6797357,44.424015,3.6516728,-24.015266,3.4524632,26.506483,3.479888,-14.763574,3.301518,1.683956,3.4205136,-1.9741826,3.2578328,6.002962,3.063534,14.634222,3.34386,1410.3769191113433,69.07040477642006,1728.688739434883,55.52810040962079,0.00027588947,0.00059794396,2843.3320720345127,0.0087010795,0.000848246,0.07200392437645012,0.0071092952829878014
-379.00714,4.056203,157.85695,3.7420177,-26.084936,3.7451637,59.209557,3.7847376,-36.434444,3.1923342,40.400578,2.9472656,-21.249153,3.4045603,21.752588,3.1448889,-12.474486,3.4569838,12.814176,3.8805997,3.4764333,3.6270525,-0.4542101,3.2932227,4.994529,3.34364,1463.3491625882461,81.77358624002503,1863.4508235720139,52.21521732082288,0.00023509089,0.00022218222,3480.2602391785094,0.010022621,0.0012033029,0.05896534222737819,0.006345537592007676
-350.264,4.2645855,178.63785,4.406311,-76.65197,3.3145933,71.37366,3.8988655,-29.726936,3.2761436,30.62112,3.4077666,-20.100067,3.1895487,13.5407095,3.1171865,-9.04254,3.559463,3.1268582,3.3041828,-2.8812742,3.4232821,-8.773249,3.4558353,6.5794053,3.4899914,1510.1929878461497,68.6565692304307,1487.6450292512945,41.3113201778516,0.00032717572,0.00030337396,3050.2456700442285,0.009123326,0.00062929397,0.0887867513776102,0.008707089299030961
-379.2184,3.5689049,189.18935,3.7551794,-48.359745,3.4760957,65.14254,3.4664075,-24.734943,3.3564827,34.741447,2.9882178,-13.352223,3.0105221,13.058714,2.94524,-6.601745,2.9648578,2.152817,3.1347136,2.9041562,3.0538967,-4.811535,2.996616,3.5458643,3.1018147,1106.7214696820722,56.32665758015879,1405.7889235021275,34.94005504352997,0.0001625976,0.0002610782,2377.645328813805,0.010151806,0.0008264115,0.04851317792923434,0.006257503049570553
-391.7318,3.493096,184.97836,3.866851,-44.345573,3.0830345,54.228004,3.3247073,-27.122738,2.9050987,42.561375,3.2486055,-5.6574726,3.2602167,16.46898,3.1666114,-12.766051,3.1776645,-2.165747,3.2629776,-0.55225104,3.4673328,2.7715642,3.6935155,9.047332,3.5023456,1129.366390127053,65.09407973612295,1428.9715620297613,48.385025602928955,0.0001545186,0.00016575874,2263.6592431300755,0.009321568,0.0010128065,0.05493560578596288,0.007737357163691343
-385.2756,4.328447,166.00842,3.8874526,-28.369661,3.5401356,45.203533,3.5476484,-36.974518,4.089519,34.634296,3.0707572,-23.045155,2.8784792,22.51894,3.1380353,-7.221408,3.3373632,6.5285535,3.730655,-3.519394,3.089394,-6.1341004,2.933935,1.7553649,3.3428664,1369.0378284052742,71.24207989296706,1714.0721615349978,51.10205265952411,0.00022061581,0.000347173,2832.190762761021,0.009263027,0.0011013099,0.06604485390081206,0.006977100177231358
-393.62775,5.41221,202.5117,4.585445,-46.86529,3.6074588,59.32479,3.5484526,-19.663965,3.411262,26.94618,3.0759022,-10.567951,3.4021676,8.391119,3.4060092,-4.8600473,3.1358747,0.97739804,3.1513736,3.7438557,3.133806,-4.382045,2.9361157,3.4287567,2.7611496,961.0035701668022,65.59948344397668,1232.5127088012619,56.666963135965226,0.000103924554,0.00012331146,1945.757221124565,0.010020544,0.0008415537,0.04330182352088167,0.005625947449911171
-444.0745,6.7526217,194.71071,6.2102084,-12.154865,4.2798123,57.538902,4.238455,-9.483483,4.304183,27.590715,4.007517,-5.1176295,3.764227,11.789731,3.2608547,-4.3231735,3.0799932,2.5809708,3.5605223,-1.4928236,3.1648073,-5.3821692,3.5970905,1.5749218,4.0222683,730.3427448510363,76.34243059658938,1180.3356711523656,114.91836546278151,5.7474746e-05,0.0002208482,1308.154580100783,0.009995467,0.00082883827,0.02707411905452436,0.0086102133172065
-383.05148,4.825986,171.74025,4.157349,-41.034603,3.560154,48.684464,3.6595469,-38.53965,3.6161063,44.72282,3.4395447,-21.706005,3.250268,28.072372,3.0720232,-11.404892,3.0531626,1.4708674,3.096177,-2.7640762,3.3095996,2.3370404,3.3117683,12.078895,3.2238672,1414.247274534456,75.06817950560693,1718.0613042104728,48.75011686422244,0.0002868757,0.00033682675,2898.039397839327,0.008308211,0.00076115626,0.07163799666473318,0.00836817853770255
-434.84647,15.115097,194.13022,9.510934,-12.882586,5.853522,48.637753,5.325422,-9.638167,5.7226515,26.315283,5.1072755,-3.624673,5.582852,16.434435,4.362141,0.53764546,4.108856,1.4765893,3.5261936,0.17221132,3.275518,-5.6736317,3.5623622,-0.6328268,3.7904918,758.9266754580907,126.34055141275088,1185.460700356896,156.6431054398751,7.369378e-05,0.00031158392,1383.2210248694896,0.0099109085,0.0013695407,0.028042751232598608,0.007055971913721939
-387.22562,3.9928339,180.74112,4.0673447,-40.48161,3.9092567,51.02606,3.688222,-22.146372,3.741581,40.456306,3.4022973,-2.2247422,3.7206604,16.265732,3.6598985,-8.481549,3.2466226,0.53470165,3.3660977,1.7011282,3.2123222,2.8719947,3.2939374,7.3945165,3.4489408,1111.7756252098093,73.61740975372433,1437.412855102745,56.521258614239954,0.0001674896,0.0004144455,2267.4313007540604,0.009518529,0.0011503269,0.04865592372389791,0.008929998397686144
-387.01416,4.4149966,173.45152,4.013247,-35.208366,3.658279,46.63809,4.0954723,-37.15875,3.8666205,40.07097,3.1610563,-25.246754,3.4803205,24.951307,3.365457,-12.445172,3.3470411,2.9591668,3.3766723,0.96919155,3.508492,7.375299,3.322347,12.138447,3.801677,1342.8845541506448,65.61353121556053,1675.8176889951096,50.742206757023055,0.00022895171,0.0004025694,2612.686985661978,0.009054768,0.000905398,0.06629069388051044,0.008048332188071244
-390.03244,3.9184048,198.91727,3.7659893,-48.863182,3.1175427,57.9238,3.4052298,-19.782713,3.4583411,27.346079,3.1261652,-8.367159,3.0796297,9.421338,2.8942604,-3.9692914,2.9209342,-1.1216986,2.8385525,1.9672277,2.8914263,-5.7046413,3.0688004,1.8779385,2.8788495,1004.8027000473253,46.31752346244854,1258.7060201356842,34.32633884944671,0.000121161574,0.00022547084,2055.071950677929,0.00989109,0.0008545505,0.0443372969837587,0.0051532385087591235
-358.61404,4.3535233,141.33025,3.9908059,-41.731377,3.3905063,66.42347,3.767333,-38.72712,3.237174,32.906082,3.1932416,-21.807983,3.348787,33.842583,3.2172022,-6.3517284,3.4775999,2.0629978,3.4881363,1.3406705,3.4497654,-10.853361,3.3034487,-3.993814,3.30852,1858.162437625946,93.50096438506672,1946.4356408997005,42.59011734998635,0.00047066517,0.00036356522,4246.637430213167,0.00881992,0.0011744298,0.09113639247389792,0.008823811521341918
-377.17676,4.172392,186.8857,4.457676,-48.092434,3.7076545,64.04474,3.7667584,-24.452501,3.2059367,35.072247,3.5017564,-12.388724,3.0099194,12.835546,2.8291714,-6.8170123,2.7532315,1.7093139,3.1572914,2.1210291,3.123697,-5.0461555,2.7151058,3.2675872,3.1630337,1130.7781102210142,60.02538860869114,1422.1304667554136,49.54466964976621,0.0002081602,0.0009079667,2427.331571291328,0.0100194495,0.00077059004,0.048471260513341066,0.006454975253763623
-381.98846,9.123065,179.34212,8.40548,-30.938251,5.348305,49.976627,4.7347803,-20.667076,4.1987762,28.789053,3.7048008,-13.499576,3.6308532,14.134392,3.0993803,-5.1374493,3.3111618,6.870594,3.5622327,3.357576,3.4470131,-2.703244,3.1607647,5.0057597,3.247819,1072.5643249734267,103.34245328346985,1441.1275812901363,85.69510599434084,0.00018239858,0.0006123141,2192.0401093024943,0.010092478,0.0021335417,0.043330146099187936,0.007907122550606422
-376.7346,3.8289635,186.0242,4.1863747,-48.395584,3.9065123,64.66128,3.5326836,-23.83487,3.4409583,34.47564,3.0980651,-13.195355,3.1548054,13.75742,2.9614894,-5.45478,3.0673573,1.8463546,3.191584,2.0452802,2.657931,-5.54886,2.8602126,2.8194203,3.2048082,1141.8814791491855,58.51475056459926,1429.537721334235,43.784222977179894,0.00018955662,0.0005632322,2460.6555770555397,0.010025524,0.0007916936,0.04876694823085847,0.006623504186696069
-392.3386,4.325819,201.39763,4.449288,-47.54494,3.4937708,59.743584,3.7643533,-23.457672,3.6241276,29.804346,3.343066,-10.855151,3.251463,10.864797,3.024512,-5.9789877,2.8755395,-0.5458105,3.1210256,2.5904922,2.966761,-4.0885506,3.560444,4.2854557,3.4002001,990.591782759801,51.74509779552095,1263.8229500938303,41.855293103205035,0.00011525853,0.00016079342,1997.192099586717,0.009886283,0.0008628402,0.04500117821925754,0.005597813895366323
-388.406,4.602974,170.89218,4.259192,-38.1931,3.2942834,46.960365,3.8340006,-39.768406,3.3904443,41.05843,3.0289056,-27.17614,3.2799544,25.049086,3.017576,-8.9054985,3.4950163,5.0203457,3.56513,-4.2354636,3.316925,0.45992377,3.5358896,15.179724,3.324372,1401.8346165104833,75.3886224827548,1712.5682646821765,54.517728598251885,0.00022407445,0.00016307914,2833.414807950261,0.008843462,0.0009328129,0.06889523818155452,0.007066711203868634
-389.7403,3.8087277,195.30315,4.183725,-44.91953,3.495768,58.03966,3.535142,-17.816343,3.2692618,27.671368,2.9929924,-8.586531,3.1754878,8.835035,3.1319351,-2.1409416,2.8775399,0.8433906,3.069327,2.3934522,2.8153558,-5.1049914,2.8241577,2.8420196,2.937384,997.5930064667825,55.05736713479247,1278.8809232029741,44.42550287522821,0.00013455158,0.00049421395,2050.575458146027,0.00999864,0.00086714845,0.042977813225058004,0.006008891727729702
-387.23526,3.698537,189.17412,4.6049037,-44.306564,3.888837,61.780697,3.5101795,-19.117113,3.612647,31.298832,3.2112498,-9.648678,3.2444003,11.471676,3.0350196,-4.604729,2.9961205,1.2211387,3.1353743,2.456731,3.062969,-5.1070657,2.9857578,3.0591805,3.181348,1050.1730574354056,67.71095820991964,1357.4998714852256,51.81190730992631,0.00015539015,0.0005909593,2234.531963728973,0.009985734,0.0010878867,0.04383428799303944,0.007165042613199855
-371.90353,4.4170327,143.1354,3.822429,-30.487972,3.4939225,65.48598,3.8122396,-36.01488,3.5545368,27.810266,3.1410754,-25.269953,3.173635,30.728397,3.1118162,-7.915515,3.244647,4.516884,3.233583,11.625664,3.3663456,-4.5047784,3.2740314,-8.525796,3.3575084,1716.2196304001127,83.9305213592032,1937.234809835265,49.425348367998836,0.00037865658,0.0009995392,4034.7527099042923,0.009328224,0.0013678013,0.07374859520011601,0.006908999883124384
-390.69986,4.085234,197.22626,3.6380541,-47.532173,3.4769306,58.719856,3.5371919,-19.13498,3.1840148,29.579412,2.944718,-8.745776,3.007782,10.23159,3.0206847,-3.8905954,2.9555106,1.0577322,3.050289,3.8697026,3.036067,-3.9058843,2.8916585,3.3184857,3.015274,999.7938346597933,56.420238080658244,1277.9954691349833,34.83655158716774,0.000119714976,0.0002021213,2054.7472039950694,0.009998787,0.0009196466,0.04293136419663573,0.00646361180230912
-397.33005,3.955031,186.4185,4.357395,-39.28883,3.5718572,53.820015,3.680937,-23.03511,3.7144392,42.40248,3.3199823,-3.403254,3.5535169,17.091383,3.118031,-10.032589,3.0307527,-0.34411353,3.0402284,0.478486,3.26044,2.0547547,3.1556466,7.128235,3.3354053,1050.0873105047147,66.8642224009868,1397.9910866337232,56.43612928489648,0.00014805312,0.00038799623,2075.6808747824825,0.009600953,0.00087015826,0.048296793430974476,0.007877254951943169
-390.06274,3.9246287,167.88403,3.8580673,-28.64778,3.6816056,46.97504,3.5832071,-39.04575,3.7772355,38.90151,3.2981248,-26.2678,3.0400481,25.9106,3.114088,-6.463303,3.296315,7.0302396,3.2782946,-5.3776135,3.120051,-5.3754168,3.2371604,7.5675,3.0486042,1378.975562639151,64.39862267337728,1746.5080734385056,51.86762477989812,0.00022998636,0.00050892564,2837.3617291727087,0.009200015,0.0009899343,0.0665988435324826,0.006655402383390531
-384.55634,4.6767497,173.30382,5.321958,-40.03824,3.9326856,48.41476,4.1481323,-39.278015,3.782282,41.449047,3.7565343,-29.726196,3.6626332,24.296803,3.5581934,-14.450248,3.0220282,2.368549,3.506217,0.67481583,3.3565388,8.564106,3.2982273,14.536874,3.3135872,1416.8498508528571,76.77963399049298,1712.7131714373556,56.267577687475345,0.00032795194,0.0012801285,2795.494387597883,0.008529371,0.00095116737,0.07355713457076567,0.007583216403685631
-434.66785,6.652945,190.43587,5.361043,-20.08715,3.3766625,61.39915,3.6374986,-12.129713,3.6925976,33.093784,3.9540565,-8.64636,3.768742,18.057428,3.538267,-2.8862052,3.373239,2.2479024,3.3255541,-1.9104986,3.199492,-8.012637,2.7692323,-1.16537,3.1874506,804.2134665496183,77.47364074349456,1269.4694902050646,97.11221891404027,6.445252e-05,7.601289e-05,1557.5100715088456,0.009879754,0.00082581496,0.02950872788573086,0.005741493835714209
-388.86682,3.7451231,199.87782,4.047017,-49.531204,3.3784769,60.599316,3.528778,-22.241604,3.4923413,30.297913,3.2032278,-10.885737,2.8528464,10.347268,2.6925702,-5.9583297,3.0405307,0.046391882,3.0290036,3.6496375,2.9635415,-4.398366,3.1112013,3.1438673,3.0533104,1012.3351437931063,50.962468482061894,1278.3981083421115,37.57593260833008,0.00013279343,0.0003076998,2070.1601811738688,0.009947719,0.00078257406,0.04558235752610209,0.006022617901211338
-379.73285,7.083829,162.91963,5.5271173,-33.159737,4.695135,66.42809,4.255062,-22.770582,3.996344,43.08381,3.794279,-17.815224,3.3556113,24.573132,3.30874,-7.421101,3.3013484,7.224955,3.478295,0.92547405,3.2063873,-5.7688346,3.109701,3.8650043,3.212102,1316.8824208666297,126.05027618768457,1742.7184890937579,87.20302211350126,0.00023842123,0.00031714173,3031.010674213312,0.009777479,0.0010696922,0.04900372498549884,0.009591279958866957
-398.7655,3.9131575,185.27167,3.7194178,-37.376293,3.738962,54.673374,3.3863325,-22.0694,3.5826385,40.830425,3.3196836,-3.2336748,3.3971393,17.499144,3.2514112,-8.597398,3.0401745,1.1419435,3.1697485,1.2995433,3.210911,2.04694,3.074203,7.2350025,3.2818978,1030.7001513662985,63.83623812891375,1403.3178070487184,50.85997889306188,0.00012762849,0.00014896496,2084.4740157337587,0.009685543,0.00092178996,0.04245554488109049,0.007433814432673647
-458.6023,7.970139,199.95052,5.999134,-7.8992496,4.146676,45.32623,5.15914,-4.5370994,4.077709,22.241749,3.9419222,1.5185035,3.88869,13.309954,3.5210662,2.1998374,3.2951941,3.3045669,3.9873426,3.9410179,3.4585183,-0.704832,3.7373471,1.643359,4.199684,639.4652459812262,72.59954899658162,1059.6209734553815,103.66325434487624,5.1783703e-05,0.00038493908,1123.548581152117,0.010069557,0.0015199195,0.022671657482598608,0.006745259392755032
-381.68945,3.3358533,189.40123,3.4280522,-45.831383,3.0738466,62.693916,3.2039576,-22.410738,2.9222255,32.084644,3.143919,-13.022695,3.1475353,10.413068,2.9310212,-5.3354263,3.015016,2.5356174,2.8505058,3.3036158,2.8213835,-5.00243,2.8681362,2.8819926,3.1061952,1083.8314036037698,52.2227107033232,1378.254761056092,33.6810229407583,0.00014728554,0.0001894235,2292.8115030452436,0.009967685,0.00083118444,0.04593922201276102,0.006021910553421014
-349.3678,12.941836,160.55876,6.8004327,-65.176994,5.1934104,62.153015,4.1923556,-34.408653,6.0013905,43.148296,3.788445,-15.7825165,4.116887,15.102599,4.2690415,-16.074476,3.4695048,4.912848,3.3574908,-1.3121393,3.2580428,-3.9038844,3.6511827,11.825503,3.5114062,1668.8805814868567,162.80335603786793,1673.9338821602703,76.31343792077104,0.00047078994,0.0008984916,3448.834752483324,0.008979976,0.00089334114,0.09647236622679814,0.014540514196470435
-376.42017,3.5769513,187.65802,4.254218,-47.501884,3.6170824,64.85603,3.902913,-25.219597,3.6245112,33.77312,3.2876897,-13.389708,3.0478692,12.2380905,3.172548,-6.758958,2.742569,2.3475223,2.99232,2.4351268,2.7574213,-4.74033,2.8205042,3.0732808,2.8487267,1123.7682559215161,59.14153451493945,1418.2428817065068,44.515079700175875,0.00019624065,0.0006492985,2420.9615402044665,0.010063055,0.000812718,0.047861758628190254,0.006595784413777923
-399.21213,3.8509378,185.26906,3.1020255,-35.501682,2.9727492,54.064564,3.4131458,-20.923208,3.3734782,38.733097,3.2785678,-2.7787466,3.2440324,16.298145,3.0955536,-7.452528,3.2933683,0.8318681,3.3406234,0.75089,2.8630269,1.1278799,3.164751,5.553234,3.25701,1015.4576987606991,57.89208740133171,1389.7965744601565,42.740283944275625,0.000119304896,8.5499996e-05,2058.3194175065255,0.009579831,0.0009250599,0.040768652117169374,0.006289996948071955
-384.06924,3.9432552,193.29195,4.7179565,-47.360275,4.1082234,63.626656,3.98511,-23.503778,3.467891,33.289658,3.2127793,-13.3109045,2.8820925,10.427698,2.946548,-7.336049,2.6777365,0.5460759,3.3473725,2.450056,3.0493996,-4.251262,2.920878,3.6737804,3.2647402,1064.3323232530715,56.20543849238429,1356.4470611832849,56.14377840585022,0.00018562541,0.0009070679,2227.312595163863,0.010022781,0.00077149336,0.04596301297853828,0.0058943651135395635
-340.7102,10.01666,153.66263,6.263895,-56.844547,5.349996,74.00296,4.452138,-37.80476,4.3248167,43.205963,4.3036084,-20.886469,4.400129,17.702583,4.0624766,-9.11192,3.8495395,5.7094975,3.7583497,1.4065324,3.5220895,-4.519417,3.149174,8.669152,3.3014088,1752.2084867732904,118.54873156446207,1824.0919950588907,71.20771348867248,0.00054048403,0.0012157365,3897.284940998405,0.009394118,0.0012070683,0.0922024543213457,0.01289227437850006
-382.4117,4.755767,171.36119,3.5663545,-30.007677,3.312559,45.92486,3.5481877,-37.160076,3.2578719,33.384525,3.1463451,-23.960117,2.9031825,22.625484,3.0809746,-5.614486,3.3417807,8.046296,3.468193,-3.22926,3.265852,-7.4146237,3.0985591,0.98507875,2.9241078,1313.1009267604286,61.44604889271964,1650.5939884144825,50.01288163163018,0.00019839258,0.00020900367,2617.008614595418,0.009475571,0.00093652506,0.06474088239559164,0.006745447193800936
-358.0495,25.527065,165.5781,19.59751,-65.416756,11.1155205,61.17647,9.950519,-35.97844,5.931519,35.846703,8.441482,-21.292652,5.6886272,12.224698,6.531103,-11.313728,5.6744137,7.734945,4.5040913,2.3539574,3.749007,0.8548031,5.7501335,9.572561,4.9319844,1634.3460305690976,331.4518447386248,1602.3190007204073,189.13254942813535,0.00047269184,0.0007230619,3277.81815318663,0.008581904,0.0023477862,0.09897155053654293,0.02995426410769183
-391.24442,3.8475351,201.90858,4.144636,-47.373074,4.3052464,59.508865,3.8428495,-21.35546,3.4110346,28.024206,3.390045,-10.151122,3.1340408,10.224496,2.9512796,-4.166223,2.813338,0.57210153,2.7096028,2.8776624,2.7765677,-5.667537,2.7264755,2.200644,3.0004296,977.531337906112,53.61413062780195,1247.8708020410845,44.104553695034475,0.000114764356,0.00026227583,1979.6307981982309,0.010081328,0.0008605754,0.043642827363689095,0.0054831430182728765
-367.21948,30.603622,183.78693,14.246112,-55.06974,15.200531,59.580708,6.853623,-28.483593,6.9884152,28.916876,8.84127,-16.8639,7.06478,12.332944,5.488573,-7.1407146,5.2249947,2.2595134,4.208062,-0.30537578,4.3096037,-2.6385186,4.0597625,8.205909,3.7455313,1284.2473305242909,280.5507817941229,1435.4526136326588,159.87976626031679,0.00029560813,0.0009021693,2657.901716121665,0.0093717305,0.0015005723,0.06857802530452436,0.024413955728246266
-385.64212,21.58055,183.74292,5.395513,-41.968678,7.380583,56.08215,4.178148,-21.836168,5.67125,29.53508,3.9677773,-13.878503,4.8699737,11.798058,3.7511172,-4.3770347,3.3971024,4.1823025,3.7419846,0.25725654,3.1555865,-4.992848,3.1656077,8.753108,3.1953764,1111.492235590573,101.58730129805826,1411.2745774693808,69.52571790587893,0.0001427478,0.00015982617,2299.28145618837,0.010069198,0.0014685815,0.04294382613109049,0.010772960371423113
-358.27646,10.413722,167.76376,6.669366,-56.81011,4.18088,71.07849,5.064489,-30.410772,5.133147,36.229374,4.7521443,-15.854683,4.254281,14.963468,4.9190984,-6.424217,3.482027,7.9193664,3.3094049,3.2667463,3.2105522,-2.188238,3.146019,7.9035554,3.1056225,1475.687602560706,115.019806639535,1635.6076076610696,81.99260105722294,0.00029224862,0.0001920848,3278.042977813225,0.009692247,0.0012844384,0.06988426261600927,0.011485517002988796
-412.2031,9.499849,187.2931,6.1588883,-26.208614,5.4520965,62.872772,4.7562447,-19.337843,4.4314327,36.40786,4.1295567,-11.448557,3.92199,19.551842,3.385252,-5.66425,3.474326,3.0450816,3.1381297,-0.15229912,3.172888,-10.164118,3.1887572,1.5521166,3.3003516,935.5859974219284,107.39331209484506,1386.7996100352782,113.6903997554632,0.00011145748,0.00029149296,1905.888320675029,0.00998153,0.0007915081,0.03535903966067285,0.008075120389315479
-375.1749,3.858659,186.76955,3.3621986,-47.357502,3.2313917,63.093613,3.087684,-24.95088,3.3717196,33.427647,3.0426946,-13.932924,2.934374,12.600278,2.9805756,-6.590583,2.8948998,1.812166,2.9184635,2.213781,2.9594142,-5.2302876,2.946129,2.9260817,2.7480083,1137.2513101067775,57.04777902948676,1422.6610979832076,33.382408782789376,0.00017151595,0.00023551057,2431.3534340559745,0.010051486,0.0008403037,0.04921897658062645,0.006207896509659111
-353.7637,5.744797,172.27362,4.9832454,-52.48244,5.3309636,68.07891,4.7620115,-38.86813,3.721113,34.49097,3.4646316,-18.310448,3.5623,15.5684595,3.3045716,-10.000227,3.1885455,4.5849376,3.0409255,-2.5359545,3.1135535,-3.7453325,3.22236,7.9379725,3.0920708,1455.182655695262,74.48321272449982,1641.225804428937,61.92715749361782,0.00036787268,0.00092615467,3272.422362148347,0.009598471,0.0007905629,0.06919885622099768,0.00890570230655659
-416.82446,5.7570143,184.55891,5.329655,-20.368156,3.558623,53.87314,3.733769,-11.735161,4.0785003,31.847923,3.7185571,-3.7073708,3.8824885,11.48305,3.0466585,-5.91855,2.8954554,8.830142,3.2408552,5.2551723,3.0245202,-0.8897513,3.2935846,1.6064075,3.4966578,874.2603776442108,92.97721517263567,1319.9962109246933,110.31323410470708,9.1495094e-05,0.000226773,1703.4212541690836,0.009902178,0.0009566185,0.03391685397331787,0.014852396271725304
-384.51578,3.9904966,191.05246,3.4722905,-47.26164,3.1481092,65.10572,3.259945,-22.236208,3.1903837,33.51224,2.912246,-12.226298,2.9693608,12.006351,3.4190216,-5.3771157,3.110405,0.6446382,3.146677,1.1542481,2.8708982,-6.3149447,3.3155806,2.6791875,2.9052134,1064.8849425303565,50.95996874381019,1367.9171533113806,33.12353959522639,0.00013614734,0.00011735843,2268.7053069714325,0.010039535,0.00084904424,0.045426016893851506,0.00634741856437347
-334.3552,6.007626,162.72794,4.514991,-89.47273,5.1938453,69.335655,4.323379,-46.68003,3.835963,37.76142,3.4692686,-32.55407,3.132049,18.709778,2.9027424,-14.826019,3.4102943,5.407616,3.1806543,-2.116808,3.0115225,-7.9688454,2.959267,4.1914067,3.2128937,1890.0612651414,71.42170147795089,1662.715234551033,38.203501141972986,0.0007191228,0.001320065,3661.1691220453886,0.008527273,0.0006121484,0.12179728284512761,0.010684052361384016
-386.0364,4.734586,168.0217,4.0348945,-28.86188,3.6616514,45.107254,4.1815147,-36.4625,3.748393,32.78886,3.2661724,-22.45468,3.003291,22.137339,3.378298,-5.3188624,3.0782504,6.592215,3.538095,-4.05859,3.3574154,-7.864215,3.0182917,0.94992065,3.0522182,1329.5662663491673,73.90434971789652,1663.746515860548,55.96667530162373,0.00020266547,0.00026704342,2691.9001957656615,0.009354091,0.0010912063,0.06473521787993039,0.007387619021663886
-383.35855,3.753561,191.44403,3.3603003,-47.61311,2.9381907,62.517265,3.1991665,-21.93218,3.123291,32.783028,3.0845928,-10.836252,2.8832574,11.687821,3.1012475,-7.114544,2.924615,0.41065514,3.041388,1.8373383,2.901884,-5.5653687,2.9810538,3.0870438,3.0590255,1069.0883902514074,54.66619247998215,1356.9816248682973,34.557137759472866,0.00013881525,0.00013717473,2257.189289986949,0.009986805,0.0008380167,0.04607290458236659,0.00575252022556103
-393.5106,4.004763,198.73035,3.3314335,-45.536682,2.8284998,60.173878,3.1475706,-18.593937,3.2469356,28.156404,3.1023715,-8.311379,2.9682684,10.578485,2.8865237,-3.2861617,2.8081086,1.367309,2.7576897,2.9785042,2.7019308,-4.2882195,2.8773942,3.881647,3.0546253,967.8873817062646,49.707477504153076,1260.0456425046555,33.30284137726813,9.90688e-05,7.250102e-05,2001.213962351363,0.010114821,0.00087641913,0.04172708816705337,0.0051883666059998265
-449.5327,16.835812,193.25366,5.3462167,-18.707159,6.1066256,46.115673,5.7383966,-2.8786745,4.0204687,20.674818,4.1890516,5.0180764,4.309183,16.074472,4.5101466,3.9561005,4.7703204,1.9230533,4.1729064,4.4079294,4.0961013,-1.5654081,4.333541,-0.017823115,5.027202,735.0152696374645,63.07686871823835,1117.9300805130213,77.92806369600527,5.2916832e-05,0.00017485837,1398.3092553654292,0.009663261,0.002583198,0.027546539660672855,0.008032053747552871
-369.35568,4.94634,153.4863,3.9563274,-44.964054,3.6476936,62.29656,3.637888,-43.59818,3.405795,38.35746,3.3172424,-24.213339,3.5345216,31.453075,3.2139347,-10.054391,3.1729965,-3.4728324,3.4321811,-8.347411,3.3428028,-6.488831,3.614114,7.95049,3.7421334,1726.2045354585541,83.02141362671901,1889.4626270722092,47.2096268802064,0.00041372958,0.00044881023,3966.0562962224476,0.008515857,0.00082304486,0.08416224079176333,0.008120109892935087
-396.68637,3.8753643,182.74457,3.771248,-37.629128,3.228017,54.598335,3.4056294,-21.28799,3.4566078,40.52059,3.2165895,-3.2227833,3.387857,16.609755,3.2926977,-7.848896,2.9116526,0.6731834,3.005337,0.9130855,3.1469703,1.6385719,3.1029937,6.0834904,3.2336159,1053.9327129929839,68.43981166837115,1422.8052238544815,49.35683267822514,0.00013312485,0.00012763485,2175.902697215777,0.0095613105,0.0009848083,0.04205109846287703,0.008164606431838767
-430.19583,6.2024336,189.29793,6.100921,-20.386614,4.017112,61.1252,4.075945,-14.123001,3.9933443,33.5131,4.345543,-11.493862,3.8080227,16.219463,3.2920482,-3.9188547,3.2684891,3.8688679,3.0857096,-0.4617387,3.0071924,-10.448219,3.1001313,-0.038648535,3.5907116,839.4424957971692,79.77602079459983,1304.5469246029757,107.51065062844933,8.8650966e-05,0.00035586074,1637.1729308657193,0.00991411,0.0007098926,0.03015901428364269,0.006740895113476775
-437.8084,6.0936127,195.53625,5.837831,-13.714091,3.9491951,56.859375,3.983557,-9.797754,4.2951307,27.301422,4.0441704,-8.772649,4.2284546,10.529249,3.4851882,-4.90355,3.325283,2.5180724,3.1333838,-1.2634864,2.932665,-5.6925883,3.557755,1.8212599,4.022951,757.0930750383185,87.38976996302557,1197.3163874443758,124.743748554754,6.2414954e-05,0.00019994014,1387.6425758591938,0.009895725,0.00087178824,0.029986813007540605,0.011408244764180741
-387.56714,4.014925,158.9492,3.7586634,-21.934134,3.715354,52.157887,3.901717,-30.068508,3.2144494,39.169003,3.328058,-21.61372,3.2525623,20.73515,3.269818,-6.4737825,3.403898,12.337987,3.6422195,2.5535936,2.8629916,-5.2847433,2.7365777,-3.3545785,3.3501558,1365.2929120549247,68.95099757717699,1796.7879688639066,51.713199103860205,0.00021590541,0.00046389003,3079.647735100058,0.009771381,0.001083512,0.054846106438515084,0.007119222055324999
-392.92123,4.304883,199.37935,4.5657854,-46.662968,4.527319,61.058083,3.8365831,-19.559147,3.7788823,30.17036,3.1963704,-10.605253,3.1841733,9.381657,2.9634962,-5.489809,3.0599606,-0.026096454,3.1738732,3.2985992,3.0748036,-4.5483713,3.0540345,2.914131,2.8496215,979.9722702289952,53.082208771102714,1267.3926338506167,49.12073983839416,0.00012847954,0.0003908172,2006.2600261927205,0.0100666545,0.0008475863,0.04224029328596288,0.004755265318502441
-393.80197,4.170596,167.22792,3.7110329,-23.138151,3.6754751,47.296513,4.111205,-39.09925,3.5378768,37.658417,3.58338,-25.655022,3.4560456,20.997417,3.7482464,-6.732756,3.724429,10.356524,3.6337764,0.07061406,4.0187445,-2.772298,4.702936,1.3503348,3.533122,1334.7700846938958,70.69176768160408,1732.7775623694924,56.96863841734768,0.00020778955,0.00039926483,2788.924512398492,0.009468458,0.0013576988,0.06333381670533643,0.006064026963914952
-359.2798,7.828313,153.6177,4.980272,-45.62917,4.864887,71.98438,4.188017,-27.706934,3.808837,48.022778,3.7483294,-23.085146,3.3714402,25.809233,3.2529678,-9.398128,3.1101,9.771586,3.1463869,2.1440399,3.089832,-4.4481936,2.985101,5.532333,3.3338518,1625.3710097575743,128.52544762320426,1898.3863155425304,73.2878614496829,0.00040054362,0.0005911371,3781.500258301914,0.009608896,0.00090147345,0.06905611042633411,0.01171760400762866
-391.08466,4.0061545,202.07054,3.8501477,-47.680702,3.313822,56.75719,3.412194,-23.055761,3.3502705,27.254694,3.4247923,-8.90314,3.1695726,13.127277,3.1146717,-2.1750185,3.1486917,-0.6572666,2.7773447,0.473854,3.2046082,-7.176099,3.0476913,1.3906181,2.9959748,985.6081693893577,49.139437882586805,1245.228620781342,35.11545359274645,0.00011817844,0.0002254594,1984.1272907301334,0.009898234,0.0007734314,0.04486296403712297,0.005221248559596913
-394.66125,3.8862853,188.35603,3.454097,-41.426994,3.2563033,55.752083,2.9521317,-25.04868,2.8749642,43.125263,3.112145,-4.7055526,3.3165498,18.335842,3.1579213,-9.784254,3.092013,-0.28567737,3.3350825,-0.87490755,3.2045424,0.90816104,3.2458096,6.849441,3.1847038,1054.3581225660773,62.45860169103444,1402.5293468038587,46.457800243554395,0.00012707416,4.6889876e-05,2113.701217191125,0.00965939,0.0008370675,0.04585991879350348,0.007301082989143252
-383.46127,15.987027,204.01036,6.824096,-53.122917,8.752564,51.94775,4.2805514,-23.919664,3.5612233,27.51665,3.5516512,-11.339223,3.2596714,9.500923,3.1742811,-3.8612108,3.2119608,1.2345406,3.090032,3.9957786,3.1862338,-2.6828043,3.069547,4.108783,3.3596015,1026.787139719705,61.49239856000962,1231.6312937874804,59.37455687978731,0.00012051203,0.00013088083,1993.594905561195,0.0099018635,0.0012453609,0.049988217807424594,0.008669454595142857
-354.25662,9.400796,172.07141,7.2741923,-63.731895,7.2150564,66.510735,8.9191065,-33.694122,3.924287,46.983017,5.5557666,-20.327534,4.432985,20.722618,3.7032518,-12.628949,3.8767715,4.676768,3.5277936,-1.3493161,3.3781183,-5.0813017,3.271579,6.285983,3.030332,1515.645054051921,135.43684166398327,1656.8772222760745,62.24758455093758,0.00043390205,0.00094353576,3182.117803799304,0.009074007,0.0007015134,0.07786103357018562,0.013153012683922886
-383.90503,4.519873,171.19588,4.2238,-37.823257,3.7771857,48.785694,3.9846187,-38.082752,3.5290477,43.199047,3.270271,-22.833345,3.9567752,27.686014,3.3207493,-12.870762,3.317263,1.1430353,3.5001738,-2.5499582,3.3675394,3.7145772,3.3507624,13.534555,3.1995823,1403.6106017309935,68.5027720387707,1731.1567138953096,48.83472369707694,0.00028362265,0.00043875532,2859.8192113181553,0.008515232,0.00077656476,0.06920112202726218,0.007101157568884542
-391.2357,4.154287,197.37955,5.271851,-48.459423,4.0738034,60.436985,4.133323,-20.067163,3.3959723,30.536037,3.2089033,-9.140933,3.0700655,11.531057,3.1846514,-3.6067379,3.0412893,1.5600947,2.9426768,3.0882986,3.052174,-4.6447086,2.961168,3.651806,2.9557881,1005.9329720379889,65.3081285570871,1288.8907791626218,63.9494417356871,0.00017693812,0.001147982,2079.2031272658064,0.009976893,0.0009168176,0.043042388703596286,0.006215393003584672
-394.53864,3.9560108,199.53253,3.7352364,-43.422783,3.0619843,56.97755,3.55165,-18.052977,3.3689766,26.1586,3.0360436,-7.1601987,3.018528,9.702735,3.277647,-2.2110758,2.9162126,-0.22591299,3.0944264,2.9417846,2.8571687,-4.728835,2.7953792,3.2061238,3.0273645,941.6798978839258,54.99517640190001,1233.9495196164667,37.2399064941,0.00010345197,0.00018048682,1918.4285387362238,0.010145676,0.001094566,0.041292053364269145,0.005972418183946561
-384.1794,7.5119777,157.73532,4.5431395,-17.464571,5.1571097,46.942085,4.986122,-32.68085,4.0220833,37.75137,3.7443452,-21.828068,3.3490574,19.115677,3.4650247,-9.476968,3.9392383,8.256475,3.8089893,3.7681277,3.6908195,1.741046,4.4994564,1.9054717,5.682326,1388.2104902576214,87.6812609864316,1818.5626906168204,64.72977212883998,0.00022123169,0.0004052155,3132.2566977233178,0.009908854,0.0018233068,0.05822442357888631,0.009494071357590752
-391.97614,4.233851,167.14803,4.0527024,-30.751165,3.3352814,47.114117,3.76054,-39.449844,3.7327952,38.126648,3.1292658,-25.559942,3.2354906,28.395868,3.0533495,-5.909295,3.213363,7.847567,3.2868917,-4.191786,3.4409573,-3.3327065,3.315496,9.440327,3.6480138,1404.9307901093832,67.4522478119592,1764.4516958645647,57.289516391073334,0.00025731864,0.00047207004,2933.2369421584976,0.008524593,0.0009780071,0.06563247716067286,0.006903603451091362
-380.90298,4.7832093,167.5511,4.338513,-30.8705,3.9429924,46.304028,4.220501,-39.852196,3.2382088,36.632492,3.7798781,-25.287533,3.4041567,26.12826,3.403217,-5.998128,3.276571,8.066872,3.273379,-2.1591017,3.5700016,-2.0502994,3.2462025,10.022073,3.3102849,1391.173005232912,67.76054161310043,1732.266478746463,54.21105152865713,0.00024547498,0.0006448654,2864.640450532918,0.009687607,0.0009779118,0.06848286144141531,0.007133695187354105
-393.35318,4.254469,186.55428,3.5457942,-40.75427,3.6008265,53.395054,3.5175009,-24.24966,3.3535604,39.80454,3.290131,-5.20257,3.6034272,16.086123,3.3769624,-9.041731,3.159892,-0.30991772,3.2866957,0.34168744,3.3665013,1.673929,3.2369223,6.202503,3.5844429,1068.9517543910172,66.66881149126318,1398.9229889209923,45.324805313481114,0.00013184603,6.590888e-05,2142.6536329937644,0.009595535,0.0010927179,0.04550078850058004,0.0078011326348003
-391.8651,5.733984,170.87025,4.356722,-33.68276,4.414089,44.114994,4.251332,-36.269226,3.4918172,36.858803,3.3820512,-25.379955,2.8656418,21.60989,3.3908262,-14.831287,3.060019,0.1825549,3.8079236,-1.1312175,3.218768,7.5388007,3.356435,15.023794,3.6027908,1362.3105238548414,62.514525952687244,1675.3831253275755,58.10341197610313,0.00024501033,0.00051519513,2637.792402298434,0.008444879,0.00092855527,0.07018901355858469,0.008396408366142158
-386.51797,4.4575872,173.61287,4.1110067,-37.05636,3.5584075,46.519825,4.0685463,-38.303844,3.4996164,41.78718,3.4488523,-24.168848,3.632609,28.558025,3.2277389,-8.979846,3.1151397,3.117332,2.9484055,-6.803593,3.1343675,-1.1660311,3.0490842,11.719883,3.460967,1368.6032286297477,71.70109736034605,1703.209936103887,53.92141569605791,0.0002657453,0.0004690501,2721.4021828777554,0.008586051,0.00089226576,0.07030683548433875,0.007323612319435893
-389.20316,4.1204486,174.88246,3.750823,-35.564568,3.4033482,45.606014,3.350859,-38.455563,2.9677448,37.189426,2.8842537,-26.108402,3.3506863,24.77498,3.2050166,-13.683136,3.0789583,0.5891206,3.0314229,-2.5847054,2.9864352,4.8879375,3.157092,14.169695,3.0469809,1336.0935368893124,62.308882320180125,1654.3730921714257,50.20901680307738,0.00020537598,0.00015397077,2563.250548325116,0.008813149,0.0008231142,0.0695239994199536,0.007746372442770482
-410.19186,4.8877306,163.84172,4.638791,-19.99365,3.8776116,51.682503,4.235568,-33.228844,3.87371,35.46622,3.7126238,-24.139505,3.0388544,20.59167,3.3372507,-8.714936,3.2225063,7.685267,3.2232249,-2.9092114,3.5967395,-12.29459,3.048589,-7.303474,3.1761308,1267.3750631314495,69.9073126143007,1702.5386911517828,60.85942107360036,0.00013490005,0.0003466014,2658.726073085847,0.010352863,0.0007749485,0.04787308765951276,0.006836510498915171
-381.9223,7.7904444,193.87413,4.605224,-53.946728,5.821528,58.789795,4.768486,-27.704943,4.3919725,32.593674,3.5827546,-16.695196,3.6835365,11.114387,2.9602506,-5.969584,3.4922597,4.3121953,3.4657536,5.1673245,3.8354154,-3.3668675,3.7159796,2.0928154,4.201366,1135.5734589119907,57.38686080210797,1351.6626150125462,46.78044415136977,0.00017922132,0.0005399878,2266.7068658461426,0.009613794,0.00078958157,0.05988639247389791,0.008465987040232917
-344.57895,7.650956,117.941315,6.436472,-89.61343,5.991186,90.51947,4.5671062,-49.19386,3.9864342,54.330723,4.6366425,-29.430809,3.2275662,30.360619,3.9079506,-16.320818,3.5758426,6.1721287,4.1215105,-6.2263904,4.0084634,-5.198558,3.8447957,11.712569,4.313434,2719.0968707939264,132.52048528919332,1955.1426461034848,41.53890479392137,0.0015949943,0.00087419193,4933.351761890951,0.006765536,0.0005871773,0.20338103610788863,0.024714981945437076
-347.458,6.8171787,149.07796,5.301666,-55.134796,4.9680314,75.33838,4.2472086,-30.37341,3.6544974,50.18936,3.7848868,-25.876446,3.611862,26.913439,2.9986465,-11.852269,3.2233403,10.506078,3.3360467,1.9291011,3.4138505,-4.341011,3.1353052,6.337661,3.197016,1817.0792204542763,133.19165814749664,1949.1426537034486,64.20025403438827,0.0005571161,0.00078461226,4079.492810596723,0.009351549,0.00085257686,0.08539144069025523,0.014337226767540852
-398.1244,4.0048275,184.3876,4.056233,-38.240196,3.319916,53.333218,3.4620945,-22.01811,3.548727,40.981365,3.100629,-3.1579149,3.4955595,16.945549,3.3070257,-7.167601,3.090934,2.159551,3.3333921,1.7467432,3.211585,1.7113711,3.203461,6.3776693,3.1923058,1043.1336769840236,61.83784731952152,1410.6562866749919,48.2150634252381,0.00014057838,0.0002812601,2122.844085339327,0.009503767,0.0009649394,0.04152543140951276,0.006498337501782807
-375.5258,3.6590564,189.32124,3.715195,-50.285774,3.2916086,66.00474,3.557599,-26.554062,3.2788157,35.09874,3.3151507,-14.337752,2.710171,12.800711,2.9005253,-8.251396,2.7963398,2.7334933,2.9950726,2.8929615,2.8425603,-5.028249,2.9331644,3.7062666,2.8727517,1134.664442072924,53.17645938989617,1419.4187329649442,35.7146238794632,0.0001768243,0.00032444796,2439.9467308947214,0.010100797,0.000750023,0.04988738942865429,0.006565430822208571
-392.43918,4.7678466,166.49945,3.825712,-30.041954,3.6105037,45.55633,4.047775,-35.62584,3.6303658,37.727856,3.5461283,-23.938738,3.0712092,25.375038,3.1230683,-6.962346,3.2544022,5.915829,3.4666114,-6.1075397,3.3563673,-3.6496038,3.5913186,10.41428,3.5878522,1379.248805442754,64.56853201622519,1727.4099019170626,55.32192816591916,0.00022366116,0.00038073462,2806.4358527588456,0.008726773,0.0009618457,0.06758673506380511,0.007720075772747292
-373.86728,15.805398,161.0158,7.667667,-41.662304,7.546167,73.67886,5.030396,-26.158009,4.8205705,46.490967,4.166904,-22.91892,3.9272726,24.241045,3.5517848,-11.635035,3.4886053,6.938711,3.3996024,-0.19753136,3.0524263,-6.934983,2.7417395,4.236585,3.3639483,1461.20359614605,203.8654779635667,1808.4399225672223,118.73929825724555,0.00030433288,0.00045219387,3371.669944533063,0.009650883,0.00087644864,0.05747330880220418,0.0149785758425844
-369.69574,6.7026625,152.21008,5.434189,-28.402529,4.2828975,67.365395,6.8376427,-42.476803,4.90678,43.30519,3.5657113,-18.22208,5.02678,20.463665,3.853464,-16.343363,3.4547226,10.317075,4.3218107,-3.758648,3.5040526,1.4700973,3.7203157,12.608074,3.7414815,1656.7803177247872,135.90057535749554,1986.493368133079,53.70089628153319,0.00039875877,0.0010846204,3987.039928037993,0.009290839,0.0010463081,0.06988312971287702,0.012919215538502055
-385.27066,5.826859,168.3796,4.521736,-28.398136,4.2308955,49.856346,4.72594,-37.73927,3.4162464,41.473404,3.2976136,-22.3784,3.3322515,25.194075,3.4040492,-8.094572,3.3596776,4.934279,3.4262445,-7.0538707,3.2292743,-8.908415,3.1960135,4.326917,3.3057415,1356.7301998688592,73.84000316963535,1741.9198754027539,59.06540021069176,0.00024494622,0.0005049827,2874.5077535890373,0.009252729,0.0009328518,0.0621102813225058,0.006836966685861625
-447.83084,8.366762,194.73767,6.0805607,-11.93247,4.576827,56.135685,4.499779,-9.579938,4.545616,28.476952,4.864247,-2.6705732,4.1112666,12.445227,3.487764,-5.1223636,3.4016347,1.1735691,3.6024237,-2.9585896,3.0430162,-9.686283,3.2760954,-0.36595443,3.9996297,724.9269840758063,83.14546527085061,1168.3395318035996,116.57920336423894,5.5419245e-05,0.00024190683,1280.0515017763921,0.009983816,0.000785156,0.02683620939675174,0.005940306247190993
-396.7917,4.781549,175.90657,4.442647,-31.893494,4.309142,44.83728,4.1576777,-35.43145,3.697449,39.109325,3.631173,-25.218702,3.4044995,25.544926,3.21578,-9.556143,3.486284,1.6921822,3.6584616,-6.81579,3.308652,-0.09938899,3.2533758,13.456862,3.9073122,1270.003212997228,65.22063848333562,1634.0949918231663,56.0301997017154,0.00020398373,0.0005177872,2392.8834423941416,0.009049456,0.0009200303,0.06252379096577726,0.007341982910396879
-388.17053,4.433864,170.44876,4.280631,-31.032814,3.918656,45.412247,4.405113,-36.035606,3.7504833,38.831844,3.6279254,-23.653923,3.4466157,25.920088,3.1673298,-6.8621893,3.1715884,6.1852045,3.4914849,-6.602753,3.4710672,-6.048027,3.4169364,7.3395185,3.6020625,1344.2584451895634,71.87396026543603,1699.6445349892383,61.68902847937498,0.00024428533,0.00056373305,2680.509081351508,0.00899629,0.001103617,0.06704180865719257,0.0065439168055413275
-400.50287,5.436938,176.99675,4.707103,-31.483215,4.185615,44.90614,4.255851,-33.98844,3.9308028,38.598576,3.6932182,-24.858196,3.5954907,24.905321,3.5347476,-8.259101,3.4757156,2.1156185,3.7320068,-5.8333707,3.3012154,0.81303906,3.3146122,14.477671,3.948971,1238.3719689562631,68.95168565891821,1600.0952475209665,62.73087174085588,0.00019668145,0.00077429437,2293.935626178219,0.009222946,0.0010468701,0.06135350203016241,0.007259767380575447
-394.35205,4.439213,178.70992,3.659854,-36.443283,3.361065,49.430332,3.6193032,-41.027054,3.2260022,38.105057,3.2599053,-29.94578,3.2430851,24.852682,3.15504,-14.604848,3.3503234,2.4051135,3.662161,0.546923,3.2985985,8.000837,3.0869222,13.654616,4.030066,1323.5720163746203,61.04477270055104,1654.8184869885606,47.523954480143914,0.00020602533,0.00016658595,2543.915630437935,0.00867152,0.00070967193,0.06774194279292343,0.006887285546601805
-398.44748,4.0439005,183.82716,4.366626,-37.090767,3.6576555,56.32266,3.8016891,-22.016731,3.3464377,41.934097,3.5773716,-4.5151434,3.40099,18.089882,3.3983746,-8.337673,3.4279902,1.4152824,3.2609499,0.52026606,2.9198725,-0.19237566,3.1681447,6.376841,3.1518822,1042.1536293240931,67.20398104679583,1429.893183595488,57.617372099636654,0.0001485301,0.00038675405,2147.2500475819315,0.009686895,0.0010236971,0.0408252972737819,0.007456759294032914
-369.11304,4.536896,161.0222,4.4900336,-39.390907,3.9851158,52.72194,3.9860406,-40.852314,3.6006174,37.705875,3.5260847,-24.049862,3.5084207,33.352863,3.346345,0.20094481,3.3922653,0.05408014,3.310669,-9.279082,3.1608117,1.1158755,3.3320394,2.9623592,2.9743237,1579.809192816217,87.17298738096257,1833.4212444661637,49.55316763094305,0.0004137193,0.0012858646,3630.767836426914,0.0087156575,0.0009798505,0.0780468296838747,0.008876115223085438
-372.99313,7.2283506,157.20802,5.7809987,-38.53801,4.901891,71.66333,4.5378447,-23.511595,3.9488401,46.909218,3.993969,-21.179451,3.4491012,23.728542,3.016267,-10.154738,3.073026,7.9425316,3.1841185,0.78777057,3.0292478,-4.779931,3.2272246,4.871837,3.345133,1462.2369023174056,128.43678852738543,1835.134080269697,85.3364707596148,0.00032279635,0.0009205549,3439.542001250725,0.009700717,0.00086729333,0.055649334759280744,0.010204468233271714
-400.99844,4.2742023,186.89034,4.312738,-37.291027,3.6620815,53.27363,3.688648,-21.537636,3.5351927,40.776527,3.328075,-2.1155374,3.2928553,16.50336,3.402824,-9.049967,3.267063,-0.63733,3.259822,0.19224899,3.113495,1.9748105,3.125998,6.564347,3.190641,1017.8109215742992,65.28612472793623,1373.774940279594,55.007161412414085,0.00013687243,0.00037065387,2002.0882803436775,0.009615471,0.0009400424,0.04638332004060325,0.008194810777515625
-374.4124,3.36917,187.04382,4.211624,-47.322044,3.2503335,63.373592,3.555123,-26.119612,3.2585804,32.719078,3.325747,-13.809697,3.093042,13.396065,2.9691439,-6.7059245,3.0960686,1.43967,2.7473059,1.2783793,2.7334104,-5.866491,2.879184,3.3357792,2.918065,1138.9177047252692,57.04632784680533,1424.4822728935435,41.95843564956286,0.0001951006,0.0005917927,2439.447120613399,0.010126194,0.0008057101,0.050649833236658934,0.0065699009158597995
-385.93018,4.931546,169.29498,4.6546006,-39.48892,4.320535,41.096523,4.1713343,-39.142838,3.3742208,39.57358,3.6201143,-22.847033,3.4116094,23.364923,3.2373686,-10.901669,3.1064653,3.6688983,3.3518705,0.32367867,3.3472466,4.609943,3.3664374,10.789907,3.3581045,1426.5344343211657,72.37225101499737,1685.8236362423106,55.52733396962969,0.0002965119,0.00073665293,2797.0931404981147,0.0082949195,0.0009565205,0.07703514718677494,0.007575118989315504
-351.56314,34.229183,169.81012,11.43604,-66.71471,15.425252,64.98569,4.8963637,-41.31441,6.8911204,40.33119,6.5410004,-26.728338,5.3149004,19.7516,5.704536,-13.671286,4.361278,2.7091506,4.1569085,-4.391028,3.9449818,-5.866253,3.741248,7.7729945,5.467798,1629.629725332819,291.01391976948184,1667.4973240641098,113.09828087588797,0.0005340222,0.001072771,3335.673023763776,0.008738336,0.0017499442,0.09376472774071926,0.029730128116338576
-419.44675,9.521759,182.09294,6.285557,-26.998428,4.6334224,65.546715,3.7973342,-18.27272,4.265881,39.902172,5.151775,-11.2957115,3.9997916,20.222303,4.317392,-5.3686886,3.6940718,3.0391893,3.2372127,0.16169696,3.2310863,-10.913206,3.3979392,0.35720122,3.5570726,959.7475049067599,108.43987126469649,1430.7479483220086,117.86626974984023,9.848052e-05,0.00012608785,2011.3060900340777,0.009801813,0.00073833927,0.03311929016821346,0.0066080379992170275
-385.9445,4.503412,166.65164,3.6388316,-30.608406,3.7731378,45.226494,3.8544514,-38.357784,3.3874774,36.85135,3.2039597,-24.201439,2.9265058,25.951788,3.0376778,-5.4117985,3.111031,7.8909597,3.5088127,-3.1473963,3.5798304,-2.669183,3.2487667,9.21283,3.019112,1392.5108585608375,67.75488742570083,1729.0848688004353,50.322957457536155,0.0002339222,0.00033468986,2851.975329901392,0.009067204,0.001044742,0.06825288210556844,0.006699332222660698
-368.364,4.1876984,154.21751,3.8749104,-32.184685,3.5592077,59.653595,3.4771955,-42.92892,3.6287951,34.54492,3.2443373,-17.208385,3.3225782,27.644178,3.1622183,-14.585515,3.2321932,16.148369,3.4965773,0.09697573,2.9981942,-16.898052,3.0231438,2.514205,2.9464316,1638.415123073064,81.49267786862802,1903.7030985477568,46.760326531604456,0.00037169328,0.0010402665,3645.1566125290024,0.009385557,0.0010965439,0.07885912122969838,0.007651590181793604
-378.18515,3.7172222,183.0362,3.5699058,-43.08158,2.9909146,59.66198,3.341205,-19.88608,3.1568336,32.447273,2.7125015,-9.51076,3.1698215,11.492525,3.1822553,-3.5161145,3.326542,2.7374249,3.2258272,3.330063,3.0302374,-5.0998707,2.932533,2.7196803,3.1723886,1105.4663625961477,60.38440108919096,1411.4359217794913,37.1828087158105,0.00015881693,0.0002696043,2363.131650141386,0.010077246,0.0009636561,0.04676737420243619,0.006473257812275246
-375.0981,3.378853,186.76349,4.1955857,-46.39504,3.4736414,64.25457,3.8000312,-25.198137,3.0921638,32.21061,3.0567164,-14.79498,2.9912906,12.260089,3.280244,-6.673734,3.1669683,1.8839009,3.1770277,1.9431998,3.0142996,-5.615268,2.8024883,3.5749454,3.1006129,1136.6108501298886,60.576665332075265,1425.0494176240013,45.428863252475765,0.00020491984,0.00083260675,2441.24571762616,0.010088726,0.0007916774,0.04928808367169374,0.005691254773119931
-334.97314,15.801449,159.11728,8.100947,-83.873505,7.7341857,62.149055,5.3643064,-47.768623,5.4445724,41.623802,5.740932,-36.518017,4.7136755,18.269938,4.8770404,-17.50011,4.3309093,3.51351,3.781626,0.2470279,3.7548144,-3.9523337,3.2436118,2.2103283,3.6504428,1929.6763380793627,160.91955384839852,1736.9310934720397,90.32282783359267,0.00082091335,0.001813633,3849.0975293648494,0.008248251,0.0009192734,0.1261555611948956,0.01889852888942018
-370.1519,7.012648,159.30144,4.9076223,-43.169422,4.440725,73.57648,3.8445208,-26.337727,3.7541573,49.417446,3.7101476,-23.170671,3.085657,24.946297,3.122575,-11.0161085,3.211559,8.21948,3.2039676,0.6043467,3.273837,-5.1025047,3.2992232,5.383234,2.9915602,1497.5197765398636,117.36547738715171,1845.2593408401087,73.97357451504398,0.00032080855,0.00048385363,3504.2165521679235,0.009681808,0.00077775057,0.058095272621809746,0.008954940633268823
-384.17264,30.68876,190.34006,9.829139,-51.667496,18.613548,49.162537,5.861095,-23.90043,7.064896,23.660513,5.919324,-16.687178,5.556211,15.627437,5.4049196,-2.0339522,5.7725873,4.5711718,4.0469317,-1.8363875,3.5637536,-6.334545,4.6395597,4.873415,3.387935,1175.3960379133155,212.81128117978898,1342.9151622691752,146.63043103230504,0.00020320411,0.00033571335,2278.2728438587587,0.008629388,0.002151104,0.06272658062645012,0.024759590775876052
-340.24252,15.416997,169.79869,5.421135,-77.50886,8.4259615,59.959644,4.8585362,-45.343407,4.0626745,31.906565,3.4777896,-35.004646,4.073006,17.795576,3.678424,-15.299398,3.100878,4.802213,3.2612696,-4.1193595,3.8362288,-9.650692,3.4372518,4.9189043,3.1939878,1696.9963201503062,97.38534828390193,1631.27692708997,55.32135586445,0.00054581027,0.0008108974,3313.5902493293215,0.008877645,0.0013745143,0.10105156068735499,0.01300736286759329
-436.5762,23.419682,194.30891,4.4660482,-22.047438,7.909573,45.243774,4.731653,-6.0250483,5.2412233,22.795689,4.2803483,2.3374393,5.149539,15.311937,4.032466,2.1216452,3.8297646,-0.47560528,4.0613766,2.1766465,4.034892,-4.875275,4.0044417,-0.8406541,4.4476023,782.4997551315018,89.95508151718812,1142.857517200038,74.77211970277767,5.764344e-05,0.00011103284,1500.354655325551,0.009605062,0.0022998254,0.031201285165313224,0.0077550313515267364
-387.25095,4.634878,174.34975,4.081026,-38.308544,3.415933,49.797432,3.5709462,-39.250893,3.1933289,41.85691,3.0781097,-27.499678,3.1544657,24.455704,3.13664,-15.183841,2.9417667,2.2409656,3.2665277,0.12133299,3.315303,6.6752534,3.2532113,14.372174,3.8463428,1381.576830169847,74.06885943581214,1701.1717876332398,55.286515451657166,0.00024254582,0.0001536521,2750.1297740537993,0.008582322,0.0009607342,0.06993750906322506,0.00721279219090048
-386.6675,3.6234365,183.16966,3.4367633,-45.424305,3.1471062,57.41334,3.256408,-27.122974,3.216628,43.37655,3.2545798,-6.676389,3.3173618,17.984283,3.0596123,-10.412075,2.9782572,1.5874468,3.0465646,-0.013348277,2.9382477,1.6264782,3.2548246,6.9053254,3.3084412,1151.2683260021415,67.14896853566725,1473.6043068882004,46.54155685616793,0.00017180426,0.000146863,2400.6773627827724,0.009375523,0.00086786016,0.050362075841067284,0.009667257128737927
-393.73633,6.007923,183.7347,5.490543,-38.05632,3.8483167,56.290863,3.842077,-23.996023,3.682165,42.29224,3.469916,-5.806149,4.0052667,18.497627,3.4672444,-9.539955,3.2363188,0.85671544,3.364306,0.20950371,3.1296496,0.14257056,3.0239933,7.2590823,3.176145,1072.2730197308756,84.11474554228303,1448.2012417298758,82.40837452249855,0.00015479077,0.00028411957,2210.900397422419,0.009650959,0.00082353316,0.04319193191705337,0.006594364536935209
-384.38968,4.084055,174.6395,4.088588,-37.3665,3.7724464,45.474224,4.0080147,-40.49703,3.9047642,41.22543,3.6265857,-25.732014,3.6277525,26.15244,3.2908537,-12.402843,3.269677,4.069167,3.3134434,-0.7501855,3.349117,5.472479,3.3484573,13.182133,3.510019,1372.0954976928938,61.15730550005451,1689.5163806326316,46.930884269199815,0.0002593752,0.0006142444,2665.196026228973,0.008906328,0.0007383037,0.07077245867169374,0.006913407860776917
-382.04916,6.375881,190.54189,4.737066,-48.45682,4.963574,61.01344,5.1906657,-24.250813,4.0484185,31.931217,3.3893824,-14.398179,3.3505542,11.348751,3.1408062,-5.922546,3.0629644,2.4454825,3.8588116,4.0944986,3.805143,-3.8659363,3.4459152,2.3346016,4.0699644,1096.3948751226726,49.05284717273697,1367.986862729387,50.83610197672067,0.00015329549,0.0002449181,2275.574948339617,0.009926736,0.0009457226,0.05169776863399072,0.008450686319459638
-393.41818,3.855579,198.49391,4.4703627,-45.16391,3.8990157,59.696743,3.5907183,-18.806679,3.5552015,28.311937,2.8932679,-10.214875,3.1651444,8.153106,2.9902825,-4.9867473,2.936464,-0.24674061,2.963046,3.6395276,3.1738684,-4.1475058,2.6623588,2.7530293,2.9399025,977.2876763941949,50.604433185350295,1261.3366351441869,48.26196931209674,0.00011875627,0.00035113504,1996.1429179959396,0.01004122,0.00076760753,0.042260685542343385,0.005462679403045901
-395.391,23.138584,153.75912,15.585105,-14.409236,6.89566,69.223366,9.044963,-30.439728,9.224701,45.874817,5.884827,-17.792042,6.619475,25.985954,4.302677,-8.123096,4.610251,8.183583,4.129067,-0.8023835,3.8424134,-3.9482238,3.2483017,5.0035086,3.952131,1429.5062631200758,314.3876679261716,1932.4914315821643,293.60304379456704,0.0002511317,0.00029131616,3715.526720653277,0.009557187,0.0012440495,0.05079937645011601,0.01618566576665128
-380.07217,4.5029135,158.64809,3.8532412,-26.920038,3.3873403,47.046963,3.5750792,-35.9939,3.551048,35.956066,3.4818525,-22.002102,3.053773,23.909676,3.2212262,-3.7872481,3.3300858,10.320772,3.5162375,0.1512077,3.2169702,-6.173108,3.225716,0.42889675,3.4050596,1446.6455271865645,82.0751647255425,1797.1642966149936,56.94249316631983,0.00024498842,0.00032389205,3220.812620087732,0.009395316,0.0013554753,0.06727178799303944,0.006664404915215329
-414.75986,12.1631565,165.38957,8.113485,-21.226805,4.6269116,49.952618,5.0000844,-12.794393,6.104911,35.928623,4.8393874,-0.9378199,4.789185,13.119353,3.965608,-1.2098423,3.3896873,-3.0098555,3.8243072,1.9433792,3.5467525,-0.8365794,3.8326392,2.504965,3.5771484,1057.6879843435943,155.2773171514662,1485.345575212984,144.34649189401608,0.00013847186,0.00043640414,2280.8708173216355,0.009647741,0.0024239419,0.03239649796983759,0.009787064198028278
-374.91077,6.632884,190.61992,4.5694294,-49.734768,4.342831,63.691677,3.9165354,-26.681368,3.3798277,32.819557,3.1262841,-15.26114,3.1625826,11.965729,3.054011,-7.1275744,2.9723005,2.0818832,3.0485432,2.038131,2.784431,-4.5070224,2.9469633,4.3231945,2.8869662,1125.6437617869365,57.16129229727846,1398.0791756304377,42.60848203439179,0.00017197378,0.00025957654,2380.443146389211,0.010077072,0.0008515196,0.04985453523781903,0.005946410943536166
-402.8639,4.4909477,188.47513,4.2682,-30.920725,3.5894036,47.468506,3.425672,-19.156868,3.5024815,35.35053,3.5433671,-0.047525175,3.56142,15.196022,3.4599898,-6.366221,2.9405735,-1.5085222,3.2077131,-0.3140872,3.2409775,0.22010802,3.3259647,4.8609614,3.4402966,957.2236968724801,63.20288477335825,1313.3530919695675,55.012208254395965,0.00012228414,0.00046069265,1805.4166931010732,0.009769086,0.0011578432,0.04287585194315545,0.008155884449324524
-395.77335,3.87454,200.41096,3.1675022,-44.23867,2.8990412,59.0283,3.2633507,-19.128077,3.1080136,26.835,3.0163398,-8.784285,2.7819293,10.221561,2.9847138,-2.1908777,2.8850274,0.8339328,3.058504,3.0637236,3.0191133,-5.1473475,2.9842176,3.0088656,2.7834575,944.0339706199861,50.30454661743686,1239.2372968368659,32.0511170640125,9.607286e-05,9.357762e-05,1929.7447116081787,0.010093961,0.00087778043,0.040395926986658934,0.005647700626073817
-342.1368,11.819438,159.97462,9.755036,-57.296997,5.944542,55.63788,6.0403733,-25.193012,5.150216,30.831673,3.5703337,-15.119293,4.2918572,14.715331,4.297884,-6.615524,3.7298932,5.109132,5.8245864,-0.13712788,5.709746,-2.207128,5.9064136,6.3493047,4.6401095,1558.1882430813241,159.4987466287544,1614.1261153035662,93.44192719921084,0.00041674107,0.0005335497,3191.4105550319027,0.009167654,0.0017144298,0.08670107671113689,0.016041732255671022
-391.25543,5.8950796,176.18498,4.009012,-34.889606,3.945511,45.467922,3.629994,-37.86456,3.606907,38.495945,3.202806,-26.662415,3.3310122,24.460737,3.0918896,-12.086631,3.1707408,1.951473,3.8064055,-0.5359443,3.2014122,8.110701,3.1612575,12.938536,3.300005,1320.0140403253931,62.92643374099102,1649.8836590543547,54.03578096324888,0.00021601241,0.0002583379,2514.3387017836426,0.0085771475,0.0008256615,0.06740320475638051,0.007015777039656061
-386.93808,3.3727307,193.14008,4.1998696,-46.096214,3.6666126,63.268295,3.878313,-22.737413,3.3560953,32.788727,3.1289604,-12.088802,3.0259726,10.4727125,3.0359802,-7.176113,3.024128,-0.05846147,3.0730748,3.2147248,3.0218573,-3.6950626,3.0204842,3.9187808,2.9607909,1046.2104543994724,55.46808931313666,1346.1847104089452,45.170913263563484,0.00015463983,0.00051100826,2193.239173977668,0.010022175,0.00077689043,0.04492753951566125,0.005973208961647626
-351.63345,4.364041,167.58813,4.1928945,-51.664528,3.7011766,70.294136,3.408471,-35.67113,3.488215,39.100067,3.3657112,-25.067783,3.0317252,20.678751,3.4870415,-14.556912,3.112625,7.2725673,3.0930085,-0.5832225,2.8681436,-1.6991205,3.157886,8.844489,3.047934,1525.2617403814193,85.42624630954589,1747.8738581241503,40.24747544336588,0.00038277742,0.00039683515,3383.835454883266,0.009498189,0.00078822975,0.07143067539153132,0.008759517933123434
-382.00922,12.490888,182.2414,11.5124,-34.96797,7.168324,54.72689,7.9601502,-21.540916,4.0980453,26.515131,4.7155056,-14.071493,4.4439125,12.668056,3.5933726,-4.715715,4.2765102,2.6506608,3.387967,3.1809268,3.5631697,-1.1283329,3.2918277,6.0553637,3.4408386,1096.7995963560782,151.06769078986238,1420.0835953614157,142.29242669587302,0.00015427229,0.00015799813,2284.592913917488,0.01005404,0.0012851784,0.04538183367169374,0.00962588851723772
-376.78088,3.9265294,185.89624,4.9636936,-48.685036,4.076992,64.79805,4.267402,-24.165155,3.5489776,34.813496,3.5401628,-13.051998,3.1716695,13.523535,3.132721,-5.744861,2.8680813,2.030085,3.1137016,2.052829,3.03835,-5.540014,3.0955422,2.6486294,3.125652,1141.1814268363569,67.0462689406246,1433.0642760907183,61.469168999826124,0.00025858235,0.0017937684,2470.2980554850637,0.009990692,0.0008182328,0.0496052965487239,0.006441392919412291
-409.609,11.13847,190.18932,4.1421366,-32.311382,6.2434754,48.65944,4.1926007,-16.6574,5.063426,32.93202,3.8681865,-2.089154,4.734932,14.830176,3.4444206,-5.3855934,3.4573803,-1.1221315,3.6448262,0.92599285,3.455347,-1.7955171,3.9564233,3.343691,3.329227,936.2753586642181,91.40718592847533,1282.4355479777394,54.34045737000376,0.00010511431,0.0002113082,1795.1996628480279,0.009609476,0.0013041241,0.039334396751740136,0.00866189804539068
-396.1598,3.955577,198.8755,3.3617964,-44.11531,3.0332098,60.59817,3.1574357,-18.521614,3.3542485,28.802794,2.9603932,-9.887593,2.795845,9.275849,2.91274,-3.915703,2.9018807,0.4321021,3.1197832,3.2852168,2.7516258,-4.484367,2.98007,3.0309515,2.9336672,954.0272113558425,50.51946524441679,1255.9071390779686,34.12192729540114,9.87595e-05,9.690722e-05,1956.1491149760732,0.010136514,0.000870044,0.04084002501450116,0.0057186813539287645
-384.25775,4.903901,166.9072,3.8140454,-31.894665,3.7311704,45.04007,3.9403453,-35.356647,3.3274188,40.157284,3.6635559,-22.631525,3.314043,25.681667,3.1284924,-6.3447633,3.5130908,6.5419497,3.3080757,-4.66433,3.4466417,-5.7118244,3.253997,7.885787,3.3440096,1386.476056108053,64.86557374636843,1725.7717174982329,53.65012066626352,0.0002328069,0.00027893225,2828.5436077073664,0.009050379,0.001141761,0.06908103429524362,0.00726798232769254
-379.16727,3.8105028,186.90121,4.366782,-48.376442,4.010264,65.63577,3.568644,-23.730759,3.4812527,35.033417,3.1013925,-13.624457,3.2196312,14.181643,3.3069186,-5.192814,2.988801,2.5368874,2.9584725,1.9298925,2.9117177,-5.9540563,2.8956962,2.7069821,2.9423563,1128.5244407019807,60.70681094224923,1425.657987913119,47.30577277951321,0.00018713227,0.0006142201,2435.70004350348,0.010027516,0.00081445556,0.04796032120069606,0.006422665164475103
-374.44672,18.158203,188.67606,7.909288,-46.132675,7.294943,58.50816,5.598496,-25.61441,5.551412,28.35992,4.8337727,-12.267706,5.1145906,11.373131,3.93713,-4.132066,4.080743,3.5152602,4.147036,-1.6679093,3.8352237,-6.3725305,4.067867,6.6087565,3.4959893,1129.8570589305937,131.61610920708932,1385.0066335206125,102.69045352904942,0.00016944073,0.00032670208,2334.7787666763343,0.010063446,0.0017496627,0.05365882395591647,0.009267443169087694
-391.78726,4.8155775,173.35216,4.3721375,-36.441944,3.6725852,47.515533,3.8900635,-39.459187,3.2007985,40.20899,3.3585625,-24.6087,3.3222363,26.473104,3.4947195,-12.182449,3.3718436,3.3213463,3.7169309,0.2749173,3.0676966,5.9105,3.061054,14.048402,3.4033558,1359.061445037728,71.05180315261607,1688.5498729239698,50.957678575824964,0.00023157649,0.00040050206,2701.043063913863,0.008637829,0.0008069884,0.06724912993039443,0.006812904555536222
-348.16357,18.870665,168.05942,8.60528,-73.04061,7.3853765,55.925392,6.241055,-42.16185,5.0497108,38.750763,3.942268,-23.394135,5.6202035,17.090775,4.0709176,-14.145586,3.697403,0.9945497,3.8564613,-1.0602702,3.8691728,0.1516456,4.214744,13.700459,3.4613092,1657.373043206723,169.45107279506558,1607.8484809753693,82.29856176385039,0.00051342015,0.0011378147,3308.918893198956,0.008771393,0.0012503844,0.09991752465197216,0.014697002785123477
-422.33417,5.315642,185.58846,4.539075,-20.890995,3.6712205,58.275333,3.701377,-13.062651,3.845339,30.57072,3.7254684,-8.332111,3.532587,18.813166,3.211366,-0.26646864,3.118053,7.7833967,3.6447587,2.7057898,3.0220156,-6.088008,3.072653,-0.87308955,3.4170167,860.7130541437932,79.90061014725168,1326.5527474521234,94.21901815002724,8.330097e-05,0.00017029868,1722.9560161687934,0.010053929,0.0008867045,0.030325551044083528,0.006732016605211011
-381.2321,4.4961305,174.29985,4.2604175,-42.888245,3.9337354,50.679306,3.959071,-41.674572,3.8565075,41.326603,3.3822007,-26.896952,3.2187977,25.860682,3.2625742,-14.114788,3.3306,1.7403202,3.4578514,-1.1691061,3.4428456,4.073954,3.253654,12.219429,3.494282,1423.7241284917761,76.45927884802471,1703.2676148612588,50.08923980032759,0.00027816166,0.00033058136,2869.9862805430685,0.008577651,0.0007064694,0.07439888159802784,0.008011078718520886
-382.5108,4.301949,164.27094,3.9710732,-25.140408,3.5947752,46.282402,3.8387275,-36.937866,3.9985235,34.318024,3.041084,-20.90585,2.9641278,21.200705,3.3544054,-5.3102546,3.51977,9.356747,3.3675497,-5.3572826,3.2899532,-7.876375,3.0998478,2.2003503,3.0308554,1382.4338185526403,73.5938753216413,1738.2555834540563,53.116859670555435,0.00024506397,0.00037993438,2988.8685469837587,0.009027571,0.0012405827,0.06651840741009281,0.007609780080774004
-386.09912,3.8543074,174.7036,4.7677617,-36.309387,3.9161417,46.369446,4.1892257,-38.405678,3.4011393,38.291306,3.419619,-26.99412,3.5638223,23.966558,3.232915,-13.219873,3.0465631,3.4288967,3.173184,-1.0031877,3.4670532,5.0959015,3.42216,14.103689,3.3902006,1347.5503399089644,70.99764724798999,1673.668710016259,57.0008934440869,0.00026300733,0.0010365637,2627.3505474187937,0.009056566,0.0008780106,0.06622385259570766,0.0065061939406781495
-358.84137,16.444502,181.74384,8.233262,-62.255272,8.882534,65.82653,5.8457575,-28.089792,5.6263843,37.393143,3.9697921,-23.090675,4.1620398,15.172148,4.5991154,-9.1149435,4.1446447,7.294897,3.3709378,-0.7452463,3.4473605,-8.685793,3.3751261,3.7433114,3.1424084,1365.9073650850094,188.62610282482754,1510.9447282404685,97.9098788460404,0.0002741379,0.00016470239,2782.629422853828,0.009539632,0.0008533606,0.07167538246809745,0.017457960221576346
-377.01895,3.503918,185.6229,3.6803007,-48.285526,3.7501118,64.589676,3.7470584,-23.623482,3.3187528,34.2715,3.4695883,-11.896967,2.9665513,12.905938,2.9387422,-6.358773,3.0353878,1.3503296,3.018888,1.5555593,2.9426405,-5.803965,2.6351256,2.874524,2.8078623,1139.7375105395558,54.95237304007965,1426.5335349891193,36.4462372937705,0.00018754874,0.0004933832,2460.2558888304816,0.010006734,0.0008044195,0.04844973535382831,0.006168399655602634
-379.65918,3.619802,194.33853,4.150291,-51.593243,3.7346513,61.73947,3.5706124,-24.726704,3.3108072,33.462685,3.2252245,-13.399702,3.1243677,10.227951,2.9356873,-7.9412894,2.899934,2.7678041,3.1929755,4.7637634,3.0897005,-3.5560122,3.0098698,3.025581,2.937436,1090.644683721852,58.6037493849317,1351.4979380122068,39.62675658968894,0.00015677708,0.00034312365,2261.5358994344547,0.010023509,0.00086776924,0.04913400884570766,0.006281950217902701
-390.3692,3.950064,199.76497,3.3882763,-50.193863,3.062913,60.61299,3.080068,-19.69095,3.0149715,29.530405,3.0798938,-8.80852,2.9206119,10.445962,2.9667976,-3.915841,2.8376822,-0.34763727,3.1304061,2.3276756,3.140726,-5.448445,2.9980364,1.7790681,2.9800193,999.7092203331429,52.42897540795239,1262.9323154503998,33.7997049480488,0.00010756425,7.5260425e-05,2062.191397186775,0.010053663,0.00091408903,0.0445298905162413,0.005920900777998029
-389.53958,3.8409219,197.65828,3.2267728,-46.006336,3.0793417,57.97407,3.0677338,-19.476734,3.2007036,28.702597,3.1287715,-8.418706,2.9703152,9.272965,2.9326262,-4.9451585,2.9940236,-0.4654958,2.9197998,3.9974856,2.8954597,-3.1186857,2.8501577,5.1923923,2.9872754,993.7464707287785,58.1097766597731,1268.3379709317742,33.281219787809746,0.0001075315,8.194938e-05,2025.5699635658352,0.010105405,0.0009642227,0.043387924158932716,0.006454271939065458
-347.13055,40.971535,151.42372,5.80175,-81.06413,14.496671,70.84824,8.734479,-53.190205,8.387042,34.78258,4.2217493,-32.718567,7.9539948,22.921295,4.0843654,-16.419643,3.606082,6.5289783,3.922427,-6.0061088,3.2988517,-7.7338085,3.483024,7.8609676,3.3875985,2048.746353733048,212.93753589141613,1791.2125351965112,60.95094371190063,0.00093435275,0.0016273344,4003.8518140044953,0.0076011308,0.0016900783,0.1321248277987239,0.029608915336776474
-328.14117,4.497753,159.40428,4.89277,-68.24861,4.0797753,70.80799,3.9538434,-59.393173,4.146199,41.76187,3.4668517,-31.616888,3.78109,20.583698,3.77941,-17.830647,3.2384353,4.3175917,3.0726175,-2.1775374,3.0361755,-9.1611805,3.153936,6.442579,3.0831633,1940.3528331763737,86.64405060930032,1868.2463073794243,40.141132363751275,0.00080397126,0.0014920939,4182.962099858613,0.009021377,0.00063850253,0.11358826674883991,0.010249201012678533
-389.17014,4.0994825,196.75633,4.624935,-46.221268,4.1024566,59.836815,3.4849772,-18.38337,3.4930863,28.80027,3.3743424,-9.439307,3.0386493,8.621083,3.0283077,-5.0908656,3.0403624,-0.29592997,3.0787113,2.626448,3.3935924,-5.683899,3.0094707,2.4103057,3.0461135,1000.081032875777,54.738222502617624,1277.67577544101,49.8449457199065,0.00012881379,0.00035701966,2058.7191057315836,0.010042405,0.0009030521,0.04371873187354988,0.0051956241974155425
-383.19025,3.8296013,189.52292,3.3916185,-47.552948,3.1772199,63.04254,3.204673,-21.427925,3.3323553,32.262905,2.9726107,-10.624812,3.074002,11.68359,2.7936687,-5.271615,3.1055286,1.0472414,3.1464958,2.5761855,3.1752036,-5.0687275,3.0694826,3.2873442,3.1064193,1079.3006216091394,61.15313890267107,1369.450616049556,34.45426330984663,0.0001335034,8.200346e-05,2302.603864559165,0.010038617,0.00083921297,0.045572161397911835,0.006581626658541799
-371.29077,5.299957,165.71133,4.5425687,-42.66493,3.6026964,61.873985,4.063323,-27.376999,3.6549547,47.500587,3.636572,-13.653818,3.3141973,23.92086,3.2527595,-13.035036,3.2227414,4.149134,3.139701,1.1199056,3.1397645,0.043908846,3.1125355,8.712979,3.0004497,1382.2549058351667,91.61076047448636,1727.2743378568764,64.78086817309341,0.00029903164,0.0007289738,3104.0786778567285,0.009546037,0.0009680799,0.05640044953596288,0.008436116904900875
-389.2257,4.039348,168.32097,3.7349236,-27.52808,3.5872612,51.012417,3.9738412,-39.524696,3.3250682,39.01867,3.149473,-24.929394,3.205489,24.344566,3.4468343,-8.521919,3.5092468,5.797842,3.3433537,-6.9070973,3.155257,-8.314807,3.1129675,4.0259495,3.239939,1365.45051946255,68.79621484848613,1745.8147523907844,52.48081446605477,0.00023151039,0.00039508857,2902.760714997825,0.009114194,0.0009420776,0.06399543213457076,0.007008363851367453
-386.7841,4.678906,168.31616,4.2966866,-35.827465,3.232819,49.541508,3.7109194,-38.46771,3.5942807,41.308685,3.1717842,-26.091349,3.2044926,26.528023,3.2052796,-8.607282,3.296305,3.5715446,3.2433977,-6.19067,3.2834492,-0.7529097,3.2413025,13.877685,3.3409688,1425.8898995898182,77.5126879774386,1754.6920881067192,55.71549464286975,0.00028566612,0.0006037589,2991.9661307279584,0.008585996,0.0009844888,0.06989219293793504,0.007479910890202723
-389.84637,3.5689425,184.70045,4.0706954,-43.16575,3.4353275,56.375183,3.604779,-24.92831,3.4190257,42.82497,3.3870254,-5.5746064,3.224201,18.48872,2.8787162,-8.389253,3.0137825,2.6147094,3.195042,0.8094825,2.9941773,0.95232785,2.9323244,6.8357296,2.8006027,1101.1750051431093,60.081632045378946,1446.2548882184508,45.53114631468227,0.000162132,0.00028833482,2280.1713629277842,0.0096369395,0.0008928308,0.045080481438515084,0.007137226074528285
-387.6435,13.997352,191.01176,5.963444,-36.069363,5.580159,42.61475,3.8331437,-12.166244,4.121292,18.103027,3.9287305,-6.916229,3.6722803,8.129765,3.6002684,5.499361,3.6513531,2.62064,3.7242165,1.3481159,3.069078,-5.4377537,3.664152,1.6250252,3.3665118,983.4384079110433,70.21324616166865,1235.4837114408472,73.0162197280728,0.00011854982,0.00017439062,1939.3122484955047,0.009676137,0.0028117304,0.0448278440400232,0.007388362906768222
-440.90857,21.20759,197.08559,7.8857813,-12.547278,9.439657,46.239624,5.956756,-8.5875225,5.1364493,24.725775,4.441432,-2.780853,4.955169,11.903273,5.024415,-0.58008516,3.4348464,2.6515727,3.8459027,3.1635203,3.9905827,-1.4392592,3.2369957,3.037042,4.7276473,728.4807116909844,139.26508660454203,1139.9302028667664,140.0411307112688,6.481164e-05,0.00029257138,1322.7432003154001,0.009907203,0.0013717557,0.02613494235788863,0.00781425205771638
-427.36462,6.525485,184.13367,6.2806573,-17.303602,4.0025935,58.974197,4.374609,-8.636111,4.289626,31.047577,4.078145,-7.5097494,3.9222353,10.420261,3.6039689,-3.1430302,3.1990306,8.677842,3.5628943,3.6583605,3.0011516,-3.235195,3.3683412,2.8102987,3.7318127,838.5368690067762,107.89526473828143,1309.4396368752557,138.74469167495747,9.068416e-05,0.00039743388,1686.3096020337878,0.009865874,0.0012279102,0.030715269721577725,0.012637338884732226
-387.7325,4.68338,161.72995,3.9196196,-21.739363,3.9719448,52.70549,4.015358,-36.655594,3.8234499,39.494934,3.4186697,-24.640144,3.6214087,22.181252,3.5270147,-8.501351,3.9513836,12.040696,3.6741633,3.3847063,3.1861804,-2.6188214,3.0271199,-1.8060988,3.0003014,1395.7282261451803,75.89767209864101,1823.1938881230396,55.299819958492165,0.00022154597,0.00038782222,3179.36994725203,0.009671555,0.0011762555,0.06038033823955916,0.006334390170708598
-438.38034,5.8580194,194.40407,5.375658,-12.4150095,3.6060886,51.36452,4.531612,-10.137308,4.0547047,25.308256,3.5003,-2.4006426,3.618551,15.840324,3.5597682,0.8588494,3.059637,3.329818,3.414376,2.4665124,3.1640441,-4.8270164,3.501911,0.95764965,3.6570761,728.0469803252707,64.79247091110412,1172.6225066178877,87.57115833547923,6.2504194e-05,0.0002235571,1314.924299412703,0.010052681,0.0012522917,0.025201430176914154,0.005534690625186479
-348.61066,13.013801,159.09846,11.316905,-54.254585,6.9380326,69.82477,8.919438,-41.39091,4.7611246,36.297104,4.578762,-15.929355,5.084979,17.926407,4.8065295,-11.207905,3.6526575,7.6998897,4.0153713,5.8841686,4.1226826,-6.3648934,3.7077792,5.0172734,3.543669,1661.5148782592526,189.58391160449392,1749.5405479299131,118.22788124788062,0.00052222237,0.001642004,3626.6710321200694,0.009038295,0.0013974076,0.09010998223607888,0.022472963590622952
-383.797,4.527082,170.35786,3.990572,-35.534718,3.8906498,48.138405,3.7484252,-39.1066,3.3931599,41.77031,3.4691699,-25.359129,3.1798465,26.374575,3.5375965,-12.217635,3.1658313,2.0598679,3.1878724,-5.524987,3.1072838,1.5349234,3.2863543,14.593197,3.3989892,1404.6807978337797,72.68212774367065,1739.9983246707122,54.58713128271614,0.00024649056,0.00033879685,2877.7552204176336,0.009002346,0.0009345753,0.06887484592517401,0.007680559042204905
-383.5303,5.0548806,166.1453,4.438474,-30.525219,3.7316043,44.176327,4.3804145,-36.47825,3.6975617,38.224987,3.4257956,-22.867014,3.4393446,26.0839,3.5011272,-7.3332586,3.3608325,5.70203,3.3003075,-4.6782217,3.4562767,-4.2634444,3.44858,8.609548,3.7151253,1399.915612518085,68.55057672026629,1738.8325849069831,54.21738165605229,0.00027216558,0.0008409839,2867.8629368474476,0.009120598,0.00096479384,0.07030456967807425,0.006923296083936033
-377.45697,3.978031,186.41048,3.394806,-46.466595,3.2938185,62.91308,3.4468987,-23.592915,3.0889962,33.796986,3.0234954,-12.280008,3.0537431,11.9773655,2.9266865,-5.486422,2.827575,2.5247908,3.0717125,2.8981478,2.9903295,-5.0396233,3.064746,2.83687,3.0057015,1119.476743998368,57.03351496622949,1413.3504450823755,32.27903770282807,0.00016012117,0.00017995207,2392.358851598753,0.010040883,0.0008985811,0.04845879857888631,0.006922438443638532
-389.54037,9.658362,202.25174,5.3161154,-44.81346,5.395422,55.462643,4.121835,-27.462267,4.36767,24.178993,3.759547,-17.685455,3.7089133,9.522099,4.3629384,-0.15914302,5.590745,5.5635366,4.5373616,-0.95321834,3.5817022,-7.3294725,4.5851693,1.7503648,3.5083594,1004.4347622201099,58.28983223471007,1249.981651350844,61.90512980783582,0.000110859866,0.0001221333,1935.9398790965777,0.010168648,0.0013121254,0.0497083907337587,0.007704489978611869
-393.04248,4.340524,198.51562,3.9712584,-45.735554,3.6245859,57.27888,3.665293,-19.226133,3.4026127,29.683716,3.1645966,-6.808475,2.9297798,10.936971,3.015073,-2.629654,3.139562,-0.22110708,3.1091437,4.7883644,3.1785195,-3.3453367,3.0437334,3.4798987,3.122195,971.0515642131409,53.87330671738623,1259.164085248348,40.98011720222473,0.000114379895,0.00033359707,1979.655778712297,0.010120602,0.0009530088,0.04154015915023202,0.005590149763318369
-384.31842,3.8723807,188.94846,3.2833996,-47.602413,2.9304936,63.672012,3.120543,-21.040821,3.1154501,32.627674,3.0108182,-10.332196,2.8045025,12.34121,3.0201566,-4.7198935,3.000815,1.9502224,3.087932,3.5275233,2.9277034,-4.6658545,2.835737,3.3273523,2.8467312,1079.6838540931192,51.50970659481036,1375.1609989867557,32.4491927167121,0.00013354006,0.00012782188,2318.416529963022,0.010064551,0.00074074493,0.04490374854988399,0.005949010376253418
-377.21786,3.9330413,186.92311,4.51564,-48.01399,3.4408057,64.51658,3.9077408,-25.829563,4.0440555,33.632954,3.1147308,-13.619171,3.2810762,12.68282,3.2165804,-7.014619,3.1866486,1.5843186,3.097135,2.2588055,2.9850507,-4.551665,2.9145477,4.032166,2.9060423,1145.195681045548,59.59883278716254,1428.446469262862,46.43654968579966,0.00020801254,0.0007178679,2464.552537249855,0.009858381,0.0007873697,0.049186122389791184,0.006733381532051925
-418.69418,7.334239,187.23161,6.4204745,-20.886627,4.169818,55.647167,4.204253,-16.49618,4.1009502,33.27831,4.115435,-4.6795263,3.8059514,11.617843,3.4373667,-7.0083733,3.082291,9.931432,3.4815915,6.600101,3.0600402,-2.310613,3.2085805,1.1523825,3.5645454,874.375609695822,106.2265348482266,1327.0126846592946,126.74054838743942,0.00012051826,0.000587088,1693.7537952254931,0.009891329,0.0010231805,0.0347665313225058,0.015810324388387326
-382.57394,4.4309335,172.82722,4.3842745,-41.044685,3.8374364,48.13732,4.1818132,-39.30622,3.729691,41.147785,3.2202387,-26.949877,3.3773732,24.831726,3.6928165,-14.650081,3.3104122,2.6996071,3.3272984,0.26406685,2.9591675,7.095803,3.0540464,13.871267,3.3709905,1423.103428178901,66.43225512378035,1710.580835160762,53.76036249956594,0.000295508,0.0007181767,2824.996374709977,0.0085322745,0.0008331161,0.0754864686049884,0.007224629955137875
-383.6055,3.8814077,192.37108,3.3572881,-47.539272,2.8831706,62.84619,3.1095135,-23.082457,3.0314362,33.010674,3.1339483,-12.614228,3.1201928,10.724349,2.9744308,-6.3637395,2.8324573,0.56362724,2.8473155,2.1658893,3.0967581,-4.85148,2.8698826,3.0194156,2.986096,1065.4586313855673,54.75876453526205,1354.6893585006137,33.56561334111349,0.0001346164,0.000101417936,2233.5577236803942,0.010029499,0.00089044933,0.046690336789443156,0.006313067507624453
-378.6728,4.0808306,169.98354,3.8286395,-28.01403,3.4155905,42.03362,3.3340406,-39.03032,3.158581,34.148823,3.060748,-23.166111,3.1026227,24.363832,3.1854093,-6.221365,3.1743157,8.778118,3.236572,-2.998826,3.135665,-6.9238253,3.0790792,-0.37819323,3.2135653,1346.9163678099599,67.77135299820797,1690.2079031292556,51.645665440585105,0.00022596418,0.00033899638,2684.2061974332946,0.009347743,0.0010441199,0.06791980858468677,0.006086769187166236
-371.07047,3.996357,156.3849,3.9593003,-38.022457,3.482064,58.61707,4.02158,-42.42127,3.750127,35.6458,3.0710979,-23.229856,3.1360636,30.832201,3.138531,-10.808378,3.0537095,-4.507135,3.3526025,-4.694564,3.4941356,-5.102674,3.5000129,6.677826,3.2071266,1627.4965006283176,76.87499670110061,1863.6409511860684,47.534991830653304,0.0003668006,0.00060760946,3742.6555589290892,0.008674612,0.0007695502,0.07610616661832946,0.007578747359291701
-396.2302,5.075692,176.17735,3.792928,-37.133457,3.3143895,49.134106,3.868252,-38.05575,3.4177418,40.221695,3.5530457,-28.622698,3.3754466,24.317924,3.122097,-14.992555,3.2128565,0.7086969,3.8564315,-0.4127581,3.2946968,7.81218,3.4981744,14.3835125,3.5601454,1344.526265756145,66.94639626704004,1666.002566164964,54.00947109088908,0.00021958725,0.0001362262,2597.4738525957077,0.008263068,0.00087298773,0.06992618003190255,0.008434788467331115
-390.2921,3.463797,203.61708,3.8811655,-49.52544,3.187547,56.790794,3.3751955,-21.94904,3.5720415,28.578766,3.173668,-9.207727,2.6875062,8.777678,2.9432893,-4.1348643,2.889439,-0.19866088,3.1161718,3.545184,3.0829966,-4.6989274,2.8719969,2.0194585,2.7537618,979.2345882464612,48.06658076401968,1230.9492768862676,37.7106210944944,0.00011567845,0.00029105795,1949.0546489812934,0.009994204,0.00070278306,0.04552344656322506,0.005433850328983231
-422.85788,9.039494,185.83559,5.4657483,-23.65788,5.240881,61.815556,3.8725574,-17.525885,4.3190145,34.122646,4.3833303,-11.28142,3.9876418,18.860653,3.6568203,-1.8268976,3.7903311,5.0493684,3.6952636,2.5161114,3.1714647,-7.8089466,3.2892349,0.20004708,3.9283075,895.8575432642448,97.75997033147966,1362.15149891656,108.32888768098802,8.4755935e-05,0.00012675048,1814.1348925101508,0.0099474825,0.0008429529,0.03150830191415313,0.008113075678079052
-396.7639,4.2937784,165.60938,4.2637167,-25.076843,3.793314,46.755768,4.1324406,-36.395214,3.933438,37.771675,3.5552776,-25.685482,3.4562306,25.632654,3.658947,-5.355999,3.5158322,7.4011827,3.394249,-5.3936396,3.399077,-5.3686695,3.1204648,7.8922257,3.4558024,1361.3422283186894,75.16319176526291,1749.8927426738253,57.791107481175985,0.00022865259,0.0006092735,2799.291425735934,0.008979903,0.0010267742,0.06546140878770301,0.008554511567596805
-394.18484,3.7832701,185.05315,4.6215816,-37.581017,4.092023,52.339165,3.433877,-21.991817,3.802631,38.636166,3.4457583,-2.7190237,3.3209634,17.898928,3.240587,-5.2764363,3.11504,2.5340722,3.1392286,0.5426482,3.0632946,-0.7318986,3.197896,4.3907375,3.3784318,1037.4050142253293,61.724197377331635,1397.3083392823185,62.3332197850254,0.00014921986,0.00046689957,2097.663727160673,0.0096899485,0.0008933518,0.042920035165313224,0.00709619232679895
-378.01392,4.1377983,162.27443,3.8797731,-25.769894,3.7667763,50.991425,3.9088514,-37.864223,3.7605002,38.54806,3.4656308,-24.674025,3.7499251,25.159903,3.5661604,-4.611377,3.288668,13.36547,3.2859921,-0.13803865,3.1146538,-8.158597,3.1796553,-3.2944567,3.7798905,1437.749705368318,75.95586891946668,1820.2918575083622,53.25349837331905,0.0002471635,0.00042595482,3234.127234084977,0.009688362,0.001250646,0.06594742423143851,0.006574936240504138
-391.3935,7.5108814,191.83292,4.712621,-37.979084,6.1947284,49.19205,3.932713,-12.50945,3.645785,23.431532,3.4831011,-5.9244423,3.2591665,7.7804613,3.2075295,2.0346339,3.4392068,2.5941978,3.0652916,6.025155,2.983301,-3.8438435,3.2753186,2.1169329,3.0659878,959.7926696166171,75.22534718836418,1250.1669701031412,60.582955497661864,0.00012477771,0.00044511762,1935.789996012181,0.010124813,0.001646446,0.040043594112529,0.008531971487596704
-391.63678,3.689498,195.96994,3.6609914,-45.390198,3.4783933,58.364174,3.764575,-17.39524,3.2923005,28.993488,3.1152394,-8.616175,3.00076,9.276667,3.1443756,-3.951143,3.1046124,0.94352716,3.154868,4.3757014,2.8151011,-3.8711329,2.875805,3.1148744,2.8242009,986.8995558415004,56.26257700335583,1276.106047910266,36.91902217105065,0.00011916911,0.00025689544,2031.265520772912,0.010093605,0.0010243859,0.04233772295533643,0.005726603342962519
-388.49506,4.986107,158.4772,3.6283777,-24.606169,4.0889974,52.721016,3.7934313,-34.63175,4.1384115,37.91955,3.4332223,-22.464455,3.319971,23.40349,3.8719523,-6.3892126,3.1203203,12.163238,3.645471,1.5568763,3.1172113,-4.6098475,3.2132957,-1.3952713,3.5175889,1415.9744686369536,77.27562188283403,1822.474983260388,53.68538900010153,0.00020798389,8.734408e-05,3261.8056436702436,0.009325751,0.0012644441,0.05759113072795824,0.007183550001486676
-378.03748,3.7504683,187.7559,4.0826273,-46.914433,4.0667725,63.7807,3.7477787,-25.305485,3.5128028,33.29067,3.2105742,-13.630593,2.809128,11.299252,3.121426,-6.795768,2.9124594,2.1890872,3.1467063,3.111865,3.02058,-4.1374393,3.2021112,4.0068307,3.0123837,1124.0549514357765,55.47424034439672,1413.1760884930516,40.69276075352828,0.00018436833,0.0004621867,2397.72966212297,0.009915622,0.0007232175,0.049759371374709975,0.006635563646692668
-389.00797,4.3237658,167.89467,3.576015,-33.064747,3.7059436,42.92791,4.0916877,-37.774784,3.5015552,36.12382,3.3270178,-25.344992,3.3202446,22.096256,3.2028487,-5.4169173,2.968195,5.183356,3.6317677,-7.645228,3.2800171,-4.699254,3.3693306,10.100493,3.1220028,1380.4228928667815,63.807437035352805,1677.7374093179276,46.02779270863333,0.00022895486,0.0003503145,2724.175019939095,0.00881119,0.0011273205,0.07139102378190255,0.00720828151417229
-364.87354,15.05883,156.10005,13.8899975,-56.022087,7.281163,72.94453,5.628813,-22.673588,4.953804,27.088722,4.470839,-16.329056,3.5947323,18.600029,4.5967655,-4.3439984,4.4084244,2.420024,5.056624,-3.6731904,4.217362,-4.7830434,3.737379,10.214167,4.53595,1567.5185189915203,221.20513410026086,1642.1849518144406,81.73975431154578,0.0003966239,0.0007982427,3292.3568123731147,0.009084736,0.0025492457,0.07826094837587007,0.022127989495984244
-385.3326,5.5406446,162.77592,4.206723,-34.969913,3.5912123,46.587933,4.5361786,-38.229767,3.7010696,36.584724,3.4668014,-24.809645,3.3930018,25.372,3.5236325,-6.10131,3.0518546,7.2594824,3.2655168,-4.2065935,3.3900042,-3.9793675,3.447075,10.183354,3.485707,1459.1835033241362,77.90673782170292,1754.4181906895674,58.22950634366771,0.00026461037,0.0004656307,3078.873339164008,0.008827691,0.0012565922,0.07296915784512761,0.006623379200643448
-378.5256,4.502445,184.59448,3.3888211,-49.233425,3.2921054,64.732765,3.5811596,-23.76722,3.348471,33.731026,3.0351608,-12.593317,3.0695634,13.86034,3.21226,-4.725762,3.1237037,2.6029696,3.1765635,2.686003,2.8973618,-5.1624565,2.9005911,3.2330565,3.1565096,1155.5552382720962,63.80176269148266,1437.9012963913483,33.700878053024475,0.0001754778,0.00021164282,2512.9148124818735,0.009688235,0.0009355643,0.050776718387471,0.007015962904705492
-389.04205,4.3061457,189.29524,3.818023,-43.921913,3.654145,61.08324,3.4500046,-18.934011,3.55613,30.734264,3.0752296,-10.276075,2.9764347,10.397576,3.107157,-3.9027057,3.1128166,1.617847,3.1807556,4.008693,2.9510214,-3.3318026,2.9624104,4.8861666,3.0489993,1036.5977679718258,53.838480860881674,1349.2785502802383,38.537955201365456,0.00013549892,0.00022501517,2196.761426460992,0.009890373,0.00091363525,0.04311262869779582,0.005670710387007154
-381.0542,3.842286,190.29967,3.796688,-49.961525,3.3415945,61.656723,3.8768032,-23.29507,3.46345,32.325546,2.9849584,-13.752411,3.1131036,10.194184,3.0189753,-6.7215085,2.6772203,1.4548124,2.8801606,3.488985,2.617097,-4.1150894,2.9152732,3.9456954,2.7802608,1116.2604061609773,53.655639513968744,1377.6867686992423,35.50607659017115,0.00016335248,0.00026441712,2340.2744797708815,0.009616115,0.0008010357,0.04949540494489559,0.006878373762598687
-395.47266,11.318558,168.1859,6.7454085,-41.29587,4.4719424,48.05124,4.0143313,-11.025573,4.7143083,35.626114,3.938596,-9.133076,3.752079,16.537024,3.673665,0.29558885,3.2295,7.537724,3.2436073,0.1502646,3.6378028,-7.0175896,3.6351495,0.024274752,3.5499015,1219.6023092889316,91.78917299398918,1465.8740819771042,73.23795879126405,0.00017379402,0.0003482132,2373.223777824101,0.008790128,0.0017361158,0.0655259842662413,0.013212749221917171
-445.97784,13.056825,195.5848,6.785767,-10.755324,6.8197093,45.471096,6.1962285,-7.7095957,5.2677174,24.163868,4.5395203,-0.030589394,4.62516,12.729265,4.4425993,1.9975312,3.7641268,3.2705386,4.1885023,4.0750575,3.585426,-1.2696297,3.9773378,3.8096333,4.226273,707.5226665506101,109.99393434259683,1128.246542744185,117.34220848963785,7.982268e-05,0.0005640712,1278.053060651102,0.009672511,0.0016556634,0.026344529437354988,0.008935221296411219
-389.2835,8.3855,198.60086,4.95382,-49.669968,5.9286375,56.08406,5.666724,-20.964378,3.694843,29.683441,3.3353837,-10.167268,3.2414465,9.78922,3.4652534,-3.7881012,3.208569,0.18109329,3.3268623,3.0135934,3.0868506,-4.8335304,3.161292,2.1817617,3.166404,1023.3128297030363,55.41986382320298,1270.8795460738013,50.44653204921048,0.00013403618,0.0002770164,2054.297554741879,0.009526246,0.0007535851,0.048293394721577725,0.00658824404670142
-379.85492,3.8245633,186.67235,3.8317573,-49.021645,3.7144637,64.951256,3.7526329,-25.938404,3.4004571,34.564846,3.0587811,-13.100525,3.1865091,14.371785,3.0939407,-5.0691214,3.0548472,2.783655,3.4591265,1.7319067,3.2126322,-5.777723,3.1763265,3.4715588,3.2670863,1144.799280174176,57.962998516656704,1433.2338539894854,38.18379857971375,0.00018702788,0.0003406242,2466.176270664153,0.00962777,0.00077793555,0.0492246410962877,0.006847732872654751
-369.65945,8.185773,152.96379,4.39993,-31.440437,5.898577,55.810116,4.4705763,-37.32973,3.6166716,34.621754,3.7479796,-22.496595,3.7512245,19.033733,3.3833435,-11.7406645,3.6342483,8.996487,3.3740985,5.4111004,3.3087573,1.8270321,3.4147048,11.68771,3.5054846,1558.2209847608797,100.22058168556902,1858.9630248632716,53.078867408905076,0.00030430208,0.0004937692,3625.3720453886312,0.009641829,0.001378957,0.062983749637471,0.0069317235245485356
-388.83755,4.5799766,173.43445,3.8261533,-42.37066,3.6081827,46.68668,4.0453243,-39.47707,4.0950236,37.498337,3.3011172,-25.848059,3.4805439,24.573997,3.4553587,-11.173304,3.3587735,4.71975,3.4894452,1.908821,3.0530615,9.09398,3.3912663,14.744086,3.5103655,1387.3923132161788,68.59055381867668,1649.4342391337939,50.917830471072534,0.00024036434,0.00022594891,2682.507522476798,0.008506233,0.0009546803,0.07383016422563805,0.007504732761503315
-388.52512,4.087796,197.14856,4.2912836,-49.428593,4.3163614,59.933857,4.1640286,-20.466331,3.6401072,29.398659,3.2416122,-9.977496,3.0371418,9.915787,3.0861907,-3.8417912,3.0771482,0.49418736,3.2274513,2.6210723,3.1224475,-5.1554804,3.115574,2.7301931,3.1763701,1027.615892195133,51.16028729251179,1289.9762533883847,44.13894479589984,0.0001405903,0.0003431001,2119.671560052929,0.009689436,0.0007615513,0.046340269721577725,0.006411997137238015
-376.40195,5.538564,160.09375,4.061338,-23.932762,4.0037365,47.910774,3.8769891,-36.774326,3.4829123,36.559917,3.6296096,-24.55762,3.3590715,19.14311,3.3048937,-9.223475,3.2602956,10.263484,3.4190872,4.623217,3.439567,1.4917777,3.1894734,3.463956,3.343118,1448.8537670742237,84.4259884296268,1825.7190052078981,57.794676399070866,0.000306193,0.0008291891,3306.945432587732,0.00932972,0.0013906764,0.06458340886020882,0.006803585975089821
-399.22824,4.618919,183.5434,4.223267,-37.572346,3.8873656,53.377346,3.6061878,-23.057873,3.4205377,41.042168,3.3393445,-2.2168393,3.4549904,17.844374,3.537018,-8.544871,3.0162892,0.39559987,3.6422744,1.2526672,3.3037982,2.6308396,3.08795,8.539354,3.3238,1055.0286726791956,62.442407668687466,1418.9534313776621,52.88131378558828,0.00013740684,0.00021930311,2135.609128027117,0.009386267,0.0009217409,0.044794989849187936,0.007372543638447353
-395.47195,4.550145,167.64734,4.4459167,-36.735332,3.9809077,44.00403,4.309785,-38.40106,3.6836889,35.765877,3.8623474,-26.294622,3.3691342,22.78434,3.2691612,-9.908926,3.30178,4.932988,3.388211,3.5164778,2.9322598,9.908382,3.0485978,13.746869,3.573153,1396.9784621983938,73.9527599064303,1678.1438498240059,58.937272248650096,0.00022778074,0.0005865727,2732.0938428980567,0.008954447,0.00092750235,0.07004626776392112,0.006621317074752268
-381.46237,11.235397,171.76872,12.008278,-34.269905,6.0026445,66.69658,4.7935033,-30.455318,4.006755,33.828873,3.7869456,-15.012183,3.9301548,11.564533,3.4107707,-4.747399,3.1649868,5.1358104,3.4870918,4.7393384,3.3507962,-4.8892555,3.548746,6.8948565,3.6325145,1235.924712806545,159.8913434038843,1588.7386477334285,121.52858342685118,0.00023630774,0.00046240905,2841.5084945076856,0.0096316915,0.002831996,0.05034508229408353,0.009928790326515623
-405.49463,6.960045,187.85112,4.5351996,-32.874043,4.533301,48.832603,4.2185054,-20.167751,3.685697,35.245064,3.8553178,-2.0935137,3.6691878,14.740805,3.4042492,-6.7387877,3.2236803,-1.4228871,3.6063075,0.13279139,3.1136122,0.7701564,3.481296,6.659927,3.6294324,980.4645395992293,69.97342169084706,1329.5464275588815,55.93733817811184,0.0001330994,0.00052414305,1882.0069492278133,0.009320257,0.0010783249,0.04243062101218097,0.0076622017039065585
-391.2737,4.2527037,197.60847,3.4241047,-47.90587,3.4051862,60.97316,3.2366114,-21.235039,3.1660879,29.780483,3.0808907,-11.586126,3.2175543,9.810042,3.1470518,-4.089519,2.7034128,1.357273,2.9970036,3.4870667,2.8205924,-5.092393,3.126164,2.5245583,2.9587314,1012.1504024604104,50.43181160834513,1290.184907174579,32.97759009198821,0.000120911,0.00011657872,2083.0251459179235,0.009672765,0.0007620093,0.044817647911832945,0.005271156616908154
-386.78094,4.60975,166.22215,3.91702,-29.877596,3.6639297,46.186337,3.9415781,-39.618973,4.1640244,36.47616,3.4237635,-24.4392,3.2311482,23.056877,3.5354693,-6.0675616,3.1961415,8.953768,3.1198094,-4.964164,3.146386,-8.114558,3.1036353,3.024952,3.3642066,1416.5391196129372,69.52819153865819,1752.4035133404593,55.039696667950736,0.00030671083,0.0009907932,3022.592240973028,0.00845958,0.0011383662,0.0694118420098608,0.00730347933938856
-386.5041,4.6051435,166.36703,3.7479782,-31.029799,3.789947,43.538155,4.2627482,-37.769306,3.9944186,31.818214,3.4249976,-23.217663,3.244407,21.609247,3.574992,-5.205178,3.1773384,6.7755117,3.3746955,-4.21612,3.3127384,-7.620575,2.990232,2.0177875,3.3082914,1367.9943841399354,72.25666203619815,1675.8531160613268,54.39885862112045,0.0002177192,0.00027891534,2779.3319949970996,0.009030403,0.0010780196,0.06731143960266821,0.007712009221303462
-433.63156,8.958126,183.9391,5.0217133,-6.7007074,5.615712,47.48439,5.192176,-14.334105,4.383199,32.414593,4.715311,-7.674221,4.1016426,19.661945,5.262752,-0.84279627,3.6524348,5.838388,3.7631407,4.435296,3.229747,-0.98428905,3.5965955,3.9867337,3.5796735,807.5066444383664,73.23926002229787,1326.263300033358,82.02569323816152,6.590163e-05,4.4554527e-05,1451.6676334106728,0.009718154,0.0013944263,0.026949499709976798,0.005124755158484538
-383.6836,5.0239706,167.00496,4.172812,-27.419525,4.599677,42.940594,4.5615644,-38.477833,3.6702049,36.54641,3.851525,-25.24195,3.6090546,21.240414,3.75507,-5.9516764,4.1449823,9.627893,3.9242127,-1.6936525,3.2497656,-4.714717,3.4282424,1.7949659,3.3679879,1346.9945742423029,68.00568588626305,1706.8664753741186,58.94904505364565,0.00020484635,0.00055231544,2724.4997666219547,0.010330057,0.0015590551,0.06414270954176333,0.0058558718539315005
-436.55038,47.416344,184.46454,11.471265,-25.088408,10.910993,40.059414,7.3296895,-6.9697695,9.138783,25.11475,5.1559687,-1.5032523,7.245375,7.9538727,5.555759,0.9862143,6.5887275,4.411524,5.889728,3.8800068,4.8904586,-4.47172,4.881509,0.6217002,6.888334,908.6424086508479,89.5774589353553,1237.012296592296,99.35662117995336,0.000103861916,0.00029246195,1746.0380111658933,0.008372561,0.004052319,0.040633836644431556,0.01102432165147583
-360.83664,4.4607463,140.32047,4.504638,-38.31803,3.4747853,62.38893,4.259344,-42.520924,3.7331345,29.67464,3.6969726,-24.236185,3.2688124,31.12917,3.2699242,-7.433571,3.4322112,-0.51067865,3.4894261,-2.230078,3.2133904,-6.5196276,3.2069278,3.214383,3.2513824,1892.0555503653738,104.83041026588245,1974.4744588694457,50.469851537663466,0.00059352245,0.0013071526,4357.550912666763,0.008229785,0.0012523474,0.09496220635150812,0.010123183469058262
-387.4465,4.9875107,176.5576,4.1924706,-38.156982,3.3524837,58.82841,3.6581266,-26.359243,3.4302225,43.827507,3.6498876,-9.857143,3.2658482,21.991129,3.5354307,-9.810909,3.0525358,3.065019,3.2009382,-0.4509535,2.9008324,-1.7916362,2.833868,5.6675286,3.4124703,1175.6739117183336,75.5714272197638,1565.8960531840398,60.47822899932932,0.00018305129,0.00018206789,2525.70483568373,0.0094609335,0.000918701,0.04552118075696056,0.007028006196059043
-354.58646,10.360473,169.88815,7.094084,-51.830654,5.9894447,71.04662,4.914733,-38.598515,5.214265,37.068344,4.8034678,-18.58288,4.8066044,18.150803,4.0728703,-11.138595,3.978453,4.5345936,3.2561114,2.3169982,2.9575558,-5.373698,2.977369,5.1326594,3.1946037,1464.609646736411,133.00546282964584,1668.8140457830632,103.58781923674454,0.0003703749,0.0009999804,3278.5176075804816,0.009446044,0.00071546325,0.07363983649941995,0.011800345346782818
-399.945,29.100733,194.52124,5.955696,-70.36764,23.077524,55.752266,6.233619,-13.456913,6.5751295,27.178913,3.9707198,-11.183631,4.572281,10.022985,3.393198,-1.8038832,3.3901207,0.9568102,4.0614305,0.004711319,3.9143527,-6.2662854,3.440458,4.0061407,3.5532064,1213.1617754235838,206.20026506112077,1238.6967793173321,55.42753300853308,0.00016633596,0.00034857326,2278.5476295134863,0.007816377,0.0015990884,0.07955245794663574,0.033126436134987836
-370.53793,55.599335,153.85057,34.79739,-64.55487,13.430246,69.101166,16.803812,-44.458168,17.758364,39.721416,13.95863,-27.205166,14.062169,23.623423,11.553121,-12.436503,9.025961,6.826665,7.265995,-0.51202816,4.028721,-5.050259,3.527712,8.03277,4.450293,2083.3581043578415,857.782034322222,1799.2127448328265,422.7026292832539,0.0014970029,0.0059609227,4125.332053908062,0.0065833633,0.0016662088,0.14675853755800464,0.08775061290917605
-385.5212,4.7391577,166.02275,4.0351863,-37.562157,3.6418242,42.246536,3.9988043,-37.38398,3.750262,36.97238,3.4984102,-23.62671,3.3480828,23.623793,3.555891,-10.694263,3.3165338,0.8541376,3.4955525,-1.9521798,3.2585747,5.315647,3.0006158,15.987146,3.5440698,1449.5935124544153,67.84424526925712,1710.6705976755843,53.595692734621146,0.0003184096,0.0007168331,2906.20802593895,0.008040417,0.00096252933,0.077139374274942,0.007842741371102926
-418.2877,7.0524364,188.7969,5.1802344,-20.8047,4.143098,57.62818,4.395944,-16.356298,4.4939127,29.0894,3.9762363,-9.822283,3.774995,8.983302,3.4696536,-6.334371,3.1285536,8.874185,3.5707963,4.893748,2.9667344,-2.224713,3.597557,5.9549255,3.6405447,877.1655231948989,90.17063992476021,1313.7614529448088,107.1083750366889,8.2635706e-05,4.8795402e-05,1720.5079257903133,0.009503969,0.0009280615,0.034458381670533646,0.011852369221287514
-452.112,11.5457535,194.50822,6.3026633,-5.3933473,6.9251122,41.585304,5.922603,-5.2644553,4.419836,22.035347,4.2335534,4.1117325,4.495906,11.934319,4.5875926,1.9097832,3.742511,2.4501367,4.8203845,5.2036486,3.5229487,0.16161755,3.6386862,2.7868383,4.390192,670.200731407639,88.76469907122475,1093.2621472740148,102.72020317761279,4.0888717e-05,6.991482e-05,1197.291058675319,0.009724265,0.0015236875,0.02335932968387471,0.0068021075841480354
-383.66516,6.3711843,171.06068,6.9327726,-37.48325,3.9615057,55.89809,4.049715,-25.381306,3.5581486,42.354263,3.9381506,-10.399566,3.5144043,22.16244,3.6098738,-9.211282,3.336555,3.840162,3.0754275,0.7251562,3.3336282,-1.6846536,3.2683296,6.5632343,3.6255398,1242.9963251654872,109.70150806091821,1615.369860781959,88.59960187986334,0.00024007555,0.0005174057,2692.674591701711,0.0091590565,0.0015490075,0.048676315980278426,0.008530297783115835
-384.5158,10.885937,186.96161,8.0379095,-37.7516,5.6726475,54.993027,7.0044265,-22.858498,4.68777,26.502861,4.2045717,-16.100681,4.282583,10.519454,3.2462873,-3.5160427,3.4811354,2.0008862,3.5370648,1.2580029,3.5021384,-4.5602417,3.5246835,6.699273,3.3485203,1071.990705602576,84.53859106952766,1375.534232534064,100.61628331834982,0.00015953972,0.00044781747,2178.650553763051,0.009962806,0.0013487097,0.045773818155452436,0.0071199757755939005
-364.19327,5.675905,161.32341,4.6292496,-48.956154,3.9245636,63.4371,3.6852489,-29.630678,3.2529466,49.206318,3.5324552,-15.3904,3.288064,24.706501,3.3302686,-13.267211,3.2167115,4.544072,3.0101757,0.9764124,2.9380488,-0.364645,3.1215847,9.49173,3.0964777,1514.243230765072,100.46497720015266,1779.5558445298595,59.482629604326235,0.0003744736,0.00075549836,3404.369437445621,0.009105656,0.0007882493,0.06815998404872389,0.00889890124447361
-387.98145,3.6268902,197.32898,3.5460296,-48.887436,3.7069662,59.208935,3.5109565,-20.908098,3.1155303,28.537132,3.0410044,-9.253834,3.0392022,10.385515,3.0568454,-3.684441,3.1006033,0.97504723,3.02824,3.128706,2.7214017,-5.4660196,2.7882974,3.0856798,3.2467692,1020.7478817231103,54.63292892608173,1285.2307518686066,34.652045613334764,0.00012892019,0.00018674442,2103.4092453958815,0.009699202,0.0007580137,0.04546680140661253,0.005642576650537698
-383.56943,3.5951824,191.272,3.4532661,-47.1338,3.2292714,61.821083,3.0367477,-22.78753,3.0774593,31.107578,2.8440945,-12.495874,2.8273215,10.261308,3.2214017,-5.8871565,2.83182,0.880316,2.913721,3.3239074,2.9323368,-3.063198,2.8936915,5.010087,2.9386272,1076.4906553213661,54.532611959135885,1357.656533436289,34.1840402863644,0.00014279845,0.00018985443,2259.612399851363,0.00984944,0.0008041141,0.04633233939965197,0.006273305605883751
-378.94547,3.997541,187.71085,4.4260716,-46.24168,3.6318715,63.982952,3.8558273,-26.016916,3.4007165,32.33085,3.3395176,-15.149324,3.007669,11.451496,3.1354606,-6.7794313,3.1843443,2.2948275,3.1105142,3.1209252,2.8656793,-3.1875782,2.78249,5.37314,3.1201649,1120.325491604213,59.05409793078198,1416.391583190504,46.646480699149244,0.0002014599,0.00074770954,2392.0840659440255,0.009981879,0.00084799173,0.04838969148781903,0.00596174059964003
-389.31195,4.7754116,169.68623,3.903654,-37.714386,4.1278577,42.8394,3.9882224,-40.749153,3.672836,39.252464,3.427638,-24.739054,3.8737242,25.9498,3.4432201,-12.101717,3.1325932,3.0315423,3.0300205,1.9669496,3.1485975,8.009845,2.830298,15.125115,3.276525,1408.7659504311996,62.837982906169394,1701.0425121234525,47.09497078551536,0.00021402558,0.00027413084,2762.045479263341,0.009100144,0.0008067982,0.07045071418213457,0.006155575557417677
-393.0628,5.2641535,184.12866,4.3135753,-38.489067,3.5787861,52.429344,3.8531985,-23.908577,3.4378102,40.140354,3.6008646,-4.829491,4.210092,17.65672,3.6372273,-10.053874,3.2241714,-0.45987234,3.0108817,1.5787438,3.1552713,2.561766,3.0174503,7.8907437,3.4205863,1079.4226217055877,70.78262716587865,1421.2903812378354,60.618251747025816,0.00015649248,0.0003313362,2162.5880832185326,0.009445687,0.000898779,0.04965967589907193,0.006486742560495386
-379.06155,3.7768848,189.18503,3.8077726,-48.12789,3.9355316,64.266335,3.7416937,-26.74394,3.6566274,34.385998,3.1907353,-14.285664,3.2103777,12.006731,3.0654664,-7.6014686,2.977736,1.6881108,3.0866427,2.1849067,2.87437,-4.1263614,2.8853984,4.588816,2.8121057,1127.2224799864093,53.83935085911047,1413.0166013001292,39.11769926858337,0.00017480251,0.0003437831,2392.1340269721577,0.009902874,0.0007405637,0.04870690436484919,0.006206987372614243
-382.07712,4.35629,170.9165,3.8104177,-41.01975,3.3855624,46.596554,3.8800867,-42.01216,3.4414628,37.973385,3.3102624,-26.861305,3.2567723,24.685375,3.1373553,-12.721385,3.1240122,4.062489,3.279222,2.6928031,3.241398,8.131819,3.2045844,13.749814,3.563522,1438.6026815085181,72.71233572036338,1703.3257824975517,54.44023787289092,0.00026132076,0.00029915583,2876.9808244815836,0.008802157,0.0009967168,0.07503444025522042,0.006917474056063568
-406.78625,6.9388037,182.87091,5.8581853,-24.967869,3.859342,53.26052,4.4577856,-15.406141,3.896167,30.54751,3.8499033,-7.56694,3.798243,10.174837,3.5861359,-6.717949,3.2044215,7.6429086,3.1764858,5.1958785,3.2242758,-0.5613723,2.9307358,6.602862,3.6345353,962.557134146077,102.16159460551948,1379.7935123213974,122.0507494139384,0.0001075189,0.00014654611,1951.6026614160382,0.009520941,0.0011770326,0.03931627030162413,0.016395993723549898
-397.51474,4.316849,186.1827,4.1220827,-39.32273,3.3797183,53.673138,3.7450097,-24.183079,3.666511,39.912586,3.3410904,-4.6131,3.0827794,17.876793,3.4761713,-6.9829535,3.467537,2.3902955,3.1931658,0.98961985,3.2381046,1.3244653,3.2876883,6.7453766,3.5197241,1053.9009487247292,62.04024541824287,1411.5334663550675,50.147543727103624,0.00014649004,0.00022347366,2137.2578419554816,0.009252327,0.0010257602,0.042008048143851506,0.006339133940328092
-404.46298,4.6435113,180.68925,4.916294,-39.89654,4.284682,49.85591,4.2038875,-16.622139,3.443962,41.709415,3.4781415,-8.999089,3.651443,17.302387,3.5026236,-4.0558605,3.3299758,10.226122,3.1348832,-1.8049351,2.911599,-5.717653,3.0933642,1.495172,3.312205,1101.5007296367844,70.05477949822453,1424.3770628424195,66.34225410460115,0.00019542308,0.0011452938,2070.8846160817866,0.0088316435,0.00083907595,0.0591805938225058,0.008477121784440456
-390.16443,4.579174,159.34454,3.7929652,-24.34509,3.5768402,52.488934,3.804276,-36.603542,3.2183914,36.625324,3.5295658,-22.103897,3.575292,21.672842,3.504121,-7.062703,3.446128,13.982623,3.7806058,3.237862,3.4017358,-4.521737,2.9982147,-1.1179507,3.2502344,1404.3214664266598,67.60408177881327,1806.8770132976456,51.67246071147536,0.00021293951,0.00025344544,3236.2505777805973,0.009321792,0.00095378683,0.057174222375290025,0.006676370504279831
-400.1075,5.1180825,184.09767,4.78176,-36.508625,4.17106,50.336212,3.6608868,-21.667675,3.6186063,37.01726,3.514562,-1.977856,3.7463534,15.280107,3.6878684,-8.116119,3.2658749,-1.5214951,3.2458615,-0.26240018,3.032285,1.3507816,3.2515209,6.4030395,3.5202866,1043.5726823562875,71.41190209313163,1384.2036564928212,57.20916574491252,0.00013660335,0.00024778413,2080.027484229988,0.009349334,0.0012359773,0.04288378226508121,0.007685069419806041
-427.87595,7.41367,184.51845,5.540321,-19.234879,4.4487596,57.111523,4.7218647,-10.611903,4.1198773,33.17208,4.2139006,-7.2899036,3.5326524,9.757662,4.065929,-2.997993,3.3851457,10.771314,3.673465,4.402656,2.9336505,-3.2614384,3.3521512,2.70323,3.8216662,856.1435657249015,93.85317535320446,1322.326189181478,116.20095493416464,8.830025e-05,0.00029847058,1702.5968972049013,0.009598649,0.0012307395,0.032043032192575406,0.013645977980943424
-365.3412,6.2180386,154.40857,4.7311625,-43.004467,4.461504,71.52891,4.0357814,-25.046707,3.8080897,46.46004,3.6232522,-21.360106,3.16521,25.269407,3.3510273,-10.104462,3.3013375,9.157542,3.1414895,1.257099,2.9195576,-4.075228,2.8181124,6.25001,3.182773,1562.8916396266852,107.92718501325633,1873.5103803188085,61.190993997800604,0.0003851973,0.0006738244,3630.8427779691124,0.009317677,0.0009067317,0.06413024760730858,0.009818798704291065
-379.68164,6.1922536,195.02315,7.1786933,-52.783054,4.2515693,58.562756,4.2171173,-22.099115,4.395567,22.354624,4.2095103,-12.558882,4.013088,11.827337,3.5805528,-5.576167,3.4644673,1.4513421,3.293118,1.1177733,3.0238085,-6.8157005,3.1247077,7.3878465,3.311614,1099.3216475268541,102.12052189233431,1306.6115435173135,83.43852375722983,0.0001606947,0.00028922345,2299.1815341321058,0.009554478,0.0009837248,0.05277515951276102,0.00884555733673322
-411.56207,19.150843,198.05899,5.8533545,-32.0801,8.741329,50.723907,4.784572,-11.089531,4.391751,21.521149,3.985957,-8.053212,4.548671,9.802065,4.4670978,1.295847,4.243701,3.9523082,4.356589,5.419406,3.5887766,-4.385339,3.1688023,3.9474084,4.1016707,858.7538070524489,97.70411923565776,1181.826925163017,75.05014943724795,6.876742e-05,5.6065594e-05,1699.724138087297,0.010191207,0.0016739992,0.034111713312064966,0.0072928322919893285
-384.5272,3.7582226,180.89401,3.8153875,-47.139675,3.5033276,54.64348,3.7623997,-27.90267,3.5562437,42.889545,3.5766652,-6.007903,3.344989,17.911781,3.5466876,-10.855548,3.361439,-0.08540015,3.2316992,-0.29287875,2.9250753,2.2735155,3.3912616,8.625052,3.4537528,1198.697416019508,68.66675835366215,1486.193651861583,49.97248931137172,0.00020361242,0.00035417985,2470.8975878226506,0.009085231,0.0008466144,0.05643330372679815,0.009840598769037706
-366.501,12.457355,176.80858,10.013885,-51.78397,3.4883342,71.01333,5.6662016,-33.262367,5.2198706,42.27179,6.810259,-20.284157,5.2211385,13.48204,3.453775,-6.858276,2.9253318,1.2280728,2.9666955,3.0660415,3.0850883,-3.9427052,2.9680176,6.363401,3.5817683,1372.570737530155,181.03940917607778,1612.8688070289095,151.53001673243668,0.00026428854,0.00017954478,3136.228599459832,0.00948239,0.0007435841,0.06240936774941996,0.011231359048802425
-440.9781,7.299439,192.88635,4.9000735,-4.524372,4.746011,43.27982,4.681208,-7.3898015,4.2035294,21.649452,3.9015436,0.39355293,3.8348393,8.026821,3.853618,-0.6173929,3.3759806,3.729607,3.8152473,5.3569016,3.182814,-0.76660115,3.1748571,3.2508872,3.7735221,703.2193352500606,73.36410019368051,1134.8659141068945,98.9541018459566,5.051604e-05,0.00010436031,1242.4808086209396,0.009790533,0.0014230657,0.026065835266821345,0.00765260543814803
-390.75543,4.311328,172.79819,3.400362,-38.65024,3.8467958,45.96272,3.6616151,-38.88849,3.8073523,39.767982,3.4415004,-27.646856,3.2167623,24.830997,3.4685395,-13.661,3.0366786,2.1551023,3.3027854,-0.72833765,2.9833555,6.598341,3.077566,14.837965,3.484718,1398.9614519345619,60.584683714143274,1697.954288129758,45.88898604380716,0.00026188805,0.00033526015,2733.367849115429,0.008176021,0.00072304683,0.07202884824535963,0.007616515425392191
-384.4073,3.7515085,192.66263,3.2661428,-48.040165,3.1906762,62.62913,3.273449,-24.289457,3.3646948,32.674572,3.0723245,-12.911113,3.0592158,10.753113,3.0284216,-6.7063603,2.8874178,0.3708426,3.0576122,2.1108732,2.926977,-4.422697,3.087873,4.5757723,2.8412786,1077.8203721260331,55.492890050623245,1358.8208900903492,33.14579954585093,0.00014240266,0.00014803308,2251.843459976798,0.009802534,0.0008164788,0.04652493293213457,0.006421323535951149
-390.17117,3.8740704,196.39297,4.2517257,-46.985764,3.8090956,58.28559,3.7586222,-19.567415,3.3693986,28.457125,3.4467719,-8.476197,3.1805708,9.856295,3.1603549,-3.6050344,3.075983,0.4284918,3.2826643,2.7517245,3.1079223,-5.632749,3.1565435,2.7766356,3.129893,1014.7501834750574,54.64499001291292,1282.667760417907,43.65332451458811,0.00014134852,0.00041493858,2080.5270945113107,0.00968643,0.00086869835,0.044933204031322505,0.005845185577585285
-390.05154,3.6182966,197.16205,4.4895287,-48.195522,3.6993341,59.63219,3.953601,-20.660236,3.3218572,29.560337,3.4770188,-9.258398,3.0942924,9.540934,3.0905128,-4.4211087,2.710145,0.7827108,2.8708067,3.0709336,2.803962,-4.9977217,2.9820604,3.1639535,2.966515,1014.7002203053346,57.640378482570874,1287.289740902128,48.93679903273929,0.00015966217,0.00073218124,2086.672300971578,0.009673948,0.0007924916,0.045194904654872387,0.005869762128920854
-382.23514,5.093408,158.43242,4.2731533,-26.532206,4.4259577,44.44693,4.311366,-35.572186,3.9541378,34.655815,3.287047,-21.67842,3.1044776,22.725878,3.3424814,-4.79579,3.1908305,10.393797,3.3180432,1.5346241,3.247699,-5.36385,3.1454935,0.10673226,3.338695,1442.908438064535,82.15945910040173,1785.80583103624,61.92195655354761,0.00031951774,0.0015047346,3156.1880301986657,0.009192635,0.0013558508,0.06699875833816706,0.006162351999516038
-385.3098,4.753982,174.24342,3.6275613,-39.12677,3.4136033,46.873558,3.9311874,-40.21933,3.6402729,38.905186,3.6886148,-28.488462,3.2845385,24.168375,2.9400153,-12.799168,2.9979377,2.5399044,3.3103273,-0.23905794,3.0809808,7.2157087,2.7804644,15.415074,3.4574707,1388.521816177312,61.13792756913451,1681.1285049182202,49.79334215008864,0.00023193964,0.00014229165,2703.2663296657483,0.008735575,0.0008792846,0.072749374637471,0.006851778288046941
-378.07928,3.7061899,185.58948,3.3568647,-46.89756,3.5757122,64.32619,3.4311352,-25.23621,3.300461,32.040146,2.9457428,-14.096416,3.1024337,11.286464,3.1505857,-6.27171,3.158898,2.088228,2.981651,2.287372,2.660879,-4.851657,2.819042,4.7216773,3.1053047,1146.723164243289,56.30867994629724,1429.0574168853263,34.2485692470423,0.0001720465,0.00023347646,2467.600159965922,0.00970669,0.00080236275,0.05101009643271462,0.006497876305723188
-382.82657,9.523826,153.91322,4.500263,-17.495747,6.7172,59.666916,3.9351718,-39.10156,3.9814148,41.28428,3.511416,-23.790535,3.490159,24.007359,3.6612098,-9.029789,3.497034,8.363573,3.5753136,-2.8374445,3.2155507,-3.810994,3.4873838,0.49491096,3.7315698,1535.8743409086596,110.17352978144548,1978.8351008882576,52.28669189338085,0.00031077745,0.00057208404,3939.576951312355,0.009022765,0.0010049143,0.05847932678364269,0.011019649942211914
-376.2266,4.5105,162.05106,3.9233131,-31.14593,3.9398685,48.87568,3.8136055,-40.74253,3.6781633,39.10843,3.580267,-23.676296,3.442542,24.906797,3.9108946,-5.192346,3.4494581,10.799899,3.2491999,-1.73783,3.0323095,-8.029334,3.5092316,-0.9794005,3.7018206,1484.909416369254,74.32181774689293,1818.0394224078582,49.05697620163629,0.00030565774,0.0005208142,3368.4474582185326,0.008996161,0.0009733155,0.06770229118329467,0.007647458998759946
-394.77145,4.095337,172.9669,3.7920904,-37.93336,3.3658555,47.098545,3.9542108,-39.182922,3.3383467,40.873997,3.401757,-26.375671,3.4147396,24.61915,3.297629,-14.13356,2.9561622,3.2067897,3.266238,2.2916412,2.7991104,7.9488893,3.291291,13.197554,3.7847984,1377.8637308900277,65.3766763294329,1692.2071714081278,49.46854190177552,0.000246843,0.00043384804,2702.791699898492,0.008313204,0.0008692245,0.06916373622389792,0.007365092922061694
-389.21323,4.7300243,158.28375,3.9331152,-18.501701,3.4047883,50.071762,3.8978536,-37.060047,3.5069308,37.63503,3.308799,-23.718699,3.4629507,17.395697,3.5931714,-13.754585,3.2865837,4.8206954,3.194846,1.0965697,2.825962,6.0319486,2.9658556,10.550775,3.4411144,1429.236117308604,81.49960224558887,1864.0326467536395,57.66958798945556,0.00025935646,0.00046189575,3408.8909104915892,0.008894554,0.0011248445,0.057687427494199535,0.006527339744095351
-389.33533,4.267214,194.76012,3.248992,-48.272873,3.2213986,59.74861,3.648269,-19.663239,3.3244188,29.411823,2.9418962,-10.275017,2.979688,10.2335615,3.4643078,-3.4212515,3.0144348,0.97896224,2.8565555,3.1798477,2.5886765,-5.016023,2.8643897,3.0344913,2.9184206,1032.2402392531365,54.346905865601734,1303.6611683179299,31.305543772658677,0.0001293344,0.00018314764,2142.0541006561775,0.009631947,0.0008392323,0.045598218169953596,0.006565069744096191
-394.1785,5.8730483,175.9827,4.824149,-35.697735,3.4621048,56.128036,3.8448389,-23.628235,3.8012073,42.21093,3.3866632,-8.293606,3.177344,21.266493,3.4995432,-9.790666,3.2097797,1.9708385,3.3885767,0.6101687,3.1550505,-0.2458816,3.4237812,7.349152,3.5806854,1140.7681795655026,74.8327818267632,1533.7794871336598,60.266421406164675,0.0001689913,0.00021803309,2406.5977446164443,0.009414436,0.0010488026,0.04534444786832947,0.007509675702875432
-389.64066,4.543355,157.21806,4.1253433,-26.053165,3.6956909,41.18935,4.449704,-33.10165,3.3039846,30.699717,3.5548701,-19.044006,3.4516425,23.234049,3.6659508,-4.28021,3.1564379,4.738705,3.191017,-5.775026,3.2780678,-10.1479,3.3383262,1.7239763,3.6911333,1436.6194642149183,77.51889249783589,1737.489907364719,63.85492990427599,0.0002597577,0.00046872746,2998.3861228429523,0.0086803995,0.0017788465,0.07556690472737819,0.006288354340734132
-383.44772,4.810034,170.19745,4.306157,-40.916626,3.6366313,46.332783,3.8497262,-42.477993,4.2276587,41.808224,3.4574928,-24.377085,3.5100353,26.764547,3.3300242,-12.49235,3.1684053,3.4367223,3.3212502,0.37074247,3.0671933,6.0796432,2.905348,15.027576,3.3866546,1448.7977938809445,77.93401244521495,1730.1761702659921,50.403840661932215,0.0002767644,0.0003691272,2960.04103375145,0.008627985,0.00082361384,0.07312549847737819,0.0077272936724300375
-405.7263,5.6120424,182.7394,5.4171586,-28.853903,3.6112537,59.000484,3.705387,-16.549583,3.8709962,31.498974,3.821725,-8.835177,3.5917263,17.282372,3.669518,-2.7962573,3.0969932,8.321472,2.895935,3.1444378,2.984927,-4.378281,3.1346645,3.218501,3.4593074,974.1438398477954,95.38023614555706,1399.642354396328,104.7850074117848,0.00012207458,0.0003072683,2050.650399688225,0.009791797,0.0008985434,0.03741639174883991,0.010908736084794672
-454.1241,7.9417315,199.16972,5.3391204,-9.87249,4.6357636,46.089756,5.4223037,-8.300346,4.2493715,23.981256,4.1467676,-1.2180402,3.7677748,11.927381,4.4103813,0.34454587,3.4919863,3.4961586,4.0193615,3.2289813,3.0097644,-0.9465965,3.2207127,4.132454,4.0184255,677.6756115839299,62.92837041447758,1100.8707195542925,89.22497100191025,4.534693e-05,0.000119318225,1197.7407079285092,0.009651226,0.0012740251,0.02230006525522042,0.00569493085121538
-390.7222,4.8449545,168.7558,4.34551,-33.382088,3.9615111,45.813583,4.500796,-39.20597,3.9677064,38.17569,3.5764556,-26.079842,3.4641535,25.61801,3.5516818,-9.580873,3.1823719,3.6894243,2.900236,-3.9048407,3.0531664,1.2245907,3.0858865,13.87186,3.5052464,1394.1347234691812,70.18925678940982,1728.0042790813102,54.61692576932922,0.00024539162,0.0006604243,2826.445244525812,0.008985775,0.0008856686,0.06703047962587007,0.006446734880042197
-387.55008,4.4512076,175.07162,4.2998285,-39.941433,3.516235,58.882698,3.5425978,-25.427965,4.0399704,45.880383,3.2299583,-9.821797,3.4819643,21.46291,3.437634,-12.977684,3.2431586,1.2771127,3.0696898,0.19497216,3.1176088,0.64813924,3.0305023,8.875669,3.2872467,1205.4038762173773,72.82316602463156,1577.9874446707904,58.60779666553398,0.00020085569,0.00030940847,2573.6674226906903,0.0093283355,0.0007919825,0.051999120867169374,0.007153607901674006
-343.73746,15.382485,162.81953,10.752725,-72.88748,5.959078,73.62823,8.565352,-34.815083,7.243658,37.6429,4.727744,-36.579144,3.688681,21.680218,3.6823254,-13.455197,4.0709214,4.439865,3.2630541,-2.5523732,3.7157435,-7.6287093,3.8883083,6.2440352,3.3190782,1789.3170214836143,242.96644758667506,1721.0530349793983,103.46750344166949,0.000656968,0.0012299046,3519.329763177929,0.008411355,0.0008359542,0.108384842662413,0.025803347438419215
-386.08453,3.2275267,191.51598,3.857277,-46.570732,3.509545,61.92135,3.5393405,-23.22314,3.2109118,31.28259,3.109833,-13.772433,3.2068446,8.708343,3.0597138,-6.689477,3.0512002,0.49642855,3.3071306,3.488747,2.8828812,-3.218882,2.9886322,4.4804087,2.9900913,1076.8232605646772,54.61745721897962,1356.6917074990033,38.45021721467342,0.0001524274,0.00031678198,2243.5499293068447,0.009679747,0.0007760053,0.04678550065255221,0.006560031346111488
-383.0496,4.4304852,164.11101,4.012417,-33.146774,3.7939157,42.54864,4.011907,-38.562572,3.5936038,39.1194,3.8415759,-23.669592,3.7362885,26.366514,3.408604,-8.387739,3.4304614,5.607499,3.3622947,-4.53655,3.2963953,-3.7335079,3.1047716,10.72823,3.2519372,1465.1131662250123,70.40085490724555,1774.0085345660395,57.5453692713759,0.00029416874,0.0006297996,3054.342474351073,0.008599208,0.0009466856,0.07449177965487239,0.006418772009560932
-396.6534,4.5348516,176.62604,4.1407223,-37.11294,3.259294,45.703587,4.1956086,-40.51945,4.048688,36.603134,3.963765,-28.858624,3.518994,23.111423,3.4049127,-12.824026,3.1049452,3.0838363,3.2152925,1.437359,3.3915071,8.495245,3.3524673,14.808122,3.8129785,1336.9365787384327,68.48595448770355,1637.0101320614242,53.208349455800835,0.00021872274,0.00021962775,2537.6205408932715,0.008260769,0.00089421804,0.0703125,0.007068671540363153
-381.30988,3.6509135,190.49992,3.8993974,-47.873043,3.2771,62.156033,3.5352767,-25.472162,3.0167074,32.71815,3.1024747,-13.351248,3.0227327,12.282486,3.1726258,-5.4935155,3.0375464,1.743635,3.0718343,2.4698505,3.0810003,-4.483515,2.8596199,4.366468,3.2720594,1100.9520831048123,60.76090948599746,1385.693226456513,37.44078685774094,0.0001685992,0.00030096516,2314.1198815436487,0.009674937,0.00084954366,0.04949767075116009,0.006138888996400729
-377.09637,3.3867512,187.50206,3.905494,-50.425743,3.714004,64.7465,3.5038786,-26.302477,3.4161742,34.556858,3.15456,-14.838437,3.263873,13.476934,3.1248515,-6.004665,2.97905,3.0662143,2.9081807,2.6259058,2.9624424,-5.162724,3.0640013,3.3362913,3.0299137,1156.6067971131538,56.53853226546993,1431.6183511162449,39.183902277685846,0.00018708626,0.00028374235,2479.1661379785382,0.009620401,0.0007038526,0.05141567575406032,0.006650806234046274
-399.18573,5.0575347,169.01273,4.689055,-36.451435,4.0150704,43.977383,4.0815005,-39.357246,3.9064164,40.426044,3.6769595,-23.899773,3.691208,25.535362,3.9313622,-12.827249,3.3871,1.8882145,3.5377605,-0.5373892,3.7567666,5.4124765,3.768108,14.503929,3.2514725,1414.5063133398528,76.56084816626256,1722.686561060872,59.56055741692408,0.0002952858,0.0007121131,2841.708338620215,0.0077012745,0.0010981247,0.06990352196925755,0.0074800212210367
-413.9378,6.800798,184.07887,5.913686,-25.146452,4.1883883,58.384083,3.8704967,-17.871061,4.0481524,32.377995,3.8163433,-9.100576,4.2809796,18.0581,3.478989,-2.1582956,3.2498083,7.364997,3.0926847,2.2729716,3.2193084,-5.9381685,2.8538256,2.7068639,3.4376898,935.0878908155997,93.82088298955433,1386.0901945335327,109.15520073689676,0.00010903847,0.00031644016,1920.077252664588,0.009712969,0.0009485372,0.03383188623839907,0.008708011121828787
-390.46045,5.0953736,192.5292,4.036419,-41.334198,3.9390657,58.339863,3.8861547,-21.738605,3.7319715,29.502762,3.3492005,-9.900691,3.3864563,10.658906,3.2515092,-3.0053105,3.1837173,2.6872728,3.3172686,2.9947903,3.3181486,-2.062533,2.9840395,7.389379,3.324054,1008.8021871235212,64.5348361027964,1324.4175271049914,45.97512174797436,0.00012851505,0.00021950538,2072.6332520664155,0.009924964,0.0008723371,0.042529183584686776,0.006436177142994991
-356.4813,7.9168124,174.0793,6.3693857,-58.677536,5.7822556,77.84055,4.8547072,-43.14369,4.027209,39.527363,4.5653386,-18.884674,3.9695828,16.949009,3.0868704,-10.941891,3.438116,2.4249005,3.4504569,6.377386,3.5126815,-6.6252346,3.1551366,8.26257,3.4893837,1503.0460518852562,84.38817562457491,1665.348706549524,66.57380895012854,0.00040567663,0.001139548,3365.000147277407,0.009254703,0.0008213499,0.07748264392401392,0.009377573633543771
-384.71484,4.253448,169.5537,3.9140453,-38.282864,3.8431432,45.52037,3.733106,-41.63411,3.7255692,41.686695,3.4342167,-23.809404,3.016726,27.23576,3.094878,-13.267547,2.99,2.944546,3.1159134,0.62874466,3.1447036,6.260214,2.83832,14.615012,3.2000358,1447.3724203648476,72.63468151718868,1746.468410736942,49.32883459699289,0.00028027312,0.00042196154,2955.6944243039443,0.008542409,0.00095126353,0.07403861840197216,0.0076648304368794945
-392.99426,3.8216536,197.6651,3.8557909,-47.244926,3.2509866,60.171715,3.3260167,-20.035757,3.2538059,29.773159,3.1268315,-10.994609,3.0675898,8.338657,3.0263593,-4.9695888,3.2048612,0.7812383,2.9163177,4.035382,2.9919448,-4.1216416,3.1333017,3.2701757,2.9429152,1001.8558868746629,50.21754462873096,1280.3999083526676,39.232420489617105,0.0001267689,0.00030910675,2049.7011401537125,0.009741553,0.00081725273,0.04382295896171694,0.005552086287646784
-400.086,4.62024,172.39014,4.401561,-35.61415,3.587846,40.92582,4.0142317,-37.48492,3.7277975,36.341415,3.2039897,-25.134275,3.110122,23.676693,3.441592,-11.296211,3.0966897,4.9525623,3.2161627,3.1111,2.9883096,9.597537,3.3934073,13.551457,3.8385084,1349.4020406420686,66.62461224489822,1643.9891264339417,57.010685347429586,0.00024035797,0.00068285223,2530.8508215813513,0.0081712045,0.0008042727,0.07156435796113689,0.006894596598609061
-379.11856,3.4093833,186.67162,3.8745193,-47.855877,3.930362,63.491154,3.26007,-25.197737,3.2994273,34.116722,3.6715913,-13.174781,3.2154183,13.54322,3.2727084,-5.479977,2.8200517,1.9968739,2.7349024,1.709069,2.8731089,-5.0788717,2.7378595,3.6042116,2.9587653,1134.1070647322804,53.882359707640944,1426.1124088787174,37.29290556826276,0.00018878274,0.00038907223,2431.228531485644,0.009691378,0.0007412361,0.048783941777842225,0.006431136952500644
-357.84448,35.609634,168.25285,11.506217,-72.261314,14.178044,53.59552,5.5714965,-37.274998,8.476329,36.635254,7.746066,-18.766811,5.4281316,17.556786,5.3989058,-11.547249,4.7677946,5.7754745,4.2831817,-0.72552514,3.711426,-2.7589433,3.9547758,11.290601,4.5989,1620.925844473549,250.1057804494945,1574.5088359110216,124.79669781603594,0.0005487718,0.0014850193,3215.691614704176,0.007999902,0.0019089802,0.09921399180684455,0.024396137913510543
-326.6801,4.5412455,139.85535,4.4478774,-67.12008,4.2953773,82.930405,3.4782486,-55.204548,3.5695972,44.351562,3.2751167,-33.33311,3.777553,24.295914,3.6818109,-17.987442,2.984348,7.7207327,3.1485677,-1.5014495,3.3259459,-4.8714476,3.223077,8.880912,3.1586397,2320.861698054505,90.71576815291924,2024.1200203188298,30.70886930151386,0.0012411071,0.001596473,4744.349192466648,0.007994541,0.0005205153,0.15474323883410673,0.01430997773103631
-376.84525,4.5353613,162.9203,3.950375,-28.43886,3.4128246,46.97367,3.7812803,-37.860554,3.4431932,38.07496,3.4428313,-23.744648,3.2006967,23.94553,3.5075076,-5.683322,3.534572,8.9165325,3.471007,-2.948807,3.192326,-6.9240456,3.1161087,3.3882751,3.511017,1444.5476433617546,78.29062497053755,1792.043469827283,52.97193734701062,0.0002802711,0.00052020676,3166.8547097049013,0.0091598565,0.0011568741,0.06963049231438515,0.00730115260230921
-382.84543,4.9689736,167.64764,3.9668221,-37.72732,3.7207062,44.98676,4.043238,-38.91337,3.409912,40.32092,3.150706,-25.174856,3.440234,22.035542,3.293938,-14.951369,3.4588583,1.2697964,3.4049973,0.3601534,3.1659925,6.8651023,3.3370252,13.312169,3.3834026,1456.931004026465,71.038627662837,1733.6489923287475,52.77598949556086,0.00029845312,0.00039419802,2969.7084926950406,0.008196913,0.0008908243,0.07635313950116009,0.007455352927756059
-392.2473,3.89231,198.54745,4.4630203,-45.983685,3.9781978,59.194035,3.5686061,-20.897345,3.6782167,28.174723,3.237485,-10.897011,3.1955316,9.069373,3.0050611,-4.7293115,3.287211,0.23003583,3.3105915,3.2778409,3.0649898,-4.9356384,2.8926196,2.6940782,3.1186793,994.0125575586604,53.57597234469244,1271.4168540344142,48.41040437406996,0.00013755502,0.0004294226,2026.1694959034223,0.00982322,0.00075915543,0.04385241444315545,0.00535920566133187
-447.9845,18.556139,192.22624,11.8210745,-8.878027,6.146029,45.03937,8.097529,-9.167219,6.363783,25.662981,6.0038724,2.0783703,5.8627234,10.806484,5.3000793,1.5101874,3.6925278,6.070646,3.8688762,5.864354,3.1515872,-1.4103463,3.8348174,3.6723979,4.7763734,726.8726915359334,197.4008862504804,1154.2625214783793,194.3247821071394,5.49052e-05,8.944347e-05,1354.3185700949825,0.009691024,0.0017847533,0.024994108903712297,0.010252146788476841
-441.72012,17.084618,194.65991,8.31387,-19.57972,7.009258,48.39303,4.761765,-11.551816,5.851457,28.363644,4.501307,-0.09268201,4.680901,12.738816,4.2698345,0.20092086,3.2243934,7.3282604,3.8277693,5.2920923,4.200725,-2.8956234,4.5096755,1.2475933,3.9555228,782.8400573849864,118.27705060407543,1181.4955422740175,110.4087265990159,6.6156186e-05,9.8652046e-05,1475.4740633156903,0.009374442,0.0026443147,0.03011483106148492,0.008942259261425884
-403.5237,4.6863537,169.77324,3.628111,-32.98102,3.4406028,42.842213,3.9161344,-40.496048,3.2294726,39.20376,2.9571133,-24.478977,3.3966832,23.739414,3.5739565,-11.990957,3.196446,3.5499604,3.181982,2.13176,3.1871114,8.45499,3.0480652,15.828981,3.4777803,1374.2306648630329,63.50090608104705,1697.640547854623,50.52960964381353,0.00020349555,0.00021376996,2715.8065477269433,0.008263297,0.000843385,0.06652407192575406,0.005469875953003404
-392.2626,4.4446774,174.17438,4.6523137,-35.866314,3.8131893,46.260223,4.5142856,-39.269703,4.2776847,39.96269,3.8139317,-28.656385,3.605487,23.86862,3.5754657,-16.439241,3.2185392,2.1281207,3.1975522,0.5221975,3.1617126,8.934762,2.971107,15.448656,3.0813487,1372.4130763040587,64.42282093028501,1703.217110543219,57.83312049289582,0.00028925255,0.00094418076,2659.0258392546402,0.008436833,0.0008028094,0.06861767691415313,0.007286448080541719
-438.39038,41.902138,192.29527,8.518403,-20.390894,24.464483,51.230476,6.204854,-9.369667,5.916191,27.708889,5.057904,-6.711691,4.7615123,12.762855,4.0134006,-0.41066065,3.7450824,1.6251498,3.8771977,3.243811,3.575553,-4.130441,3.5477881,5.5263424,4.159049,819.7138673929998,266.0920578722226,1196.0256016787812,116.32676493517353,9.742816e-05,0.00043973592,1510.4717635223317,0.009050922,0.0018846837,0.03327789660672854,0.026504393206776004
-362.4003,4.3833957,146.14235,4.3069577,-35.66154,3.8450868,60.789547,4.050003,-42.240147,3.3823564,32.323273,3.1930647,-32.66569,3.3490603,29.148447,3.4998388,-2.2023826,3.5519586,6.131811,3.531814,1.9007325,3.2749436,-3.6054416,3.2429883,-5.036335,3.6145475,1814.198091956964,106.1862746328663,1984.0783831356118,51.00589774722502,0.00044046395,0.00044485176,4350.506407700116,0.008876703,0.0013564033,0.08668861477668213,0.01010057639313071
-362.03687,7.3150144,143.43597,6.054952,-76.35895,5.4121537,60.371,4.9690714,-44.767574,4.0973315,44.63102,4.066827,-26.930288,4.189441,12.933195,3.8782303,-13.550485,3.583465,8.258833,3.601164,7.3844166,3.3589559,3.1032565,3.5566237,11.285493,4.216383,2021.6004074721031,101.07842544951718,1750.9709638446352,60.251279645396004,0.0006554623,0.0017848641,4000.204658950841,0.007932303,0.0009342931,0.13181667814675174,0.010066597041761294
-421.5119,11.246693,182.51521,7.7881,-16.74996,4.308492,43.272377,4.779092,-7.992203,4.7672915,26.545948,4.462623,-0.8994434,4.489494,7.5334773,4.594895,-4.7253385,3.5811975,5.98921,3.6126182,4.192432,3.4443421,-1.8637931,3.4050968,3.2150621,5.010454,878.5831813161461,117.02750333421662,1284.5240641774033,119.89438694382629,9.543195e-05,0.00019096008,1683.2869598317866,0.009258636,0.0027066004,0.035140389356148494,0.013240672256537384
-378.6511,3.660321,185.56308,3.2661643,-48.667454,3.014923,64.393364,3.3442166,-24.98183,3.5385509,35.190273,3.2598433,-12.725027,3.1551745,14.416818,3.0906637,-4.903802,3.0167913,3.535846,2.9650946,2.6604724,2.744898,-5.1398296,3.0256755,4.375848,2.9060874,1145.9405176795738,54.5001923677722,1440.1165802610565,32.0705891553913,0.00017859622,0.0002653785,2479.066215922274,0.009681406,0.00074472826,0.0494081714037123,0.006850398168634755
-373.92075,8.273629,149.76283,5.6503105,-33.13247,4.716827,62.457626,6.4837785,-40.66603,3.3094995,31.227282,3.7622,-31.45509,3.6961524,25.864933,3.9072044,-6.7796483,4.413102,2.6615975,3.7936537,8.053985,4.5688443,3.5241787,4.708129,-4.8878517,3.7127287,1692.207364445377,125.85768260621064,1919.3506426330653,62.91387279242707,0.00035135244,0.00066864147,4036.7761315436487,0.00914932,0.0013492929,0.07494833961716937,0.008656895426371864
-417.7848,5.826821,184.37102,5.531693,-19.16583,3.2554986,54.768196,4.0444756,-15.970123,4.1345415,32.737686,3.8203068,-4.8740134,4.2360973,9.606911,3.5025775,-5.905866,3.4417336,11.148895,3.1043403,6.483486,2.8993907,-2.6133926,3.190503,3.4854076,3.7002528,894.7272066868047,105.83161238507668,1350.5411695406951,124.52247694197425,9.3005954e-05,0.00021404095,1748.386179488109,0.009638344,0.0011245473,0.03655765117459397,0.01753414991836923
-373.78973,4.8718147,158.9743,4.3791895,-41.75198,3.5895767,59.105633,3.86565,-46.423,3.4873385,36.27985,3.0364404,-25.480408,3.422504,31.566687,3.3249543,-10.89505,3.264575,-3.4750738,3.1502209,-4.8987517,3.160462,-5.181711,3.1037197,7.2353063,2.972192,1643.2192118666183,86.56570512656911,1856.9837363248407,50.839656637892425,0.0003661583,0.00035845672,3758.168458164153,0.00845484,0.0007977116,0.07887158316415313,0.008101476244282448
-384.8179,4.113202,172.98601,3.9810631,-38.16071,3.617504,44.609177,3.926693,-38.585693,3.8636308,37.926487,3.8416438,-26.974257,3.3106296,23.45766,3.3816588,-12.438409,3.2790189,2.4321482,3.504108,0.48445633,3.1483622,7.4843106,3.017567,14.620573,3.5668774,1382.644421971493,61.29161919072272,1669.1952790996115,49.934867411293276,0.00026128042,0.00061045465,2664.4715913210557,0.008697737,0.00087865716,0.07307111912703017,0.006878294086112267
-370.53458,4.5525002,147.46193,4.103111,-32.312286,3.1692188,64.05138,4.017972,-42.492004,3.5619323,32.342445,3.1979492,-30.991966,3.344687,27.030153,3.3722486,-3.5685284,3.5417752,4.7239046,3.3917024,-0.19576058,3.015218,-5.451504,3.1176286,-5.4874883,3.4783368,1735.7315650835515,95.23693797854831,1956.9266151935894,52.203684733904936,0.0003502888,0.00037066304,4204.345419899217,0.009245842,0.0012394334,0.07681423107598608,0.008375948436381312
-384.74503,3.7844484,191.43161,3.3747196,-47.04682,3.1143959,61.754463,3.2107625,-23.487005,3.148639,31.839157,3.1129804,-12.631698,3.220028,10.081955,2.9041536,-6.815467,2.867914,0.112088524,3.1815827,3.2983024,2.9409032,-3.2258985,2.843533,5.3219852,2.8648095,1078.0190868212944,54.68120420383316,1359.02639546666,31.72827009587275,0.00014682356,0.0002037984,2256.6397186774943,0.009779261,0.0008617972,0.04635952907482599,0.005959381262062236
-386.55234,3.9548087,191.0902,4.939214,-45.99959,3.7479224,63.256756,4.0125666,-22.812513,3.1611874,30.311584,3.2901309,-12.260541,2.9495683,11.160649,3.2517784,-4.6335773,3.1997092,2.0475342,2.9875987,2.6578326,3.0302575,-5.290701,3.2591953,4.344506,3.1211407,1067.3179381393522,63.20911638086027,1360.0772746347238,57.219855082105425,0.00019992834,0.0011803881,2255.5655565726506,0.009712529,0.000753304,0.04589957040313225,0.005749443325862163
-377.35892,5.126187,172.48216,4.77747,-44.51537,3.305352,60.37219,3.5493085,-28.215094,3.4168975,47.495266,3.3918767,-12.453934,3.5793467,22.876867,3.353567,-13.343594,3.1883028,2.5055757,3.145586,-0.062397648,2.91676,0.557317,2.9332905,9.878814,2.9696765,1301.9964932946348,88.92743602082763,1641.2329092938344,65.63454660294022,0.00024197377,0.00023746153,2828.019016911978,0.009299453,0.00077085115,0.05560061992459397,0.007673788086974022
-389.06314,37.72019,198.23717,7.266224,-55.66395,19.655289,49.628826,5.573097,-23.61293,5.1952405,25.300966,4.447784,-12.061558,5.423448,9.483642,4.6502934,-5.63587,4.8793077,-1.6306173,4.966116,2.618713,3.5309455,-2.9106658,3.6062193,5.1990323,3.305646,1106.8626285809833,129.43514883286988,1259.9883684936049,77.23363226520895,0.00015153523,0.00015183391,2123.418637162848,0.008821303,0.002818628,0.060012144721577725,0.01747445921283705
-397.0129,4.6649666,167.60661,4.1896634,-30.645058,3.607175,44.947323,3.6018908,-34.490246,3.4392743,39.467167,3.6818554,-24.327599,3.3643181,25.770958,3.3422766,-7.6095805,3.1722593,1.4314119,3.140911,-7.9971056,3.2301123,-1.347131,3.3434687,14.333031,3.269732,1364.508934166287,76.75864881496379,1722.997979085282,60.544467786132955,0.0002428229,0.00050647836,2741.661379785383,0.008404137,0.0010512332,0.06457774434454756,0.009715362586478565
-362.50232,8.111732,182.5217,7.3217335,-47.481514,4.904537,58.505238,5.9001603,-36.965908,4.07573,29.611622,3.8454452,-16.359608,3.7310472,13.591686,3.6588013,-6.4026237,3.3294802,3.3247523,3.4035127,-0.5058046,3.6691728,-4.4337363,3.4187062,8.487519,3.463998,1269.9598827539733,89.28753766383912,1494.8052523454235,77.74502330450599,0.0002922659,0.0010051148,2698.245246338457,0.009596424,0.0012942726,0.06226888776102088,0.007946779041554037
-374.06778,3.7534578,162.41432,4.182278,-39.51808,3.5503416,48.563755,3.6484647,-42.734154,3.4349384,37.150387,3.1791625,-25.507523,2.9943454,29.426022,3.14659,-5.7452793,3.1316154,-0.9256087,3.3176937,-6.419376,3.1694105,1.0295131,3.4876008,6.8949175,3.4059942,1563.9060529852547,87.730835596567,1813.4038877456385,50.717176254674676,0.0003702852,0.000719416,3486.305523582512,0.008349701,0.001057795,0.07555217698665893,0.009280496846287949
-429.9939,7.278611,193.0705,5.5186677,-16.18093,4.3248,48.683865,4.608111,-12.241827,4.7479615,26.437431,4.574771,-4.667667,4.4996204,14.006972,5.047103,-2.198703,3.894657,0.49199334,3.6599016,1.5718181,3.0805326,-6.3802357,4.6221642,4.207189,4.2075124,800.7752396318132,72.20831080436804,1210.2256636282498,92.11860533442662,7.28454e-05,0.0001517767,1451.4428087840777,0.009272909,0.0010483353,0.034599994562064966,0.009024009601985185
-384.59586,3.7426813,190.2817,3.7217455,-47.312035,3.93531,62.6224,3.7239547,-22.909159,3.4066536,31.760223,3.219645,-11.675366,3.2172089,11.966632,3.0576203,-4.9582677,3.194906,1.5138028,2.9687123,2.5764947,2.9273434,-5.02328,2.932557,3.8155513,2.9908173,1084.593236809581,55.436754865076544,1372.1594203070958,36.663252957838864,0.00015766459,0.00029732284,2297.73266431627,0.009758645,0.00077948184,0.04650340777262181,0.006520357224520555
-360.55865,6.3882775,152.67056,5.261236,-46.675526,4.518834,72.39062,4.138716,-26.990017,4.1014094,48.07926,3.880358,-23.950739,3.632327,25.138758,3.3546624,-11.299064,3.4433663,8.219027,2.9175544,0.1396917,3.0481439,-5.203157,3.107003,6.2701945,3.0461226,1654.2742604927785,127.64611974558703,1906.2998936490262,69.2008925926674,0.0004591274,0.0010376622,3811.601777751595,0.009247127,0.00077317905,0.07150091538573086,0.010821707880566354
-387.9601,4.515281,172.12323,4.252262,-38.207134,3.949203,47.70529,4.8288035,-43.30815,3.7506845,38.42822,3.8978343,-29.272018,3.241912,23.232178,3.2018335,-13.988739,3.0989912,4.2649956,3.2821057,1.5292736,3.2644122,7.959941,3.0967572,15.025685,3.3470109,1418.2825835251028,65.45195171852254,1713.1482468315069,50.123480560736084,0.0002630332,0.00061654387,2850.5014795714906,0.008809052,0.0007150274,0.07126980314675174,0.006382650568819913
-383.96265,3.921419,190.28809,3.4992886,-46.515644,3.0970414,62.5266,3.0346336,-22.124756,2.9520977,32.087364,3.179995,-10.8631115,3.175682,11.436076,2.7769718,-6.114429,3.0082693,1.3331857,2.995519,3.089526,3.1333737,-4.4162593,3.037826,3.9409847,3.3462305,1070.1162357542808,54.241977134289975,1366.4340521090749,35.70623559853019,0.00014926476,0.00021774705,2271.003514265516,0.009809916,0.0008013145,0.046344801334106726,0.005533167790240988
-375.85803,5.15026,162.63838,3.5080984,-31.797096,3.9524777,45.691444,3.6928215,-35.242302,3.5131664,35.11869,3.4792643,-23.778837,3.3168461,24.927847,3.6843565,-4.4336815,3.7299142,11.448636,3.4388666,0.7390363,3.5330594,-6.9906464,3.636473,-0.5688933,3.9031107,1433.7596691726965,71.86176131468288,1761.7246388132942,55.40642437880281,0.00025459845,0.00023603314,3040.4283280162413,0.009161935,0.0012307685,0.06880007431844548,0.006226983902632152
-383.12253,3.9856308,192.27516,4.5642715,-47.96806,3.770226,63.283253,3.5135255,-25.828224,3.7414849,33.288624,3.3806624,-14.019427,3.3265069,12.210998,3.307878,-6.4683433,2.975485,2.517222,3.0180845,2.712277,3.087701,-4.4896026,2.937926,4.872234,3.0314364,1088.7580002463083,59.584161801195265,1379.908350353353,50.30301247623138,0.00017233985,0.00045839552,2284.0433426080335,0.009668281,0.00076938845,0.04791273926914153,0.005985342008635931
-420.98288,7.5663176,183.01648,6.903281,-23.539694,3.713296,59.447468,4.6591635,-15.676068,4.055617,33.762638,4.321739,-8.34361,4.2462373,18.979683,4.1622176,-3.325227,3.0078213,6.004518,2.7277875,2.7053483,3.1130111,-4.8711247,3.0503004,1.390936,3.8092747,920.3109870944502,113.69707617939191,1386.924367172367,130.0173248906386,8.972008e-05,0.00013181489,1899.6931531866298,0.009716986,0.0008691797,0.03259815472737819,0.01088370210080325
-384.62198,3.6166532,188.39223,3.249925,-43.679123,3.411719,60.36702,3.248644,-20.894398,3.323115,30.044744,3.1906064,-10.650824,2.827967,9.355588,3.1849613,-4.726919,3.2270458,-0.08529245,2.8836884,3.037647,2.776198,-3.753141,2.8545465,4.5418134,3.1503637,1068.191606028003,57.11868877867915,1362.0616573821526,34.07754433684034,0.00014133881,0.00017055945,2252.5429143706497,0.00980939,0.00085470127,0.04553137688515081,0.00653764346822038
-368.8106,13.009773,179.74054,4.9641504,-41.89551,5.1820483,52.65114,3.502973,-20.553373,4.19308,27.203352,3.3934388,-8.78288,3.4535398,9.387634,3.7025952,-2.6279745,3.3197296,-0.17100842,3.3032124,1.8249196,3.157453,-5.5186863,3.196588,2.4998493,3.2154827,1154.7309622650544,86.68040530916534,1412.0627978163398,61.10777322392281,0.00020547134,0.00057410146,2420.736715577871,0.009577012,0.0013838854,0.053611242024361946,0.007087273579050278
-396.73212,5.485104,204.4078,4.223274,-50.181717,4.3061156,52.460934,4.356318,-20.306046,3.968988,24.968477,3.3362164,-11.269103,3.2378047,7.290404,3.148832,-2.8096197,3.3657174,2.8263395,3.8255963,5.3813686,3.5265296,-4.3874993,3.7210603,0.92711174,4.2971916,983.3340833267844,46.09620794612533,1193.1649691516498,41.26588743116528,0.00010757124,0.0002503821,1901.1420230024653,0.009502236,0.0008317813,0.05247494018271462,0.007166185546496752
-344.40198,22.229427,158.2604,5.347458,-90.632614,9.480836,51.14607,4.5670404,-50.920444,6.894975,37.767338,4.7332487,-32.12087,3.6737537,17.762735,3.6051767,-16.099848,4.4238276,5.7342353,5.1034155,-2.0205374,3.2989733,-7.6108046,3.040812,2.7479608,3.3699758,1908.231807848465,98.83907914701712,1658.5766253240847,63.395056860391065,0.00077377586,0.0013472558,3646.65544337297,0.007757503,0.0018163653,0.12438030198665893,0.012243361043156794
-372.79608,5.2922153,163.79716,4.450904,-43.43858,3.9055214,61.215317,3.4078057,-26.72751,3.4883285,46.261692,3.5548975,-13.437428,3.4958086,24.873732,3.2523382,-11.005282,3.466122,5.231728,3.2101233,1.8656926,3.3553941,0.41218525,3.3281748,9.535475,3.5846245,1398.0771649124315,98.3808469304026,1732.7487201393058,60.691163913630234,0.00027585102,0.00029030925,3137.9522549303942,0.009287752,0.0010496364,0.056770908860208816,0.00987351344820436
-391.789,4.082326,161.68954,4.213794,-24.723513,3.4712646,46.02841,3.926154,-36.48032,3.7812285,35.030506,3.2989461,-22.557026,3.4800603,18.884045,3.6311593,-7.8853116,3.5307918,6.1283326,3.296165,-7.763716,3.0908036,-7.8646007,3.300383,4.447215,3.820072,1376.466391473675,70.46659021998518,1740.018830655829,60.70597534302946,0.00022409155,0.0006560008,2956.968430521317,0.009363143,0.00139646,0.06257703741299304,0.007155832131047299
-389.16068,4.8831706,156.50108,3.5876381,-25.003561,3.091015,54.556908,3.6143951,-38.067856,4.0750093,35.102505,3.627868,-20.685747,3.9914708,21.17578,3.4539073,-8.2055025,3.2878635,16.153135,3.2956789,1.8283383,3.0018563,-6.1938887,3.1917026,1.3930159,3.5385573,1456.1954644958523,68.92960004499518,1842.940515036059,49.15492490782861,0.0002193126,0.0002589262,3440.2664361586426,0.009412489,0.0010322985,0.05609343278712297,0.007150281658526883
-382.19412,3.6046007,190.24014,3.520465,-48.10992,3.3995097,61.78361,3.6809692,-22.800919,3.0133288,33.220314,3.1177685,-12.17789,2.8330133,10.207357,2.9421115,-6.296008,3.1011808,1.3167726,2.9469874,3.3511586,2.703337,-4.4775686,2.860767,3.3116758,2.9555728,1095.9329670754187,55.147735322148485,1373.6527651287736,34.2188283504,0.00015754631,0.00023542269,2299.60620287123,0.009715105,0.0008191706,0.04781530959976798,0.006128292866070666
-377.91785,4.654005,147.78366,4.4491067,-33.897297,3.3556416,63.395733,3.528063,-38.799366,3.5863674,33.624252,3.5385094,-24.152706,3.4916644,29.903292,4.0193777,-5.530671,3.6327333,8.115763,3.1568797,6.9509873,3.1018674,-2.8318698,3.1295211,-3.196351,3.9296029,1665.5857731894391,94.35884622280881,1929.4011838471138,54.69122130694817,0.00032119686,0.00047221288,3964.857231547274,0.009189519,0.0010482538,0.06543761782192575,0.007218621933257271
-372.83038,4.28232,152.83421,4.1346984,-46.971565,3.5723794,62.883102,4.6710386,-46.183807,3.707528,38.04903,3.3591633,-24.918797,3.099066,32.19345,3.1382382,-12.860828,3.3000746,-4.6291423,3.0663888,-7.3376412,3.464844,-5.886288,3.5893643,8.944437,3.1960926,1768.0571536912182,86.3086273596698,1904.8720924593292,46.58983937251511,0.0005066622,0.0013984628,4039.6988516893853,0.0081277555,0.0008916506,0.08576983033642692,0.00789971331364557
-395.98566,3.5984647,199.95787,4.0690236,-45.709488,3.2802534,60.283863,3.5425737,-21.015278,3.2054038,29.236858,2.9551678,-10.8808775,2.9617536,8.229811,3.2717094,-5.940132,2.8970017,-0.20141335,3.1240373,4.0298095,3.1652737,-3.4326732,3.166423,3.6279724,3.0639782,978.2652708964802,48.40476835889434,1261.9082897240896,42.191789454805615,0.0001237456,0.00039267782,1986.0008292850928,0.009806755,0.0006846799,0.04249859520011601,0.004868028733378733
-388.99518,5.186444,166.69832,4.6135635,-30.320772,4.669219,43.75435,3.969416,-38.73056,3.4645882,37.45459,3.4311345,-24.472374,3.6867359,24.830183,3.7358603,-8.670366,3.087997,3.734649,3.4349985,-5.8628235,3.1233356,-2.0339384,3.5145042,12.375406,3.6087263,1408.4550210282778,77.71605619575858,1740.7167014192726,63.76281873357007,0.00028367725,0.0007344093,2893.9176130184164,0.0083697885,0.0010872745,0.0713921566850348,0.007969451513240319
-389.1185,3.7592962,182.04132,3.9213114,-45.42175,3.5014799,53.217598,3.6731105,-26.196539,3.6106777,43.90878,3.63201,-3.6187232,3.7343938,17.209349,3.7322636,-10.907382,3.3324294,-0.11158607,2.9073071,-0.09226475,3.0928373,2.5429285,3.3297405,8.625121,3.2145715,1154.5601178442705,63.93457105614417,1450.0739171489054,43.609675628057055,0.0001962891,0.0005205879,2330.007488489704,0.009233718,0.00089298177,0.05620559019721578,0.007052919363246245
-418.29712,6.092664,188.70473,5.055379,-21.17236,3.3918588,55.716118,4.0711193,-15.171801,3.9941626,29.88745,4.333977,-9.140197,3.66466,9.171325,3.8397157,-6.2082267,3.0875769,8.537276,3.3621984,3.5309157,2.789696,-1.2225298,3.0048544,6.1183724,3.5317333,875.330005814149,78.45620732763362,1309.7832276728998,97.56619653798599,8.383288e-05,6.465416e-05,1699.6491965450987,0.009468875,0.00095629,0.034458381670533646,0.008900811337520647
-392.79373,3.7574031,197.87569,3.4871078,-45.361828,3.2976184,59.709892,3.1887386,-19.489355,3.3991096,28.19311,3.2764783,-9.709948,3.1678228,8.799837,2.9279041,-4.3428006,3.1933146,-0.47617254,3.0136824,2.2531877,2.9764726,-5.2791,2.8238616,3.5316179,3.0768826,988.3051412347306,52.3522524275696,1269.333744188717,33.94495339834058,0.000110041845,0.000116355135,2025.0203922563805,0.009830057,0.0007840855,0.04336979770881671,0.005896043907439139
-365.52313,7.21171,151.13046,4.218326,-33.57972,5.147191,66.91537,4.4205537,-41.006348,3.6184437,45.066307,4.0587773,-20.960306,4.1481695,22.183376,3.744386,-18.386211,4.010774,14.383263,3.9380481,-5.033604,3.6623695,-6.396641,3.981845,8.806997,3.6429918,1752.957937112481,94.8098499078412,2029.466339413838,51.32037465094304,0.0005037009,0.0012818612,4118.112685342952,0.008677406,0.0009261367,0.07936779473607888,0.011518614637787989
-393.2656,9.547583,155.6945,6.816863,-37.17856,7.4004993,59.582485,5.1651454,-17.765667,4.5177383,35.264908,3.4540594,-11.853831,3.5717666,22.160995,3.8832674,-1.5489104,3.3687365,6.6116056,3.540794,1.5225748,3.5703428,4.3363466,3.818016,14.572129,3.7397835,1331.563359152842,132.44535455759157,1685.7945234000404,74.17127093247987,0.00019602563,0.0006223858,2981.774080988979,0.010041948,0.0012525795,0.03394970816415313,0.009284865189391438
-369.42267,23.337475,195.00977,14.476889,-56.756187,6.6097007,53.221275,8.421429,-40.77309,8.3203125,30.931753,8.534081,-24.52218,7.1146607,14.981524,4.900693,-6.4344735,3.9451463,3.3991816,3.8298476,-0.39653316,4.1358895,-5.9216,3.8841171,6.8336654,3.972808,1255.3932306175159,194.08839152806087,1414.9551072745764,208.62786951980783,0.00024297208,0.0002973481,2494.6040956714037,0.009225232,0.0016626578,0.06873889754930394,0.011762911781758239
-390.67206,3.6855578,198.34387,3.3488388,-49.16806,3.1222982,60.734875,3.3815832,-21.488129,3.3817878,29.073214,3.0302188,-10.406421,3.002375,9.727922,3.1903996,-4.277212,2.9892223,0.4130551,3.0894616,2.6954665,2.816271,-5.084133,2.991976,3.6310685,2.9605482,1013.4823930169639,50.43570022121387,1281.643103035571,33.18126079967319,0.000116399315,8.2271974e-05,2089.769884715777,0.00969812,0.0007296345,0.04528666980858469,0.006266987890452678
-375.23682,3.7852695,184.34647,3.8840983,-47.647377,3.8032506,62.83215,3.749204,-24.38785,3.254525,32.904858,3.2140348,-12.341537,3.2227123,12.05046,2.9893966,-6.10646,2.9556699,1.6422938,3.0666385,1.8506943,3.0025508,-5.932415,2.8806257,3.5126455,2.9409702,1159.5465270782572,58.8619848761994,1435.5395832820132,39.847087369027925,0.00019569551,0.00046851955,2496.7524198810906,0.009674604,0.00079030823,0.051023691270301624,0.005903943127091516
-386.07196,3.404252,188.33142,3.7982595,-45.457706,3.5697825,61.89718,3.7371607,-20.843933,3.4345398,31.34742,3.3761792,-10.170765,2.901708,11.704457,3.0441153,-3.4970057,3.0139327,2.4977329,3.1369784,3.426167,2.9463582,-4.698255,2.9490342,4.3654623,3.1521473,1067.042486659151,54.80027758704994,1371.7994081297643,39.32167760909616,0.0001565816,0.00039124,2277.1737012398494,0.009876069,0.0008365514,0.04440187246229698,0.006288609259721775
-363.8393,22.848063,122.42613,12.782961,-70.17728,9.55651,71.38208,7.462097,-53.673687,7.987222,38.97019,5.855657,-32.84027,7.1816006,22.377247,5.129982,-22.809584,5.3747263,9.635242,4.6385283,4.1832433,4.772204,-12.159499,5.528844,9.255058,4.817175,2578.6001306727658,337.4328695428057,2014.9542585800643,122.30286757224718,0.0012118006,0.0016420519,5147.434767437645,0.0060612117,0.0013387174,0.2012772349912993,0.0463184793120641
-401.11566,6.031316,189.14413,4.055167,-39.40316,4.4663157,48.117542,3.3834577,-20.647526,3.4134998,37.0156,3.3695927,-4.2079916,3.830301,16.015089,3.5517938,-5.703172,3.8018224,1.1998693,3.5954561,-0.87561303,3.0293694,-4.0221486,4.629475,2.7549446,4.327373,1032.8206274756842,60.187836294101025,1328.4434944783293,46.8744840496169,0.00012566472,0.00017677058,1923.3746805213168,0.009137356,0.0009153937,0.05348435687354988,0.0085639800885602
-370.01428,5.2064347,168.57307,4.603837,-47.62548,3.78576,62.12551,4.012765,-30.568813,3.8468225,48.938076,3.6114526,-14.767428,3.6883166,24.77456,3.2342196,-13.491358,3.0718343,3.3265593,3.2457278,-0.048467692,3.2515237,-0.67208874,3.194405,9.465471,3.3713624,1406.565341924671,94.47670467268037,1713.5538037852841,63.55986971101234,0.0003387231,0.0008293761,3117.8179605930973,0.009192427,0.0008310781,0.062258691632830626,0.009280406122684897
-377.72284,3.4883003,184.91278,3.889212,-46.27912,3.2318022,62.41942,3.2767642,-24.808338,3.52783,32.15552,3.047771,-12.296195,3.0316212,13.231149,2.9998753,-5.4321327,2.7592795,1.1421056,3.116999,1.3400519,2.8706024,-5.33346,2.8134477,4.7225647,2.9805048,1144.1531881175083,56.9029887769946,1429.9233812858247,38.697594930530556,0.00019163522,0.0004394482,2459.1317656975057,0.009664975,0.0007985214,0.049417234628770304,0.00591904992921449
-382.73468,24.486334,184.84653,11.283436,-40.007034,5.6101956,56.68362,7.6641026,-25.002161,8.146364,31.696274,4.507853,-13.874815,5.319886,16.292234,5.845549,-4.647774,5.0454926,3.7111607,3.6503236,2.1212964,4.067281,-1.9128094,3.525385,6.8872366,3.2679822,1127.1154874461336,255.248054500514,1434.6870995084369,180.35568200739294,0.0002023398,0.0005974365,2335.4782210701856,0.009667887,0.0014382926,0.049188388196055685,0.017753812712801142
-386.58997,4.265083,155.06635,3.6871192,-25.516663,2.9975798,52.707462,3.3924854,-36.6249,3.5560954,38.96412,3.5773258,-23.493063,3.583643,21.331831,3.742368,-8.186993,3.5948894,12.338727,3.3898144,1.4896631,3.2836998,-5.2644987,2.9477882,-1.3405912,3.474782,1493.6379874287124,71.91140371121743,1875.2853978399087,51.83472240697252,0.00023903264,0.00022984427,3553.702950532918,0.009203652,0.0011453709,0.060383736948955914,0.00661099213751749
-439.1443,26.496868,186.4736,7.5517817,-15.738819,9.574416,47.167343,5.0802484,-5.6392746,6.8750787,27.334433,6.759264,-2.8122454,6.85272,8.463576,7.031246,1.285463,4.9588246,10.518135,4.7226167,7.422899,4.3466144,-3.0828004,4.6366878,1.7010603,7.335049,810.9864178002721,153.28142055372066,1219.9835389580237,134.13821486185392,7.106879e-05,0.0001124615,1585.9129160020302,0.009199561,0.0028429562,0.03335606692285383,0.012389731662809187
-373.45737,4.6601257,192.48846,3.712678,-50.94715,3.013058,60.158764,3.3470156,-30.121199,3.402212,32.79724,3.360469,-15.741175,3.0913792,11.6167345,3.0336754,-7.157292,2.888236,1.7416601,2.9809418,3.397886,3.1452944,-3.492955,3.0439546,4.1578417,3.074427,1136.2961073701993,54.405877321026246,1389.2710441029874,35.62676577445392,0.00017046112,9.310321e-05,2349.6921335738107,0.009718488,0.00078255543,0.05449377356438515,0.005854707253371862
-388.61942,3.5990312,197.36969,3.7602818,-46.889874,3.3122623,58.92483,3.4276288,-21.571445,3.3289366,28.38047,3.1857858,-11.123379,2.9770422,8.585339,3.2569644,-5.546078,3.336471,0.68745434,3.0561402,4.2950644,2.973583,-2.8898573,2.6596293,5.855161,2.9135048,1018.7485600056093,49.25306781166572,1286.3261840520136,35.51988982926966,0.00013519848,0.00027521973,2076.4802512325987,0.009726953,0.00076290814,0.04662462840777262,0.005893906088857413
-385.8424,4.93644,168.66771,4.412563,-36.94331,3.4198442,60.332558,3.5161135,-23.72463,3.3434095,44.521408,3.483594,-10.566388,3.6790268,22.997528,3.3084466,-9.633899,3.1307807,4.17855,2.9111655,0.8511681,3.2559698,-0.49890533,3.3498313,8.182152,3.464512,1242.667640758716,88.32262557720108,1645.3112262787388,63.58974206144009,0.00021014664,0.0003174388,2761.196141785093,0.009404245,0.0009878665,0.04720807352088167,0.007439563449889152
-381.8875,3.7092257,191.25496,3.6990516,-48.4168,3.011296,62.79129,3.2772992,-26.075521,2.8571985,33.233578,2.9509814,-13.781878,2.991443,12.604824,3.1781476,-5.7448077,3.0305521,1.9053795,3.0047739,2.447648,3.0149667,-4.5523396,2.813329,4.4875627,3.2493558,1099.3281082973833,59.66432110527326,1385.1200481421229,36.02183497906292,0.00015964295,0.0001995461,2310.5476680321926,0.009682418,0.00082687574,0.048348906975058004,0.005913871546062517
-384.15305,3.6535072,186.98749,3.6254609,-45.626366,3.156445,60.489887,3.3308427,-20.358974,3.3575149,30.670195,2.9793925,-9.489953,2.9877899,10.876822,3.078597,-3.8880298,3.0957778,1.838513,3.0972261,4.087178,2.7882268,-4.1938095,2.9994514,3.8428216,3.1461322,1080.4136189739017,55.99300382466088,1373.9870527527157,36.524917266951746,0.00014599734,0.00019404518,2305.851331387761,0.0097344285,0.0008274727,0.04539202979988399,0.006439558131949096
-391.98355,4.3828297,170.53726,3.3904448,-30.309439,3.5209763,46.0933,4.1685114,-36.51338,3.3714843,37.706238,2.9639585,-23.534521,3.1125019,25.5971,3.528188,-7.2256975,3.4617984,5.6568947,3.1334617,-6.735404,3.5446126,-6.6257906,3.5480306,8.057507,3.234799,1329.1080533074633,69.03900573650299,1692.9755239167584,50.254174384831146,0.0002157275,0.00027308994,2663.6971953850057,0.008864793,0.0010958435,0.06414950696055685,0.008211412416707501
-377.88052,6.03394,156.63338,4.8933535,-35.323776,4.043766,68.12382,4.123645,-23.131,3.6853516,43.771935,3.4091594,-18.507662,3.776146,24.34033,3.3266325,-7.3694696,3.0414186,9.023299,3.1390104,1.6471304,3.060603,-4.118302,3.2407515,6.3107758,3.2071993,1422.203641309515,112.60032347065206,1818.5790122091828,69.68951902961635,0.00033697428,0.0012561397,3353.6839744054523,0.009563251,0.0011756014,0.050502555829466354,0.010580499873177418
-385.526,11.104364,190.3311,6.2453055,-45.73284,6.7993226,62.403687,6.3051353,-21.28715,4.339703,28.662638,3.2477827,-11.434447,3.590758,12.9378605,3.7646325,-3.4126205,3.2610278,2.9446113,3.1959887,4.3070045,3.1812947,-3.6937332,2.943909,5.5050216,3.1177657,1063.4689869908873,119.42317526432122,1354.360275548265,69.18667157545208,0.00013832423,0.00012902897,2251.243927639211,0.00984851,0.00088140304,0.0459052349187935,0.009409457076339828
-402.39407,8.92875,185.09676,5.297893,-28.739714,4.0521455,53.56346,4.001224,-19.40662,4.2145066,33.123672,4.204815,-11.185668,3.629516,7.9299116,3.5860028,-9.481362,3.201739,6.108937,2.833952,2.3896806,2.830502,-2.2891414,2.9036663,5.2860312,3.5601225,1002.7985049484942,107.8904231420359,1394.9681704522886,121.84369041070379,0.00012384422,0.00017471111,2002.0632998296114,0.009350389,0.0010686986,0.04305938225058004,0.01859618808706908
-391.5809,4.2429624,196.20639,4.934717,-46.057323,4.008088,57.85877,3.939134,-18.950722,3.6234498,29.369583,3.1740246,-8.117525,3.176623,10.054554,2.9193347,-3.0561655,2.9445496,0.26664364,3.0693514,3.0340755,2.9797502,-4.6677995,3.0357013,3.925389,3.1572812,1002.2977413424402,54.195708348759226,1283.371868861836,57.36444590400654,0.0001580334,0.0007470379,2051.9244059055973,0.009724088,0.0007536191,0.043331279002320186,0.005926045296478088
-381.71432,3.5140119,192.27817,4.6880174,-47.5535,3.7150764,63.94132,3.6331768,-25.909666,3.9193099,32.158463,2.9141264,-14.44908,3.1510189,12.200282,3.2669415,-6.921516,3.144856,1.4264846,2.9909575,3.4618878,3.0785153,-4.07043,3.1337938,4.6573815,3.1564705,1088.325017960839,57.09735955365153,1379.4327312581854,48.87221002746256,0.00017928856,0.0005519174,2301.4547609121228,0.00978205,0.0007497439,0.04848712115719257,0.006124191834122368
-385.92676,3.5272372,189.7032,4.2188644,-43.90555,3.6589425,61.55596,3.7631485,-21.501251,3.839568,30.285475,3.0537412,-12.547431,3.0804293,8.764808,3.103456,-6.5492506,3.1693518,0.7173009,3.0107312,3.2043004,2.7387352,-4.1854296,2.9367654,4.5195265,2.978912,1060.8950781277315,54.71183362577092,1358.172160572078,44.923016334590784,0.00016041985,0.00043540087,2227.2126731075987,0.009803489,0.00072158006,0.04627229553364269,0.005761185482533154
-380.83142,4.8586354,150.35484,3.7929258,-20.624144,3.5008483,54.15002,3.5433493,-36.508057,3.493913,38.85671,3.775849,-24.263258,3.4919345,19.54786,3.8322864,-11.689419,3.2856386,9.732729,2.893747,5.978902,3.2408168,5.847279,3.146201,10.3729725,3.3683228,1544.167036292544,92.47510919377508,1944.4413128521148,60.799812508930515,0.00024990638,0.00028904516,3824.0670542705916,0.010005425,0.0018994074,0.060537811774941996,0.00641202956419173
-390.953,3.8306308,171.61142,3.8207371,-37.377956,3.8975394,44.571934,3.9027894,-38.403095,3.8748648,38.223503,3.6997519,-25.486917,3.5461018,25.859367,3.483795,-12.270653,2.9835713,1.6217179,3.4861336,-2.2542527,3.1707191,5.6154013,3.2497852,13.7596445,3.768876,1398.2821906974032,62.722199369861016,1698.9768025163553,53.32733126544157,0.000300121,0.0006994454,2743.03530805902,0.007894948,0.0007501256,0.07204810759860789,0.007632289113475581
-442.05954,7.1434913,197.96751,4.781818,-8.30973,3.662678,43.292336,4.3201632,-9.466505,3.942009,22.874317,3.6036205,0.545264,3.6928024,10.7491865,3.644721,0.40945712,3.376373,4.358332,3.2880077,4.043247,2.948513,-2.2229218,3.456545,4.1189036,3.819969,692.0239937404225,62.86367705268184,1107.6383551782521,82.11276773834265,4.4700995e-05,4.9581984e-05,1213.828158987094,0.009839665,0.0011547707,0.025456333381670533,0.006224864276166728
-390.0841,6.1647234,170.2843,4.6068096,-24.408476,4.129645,44.986538,3.6911128,-4.4169784,3.9186535,16.609123,3.386782,1.2068188,3.5514174,3.8395314,3.3522184,2.4773471,3.3551083,1.1867918,3.1885078,4.046303,3.3143373,-2.4115353,3.2466812,3.2298841,3.5809855,1020.0299108167299,105.21889854228822,1342.3296645623384,71.75939680304042,0.00018569488,0.0009408294,2169.3827830445184,0.009415739,0.0038980849,0.040684817285382834,0.008820920270481964
-385.00543,3.750392,190.58452,3.5713823,-45.96518,3.2807581,60.319958,3.2749424,-21.702917,3.2989628,31.78695,3.0330703,-10.12855,3.1988606,11.420676,3.0851347,-5.506523,2.9229665,0.81133544,3.0569174,2.4669516,2.8200135,-4.8881865,2.8524816,3.5782616,3.0221767,1062.4236729061063,52.436811219510105,1355.1409893056314,34.24626065610927,0.00014819506,0.0002237612,2226.8129848825406,0.00971642,0.00079331023,0.046257567792923435,0.005561588674421691
-398.2893,4.043787,187.04211,3.4810166,-38.145126,3.1996381,54.15806,3.681236,-25.038147,3.258091,41.176994,3.214337,-4.689897,3.3850281,16.966692,3.2503169,-10.495023,3.1783745,-0.2588732,3.1597357,-0.09042369,3.0359876,1.5001572,2.9813237,9.031912,3.2789166,1047.15738021887,58.23551642463627,1400.9976761205692,45.2395472307269,0.00013896209,0.00022102478,2070.634810941125,0.009400496,0.00076671405,0.046573647766821345,0.007825299567404848
-400.37546,4.0799117,183.40149,3.9052384,-35.525253,3.3102279,53.649155,3.4456348,-22.383465,3.5024476,39.929573,3.6772196,-3.5108159,3.2328498,16.751568,3.587936,-7.5003605,3.1759691,1.1713598,3.135818,1.297208,3.0356998,1.1981221,3.18022,7.994198,3.3481858,1038.0471159790063,66.03651009876984,1417.5318902220108,50.885114512262135,0.00014103547,0.0002557663,2108.5802118075694,0.009398726,0.001052475,0.040968043068445474,0.00706318776875594
-420.34396,7.411996,190.35081,6.2427554,-18.532036,4.5676417,59.723915,4.6438026,-19.533936,4.7424808,33.46758,4.5755095,-14.788532,4.2523513,13.519894,4.091254,-7.84211,3.237252,3.1683505,3.0998688,-0.6608249,2.9343934,-8.428284,3.0501754,6.033578,3.6152334,883.857057723132,103.9038780528652,1346.3167067241347,127.76131622525187,9.571623e-05,0.00020804728,1698.4001708417923,0.009683709,0.0008231959,0.03414570040603248,0.013492220137528462
-398.60135,4.3876076,196.35786,4.8127804,-39.407135,4.1781096,55.018665,3.611773,-17.126587,3.8157442,25.589191,3.3246114,-6.436993,3.3739543,9.280092,3.3192272,-0.24833518,2.9622464,1.1674305,3.1257503,4.351315,3.094889,-4.022874,3.041887,3.929491,2.917152,940.6828170836012,58.419634060995755,1248.3260172745872,58.103143373881714,0.000121167686,0.00047631137,1906.7376581532772,0.009928436,0.00096775446,0.03859121229698376,0.005394395323201207
-396.8447,4.740077,161.33015,3.7772565,-19.721378,3.411169,50.825203,4.245132,-39.98464,4.1155896,37.831806,3.232564,-25.016441,3.602417,19.651854,4.0554924,-9.059063,3.3450685,12.659023,3.6659904,3.5545805,3.960042,-0.15346083,3.1410933,2.941668,3.550597,1388.3551691465118,81.879387569678,1821.0201725716659,55.33695335075332,0.00020916012,0.0004145715,3202.4269617350637,0.00949999,0.0013418437,0.05725125978828306,0.0065998141015269065
-381.78488,5.0879636,168.64981,4.518339,-39.455532,3.628231,59.55988,3.7645688,-24.411144,3.3614304,44.71443,3.595449,-12.02237,3.2825663,22.843477,3.5462804,-11.456406,3.433305,3.008988,3.2710266,0.6661897,3.1630805,-0.5253477,3.2294617,9.134242,3.41651,1279.6456132959029,84.02858662832739,1651.7144829450087,61.391877076671044,0.00023205171,0.00036220034,2806.7356189276393,0.009416199,0.0010409851,0.04937984882540603,0.007979958327055827
-367.6429,10.58974,183.14157,6.035106,-52.833294,6.0363746,66.6431,4.805764,-28.943031,4.708331,33.66115,4.4555616,-17.264984,3.7785141,13.314811,3.793128,-7.6715317,3.3846893,3.9803739,3.4712923,0.8187392,3.463623,-4.8824286,3.180757,5.16208,3.1219213,1256.5416117757245,95.50866570706958,1492.5861257761203,82.49121033654008,0.00030470765,0.0015218334,2714.607483051769,0.009587494,0.0008948468,0.05903105060904872,0.009252425221700014
-387.16296,4.4996424,197.02095,4.7933993,-49.58868,4.5446234,60.07408,4.181477,-21.629522,3.5135584,30.77468,3.170748,-11.713745,3.0586808,10.450925,3.175157,-6.132279,3.1643815,0.88674355,2.9647753,2.7918472,3.059188,-5.174682,2.9323843,2.8920474,3.2402942,1039.3259620499875,63.86376951914938,1303.1815695624616,52.873496178940144,0.00016481451,0.0006513687,2131.2874990936775,0.009708224,0.00082301523,0.04731116770591647,0.0066824494605697265
-386.7513,4.3266363,169.93436,3.991946,-36.9166,3.952048,45.317738,4.0774097,-38.33127,3.664532,39.271942,3.0194485,-26.512537,3.414764,27.028812,3.404267,-10.159506,3.196313,4.9403744,3.1591852,-4.9742413,3.0517838,-1.3333291,3.6380699,13.560284,3.6532395,1416.4794103679735,65.25437436149855,1733.4828588531427,55.37819696711606,0.00028752434,0.00064028153,2842.2079489015373,0.008380961,0.0008749782,0.0718804379350348,0.007156856920272728
-341.01233,5.469525,170.29903,4.984971,-63.610073,4.8708878,66.769325,4.177145,-60.058228,4.141013,34.71143,3.7854085,-26.47111,3.3985534,26.305462,3.5588927,-11.546656,3.2610378,3.0711534,3.0666227,-5.5652857,3.280028,-7.176818,3.4079618,3.5519884,3.4353049,1717.3050596139344,97.17907485204273,1757.6499489745836,49.78062656845458,0.0005768879,0.0008195225,3756.120056010731,0.00887328,0.0006142088,0.09681563587587007,0.011048658344011048
-414.0793,6.8191113,181.0293,6.354233,-19.358229,3.122163,48.99451,4.097532,-13.794287,4.435068,28.752705,4.291334,-2.5689583,4.490859,12.013919,3.547196,-3.1077673,3.4742775,9.669662,3.6534386,5.7559114,3.1174066,-0.529327,3.5717158,3.5074663,3.852251,913.392579789552,124.6405025866401,1351.7716491555448,137.9423374715083,0.00010075365,0.00021036906,1808.1395691342807,0.009500161,0.0014194491,0.03834877102668213,0.019631299831568225
-381.05264,4.411365,161.45297,3.469445,-29.623356,3.0117958,43.320377,3.3307097,-39.39729,3.591498,36.328163,3.1533387,-23.584496,3.3138125,24.97378,3.4688075,-6.139348,3.4447775,7.441241,3.3891943,-6.8819957,3.0765216,-8.1854105,3.3624256,3.7756495,3.2680817,1475.5843652933415,70.46501963679485,1789.1739790926472,49.118306238390105,0.0002662113,0.00020391215,3174.773532663863,0.008708003,0.0010191636,0.07496080155162413,0.006764825197623932
-377.1343,3.7502456,190.49997,3.2455206,-46.95511,2.9748747,63.442345,3.4126012,-27.382858,3.2763505,30.712576,3.0671287,-17.186499,3.1266427,10.683759,3.081947,-7.2978797,2.9971693,2.93778,2.881955,3.8296084,2.9485433,-3.6260278,2.8622625,4.704464,2.9053738,1114.90967782735,48.40747451050773,1398.6653262597072,30.383309969006373,0.00017336998,0.00023200462,2359.634378172129,0.00976562,0.00071070425,0.05051615066705337,0.005791907183444329
-398.528,10.586453,192.26544,4.315743,-36.07546,3.4450908,53.01082,3.5512118,-11.209211,4.2970552,23.508724,3.3528986,-3.9881017,3.4530478,6.607326,3.3877194,-0.36765283,3.1339865,1.4005518,3.3570838,4.2545047,3.0781133,-2.9063184,3.0806556,4.399683,3.0526288,922.1166404217544,59.63705255372249,1238.2252723619633,42.211255438026534,9.3039445e-05,0.000120286684,1893.148258501305,0.009957407,0.0013527444,0.037755129785382834,0.006198146271868316
-377.16498,3.4395523,189.63783,4.1954255,-50.319283,3.802298,64.80989,3.755808,-27.590918,3.3321352,35.759453,3.2766569,-13.948401,3.1425645,13.56762,3.2775834,-7.9735994,2.8746543,1.8427458,2.8850214,1.5975392,2.9042685,-4.55346,3.0002837,4.81937,3.0283597,1137.306190656995,59.74160771950671,1420.685549788173,43.11811270183441,0.00020425364,0.0006825254,2424.9584224550463,0.009850598,0.0007010445,0.05058978937064965,0.0058477858911756804
-353.28436,46.32904,141.97795,8.364815,-81.08042,20.900711,71.20748,5.385036,-46.027554,12.477967,37.621315,4.8439007,-26.250029,7.0176315,23.15286,3.967978,-9.51793,5.152787,8.906635,3.885207,1.4865607,4.470498,-0.8230659,3.9431508,10.511894,3.9735425,2123.76667071362,311.78775249695957,1790.5503873277592,95.97357491330528,0.000919321,0.0005744023,4109.744213130801,0.0071807113,0.0017833223,0.13879196273201855,0.05214226605019521
-380.55283,4.3200383,164.52774,4.0461154,-34.284164,3.6514773,45.703144,3.8369262,-38.652924,3.734972,38.267338,3.2811573,-22.530947,3.4500632,26.765842,3.7068226,-4.1315823,3.5096178,7.9963446,3.1088645,-4.2827053,3.4036787,-4.9818215,3.6243482,8.476315,3.498344,1441.5336947928695,72.77876410292728,1752.0404743131126,56.68632067751379,0.00030304276,0.0008880248,3054.292513322941,0.008909862,0.0011211525,0.07048130256670533,0.008173130823805183
-372.21158,15.862255,186.53252,6.0673985,-49.609066,6.1786137,60.557915,4.138025,-27.720547,6.0886674,31.11431,4.6611543,-14.898552,4.6117907,13.141861,3.9199245,-4.807669,3.579343,2.2620027,3.2914379,3.1071613,3.1875575,-4.004949,2.8107965,4.0520725,3.3403506,1181.3092251096916,128.10176218104263,1428.2600020236127,84.73265087829962,0.0002024553,0.00026321024,2486.5353896280453,0.009555806,0.0009698216,0.05540462768271462,0.011277565929711153
-393.09854,3.6035018,184.4154,3.5006874,-39.48428,3.4357967,54.001778,3.5605729,-24.255524,3.413355,40.968853,3.1806707,-4.9491096,3.4437213,15.793815,3.219854,-9.96018,3.180539,0.49476454,2.832956,0.40977022,2.9627018,1.9427603,3.0414848,8.217552,3.3070264,1084.0254508612081,59.816514871008444,1429.197720989582,45.9947188605495,0.00015481829,0.00026917356,2196.786406975058,0.0093009425,0.00083481666,0.04645242713167053,0.007513210631726083
-335.74826,15.26252,154.76099,9.514524,-87.941154,6.075666,70.688774,5.554214,-46.687782,6.8830643,36.730545,5.5594573,-31.91016,4.7325253,16.161123,4.820533,-17.772991,4.006048,1.3212401,3.8020234,-4.9580884,3.476528,-7.447158,3.136618,8.398792,3.0451956,2001.3690436481986,185.49548143007976,1702.1842549486466,98.68303522057634,0.0009098498,0.002182433,3853.8937880655453,0.00803642,0.001054723,0.13321694641821347,0.019160115095078024
-369.88818,4.1508646,139.1049,4.461965,-34.08298,3.6970127,67.40812,3.8960347,-40.12983,3.591332,33.529648,3.626005,-29.099564,3.3160696,24.937464,3.3727272,-7.1316795,3.187129,3.6569939,3.242323,8.055528,3.520393,5.8954363,3.3527079,2.2219083,3.4426522,1860.8404852585938,113.6463139802221,2012.2146427013342,50.729403642566204,0.00043341934,0.0005398252,4466.665798107599,0.008803166,0.0012456692,0.0824368293213457,0.010361924332311518
-347.14297,6.631315,117.56266,5.8672004,-85.72455,4.829102,82.392654,5.207794,-50.061222,4.718393,48.880802,4.134927,-28.923698,4.797889,35.431263,4.085754,-15.176463,4.309997,8.014716,3.390602,-2.3086715,3.663578,-5.6788344,3.53276,13.862112,4.4271493,2661.8341029084563,112.88147782266205,1978.1226997750014,40.661723585096844,0.0014269048,0.0037393593,5065.098993075696,0.0069371145,0.000654973,0.19352138014791184,0.020056200337266687
-375.65686,5.261358,170.56606,5.395556,-42.749027,4.037915,59.451122,3.9389038,-28.114395,3.692296,46.74504,3.4911888,-12.495894,3.5264592,22.330717,3.8271174,-13.455008,3.0944889,2.1214054,3.250475,-0.12569651,3.3526986,-0.14978966,3.1243076,9.312777,3.3440158,1320.7541298291515,90.02433180151868,1659.7350544295136,73.28612754116116,0.00030558376,0.0011124022,2888.0721727269433,0.009269028,0.00085755024,0.05563120830916473,0.007851172537867868
-376.15863,4.185906,182.96791,4.111601,-46.217537,4.058505,62.789833,3.6979966,-23.789843,3.652965,32.698223,3.2070115,-11.824345,3.0752454,12.455429,3.1618807,-5.3790383,2.9805574,1.7840215,2.9968054,2.1147964,3.0501802,-4.873496,3.004836,4.1434245,3.1312754,1160.3536256325497,58.16037189375825,1445.3308213927312,44.27641214019718,0.0002075236,0.00054681266,2512.2902996302205,0.009651883,0.00077978714,0.049737846215197216,0.006767986637616545
-360.09818,32.413822,166.46999,8.949745,-96.27502,15.663896,57.78839,6.421323,-34.1452,10.503787,33.982418,5.9194794,-23.467714,6.195519,6.8745637,5.985943,-15.463935,5.518773,5.799989,3.9374518,1.247083,3.539915,-7.3118377,3.962197,5.9598413,3.88276,1769.1165772529557,179.07024813387287,1460.6339855994872,106.75195439718833,0.0006288772,0.0022822937,3213.268504839762,0.0073771942,0.0018284414,0.1258156902552204,0.025001577338371356
-389.59164,4.9305296,167.42172,3.779927,-30.659601,4.0078773,40.994545,3.9412634,-35.854218,3.607741,34.55093,3.4899433,-25.088179,3.4294002,20.787292,3.3176672,-12.014723,3.14465,2.0564497,3.37711,2.2065623,4.0649953,9.445436,3.5552032,15.740932,3.748484,1366.2159628708298,72.7559273916557,1684.6905674454636,54.010031511416386,0.00023237233,0.00030014763,2667.8939217481147,0.008582712,0.0011982144,0.06813732598607888,0.008264176668653762
-361.58115,8.572348,112.62957,6.3954062,-64.50649,6.365713,93.66301,5.393483,-51.623802,3.9608126,48.7703,4.5831823,-36.47492,4.3399467,27.915562,4.984343,-19.481243,3.563985,6.06671,3.790602,4.5289993,3.5433934,-7.7047396,4.006042,6.599369,4.3997526,2876.689873028153,185.87950040260807,2130.7998697261196,68.13876107010928,0.0015136158,0.0005298502,5373.833166418938,0.0058529642,0.0006546353,0.2345675935324826,0.02623498770193478
-335.39566,11.721465,153.57695,5.6749315,-64.1251,5.8782573,79.97928,4.4763412,-51.62273,3.6308286,45.87513,3.0818336,-30.71411,3.5619261,23.62447,3.2964263,-13.884777,3.1078923,7.3220053,2.8572214,0.011911751,2.9499924,-5.461479,3.1573408,8.837136,3.258161,2001.0201436129107,96.04126591398628,1938.9363548196297,57.62170505235575,0.0008306963,0.0011132114,4350.15668050319,0.008558218,0.0011279265,0.11772336318155452,0.012382835944116535
-386.5723,3.6966927,167.3106,3.7520075,-29.45135,4.0919867,49.461483,4.0263786,-39.388477,3.5590947,39.69551,3.371924,-24.201136,3.5376892,24.338905,3.3563082,-8.603032,3.2187436,5.709117,3.048369,-7.5824285,2.9913595,-8.722985,2.9951026,5.530226,3.0924175,1388.3051753309571,74.44526207177118,1753.670881021539,52.13805034082895,0.00024600883,0.00038345027,2971.8568169047276,0.008994187,0.0009030503,0.06515892365139211,0.007483564154773988
-391.08157,3.7961478,197.49886,3.7660663,-47.57803,3.276552,55.667053,3.2963352,-17.982254,3.0475972,27.585524,3.2365685,-6.121332,3.3157413,8.464356,3.18572,-3.7232933,2.9200137,-1.0508296,3.0041459,3.0732627,2.9512722,-5.0364895,2.8405664,0.92011666,2.9188068,1001.6499693703718,49.10462170191623,1254.1826613907642,35.14288092887616,0.00012020857,0.00022824206,2037.4357077472448,0.0096471105,0.0008376739,0.0447270156612529,0.005294037063314908
-376.35666,3.4182913,187.2439,3.932332,-47.389248,3.2068179,63.754692,3.5837193,-26.194448,3.1684592,33.050964,3.286105,-15.103917,2.953778,11.400447,3.0565603,-8.152526,2.9499261,1.3413118,3.0142148,2.5902357,2.8527582,-3.6308694,2.8533607,5.132162,2.881578,1142.656955802618,60.15302386073402,1424.4419750328218,37.68302374938418,0.00018642773,0.0004248429,2438.422919536688,0.009909123,0.0008296981,0.050334886165893274,0.006163045935796225
-381.3698,5.539003,167.2247,4.4333577,-37.058746,3.2424479,59.798256,3.4618003,-24.131413,3.300884,44.081043,3.482744,-10.833589,3.2294397,23.066357,3.4030166,-9.973345,3.340323,4.198911,3.10178,0.68673897,2.8566043,-1.3026932,3.231055,7.3705244,3.2703245,1275.0675585791512,88.64772316794165,1663.9561154665348,64.170756181957,0.00022197513,0.0002413476,2843.407013576711,0.009406579,0.00093218125,0.04817443989269141,0.00817641455605786
-386.07062,5.3717756,173.91296,4.5207486,-40.75292,4.0947757,48.110462,3.869961,-40.4733,3.362832,40.234417,3.8083258,-27.13201,3.6950834,27.093004,3.9702933,-13.649317,3.9979172,3.7663033,3.5179713,0.9937225,3.2784467,6.323222,3.6561196,14.432466,4.2833705,1406.3750077591096,73.49167763163422,1700.1655623085792,56.464942476582,0.00026604513,0.00045664606,2794.5701085774363,0.008541545,0.00085598545,0.07437282482598608,0.009188133560700406
-395.11066,4.2995753,186.01501,3.6680186,-39.389473,3.6026304,53.5185,3.6144388,-24.72677,3.300213,41.53354,3.1830003,-4.4325123,3.4757066,17.58246,3.405161,-9.09411,3.260322,0.4394179,3.0683916,-0.18606354,3.016778,0.6071369,3.242045,7.1673937,3.4452872,1065.409157029231,62.96208556553847,1413.1649117880418,48.22711648931982,0.0001456739,0.00018993749,2126.541201421114,0.009397637,0.000795676,0.04690445548143851,0.007108254067168545
-367.59317,4.328558,144.03465,4.387932,-32.509712,3.993995,66.92526,3.8369384,-34.826527,3.5074205,27.133902,3.7311802,-25.660055,3.4417353,30.547892,3.4851325,-14.463073,3.029958,-3.1839936,2.9979055,13.748384,3.0999157,6.3558345,3.881711,2.193256,3.558778,1721.9434426776538,98.07939743987454,1924.3718438482836,47.117770639005414,0.0003745939,0.00063962466,3965.7315495395883,0.009528835,0.0014342073,0.07426406612529002,0.00922458192547594
-375.9515,12.918437,188.78712,6.933024,-49.682335,4.6023507,63.13873,4.6673594,-27.933655,5.0272527,33.16757,3.7032874,-15.151264,4.3302803,13.307193,4.058566,-5.8051405,3.366166,2.2587132,3.031149,3.0739691,3.1868892,-3.8630989,2.906629,5.2533927,3.3305185,1160.5626624272331,155.81325899424536,1422.0326973425565,101.83599769667643,0.00018523983,0.00017098282,2451.0630596541473,0.009629096,0.0007833533,0.053759652334686776,0.011707857502078837
-340.4556,4.71367,160.6811,3.802245,-65.19807,3.4246035,69.56536,3.6598847,-36.7521,3.451445,29.515938,3.359719,-21.37066,3.3539665,13.932621,3.3942912,-7.5775967,3.4738138,10.420147,3.14425,-1.996552,3.1937723,-4.6220617,2.899387,7.868799,3.149472,1697.375398786809,72.79780319298507,1679.4869816546661,36.463444589330344,0.00047023574,0.0002201845,3567.891882522477,0.008858794,0.0007333152,0.09535419083526682,0.010803495664196545
-390.88583,3.5127487,181.27527,3.4161034,-38.47405,3.329209,52.355778,3.313962,-22.988474,3.1517138,39.287975,2.858933,-3.241586,3.3876536,17.63588,3.4195433,-5.825836,3.247803,3.205927,3.1077716,1.4388473,3.148127,0.039336354,3.193567,5.7441525,3.2597718,1088.9718600734025,63.017665412962536,1440.1325892189134,43.96878225221559,0.00015439796,0.00021635248,2241.3016830408933,0.009394351,0.000927267,0.04473947759570766,0.007218161061473921
-369.91458,4.928512,158.92343,3.6873565,-35.215687,3.6753597,52.953995,3.7481759,-40.846214,3.2994149,29.267014,3.2827065,-25.059355,3.1006744,25.564367,3.4579394,-9.405031,3.7107637,5.431442,3.3930514,-0.10619732,3.2277222,-11.020518,3.5411255,-4.041483,3.5880845,1539.0099937049936,73.85072209706588,1794.510831615699,46.00456043545143,0.00029702156,0.00030375767,3366.8487053183003,0.009153127,0.0010311619,0.07093786252900232,0.00665241298056573
-380.9749,4.782816,166.036,3.4653215,-28.44084,3.860627,47.11823,3.5158682,-37.205994,3.188922,39.80806,3.225057,-23.193073,3.2798753,25.450235,3.4975193,-7.115709,3.2690485,9.517921,3.1878307,-4.093204,2.97199,-8.296202,3.004921,-0.10645615,3.5360675,1391.3263809355642,69.14803339766219,1765.8690170029436,53.508049283677146,0.00023414506,0.00025071137,2955.644463275812,0.009365894,0.0010486845,0.06561888232308585,0.007058110350239711
-334.12506,10.373924,142.38737,6.0601854,-55.037758,4.8139963,75.34814,4.084474,-45.163258,4.218688,46.129276,3.606102,-28.651968,3.403675,25.852602,3.4637098,-12.781035,3.5015695,7.9391317,3.197196,-1.450781,3.0510974,-5.367464,3.1963103,10.146859,3.5870771,2088.167343903635,121.30154515124278,2043.5988300436031,50.51155811934366,0.00086442946,0.0017860215,4619.546544192285,0.008852484,0.0011625098,0.11152751595127611,0.01577187264261226
-379.0011,3.9082901,186.57535,3.2536912,-48.771942,3.4322615,64.7404,3.085928,-25.439342,3.1887586,34.53393,3.053393,-13.322382,3.1032484,13.695535,3.3141022,-6.0664253,3.3103848,2.2492063,3.0503297,1.1081555,2.9281037,-6.5734115,3.0805366,3.2380507,3.0607512,1147.915545327388,54.55836982560259,1431.7664317684064,33.25405872297864,0.00017312187,0.00024204598,2470.797665766386,0.009710923,0.0006917778,0.05025671584976798,0.006535916606638686
-412.03137,6.407185,182.25185,5.2104335,-27.09796,3.454589,45.199726,3.9596717,-13.953051,3.8711104,32.294666,3.4880955,2.4311175,3.7532866,13.966352,4.0388994,-5.6446276,3.639956,-2.8199854,3.5111203,1.8530087,3.3765929,1.0907522,3.4544802,5.2351103,3.6089694,958.4486760931014,82.55842975245766,1321.841862920952,67.45128769153996,0.000115217255,0.00026587376,1859.8742137652262,0.0091995085,0.0020891859,0.04081510114559165,0.009528585927059862
-427.98547,5.607617,191.55067,4.34136,-19.70085,3.3838546,57.3519,3.512136,-12.525605,3.7793589,30.529854,3.4442616,-9.198392,3.7245166,14.837627,3.2713363,-2.9774244,2.9930418,3.2033348,3.1886578,-2.5351672,2.929718,-7.3293223,3.0947165,0.8155957,3.457341,819.3289506681455,67.8409353843181,1265.4058285434428,81.66861096630458,7.689163e-05,0.00016181522,1579.1431966901102,0.009689916,0.0007567325,0.030693744562064966,0.009445535415147109
-380.68338,4.732291,156.86533,3.7142348,-24.479996,3.4387183,54.189674,4.0635533,-40.835457,3.2943714,38.268616,3.4562435,-23.555365,3.8096824,20.50604,3.482973,-11.79561,3.451307,12.898324,3.2639813,4.323069,3.4624887,1.895728,3.331885,5.649106,3.7246962,1515.9241098514756,77.78120624340863,1893.0371196344872,52.796354823458046,0.0002597845,0.0001593875,3629.144103012616,0.009268956,0.0011750855,0.06482698303364269,0.006496429102919644
-366.8747,5.009052,166.39041,4.854113,-47.145756,3.7292717,62.160526,4.1032677,-29.997198,3.8448656,47.881706,3.4731524,-15.437158,3.744445,24.161982,3.4712687,-13.109105,3.2903152,3.8752007,3.1587327,0.29610863,2.9522402,-0.3703872,3.0469847,9.261346,3.128064,1433.7697238847654,100.56942729685406,1731.5892737293232,67.60445469868017,0.00033915072,0.0006556044,3198.7548261673433,0.009218111,0.0008314089,0.06298035092807425,0.00956672602515245
-335.14175,11.998466,160.51067,6.8782315,-62.48168,6.640481,65.14975,4.357279,-46.09514,3.9819574,35.591343,4.183628,-29.913748,4.8816185,21.672997,3.7324889,-14.116053,3.8443394,0.78522974,3.8228078,-3.14684,3.395187,-5.4589806,3.1582322,5.7096767,3.1601772,1786.6640688187535,156.94580939336382,1793.874179196828,74.00867576099446,0.0006029565,0.00033703443,3821.0194315545245,0.00878021,0.0009700317,0.10226716574825986,0.017991715360922658
-384.56784,3.6861002,167.02298,3.3061168,-31.633093,3.0637562,47.96409,3.48134,-38.152206,3.497245,40.307697,3.0852096,-24.6149,3.1712704,26.410624,3.158245,-6.757408,3.1001027,7.4577694,3.095814,-6.393884,3.1046798,-7.2743225,3.0742238,7.1801386,3.2150328,1412.5475579210515,66.89456572117717,1764.6131013950637,48.606615712899654,0.00023275192,8.21368e-05,2984.2471518815255,0.008861394,0.0009122318,0.06830952726218098,0.007051571512373338
-378.3218,6.280359,169.09909,4.8133802,-42.44399,4.1819167,59.52387,3.8436608,-26.58936,3.5960362,46.02619,3.5439577,-11.528945,3.6140018,22.80464,3.4418778,-11.953635,3.1280386,3.7793033,2.8926928,1.4075189,2.9058304,1.3491172,3.172199,9.880785,3.2067182,1311.0871772058606,96.67235497608897,1660.5530785215258,69.5310427266067,0.00023652766,0.00025858337,2882.001907808875,0.009351295,0.00090273074,0.053122960774361946,0.009455438943041534
-341.6785,21.459084,154.0712,10.255341,-70.2177,10.271752,76.20899,7.7921624,-46.673443,7.864635,46.110706,6.345638,-33.129658,4.584775,21.550358,4.744787,-16.223677,4.3606977,10.357598,3.4924972,-2.480204,3.275382,-3.4502628,3.6405673,8.351266,3.307535,2008.5353868459597,271.88995853213885,1889.7080444002843,100.24763886528856,0.0008419119,0.0006177139,4154.23450868257,0.00799038,0.0011397254,0.12453211100638051,0.030444636203135308
-384.5264,3.9961379,190.00775,4.1016297,-45.305866,4.1398034,60.644806,3.5421414,-22.223585,3.555669,31.233479,3.0226784,-11.725437,3.4229317,9.412024,3.1630058,-6.2243476,3.0138774,0.23158057,3.1176457,3.3906612,3.1508496,-3.8297482,2.9292078,4.023351,3.028632,1075.5746174662827,61.01937741572606,1360.0143500883287,40.803429044070924,0.000152459,0.0003127324,2248.471090577871,0.009787434,0.0008812691,0.047203541908352666,0.005512988579593619
-396.679,3.9869652,196.00247,3.6850488,-42.767456,3.3051736,54.952515,3.2551603,-16.593012,2.9922962,26.824831,2.886111,-6.183885,3.3006384,10.109364,3.374885,-1.1389247,2.9539785,2.0104477,3.0992236,3.9575286,3.2940764,-3.2806785,2.906669,4.2611995,3.0212903,960.8251117614196,52.67676250623803,1256.3457531702745,35.329254121578515,0.00010512398,0.00016645486,1963.8431133084396,0.009917779,0.00090119895,0.0399472973462877,0.006036259705947928
-389.35397,4.5425954,171.27454,3.7919028,-39.143715,4.0926375,47.0208,4.170811,-38.80409,3.4424324,36.031437,3.5155323,-29.054253,3.5195558,23.472784,3.2659502,-12.59365,3.1159887,4.537428,3.082309,2.8435664,2.987709,8.026323,3.1733935,15.172737,3.3428261,1398.7566452874437,65.8702094110936,1688.1160369120796,51.76185876707436,0.00024669684,0.00033948864,2760.446726363109,0.008517952,0.00080038595,0.06952286651682135,0.006750510143239099
-392.48212,4.149356,195.6069,4.352654,-45.291977,3.6955037,58.597847,3.7773278,-18.538366,3.633891,28.85681,3.0868337,-9.309789,2.9537163,9.853562,2.7817712,-3.659352,3.256796,0.8053974,3.0461376,2.8501277,2.9795434,-4.9512987,2.9006722,3.9490407,2.948782,997.9529879331268,55.001754628212495,1286.890840710134,52.96296073639812,0.00015262827,0.0007605211,2055.696463529582,0.009685045,0.00078022457,0.04285885839617169,0.005384680125964285
-401.68692,22.222212,196.94032,8.524213,-52.51286,15.442123,34.236065,10.693585,-17.599844,4.1348295,26.760517,5.7468176,-0.1259229,3.8893013,10.467426,3.8891478,-0.24785493,3.4650803,-4.3909545,3.1371312,-3.3119936,3.9488547,-9.272453,3.3278847,2.2135398,3.530231,1063.1898719616213,86.92015283533733,1172.6650820409316,102.87749601442079,0.00014293885,0.00033955587,1911.8336830227668,0.0082659265,0.0023694965,0.06178513812354988,0.015571470551092566
-385.1785,9.215273,161.3926,4.728107,-15.313758,5.1242204,49.664516,3.9645443,-34.87331,3.3251977,36.340008,3.1537657,-23.020847,3.5774848,16.85461,3.42165,-10.947258,3.2627165,6.6933484,3.6888723,-0.33748335,4.4402676,-1.3819879,4.1338234,4.8412848,4.2068286,1348.731535379772,94.38391598923066,1807.2431727483756,70.5904987655556,0.0002526047,0.00070689846,3096.4846015806265,0.009528898,0.0017994047,0.05219511310904872,0.007491832307847228
-385.79337,3.6033704,188.6839,3.868928,-45.936413,3.4673169,61.758804,3.7503881,-21.013626,3.2343957,31.38642,3.1966765,-10.367051,3.1286345,11.739235,3.0433526,-3.662324,3.2359128,2.0850255,2.813986,3.2097032,2.7712762,-4.831166,3.0632467,3.9750903,3.2697625,1069.7050991604203,51.95266030095118,1370.1195852273406,38.595512991473306,0.00015556214,0.00034360783,2277.8231946055685,0.009826749,0.0007763329,0.044592200188515084,0.0059173629131517
-385.4431,4.772782,157.32251,4.481352,-27.6239,3.8743668,51.763382,4.5869913,-35.331894,3.8605435,39.797035,3.4402287,-23.737642,3.6851842,21.075424,3.9525015,-6.4985747,3.4663327,15.174656,3.2749896,3.4567764,3.2303545,-4.936185,3.0872583,-1.1324737,3.8108776,1460.87605678703,76.82578386588175,1839.5127890548006,61.27766127065383,0.00029445207,0.0011441659,3387.332726852523,0.009377237,0.0010797727,0.05939131380510441,0.006695887272566869
-383.93634,3.5571296,189.86285,3.324892,-45.79282,2.8183422,61.16625,3.0971112,-21.290304,3.0076964,31.082783,3.167993,-10.715657,2.9655397,11.202975,3.0437047,-4.933387,3.2568965,0.879622,2.964777,2.3363652,2.8537285,-5.008235,2.7905185,3.7690792,3.0083752,1072.8072614436944,53.31303237790736,1361.741516263469,33.417845846793945,0.0001456323,0.00017632084,2262.6600225674306,0.009719267,0.00082019385,0.046493211644431556,0.006425028171353187
-335.60077,10.12823,156.62405,6.053451,-75.984436,4.802774,61.299545,5.784891,-57.091312,5.391424,39.75728,4.1804967,-34.008286,4.2491336,25.349823,3.8320658,-18.066736,3.4888356,5.255545,3.3732321,-4.4753413,3.5632184,-8.774464,4.7199807,5.9943776,4.079663,1996.3416317804883,137.2228433594737,1848.259437694792,97.60021473748685,0.00084421394,0.0011337745,4124.457735915748,0.008190237,0.0007292639,0.12391014718677494,0.01272605534291829
-386.41577,3.5273814,191.22888,3.5101075,-44.901264,3.3932998,61.644,3.2743044,-22.108347,3.3026512,30.83796,2.7588854,-10.914685,2.9063182,10.3393755,3.182292,-5.3727555,3.137974,1.6931368,3.2118027,3.5076058,3.0547402,-4.069948,3.212837,4.905876,3.1456583,1050.015037897541,52.73295036365175,1349.5781435963586,33.81150477648231,0.00014191387,0.00020530415,2206.0791582076567,0.009760417,0.00075916614,0.04552231366009281,0.005778487231159165
-374.06985,4.8905563,189.52283,5.0286856,-48.199932,3.3189058,64.455986,3.411365,-29.204067,3.4565835,31.584093,3.4568524,-17.559742,3.8078547,11.794546,3.2658708,-8.310932,3.3690007,2.4577634,3.5608222,3.7174811,3.0083687,-3.0160623,2.9509997,5.311092,2.9986312,1148.0826490365032,73.80979934796517,1423.345339527055,69.4642354329114,0.0001776366,0.00015102104,2450.213722175899,0.009790657,0.00073460414,0.05222570149361949,0.0062504517402983285
-393.9107,4.816545,158.61288,3.877104,-24.321587,3.9572358,47.46363,3.6504385,-36.036552,3.4542537,33.296654,3.460928,-23.03635,3.1265993,19.930021,3.4374774,-4.972668,3.192383,12.008335,3.3128095,2.8785892,3.2760243,-3.3636284,3.3436172,-0.015729116,3.5384138,1386.3040787959833,76.75551918393938,1756.6218826370107,56.50311752943638,0.00018920841,0.00020734344,3035.182420062355,0.009561697,0.0013375581,0.061568753625290025,0.006313984543671004
-383.14697,4.836667,168.28549,3.93239,-28.141779,4.1971264,43.716476,3.4318078,-38.736805,3.609833,36.512466,3.5777063,-22.441221,3.4636424,25.014584,3.4948158,-5.240452,3.6829653,8.177927,3.7665868,-4.3893504,3.5280902,-7.3958387,3.3429272,1.7969668,3.3846862,1368.0112083511808,70.98793584605629,1721.2399843309981,54.16662022559992,0.00026286018,0.0005555501,2820.3250185796114,0.008799997,0.0010206259,0.06560528748549883,0.007183145128706032
-431.82184,23.720112,182.62227,8.812495,-17.60809,8.712793,42.291573,5.3473825,-5.4531045,7.234755,27.17744,5.792756,0.67874646,6.4608245,9.365851,6.109113,1.3121608,4.216842,9.446275,4.457101,7.622814,4.3561926,-1.4302076,4.749815,2.1499615,4.935841,856.9545068154938,163.41807234941314,1254.2152499282386,148.45788620931816,8.5466156e-05,0.00014140924,1667.7740605967228,0.009153644,0.0032407006,0.03711277370939675,0.01711937049225421
-393.3487,4.3988533,170.66087,4.0223804,-39.283405,3.7050865,44.72277,3.9982576,-40.527966,3.5395627,37.652035,3.4917665,-28.117805,3.6156664,24.821348,3.5053978,-11.089439,3.2226717,4.5267563,3.3128133,1.624455,3.1456168,8.820351,3.349358,14.864987,3.7728472,1428.0228783288958,70.39423435716357,1704.2485295787778,51.09991082049176,0.0002920508,0.000606482,2811.257091973608,0.007869321,0.0009018239,0.07419382613109049,0.006437043741731648
-388.24435,3.9428213,164.18886,4.1985927,-30.041592,3.730432,43.127937,3.623339,-38.967068,3.5856366,37.632042,3.3635745,-25.25232,3.5465848,23.431885,3.806037,-6.762336,3.1427436,8.489389,3.1710443,-6.711369,3.4431527,-5.143625,3.5305874,9.668222,3.6496253,1436.5309147291287,75.72339033947353,1765.1378731714829,59.51592550959513,0.0002782096,0.0008026405,3008.678094638196,0.00875716,0.0012021202,0.07191555793213457,0.007080223305333417
-335.01547,8.215484,157.91655,4.9033394,-87.02802,7.326283,67.402275,5.1007357,-45.431503,4.5496287,40.00183,3.6683981,-35.20997,3.8830967,21.485037,3.275745,-16.012077,3.5663638,7.533718,3.203006,-2.4778466,3.4018376,-7.376077,2.96705,6.291275,3.2272067,1970.3812126380549,76.7887499434817,1729.977022596434,63.98691487181333,0.0008953442,0.0018071459,3808.8039601761893,0.007975408,0.0007696884,0.13227097230278423,0.011318658244144695
-355.95715,10.581807,182.11017,4.83707,-59.566063,6.593907,52.336765,5.332756,-32.340992,4.367214,29.837578,4.4150734,-14.262797,3.533087,11.102768,3.6871262,-12.789776,3.6017127,1.1173962,3.1260943,-3.0568163,3.3245642,-7.516433,3.5026038,2.2659416,2.9980354,1330.6278325979913,79.79494903081836,1447.78467101241,56.79602325379117,0.0002749379,0.00046868436,2697.0961426914155,0.009401635,0.0010747358,0.07016069098027843,0.00937094246568957
-384.76993,4.8295417,156.40962,3.9034634,-20.612442,4.03419,50.951656,3.5950322,-34.09288,3.4116654,37.5783,3.5861788,-22.09153,3.5739005,19.58235,3.484836,-9.838235,3.3715441,10.129692,3.3811579,6.2589397,3.4482207,2.124068,3.2338772,3.0550086,3.4928007,1432.7611939455005,83.57558263783667,1845.695932479741,59.47528242654915,0.00023120202,0.00024038846,3352.0852215052205,0.009428325,0.0013975494,0.059129613181554526,0.007546259515034769
-335.83966,11.698119,147.37656,13.792543,-74.551895,4.1484494,76.4827,5.266885,-52.82257,7.2240353,41.541256,7.2182574,-33.4109,4.5807695,24.203718,4.622504,-14.598601,4.3058085,13.0046425,3.5660996,-3.9372408,3.5028365,-5.4377117,3.076025,8.669743,3.8111207,2206.8120123987383,311.3369105349069,1925.27005340061,168.11601898369,0.0011046533,0.0017194393,4411.109134824536,0.007652151,0.00084324315,0.15123463783352667,0.03349621330722683
-343.06894,8.627215,157.16818,7.0456023,-50.879566,4.3161664,63.80184,5.729262,-38.496464,3.6216645,40.940918,4.121844,-28.193247,3.7804868,21.692904,3.369725,-6.6808577,3.1942537,10.692202,3.773789,-0.31856808,3.4836793,-5.1625605,2.9858997,8.827921,4.257482,1702.1404900094826,130.87488071066076,1851.3973757117476,70.22174866809448,0.0005143332,0.00047820577,3818.59632169011,0.009127258,0.0013617054,0.08602813225058005,0.011855812171733903
-367.9415,4.5665574,143.16232,3.6776905,-31.083857,3.1172638,65.24133,3.668832,-34.686817,3.1138134,26.199228,3.2850528,-24.741203,3.3080575,29.115086,3.305686,-15.613318,3.2403123,-2.4827352,3.289216,14.497047,3.4975321,5.418372,3.1899955,3.5085957,3.5146842,1710.4493916788854,91.23697529302513,1918.717910872565,45.92224899307049,0.00033196143,0.00034737165,3917.7439820185614,0.009720788,0.0015452756,0.07422894612819025,0.009998791506141925
-348.2091,7.1960015,144.37657,6.8998175,-76.47455,4.67896,58.812,5.5713596,-45.260677,5.095227,35.85291,4.510913,-23.806877,3.9111784,19.518625,3.8940885,-16.887722,3.9599361,5.408043,3.479348,0.64479876,3.2946775,-2.6987715,4.255829,14.728565,3.7410717,2004.5754012369905,105.26421957947203,1752.6178110559877,51.547181422712754,0.0007026909,0.0017583907,3874.227926515371,0.008278759,0.0010566307,0.12317262724767981,0.010134892281016843
-372.37213,4.7481503,153.95605,3.8541527,-36.458065,3.403249,55.961174,3.9078574,-39.987736,3.5340962,31.940971,3.5764756,-22.54024,3.5234904,30.83403,3.7812076,-8.875731,3.3402982,4.489344,3.4182236,-0.47314197,3.3079252,-15.014499,3.2783604,1.1526582,3.6757913,1621.4779526929337,77.14181775899128,1847.0376386086969,50.63598247330162,0.0003434917,0.0003582745,3580.9317108649943,0.008706828,0.001066353,0.07858949028422274,0.0070700791242896644
-344.70633,3.943555,155.12637,4.2161174,-52.03214,3.667555,72.43001,3.542704,-41.13478,3.7242727,44.3996,3.3651812,-31.262999,3.5539854,24.336187,3.2861657,-16.880093,2.922355,9.055421,2.8065374,-0.97027224,3.1226883,-4.167643,2.9766958,7.9032974,2.9395049,1833.7259414277805,74.94301475756359,1969.9900812281367,36.40735946967324,0.00067463046,0.0013982452,4159.005786869199,0.008676223,0.0006424217,0.09350189421403712,0.010220369305887914
-387.85785,3.6300912,192.65158,4.104562,-47.314003,3.9509425,63.450886,4.145227,-23.21405,3.419916,32.779484,3.4285424,-11.688289,3.0542855,11.501265,2.9396508,-6.115283,3.082936,1.3770041,3.1501813,3.0213115,3.1840687,-4.868094,3.1672606,4.033125,3.1642969,1058.40316389042,52.682157750942785,1353.7425499027925,46.4171819495475,0.00015711172,0.00053363206,2226.7630238544084,0.0097698225,0.0007343617,0.045363707221577725,0.005644581141029309
-351.31454,8.255148,151.569,5.4029236,-50.77594,4.719306,71.26137,3.7036018,-30.597605,3.5616763,48.0297,3.6979804,-24.608871,3.4986281,26.248917,3.029528,-10.2573185,3.0826168,10.14537,2.847281,2.695307,3.1166658,-3.0632238,3.0572355,7.1526484,3.6388624,1741.3777827085082,142.85471668912086,1926.7377895341485,71.19799999852003,0.00047166055,0.00024857337,3968.354503516531,0.009166963,0.00078797684,0.07971672890081206,0.013356132375005212
-401.14545,3.9336877,185.80525,3.1539211,-33.77057,2.808722,52.8994,3.194723,-21.603062,3.1305575,38.26103,3.3492997,-3.0037165,3.5492513,16.244276,3.7670782,-7.1349525,3.1778612,0.76768845,3.0224335,-0.6899916,3.2290838,-1.4306837,3.1403441,4.6420374,3.1094575,1004.0969101956405,60.23779186771513,1382.1849683756004,41.27207770745108,0.000113699876,4.2826407e-05,2002.4879685687356,0.009492841,0.0010045251,0.04016028313515081,0.00631994579157059
-392.91177,3.9167655,201.23439,3.978895,-48.521008,3.5578253,59.21554,3.4643252,-21.119572,3.7004693,27.475319,3.3271728,-10.930839,3.3081844,8.086888,3.1576853,-5.2319403,2.9939787,1.5863298,2.7953866,3.6762452,2.7777615,-5.082788,2.838169,3.0472383,3.1727915,988.1265637463968,47.54282052597055,1249.2916214966654,43.73458188003214,0.000122036225,0.00030423104,1997.0422165023201,0.009725314,0.0007075469,0.04582026718387471,0.005317630323514012
-380.06494,5.6802096,168.28215,4.0884533,-32.461872,4.1442294,50.840904,4.20396,-41.54231,3.9326212,40.04272,3.6777387,-26.349533,3.5760798,26.541676,3.415482,-5.2000947,3.7228012,10.254847,3.5510788,-2.2222512,3.2154782,-6.638724,3.4791822,4.1279078,3.3418846,1426.3217023039672,67.50826851953276,1779.8755870629702,52.16741932532316,0.00027036516,0.0005438944,3116.543954375725,0.0091418745,0.00091181305,0.06604711970707657,0.0069118992954152825
-378.11813,3.7720664,186.76207,4.535895,-47.94832,3.768581,63.395443,3.8563135,-25.392233,3.4899821,33.995216,3.06102,-12.803458,3.3797314,13.402704,3.154455,-5.79487,2.918298,2.6687717,2.802035,2.3058655,3.018311,-5.4383893,3.189352,3.557732,3.1812444,1134.9530605454343,62.571364803659186,1424.3575390685278,48.6419755395121,0.00020397888,0.0006993996,2433.5517192937937,0.009700114,0.0007580852,0.0502997661687935,0.00597205004980738
-384.56613,5.1228275,162.96669,4.2010694,-26.861242,3.8793786,51.59595,3.890232,-39.53935,3.4973202,38.528885,3.8472388,-26.57307,3.604817,20.022661,3.2571802,-9.507201,3.221645,12.106527,3.0954645,3.414288,3.212162,-1.1657016,3.6938758,2.3677385,3.7431536,1423.4908432931118,83.60905247678348,1813.0084888537895,57.16666942536979,0.00023939981,0.00037710092,3240.772050826566,0.009454526,0.0010345168,0.0598614686049884,0.006050537919434048
-341.39087,9.032026,153.43333,9.432668,-89.07152,5.1864514,71.927635,5.5281363,-41.049957,4.457803,38.485653,5.1620717,-27.146212,4.129848,21.329374,4.0822787,-12.830755,3.7510116,9.04666,3.3449984,3.118569,3.318574,-2.529728,3.9976962,9.590951,3.4212203,1968.953129263639,138.72999527321758,1668.8719755710326,72.16016766464217,0.00066417054,0.00064476335,3711.8545850855567,0.007978951,0.0009676054,0.13558471396461716,0.015505377888647403
-423.2205,13.75417,184.83722,7.240246,-18.164042,5.471238,47.9235,5.016785,-8.38248,5.821639,25.973835,4.9852023,-2.3556151,5.0041094,10.619419,5.39273,0.3938421,4.1508627,6.919482,3.7817888,4.305139,4.3951497,-2.2620914,4.2710958,1.874502,5.41301,859.5151242996562,117.96975395718054,1263.8327459326242,123.34576030913635,7.7787794e-05,6.9010996e-05,1686.2346604915892,0.009360549,0.0023683186,0.03722606402262181,0.01313995479457056
-382.39297,5.028543,171.42532,4.19762,-39.877083,3.4416416,49.426308,3.9653475,-42.93857,3.456369,41.026386,3.6065946,-28.983528,3.1682067,23.963552,3.4531977,-14.78916,3.461525,2.1867418,3.4801965,-1.2249366,3.23899,6.184899,3.1624808,14.930861,3.5216963,1455.176557248394,75.53911788088402,1743.1925199700734,56.105443690175434,0.0002876459,0.00031799384,3000.65934962297,0.008535357,0.0009547362,0.07427766096287702,0.006705614115346805
-434.29932,23.821457,192.88167,10.932127,-17.841665,8.647076,39.57004,5.1001334,-11.558152,5.184546,24.469883,4.340722,-1.5256268,5.884439,8.779017,5.376297,-0.6906123,4.2848706,4.4085608,4.5172544,2.3736184,4.290171,-4.5962157,3.9513178,2.5628393,4.88611,823.2702047197024,95.48107199676951,1183.9798301801857,124.93457733282968,6.8676905e-05,7.717576e-05,1502.153252338312,0.009156991,0.0030243495,0.034795986803944315,0.009768665622410917
-418.12073,5.1231728,182.82352,3.9160752,-25.572338,2.939614,59.69394,3.3041031,-14.930327,3.2693207,32.592457,3.197471,-6.013662,3.6587665,17.895975,3.439319,-1.7040415,3.1031373,8.883855,2.892846,3.5205982,2.9047227,-6.0662036,3.2573593,1.0390626,3.531848,917.382038819819,71.0446444504544,1367.0687715061138,77.51575674479915,8.4579806e-05,5.858742e-05,1894.322342662413,0.0098017445,0.0008902964,0.033272232091067284,0.008883043106978381
-368.20273,4.677237,147.27582,4.146295,-39.235355,3.2827616,64.38162,3.5508084,-51.034557,3.3317938,40.177982,3.1302378,-30.824087,3.3950436,24.632946,3.4232368,-1.2770603,3.0825584,3.3022873,3.1117098,-8.291009,3.0150123,-6.912163,2.9574993,5.795581,3.3000984,1882.376990357893,94.89048813559856,1994.7697784160532,47.23011295742233,0.00048497174,0.0006912351,4475.084231347882,0.008336346,0.0010475543,0.09290598716647332,0.009691228194985968
-386.20062,4.6990337,174.31026,3.8808022,-40.139194,3.1296256,47.89716,3.9698656,-40.96419,3.2694638,41.59693,3.2583008,-26.450264,3.3172436,24.384716,3.3403447,-14.625483,3.1411042,2.9384444,3.124858,0.9484645,3.348164,6.506956,3.1414034,13.003738,3.69865,1388.5605579771711,64.08922945468039,1687.9803474346281,50.61815888185049,0.0002493979,0.000319049,2738.8385816959108,0.008760943,0.0009075074,0.07088461608178655,0.0072624908823623975
-403.85925,14.12326,199.93489,8.117865,-33.8959,7.455127,49.556206,4.5952196,-13.239194,4.375461,19.469519,4.504696,-6.355218,4.8666835,4.0120363,4.1298404,1.4937962,3.42295,0.7571798,3.5691667,3.8886628,3.4799843,-2.137758,3.8654406,1.7860391,3.5174706,887.1063445633806,115.7776966269494,1167.7229987676892,90.02347721154334,8.8449924e-05,9.981117e-05,1737.045026102088,0.009716904,0.00242856,0.04043897730568446,0.008562904266019335
-380.90686,3.809816,167.03065,4.2653522,-29.557892,4.018865,46.746246,4.4961553,-40.634087,3.6187022,35.197227,3.4954054,-22.57909,3.5120485,23.971872,3.515361,-7.05007,3.1945465,11.094056,3.7751143,-5.760526,3.3684413,-10.23882,3.4937713,0.9156659,3.6240191,1391.400974322542,81.04938874186347,1740.8720168481113,54.06343961982026,0.0002686373,0.0007329409,2984.5718985643853,0.0092696715,0.0010689748,0.06498672237529002,0.008241837195384289
-367.90994,47.16189,152.5378,7.530567,-88.94662,26.081678,64.45801,6.1264577,-36.04273,6.0197062,38.465855,4.570435,-25.57431,4.027946,13.465775,4.615951,-17.663584,5.899412,7.030885,3.9219394,-0.8274533,3.29999,-4.6919684,3.5547066,5.4449,3.8408337,1934.2773035495686,138.74357179166313,1640.6500848541323,179.49932596102386,0.0007438708,0.0010677697,3660.7444533062644,0.006999777,0.0026266777,0.12738476109338748,0.03312292689219745
-383.88965,4.6043196,162.4384,4.3392286,-29.076767,3.557087,42.918385,3.928516,-39.171513,3.585641,35.64009,3.0639997,-26.479296,3.482239,23.51613,3.586021,-6.64186,3.0432498,7.7307734,2.9466755,-6.220538,3.220243,-5.4763436,3.2288308,9.373068,3.579512,1461.1201638316038,77.70441708380655,1787.3412881244083,61.48208575695922,0.00027860113,0.00054865156,3105.8772748694896,0.008835647,0.0012075858,0.07116784186484919,0.007920247902545908
-390.96027,3.889489,202.89545,4.0459213,-48.771873,4.000962,54.89758,3.8348906,-21.858532,3.5489974,28.563606,3.1791193,-8.456279,3.0536945,8.342245,3.0859253,-4.562856,2.9901063,-1.1839337,2.7181265,2.771509,2.8633194,-4.3927464,3.0101855,3.162093,3.1084943,986.969657684991,50.899493891865696,1231.4373540027452,41.51942399309235,0.00012089051,0.00026771709,1947.730681735789,0.009720338,0.00075795245,0.046169201348607886,0.005379710737283127
-432.5427,9.584149,189.81061,7.543207,-12.975935,5.2635083,58.60583,5.232488,-16.04068,4.5686026,32.250816,4.4434514,-12.20842,4.5415587,12.544797,4.2014837,-7.038906,3.351718,3.9327044,3.094874,0.9918914,3.0724432,-7.923794,3.0045574,4.2983966,3.9098356,825.3147631818359,110.87684136304057,1304.2791778248622,140.30065520801543,8.6241664e-05,0.00032939037,1537.6755433403423,0.009731845,0.00086507975,0.029992477523201857,0.009631281747451922
-388.1803,4.142268,168.49101,4.32568,-37.267593,3.799774,44.86496,4.21657,-38.76134,3.877619,39.028713,3.418838,-25.198359,3.53252,24.052794,4.0399046,-11.99149,3.3411977,3.2475297,3.1822824,1.1824105,3.3176217,8.2386675,3.270024,13.787044,4.132177,1431.4138329547375,72.85095137076372,1717.8459725085504,54.15436916530673,0.00028124574,0.00045572245,2869.6615338602087,0.008161788,0.0008031529,0.07494720671403712,0.007844006288408277
-380.02216,3.4899313,188.8159,3.317747,-48.763287,3.0820332,64.76979,3.2545376,-27.161371,3.2012317,34.003815,3.2916822,-14.80597,3.4784598,11.718299,2.982396,-7.8635616,3.2438314,2.2664137,3.0207655,2.6483572,2.8811064,-4.4023676,3.0800898,5.145754,3.079024,1132.3641066538312,54.1865999909144,1417.0893049369645,33.186383061021836,0.00017357747,0.00027687542,2418.8132159947795,0.009742631,0.0007361384,0.049964426841647334,0.006305330723383061
-379.83716,8.394804,163.60756,6.074334,-39.72147,5.62427,72.35563,4.4198318,-26.670547,4.174959,46.97167,4.113555,-21.071817,3.5866253,25.822968,3.655181,-9.742189,3.5977218,7.40364,3.1866856,0.016010107,2.93405,-6.2144246,2.9261944,3.7605495,3.3236706,1392.3713873505744,129.45251708824804,1784.9456005274592,88.91545319051139,0.00030565888,0.0009044075,3241.771271389211,0.009516119,0.00079126435,0.053815164588167055,0.009387810811604296
-398.2644,5.122521,169.02032,4.0207543,-36.96624,3.5171044,41.906956,3.6980088,-39.536186,3.3934612,37.94399,3.2877064,-22.844408,3.6489336,24.037498,3.4886835,-8.970444,3.0415974,3.700406,3.1399107,-0.35225186,3.2979577,3.4970586,3.5975869,13.0990925,3.7449605,1394.2797803568822,73.8009869966488,1679.8873707773714,53.54453478303389,0.00023327646,0.0001149156,2767.1165236187644,0.007833618,0.0009825825,0.0701289696925754,0.007033489843092805
-375.02005,3.4912071,186.60214,3.6389084,-47.86689,3.071234,61.952248,3.048399,-25.280657,3.19769,33.417507,3.2315307,-14.905816,3.33085,10.716958,3.0046484,-7.6529384,3.1638355,1.9561642,3.1179533,3.0063682,2.8415995,-4.6463914,3.15084,3.442218,3.3312721,1150.1147771436915,60.386123459309204,1422.8075483088655,34.950476081194005,0.00018568344,0.00031123857,2433.651641350058,0.009834317,0.00091605773,0.050712142908932716,0.006258107681368099
-378.96817,4.101657,183.17264,3.1759236,-40.303673,2.863538,55.266174,3.0820382,-16.37137,2.815672,27.069996,2.7282786,-7.595015,3.1098325,7.2662253,2.7749424,-4.451594,3.0267298,-0.4290559,3.0207496,3.5896835,2.7707725,-4.225534,2.9883437,2.9318,3.2086754,1078.3741152817706,60.439687772365,1362.9273959537304,33.318190696471824,0.00014056335,8.369605e-05,2270.553865012326,0.009754823,0.0012702667,0.046690336789443156,0.006781313812149077
-387.56952,4.0432076,168.07047,3.581338,-39.17474,3.2327695,46.67673,3.4797747,-41.488537,3.4961505,40.663982,3.265443,-26.195606,3.39603,25.371687,3.1591148,-9.879097,2.9054453,4.306542,3.1114345,-4.058854,3.0088477,0.65414846,2.9884534,15.508071,3.190324,1458.5571679848358,70.07770351278045,1747.3034688279301,49.412127175114314,0.0002650035,0.00024137535,3041.802256289878,0.008410943,0.0008800736,0.07424707257830626,0.0068115994668136014
-385.57114,3.6801364,190.33969,3.3067021,-45.097588,3.3321757,61.482853,3.3058987,-21.696749,3.5002801,31.371416,2.9508598,-11.312404,3.0003986,9.557033,2.8562207,-6.176747,3.0668902,0.74803495,2.9161072,3.6616364,2.9685361,-3.6238892,2.7883518,4.3851643,3.279298,1063.2143264610531,53.95326175104749,1357.1051776335842,33.3006049446732,0.00013987841,0.0001711631,2234.0073729335845,0.00980561,0.0007606847,0.046396914878190254,0.005799249800757542
-374.9251,3.6265771,187.23622,3.5312345,-47.598087,3.560208,63.186966,3.8357668,-26.318785,3.4730155,31.896652,3.2592616,-14.447646,3.2939012,11.733362,3.0289145,-7.246385,2.7629356,1.965421,3.076688,1.6789461,2.9775634,-4.761942,3.0883505,5.3768477,3.089656,1142.6210918803718,55.17611443292955,1420.2715872865615,34.420549397101844,0.00018868134,0.00034830158,2438.6227636492167,0.009818294,0.00081228407,0.05064756743039443,0.006554175474266743
-385.14722,4.0529246,156.39764,3.556108,-22.170225,3.49597,53.77373,3.9770772,-37.063816,3.76644,36.18819,3.5100613,-22.3812,3.3754804,19.447361,3.3415809,-7.521003,3.2530415,14.660041,3.619992,1.0739988,3.348121,-3.2359061,3.2322464,-0.17238489,3.9218857,1460.302537660698,65.13713158814757,1858.0703040447265,48.12355718712299,0.00025785912,0.00059954665,3517.13147794011,0.009353368,0.0010127471,0.05947968024941996,0.006733826598508155
-350.43506,10.200603,149.586,4.719549,-48.733234,5.958854,69.43797,4.215821,-29.683922,4.021784,46.911366,3.6592348,-23.307919,3.8222678,25.259706,3.6587358,-10.332754,3.4003367,9.178675,3.352318,2.7858825,3.3324358,-3.0946178,3.0235667,6.854797,3.3540075,1741.4659086664838,141.05442402423833,1928.0144317709774,62.0509349909317,0.0005289683,0.0010676839,3977.297527552204,0.009205475,0.0008700269,0.07914574572215777,0.014807492152243683
-363.05112,7.1995335,154.65335,4.8035016,-43.175957,4.423933,72.2584,4.1090474,-27.046644,3.787855,46.717705,3.8987393,-22.411829,3.6194808,25.142153,3.1442914,-10.367558,3.1100886,9.016582,3.1300611,1.5896372,3.2155726,-3.7676237,3.3015988,6.6203346,3.5906487,1583.7451465883548,121.0232233753349,1885.9068347642685,64.33827167961674,0.00040682702,0.00084188697,3699.888918847883,0.00937142,0.0008862681,0.06532999202436195,0.010389471857903962
-404.8542,8.013322,187.37453,6.183425,-26.766994,4.55785,56.838875,4.9033513,-20.262068,4.5202703,32.69938,4.0372367,-12.569962,3.4727578,10.639306,3.8803556,-8.4167795,3.2290018,7.8113866,2.8736663,1.2694695,2.910416,-2.4761388,3.1770935,7.1715364,3.595396,973.2210975534084,120.03654434655007,1389.5715464868001,135.683608420178,0.000111792135,0.00014565585,1959.496503860934,0.009643023,0.0008680872,0.04156508301914153,0.018555033842229982
-336.28378,4.7192106,125.42276,4.9842954,-80.95375,3.9786973,85.2503,3.778657,-47.88458,3.7523212,52.554134,3.736248,-32.763786,4.0107656,26.004387,4.001874,-13.538022,3.4513702,10.751378,3.3602118,-0.09881259,4.0814853,-3.003397,3.8169916,3.96722,3.5803547,2591.5639307793112,116.97142592761838,2003.3477708756297,46.096434841583836,0.0016355618,0.0020000855,4902.600749075551,0.006944006,0.00045004248,0.19243266023781902,0.01830655496715547
-383.8659,4.1319656,165.63635,4.205179,-32.933083,3.554785,43.816994,3.8690064,-37.798172,3.8515584,40.38167,3.5568755,-24.791895,3.5233078,25.953033,3.5836186,-6.764108,3.2429383,7.3424416,3.2116947,-5.613195,3.4497032,-5.5929456,3.331366,9.558324,3.8459518,1440.1429028482492,68.8497159604157,1767.001079824047,58.38677616889783,0.0003029281,0.0011715313,2986.5953202037413,0.008887902,0.00086238637,0.07125394250290024,0.007429791049633557
-389.47202,4.353351,173.81032,3.35059,-36.65424,3.723355,45.92424,3.7739437,-38.20648,3.5557263,41.619785,3.614555,-24.410814,3.9184592,27.298529,3.739977,-10.148395,3.3595412,2.4018178,3.193489,-7.134711,3.4079785,-1.6085168,3.2795913,13.356517,3.6594727,1355.7991171487868,61.40813234755459,1689.8389183428712,45.12105399559889,0.000230391,0.00026544798,2668.043804832512,0.008611259,0.00082822744,0.06821549630220418,0.008440373312509682
-395.59833,4.176554,184.93365,3.553665,-39.92764,3.296358,55.545677,3.3181477,-25.223948,3.2684367,42.192543,3.3764763,-3.7809486,3.2011847,17.75581,3.4767094,-9.493023,3.451422,1.2982509,3.12194,0.446823,3.047721,1.4458513,3.1848245,7.7858224,3.4495728,1073.351866078492,60.89051671182247,1430.256295748498,46.137221719962234,0.0001457104,0.0001743729,2187.044006489269,0.009403842,0.0008203107,0.04577608396171694,0.0076090777459354424
-392.19214,3.6363914,199.16838,3.4961438,-46.769535,3.1462421,59.412853,3.0126169,-21.845055,3.4752119,29.198004,3.0530431,-11.855881,3.2654161,8.338344,3.3011537,-5.9713545,3.0758443,-0.10307887,3.23011,3.5662103,2.6345775,-3.5690103,2.8113203,3.9318836,3.1090093,998.9569855801163,47.13633009844981,1272.0653643739972,31.475057230994828,0.00011790461,0.00014833108,2019.774484302494,0.009726172,0.0007037297,0.04526061303654293,0.0050134764124014145
-365.64694,17.458586,105.170784,9.799336,-90.85085,11.7111635,91.143105,6.3659096,-47.291065,5.691985,39.613087,5.915472,-32.30004,4.4462433,30.66166,4.8150034,-17.016891,4.7150216,8.022662,3.843292,4.1857405,3.6147993,-9.879314,4.1882744,3.866729,3.9309044,2832.9409627683376,192.42572528784342,1853.6180341131028,77.5802291147816,0.0016038155,0.0030314513,4979.990381652407,0.0060947975,0.001163661,0.2262214961571926,0.03350089939887048
-348.67438,7.9947786,171.79655,5.6983514,-54.480885,4.1540318,68.92063,4.441348,-41.032745,4.20104,39.027313,4.085303,-26.586327,4.168668,17.737734,3.4864416,-13.116494,3.5096297,3.8798702,3.1460626,-1.6285233,3.0919268,-5.998577,2.9808044,5.6825743,3.3539956,1528.5661526943604,114.09919254009984,1709.6133711881137,87.5195807223482,0.0004159206,0.00060859567,3385.109461100638,0.0094215125,0.00074029795,0.0764630311049884,0.009977495058711216
-390.84506,4.4125443,173.9595,4.0059347,-36.840206,3.4482546,45.28512,3.956457,-37.358696,3.338498,36.156147,3.475154,-26.814331,3.0800197,24.058867,3.293783,-12.596915,2.9633856,3.1710804,2.9276228,0.021528205,2.791022,7.405194,3.0597034,14.7037325,3.1541777,1348.9343809525449,66.76080619821687,1656.0348475340757,52.66560382474603,0.00023977544,0.00031744165,2592.4527692684164,0.008377272,0.00092356285,0.0696338910237819,0.007838037623562258
-343.33707,32.981693,164.42638,8.976824,-74.3742,9.450637,62.186512,7.7318926,-48.172375,8.350916,36.87715,4.9321785,-34.13483,8.637574,20.044006,4.694032,-14.968773,5.571406,7.898905,3.9112136,1.651349,3.4975758,-3.627047,3.2091715,7.3663716,4.106036,1809.6922501800566,226.57110727783547,1729.3100141685982,121.0413271727047,0.0006440839,0.0006146055,3644.931787902407,0.008258301,0.0016502704,0.11146180756960557,0.022627419949318273
-394.74213,4.4646864,182.842,4.001566,-37.739815,2.927262,53.014427,3.2878895,-23.37692,3.478749,40.44815,3.448978,-3.6709251,3.696989,17.42769,3.4291854,-7.8332953,3.3836966,1.3398578,3.232218,0.66054136,2.9817703,1.8527464,3.063859,7.7080474,3.3837974,1070.1033682807206,72.02645367683577,1430.810836358104,57.27343774382775,0.00014470486,0.00018127693,2175.1532817937937,0.009441934,0.00094221276,0.04433616408062645,0.006858914616974972
-397.45557,5.2645893,183.44891,3.7362072,-37.96295,3.1729345,53.211483,3.2647402,-22.900295,3.2175176,39.833893,3.3251412,-4.6523733,3.5155716,15.947685,3.330931,-7.706235,3.2401793,2.1389697,3.1411176,1.7222164,3.2325845,1.5532787,3.2348874,6.648619,3.690122,1065.708326049842,67.7599253555719,1425.9341332621639,47.69725578236176,0.00013717049,8.758996e-05,2173.829314548289,0.009249502,0.001252133,0.04308883773201856,0.006859200536926042
-386.6999,4.245243,190.50127,3.2223597,-46.283386,2.9463465,63.11001,2.9725962,-22.816732,3.0946977,32.490196,3.060438,-11.818226,2.9369233,10.494594,3.0243607,-5.599223,2.9230373,1.4610549,2.9751377,2.4491014,2.7607284,-5.23586,2.8763924,3.3111155,3.1413708,1068.276874658082,52.20487342389507,1365.3790604676144,32.6179530442711,0.0001343761,0.00012783414,2256.065166853973,0.009908749,0.0008085143,0.04500910854118329,0.006093605717426636
-385.054,3.7092052,189.63979,3.712001,-44.891365,3.0630488,62.45734,3.158125,-21.49583,3.0547392,31.202307,3.2627811,-11.515589,3.1040957,9.665477,3.0864856,-6.115994,2.8934062,0.71303564,2.8937085,2.8205225,2.8759835,-4.382529,2.8851144,4.7841716,3.1825933,1067.2400216678313,56.67626167201723,1364.1947177750574,37.34658766695326,0.00014773865,0.00024367847,2255.190848861659,0.009845797,0.0008480308,0.04548719366299304,0.006034036710539298
-390.52682,4.641767,171.00253,4.213024,-37.451706,3.899105,45.344494,4.0414233,-40.326145,3.751664,39.595383,3.8572395,-25.445425,3.367962,24.612131,3.5189714,-12.520416,2.8232813,4.296808,3.1989486,1.2459368,2.9695902,6.4721055,3.137921,14.959424,3.3097441,1395.6984851652273,68.80973980867105,1703.025108625484,49.461619546363984,0.00025421966,0.00058173994,2783.4287993039443,0.008681482,0.00084490405,0.06852138014791183,0.006189902385239859
-418.61652,6.6405725,186.87682,5.283906,-21.071167,3.642169,56.15311,4.1306314,-18.072622,4.334077,33.9602,3.7394185,-6.0365634,3.7751305,11.404238,3.7898827,-6.9951816,2.9212606,11.595378,2.8218021,5.7730274,3.03173,-2.6585166,2.887203,2.9368174,3.3786395,893.8877753027834,95.1894302996788,1349.4522590928825,121.25205818160539,8.877603e-05,0.00010051153,1734.3970916110788,0.00959577,0.0010071201,0.03570230930974478,0.01296506164542092
-397.2268,15.5319805,169.07831,9.880536,-27.790314,7.9137125,64.72639,5.2976837,-19.443478,5.1858563,39.768208,5.2649603,-15.466858,5.009093,21.36747,4.1594453,-5.8033285,3.9080834,5.8148146,3.197608,0.33220622,3.2324603,-8.267262,3.287364,2.4968789,3.5781903,1167.288505718267,223.75612027335197,1612.8605470592313,174.83254924123486,0.000208303,0.00056222826,2595.5753335266822,0.009612533,0.0010897415,0.041665911397911835,0.012139973024361223
-446.45682,18.14205,194.45436,7.2291703,-9.976189,9.924739,43.63722,5.164186,-8.379435,5.833365,24.587315,4.651653,1.4250077,4.7913938,13.866417,4.625881,1.8599446,3.6519177,4.414001,3.2538273,4.9706736,3.1915576,-2.1336865,3.7869718,2.2613354,3.7834337,710.1492692047241,125.39498930496066,1130.7934046290936,115.27622080343045,5.1681567e-05,9.6447424e-05,1271.8079321345708,0.009658729,0.0016197242,0.02583698883410673,0.008846583842984807
-386.9774,3.4357512,180.92226,3.293773,-43.179108,3.2539527,52.486233,3.4416883,-25.393879,3.2855644,42.727036,3.3653333,-2.7874093,3.4592516,16.662262,3.4171934,-10.401659,3.353535,-0.18673961,3.2168458,0.21840025,3.003058,2.878882,2.9404242,8.2736225,3.2926552,1144.6375579631506,60.17583939629849,1453.0532752614677,37.79236077082727,0.00017615687,0.00027383317,2328.5586186738688,0.009301422,0.0008130404,0.054408805829466354,0.007535170811496011
-368.57974,6.8038974,156.1578,4.9659324,-38.299976,4.1623073,67.72785,4.497439,-26.284899,3.7574794,43.756878,3.6153116,-20.545778,3.2434523,24.608093,3.4647985,-7.8861217,3.1557498,9.249092,3.1797898,2.8605232,3.0770633,-2.8786683,3.1606905,7.1059866,3.4639165,1495.9115933197604,121.26047547081804,1846.7212615695958,68.89797293183773,0.0003920244,0.0013022409,3505.9651881525524,0.009500021,0.0011629546,0.05626903277262181,0.010502962922717478
-410.00653,5.0652895,162.27977,4.0147,-21.417982,4.0331736,52.495926,4.049797,-36.060665,3.4322782,31.832584,3.4995217,-24.264036,3.7174013,19.635502,3.552468,-10.288516,3.492139,8.729538,3.283914,-2.0868104,3.118068,-13.4324665,3.042088,-5.4926825,3.802984,1298.6838909032633,64.87389551413366,1709.688901746223,53.21857712087723,0.000121506746,0.00014526154,2798.2172636310906,0.010217494,0.0008425891,0.047895745722157775,0.006517178658891696
-337.87137,5.83022,128.27316,6.035503,-94.99503,4.84745,79.21377,4.8149567,-46.081573,3.9410906,45.68287,3.7853699,-27.262444,3.967787,29.874783,4.0178633,-11.52887,3.9384239,9.228087,3.2248733,-3.4100058,3.8485076,-7.319122,4.1014047,11.602166,4.051977,2460.6549014871443,108.8617781307408,1823.9917266697348,46.35135249779443,0.0014519357,0.0025339723,4495.917980079032,0.007013457,0.00058382004,0.18493510730858467,0.015664202972908433
-388.45078,4.008833,166.36525,3.5206046,-27.934832,3.4200182,47.8429,3.5708563,-40.084274,3.179671,37.666046,3.2870343,-24.956564,3.1470442,23.184887,3.2163184,-8.424873,3.2659054,5.7964945,3.093078,-6.3186874,3.0535195,-8.177268,2.8929348,5.2256503,3.211423,1389.9606193247703,64.95823460250706,1749.8900454432153,48.53453230126458,0.00023767103,0.00037660854,2953.59606112239,0.008963118,0.0008728073,0.06577748876160093,0.007132333809174824
-406.01376,6.8427033,182.99834,5.8832364,-22.282831,3.4733074,49.34823,4.0935,-16.009544,3.9925282,28.49913,4.3600135,-4.9024854,3.8521347,8.949745,3.022858,-5.8493705,3.294903,8.966633,3.0243826,6.1022124,2.8262846,-0.8126378,3.013837,6.769585,3.4916642,945.1610017571876,113.35752361990644,1357.5832052989058,130.12251889664086,0.00011484517,0.0002804706,1874.6376975783062,0.009560078,0.0011261817,0.03856855423433875,0.01879861025315514
-365.70135,5.6196904,156.07228,4.5540853,-44.680443,4.3062396,73.60027,3.5407467,-27.463018,3.6369376,47.736023,3.5286503,-22.998615,3.6385007,26.18115,3.3573523,-10.697191,2.9714768,8.83271,3.0466945,1.3327081,3.0910547,-3.7777646,2.930015,6.702937,3.168429,1574.3223611639626,105.47984447121341,1880.642691985334,61.7783782015934,0.00037371178,0.0005478387,3672.6351780017403,0.009335766,0.0008900346,0.06470123078596288,0.009857853082399275
-417.81598,6.0637374,188.66782,4.8919187,-21.648428,3.5016098,55.82617,4.0033827,-19.346087,3.9049797,33.59753,3.8886602,-6.5020084,3.7377603,12.130544,3.8664088,-7.0830946,2.877429,12.100364,3.1739318,5.599606,2.9831865,-4.0538893,3.108387,2.096974,3.4925065,888.0396434816782,88.00332957857175,1336.3544163688584,107.92173105440935,9.2350514e-05,0.0001697496,1691.1308412485498,0.009685927,0.00091371225,0.036806889863689095,0.016258302758202812
-379.56537,4.4003973,165.2115,4.4361258,-29.325968,3.5397007,44.80865,3.8922484,-40.616745,3.2858407,37.121647,3.6198454,-25.716764,3.312336,25.535799,3.5816808,-5.3482723,3.3595915,8.662542,3.2921355,-3.3122222,2.9554555,-6.535582,3.2608323,3.9184837,3.3629775,1443.7124217553658,77.51615914066197,1782.405092036571,59.07183793245195,0.00032581523,0.0012426857,3099.407321726363,0.009008289,0.001226167,0.0699227813225058,0.006736138183634394
-386.24612,4.1334863,192.91928,3.2469668,-45.97068,3.2920961,56.69469,3.241442,-18.318752,3.24507,28.184343,3.140019,-8.524162,2.8334813,8.559502,3.0993218,-3.6602793,3.016167,0.5231336,3.408373,3.652406,3.0170302,-4.0284457,2.8909245,4.174586,2.9882298,1035.3779747644319,54.611171539296414,1301.9261385079528,31.475100585349683,0.00012998703,0.00015754532,2127.4654804415604,0.009687007,0.00089062133,0.046083100710556844,0.006160511190304866
-378.67328,3.5285227,187.23553,3.6742184,-48.88235,3.517983,63.53967,3.5180633,-26.021023,3.4701838,34.76446,3.2580743,-13.304951,2.9618912,13.34428,2.9179652,-5.751181,3.048063,3.0935981,3.0527048,2.911018,2.985881,-5.051401,2.916736,3.2737286,3.1124253,1139.1975734576752,54.23975530408338,1426.6895178025416,37.995280037986,0.00018322273,0.00038804824,2441.845249963747,0.009698958,0.0006944591,0.049558847520301624,0.006542097234950822
-383.3792,5.909807,148.74506,4.1242886,-20.780354,3.9469862,61.23964,4.1296673,-35.591324,3.8914466,29.259937,3.420121,-16.335306,3.87676,19.391346,3.4677038,-17.979593,4.143242,14.658045,4.034284,7.418159,3.3749547,-3.5956697,3.9623365,12.180759,3.7886565,1520.4233377641938,105.96678242066955,1884.4743328823636,53.449812964654456,0.00023570003,0.0002609423,3499.345351925029,0.009906909,0.0016747614,0.061220952363689095,0.008512811592889266
-363.67407,5.1374097,156.62398,3.5824776,-41.757977,3.4533663,56.141876,3.779292,-42.092525,3.52208,32.510494,3.409159,-22.651857,3.378433,28.701519,3.7999396,-10.663377,3.5708172,6.682337,3.1511686,-2.2734373,3.1169498,-11.735546,3.345618,4.508841,3.58605,1638.4255270202652,80.53440529858659,1834.6741072367804,43.28251112255182,0.00037986718,0.00017233737,3592.597610933875,0.008602619,0.001034045,0.08122802167923433,0.008014956508170851
-385.22397,5.0186157,157.49588,3.9035664,-21.74756,3.9875202,49.52758,4.050921,-39.14552,3.6322181,39.297318,3.5511734,-26.93583,3.352828,17.610697,3.3329175,-14.22939,3.5221891,8.413673,3.0340307,3.7120168,3.1452692,2.3776343,2.9725773,3.7129643,3.355809,1503.3141261177016,87.9011873759068,1894.917447270484,56.97476385659184,0.00026682953,0.0003894752,3597.044142437645,0.00910431,0.0014056163,0.06262801805394431,0.006885659979867502
-380.13867,67.590164,170.89099,11.667949,-74.79398,23.032112,43.00629,7.616257,-34.702023,13.751278,21.701126,8.360006,-29.676266,12.183105,10.43785,4.376668,-8.928775,8.501932,5.0208006,4.99602,-0.19623245,4.4102316,-8.502307,4.676348,4.708176,3.8266003,1533.1049454550637,290.00851815735956,1437.5311541712447,150.96412191145907,0.00042133298,0.0015777079,2803.5630936412413,0.007948051,0.0031450342,0.0933648129350348,0.025968408859449454
-406.1781,10.014543,189.2925,4.7984467,-33.502697,5.095893,50.091595,4.064547,-19.585186,3.9575152,32.78977,3.8299146,-4.572135,4.3422146,14.958539,3.841433,-4.211517,3.4924393,1.2857221,3.102085,-0.06151218,3.2784934,-3.007157,3.5283048,3.9588847,3.5026004,970.7162945909423,81.70184471689545,1319.8668128963732,63.54210395883297,0.00013974453,0.00059482316,1892.1740184527262,0.009425961,0.0015120441,0.038236613616589324,0.006776850406463596
-379.61163,3.469185,187.05421,4.5289574,-48.324947,4.002514,64.08369,3.7014341,-26.001787,3.8112082,34.99904,3.5059695,-13.56341,3.0917046,13.459106,2.9962947,-5.689511,2.8401546,1.9245107,3.1193426,1.9807372,3.102139,-4.700641,2.86173,3.9861434,2.9464102,1143.0917278652732,62.68600866925124,1431.3309972910163,47.527671944960055,0.00020054178,0.0006147087,2447.865553853683,0.009711547,0.00084857293,0.048700106946055685,0.0064224393476214345
-339.36615,6.020368,133.7768,4.9292097,-91.61396,3.8770947,78.863815,4.0726867,-44.45358,3.81273,47.39503,3.6430488,-22.593819,3.9424946,22.728851,3.8016808,-12.598036,3.5367782,4.894141,3.3875875,-3.7983303,3.1993737,-5.23112,3.7577262,8.353846,4.7854,2342.783275964215,103.7633215824975,1795.9391734378094,37.598378701846435,0.0012262119,0.0011378148,4314.284662304234,0.006952673,0.00046199444,0.17291273926914152,0.014181084536738426
-383.01837,4.691426,160.00066,4.2059073,-22.033665,3.8028135,49.241455,3.7093196,-33.78769,3.71795,38.74062,3.661057,-21.637356,3.348725,19.338455,3.2507439,-8.986489,3.374071,11.503845,3.3854852,5.5175967,3.0281315,-1.0783747,3.565422,0.1829266,3.9913268,1387.1681118937368,76.97679548695545,1797.1386297185552,58.825418088819994,0.00024118266,0.000550965,3125.686822523927,0.009730392,0.0013863242,0.0600517963312065,0.0066093195890084165
-384.303,3.835103,190.8448,3.9194422,-46.870678,3.290595,63.409496,3.607167,-23.72876,3.2835662,31.598688,2.8706656,-13.266699,2.9324763,10.548248,2.9659436,-6.147153,2.824855,0.7715012,3.0451865,2.4290557,2.9641948,-4.874323,3.0966883,4.0884967,3.151,1084.2674090438675,53.01906920949481,1370.75270205702,37.42961193040114,0.00016148548,0.00036231877,2291.462555285673,0.0097916,0.0007194803,0.046921449028422275,0.005601985933401693
-381.87674,3.7447884,192.54053,4.625484,-48.252064,3.657703,65.07857,3.6313353,-27.626326,3.5985212,33.064953,3.2858622,-15.004951,3.1581285,12.885149,3.0856524,-5.730101,3.1421661,3.0759082,3.0737221,3.4208362,2.8481388,-4.9085035,2.8368156,4.3265796,2.923398,1089.5468045007513,57.620432848882054,1388.0601670730455,49.286965573922615,0.00019023634,0.0007957812,2309.0987982163574,0.009829203,0.0007058066,0.048095136673433875,0.005468300331245904
-385.56903,3.8137774,185.56696,3.6105173,-40.000523,3.454476,56.8172,3.2671287,-16.917418,3.3355377,27.623964,3.0310133,-7.9799623,3.092429,8.034416,3.1670864,-3.9977205,2.9258819,-0.14061646,3.227794,4.1739664,3.0473056,-2.947709,2.8444655,5.2298126,3.1660986,1047.8270268548474,58.059827917157044,1348.0430753496746,37.525996308124896,0.00013004386,0.00017415617,2202.38204212587,0.009897926,0.0009979957,0.04428518343967518,0.006380260400674357
-388.31015,4.11169,196.03906,3.539328,-48.01781,3.2882624,58.805492,3.5339165,-21.073812,3.1729689,30.097149,3.383108,-10.606341,3.3099647,9.419239,3.2486162,-4.312255,3.1969974,1.9138328,2.9569771,3.9238706,2.9691281,-4.87566,3.1596165,3.5959575,3.1758742,1026.6179320311937,50.27013164171599,1298.6430143009925,33.87548466349218,0.00013145224,0.00019882047,2099.7870708562937,0.009681923,0.0007867356,0.04544867495649652,0.00543173853659617
-410.36682,6.606087,187.44624,5.1957846,-24.100422,3.4146867,54.777466,3.6589677,-20.523304,3.8294048,33.11582,4.256324,-6.662075,4.0125904,12.200023,3.8394763,-6.88447,2.9546423,9.272003,3.406617,4.487955,2.900074,-2.7014375,3.046537,4.099346,3.6275134,933.5760341682699,102.60524207470458,1364.2237519432795,126.60684756730441,9.7469674e-05,9.5217234e-05,1825.3761238399072,0.009566022,0.00095683115,0.04009004314095128,0.018949657643292966
-388.6126,4.0349565,164.12468,3.528714,-31.758629,3.3387175,46.16749,3.5833786,-40.11571,3.4573338,39.849567,3.478076,-27.264225,3.2113378,25.688995,3.4310904,-7.7404675,2.9324389,7.6107063,3.1069462,-6.8744345,3.1656463,-7.508601,3.2096155,8.380446,3.389015,1476.8638073529712,77.71091141024877,1806.9665587823142,53.83993445876599,0.00025307472,0.00010007758,3180.1443431880803,0.008478899,0.0010376464,0.07360018488979118,0.007643654195799238
-374.8242,4.402096,156.9855,4.03198,-36.820866,3.7259173,61.88558,4.0140815,-41.820274,3.3048503,29.018015,3.3446214,-23.292973,3.7771657,28.413713,3.4185047,-12.826746,3.3566337,12.746861,3.2715611,3.1810558,2.9915388,-14.3137665,3.5070238,-0.25795993,3.3540075,1599.039612400823,82.78326504019567,1843.115002240304,47.52233766678074,0.00037142175,0.0007720884,3491.7013146207946,0.008660737,0.0010362576,0.07542869054524362,0.007530836356600911
-392.92722,3.9051073,198.60881,4.090535,-45.85295,3.961298,59.43845,3.6994097,-21.4736,3.342856,29.0719,3.2966413,-11.762904,3.2405748,8.000797,3.0100663,-6.009931,2.9061544,-0.18217535,3.3220701,3.2774055,3.0461626,-3.5655742,3.0091786,4.256544,3.0230443,998.1769321696431,50.03470452034296,1275.3276019331415,43.98323140529746,0.00013688466,0.00043797703,2020.1991530416183,0.009669851,0.0007268767,0.04515865175464037,0.005523453158926328
-405.84155,4.9629745,182.6441,4.7151747,-29.123995,4.2076287,58.62396,3.4684052,-16.69973,3.7083635,32.41698,3.5355034,-8.413934,3.5392978,16.830402,3.3502858,-2.3294744,2.9884014,9.284687,3.0817401,4.105539,3.1640818,-4.714018,2.988329,2.6653244,3.598296,974.2608940459816,74.06248567657133,1400.017322443332,86.7621434801376,0.00011535793,0.00021942132,2038.709713964617,0.009779452,0.0009202492,0.03668340342227378,0.009141140330475457
-430.74872,8.044921,184.73552,6.492316,-12.328318,4.580484,57.775784,4.536853,-13.492285,4.5644603,32.339664,4.5689783,-11.35149,4.4473267,11.851253,4.2199183,-5.8849835,3.4718273,3.8513682,3.4837472,0.4956397,3.1629503,-7.5513144,3.458305,5.1035466,3.6887903,849.085257273825,99.55453019086087,1339.1366232212258,128.5635238814126,8.2751976e-05,0.00022987975,1623.4586286434164,0.009641237,0.0008863562,0.02984520011600928,0.010446775909381957
-338.11307,5.459441,150.60023,5.972585,-87.12183,4.729445,72.10821,4.042586,-36.10584,4.201094,40.51504,4.095874,-29.883379,3.8807006,23.329742,5.2283735,-11.505637,3.9740307,5.6713347,3.3508186,-4.417099,3.622722,-10.216252,3.5522275,10.181084,3.620508,2002.3114348998674,104.99980443268016,1713.2540731910317,60.29636724742886,0.0008015909,0.00069556356,3786.021731347883,0.00783049,0.0005908223,0.13473277080916474,0.015238448707683577
-389.55627,4.497209,178.05739,4.444572,-38.80975,3.8918931,55.925533,3.6290202,-27.221672,3.5219831,45.73467,3.454018,-9.823852,3.55517,20.923447,3.5661273,-12.405545,3.3712285,2.5433834,3.0916219,0.9261705,3.1253018,1.2118713,2.8247726,8.895368,3.2794514,1177.1067094032355,76.6739561443182,1552.5943262462213,63.18548216940058,0.00020209012,0.00049925066,2450.7133324572214,0.009265621,0.00080223335,0.05035754422853828,0.007174753978877965
-394.6487,4.766755,183.05057,3.9262424,-36.988964,3.3902557,52.45084,3.2075703,-23.108532,3.4141157,39.620205,3.4154165,-2.7864597,3.3737903,16.803698,3.4839,-8.187458,3.1611347,1.0070907,2.7831233,1.2570808,2.662501,2.6017444,3.2919946,7.926005,3.3007593,1062.074150477111,66.94429614107976,1420.804297606557,54.07657114746264,0.00014701982,0.00024726323,2151.246929832512,0.009444942,0.0009210756,0.04546793430974478,0.007056804231389836
-416.5683,7.0329633,185.68816,4.8895435,-22.119886,3.5973866,54.95397,3.5602396,-16.090971,3.8883646,33.74254,3.508371,-6.2139497,4.0545754,10.972302,3.8848238,-5.953881,3.1444373,9.811541,3.0203104,5.7234907,2.8167853,-2.5172267,3.4212866,4.546453,3.7648706,900.6073567390096,96.58029466240443,1346.8861796828241,112.75990452244861,9.034638e-05,0.00013499071,1756.2800219330047,0.009679178,0.0009902652,0.03696436339907193,0.016062064485945146
-389.5623,4.2693624,171.93387,3.6537442,-36.117546,3.2153628,43.47722,3.5144453,-39.721497,3.3154385,37.980152,3.117178,-25.728127,3.2772727,25.521883,3.115414,-11.134639,2.9020157,1.8166925,3.1383605,-4.010295,2.8722649,4.5966883,3.2656894,14.89755,3.2358086,1384.9189239930147,60.77197683817033,1691.5588655481001,50.74604937519962,0.00025258135,0.00036819096,2696.846337550754,0.008344607,0.00087244646,0.07160967408642692,0.006987569088087313
-418.84744,17.755167,196.65991,6.8383474,-19.605051,9.636169,51.349735,4.833535,-11.786391,4.526224,20.663591,3.861126,-9.396988,3.8636262,8.242531,4.017792,-0.7259669,3.2403717,1.1528388,3.547224,2.5114744,3.0682607,-3.412962,3.1000764,5.531686,3.6059508,801.6663015272205,109.25002355774001,1174.7191904117897,97.35793239447517,8.539245e-05,0.0004054138,1511.7457697397042,0.010342589,0.0016544416,0.03027457040313225,0.006413804189426665
-384.071,3.7002583,190.6774,3.50385,-46.877113,3.3127108,61.366615,3.164396,-23.474934,3.3973157,30.679945,3.1449814,-12.751387,3.0613844,8.524173,3.2447438,-7.5210724,3.0560806,0.5040958,3.049114,4.0110188,3.1278555,-2.620232,3.055686,5.985441,3.060488,1085.7362331844024,55.95048208130675,1358.50291995586,34.35128973602819,0.00014115068,0.00015566398,2271.7529296875,0.009866638,0.000807824,0.04753208381670534,0.005298535022323919
-380.25333,4.7932973,165.6311,4.735022,-36.054104,3.662083,56.80098,3.9121017,-24.171925,3.4725165,42.906395,3.581585,-10.653699,3.8264527,21.757877,3.3746881,-10.62958,3.3022416,3.0944571,3.1998122,0.44442964,3.0993984,-1.1432221,3.2521646,7.9996414,3.6044652,1294.041334303449,93.1192864754099,1670.5760379919843,65.53138342312931,0.00026576308,0.00080294034,2871.1853452182427,0.009394469,0.0012777457,0.04879300500290023,0.008849051758488428
-389.85123,5.1710696,178.63713,4.316391,-37.55901,3.7419045,46.196392,4.0475416,-39.626907,3.3616438,37.676834,3.7237868,-28.197927,3.375559,22.894123,3.863695,-15.281708,3.6754386,1.7931293,3.5047348,0.5131055,3.5371065,7.2074447,3.6207747,13.693967,3.2045345,1321.5455996866835,63.506251389549874,1634.4802253024422,52.46552081869433,0.00024384823,0.00039687558,2513.5143448194603,0.008471171,0.0008282584,0.06809654147331787,0.00707466031920891
-383.19427,4.093737,163.28867,3.5724077,-27.78672,3.0212915,44.023865,3.4831777,-38.507923,3.7267635,36.19731,3.300856,-25.057823,3.2191255,22.8907,3.4081302,-6.6188865,3.0495872,7.297762,3.4421148,-7.1824393,3.1698163,-9.001368,2.9430814,4.3862386,3.0641155,1433.7809887868625,68.72156685982392,1770.6409708353044,54.57154737749714,0.00024887637,0.0003155942,3048.1722873767403,0.008947001,0.001125493,0.071768280524942,0.006685956812685875
-430.55612,5.725497,188.84111,5.241592,-20.226006,3.6256444,63.358677,3.494419,-15.435481,3.881929,34.572365,4.0986595,-12.9629,3.9228299,14.864131,4.0197716,-6.763615,3.3220088,2.536894,2.9048948,-0.46460068,2.8957896,-7.6820254,3.5711305,2.0960624,3.5788403,851.6106385611448,72.38949065911928,1325.0005262232637,92.66318427618931,8.123956e-05,0.00018541272,1659.5304909549013,0.009771484,0.00073891203,0.03080363616589327,0.007585008394349174
-334.75674,7.6899257,133.75102,5.46445,-92.73018,4.8774624,73.42858,4.2811165,-56.012974,3.4826279,50.424004,5.148609,-31.259354,3.2466576,24.168911,4.017438,-21.374846,4.312141,4.1233177,3.3144832,-3.3568513,3.5130155,-4.260797,3.4717588,10.450401,3.6920207,2470.9424181109275,117.59437642083697,1901.3986357800522,48.560254311719234,0.0013738532,0.0006478239,4684.595802820476,0.0070575243,0.00066018867,0.1814525630800464,0.018500019891894048
-408.18707,7.182253,185.20033,4.9055758,-26.441128,4.1184072,48.524986,4.4783874,-14.955103,4.3416715,30.174965,3.9563816,-7.1792326,4.4297953,7.37328,4.141472,-8.266648,3.7514234,7.8996606,3.38902,5.1914697,3.3120956,-2.2530234,3.3568387,3.8791795,3.7242723,948.5377331854919,93.78001293129037,1334.781787570835,96.89004537481719,0.00010112692,0.000108672524,1827.2996234229988,0.009459313,0.001369715,0.03949300319025522,0.01351632794641935
-386.66028,3.5392897,181.80762,4.073439,-46.910503,3.7901852,54.776737,3.8631103,-29.310856,3.542037,44.31241,3.3231897,-5.006708,3.444277,18.057264,3.4339864,-12.338731,3.0937989,0.23104943,3.05858,0.20063084,3.0738692,2.7101383,3.2983313,8.612813,3.4375532,1192.75921026173,65.26017974417566,1477.33347255883,49.529508138873624,0.00020076094,0.00042327822,2437.7484456569027,0.009205563,0.000695141,0.06019227631960557,0.008800563186057613
-390.16736,6.3933196,160.20023,4.7006536,-23.441446,4.812717,48.05427,3.9854217,-34.892284,3.8584116,34.59493,3.5206246,-24.219164,3.672015,16.006084,3.3035655,-10.228908,3.5755248,9.28133,3.6334515,2.460413,3.375707,-0.8731559,4.0381336,2.9800727,4.0222363,1375.0967427942726,96.43802100736985,1759.3265293721636,68.64840882898524,0.00023589993,0.0006771265,3019.3947351725637,0.009599576,0.0016198477,0.058236885513341066,0.00799208214922471
-387.56976,4.0036635,189.78424,4.406711,-45.650658,4.1502595,61.985878,3.8303087,-20.894419,3.6519263,31.57967,3.1676905,-10.393548,3.438366,10.465749,3.292157,-4.6590476,2.9574816,1.7316058,2.9122279,3.4062607,2.9697297,-3.6616416,2.891895,4.423376,3.2650776,1058.2791652010994,59.144287922776954,1359.6618049525944,46.435944017950405,0.00015448891,0.00043956348,2240.901994815835,0.009887433,0.00087649474,0.04389319895591647,0.0058277140571358415
-340.25458,6.204843,133.74992,5.460852,-72.25795,3.6632423,86.20256,3.4758706,-39.50284,4.8153853,49.173653,4.9532256,-31.43208,3.7577615,21.598547,3.4578707,-11.299125,3.1681266,9.850953,3.1857789,1.0337503,3.4299512,-3.6835802,3.4252017,2.8581955,4.3061914,2310.7990375392783,153.6743866401042,1975.6316112332017,68.48204661133644,0.0010763783,0.0014480597,4650.072732381091,0.007784403,0.0006920344,0.14609805503190254,0.02350298951071245
-377.91394,5.2786355,163.63899,4.03871,-27.455292,2.9918468,45.66013,3.2445486,-38.40411,3.2912562,36.65828,3.0576074,-23.732594,3.372938,21.82809,3.766052,-5.9679775,3.2830524,8.519108,2.9103892,-3.4646406,3.0377522,-7.4492183,3.0413191,2.0579922,3.6667056,1418.4506752649859,78.73097070505392,1764.496445977511,61.713899861022774,0.0002304337,0.00014587604,3069.3058022766822,0.009429722,0.0012121048,0.06923397621809745,0.006262386222669775
-367.66678,47.441185,152.12686,7.590014,-88.60992,25.89371,64.23952,5.5532885,-35.84952,6.041828,38.135376,4.2811522,-25.60083,4.031202,13.147021,4.854893,-17.620691,5.7557945,6.998959,3.9208486,-0.5690514,3.0972211,-4.4028325,3.0437646,5.5663366,3.734925,1938.0765647753442,131.02088647156472,1642.1729538659004,180.9668850179377,0.0007300355,0.00077373494,3665.3158873803654,0.006987149,0.002670055,0.12752977269431554,0.033236394725073545
-389.57843,3.9310308,167.33295,3.5038767,-28.63322,3.5231295,50.198704,3.736849,-39.422302,3.8192163,40.859634,3.5114625,-23.335875,3.6390612,25.866789,3.4942918,-7.7703514,3.4495914,6.535353,3.1382096,-7.676539,3.1145046,-8.591742,3.1893063,4.85062,3.4390945,1385.5972941832815,62.861908287906715,1768.2009358044174,44.95503430813248,0.00023850598,0.00030929243,2993.6148446563225,0.008844268,0.00087025895,0.06492894431554525,0.007513892547623118
-384.47238,4.0567718,188.4039,3.4716387,-43.46562,3.502535,60.368465,3.2932997,-21.055462,3.325184,29.932886,3.2264001,-10.903489,2.9049733,9.144602,3.0481145,-4.8211894,3.2596467,0.024722986,3.0738785,3.087783,2.7840424,-3.565463,2.9069963,4.5444574,3.338618,1067.963768090872,58.07842205342451,1362.3935179924813,36.71811092117213,0.00014297976,0.00021703186,2249.869999365574,0.009843757,0.0009081246,0.04550078850058004,0.006332743269816162
-386.88342,3.6234024,189.31577,3.182298,-46.21234,3.1187928,61.44107,3.0957565,-22.02013,3.1167884,33.109447,2.873807,-9.703023,3.0533638,11.849669,3.0317595,-4.310113,2.8124318,1.8370413,2.9441998,3.557685,3.0625818,-4.1175694,3.0909972,3.7091622,3.3751125,1068.6769459642153,50.74811889810032,1370.4066413313017,31.93945031946935,0.00013955063,0.00017614984,2261.8356656032483,0.009823701,0.00084485393,0.04420701312354988,0.006279675010796698
-408.2274,6.0652804,180.16447,5.6772537,-28.246134,4.0801134,61.440327,4.140299,-14.401951,3.7863421,34.84168,3.7538555,-9.698711,3.6384215,16.701113,3.5447257,-4.428642,3.179197,6.862639,3.140322,2.416752,2.9860606,-4.93722,2.999629,1.3260484,3.3802073,976.4318433724987,91.99200945842625,1424.176468314999,98.38989259223969,0.00013363814,0.00043687737,2083.4498146570477,0.009689273,0.00091972173,0.035575424158932716,0.009428674782195003
-371.5258,4.013309,187.42319,4.4329295,-49.169735,4.320018,62.963528,3.5239875,-27.076374,3.6001627,30.483238,3.1161103,-16.229765,3.2721894,11.653854,3.1528635,-8.636238,3.268596,0.5988725,3.0203626,4.3729844,2.8961713,-3.390109,2.9395428,5.482277,2.9673555,1164.2639341702672,57.66743839028194,1420.9869654648164,44.0189209360661,0.00020410979,0.0004987798,2497.1521081061487,0.009937087,0.0007759205,0.05494806772041763,0.006426911840419496
-369.81104,6.710154,157.39615,5.304344,-42.36194,4.6312566,71.12976,4.141511,-25.523724,3.7263103,47.09474,3.5317564,-22.087917,3.7929263,24.472145,3.6284096,-10.27626,3.351605,8.062827,3.135259,0.8202227,3.215417,-4.593968,3.1283443,6.3306212,3.5660741,1509.3845318879335,122.76508768393603,1842.5500748206957,76.84902165685048,0.00033688152,0.000594696,3509.887128860934,0.009426453,0.0008628033,0.06193014972447796,0.010210033025258082
-385.27878,3.522819,190.94437,3.1073072,-44.79786,2.988376,61.11003,3.0054407,-22.277493,3.1781695,30.842989,3.2018633,-13.095741,3.2207186,8.251036,3.1382997,-6.591577,3.1175096,1.1734986,2.9598951,4.0834494,2.7328799,-3.1079233,2.9301066,4.1287036,3.0267174,1061.389194643519,51.22191553071709,1350.5468360321352,31.756584030069327,0.00013062911,8.831197e-05,2207.577989051624,0.009854919,0.00073220814,0.04595281685034803,0.005553765706649146
-394.23648,4.279597,185.46585,3.5492144,-38.90548,2.9777942,51.927353,3.0862262,-24.558954,3.2660184,40.20347,3.2213738,-4.359878,3.637835,15.407044,3.5402396,-9.330358,3.172396,0.84058887,3.2204072,1.0409347,3.0627751,1.9683039,3.1352503,8.261235,3.4722514,1069.8223682110506,59.89017943016123,1404.9106409428032,44.766697170269246,0.00013894636,0.00013236339,2110.7784970453886,0.009398061,0.0008169135,0.048611740501740136,0.007564214274234557
-395.4944,4.8518143,182.97191,4.0596533,-37.992306,3.0700288,54.220898,3.6282196,-24.60939,3.5409458,41.88926,3.4519641,-3.80462,3.5648503,18.760038,3.760443,-9.219797,3.468074,0.43347037,3.2807899,0.46692955,2.832432,1.5412943,3.266178,8.256645,3.4489474,1078.4989739901255,69.95257755153531,1441.3782130960712,58.036963697815025,0.0001382783,0.00010599163,2196.0619720671402,0.009488617,0.0008783447,0.045947152334686776,0.0077057992428548085
-378.97678,5.095891,157.35089,4.3257394,-30.81874,3.8286817,45.557217,3.5798333,-37.552593,3.528129,32.79719,3.4549994,-23.155312,3.7759533,22.327623,3.6333058,-3.5656831,3.3268716,8.81616,3.0938666,-1.9877301,3.3357618,-6.952607,3.431374,1.4969721,3.582727,1491.0743471179746,91.75683605672548,1777.0551064197596,64.06205412479004,0.000275106,0.00036779253,3271.3981610716355,0.009113142,0.0015064456,0.07189403277262181,0.007190269951262037
-387.20267,4.351119,180.4711,4.7267447,-45.286804,3.6407773,53.15992,3.8853645,-27.961658,3.5162547,43.898357,3.5641966,-4.0670304,3.6331809,18.28645,3.435001,-11.563949,3.3579028,0.41819856,3.197136,0.8231931,3.1591659,2.3785465,3.0558896,8.238906,3.107918,1187.0148376037243,72.61679015170833,1477.403042871836,64.64150962998986,0.00020195893,0.0005316384,2419.8374170714906,0.009182898,0.0006809626,0.06029763631090487,0.009390972807316038
-376.65182,3.6259825,187.02519,3.4608254,-46.36282,3.2126608,63.95873,3.4951105,-26.817127,3.333667,32.975227,3.1617212,-14.89894,3.4504309,12.387792,3.1817665,-7.1022086,2.9689481,1.4746774,3.267789,1.8648051,3.1480584,-4.7700615,2.8956134,4.4701376,3.2355325,1138.7661044875044,56.28293169950253,1428.6204780338553,34.07726264478872,0.00017134985,0.0002404837,2435.70004350348,0.010020523,0.0007986683,0.04925749528712297,0.006765321694776061
-357.3128,6.7522535,150.43724,5.0312176,-49.453117,4.977807,75.311806,4.4059596,-28.835443,4.308913,49.828133,4.0569835,-24.503473,3.8568714,27.183638,3.4368565,-10.821754,3.3093455,9.765615,2.9900804,0.9403171,2.8430517,-4.9826574,3.1835299,5.8890123,3.2766833,1724.9648912106836,127.7083416861456,1942.7300801100057,65.9835060219889,0.0005065586,0.0011389944,3978.8962804524363,0.009303704,0.0009811509,0.07567339762180975,0.012678848848246448
-416.90668,4.9694443,183.72165,4.0447764,-26.453754,3.3100908,60.699505,3.678677,-15.841813,3.4015038,33.733067,3.3242452,-7.511611,3.6839008,18.256392,3.8624196,-2.1485608,3.3011096,9.50605,3.0731835,3.660768,3.089394,-6.3257427,3.0433395,0.5334398,3.6946707,919.6272440238728,70.92922034936532,1373.2191761436204,74.9560696162905,8.995513e-05,0.00012730472,1893.4730051841648,0.009858868,0.000956935,0.03421707330336427,0.007759444187157245
-390.24054,4.021793,152.63878,3.719299,-13.802041,3.0975568,52.161144,3.4628,-34.732258,3.3267655,38.53721,3.5386877,-20.817463,3.6474707,14.480662,3.7874494,-11.497587,3.1314256,7.9664297,3.0535975,5.732807,3.1809304,8.103563,3.1630428,10.136841,3.5721433,1396.4169074082868,93.05584040251216,1858.7332660467764,69.0522930376115,0.00016904814,0.00017579108,3439.9416894757833,0.010817437,0.0020363,0.05257916727088167,0.006156293815923798
-389.32104,3.8125389,196.61278,4.5784698,-45.508846,4.189364,58.632942,3.5148299,-20.514168,3.665126,28.360891,3.1294577,-10.307956,3.3617022,8.984104,3.3000803,-4.3911414,3.0799844,0.3629823,3.1303766,3.1700306,2.983773,-4.6039433,2.926012,3.1912766,3.0761936,1005.7278578847179,55.7897056405388,1285.3790444777253,51.62252538033049,0.00014337621,0.00048062028,2056.4208984375,0.009800065,0.00078018964,0.04511333562935035,0.005718365790286476
-398.7954,4.5101695,172.64113,3.357812,-32.890427,3.1205692,44.02901,3.5293083,-38.47253,3.6718392,39.249027,3.3871872,-25.657743,3.4301221,24.537167,3.597099,-9.847596,3.4023356,1.9065297,3.0999997,-5.099731,3.123777,2.075886,3.242091,15.99434,3.0079486,1320.8477945459256,58.96828554119149,1662.8870875286786,46.953503436457446,0.00017452173,0.00010451433,2524.905459233614,0.008962562,0.0010118693,0.06350035346577726,0.007162272737882259
-389.22668,3.8703372,183.45808,4.4488153,-44.55352,3.6780462,55.935543,3.58421,-26.689915,3.5400996,43.30929,3.1273816,-6.7574234,3.9078236,17.426935,3.6759415,-9.612039,3.1147323,2.3092728,3.0338898,0.5766028,2.982391,1.4907492,3.3737504,8.146255,3.4382944,1140.21442537014,66.92496705877913,1468.0899151417775,54.068897482077304,0.00020189414,0.00069103576,2355.2627882105567,0.009221282,0.0008425095,0.048988997244779585,0.007632098750456121
-379.0424,4.101558,186.27374,3.4653049,-48.94844,3.0009801,65.0405,3.080739,-25.31501,3.3434224,35.387207,3.1578264,-14.079489,3.211976,13.218537,3.1831584,-5.988022,3.1048238,2.83037,3.0038762,2.1470602,2.8565009,-5.7220416,2.990577,3.782656,3.3087955,1149.534161673947,59.49128669489578,1437.0480147576516,33.97790267408243,0.00016569078,0.00010172889,2470.098211372535,0.009766373,0.00079186534,0.04998028748549884,0.006971879800826252
-385.5224,3.9325073,165.65822,3.6761007,-35.308674,3.6354043,43.415855,4.2804317,-36.199947,3.6493032,38.476475,3.4010596,-26.458792,3.5527809,25.311018,3.370786,-9.694447,2.9858675,4.462249,2.9393497,-5.352335,3.2194474,0.0128573,3.1182866,15.365015,3.3031943,1447.7453386965872,66.12701904062835,1757.313630808928,51.940229100214474,0.0002958341,0.00066521874,2944.902842227378,0.008429753,0.00097408524,0.07298501848897912,0.007007500870961021
-339.38193,14.136191,142.57465,5.5675054,-91.740944,6.4337497,65.06462,4.5955205,-46.226265,4.4338565,50.7193,4.7007666,-33.277576,7.3216133,18.423363,4.606989,-21.725445,3.3582976,8.4647045,4.136511,-0.34975356,3.906672,-5.2300396,3.7303045,11.753995,5.0591755,2214.2650135336294,113.62141798138386,1822.6242021179273,41.66678238444046,0.0010211241,0.0009826712,4296.773321943881,0.007517974,0.0010242559,0.1497414715052204,0.01589643694724704
-380.22897,4.896231,167.96298,4.128558,-32.10446,4.5054,41.28496,3.972194,-39.597576,3.800066,36.92345,3.169678,-26.2232,3.6448603,23.45967,3.642873,-5.747771,3.3688302,9.882767,3.005873,-3.2832417,2.9646647,-6.7851834,3.6335,4.815418,3.81989,1412.8479017871762,80.59062345845767,1730.8844975942066,55.553943231913635,0.00028759497,0.00081403315,2865.7645736658933,0.008947079,0.0010685675,0.07243556046983758,0.0069169374529978005
-376.14203,4.623845,155.89806,3.9278116,-21.261427,3.3087919,44.2418,3.7681193,-38.254276,3.6605113,33.671677,3.3842375,-24.153292,3.5032573,18.188324,3.5666306,-7.269683,3.2723148,11.134645,3.3292143,7.904893,3.0034413,2.7291183,3.2163138,3.9722774,3.8253574,1468.8101731240474,76.89358914434806,1832.1350056994647,57.25045038862757,0.00025705073,0.00056461955,3383.9853379676624,0.009731068,0.0014693892,0.0648473752900232,0.006632425392837913
-334.62494,12.634712,154.05138,7.625751,-76.52929,5.6009164,69.94322,7.1295013,-40.094383,3.614787,33.867214,4.346687,-29.705479,3.570869,25.390205,3.601155,-10.216477,3.5495894,7.8111677,3.755704,-0.838485,3.3497603,-6.957453,3.025622,5.642467,3.6631682,1941.6304979697416,162.64339470844453,1748.7088777283966,66.2259008799507,0.0007749874,0.0005260304,3802.8336173143853,0.008008086,0.0010031619,0.1272261546548724,0.019308729845773327
-435.41202,23.721788,186.16861,7.1883636,-16.17382,7.0204124,44.053032,5.081659,-6.8504257,5.9056973,26.71914,4.9895544,0.7112866,4.7764072,8.835747,6.300353,0.55179346,4.6026516,8.214331,5.0468054,6.010263,4.5220532,-2.4785528,4.508145,0.2701931,4.850038,820.1043688109463,111.71493964970398,1216.5196116480668,97.54109787967612,6.940882e-05,8.48406e-05,1551.3648650485788,0.009166359,0.0030409717,0.034541083599187936,0.009956380843014971
-390.66855,4.068063,198.90657,4.0139213,-47.371487,3.813972,58.916862,3.5120277,-22.91873,3.6671896,28.942633,3.2533,-10.868364,3.0586772,10.431888,3.1241896,-4.8021183,2.929429,0.5005012,2.750528,2.2089574,2.9439442,-5.0899224,2.906116,4.35921,3.2444336,1008.7997320010071,46.708716115123195,1281.075139678945,41.36827322822816,0.00013278199,0.00031070973,2045.654296875,0.009623922,0.0006954162,0.04620998586136891,0.0053490359411501685
-397.68713,20.813017,182.96458,3.7699976,-37.188244,8.538868,52.108368,3.6906962,-22.9597,5.824503,37.009113,3.6462817,-2.9266582,4.518614,18.555546,3.928433,-5.720949,3.4519155,1.3453258,3.0922203,1.6657009,3.075148,1.1935575,3.3324358,6.4637394,3.692274,1060.6642058093223,117.45318427797899,1410.2973044480611,52.184617504794716,0.00013574197,8.3113766e-05,2171.680990338602,0.009175652,0.001517532,0.04392265443735499,0.012887777664039372
-401.07904,59.61343,171.47194,12.728827,-47.16391,16.99794,62.68634,10.449832,-29.23598,13.045766,29.731007,6.6808195,-16.044388,8.244913,14.489724,7.766354,-7.4012976,5.1439247,4.13698,5.087411,2.5582995,3.7111056,-3.0943222,3.4853344,6.841138,4.203287,1379.7607209785313,364.69943875943494,1565.163401687283,198.7116342074584,0.0004607531,0.0022053218,2936.05974024797,0.007155563,0.004013822,0.06910482526102088,0.034376049875839004
-388.70883,5.108033,177.34512,3.583893,-39.405922,3.860804,45.200455,3.7053213,-39.46979,3.6914694,37.881565,3.6635768,-25.797129,3.9023104,25.695751,4.1297016,-13.100499,3.4843767,3.3486342,3.432505,0.21732038,3.3167493,6.597753,3.3358436,12.784823,3.8389568,1340.695368989496,65.86444984788838,1638.790728563507,47.98082920168849,0.00022673172,0.0002683109,2548.861772223028,0.008605613,0.0009131243,0.06991485100058005,0.007654676794135418
-406.01837,7.100583,180.58643,6.1163554,-27.58304,3.6571527,59.231377,3.5566103,-15.901507,4.01918,33.193474,4.3429284,-9.314004,4.57755,15.539963,3.8137743,-3.6598318,3.1198468,8.791732,2.8956928,4.549852,2.9664354,-3.905278,2.8997693,3.0490673,3.4358735,983.2042535904616,103.25372075725654,1421.0175375164495,116.42961489781534,0.00012514132,0.00028270902,2072.2335638413574,0.00977941,0.0010255143,0.03579067575406032,0.01280953537519458
-388.77255,4.3418827,167.74341,3.8266063,-28.324265,3.451705,46.865303,3.9749362,-38.065998,4.042882,37.43092,3.6843011,-23.971218,3.6530492,23.158184,3.5377605,-7.124726,3.3778024,6.052205,3.4092662,-6.419445,3.002852,-8.311974,2.9448714,4.857715,3.1474998,1359.262379277479,68.83892060062759,1719.4873912829182,54.80390682946213,0.00024304957,0.00058599765,2815.1790326819896,0.008916845,0.0010020564,0.06500938043793504,0.007036420404884401
-375.494,3.594884,186.48318,3.954284,-46.898865,3.7930553,63.197178,3.6290944,-25.13739,3.624296,31.892124,3.1266289,-13.430132,3.3427439,11.636388,3.295352,-6.570846,2.8859024,2.862935,2.9334483,3.10059,3.0230112,-4.816219,2.6654649,4.664539,3.148187,1131.0617234780652,59.38522040122701,1419.8630340429195,43.22586082991221,0.0001895835,0.0005293719,2433.601680321926,0.009927767,0.0007813682,0.050132096505220415,0.006445731994253137
-375.59695,7.1449895,155.3569,6.0590377,-36.634678,4.540172,70.06729,4.529913,-21.662247,3.9949505,45.474052,4.0694532,-20.02143,3.62196,22.555958,3.386927,-9.5958395,3.3291128,7.721929,3.2487774,1.6255248,3.202942,-4.0345526,3.2290976,5.568433,3.3513358,1451.539300911124,129.6793903988417,1829.3402440015063,86.60258715578576,0.00035134677,0.0013474909,3407.9666314711426,0.009491266,0.00092658587,0.05454702001160093,0.009660844994646856
-340.33972,8.784661,138.6474,10.351236,-82.05059,5.288166,77.019775,4.491079,-39.688206,4.776988,40.97032,3.762754,-25.858215,3.648787,21.726606,3.5881412,-14.628558,3.7402754,7.6480556,4.2190084,-0.808225,3.7746005,0.27969262,4.172418,12.104832,5.4038153,2191.6487560149794,169.98547455418273,1810.493412891847,34.07437048342395,0.0010213149,0.0014962528,4142.24386193083,0.0075111687,0.0012460557,0.14723435687354988,0.02313922024773622
-355.62036,33.51892,159.5294,10.400702,-66.76654,18.021374,69.39249,5.309558,-38.260403,6.178316,39.406803,4.8109818,-26.895384,5.882138,20.734053,5.0773783,-15.273764,4.4766726,5.598473,3.9625866,1.3125476,3.7537887,-4.3494916,4.1931615,6.9713964,3.2673028,1763.445690841368,252.1894592611549,1749.1682865604753,109.2992672196427,0.0006311627,0.00070105336,3641.4345159331497,0.007881845,0.0026470968,0.10138123549883991,0.03150368413600987
-390.86832,3.9673579,197.34578,3.8455772,-46.21176,3.1170673,60.06553,3.8816977,-21.531475,3.212298,28.498007,3.0679116,-12.415255,2.9645686,7.363594,3.1081448,-6.2325373,2.9701803,-0.41850752,2.7788346,3.0624468,3.0904179,-4.2602143,2.922321,3.4088075,2.898495,1015.5057229873983,54.4984275088415,1285.352477034938,37.12098830909711,0.00013611316,0.00039776068,2065.563766585702,0.009675475,0.00084516633,0.046711861948955914,0.005300956536889864
-391.4964,3.7117994,191.79514,3.9265704,-38.56646,3.2092183,60.95055,3.5985363,-21.484753,3.2878337,28.48611,3.0278456,-11.391498,3.3219035,10.767242,3.5555177,-3.6545136,3.0904133,2.9700265,2.961384,4.3099155,3.0414078,-2.21195,2.9973905,5.94835,3.005381,996.7174502179589,55.29651180803135,1332.594177144357,42.17000606580203,0.0001296296,0.00027591424,2077.979082076566,0.01010564,0.00088857877,0.041082466284802784,0.005851388416496232
-350.0309,27.230595,163.312,7.6199193,-92.339325,15.08458,58.79148,5.7879725,-40.11232,5.4755335,35.09661,4.907148,-23.177696,4.4141145,10.695739,3.7575562,-17.584621,4.4425073,2.958859,3.775849,0.5801418,3.3674378,-7.039302,3.9026,5.3755155,3.6806245,1808.0844990255443,192.36823136747418,1526.758339310266,48.173081193674186,0.0005787423,0.00062166835,3346.039937101218,0.0076936884,0.0015841225,0.12524583997969838,0.02569197268717838
-390.04495,4.4789557,174.89053,3.8796892,-37.292255,3.6378362,46.71747,3.899505,-38.83531,3.7032998,38.938747,3.3828979,-29.292385,3.449392,22.612293,3.6682284,-13.88321,3.2389235,1.823736,3.1682901,1.2587252,3.3143113,7.9802547,3.512511,14.737137,3.6319542,1362.4270967887278,55.52729488559089,1670.6832244622476,45.84318421278859,0.0002546405,0.00043940853,2635.5941170606147,0.008369293,0.00077539496,0.06986273745649652,0.007431970271116277
-444.59854,6.9433455,198.61673,5.0666866,-9.474946,4.031157,46.466084,4.5521035,-11.137788,4.0207834,25.02021,4.21671,-2.1111596,3.7727668,11.929699,4.386578,-1.2439226,3.219938,4.075238,3.5253134,2.8250308,3.0040383,-2.6589699,3.1536136,3.832556,4.074529,702.6155061568919,61.42349318263292,1131.7823565466783,92.44978216251232,5.0528153e-05,9.848079e-05,1222.2965532555104,0.00975869,0.0014327458,0.026182524289443156,0.006294991112663734
-375.3721,3.711973,188.07468,3.9385495,-49.641357,4.0791907,63.537807,3.2720869,-28.17468,3.5415297,33.74792,3.2810376,-15.149149,3.3347414,13.915851,3.106576,-6.8059497,3.016292,2.5911393,3.0169127,1.9062088,2.9131238,-5.355608,2.8298578,3.9855063,3.117643,1156.8526235698903,55.6303906616626,1431.608884146397,39.84019015967667,0.00018897669,0.00034603348,2466.750822487674,0.009818148,0.00073978404,0.05146099187935035,0.006446741051776636
-400.04593,3.8412962,172.8208,3.7355666,-34.48521,3.7546327,45.877457,4.1464915,-39.690918,3.383193,40.712887,3.2588599,-26.074785,3.1529794,26.218018,3.6424055,-10.155722,3.1234705,3.480095,2.8187618,-3.0480604,2.8046417,2.4734786,3.202561,15.627597,3.3453174,1327.1200385568516,62.915836781772356,1676.832837380529,49.07937547953571,0.0001841088,0.00023790223,2583.0850764936195,0.0090306,0.00081412046,0.06389800246519721,0.0065878168099635795
-385.46555,4.5833135,150.79518,4.330699,-17.865362,3.6569803,53.203487,3.480341,-34.734154,3.3090122,36.81328,3.8272834,-23.412819,3.770198,17.32375,3.9635751,-11.454544,3.353611,8.91927,2.8208036,6.020032,3.181483,6.136957,3.3561988,9.97047,3.3990667,1470.7049567341853,98.37552550192741,1893.3774659568267,69.46215947675454,0.0002026717,0.0002143833,3583.929372552929,0.010539553,0.001971019,0.057346423651392114,0.006065637006210234
-388.4752,13.0819435,155.45827,9.996599,-15.477992,5.525048,66.35762,5.9825587,-33.033363,5.206687,43.694405,5.7317066,-19.76378,4.0287094,23.225414,4.5162616,-8.52908,3.8088038,8.513907,3.3850508,-0.99675506,3.205888,-5.4652543,3.253097,4.763475,3.4141264,1417.915565977136,240.6311571250608,1913.8134741474396,175.9937335646982,0.00030079047,0.0010471675,3593.5468704683876,0.0094163995,0.0010510957,0.0508752809599768,0.014494708101750173
-384.61807,3.9756935,190.70032,4.427538,-46.797092,4.016266,62.05644,3.7022824,-22.78434,3.6588066,32.33204,3.4571764,-10.966171,3.2792935,11.490327,3.3404067,-5.0426927,3.118363,1.894536,2.8190527,3.424497,2.8443909,-4.0186143,3.0580986,4.3864284,3.1432183,1072.0688357868314,56.63670600741348,1364.5470143273174,48.04094059379542,0.00016703432,0.000639641,2261.735743546984,0.009939644,0.00081257,0.04535237819025522,0.005915607072952263
-369.59665,8.545443,182.7953,8.440384,-46.606945,3.86836,67.3999,4.5403576,-32.486137,4.4674006,34.60781,5.083069,-20.687714,4.511838,14.597502,4.471056,-9.716385,3.8185685,4.002879,3.212964,2.3920128,3.0819414,-3.7626786,2.9407065,5.5048943,3.1144845,1247.3038764747903,118.24974961187634,1537.0741871973373,126.99965517196281,0.00026897647,0.0008562164,2730.495089997825,0.009725204,0.00079584325,0.05644916437064965,0.007166471385660135
-389.57846,3.5816786,183.97928,4.360011,-45.928196,3.4503257,55.56451,3.5544152,-27.92593,3.5611823,44.24945,3.0962586,-5.9686403,3.5501027,18.363506,3.469957,-11.517276,3.2597892,0.9426638,3.2036672,0.8717494,2.9627726,2.8693154,3.3285909,8.51634,3.3123653,1149.503932721914,64.6804136063636,1459.1261709149496,54.16348733638865,0.00018811905,0.00044698437,2336.2276364921695,0.00931793,0.00082915963,0.053637298796403714,0.0068796249542424
-376.15372,3.6970975,184.46251,3.0928836,-47.83486,2.9905827,63.618355,3.1426623,-24.364405,3.0905654,33.80849,3.0103848,-13.167092,3.274317,13.273961,3.092614,-5.4025283,3.2077498,1.6809866,3.08578,1.7769138,2.890579,-5.532531,2.726893,3.5097322,2.9477415,1154.856197000812,55.73078822387678,1439.3506801293997,30.96155161844301,0.00017401375,0.00015073181,2489.4331292597158,0.009774301,0.0007911031,0.04951919591067285,0.0068963881159316
-396.34113,4.0865645,184.95152,4.2361193,-35.87032,3.5305114,53.02749,3.830836,-24.107046,3.4467006,40.777687,3.5994484,-4.3886423,3.858264,16.307991,3.4965594,-10.350885,3.367607,-0.51456773,3.044091,0.5958974,3.03142,2.0631042,3.1037483,8.670302,3.6880937,1049.0555144391212,66.8264772205731,1411.6156600786496,57.844188349468396,0.00016103615,0.0005428074,2072.8580766930104,0.009513813,0.0008509509,0.0471570928799304,0.0066880784568486345
-343.26132,10.267607,149.71187,8.2192955,-77.13113,4.839544,61.90858,4.9179926,-47.53001,4.2824044,36.040802,3.791278,-27.713257,3.903206,16.585669,4.4339094,-15.561759,4.453118,8.131023,3.4294748,3.4812937,5.161065,0.4945901,5.35446,6.041606,4.984037,1979.866892925919,121.51290691936471,1748.2564310204696,71.97465074771732,0.00074390153,0.0012936898,3916.5698978574537,0.008068791,0.00073656905,0.12660872244779584,0.010684915336616986
-374.37347,3.3217301,188.71756,3.6027372,-46.08194,3.6143656,63.377945,3.195985,-27.282927,3.2559283,29.710243,3.1479337,-16.72837,3.1580102,10.135646,3.1982236,-6.93817,2.94153,2.2164748,3.0470803,2.8798552,3.095706,-3.7445495,2.8451304,5.077072,3.0486467,1125.2133992231045,58.73876030563109,1407.2838679393324,35.32365805164571,0.00017500445,0.000282625,2388.386949862239,0.009942789,0.0007780348,0.05121062028712297,0.005762836481813749
-373.31198,43.816383,174.74768,23.90716,-42.435207,9.2025795,49.39679,12.299704,-24.03572,15.232837,24.486292,8.748919,-16.857185,10.233965,10.319263,7.802552,-0.9428949,8.846751,5.9344625,3.988725,0.31848848,3.6880846,-7.286976,4.019483,3.1135898,4.3657794,1349.4285807565525,503.7816182881738,1483.4211917473874,349.8510619757367,0.00039279013,0.00086389,2743.1352301152842,0.008840364,0.002776303,0.07116104444605569,0.037618207480962375
-390.05435,4.256988,173.21835,3.8683658,-36.86712,3.5423458,46.949654,4.0309644,-38.227493,3.6593537,38.10141,3.5994573,-28.17971,3.6453319,22.337322,3.3132098,-13.910059,3.1279142,0.5345073,3.2100587,0.34467122,3.202606,7.739565,3.2381942,14.601739,3.5267777,1377.1732873673861,65.20940564517672,1677.391023071019,49.010905768135366,0.00026192813,0.0003751509,2696.5215908678942,0.008153452,0.0008074486,0.07183398890661252,0.00826502443618888
-391.99762,4.52438,199.71548,5.410367,-47.411194,4.4094253,58.292046,4.058575,-20.673012,3.575268,27.519897,3.568488,-9.633096,3.3608725,8.9075575,3.3045352,-4.687858,3.0357504,0.47770163,2.900491,3.1071308,3.128123,-4.628161,3.2565937,3.8497572,3.1839597,993.8676611518346,63.71397630040729,1257.510006361629,68.40698629694364,0.00016810502,0.001080392,2012.2053885404582,0.0097847935,0.0007690715,0.04486976145591647,0.0058332169060659675
-377.13605,3.5623462,186.44244,3.4283097,-50.255985,3.4470887,64.94717,3.1181617,-25.628588,3.445179,35.32946,3.2765434,-14.22431,3.1765113,13.463833,3.149206,-6.652017,3.1898026,2.50947,3.0529797,2.3171794,3.0000155,-5.184437,2.6550012,3.9822671,2.977278,1157.9771275637775,52.78955861559202,1437.8646023844276,31.22844824335589,0.00017944696,0.0002496116,2490.63219393489,0.009751312,0.00070515793,0.051285391893851506,0.006220479459028492
-341.04642,4.1607614,129.0643,6.733931,-95.38899,4.4979396,77.70986,4.9887953,-43.452362,4.1398025,42.437473,4.2331996,-28.471872,3.7346723,29.590696,4.1137776,-8.8756075,3.4805043,10.421074,3.4591696,-3.2837713,3.7380266,-7.3258457,3.7649858,10.719493,3.9911907,2404.8732337091874,113.842157925675,1793.2454272774125,39.14118809221995,0.001331724,0.0019305563,4371.664903114124,0.0069679357,0.0005230008,0.17789638014791184,0.016267690010333322
-381.38077,4.906772,174.21751,4.9557405,-44.31805,3.7958498,57.384926,3.8504589,-30.540255,3.5692046,47.787334,3.7750316,-12.440293,3.642022,22.142666,3.7194414,-13.764062,3.681296,3.295332,3.2610102,1.0001997,3.1430774,1.1616756,3.439962,9.046042,3.5159724,1290.2469315552717,82.52748442620857,1623.5364659962324,68.10744599764257,0.00027081274,0.000822336,2749.5802027443447,0.009206912,0.000802202,0.05749370105858469,0.009053929352342243
-381.9174,5.387707,161.84734,3.8457441,-28.359447,3.8843846,49.435017,4.093022,-41.50254,3.4086914,39.049,3.7398608,-27.659365,3.6549165,18.635036,3.546226,-11.124199,3.6763265,11.663086,3.741065,3.7195528,3.105532,-0.89089465,3.0651853,1.8473343,3.3974757,1476.1620799343427,81.04410558673275,1837.743609327293,59.24446921647351,0.00023862923,0.00014989903,3396.450614486659,0.009332892,0.0011054392,0.06238897549303944,0.006683054824318079
-397.52234,9.205251,184.33804,5.9733305,-28.465256,4.443784,52.236286,4.747303,-23.267233,4.072564,32.504948,4.1847434,-9.807414,4.620421,8.646063,3.593342,-10.182984,3.7766404,5.1432724,3.6533573,0.65653205,3.0616987,-4.006874,3.8087635,5.4209676,3.7291298,1037.3047901364614,118.98462139149038,1413.678581127267,127.99596975234482,0.00013968442,0.00033125203,2061.367040222593,0.0093658315,0.0009634695,0.04738593931264501,0.018554763105116667
-387.8572,24.4477,197.8288,4.9482083,-44.796883,7.948726,48.62145,3.549254,-20.46571,6.7010884,23.06037,3.7068677,-10.665414,6.2661624,5.5533824,4.1310873,-3.7351432,3.3438406,-0.57360053,3.8774443,1.0722375,3.423032,-6.6085005,3.5533612,2.317925,3.6716645,1014.7639046952249,94.15309702548663,1234.2644571479761,62.643438382353615,0.00012670661,0.0001892178,1953.8758881960557,0.009464229,0.002041995,0.04934699463457077,0.009132886216198899
-381.16708,3.7301483,190.35387,4.373794,-47.601387,3.5759835,62.23141,4.370903,-23.542898,3.272159,32.536507,3.0465586,-13.026532,3.17762,10.41743,3.1674156,-6.0718007,3.318912,1.7604069,3.177239,2.0109427,2.941583,-5.2330103,2.9416301,3.6440225,3.2570899,1095.4213868013896,60.92650409494709,1376.6739522262333,47.348412528751055,0.00017801412,0.0005684,2298.6819238507833,0.009784763,0.0008775481,0.048641195983178655,0.00642013316306843
-378.98383,4.62738,160.28885,3.7644174,-29.598425,3.390285,42.468315,3.2278864,-39.32796,3.2671285,31.077837,3.1400738,-18.915108,3.3334374,27.080917,3.5898502,-3.9438655,3.3726487,6.5886292,3.0848587,-4.9127097,3.153318,-8.201285,3.0842786,6.2362156,3.3491654,1465.0239410936895,74.20815154729827,1761.9334593171495,52.505154360519725,0.00028443892,0.00028820988,3139.5759883446926,0.008380461,0.0010962557,0.07340872426044083,0.008156510589772493
-382.90842,4.109634,170.23007,3.9080126,-37.598167,3.3746781,45.78675,3.681411,-40.721527,3.513383,46.434025,3.4389448,-22.809055,3.5656304,27.49341,3.6232698,-13.689423,3.169044,2.5392466,3.189044,-0.48939586,3.3718028,6.8706837,3.1902673,14.871286,3.58506,1435.2291170504268,67.14366301677995,1761.4591194690906,50.4839439356865,0.00026884652,0.00031793807,2965.411844275667,0.008682003,0.00082036515,0.07148505474187936,0.00808309371287118
-382.3121,3.7377114,166.53964,3.733858,-29.976107,3.6324825,47.613766,3.5719833,-41.70419,3.463193,37.582302,3.1349587,-28.384838,3.5435853,23.005003,3.8180902,-7.9786534,3.5294101,8.89742,3.2577796,-5.350645,2.9715655,-7.908716,3.0431433,3.4295814,3.3992407,1435.6021348303016,65.54895616972671,1776.8049091287828,49.526429894658634,0.00026104064,0.00046779556,3072.4033860208815,0.009111579,0.0010503406,0.06930081750290024,0.006157790526650208
-390.28543,6.393874,155.04433,5.3798146,-19.22181,4.5909066,59.794518,4.6973367,-39.657673,4.2751765,50.489864,5.3294096,-19.86176,4.5783143,27.0777,3.7924626,-12.943919,3.6432052,6.68641,3.3623517,-3.6750531,3.3243423,-1.2893044,3.3537927,4.5683885,3.805699,1528.0782526873218,99.82620450366332,2009.0570806944886,62.75733186333904,0.0003000294,0.0008019521,4000.1297174086426,0.009230812,0.0011836567,0.05607417343387471,0.01025889395381123
-378.4119,5.0652876,162.11063,4.1570435,-39.626373,3.8325565,60.084297,4.432827,-46.148746,3.5584612,31.9643,3.414809,-25.799849,3.090815,29.150436,3.5012074,-14.674112,3.3715377,5.559206,3.2624617,-1.2569809,3.4405842,-14.339694,3.2796183,1.6295694,3.2366037,1565.3373544521628,78.12333410554896,1812.2924614700578,48.52799839171444,0.00031548186,0.000524745,3393.47793331279,0.008816499,0.0009065135,0.07288872172273782,0.007068755425912295
-369.60052,10.85572,159.95609,5.744202,-43.789513,6.2305317,71.685814,4.264577,-27.698349,4.204174,46.86291,4.341915,-21.120089,3.7239213,24.987566,3.5526247,-10.45997,3.466236,7.450906,3.0967345,-0.36616993,2.949493,-6.575134,2.9872282,4.0101027,3.0397666,1495.6111491517722,135.0100461208466,1818.952058521306,81.20171275551628,0.0003688511,0.0009863736,3463.5232947542054,0.009462122,0.0007817776,0.059673406685034805,0.01002638716823353
-350.87943,15.416903,161.37589,13.652135,-74.9769,8.956049,78.1092,5.0201983,-34.336353,5.2203994,30.461058,5.983038,-22.397713,7.718943,22.17821,6.20578,-14.493474,5.020418,7.096423,4.127757,1.962005,3.950693,-4.005834,4.006581,5.4379935,3.8591046,1773.5023668418014,267.52933300112187,1647.4706904436375,105.46117701186867,0.0005485163,0.0008516236,3462.299249564965,0.008231268,0.00089521497,0.11457389247389792,0.02971363614573522
-353.65335,15.098122,140.01758,6.035297,-74.37766,9.055298,71.81337,6.25265,-48.14978,4.7331023,47.180294,4.295924,-32.614418,4.2557597,24.083048,3.998737,-20.104345,3.8520184,3.9455533,3.4101949,8.185757,3.316543,-6.919879,3.9838862,4.6668878,4.1431513,2252.6712703026833,140.28515844629652,1937.841421249036,71.84699627611066,0.0009742877,0.0024430344,4694.662949989124,0.007051185,0.0010203201,0.16578904437354988,0.022451492921577373
-387.25616,5.210696,168.65727,5.0372934,-34.540928,4.2341113,46.258926,4.6364365,-35.89324,3.8160927,37.34333,3.783956,-23.652363,3.9678102,23.812387,3.7547002,-6.2585588,3.5617,5.1630554,3.531971,-6.285677,3.4649312,-7.0434995,3.3468215,7.8395615,3.1055872,1364.0264899440465,79.37282296822906,1689.0395653295634,63.945017829388824,0.00028363388,0.00093932543,2772.1376069460557,0.008838246,0.0010868158,0.06508641785092807,0.006885041858157297
-377.26642,3.5706222,187.14026,3.6594095,-48.095562,3.309343,62.867626,3.3534446,-25.685278,3.4453957,33.012363,3.3384616,-13.879209,3.130418,11.881721,2.9397402,-7.1863103,2.8811567,1.6364347,3.0183947,3.0191653,2.8169532,-4.0270514,2.8909547,4.545358,3.2289479,1143.9463592296624,52.05180772083308,1419.5613468404808,34.736732817595914,0.00018107492,0.00034867116,2440.196536035383,0.009815427,0.0006696068,0.0498024216937355,0.006427975966237784
-386.79575,3.484666,189.16302,3.325108,-45.1369,3.2077956,61.260063,3.1715465,-20.455982,3.3013403,31.555954,3.0980048,-10.833135,3.326385,9.761259,3.284925,-5.385501,3.0572968,2.0698967,2.8361344,4.4094477,2.991077,-3.5209882,2.9952607,4.2950287,3.2006488,1061.171248561983,54.20139084724759,1361.1023816167362,33.63386555919579,0.00013504241,0.00014157893,2244.374286271027,0.009836913,0.0007896152,0.04488335629350348,0.005974337572496948
-425.63074,5.416499,189.57639,5.415492,-24.355421,3.780781,63.599194,4.026831,-14.811809,3.83166,34.786827,3.899311,-10.5439,4.237763,15.697678,3.710677,-5.8937144,3.0900576,4.6139293,3.0316107,0.26755717,3.0157082,-7.2566442,3.2046826,1.5965992,3.6574254,864.6331079430055,79.39332166243516,1321.6471908071512,97.12348199021343,9.848767e-05,0.00041138218,1727.3775671584976,0.009739235,0.00089063816,0.03157287739269141,0.007068536268278919
-389.90216,4.386761,202.68573,4.520545,-48.29899,4.1046104,55.01124,3.7259073,-22.61291,3.755671,27.600912,3.2954895,-9.1575365,3.3859577,8.67729,3.0789993,-4.16792,3.057047,-0.21699287,3.2368271,2.8885381,2.908766,-4.2564936,3.1029778,3.4778235,3.1970005,992.4000284395711,49.368198658869105,1236.611436622131,48.46074860226233,0.0001391437,0.00048220542,1959.546464889066,0.009743633,0.00076492986,0.047121972882830626,0.0056449062862419545
-352.43002,4.3526206,142.61813,4.364547,-46.370365,4.1026196,68.44912,3.7382774,-40.969913,3.8555264,56.360165,3.3419158,-26.264526,3.9379413,31.030272,3.6186304,-12.83946,3.6487925,9.274999,3.1716657,-2.843536,3.1355078,2.1374302,3.2032282,8.238988,3.7467413,2034.404806172022,95.39844888073172,2159.4175367831854,36.233099938512225,0.00075170666,0.0016221628,4763.084578016242,0.008374767,0.00078280206,0.09911996084686775,0.012867457719318572
-396.26065,11.444035,141.5671,12.843486,-37.660667,5.7554517,60.01273,5.1979136,-22.762383,7.8800755,30.76222,5.7205696,-13.147252,5.2040524,18.593307,5.074026,-5.037303,4.39119,3.993504,4.8028097,-1.0273138,5.287898,3.0533738,3.8022907,12.603987,3.9093833,1591.3365404611081,333.3611907679344,1790.7376908471958,117.28387261506808,0.0004609826,0.00046919956,3509.6373237202724,0.0087451525,0.005047938,0.0696293594112529,0.04091541165925585
-402.52463,10.726551,183.20926,6.9068327,-35.896454,5.0928364,51.65338,6.1681433,-21.571863,4.8170533,38.937862,4.3098617,-1.4744054,4.9168725,16.38018,4.323045,-9.08813,3.8511748,-1.2592238,3.6875868,1.3506922,3.4947784,2.02314,3.7699354,7.890224,3.8294637,1051.1773648006674,125.99284225488219,1393.787939448554,103.15229511116142,0.00014006505,0.00031855577,2093.5919033678942,0.009353937,0.001167649,0.04847805793213457,0.00948258749084567
-403.7682,6.1341825,187.20634,5.5337086,-33.628017,3.815411,49.756454,3.6909885,-21.94088,3.4720862,37.290344,3.4990594,-1.0607557,3.7496562,16.945606,3.587734,-6.744834,3.0168443,-0.52639633,3.2439787,0.9903335,2.9670842,1.3862854,3.2745798,6.432986,3.5190406,991.0386839723565,70.34371116187697,1352.510429526441,63.98528731457404,0.00013357664,0.00038005153,1924.8735113652842,0.009502021,0.0013448441,0.04270704937645012,0.006873752493499768
-368.3995,4.748773,157.82358,4.220643,-36.826115,4.019135,53.9789,4.0742755,-40.88862,3.6079195,35.55201,3.1887865,-21.35272,3.5383377,28.967897,4.1957817,-8.329865,3.714885,8.037791,3.4511878,-2.5432146,3.2693236,-10.907088,3.7362235,-1.9152516,3.585999,1579.2035640753259,88.53113784104119,1838.872270340304,48.57504115381683,0.00035574555,0.00060596433,3544.5101213565836,0.009116458,0.0010651042,0.0761605459686775,0.006519482604111897
-375.83722,4.576779,157.98827,3.3453178,-37.887493,3.2787628,50.554573,3.7508583,-38.663967,3.495627,31.935547,3.2491784,-22.195974,3.3267136,31.701887,3.6020129,-6.0121017,3.2839012,-1.3156563,3.3673005,-1.2907076,3.562446,-5.228034,3.2461758,1.4665277,3.4594233,1547.6304546561273,68.84220139327962,1780.9468153767632,41.52625058305129,0.00029977786,0.00019309418,3296.353694623695,0.008587645,0.0009885418,0.0767428581786543,0.007253167206387576
-384.9082,3.626472,188.00285,4.1176014,-45.91189,4.010419,61.944366,3.3759763,-21.23211,3.2434108,31.35776,3.0905128,-10.488209,3.1388109,11.496658,3.2621653,-3.8225992,3.0078623,1.6013583,2.94345,2.516548,3.0390077,-4.9005904,3.2208648,3.6573322,2.9795177,1080.6694070635344,58.189313334095864,1376.7502826152029,43.76601851399093,0.00015298992,0.000329717,2305.2018380220416,0.009851197,0.0008933288,0.04621111876450116,0.006468350688774768
-381.35086,5.079154,163.27614,4.0082636,-31.329884,4.063956,45.17031,4.318291,-40.48191,3.7224736,35.355076,3.5782468,-24.431206,3.3534548,24.380062,3.5261717,-8.26591,3.3297741,5.43763,3.3575342,-2.6791046,3.1793752,-0.6356834,3.6370716,13.32218,4.0308414,1449.0145482170446,73.10230218682715,1766.8801587780329,50.63155488914865,0.00028161608,0.0005241139,3095.010751250725,0.008819917,0.00095686544,0.07121429089327146,0.0073651492090727405
-388.40967,4.678493,160.3212,3.9731333,-27.847483,3.1990345,57.044746,3.9281678,-40.558594,3.2135353,40.472614,3.3919969,-24.136856,4.215523,23.657999,3.950915,-8.361543,3.7011843,15.14007,3.5816593,1.596813,3.72115,-4.989908,3.4252393,0.08111553,3.8251188,1463.259152494384,70.09649694774605,1858.1515042629862,51.451235047959834,0.00022975505,0.00026149102,3478.1119149688225,0.009396248,0.0010635352,0.058487257105568444,0.006547918629849072
-385.55023,3.9898608,190.22958,3.443767,-47.348137,3.093668,63.419437,3.2680407,-22.21634,3.1601887,33.071922,3.27485,-12.303285,3.4062872,11.80295,3.1158903,-5.3205214,3.0832708,1.6349652,2.9749975,2.8093739,3.2407682,-4.751279,2.9440527,3.7688057,3.0257697,1072.0438223737183,54.62723213201425,1370.9990852072942,33.97733859438075,0.00014085651,0.00013802595,2272.427403567285,0.00986211,0.0008793217,0.04591769685324826,0.006088114971776033
-443.26636,11.367949,184.72133,6.374132,-9.569787,5.034763,44.77923,5.3766365,-3.4650896,5.0033693,25.298212,4.617857,1.392159,6.0263686,8.9503765,4.4286356,4.3139167,4.0456314,8.518691,4.527118,5.567317,3.885145,-2.1393247,4.032208,2.828223,5.210876,754.5304571668261,100.42765239183511,1195.3638383459422,114.956920225504,5.543406e-05,7.606866e-05,1435.1555136129641,0.009577471,0.0024755185,0.0282172183149652,0.010470505877514507
-391.51715,4.1129994,204.99379,4.302829,-47.613285,3.9440393,57.102596,3.633598,-24.731985,3.1202781,24.962725,3.1461034,-12.319599,3.051022,8.543468,3.098265,-4.2338924,3.27967,0.50249726,3.0435526,2.9233365,2.9548666,-4.9238834,2.9781206,2.7388074,2.8722243,980.8243091545683,44.77625401659363,1227.6651262405023,41.919766196347716,0.00013044407,0.00035145294,1940.2365275159514,0.009692518,0.00078580255,0.04559142075116009,0.0047447189645638405
-386.39346,4.6614404,157.27393,3.6513352,-27.591366,3.0793974,56.28268,3.385418,-35.965057,3.2839236,38.00369,3.220061,-24.169533,3.7379065,20.380013,3.6858363,-9.447195,3.2978601,14.825091,3.314803,2.8066335,3.5454257,-4.233639,3.6727855,0.34746107,4.0657215,1467.4250395349354,68.79933390583622,1852.7635609131623,49.27882053419097,0.0002195503,0.00010850451,3454.655212260731,0.009344635,0.0008093282,0.056340405669953596,0.006874109493548186
-382.47302,4.442314,170.00075,4.620307,-42.43312,3.7833192,49.457317,4.660785,-42.68923,3.978127,40.597683,3.4725423,-28.380146,3.708903,24.450808,3.2920115,-15.316633,3.219694,1.4112539,3.2699134,-0.40989107,3.0946405,5.25554,3.517062,14.251144,3.8013184,1485.8543588656407,71.338902147625,1746.715173194073,56.75110573160805,0.00035040913,0.0010179982,3072.328444478683,0.008250118,0.0008377143,0.07681423107598608,0.006811580624377424
-418.46835,6.7891326,188.0169,6.013259,-20.990126,3.6778293,56.539715,4.2483335,-19.258162,4.1531644,33.305588,4.2276835,-7.197489,4.480192,12.151049,3.9677017,-7.24348,3.275101,11.408691,3.155498,5.274894,2.6467547,-4.1193657,3.058425,2.4806025,3.7132516,893.9507635953582,112.4000945374458,1347.4448490142493,139.9068239414251,9.619475e-05,0.00024161124,1725.5789701457365,0.009752476,0.001006933,0.03812332330336427,0.020282809219399612
-377.3017,7.630393,138.56541,6.0798907,-18.925077,5.594457,55.645016,4.673572,-28.428917,4.544906,25.603157,4.687941,-14.161699,3.9318888,19.707106,3.9632978,-18.721012,4.0323653,7.15964,5.095793,7.6143837,5.4798446,-9.419016,5.7972426,7.87719,5.432876,1628.5244011178665,157.52965807482792,1916.8017270270402,83.56502979178184,0.00036361165,0.0008766255,3684.351039098753,0.009327333,0.003509615,0.06866979045823667,0.014008922740577393
-419.2012,9.950774,188.57175,5.169134,-23.85572,5.128244,60.68186,4.1300325,-19.14241,4.059144,33.75084,3.8894758,-13.005545,3.9815466,17.254082,4.1788044,-3.1120112,3.2920787,5.504066,3.3663988,1.9561938,3.031477,-7.6966166,3.3911164,2.9162974,3.6708214,900.0940463010355,88.34621559068556,1356.4316617191482,96.19342545313773,9.0311485e-05,0.00011195714,1790.053676950406,0.009707438,0.0008693954,0.03312835339327146,0.008397609296154235
-400.57632,5.690348,185.33603,3.7972567,-34.516125,3.6058738,50.461708,3.4761677,-21.293667,3.7339969,35.70499,3.770611,-4.047125,4.2163234,14.31098,3.7517238,-7.0347943,3.3952377,-0.03320119,3.170328,0.29041877,3.245928,0.40550214,3.4286351,5.577505,3.5416012,1016.4079330643812,67.13561366876756,1371.5486000012452,46.00378650205035,0.00012310046,0.00015297969,2014.928264573666,0.009469063,0.0011475789,0.0402452508700696,0.007887869116457629
-392.537,4.29731,197.56593,3.4315782,-45.355957,2.9810266,59.264748,3.373751,-20.980568,3.0162067,29.190807,3.3574696,-10.676795,3.4052863,8.412723,3.376792,-5.7499523,3.290999,0.35752,3.1130116,4.1488047,3.011454,-3.4303808,2.9958084,4.146695,3.1612086,996.246778153525,48.8058145381524,1278.442051473918,33.76282809291032,0.00011017957,8.413495e-05,2026.8439697832077,0.009820161,0.000761278,0.04408126087587007,0.005693637528334735
-381.87518,3.6975448,190.24922,3.660508,-45.91113,3.4707954,60.772514,3.3054109,-22.568989,3.4125946,30.88897,3.0429494,-11.130592,3.2453475,10.830808,3.2430449,-6.5791807,2.918296,0.6655384,2.9303036,2.6041625,2.949543,-4.7116,2.872897,3.9642682,3.138596,1077.6712077242532,53.385695437986385,1362.258877001428,35.23245363683069,0.00015196178,0.0002176779,2264.6085026645883,0.009812057,0.00083570025,0.04695996773491879,0.0064556252098722355
-385.2281,3.692521,191.92494,3.6409023,-47.588184,3.2768934,62.59236,3.3484464,-23.873802,3.2314537,32.084896,3.124648,-13.739856,3.087683,8.7893505,3.0015073,-7.9989824,2.979382,0.5974859,3.0217054,3.5008554,2.9577572,-3.4416087,3.049597,5.090334,2.9602158,1082.4506349363203,56.12106552584277,1358.9111876131367,35.52877696153213,0.000145399,0.00017707079,2260.936367096868,0.009766063,0.00079344667,0.04756833671693735,0.005767214952272396
-383.505,5.892624,194.13348,4.922847,-47.864025,5.061538,57.33047,3.6984544,-20.730507,3.8806064,28.708233,3.6762137,-10.437616,3.402126,8.109792,3.3338373,-4.94426,3.180217,0.35080346,3.3121517,3.416773,3.2667313,-5.361548,2.8262506,3.186528,3.0394857,1054.967731278499,67.86842924183156,1306.9981108405225,54.366817841986965,0.00016109775,0.00049407466,2152.720780162413,0.009709098,0.0008157705,0.048465595997679814,0.006486163792992428
-328.83057,5.799768,146.12456,5.9336405,-70.47945,4.150777,73.28025,3.874937,-50.990448,4.0312037,39.68316,4.0862947,-36.695198,4.152375,27.145788,3.6578457,-21.784483,3.4709072,8.203874,3.5353813,-5.6686797,3.460654,-8.938795,3.104971,9.069883,3.150439,2186.063240856814,113.16875504536705,1984.427585365535,40.18617031982126,0.0010531031,0.0011285357,4496.717356529148,0.008160002,0.0008836755,0.13656354227088166,0.014800354745222165
-387.6499,5.713198,158.29132,3.813317,-21.221184,4.027772,50.56586,4.2914205,-35.772274,3.5514114,35.02708,3.2451727,-26.461979,3.2905767,17.9726,3.3351827,-9.362722,3.36185,9.130021,3.5348861,3.590886,2.9714446,0.09276558,3.4755652,3.409139,3.6007173,1418.7079113311977,80.9929898325441,1822.0425013189815,56.34350017178565,0.00020727221,0.0002049497,3249.2154645809164,0.009617936,0.0012109668,0.05876595127610209,0.0067390510232140455
-361.79874,14.1369915,111.96975,10.148809,-81.08068,6.0334387,89.08949,5.8804674,-48.03086,7.1232367,47.55176,5.610053,-35.37006,5.6964855,27.297989,4.2211227,-17.333956,3.9536197,8.098987,4.38711,4.9403796,3.7290092,-11.012416,3.9755764,8.97046,3.8959205,2810.856078862591,259.19946742474474,1995.5018363514926,83.76779617967671,0.0014520736,0.0014658276,5242.335740374855,0.006067229,0.00093827065,0.228999374637471,0.04241960624132895
-367.67844,11.612879,184.05591,8.0671835,-49.806503,5.6129065,62.15064,4.4981074,-31.694271,4.793571,31.586725,4.542663,-17.410284,4.721014,15.6244755,4.1847253,-7.403048,3.583059,2.7093952,3.196135,-0.25794154,3.3193238,-9.841777,3.7411869,3.0910616,3.7338457,1246.1163710640774,134.13041583519075,1482.4942923861934,114.35329934499715,0.00026801648,0.0008614234,2670.741700351653,0.009687428,0.0010022885,0.05873196418213457,0.009972329611474172
-364.97137,15.453044,156.54782,13.840452,-55.59524,7.0847325,73.20697,5.547493,-22.892763,5.00773,26.986034,4.3056335,-16.557318,3.6360104,18.326067,4.7303357,-4.6670175,4.4203897,2.4160964,4.8955035,-3.6253169,4.2055526,-4.701994,3.9275005,10.423914,4.6787605,1559.1568009165735,215.73151641109757,1641.3914243253093,81.4040914801986,0.00038126353,0.00082568853,3288.959462460122,0.009175445,0.002499065,0.07661257431844548,0.019995849337886926
-392.72318,3.6398103,196.52475,3.588253,-44.42665,3.2093668,58.18656,3.5835335,-19.284292,3.0060172,28.356972,3.284162,-9.691823,3.3589132,8.521458,3.1671064,-3.7941566,2.9434485,0.3222589,3.0308743,3.3594458,2.8559737,-3.997391,2.8621287,3.5540276,2.658862,991.7719858820653,49.96957159450878,1276.7271375323753,36.49267852247927,0.00012060419,0.0002647551,2021.523120287123,0.0098427795,0.00081569835,0.04322025449535963,0.005121226174605151
-362.80038,5.390781,165.80246,4.164451,-54.026646,3.5447774,63.280216,3.4703782,-33.632313,3.4377246,50.84608,3.3094966,-16.81295,3.3768702,25.927395,3.5842288,-14.743177,3.0609336,5.1312785,3.0514433,0.80061245,3.158772,0.0093448935,3.2627242,9.549351,3.2296762,1522.419891475924,93.83933182737393,1759.9692922685665,66.22206125455568,0.00035225155,0.00023608573,3367.3483155996228,0.009115564,0.00078619,0.07211155017401392,0.009875551759243222
-384.66235,13.69441,162.55154,7.853485,-33.108173,6.8952346,66.020905,4.7461815,-22.46357,4.8689365,40.35963,4.741474,-17.66989,4.4850373,23.387457,3.7621226,-6.596286,3.6475453,7.127328,3.2425203,0.1733313,3.157957,-7.419211,3.0543694,1.9593921,3.6337647,1309.7854282783649,182.94291666957088,1717.2524424443052,129.56774166901718,0.00025594665,0.00072262116,2998.0114151319603,0.00965809,0.0008540047,0.04783230314675174,0.011148187737571154
-451.37253,11.106697,199.12762,6.164193,-8.682953,5.060377,43.899452,5.2578983,-9.477381,4.8246765,23.353704,4.2514763,1.8378937,4.656541,12.845855,4.6211624,1.5772642,3.7086985,2.5499332,3.9183574,4.047477,3.7901464,-1.9860502,4.2312593,2.1027837,5.0779696,682.171585886063,74.9467879012855,1086.5366528129116,94.00940288968744,4.5896082e-05,0.00010733342,1173.7094533968968,0.009662593,0.0015855209,0.026943835194315546,0.008088988182602702
-373.6244,7.3326955,160.40129,4.948501,-40.08723,3.848851,71.43295,3.9477437,-26.813828,3.732807,45.9275,3.584464,-20.983858,3.6350627,24.687819,3.6163158,-9.894544,3.29676,7.452313,3.1817038,-0.11015603,2.8526278,-7.0369225,2.9123576,3.0051496,3.4600701,1447.4515133098093,115.12893144349312,1808.9109948924008,71.18325862157862,0.000275784,0.00017291517,3374.917411361659,0.009580639,0.0007886169,0.05655225855568446,0.00891665428373454
-408.7325,4.7834406,182.27113,4.710697,-28.090183,3.9252245,59.8395,3.3578968,-16.083673,3.4006903,33.939133,3.559123,-9.163997,4.321182,15.571432,3.4210923,-4.1359725,3.2586124,8.423947,3.362181,4.5509434,2.893401,-3.5657055,3.0893497,3.8207119,3.4158003,962.8841393188112,83.21417582087508,1405.0997323165393,89.89678435370722,0.00012896705,0.0005251537,2013.9040634969547,0.009830209,0.0008310026,0.03675364341647332,0.01285980836606806
-394.41376,4.496302,192.84232,4.0482674,-38.370586,3.466452,55.504143,3.3466268,-15.497703,3.3583193,25.051346,3.112413,-7.577775,3.30405,6.717165,3.2634783,-2.5829566,3.2274275,-0.22397484,3.1828508,4.221361,3.296765,-3.2512007,3.12222,3.9650762,2.9899032,961.8291209251579,62.69604384455735,1267.0491567233307,43.76785931746711,0.000107000866,0.00016146676,1966.9656775667054,0.009878903,0.0013562943,0.04098503661542923,0.006844077764915963
-386.55106,4.46326,177.06914,4.3977113,-37.10103,3.943768,47.47811,4.053421,-38.52687,3.6721358,36.861145,3.7024658,-27.370924,3.2190208,22.863232,3.4413316,-15.196404,3.271343,0.79224086,3.409014,-0.49793848,3.5738564,5.3792257,3.1468935,12.830439,3.2614038,1328.018802779945,69.92914609888402,1639.460411278179,55.55786626685803,0.00023538769,0.00042332776,2567.3223721178942,0.008769602,0.0009087198,0.06647082547853829,0.006885583183687137
-334.08206,11.013607,133.63815,6.286341,-94.66248,6.8658524,73.24424,5.28422,-51.832394,5.3397946,46.540333,5.118541,-34.86442,4.2563047,23.277845,4.1282,-18.736233,3.9210105,4.9608946,3.3430676,-4.6832614,3.1141489,-6.1051073,3.5426075,9.993743,3.5104241,2436.6479021639643,133.10151879181748,1860.9392620370263,55.39849274364787,0.0015412346,0.0036425428,4551.000013594838,0.0071415273,0.0007278182,0.17919921875,0.019909433615834544
-375.6598,3.6989262,188.70332,3.8980763,-50.525024,3.6972015,64.926765,3.6762013,-27.700932,3.2540033,34.716484,3.1343195,-15.368877,3.1356752,12.746563,3.078341,-8.120634,2.9794962,2.7157416,3.168345,2.6269457,3.1392457,-4.6078005,3.2059236,3.905412,3.1436625,1157.3068503418453,54.46960933759639,1429.09942946891,36.76114643425202,0.00019371464,0.00037288637,2472.77112637761,0.009822387,0.00069810025,0.05161846541473318,0.006533303947174772
-375.3879,3.4859095,189.23373,3.9699647,-49.11002,3.3939767,64.853386,3.54352,-28.459806,3.4215026,33.938545,3.2256372,-15.996817,3.3222528,11.671133,3.0522041,-8.880279,2.9155111,1.9718016,3.1546993,2.7602143,2.9639585,-3.4075973,2.8030517,5.702794,3.2069058,1147.4007773976218,57.66776815004413,1423.8605425034732,37.774205632164986,0.00018958218,0.00039866843,2441.1457955698957,0.010016626,0.0007928062,0.051753280887471,0.006187864846858269
-369.8541,5.56631,149.87294,4.543354,-37.378635,3.5925975,57.300488,4.2948394,-44.067474,3.716217,34.922436,3.4077144,-25.747362,3.726922,28.92528,3.9539044,-4.6336403,3.3833213,0.3750726,3.2832382,-6.464294,3.0771701,-4.9101152,3.1286354,5.43047,3.2439165,1744.4904418573979,104.55277748832428,1925.7465476668785,56.24926867262386,0.00039742305,0.00022317554,4127.855085828742,0.008330455,0.0010364767,0.0843990175464037,0.007884012819964549
-388.37576,4.358612,170.00398,3.8409915,-41.11058,3.4319808,46.47869,4.079454,-40.41789,3.5169744,42.02096,3.489486,-23.303902,3.5562873,26.555206,3.9057133,-11.44761,3.4332192,2.4089434,3.168055,-1.1160694,3.121092,3.617609,3.5832353,13.595244,3.475894,1437.4774190550365,70.9985377935983,1720.0569545586152,50.66832382097229,0.00029568333,0.0004612422,2937.7584152044665,0.007951024,0.00081138255,0.07333735136310905,0.007606267083117358
-375.9848,4.399477,160.84494,4.5213294,-36.368095,4.2162704,55.31377,4.6235504,-42.48431,3.5922158,31.232384,3.5381362,-24.264723,3.7461233,27.086452,3.7897902,-9.168018,3.5759938,7.872501,3.5475404,-0.5885598,3.2916887,-9.426595,3.5491557,4.5336328,3.5417144,1533.2915077100445,86.95247730514458,1794.6906236002606,51.392676508312555,0.000320493,0.0006163125,3353.933779546114,0.008857943,0.0011061099,0.0744068119199536,0.0072504756061440075
-382.24298,4.154732,190.97002,4.9065104,-45.78379,4.233895,63.003788,3.5756845,-24.964104,3.591866,32.248745,3.3781402,-13.685192,3.561785,12.180943,3.383577,-5.839893,3.1002486,1.3962569,2.9162564,2.9666724,2.6406424,-4.724261,3.0552619,4.548147,3.0893977,1079.6375448513852,63.70550549293873,1380.813687828378,54.72966173263494,0.0001862081,0.00075624837,2277.948097175899,0.009924493,0.0008697034,0.04632894069025522,0.006101757794887609
-396.6034,4.8680987,169.62021,4.1482463,-37.69638,3.7162879,45.08367,3.7250612,-42.271236,3.2673748,38.49052,3.08104,-25.74449,3.5691462,25.649172,3.6894107,-8.884982,3.4393854,6.6374474,3.629124,1.7280934,2.9950275,5.13391,3.2459412,14.218338,3.4512115,1411.8609498497995,71.97622228560756,1710.6743676627148,47.63656832172423,0.00021833762,0.00012334582,2858.120536361659,0.008323335,0.0007368406,0.06797532083816706,0.0065187441150175275
-365.1327,6.1066675,149.58421,5.4442954,-40.6417,4.717925,68.813126,3.8889635,-24.090591,4.3040786,43.99168,3.639112,-20.8075,4.083253,23.813402,3.942799,-7.86506,3.680751,10.485172,3.2190683,3.5437627,3.212971,-2.1189928,2.933404,7.1756535,3.486284,1592.5703019985742,136.21378313532378,1892.9494179745873,72.91183763245934,0.00036394302,0.00044500636,3718.274577200551,0.00956582,0.0013411737,0.06141354589617169,0.01318112146845339
-382.86914,4.2822366,166.34799,4.2077727,-27.476843,3.7362347,48.78335,4.1040354,-38.78388,3.547836,39.71751,3.8182368,-23.890324,3.3959618,23.540882,3.6046793,-8.4255705,3.5291896,7.6835003,3.1397963,-4.7935224,3.1808784,-9.344227,3.4893136,-0.0069156303,3.7626786,1390.4828645874456,70.59013311402389,1767.7704558794194,54.149960623936195,0.0002687607,0.00078505644,2996.2128181191997,0.009350622,0.0009491097,0.06466611078886311,0.006584502202592648
-387.0952,6.6749334,164.46834,5.608399,-31.067068,4.117474,64.64542,4.238409,-22.078066,4.000765,41.788055,3.5208712,-16.527641,3.6615076,23.79306,3.8860755,-7.0292377,3.5309377,6.9955,3.0488918,0.40430585,3.164107,-5.7482224,3.5306501,4.1019835,3.6943254,1263.4142497325308,111.6914642990584,1704.7380971476277,83.3431023551018,0.00022085352,0.00045725986,2881.5772390697507,0.009625271,0.0011528954,0.045619743329466354,0.008310258626939262
-412.5266,6.653156,187.35617,5.197745,-22.646751,3.3382995,50.722076,4.6574016,-19.820057,4.3803515,31.255623,3.7948341,-8.465399,3.9380994,9.846872,3.758122,-7.437406,3.3535085,7.6156945,3.1304264,2.1733544,2.9207966,-3.6413715,3.4698699,5.206906,3.7708247,930.5419598236157,108.62409134096251,1346.7745235168538,114.88437707175258,0.00010702616,0.0002977155,1773.9662258918213,0.009559751,0.0013434028,0.040305294736078884,0.01817392442074135
-385.83615,4.250055,168.182,3.9041193,-34.594826,3.6066267,42.864517,3.5458791,-39.57122,3.2632036,38.497074,3.4561758,-24.80655,3.427279,23.46788,3.6881757,-12.129905,3.3740468,4.76137,3.2384539,0.9311549,3.2250175,7.815016,3.647633,16.67335,3.99553,1401.7851111495795,65.85426779171775,1710.6166933035697,48.85818497175778,0.00021159255,0.00046794149,2788.4249021171695,0.009615845,0.0010334164,0.06832991951856149,0.005893659794749398
-391.43814,4.77218,200.45253,4.241362,-48.93091,4.3196955,57.85859,4.039986,-20.667353,3.2693346,27.605598,3.189193,-9.725139,3.421295,9.314277,2.9615543,-2.8426397,3.1897316,1.4920368,2.9309666,1.913014,3.031261,-6.9515486,3.0388196,1.5999787,3.096139,995.1353530845665,53.89627590733751,1250.4836241848184,42.89996058484654,0.00012721258,0.00036124332,2006.3099872208527,0.009755816,0.00080546725,0.04484030597447796,0.00600475318009107
-386.88663,4.9890056,174.41374,4.127316,-34.81775,3.173403,55.058357,3.410889,-24.145348,3.1757483,42.520138,3.4118423,-8.018943,3.8596544,18.847174,3.3851101,-11.377011,3.1068885,0.8789118,3.0980732,0.29524586,2.9463725,0.121411495,3.0222576,8.3408165,3.275285,1169.269036206611,79.2955528894509,1550.8900336782754,61.790465329615884,0.00018660101,0.00026305442,2471.8218668430973,0.0094602965,0.000884135,0.04834324245939675,0.007369469826683204
-402.44562,79.67474,171.8319,10.6785965,-47.663055,25.7293,54.97079,7.2373137,-23.625408,14.718897,27.732607,8.396973,-16.087078,13.605318,11.649829,8.892442,-5.0050564,5.7742357,0.320253,4.5739484,3.9424205,2.9029906,-2.4571881,3.3723552,4.620696,4.838038,1326.0337466747558,412.5836214149459,1475.3644121733803,180.20515653339146,0.0003052782,0.00039024945,2678.9602894794084,0.0075883903,0.0041028596,0.06955232199825986,0.03755744874414666
-369.19217,5.6055202,151.27504,4.8095093,-42.22899,4.493637,67.08426,4.068387,-43.159595,3.3717818,32.42275,3.455062,-25.063496,3.655239,28.446194,3.4771438,-13.599095,3.6314929,9.194408,3.5805268,9.359202,3.7259152,-10.716817,3.7333207,-2.8294318,3.7527246,1718.0355607684126,105.29785792885164,1892.4227761663105,49.745547398019845,0.00039786968,0.00072148745,3844.051465523492,0.008983272,0.0010585504,0.07646642981438515,0.009096832064201574
-389.19278,7.0520453,199.12888,3.6668236,-48.583866,3.7798126,60.170666,3.6892626,-24.178877,3.7751627,28.630306,3.196257,-13.172063,3.222499,8.627374,2.7817993,-4.447765,2.9112816,1.4079825,2.9699206,3.364937,2.8966546,-3.8126552,3.131355,5.0088935,3.0477698,1022.856468902024,55.33298580915355,1286.9722030750238,35.81352186770224,0.0001264766,0.0001337104,2076.0056214653423,0.009661137,0.0008284531,0.04758759607018562,0.006339111871316598
-362.43604,16.215666,177.15363,7.1319327,-60.027153,5.7568026,72.90768,5.2427197,-28.433838,5.5836883,27.930252,4.576369,-10.356672,5.5234675,12.309643,3.9839704,-9.6378765,3.8337955,3.9286249,3.1922238,4.142734,3.2839618,-3.8954086,3.7668657,9.596854,3.7324917,1361.6529227445546,119.84565129457528,1501.8938748857224,77.09077987173131,0.0002915903,0.0009223349,2997.4118827943735,0.009485507,0.0011579676,0.07057080191415313,0.012326004196992939
-387.3674,6.6103253,193.50229,4.990424,-42.37355,4.1982627,57.538734,3.5822735,-21.849293,3.2851572,26.68188,3.5491123,-11.37555,3.608122,9.038368,3.4309115,-3.5154126,3.072907,1.6954012,3.1561067,4.1685963,3.1211164,-2.937844,3.2074025,4.9232326,3.133263,1021.5824508998365,70.30230962721907,1310.1049321319404,58.803089146754644,0.00013542933,0.00024568988,2088.745683639066,0.009819699,0.0010789161,0.04526741045533643,0.0065579500835711655
-428.3719,7.278649,184.78485,5.6840353,-16.62082,4.1931467,59.622524,4.0882387,-12.439698,4.150954,32.756695,4.0462375,-9.071542,3.859873,9.284423,3.8238652,-4.676401,3.3861182,10.758163,3.3022408,4.1077647,2.9188738,-3.669619,3.427152,2.7719977,3.9861276,847.8164151852276,100.11319348831093,1329.1185982978493,119.77614052356633,8.4667576e-05,0.0002304205,1668.9731252718968,0.009678024,0.0011293711,0.03257776247099768,0.013212179685344615
-383.30743,5.1877303,171.85976,4.3100667,-39.161823,3.4216776,44.21055,3.827183,-41.575634,3.3636465,38.700657,3.459885,-27.714973,3.5598562,23.51805,3.3134694,-13.462936,3.2025254,3.8590314,3.3985744,1.2521799,3.4524949,6.732951,3.3464475,12.540596,3.360442,1428.883382907321,71.96744242593921,1704.835829766839,55.51560682360753,0.00026378495,0.00031994624,2819.1509344185033,0.008603615,0.00094775256,0.07498912412993039,0.00775147953746093
-392.15073,4.5434976,172.91328,3.9849744,-39.245422,2.9182143,45.591293,3.4539948,-40.437794,3.372683,40.603573,3.329429,-25.246403,3.6107411,26.990297,3.6074126,-11.178568,3.384804,3.6135333,3.3327856,-1.4099067,3.1900804,6.621162,3.2575502,15.132248,3.5912616,1385.038230649737,67.67161848213864,1692.9972305378376,49.50041740742147,0.00024546578,0.00047025588,2724.4498055938225,0.008444844,0.0008747996,0.06965428328016242,0.007047266892562266
-344.55396,4.8239675,169.24217,5.0625806,-82.94778,4.179975,68.77646,4.3620796,-31.272934,3.6699393,29.808321,3.8565876,-22.664846,3.452878,12.801847,3.5501952,-11.61931,3.8582711,1.6998223,2.8760736,-3.246755,3.02783,-8.477117,3.5165575,8.562754,3.5527444,1675.6461580922394,68.13013060418076,1523.4462230904708,43.0881263427576,0.00058127625,0.0021087474,3252.6627755220416,0.008387181,0.00062692346,0.10722248404872389,0.009323057945465207
-394.33963,4.3535767,202.46083,3.799041,-47.469406,3.6081874,57.842155,3.5951352,-19.766905,3.5360024,26.931301,3.120199,-10.0565405,3.0575056,9.082478,2.9958692,-3.383903,3.10764,0.56447655,3.0321152,2.2231293,2.9584768,-7.2050576,3.1462724,0.46539313,2.9948862,968.2984707514464,42.557513061460725,1227.9270326581407,33.92187123319213,0.000108439745,0.00020492623,1943.0593256054235,0.009871647,0.0007091789,0.04397136927204176,0.005578963961845593
-358.34222,22.779781,169.2968,10.106469,-62.718777,5.754615,59.35689,5.358384,-27.443274,6.6346855,21.212471,4.481821,-14.210686,5.5697813,9.884593,4.392986,-2.6851535,4.051177,2.8633156,5.399142,1.2707462,3.577727,-1.4753176,5.372157,4.6476803,4.204658,1504.402927812272,141.32371002495287,1501.7553008479103,92.03921423141878,0.00038443724,0.0007335306,3070.0552176986657,0.008472365,0.003032449,0.09102196925754061,0.017678923794764365
-426.2439,6.4637985,185.65588,5.440229,-17.922049,3.5161996,59.337677,3.865352,-13.215114,4.151136,32.592728,3.4189644,-8.933124,4.125758,9.445506,3.8308775,-4.4970727,3.0993671,10.799355,3.0738785,3.5407317,2.801285,-4.358267,3.6134222,2.57691,3.5326324,855.5658887431849,97.90838975143252,1324.5813189722553,115.96338941879162,8.496897e-05,0.00019973327,1686.2846215197217,0.009664684,0.0010075056,0.03243161796693735,0.01227107593018678
-389.07556,4.5860696,172.0464,4.128189,-38.535324,3.9168417,42.523624,4.1128173,-37.85657,3.617789,37.918285,3.785807,-25.545275,3.6384954,24.585695,3.7565308,-11.964871,3.3867517,3.6607003,3.4606776,2.157795,3.190767,8.8787365,3.1791914,13.499162,3.9092207,1381.3026878452113,63.308270660310875,1662.6196407534171,53.54738164320215,0.00025491163,0.0006509401,2618.482464925319,0.00861915,0.0008603911,0.07367382359338748,0.007037385436978516
-378.2227,5.3764334,163.4339,3.9966855,-30.249651,5.632671,39.62595,4.3777037,-37.377907,4.081848,33.749126,4.3594856,-29.762009,3.6709068,19.027323,3.5142844,-7.1601233,3.8820882,14.6885605,3.6543071,3.4947882,3.0386734,-2.7950103,3.4079535,3.6470776,3.6780028,1455.66742118492,73.34142466393932,1766.6672486406349,56.29194818766222,0.0002803277,0.00061129854,2986.920066886601,0.009072318,0.0013316165,0.07291704430104408,0.0069385802662542545
-383.80197,4.1772,163.73294,3.7490048,-26.372217,3.484629,41.574963,4.119384,-36.103775,3.5954893,33.590183,3.2975817,-24.41509,3.5280855,21.370459,3.6218574,-5.5081553,3.3628783,9.017379,3.1683495,-3.4818764,2.9541397,-6.055843,2.9452426,6.2141085,3.3943746,1390.9882454333094,69.23072673401367,1734.0893723777867,54.5003179508635,0.00024509613,0.00050059333,2863.191580717082,0.009149577,0.0012996129,0.06805122534802784,0.006298460728179056
-436.3242,19.52359,192.62535,15.42622,-8.925842,4.2949805,47.027607,7.9765263,-13.198742,7.44602,28.669453,7.608043,-4.934752,6.778363,11.819391,6.1016364,-1.8189913,3.704358,4.879412,4.3108754,4.510712,3.1697261,-1.8538623,3.4149647,2.242998,4.0891886,792.584841122629,259.8715011480562,1230.2464712544793,289.12879481076845,7.991828e-05,0.0002335137,1529.856642437645,0.009776893,0.001213833,0.02834070475638051,0.009972878257599549
-395.30438,11.285876,179.81003,6.7747436,-36.319683,4.9872723,53.259434,3.8740528,-22.745356,4.286422,37.10349,3.9745224,-11.617015,4.223746,18.538754,4.026625,-8.147896,3.4363015,2.4674706,3.3706229,-0.6691073,3.4420698,-4.0560164,3.5724647,5.795281,3.7953448,1114.4258635627143,85.44129652399563,1476.055579738309,80.53652432008168,0.000168122,0.00042062535,2279.9465383011893,0.009415217,0.001501766,0.04383088928364269,0.008575151930965204
-360.9045,7.337873,154.39763,5.2671056,-44.936737,4.554463,70.06745,3.852888,-27.717268,3.8674178,46.977665,3.6539342,-22.99345,3.7788484,25.590311,3.6987119,-9.194916,3.2090049,9.760254,3.016607,1.646542,2.912732,-5.124646,3.1351094,4.7099743,3.0984735,1601.7781250522269,128.09859236412797,1881.4086054973045,74.68648081220329,0.00038996767,0.00058317586,3710.705481438515,0.009481703,0.00086533016,0.06775100601798144,0.011321835895626364
-414.249,5.1812425,193.29195,5.1305356,-27.607157,4.3520923,53.02653,3.9025378,-9.316062,3.5232348,22.274002,2.8365588,-4.199013,3.648795,5.283805,3.2354386,0.047698654,2.9819102,0.7199729,3.038203,6.0372715,2.9466488,-1.9537648,3.0885167,3.4205563,3.0980992,839.259543571586,79.2923989997668,1197.5197081460346,65.99094483782778,8.435521e-05,0.00026452006,1687.0839979698376,0.0099952,0.0017529558,0.032326257975638054,0.006539825984876254
-420.7481,21.62216,189.66284,6.6324487,-25.089518,11.174928,49.190834,5.52043,-12.557284,6.0688133,29.809937,5.285813,-6.7186065,5.824682,9.805134,3.9699967,-0.5614751,4.518817,9.599933,4.530713,5.8089623,3.5632324,-1.6730816,4.711525,3.6263986,5.9939775,882.945927830645,157.12594739178377,1261.8111677660747,120.62754761878433,0.000122047306,0.0006794893,1687.6085887652262,0.009530709,0.0015919597,0.039971088312064966,0.015424314010200153
-384.083,3.924285,190.8701,3.9246135,-47.928665,3.4482074,62.33826,3.4413743,-23.563475,3.229326,33.488625,3.1108413,-11.764144,3.060313,11.708996,2.9898517,-5.669487,3.1155186,1.1747795,3.018768,2.5006878,2.7303736,-4.5975785,2.677316,3.5279086,3.024814,1080.6961765466156,55.8160747290609,1371.1056666950099,39.932056473339344,0.00015621012,0.00027663494,2276.4742468459976,0.009775025,0.0008979682,0.04679909549013921,0.006562816222682867
-366.626,4.2304964,153.75307,4.402288,-28.357758,3.7580338,51.283997,3.8804405,-35.57851,3.266625,29.359777,3.6198044,-26.193645,3.356565,23.80833,3.1718743,-7.205911,3.2771595,4.1512403,3.3982146,5.8542657,3.3207052,-8.24008,3.3900535,-5.4354515,3.2946799,1552.1346394342365,81.109301016135,1829.437649066737,56.992905806547974,0.00036628472,0.0012797482,3460.52563306627,0.009475323,0.0013196683,0.07337133845707657,0.006577939780670091
-456.43677,8.551679,196.04633,5.487328,-5.9646297,3.6302924,44.78145,4.717492,-9.767612,4.2760625,23.67715,3.7129798,-1.1680052,5.0225267,9.113594,3.9395413,0.74649346,3.1250396,4.2012963,3.6923885,6.153387,2.9649267,0.16135228,3.0423415,3.432394,4.0371747,678.4198122421994,74.25989916020968,1114.0988097636662,96.22849159698376,4.514781e-05,0.00011235491,1184.7508406141242,0.009803577,0.0015621705,0.02246433620939675,0.007012296282690746
-383.42923,3.9456308,190.85968,3.6052313,-47.82061,3.3025503,62.747074,3.533232,-22.56027,3.1538491,33.398155,3.004452,-12.511689,3.2431242,10.675312,3.0808177,-6.470214,3.210962,1.4657086,2.9738297,3.5452914,2.9263074,-3.6697757,2.9387436,4.4441004,3.0412478,1078.931765227658,55.04901308812586,1369.7687699772,35.14487074145124,0.00015053686,0.00021038362,2272.8270917923433,0.009875562,0.0008854972,0.046400313587587005,0.0059836981351668065
-432.4217,7.239856,188.85428,5.2122436,-20.776741,3.4546185,61.472748,4.030234,-15.006854,4.107118,34.103367,4.1864285,-11.423062,4.41981,16.547693,3.880671,-2.9477975,3.2609553,4.00458,3.252699,-0.36534858,3.0999866,-9.4813175,3.3187408,1.5747659,3.7354295,841.816615949025,76.41054492557488,1310.4442228208236,95.52799617053682,7.1702256e-05,0.000104439474,1645.1167343387472,0.009797288,0.0008269928,0.030135223317865428,0.006855955169286156
-333.03632,11.785545,151.27843,9.28448,-80.47572,5.2975574,72.66839,4.7701616,-53.871002,5.0103793,34.894054,4.3991594,-33.50177,4.4799643,23.290014,4.066526,-16.96662,3.923845,1.8412805,3.8263233,-2.76722,3.9949453,-9.692016,4.2151265,7.5405965,4.4064865,2094.2732314120717,165.27614378122544,1808.7118065870957,69.56643178779689,0.0010668783,0.0027199166,4147.264945258121,0.007940461,0.0009715907,0.13944564783932714,0.021866962231088617
-395.9962,4.36614,169.57483,3.9343443,-31.403147,4.2420306,45.69804,4.0095315,-37.11576,3.9406207,40.351,3.6289806,-25.132921,3.3065472,26.436422,3.4748194,-8.220726,3.188565,2.662277,3.2002892,-6.5367427,3.0558493,-0.85919005,3.2470229,13.809412,3.2511523,1361.6932745095514,72.76281777314841,1721.8457232301919,54.70753169315342,0.00023160166,0.00048524854,2721.0774361948957,0.008636757,0.0010143829,0.0654274216937355,0.008067695692419923
-365.7305,3.93713,144.98662,3.5614555,-38.74875,3.3357906,63.892303,3.6121702,-49.786045,3.4595377,40.568085,3.2035587,-29.899435,3.6624238,24.981728,3.6172516,-1.1068431,3.5152316,2.8640945,3.303942,-7.3413334,3.3708613,-6.0258765,3.2200391,6.61489,3.5363698,1909.5849828396597,93.46397511584684,2011.5722956735765,41.10301131422259,0.0004856747,0.0003823782,4530.615914116879,0.008343206,0.0010384587,0.09319487746519721,0.00936334165174664
-398.75586,3.986016,191.89774,3.6009254,-33.837612,3.6621969,53.432613,3.2983048,-10.963036,3.1853483,22.047066,3.030403,-5.0334625,3.1477883,5.854899,3.30459,-0.72375524,3.118789,0.63496214,3.2528899,4.878379,2.978323,-3.5694673,3.2296746,3.3894083,3.0164807,918.0952519290314,57.37734760685124,1236.0009980847815,42.739963966120804,9.6639145e-05,0.00020521846,1877.1357489849188,0.01007022,0.0010633235,0.037377873042343385,0.005697526753294492
-378.25443,3.6539304,185.42506,3.164503,-47.49072,2.917453,64.34803,3.2135892,-24.690838,3.1227763,34.374985,2.911501,-12.82522,3.2374709,12.589748,2.9955733,-6.2021484,3.0930696,2.6723921,3.0269542,3.01371,2.9540417,-5.3173833,2.7656746,3.6544461,3.0331295,1142.473612297543,56.18580201238308,1434.3494763053511,32.979675225261715,0.00016620298,0.00017054123,2468.949107725493,0.009831327,0.00081197236,0.0486242024361949,0.006230932210273888
-404.09412,6.3439374,187.0027,5.0450826,-29.435032,3.5824988,54.279007,3.9658124,-20.806849,4.1859045,35.25453,3.6922188,-11.766384,3.9336338,6.7514024,3.197055,-12.243821,3.1134129,8.596683,3.3360133,3.6208797,2.8188007,-3.612218,3.4108949,4.5563817,3.4690144,994.3103715862048,101.78026491096392,1388.4609157500324,106.01801839243849,0.0001297391,0.00029603575,1928.3707833345418,0.009497366,0.00095719437,0.0420862184599768,0.017240695927978944
-378.33755,3.8214316,188.27417,3.703002,-49.199753,3.3434694,65.94063,3.568479,-27.654718,3.4568167,34.28334,3.1192777,-14.850944,2.9742205,13.000916,3.2399342,-7.6113763,3.0899854,1.9108115,3.221335,1.7219858,2.8760748,-4.3846483,2.7994304,5.476518,2.8555593,1147.910768252816,54.9399866409631,1430.1833702669392,33.60242350699624,0.00018240947,0.00029227327,2468.974088239559,0.009788309,0.00073270145,0.05015702037412993,0.005871474625970133
-382.49463,4.0398293,191.94327,4.951481,-46.67329,4.0978503,63.393017,3.415907,-24.126772,3.791288,32.087627,3.5881364,-14.297292,3.1837,10.081976,3.110258,-6.909583,3.1673791,0.426456,3.028311,1.7019323,2.9408538,-4.9784656,3.1063366,3.9987147,2.955114,1079.5392866317109,59.35632008870472,1367.0762655542412,55.70697340958371,0.00018314998,0.00076783414,2258.7131013449825,0.0099048745,0.00078183867,0.0476567031612529,0.005457547041851998
-386.68704,4.6979785,166.364,3.7052116,-36.743576,3.5570643,46.07484,3.439338,-39.37954,2.9508836,40.613453,3.210047,-23.2422,3.7012389,25.223473,3.525017,-12.63228,3.2403564,1.2395402,2.9717293,-2.8913438,3.0705748,4.4573226,3.2792883,14.590183,3.4728093,1458.7900600924143,70.17334981893579,1757.7169092233758,51.962263395002054,0.0002760353,0.00020052626,3052.2690916835845,0.008195958,0.0009598407,0.0736341719837587,0.0075381304042546225
-366.32184,6.4116707,147.72678,4.9856544,-40.814384,4.520121,62.771145,5.2978716,-38.71896,3.7928462,31.258127,3.864692,-28.740896,3.9684868,26.24172,3.5078926,-4.2820044,4.3144503,8.311124,4.5245843,1.6352509,4.540705,-9.956262,4.0021815,-4.9853845,3.4408734,1736.0484603103466,107.6310114194454,1890.4939751512563,54.041004124139455,0.0004365222,0.0010838466,3955.564480314675,0.008960009,0.0012873658,0.08245608867459396,0.00889854672532528
-387.63348,3.9589593,193.93748,3.2465034,-44.848896,3.0625896,58.076435,3.0511973,-19.686499,3.3988018,28.30358,3.087277,-9.627195,3.178926,8.596136,2.9911847,-3.6102977,2.8499079,0.32720965,3.0825863,3.1652648,3.357814,-5.035705,3.1195443,2.9484496,2.9728224,1021.9825241643767,52.14132343382654,1299.4525274668144,32.324063289032026,0.00012271198,0.000112075424,2098.438123096723,0.009768488,0.0008853421,0.04589503879060325,0.005666387361160027
-358.21762,4.015156,142.19695,4.031457,-42.882404,3.8071845,70.94857,3.606062,-43.53339,3.5417511,58.66331,3.17645,-25.418531,3.5189323,31.721846,3.7966666,-13.812829,3.3302376,11.041908,3.5637171,-2.3335047,3.0265262,-0.24713227,3.0604568,7.6412935,3.3688977,2054.0274897044433,103.30750861796116,2208.352929819518,37.08785037858353,0.0006832565,0.001082963,4888.36185605786,0.008414415,0.0007821725,0.09720195584396751,0.013551212564589417
-401.8681,4.076854,182.8974,4.5274143,-29.50347,3.5655773,51.760128,3.5057716,-18.246325,3.4475784,36.570995,3.4952006,-1.6089374,3.4988666,15.600944,3.606729,-5.625631,3.5243948,-0.19940084,3.3685403,-0.4971102,2.7517152,-0.40856636,2.879018,5.303888,3.6543484,986.6469356613201,68.55094532271173,1380.5287084075912,58.369884394252544,0.00013278703,0.0004100894,1975.3341497788574,0.009572746,0.0012326918,0.03888010259570766,0.006792134200785207
-376.54495,5.269696,164.2959,4.8961353,-28.18293,4.1571326,43.05609,4.0517836,-37.69031,3.7136352,34.212105,3.721973,-25.598677,3.3724177,22.550623,3.804299,-5.667184,3.699809,9.813933,3.3857112,-1.2190393,3.5643194,-4.580591,3.5167196,4.9745245,3.5111866,1418.2964551441435,86.6443015996606,1756.6565618249865,64.72604872409849,0.00033766017,0.0016005742,2983.547697487674,0.00923562,0.0013552924,0.0694412974912993,0.006639757469184148
-345.21,29.497704,150.58937,6.994096,-68.83824,8.203161,47.55349,4.460892,-38.18443,4.9092116,29.697388,5.146521,-16.916513,6.3097744,10.297952,3.8204165,-13.08337,4.2080283,2.569984,4.5640264,-9.929279,3.4429915,-5.9220166,4.1343555,8.827376,3.463185,1813.2552094929222,82.73302522955042,1666.9778010385032,60.80011180065916,0.0006865027,0.0011368366,3632.7163165240718,0.0078124474,0.0032964651,0.11368796222447795,0.011920371011066182
-365.8054,7.642125,155.31783,4.0492635,-34.377483,5.9743557,51.643307,3.6714694,-38.486423,3.3101602,37.794327,4.072657,-23.758942,3.9044526,22.556324,3.8264937,-6.3818474,3.5605497,11.665001,3.3789983,4.6885247,3.4121687,-0.99827546,3.3627763,2.9998674,3.5392745,1570.237929210939,97.33363371407586,1863.3235720996545,51.16820602863031,0.00031223134,0.00033993274,3650.477462025087,0.00962717,0.0013711364,0.06710751703886311,0.007884812586025221
-393.67682,3.7340894,198.02994,3.4979744,-45.403183,3.330016,59.885,3.3609803,-20.086657,3.0514524,29.564392,2.8435864,-11.125929,3.342293,8.107791,2.9443493,-5.368377,3.0985014,0.13203552,3.0922835,3.3347979,3.040989,-4.4810114,2.739105,3.223123,2.9658532,988.1564646880983,49.8576772174661,1273.4245254014259,34.91021514944065,0.00011533046,0.00019002364,2008.6331750290024,0.009889978,0.0007063391,0.042607353900812064,0.005588332224736787
-384.44388,3.8445747,192.19463,3.9234872,-46.729534,3.7608416,62.802387,3.392279,-23.967232,3.391222,32.551167,3.1953764,-13.133444,3.0390077,10.108411,3.1203506,-6.5998054,3.0557175,0.49483532,3.0339715,2.251093,2.8217354,-4.856605,3.0526395,3.1621454,2.886348,1070.1523861647092,53.48078383879981,1359.8278916926092,39.17657862978293,0.00014608714,0.00025306636,2234.7567883555685,0.009907754,0.0007827623,0.04734515479988399,0.006549350731675679
-369.16577,7.190693,142.49245,5.033582,-33.08271,3.6710222,66.90845,5.3682647,-41.564373,4.009401,28.935125,4.5441017,-18.849386,4.32631,24.602825,3.6909282,-16.331224,3.5412807,11.663955,3.587324,11.811082,3.3469355,-6.7600274,3.5982277,2.4412448,4.0933475,1766.5082842319396,138.809562250705,1945.190696246887,53.889564730292655,0.00039095202,0.00032433975,3987.2647526645883,0.00894872,0.0017746392,0.07594642727668213,0.01653557500391138
-389.5432,4.67391,171.39992,4.04304,-41.062183,4.270845,46.939556,4.054198,-41.41917,3.5725694,39.846146,3.4653893,-27.55242,3.928013,24.633224,3.919529,-11.646856,3.3856876,4.067548,3.1434927,-0.41373006,3.1132464,7.297463,3.3958495,15.2032995,3.774755,1435.3095199303584,68.70143315296238,1712.6388576755435,51.28086247825658,0.0002842112,0.00039715177,2874.4078315327724,0.008087477,0.0007826635,0.07408166872099768,0.007734329103068922
-371.74948,36.98785,178.25937,9.024902,-47.25562,10.8716,51.055058,7.004741,-20.289099,8.658728,25.660215,5.7491837,-17.338264,7.8361864,8.739693,6.314318,-4.1001005,5.106935,1.9914994,3.9188251,2.5202036,3.4065251,-4.2364283,4.249181,6.011169,3.7333221,1249.8123069136277,216.2295037482447,1428.7348179436535,138.1777425902192,0.00021685273,0.00018230967,2524.4807904944896,0.009198376,0.0028251794,0.06161633555684455,0.013986527142120234
-383.82623,5.0011177,175.79294,4.8881617,-44.396866,3.6638272,58.19966,3.7439141,-31.131172,3.8344753,47.87714,3.2663937,-11.858362,3.6888633,22.187817,3.4495177,-13.823925,2.9920278,2.559921,3.2080576,0.2439346,3.220506,1.3828992,3.176071,8.814892,3.23823,1272.0447047596613,83.56062741201873,1607.8216205557244,66.83671520059694,0.00023612715,0.00042229853,2700.593414660673,0.009183431,0.00079828146,0.056910255945475635,0.007409952627349434
-386.61703,4.4342856,165.49933,3.5215836,-29.29298,3.2894447,43.37073,3.566671,-37.6354,3.6487796,37.99067,3.4473953,-24.828222,3.4066231,23.927929,3.6424887,-5.9719505,3.2087877,8.298214,3.1682205,-7.0095153,3.0878513,-6.170424,3.1989372,9.074606,3.3338811,1408.6551567283345,68.2522030986549,1750.15592062311,55.10803934829505,0.00023956787,0.00028693568,2909.4554927675463,0.008904784,0.001177143,0.07106134897041763,0.007202756134934722
-432.9491,10.28312,194.76547,7.418041,-13.000673,5.587876,49.10176,5.2627034,-13.441184,4.999875,28.334265,4.4942613,-6.849401,4.5108705,13.539822,4.6100993,-1.5323021,3.7186666,0.4624783,3.584843,2.1932616,3.5805664,-5.2552533,3.5160155,4.369203,3.7017343,773.5383699131579,92.44523170065048,1204.086269406142,118.13508514127803,7.127857e-05,0.00020753179,1382.471609447506,0.00966089,0.0012015504,0.029507594982598608,0.006090722202265363
-403.78555,9.707524,191.1039,10.588559,-21.217363,3.6525147,58.178665,4.1710076,-21.89439,4.962551,24.697216,5.3234706,-11.686483,4.693539,10.578168,3.847118,-4.9027596,4.06871,1.860938,3.344017,1.3658786,2.9663725,-4.508599,3.190124,4.3011155,2.9178607,908.4726702976151,131.17540448963322,1306.8597597511266,149.67670067216739,9.945191e-05,0.00012953888,1787.630567085992,0.010261048,0.0013820158,0.036026319605568444,0.0067594226530310695
-375.88235,3.4392228,185.48772,3.8676708,-48.56289,3.61922,63.778107,3.6671824,-25.659754,3.293548,34.043045,3.3397367,-13.914028,3.2812364,12.182212,3.2798922,-6.8795524,3.0097086,1.7253994,3.125685,1.984765,2.9050412,-5.2115855,3.124566,3.9221578,3.135183,1162.7803873280877,60.35530947540453,1438.4341215192542,39.87934015174377,0.0002015615,0.00052106666,2497.426893760876,0.009820327,0.0008170279,0.05067022549303944,0.006058758960658127
-401.65085,6.2106853,187.15617,4.2580585,-33.402218,3.360381,50.220325,3.5358405,-21.479177,3.5187094,35.90499,3.5176835,-3.68424,4.1192465,15.596125,3.6090753,-7.517131,3.1959088,-1.0480636,3.5229347,-0.1559343,3.1499197,0.37927103,3.5857904,7.346935,3.265652,999.0236151613129,60.86051569893693,1354.2624292815833,56.414955357308834,0.00012249174,0.0002090996,1937.9383202218678,0.009505972,0.0010487997,0.04342644286542923,0.006843269463134284
-376.05,4.5271945,155.62521,4.0673895,-38.21802,3.3984134,50.529808,3.9270816,-41.82877,3.4173627,33.589,3.2496912,-25.311205,3.3581548,28.088947,3.5909066,-3.7393358,3.2098134,-2.7361534,3.1816099,-7.06625,3.363791,-1.565309,3.4283967,5.525396,3.24262,1626.7597651458204,81.42185652156199,1830.3292492979726,54.21665785333315,0.00038329148,0.00075025327,3710.955286579176,0.008183065,0.0010419427,0.08265321381960557,0.007727555268577802
-403.25577,4.7479763,170.89697,3.9334738,-29.954268,3.5282755,44.01531,4.3845673,-37.86222,3.731212,38.518597,3.4724054,-25.77916,3.5642219,24.076212,3.882643,-9.8624,3.246958,2.831475,3.0179532,-5.15838,3.2565846,2.1385722,3.0393183,15.617823,3.3386207,1319.9096801577605,62.445085666194615,1681.25397359468,53.9699640668159,0.00020147463,0.0006121961,2548.13733731511,0.008876989,0.00096606376,0.06414610825116009,0.007256215996223279
-381.65836,3.7350266,189.01744,3.6867235,-44.970055,3.5366452,61.693623,3.3973472,-22.673805,3.2404776,30.914978,3.0124998,-12.493062,3.2836497,10.130052,3.2167428,-4.999738,2.8950052,0.8270875,2.9588988,2.6480405,3.2346623,-4.6204977,2.8485212,3.9259977,3.1264992,1086.211352830677,56.501754301268655,1376.1480240110463,36.41468229113597,0.00015770708,0.00026824663,2291.4375747716067,0.009834524,0.0008842856,0.04691578451276102,0.006497947215512365
-383.29453,3.8714523,191.3809,3.3876257,-46.553623,2.9539473,61.828247,2.9312503,-22.882292,3.1095521,31.213118,2.729962,-12.879855,2.829579,9.771913,3.1668756,-6.3670964,3.0443711,0.7682946,3.0128753,3.3378,2.9396353,-3.027166,2.843233,5.0817957,3.0787861,1071.683208252433,52.810191265762946,1356.1807019253743,34.24123085552543,0.0001377222,0.00016132275,2245.0987211789443,0.009997581,0.00082082854,0.045827064602668215,0.005823664281084635
-398.55396,4.7661223,172.70036,4.1854014,-37.75004,3.8351445,44.856636,4.213277,-40.328632,3.6449559,40.705925,3.0132756,-24.92314,3.341475,25.636084,3.7647438,-11.983505,3.344825,2.3067913,3.3005362,-0.24220183,3.1773102,6.768524,3.3270118,14.752061,3.6059372,1379.959906282947,73.4980690991002,1687.9190981331801,53.24255367695162,0.00024393549,0.00029785253,2719.0540145555397,0.007907181,0.0008427243,0.06947075297273782,0.007000183243873505
-388.61423,4.7998557,158.91968,3.8256216,-23.702333,3.2610002,51.85902,3.6220896,-36.131165,3.249596,35.678974,3.3397028,-22.114548,3.887578,20.562632,3.7549005,-6.1841626,3.6704543,15.399135,3.635929,2.6354427,3.4104033,-5.9802003,3.617578,-1.3540454,3.6351027,1400.4113869620355,69.81158290752107,1798.5367855739628,55.259939374896405,0.00021225604,0.00028780705,3219.0390035890373,0.0094927,0.0010440683,0.057883419736078884,0.006687322503976175
-425.90933,20.570728,185.3312,15.701046,-16.316843,8.331862,49.911915,8.117233,-15.908354,5.696017,28.487452,6.2483144,-5.305034,6.730851,16.102257,5.692143,1.2510744,3.8977168,6.9178295,4.0437956,3.2165236,3.3523614,-4.651148,3.647308,1.7128927,3.9133012,881.5641131612102,244.43246794664805,1313.970184647389,241.4800465618262,0.00010026802,0.00028517074,1730.7249560433584,0.009915259,0.0012290262,0.030476227160672855,0.011571650612735032
-382.73288,3.9751606,180.33105,3.6239514,-47.209652,3.466738,54.143753,3.50803,-28.067856,3.3688269,42.67339,3.5646892,-7.0183177,3.707171,16.620922,3.544797,-11.7231045,3.0910153,0.07466263,3.10044,0.3088574,3.158808,2.9419823,3.3263538,8.940549,3.5477092,1203.5890615511098,57.621729566639665,1486.311054463654,39.19118461406172,0.0002034157,0.00037496243,2472.3714381525524,0.00920644,0.00071738445,0.05529020446635731,0.0068949711340112255
-383.7025,4.468383,160.60666,3.2337148,-26.28911,3.053608,43.827652,3.460608,-39.53392,3.251051,36.17926,3.2049816,-23.223755,3.3825548,23.429747,3.6088889,-5.5846653,3.4558287,6.787084,3.284362,-6.2701087,3.113089,-7.827513,3.0640059,3.2391286,3.5954018,1454.832015024309,66.98704081303116,1791.0044908706234,49.252698659238455,0.0002510735,0.00039319365,3176.547149162558,0.0090455385,0.0012472345,0.07126073992169374,0.007483012745524873
-391.1582,4.3270645,173.46262,3.6194258,-39.206284,3.3868895,47.704926,3.552863,-37.177345,3.6430738,40.653397,3.4884305,-28.826752,3.7210317,23.702778,3.4784062,-13.383203,3.2775192,0.045218147,3.4130683,-1.1394622,3.1693156,7.7376924,3.5732381,16.338888,3.5572212,1381.8583519270708,63.78719319898202,1678.9602277973315,48.95793534729172,0.0002447571,0.0002443278,2682.4575614486657,0.008207705,0.00084472186,0.07220331532772621,0.007328484075543727
-368.77457,5.089823,164.44577,5.3402367,-47.02366,4.1767783,62.668194,4.1091146,-29.175005,3.7870548,48.591877,3.557455,-15.138583,3.6546125,24.517878,3.4743862,-13.218557,3.3217654,4.179953,3.0285106,1.3250679,2.845219,-0.052706443,2.8223581,9.146211,3.5672636,1446.3019060502209,101.99012904293969,1744.6852967270213,69.83636918525417,0.000370958,0.0013095931,3227.1326901464618,0.009310167,0.00087899814,0.06220317937935035,0.008718245583467829
-414.77713,4.6612964,184.3043,4.5754986,-26.367939,3.585347,61.146317,3.5046973,-17.017431,3.461477,32.704823,3.5547788,-8.495287,3.447571,17.93399,3.4151323,-2.4723845,2.9160442,8.377261,3.1430914,3.4612188,3.089398,-6.026307,3.1990266,0.54563457,3.4879472,928.4779544040331,73.71428472113044,1375.6136360720195,85.69107069579121,9.673359e-05,0.00015014956,1910.1100275522042,0.009902584,0.00086236605,0.034945530017401395,0.009345388323517384
-399.1136,3.9212704,185.47064,3.7567236,-34.244347,3.5254796,51.27072,3.4671042,-21.345314,3.500473,38.032375,3.4487693,-2.185517,3.8031824,16.382984,3.4780324,-6.2268357,3.1715894,0.6278056,3.08736,-0.08242388,3.1135886,-0.067059875,3.344896,4.905218,3.4848237,1008.7186564511056,62.218258401218264,1377.663915518103,47.349118964237455,0.00013274651,0.0002840797,1995.2436194895593,0.009566844,0.000995631,0.04175201203596288,0.006717811995198467
-370.68036,3.8207703,177.7776,3.7634063,-38.771057,3.5311282,54.578117,3.3152304,-17.916067,3.2605863,27.085602,3.1757994,-7.9448195,3.1707585,8.807474,3.0157535,-3.5147307,2.932853,0.51276124,3.0859742,2.946373,3.0506897,-4.325606,3.1567323,3.1861036,3.197124,1133.967139879853,60.0101086851743,1421.1775155096745,44.31998392836924,0.00019381571,0.0005135889,2421.5360920279873,0.009884081,0.0013645722,0.04931527334686775,0.007420785159583917
-394.60318,4.6853304,184.03357,3.6616337,-39.539616,3.2836819,51.33105,3.2282712,-22.577377,3.7149665,39.70842,3.4212437,-3.408593,4.0035224,16.02912,3.8523426,-8.099303,3.6395333,-0.1848821,3.3121843,0.59389764,3.307565,0.81286395,3.261577,5.993921,3.6020806,1074.5283091183405,62.48095093633593,1404.7461736551975,45.564436927039196,0.00013607959,0.00015425599,2151.7965011419665,0.00945902,0.0009850784,0.045795343314965195,0.007100286705898302
-417.68246,14.17876,178.53857,7.535625,-23.08929,6.913683,60.332993,5.1198688,-16.8188,4.715416,36.25397,5.299572,-10.912791,4.8173614,13.98566,4.652319,-6.309455,3.9337459,0.26483563,3.5463579,0.34241942,3.398361,-10.178209,3.7207665,4.038814,3.9342983,985.4084635225761,151.4680564185213,1436.1001329406374,141.25196061096773,0.00010839812,0.00027346768,2053.1734316089037,0.009734447,0.00075765315,0.03334926950406032,0.007972664752568887
-345.25385,18.226223,160.19983,13.185213,-44.232754,5.314718,73.75433,6.882446,-39.35111,8.197677,45.448494,6.4842525,-22.342928,5.775041,21.147718,5.7268767,-11.980561,4.5357747,10.275493,4.9848332,-5.135607,4.3874717,0.93227106,3.939159,3.9582388,3.2752964,1682.2644375250027,293.07174266156926,1924.198416707014,243.75090516042962,0.0004399634,0.0009197075,3934.006296675609,0.010495207,0.0008816337,0.07893502573955917,0.02012136977537259
-349.62018,19.286,163.05797,15.490835,-41.562504,4.3603673,67.86388,6.645805,-36.69359,9.549838,44.25881,8.474898,-20.54212,7.057729,20.24468,6.0436697,-10.0619755,4.2572546,8.096829,4.109018,-4.172094,4.7975245,1.1536429,4.164123,2.8657937,3.166688,1592.7186117971937,316.248095340011,1865.7898999852912,282.17745678173867,0.00039682866,0.0005796667,3753.771887688515,0.010369711,0.0008174696,0.07269159657772621,0.01812761682707486
-357.71347,15.907934,152.62604,9.388867,-47.70358,6.02803,63.741734,8.843357,-52.95308,6.138419,47.580845,4.6187367,-25.272894,4.5049562,29.7553,4.042993,-10.564297,3.9926,10.322004,3.870974,-6.9418626,4.078432,4.548004,3.5107214,12.840279,3.1606853,1925.1486395328002,256.47659130818676,2040.6781574240729,155.0181818309738,0.0005736848,0.0011708152,4346.9341941886605,0.008880399,0.0008985171,0.09888658280162413,0.01719537287727718
-354.86774,22.191063,161.67032,16.238981,-35.760773,5.0890846,67.609985,8.133222,-35.44526,10.050692,43.244736,8.22947,-19.578947,6.8513513,20.468307,6.0820565,-7.139773,5.1356964,8.613436,4.7324367,-2.549885,4.711649,4.0255685,4.2016764,4.4110723,3.2680352,1552.3075382450224,336.88645135981403,1866.7189353558485,296.80898352097796,0.0003502913,0.00049040705,3713.9279677530453,0.01052921,0.001156042,0.0673023763776102,0.018960674394030052
-346.89725,13.203037,142.11069,7.6465335,-42.385197,6.0373416,74.110535,6.046157,-34.67013,6.369125,50.27375,4.262694,-21.07993,4.337076,27.221941,3.693517,-9.461725,3.7217562,12.895727,3.5287416,-1.6565027,3.9398272,1.323165,3.689314,4.583178,3.4145813,1900.4403777397695,244.90302004152227,2088.7171107670847,135.8300845124157,0.0005079311,0.0007204308,4407.486960284948,0.010223459,0.0010154726,0.08413844982598608,0.02200790011611455
-353.8243,17.710596,158.68019,12.208656,-45.560635,3.8762405,66.373474,6.4330626,-40.772564,7.6018553,52.07102,5.59791,-15.643915,6.1320624,24.087877,4.7525883,-12.9440365,3.9363892,5.3032556,4.3094087,-5.974419,4.8164225,5.442895,3.9661138,6.6290536,3.578296,1698.8948292255284,304.08656602095164,1921.4651615367331,226.12369299934042,0.00042380547,0.00046409853,3934.031277189675,0.009692411,0.0007964111,0.08112266168793504,0.01851818474394124
-347.31522,17.991209,159.35632,14.210851,-41.262424,5.5874324,69.84525,7.2679596,-37.563255,8.038742,45.64214,6.931532,-21.589762,6.651797,20.266893,5.653383,-12.31677,5.713638,8.8740635,4.5290008,-4.972595,4.4705534,1.1792045,4.028878,2.6957667,3.197893,1675.5980089966897,311.7820152446223,1935.8383262744476,272.87529105129045,0.00043499592,0.0010652991,3952.8416042814674,0.010528358,0.0008998702,0.07672359882540604,0.01911104961951679
-364.13623,22.79939,152.07887,15.607896,-38.173435,6.347314,68.42882,8.983659,-35.997154,9.600784,47.067764,7.181272,-20.948702,6.2474203,24.483213,5.3059545,-3.8427627,4.9766307,12.2368,3.9235923,-6.408721,5.2311873,-1.0094136,3.9891906,-0.2746814,3.4040186,1743.8814108703682,353.4431837554696,1970.7366689839703,292.0472293673028,0.00039315512,0.0007341449,4054.3624134462007,0.009876711,0.000809305,0.0770430775087007,0.01829554385102434
-325.62823,8.603797,150.73497,6.8998094,-53.238167,4.7339582,76.64467,4.950638,-47.989227,4.4985385,44.21139,4.470827,-26.96084,4.099222,22.903137,4.229756,-12.501232,4.080002,10.498118,3.6874213,-4.1942067,3.9814792,-2.908654,3.5854752,6.202646,3.1940057,1963.8800897695248,178.92847886742751,2001.6831765558777,122.86977403180367,0.00068432494,0.00085701415,4362.79682062065,0.010025081,0.0008570366,0.10671041183294663,0.016583108512419623
-334.94568,15.268428,160.9916,10.611038,-55.748707,7.1230216,67.31847,4.894974,-43.71663,6.011283,43.639736,5.9742217,-24.177753,5.5224004,20.788631,4.7967854,-11.269937,3.8944707,10.700697,3.9326854,-5.192578,4.0392756,-1.5081246,4.0330243,5.5753703,3.2988288,1767.387841517172,245.54091747206115,1876.5649738385112,195.5537486699965,0.00053380814,0.0006594424,3948.519975348028,0.009884925,0.0010425502,0.09053595381380511,0.01748600558568798
-342.99805,16.888176,157.33769,12.604532,-44.76986,5.187057,72.281235,7.0782123,-38.490154,8.120867,45.830154,6.3802924,-21.06363,6.0826273,21.7374,5.076815,-10.865864,4.666559,10.297319,4.3745894,-4.363868,4.532917,0.4599728,3.8163579,2.604293,3.285655,1711.411118964622,304.6657458022567,1933.2506863520978,235.79931750554388,0.00042300852,0.0003681019,3980.9946436339906,0.010560053,0.00085381634,0.08028771207946636,0.021797447713170347
-354.10864,14.993085,154.63762,9.587417,-44.41863,5.759977,61.91632,7.5580525,-51.875202,6.4035473,44.080833,5.025553,-27.113077,3.8614762,25.659939,3.6431077,-12.658473,3.7855442,9.151163,3.7704456,-1.1154953,4.500004,10.959179,3.502111,13.678211,3.6255336,1856.5735730327096,255.9718631109972,1998.9154982378195,156.01427193857867,0.000599589,0.0021690023,4216.785715904148,0.009350423,0.0008278358,0.09416804125580046,0.01626193417689511
-336.1289,31.295868,142.13394,9.615685,-57.731365,17.422096,80.5031,6.862139,-43.85651,6.8330064,49.721424,5.4420757,-28.283754,5.327642,26.460222,4.623583,-15.368082,3.6181505,11.942127,3.594225,-2.383677,4.2153854,0.50941753,4.480732,6.5485563,3.4681172,2149.336775444459,316.3351852680707,2066.212984425898,157.7726807969504,0.0008321623,0.0009879753,4589.070317031613,0.0090997135,0.0012361141,0.12255292923433875,0.03725268586380017
-364.9281,30.036179,150.26775,16.509418,-36.09705,9.141525,62.66943,10.031802,-33.36815,11.454306,46.12537,8.220261,-14.594647,8.221411,23.69872,6.981112,-2.136616,5.1849165,15.421874,5.3892813,-0.7748406,5.841089,1.5273092,4.972577,0.8387233,4.990439,1675.4724736644187,382.09982921215743,1931.8231833866676,308.11405918258504,0.00036796732,0.0004933263,3907.876678962442,0.009799979,0.001482327,0.07672473172853829,0.021653968889203182
-372.32394,32.577362,138.45631,18.484932,-22.374865,8.430868,67.20625,12.287072,-30.453478,9.512449,45.865215,8.298738,-10.671126,8.595865,23.244434,6.9828725,-4.0749507,5.952063,13.711331,3.9452345,-1.0288608,4.5836124,5.824611,4.9604287,3.7537234,4.1994343,1775.5625225507804,486.56379097281575,2065.632739702088,343.5566119992536,0.00037087133,0.00058179384,4233.1729331315255,0.010294531,0.0029365811,0.07326484556264501,0.031032549806756123
-347.30096,16.085766,158.327,13.036974,-42.19941,4.625884,69.25295,6.137147,-36.85431,7.6826715,45.824093,6.730494,-20.753157,5.8365264,20.161884,5.1823764,-11.382248,4.4669123,9.329579,4.2076426,-3.3214521,4.8223443,2.315032,3.5086896,3.338768,2.9987874,1674.4830304585412,286.0052582323078,1925.996079397807,242.4354917593789,0.00042519477,0.00078228913,3939.4770292560906,0.010360691,0.0007431932,0.07639505691705337,0.018584104099145737
-353.75717,20.11211,154.7526,11.764201,-44.5209,6.949942,63.565796,11.018978,-52.05823,7.537171,47.47689,4.972841,-24.264343,4.630913,25.916908,4.226595,-15.75982,4.0662613,7.7311144,4.322071,-4.3289967,4.051924,9.787555,3.4784849,12.958015,3.520324,1885.9776906900047,310.63989204178756,2015.1617152863553,188.9725475890357,0.00047227132,0.00042027936,4205.319659947796,0.009318344,0.0008609125,0.09791568481728538,0.02046441046621798
-333.95975,11.500479,157.6603,8.9233885,-47.806625,3.9178069,72.18117,5.604254,-44.83154,5.4618855,44.28113,4.673674,-28.936693,3.9725685,21.541677,3.6392543,-13.960297,3.53496,9.293821,3.616539,-2.9892716,4.028448,0.31228843,3.7048788,5.9538,3.0436213,1800.8446230826025,223.75143511922644,1962.0597960737668,150.12715146895,0.00053657015,0.00041198477,4124.83244362674,0.010073908,0.000898696,0.09087695765661252,0.016548400863245
-342.37448,15.963214,158.42912,12.588189,-43.6409,4.8292985,70.47296,7.0540533,-38.90309,7.293601,46.16968,6.540396,-20.560556,5.4544773,20.35834,5.5491586,-11.283412,4.5313444,10.306749,4.2189293,-3.3819017,4.5171785,1.5362526,3.8246903,2.3938677,3.2145543,1691.4374959483773,283.8175193776254,1926.313539339551,232.51891237075336,0.00047191474,0.0011522609,3962.3591801406615,0.0105813425,0.0009552303,0.07801850710556844,0.018395149207963805
-356.8696,19.63644,153.3496,13.365612,-40.8133,5.1037865,67.68178,8.395031,-36.516624,8.508269,50.94126,5.9885435,-15.561624,5.947461,24.207478,4.7803135,-6.5391397,4.6605306,10.378523,3.815498,-4.978687,4.310696,-0.6625349,3.6451156,2.0869617,3.1247165,1710.3407487159027,320.2257775762972,1943.0301426861706,243.1026488147539,0.0004323082,0.0008147808,3997.1070752066416,0.009772365,0.0008772722,0.07946749021171694,0.018132025124669812
-350.92664,20.985033,154.85623,14.503457,-41.405727,5.59949,69.04853,9.374334,-40.2868,8.2931795,52.783092,6.241601,-13.043631,6.2581596,25.358976,4.965122,-13.279506,4.520642,5.8841496,4.391833,-5.7588406,4.3653736,5.3437295,3.8617675,6.484989,3.6556113,1737.0989865037384,358.088699548941,1966.2504197733758,262.81077158277594,0.00044489987,0.00091683876,4027.7831464798433,0.010323513,0.00094397826,0.08421775304524362,0.021836747518356597
-344.63882,15.5049515,159.58592,12.629777,-44.8156,4.3976,70.86992,5.7751083,-38.269264,7.539007,44.53367,6.346314,-20.986723,5.6624823,20.461573,5.0203156,-10.169209,4.7311788,8.750921,4.3681054,-4.322302,4.621321,0.40684995,3.8539934,2.8558018,3.0799415,1672.3585699905377,290.0296894989122,1897.789221034562,239.04150769968905,0.00044533223,0.0006829388,3901.6065699318447,0.010286868,0.0007440288,0.078111405162413,0.019940051828479688
-366.68057,24.82978,148.33559,15.726815,-27.6222,6.9911838,75.953705,9.565899,-35.539505,9.423143,47.81995,7.6349583,-17.475271,6.9640226,25.401628,5.3866124,-7.2167935,4.57664,13.360227,4.1019306,-2.741757,4.0223174,4.587073,4.0113316,2.7615907,3.6250627,1725.2540820369952,400.30236115488384,2054.327217753763,312.73481169780405,0.00037339772,0.00082488137,4177.541328306264,0.01043668,0.0010531911,0.07280828560034802,0.023290073471020762
-343.67075,15.241386,160.32559,12.583781,-44.621548,4.9519453,72.783455,6.421355,-41.288437,7.3302245,45.45681,6.0738773,-23.784863,5.9454727,20.430738,4.6205564,-12.375405,4.42422,8.467936,4.200295,-4.8151364,4.554252,1.7143754,3.9297087,3.3198674,3.0726259,1700.1657159736092,281.73850206951795,1925.9337919194263,228.40982696081258,0.00047360905,0.0012503158,3974.3997879205335,0.010542546,0.0007930887,0.08034209142981438,0.017675709261106728
-349.68698,15.1820965,141.3466,8.718049,-38.78634,5.2647386,77.89413,6.7084517,-32.958958,6.394488,51.28792,4.8661957,-20.141685,4.4284472,25.610598,3.8786635,-9.464508,3.8820531,11.2800255,3.4267576,-3.0796993,3.670478,0.74111944,4.025734,3.4728215,3.1029875,1872.6281118545232,269.1647693949124,2086.835311809278,155.2955093111127,0.00047111756,0.0007146168,4388.301925482164,0.010393048,0.0010007204,0.08089947977088167,0.019434336846753983
-356.5418,18.361475,141.20111,8.863206,-33.677563,6.535174,68.61801,8.636294,-43.808964,5.7715497,44.76837,4.049344,-21.501114,3.5402937,24.198168,3.6240077,-6.4047723,4.2735376,13.90763,3.7551153,-2.489163,4.117514,0.20823058,3.8586838,-0.9271933,3.4943285,1908.427489326268,274.93173422108043,2080.7739864360396,137.27970123075733,0.00044511317,0.00073279673,4402.790623640516,0.009987517,0.000985575,0.08607911289153132,0.018414644176666124
-347.87054,15.23199,144.15912,7.774635,-32.373657,7.355153,66.831375,7.604558,-46.401962,4.9438167,45.907158,3.961883,-26.648151,3.7771964,23.376463,3.6882224,-13.0084715,3.8660026,9.559397,3.6417165,-6.135938,3.9139178,0.47725236,4.5505853,3.9431589,4.4053364,1962.6592279955717,236.2969009162444,2144.019483491534,117.42943135381891,0.0005101831,0.00064058165,4628.064899488834,0.00973225,0.001320653,0.09418730060904873,0.01877648859146497
-346.69717,18.167973,160.68564,15.013462,-42.95178,4.53439,70.016914,6.8329716,-40.024094,8.988884,44.73917,7.3898153,-21.54735,6.3949,18.564743,5.1133657,-10.05649,4.598229,8.165316,4.577238,-4.7272606,4.568625,1.2635205,3.8969946,2.8899374,3.0731266,1664.1964399571154,307.16792521066475,1894.6796527567274,259.81596865776316,0.00044694357,0.0007827086,3909.5004123767403,0.0102138305,0.00087096443,0.07851131996809745,0.018616138254287394
-349.85355,19.510546,150.52737,14.803709,-33.74268,5.028547,68.147415,7.3542156,-32.78512,8.199708,44.527706,7.6004853,-17.495796,6.708573,19.429455,6.1880403,-9.681703,4.8603425,8.817213,4.496036,-4.217423,4.7927885,2.5902386,3.8350146,2.6536336,3.060308,1694.9240620043506,338.3610739195507,1978.2303848851134,283.5724271047653,0.00038597692,0.0005507552,4057.7347828451275,0.010792581,0.0012593709,0.07310510622099768,0.020783906782986902
-324.3028,14.23162,155.38591,7.5188937,-72.50012,7.400382,65.79976,4.829687,-55.03395,4.5899143,45.141106,4.490428,-35.22254,4.638964,18.579533,4.557269,-19.516554,3.9723063,14.16955,3.8141217,1.1125333,4.174969,-1.0493892,3.6059034,3.711189,3.2465327,2043.8279130304197,183.28601955131063,1919.9945494448027,130.9808166183578,0.00085293734,0.0012309087,4287.0059409440255,0.009186297,0.0011785158,0.12548941415313225,0.01702030382169469
-367.47324,32.712746,140.4609,21.558277,-28.944262,7.9306593,64.89514,12.417984,-31.91013,11.222405,46.384186,8.280746,-11.699965,7.1849847,21.328283,7.2644787,-4.308249,5.328162,12.582922,4.1432433,-3.087292,5.3382764,2.469439,4.594341,2.8104444,3.6866155,1798.501661520792,479.4233663251306,2018.9754668470102,339.9493231941529,0.0005109064,0.0021119178,4148.513970961427,0.010029511,0.0034937588,0.07697623622389792,0.03099474819337029
-324.26346,15.701098,149.45992,9.515803,-76.0382,5.6664267,66.18233,5.1555195,-51.004147,5.2131577,41.41243,5.666415,-35.221096,4.494815,23.112572,4.2392044,-16.351349,4.438144,12.832541,4.1091313,-2.823986,4.4733353,1.9694881,4.508051,6.539843,3.8587146,2136.3484682211083,204.54193093282896,1922.4232979056862,150.22665625482878,0.0009937884,0.0017125696,4335.7928849151685,0.008752167,0.0012304514,0.13770324282192575,0.015420211338556237
-343.9372,16.481613,159.32544,12.31612,-44.728954,4.797959,74.86327,6.690029,-40.49989,7.624325,46.78511,6.1968017,-22.91096,6.314266,21.587214,5.36636,-11.924954,4.601311,9.2134285,4.3575196,-4.5947704,3.9330812,1.3528501,3.7783964,3.779341,3.157976,1700.8126553035095,290.98976825221695,1937.0746937461156,233.16665103566518,0.0004573703,0.0009307319,4007.0743003190255,0.010638818,0.0008013901,0.07909363217807425,0.01865842909124323
-347.15878,21.290308,160.4629,16.757053,-41.29003,5.859784,68.083565,8.083378,-36.789154,9.382672,43.72184,8.506255,-19.987843,7.0002146,20.053112,6.4202013,-10.409986,5.35983,9.11334,5.3398876,-3.7906058,4.4855947,1.5484908,4.255367,3.642866,3.1292372,1649.4321407943503,356.72793322422837,1895.7904605080964,309.6920671155234,0.0003829691,0.0002566361,3845.9999456206497,0.010396467,0.00084956584,0.07828247353538283,0.02360994220705521
-347.00732,17.539223,147.3704,8.513984,-36.617943,6.448538,61.642403,9.079335,-47.202736,5.3957977,43.69795,4.831031,-23.285702,4.214422,26.22973,3.6685612,-6.6819205,4.3827662,12.870526,3.6287518,-6.0995464,3.7699792,-2.1462033,3.647499,3.631418,3.387269,1880.4872627531763,249.15821312963809,2053.4634144275133,146.59495124864145,0.0004646602,0.0007631914,4350.231622045389,0.010204638,0.001244227,0.09224663754350348,0.016845958730068163
-333.09302,8.05651,124.59097,4.6812797,-95.335754,4.159303,89.29387,3.7721248,-43.745903,4.091574,51.890297,3.8035462,-29.126684,3.8098145,35.42851,4.207579,-13.890138,4.1763196,14.267933,3.585919,-1.0337931,4.4670086,-1.831564,3.600005,7.82834,3.2870073,2590.4425411803286,123.17627782650561,1908.3044224353032,90.13690299067585,0.0014157005,0.001329925,4692.3397621809745,0.0076527144,0.00057271944,0.19526491806844548,0.013527474621609189
-353.44476,19.014736,154.26321,12.836068,-39.807022,5.9207993,69.13538,8.52014,-40.47657,7.605375,53.667343,6.2743273,-13.902996,6.559557,25.81375,5.121709,-12.887381,4.589873,7.821678,4.1560507,-4.5106997,4.2592387,6.7465553,3.7725117,6.2694955,3.3344877,1737.6762789299103,326.9429358649179,2001.6425167802295,253.57352341262427,0.00041346595,0.00058430224,4118.687237166473,0.010357643,0.00092618197,0.0777103574535963,0.021183793512278913
-344.935,16.575455,160.95142,13.47093,-44.51261,5.3530407,70.38484,6.93746,-38.68712,8.121833,45.493225,6.3747888,-22.351204,6.456425,20.676678,5.979745,-12.591787,4.396557,8.917696,4.5400066,-3.7347648,4.829463,2.8533833,3.9850364,4.327508,2.8729334,1677.3785071500172,302.47777620585936,1915.8175073569341,259.643338696242,0.00047618357,0.0011694314,3914.1717685071058,0.010329433,0.000816119,0.07971333019141531,0.020112853319434784
-342.223,20.456448,159.84923,14.413946,-44.242443,5.8537936,70.92569,7.741416,-39.86395,8.153508,44.898514,7.2336965,-23.172104,6.5165205,19.044725,5.8642516,-13.202316,4.7023187,8.593997,4.686143,-3.8820138,4.9684725,1.7269262,3.9468675,3.1981895,3.318688,1704.3563597652055,319.6559515375108,1918.6917461501828,266.9717725998807,0.0004213572,0.00046316197,3955.0648700333527,0.010629125,0.0012645932,0.08056640625,0.020875355881186608
-354.76834,19.281923,151.13304,13.6774435,-38.932976,5.295477,66.60539,8.457359,-38.5355,8.154017,51.854256,5.580976,-13.436863,6.856564,25.661974,5.365157,-10.541081,4.707213,9.647237,4.50413,-4.641831,4.6758885,7.1005955,3.984225,7.008258,3.1092927,1774.9826991575756,353.8752990037569,2023.0560348271345,275.6180861980398,0.0004351812,0.0005143179,4165.850447723318,0.009956448,0.00094615447,0.08050522948085846,0.023590124758986683
-339.69684,19.70901,161.18587,15.518231,-43.903847,6.5779862,67.55334,8.588973,-41.714382,8.649698,44.383656,7.4810057,-21.126993,6.3234878,21.183018,5.3407807,-10.387877,4.9223604,10.129407,3.9193797,-4.038853,4.33994,1.1567607,4.166654,2.6656103,3.5942662,1682.275355493624,314.53252809723705,1901.1436473024355,267.95331436506416,0.0005498165,0.0025150205,3903.030459233614,0.010696952,0.00117112,0.08090174557714618,0.019313778185810582
-344.60162,17.498661,157.56529,13.674661,-44.08359,5.062029,72.709694,7.0207915,-38.542778,7.9266996,46.391277,6.781144,-21.340408,6.408227,22.692503,5.2723145,-10.682357,4.874854,10.363293,4.564372,-4.9551425,5.1653395,0.56865937,4.120918,3.2299814,3.0207756,1723.2838915532577,322.6191641311056,1952.8635838110222,263.6798808712767,0.0004896688,0.0010531076,4010.121923035093,0.010343036,0.00083077187,0.08328537376740139,0.022194475946858194
-341.9099,14.263661,143.69626,7.9013534,-41.629826,5.112885,64.43539,7.313085,-46.76148,5.633708,41.48566,5.0506964,-21.563038,4.352319,30.210154,3.9132962,-7.266743,3.682246,10.325133,3.5298953,-6.154396,4.1819882,-4.8141656,3.678755,-2.196667,3.3000317,1963.765115611413,243.41255832220827,2060.9474728644673,140.33879646269756,0.00050962635,0.00042758256,4446.331659657772,0.0099871,0.0011947991,0.097158905524942,0.018567798480036528
-345.94922,15.637154,146.44595,8.866127,-33.24813,6.3528037,63.49465,7.491864,-46.549713,5.7875056,41.652634,4.340185,-24.43204,4.0417867,22.348791,4.010396,-8.966627,4.153603,13.016253,3.884736,-1.1661768,4.498588,4.1642704,3.7104461,3.5265405,2.8881738,1886.8894324751273,272.11552362880445,2066.86998361658,162.67422583006447,0.00049191434,0.0009882961,4391.349548198231,0.010118536,0.0010831015,0.0914943898636891,0.019815712286550685
-344.21622,14.200358,146.12366,9.121728,-42.45414,5.5186067,68.56928,6.9442253,-37.116528,6.543036,52.73444,5.1217012,-15.846614,4.783393,27.173904,4.243582,-11.54549,3.7014256,8.818981,3.6179764,-2.595221,3.7285097,5.167804,3.361901,6.4105005,3.6102173,1845.2338552695878,263.74633863166827,2049.1306576328143,177.30839497056814,0.0005080636,0.00091641623,4303.468099713602,0.010312846,0.0010796122,0.08481252718967518,0.019716159247485647
-325.60007,19.952213,140.50168,14.195794,-55.8355,8.388117,74.18501,8.274323,-52.278976,6.9747586,46.03108,6.0124717,-30.158491,5.4450364,22.835289,6.068192,-16.014074,4.6830935,9.197381,3.7074394,-3.2455363,3.8938565,2.6439545,5.108502,10.468034,3.5893917,2262.216978197211,339.08791847089674,2092.397064062014,206.28333851332195,0.00097579183,0.0008734294,4779.7216003842805,0.008997046,0.0015372862,0.1404188116299304,0.03194335519953383
-334.68457,15.957841,164.71198,12.707932,-51.220173,5.525751,70.63943,7.3972454,-46.486794,7.699662,42.031578,7.1109724,-29.792538,5.3515506,21.323643,4.754368,-14.211346,4.603265,6.347224,4.1040406,-10.311453,4.2585278,-1.0730087,3.899467,7.2092957,3.7326653,1742.8861098667107,291.37115518763335,1896.064571693257,235.59842592514346,0.00046585972,0.00030554718,3936.8540752791473,0.01049774,0.0008582692,0.08893289588167054,0.01932301973280824
-345.24695,18.910976,161.3965,16.139023,-40.594963,5.851795,68.249306,8.145294,-39.8241,8.651219,42.82085,8.044528,-22.998037,6.796909,21.154959,6.468699,-10.785314,5.520607,9.967648,5.052393,-5.660227,4.9840064,2.8552332,4.0791516,5.0469894,3.0530005,1674.0708798523146,323.820271370627,1932.3690323114959,297.9411616481949,0.00045146447,0.0009775347,3948.8197415168215,0.0104213925,0.0008410094,0.0795139392401392,0.01936814726931266
-334.86765,10.335781,124.90987,6.882917,-75.57118,6.159855,86.09046,8.329205,-46.821278,5.390269,51.460075,4.534746,-34.276466,4.396816,31.96758,3.9410343,-14.586571,4.70831,11.360592,3.8594763,0.47844574,4.3043437,-5.513917,4.337095,5.5592756,3.4346392,2583.3117126712455,155.97097873559872,2069.878651348045,75.5819675108796,0.0012321806,0.001740913,5115.134962750145,0.008029951,0.0007856854,0.17813882141821347,0.021042469097503798
-355.673,19.015102,143.58585,8.42605,-35.78167,6.9139605,68.65269,8.610682,-44.61593,5.3943987,46.665237,4.2858577,-23.6034,4.0039816,26.544098,3.7952714,-7.614266,4.136322,15.572784,3.8105702,-2.616549,4.1388073,1.0785046,3.5052178,0.40773723,3.248236,1927.6511731041587,271.1516512977604,2110.9273148937727,151.7865274252761,0.00042178246,0.00033621854,4490.347325442285,0.009989942,0.0011738483,0.08786909984048724,0.019893564549569104
-373.20215,30.967888,152.9677,18.967327,-24.384304,8.331181,77.750015,10.964829,-34.313988,10.411742,46.136192,8.424968,-17.692484,7.5022435,21.231773,6.873364,-9.392947,4.9059887,8.764444,3.907508,-7.6743855,4.0423346,-0.26965028,4.581986,2.6958659,3.300979,1617.1571938774107,445.19140308929923,1964.7935766125759,358.9282920435832,0.00032114747,0.00065885944,3907.7267958780453,0.010615226,0.00086610223,0.06623744743329467,0.02434130655897586
-350.61523,16.300323,152.6133,9.126089,-47.051834,6.4313745,64.33451,8.959462,-53.526943,6.229451,47.33353,4.3456535,-25.963371,4.4110684,26.047583,4.017492,-16.124224,3.7756054,8.059957,3.9358275,-2.569784,3.5556893,11.002307,3.330329,14.481605,3.309326,1944.6129116277402,253.30885440524779,2037.781505487234,150.07435721742857,0.0005528208,0.0006882258,4360.348730242169,0.009154897,0.0008173878,0.10323013341067286,0.017782630606712358
-351.21796,16.627745,151.09845,10.333697,-41.90371,7.076067,61.26468,9.120994,-50.03084,6.481483,46.634853,4.718229,-22.220663,4.324957,28.60168,3.671727,-12.376373,3.8880982,7.9334545,4.300649,-3.4197173,3.8227694,10.478387,3.6668699,14.0421505,3.4254065,1881.191067970328,288.4978338540781,2033.270758326507,173.43847486468783,0.00045000084,0.0003961426,4288.704615900522,0.009844441,0.00087343133,0.09365257033062645,0.01977400717470752
-356.0992,20.725443,154.20139,14.189426,-40.4612,5.3031893,66.82141,8.9425535,-38.20899,8.298259,50.648155,5.9386735,-11.515881,6.347837,25.894245,5.693436,-10.576351,4.5327435,7.30567,4.61529,-4.446429,4.6389046,7.2304025,4.0867224,6.7936735,3.2890737,1698.8826758053226,338.6352382887328,1953.4979453051556,269.5237695544762,0.0004192752,0.0009365452,3971.277223662268,0.0100827,0.001000182,0.0768572813950116,0.021225358237087256
-348.37704,18.967676,150.49782,10.652911,-44.932045,6.540572,61.183235,9.8061905,-51.73466,6.888863,44.42879,5.4586425,-24.88561,4.5104113,26.284552,3.8857472,-13.051165,3.9515827,8.853187,3.8247733,-0.7401324,3.5810275,10.557202,3.4171941,13.128591,3.6991556,1923.1579224179895,292.2812616995929,2018.3917924838165,174.627380609389,0.0005154809,0.00069856027,4291.652316560325,0.009615709,0.0010866161,0.10071395555394431,0.018418978831438056
-350.43408,15.552269,144.87851,8.908626,-33.60627,6.426117,65.17825,8.73326,-45.173023,6.0968046,44.952065,4.433429,-24.02224,4.424225,22.09989,4.0780945,-12.146569,3.7795396,13.890288,3.9868417,0.9561887,4.131325,7.405942,3.7435603,5.386152,3.2034001,1913.4046656528867,269.0398663101104,2103.873142879514,161.07447083338295,0.0005733201,0.002168154,4465.641597030887,0.010129504,0.0013136258,0.08982675645301624,0.01981033607624455
-362.12775,20.989025,132.97546,9.919714,-32.126328,8.404906,70.015144,8.80251,-41.86886,5.6008987,40.878944,5.6727576,-20.074242,5.050535,23.387934,4.4336076,-7.12353,3.9894361,14.590491,3.7170265,2.2944326,4.0625296,8.659511,3.758728,8.769838,4.0025406,1955.89021163972,322.8257951205232,2108.025746037761,169.6858622468766,0.00035833588,0.00044315512,4502.76264093315,0.0108446665,0.0014971804,0.07747697940835267,0.02165178983000117
-347.95908,22.308105,167.63849,18.656162,-38.628548,5.265816,66.83528,8.709207,-44.693264,10.07167,39.33321,8.727637,-25.616377,7.4815025,16.437254,6.9207616,-15.226404,5.46603,6.6101184,4.962008,-6.365903,5.2204566,2.0863109,4.550303,4.6397405,3.4149117,1624.282918673448,358.5921443331699,1877.1448571712303,340.47318424624825,0.00038655743,0.00034063996,3804.8820194678074,0.010351258,0.00079609675,0.07924317539153132,0.020765983014279735
-344.41263,16.620953,141.23503,8.065385,-32.436222,6.301259,62.224327,7.807813,-43.999157,5.525532,39.007225,5.129605,-22.44249,4.3730164,21.247108,3.5713768,-9.973954,3.521107,13.04392,3.4449723,3.1701436,4.9090858,4.21122,3.6334953,2.8396823,3.1422887,1897.909592792283,245.7336497009181,2054.2091040458486,143.84027879234742,0.0005123047,0.0012696137,4377.1855967227375,0.010436455,0.0013502748,0.09004880546693736,0.017248330126408952
-357.21976,18.353125,149.11339,11.205238,-44.544086,7.9324236,65.421234,10.156199,-51.956867,6.8209686,47.445618,4.6414447,-24.159912,5.084951,28.20141,4.569303,-11.1961565,4.33827,9.244832,4.243096,-7.2344117,3.8186357,6.7126966,3.6363158,14.516422,3.6893215,1953.6736557409004,300.00127969292816,2056.6656787255793,173.0172073912969,0.00057126756,0.0016375248,4359.174646081062,0.009312554,0.00087654934,0.09978724079176333,0.020343637095067108
-341.59485,16.204159,159.44205,12.644273,-44.233,5.872013,72.78034,7.020088,-39.21375,7.385848,46.172173,6.4651847,-23.80095,6.299454,20.391726,5.3726277,-13.556244,4.2129035,9.181278,4.4078193,-4.618674,4.1938825,0.7919407,3.8142815,3.0347557,2.971336,1707.504770780623,292.58758055620655,1937.1426647558076,241.16589981877965,0.0004282695,0.0005581102,3998.206217825551,0.0106636295,0.0008492549,0.08037947723317865,0.019262859797366486
-369.06287,24.282124,151.41917,15.337832,-30.413343,6.6790485,76.28574,8.917221,-35.389538,9.176457,48.132732,6.630547,-19.016506,5.7938,22.594915,5.682574,-10.312681,5.062011,8.447516,4.7008023,-6.5047984,4.3722196,-0.26466155,5.3174043,3.4002218,3.3741806,1679.834515411247,383.5079369868778,1998.1616689952123,296.6863768735475,0.00035220967,0.000744232,4021.188290766386,0.010308193,0.00072621217,0.06946962006960557,0.023387548213105368
-336.3905,13.011596,146.94008,8.286285,-53.459965,4.3028092,70.59751,6.260524,-40.24205,5.905088,55.376915,4.6947107,-18.46495,4.5109916,28.381695,3.878197,-15.237643,3.4954586,8.071645,3.725102,-2.6315975,3.528617,3.4839253,3.405733,6.7426486,3.3768096,1943.198910305054,235.84500521014655,2030.6306821281855,145.19318101096687,0.0005950907,0.0008839063,4354.303445838167,0.010108596,0.0008842211,0.09791795062354988,0.019763602717286558
-354.48245,16.910965,153.42204,9.246482,-44.707832,5.902117,62.956093,8.748127,-52.90247,6.7569995,45.167408,4.843914,-27.512905,4.0134063,25.610205,4.195599,-14.69894,3.7183747,10.593528,4.3415527,-1.7523173,4.225281,12.405398,3.7186558,13.97757,3.41765,1913.8345635547848,263.8264510872778,2044.3622996000245,178.38194572045614,0.00051044015,0.0008380528,4330.4470549050175,0.009340584,0.00076462625,0.09797912739269142,0.017658981622359838
-343.38385,19.035297,157.91501,14.783211,-42.900055,5.7302775,74.163734,8.541524,-39.886112,8.604399,44.70932,7.133558,-23.338604,6.4799414,18.475746,5.2229776,-13.290842,4.905744,9.07801,4.3524766,-3.741155,4.537427,2.151504,3.6947699,4.4486485,3.0522888,1719.2655017498762,327.96458803532107,1930.797287111262,259.80298916096143,0.00048787045,0.001460283,3996.607464925319,0.01085283,0.00088183733,0.08140928618039443,0.021639737975613887
-342.72263,16.355175,156.8576,12.678233,-44.218098,5.085059,70.32894,6.489366,-38.26375,7.085378,45.260616,6.545767,-20.204304,6.5457735,21.22814,5.6392016,-11.196763,5.0056477,10.719219,4.4667296,-4.256008,4.249799,0.8949068,4.1936116,3.0395641,3.5878465,1730.2785903834354,290.7195880359882,1947.964496839046,246.93255191779025,0.00041252168,0.00018762736,4025.8846274108178,0.010343993,0.0009313505,0.08288885767111369,0.018709745512437804
-345.23257,17.762987,162.4837,14.000162,-46.682167,4.7388897,74.831184,7.0730195,-40.525955,7.8663545,46.77932,6.6820602,-22.837446,6.4482126,21.053064,5.486208,-12.959286,4.475359,8.701383,4.311718,-4.3329487,4.663165,0.48441643,4.228816,4.34952,3.0122237,1666.4843170154384,315.87049490479035,1895.3779637743282,254.13599414739332,0.00039753225,0.00033036555,3883.545658262036,0.010674305,0.00080768863,0.07941764247389792,0.020606735232773715
-350.50983,16.634838,151.57657,10.179012,-44.929478,6.527907,64.81027,8.875878,-53.080944,6.269028,44.107426,4.270529,-26.40256,4.693655,27.353556,3.7348,-11.064413,4.261,9.159197,3.6511135,-7.6070447,3.5319502,4.9191413,3.477163,13.17432,3.5283966,1929.6391844136872,274.84221518906907,2036.0523873174748,162.0950600956075,0.00050595,0.0006524551,4322.9778811992455,0.0095778685,0.0008808365,0.10012937753770301,0.019626749402030907
-345.6187,14.019166,136.84805,5.803465,-45.845127,5.9422965,87.29693,6.733007,-43.359257,4.9615483,43.49142,5.156978,-23.07718,3.6814623,35.386463,3.9905508,-16.06008,3.8411708,7.3536186,4.1993976,-1.3217542,3.883447,-1.1648226,3.9064486,0.45438644,3.5071247,2131.736281695794,197.4708716161315,2136.2265965890324,101.68889996928725,0.00062060053,0.00043745636,4699.409247661688,0.009558872,0.0010251558,0.10422822107018562,0.020285025940457748
-344.3115,14.532363,148.50133,8.6039,-47.185043,4.6399937,69.99879,6.7541027,-37.716133,6.443494,53.174797,4.4409513,-16.64844,4.5927052,27.191559,3.820423,-12.725326,3.8488734,8.532498,3.9640298,-3.2805557,3.9007277,4.658878,3.6981893,8.004736,3.5369132,1844.752005686455,248.7955527600696,2018.5621075464994,164.5206445855659,0.0005610588,0.001091806,4234.222114722303,0.009937706,0.0010195941,0.08677131670533643,0.01860088767998589
-329.88535,10.756274,126.72562,5.661753,-89.98447,5.7590947,86.82466,4.435476,-42.300484,4.7497263,50.25949,4.9872813,-28.124746,4.207476,30.472992,3.687675,-15.027885,4.098237,12.988807,3.6463947,-1.4380608,3.906172,-0.55996555,3.8841922,7.2752185,4.0562224,2508.927939667939,133.91236855847927,1915.8776743223843,108.5023615964648,0.0013182162,0.0022502053,4602.384931028857,0.008138714,0.0008204517,0.17700365247969838,0.015026328588777003
-365.18256,23.241917,150.93085,14.583993,-29.645582,6.179637,73.39187,8.94767,-35.888294,8.714822,47.81908,6.786099,-17.668325,6.1509247,22.07412,5.9043646,-9.264576,4.2456865,14.034847,3.6528444,-2.1456697,4.4482026,4.856392,4.396804,4.9005017,3.415355,1676.1296997774882,364.7614805481261,2017.941440226977,287.91955315097647,0.00034517798,0.00043604508,4065.5037227196926,0.010331756,0.00095393864,0.07148958635440836,0.022564878658850446
-348.23636,17.936775,140.91553,9.1298485,-33.99341,7.7356234,70.56908,8.831327,-45.669853,5.2953734,43.96234,5.178201,-21.304348,4.414205,25.27381,3.9344,-8.259369,3.7645595,15.229281,3.389095,-1.9232463,4.0319333,-0.18086636,3.653333,-0.28030264,3.4730914,1952.992638401428,280.02795689520565,2103.119141478746,147.83627479215892,0.0004648039,0.0008089508,4483.627567158498,0.010498655,0.0010032025,0.0901485009425754,0.019247537042421027
-353.94144,24.927002,149.86195,16.463318,-34.005795,6.112946,61.733624,10.289161,-36.09425,9.395825,44.72317,7.863067,-10.9616585,7.058733,22.70831,5.7944407,-9.303019,5.0506334,6.796151,4.4273543,-6.804814,5.117823,2.9243197,4.598674,3.7937446,3.458407,1722.627445755938,373.8336548091597,1961.8821047784882,300.33803471081063,0.0005062869,0.0017387631,3990.936888232309,0.010154534,0.0013739294,0.07799131743039443,0.02520403098357087
-351.41177,19.410261,153.85155,12.966992,-42.44836,5.5527606,67.091515,8.372743,-37.23287,7.90773,51.08967,6.359528,-12.235098,5.810394,23.913187,5.1987734,-11.561029,4.727504,7.995243,4.1663265,-3.8613966,4.127342,4.5766735,3.6397367,5.717591,3.362957,1702.6607844149573,323.7475780818317,1938.5352944637614,244.3596606451185,0.0003999869,0.00043053404,3964.082835611224,0.010239543,0.0009230443,0.07611069823085846,0.021235278769490332
-355.96426,17.6223,147.52516,10.260734,-47.786316,6.921507,67.03795,9.841951,-53.15073,6.681165,48.326534,4.54273,-22.795094,4.2635274,31.071133,4.147276,-9.966638,3.721704,10.832482,3.6074595,-6.491099,3.695157,5.5961413,3.8361957,12.456169,3.4688644,2021.467170875827,283.7344557842494,2078.6608383597386,148.87844843904045,0.0006273375,0.0010710553,4476.58306219185,0.0085951,0.0008169804,0.10708087115719257,0.022431028509420185
-342.9486,20.36826,165.11441,15.839993,-41.95038,5.80727,67.007484,8.365866,-40.89678,9.6097355,42.71822,8.268837,-22.984524,7.269327,18.159199,6.082284,-12.972182,4.9656143,8.671825,4.556073,-3.9619005,4.5670066,2.8639214,3.5846283,4.4815273,3.3802145,1618.1383217982418,313.25269728832495,1870.69033033975,284.4545805944337,0.000358629,0.0002636095,3779.9264859157483,0.010950407,0.0009692544,0.07571418213457076,0.017653730160043936
-351.71375,18.393923,149.2713,11.350504,-37.10287,5.223915,67.2787,7.8332405,-35.38762,7.5263023,49.761856,5.0051517,-11.779514,4.793601,23.436476,4.4011235,-12.494976,3.8762317,5.778901,4.230883,-5.269682,4.223258,4.4279027,3.759433,6.2936654,3.3113244,1723.140206099438,307.2852117023166,1974.0456880880115,212.9826611359384,0.00041714255,0.00049535464,4038.200020845418,0.0100874975,0.0010459012,0.07862347737819025,0.020645708889916386
-343.40256,17.361399,158.74968,13.200119,-45.141357,5.5767727,73.68479,7.068314,-39.643333,7.7194114,47.75432,7.150561,-21.684246,6.651203,22.947878,5.752821,-11.615783,4.891263,9.103457,4.4122066,-4.6222396,4.7186527,0.19351603,3.7126894,3.0186799,3.2072384,1714.6067716000528,306.5762880812466,1941.4475985780273,253.3945007182146,0.00042424983,0.0006280558,4008.598111677059,0.010817867,0.00092215755,0.07858269286542924,0.02040558711133323
-358.4461,19.687029,150.02159,13.560486,-37.92041,5.3775167,66.30779,8.890595,-37.585377,7.629643,50.94555,6.034948,-10.12925,6.320114,26.075573,5.333669,-10.769196,4.312951,8.625004,4.200677,-4.466347,4.333805,7.5321836,3.7172172,7.577811,3.1662724,1735.0167293690429,333.98676150778016,1999.113898497689,256.7962522838269,0.0004334765,0.0009458077,4082.290628172129,0.010062773,0.0012018235,0.07695697687064965,0.022256860333535494
-367.21158,29.585144,145.11252,17.502136,-27.047253,8.926192,76.763565,11.449043,-34.962967,10.285423,44.56163,8.000017,-15.196785,6.6045647,25.32905,5.251093,-5.2674966,5.4732265,11.680317,3.6736002,-3.8762655,4.4760513,1.4960251,4.677998,1.1612613,2.9990604,1713.8769089662994,435.02908423276244,2011.845800224187,308.2897166830108,0.0002957201,0.00014732587,4056.0610884026974,0.010812512,0.00096948695,0.07136383410672854,0.026393293168167627
-323.43323,6.7634506,117.824615,5.615034,-75.6524,4.257387,78.66783,4.506249,-48.52037,4.941454,52.338993,3.9555438,-29.300169,3.5741801,30.650703,4.2187595,-15.595351,3.8667302,12.222658,3.449435,-2.7869732,3.7001517,0.07949708,3.7315242,10.972553,4.0489492,2705.8229716660844,140.5018094437084,2105.3152672892375,73.71669738470523,0.0016133289,0.0030746907,5245.058616408062,0.008151655,0.0007632019,0.18702644649071926,0.021681428221112093
-358.9649,19.506298,152.51057,10.282733,-43.654465,7.0323405,60.652225,9.9267845,-53.873394,7.145916,46.676,4.7340937,-23.505098,4.244515,28.848768,4.2682004,-12.184801,3.8014817,9.233252,4.4625163,-4.303743,3.7130508,10.131473,3.6985888,14.656484,3.5612335,1907.9111357355448,291.741940808408,2038.1295926634934,180.78547420849532,0.00047529297,0.00047640418,4287.580492767546,0.009186485,0.00091391447,0.09803010803364269,0.018750501122774488
-352.47992,22.274837,155.28122,15.382724,-38.553146,5.8683147,65.42767,9.604224,-39.587097,8.526788,47.727867,7.2038517,-12.507672,7.0832596,22.821453,5.456768,-11.467819,4.830358,5.621977,4.20307,-5.533609,3.888558,4.3713374,3.7076783,5.169412,3.239757,1686.8306019214651,346.1551788563478,1922.0990142973199,274.87212223006793,0.00043060211,0.0012136986,3931.0336155017403,0.010357574,0.0013296541,0.07763332004060325,0.0215354619937656
-345.3048,17.441402,159.12917,14.017601,-42.10642,5.291089,71.92149,7.0587416,-39.34385,7.9980397,46.951664,6.5341725,-23.262075,6.6122103,20.587072,5.60481,-13.174861,4.930205,9.054018,4.986783,-4.9008107,4.568063,2.5170858,4.0382433,4.2682033,3.4995186,1707.3840544800287,317.56635031861094,1957.531173733514,268.3140958088342,0.00044932016,0.0009627166,4024.985328904437,0.010677119,0.00079600216,0.07743619489559164,0.01997038736252469
-340.2299,18.800344,159.82564,10.41856,-46.11201,6.797728,74.781136,6.133055,-42.708885,7.105134,46.02585,6.379518,-25.327127,5.4104786,22.763792,4.844114,-12.707127,4.2729435,8.408083,4.084326,-7.357944,4.22773,-1.2647419,4.2258353,4.4390845,3.279387,1724.6800733760642,259.5701940087733,1939.3623869373548,192.41990390077774,0.0004236853,0.00041506838,4015.4177920171114,0.010854298,0.0010782916,0.08149198810904873,0.018858505834782113
-345.10278,17.08761,146.70853,9.842111,-33.511395,6.5376053,62.877666,9.409456,-46.15341,5.7119813,43.234776,4.529063,-23.701342,3.9194667,21.855036,3.6779008,-10.398056,3.7984335,13.042102,3.470371,0.3952891,4.427373,6.0320807,3.9290085,4.01483,3.3533611,1871.6474719996625,288.23452765628593,2056.4482979020213,157.18464137007277,0.00046877287,0.0008319893,4331.820983178654,0.01052992,0.0012589609,0.08920139392401392,0.01965827558799124
-361.5923,24.742737,148.98456,15.633327,-30.07682,7.352936,65.983475,10.794381,-41.030136,8.086655,38.3621,7.321563,-21.245068,5.8585114,18.984201,5.322653,-8.200814,4.840924,11.767107,3.481025,0.9605475,5.213252,8.387327,3.811028,7.266437,3.5777395,1722.1730267354412,387.8115759205827,1955.4724395974174,286.6112817736028,0.0003234418,0.0004039291,3981.64413699971,0.0107899355,0.0011164933,0.07525875507540604,0.02037698624110518
-349.76392,17.597261,150.9984,10.027256,-45.024456,6.798867,61.100605,8.381754,-53.298344,6.7152944,45.183334,4.8679914,-23.692417,4.089755,26.370083,4.3802686,-12.1097,3.6697776,9.50262,4.19076,-2.3376944,3.8481574,11.007626,3.5396268,14.8009,3.6119845,1916.7915407665182,275.86417033795414,2022.0306780851006,166.03897562887687,0.0005405285,0.0015957818,4320.479829792634,0.009781609,0.001029871,0.09645877138921113,0.01648514461356902
-353.89313,17.120872,153.97234,10.69513,-46.168804,7.0613523,65.86576,9.003992,-52.543503,7.243305,47.729164,5.6070967,-27.431211,4.622584,26.908855,3.8973813,-14.926197,3.8626928,8.421813,3.4532619,-2.9493294,3.910761,10.255475,3.698882,13.496135,3.6940362,1910.9776337621515,292.7705359229468,2032.5912305797815,183.10003479035376,0.0004723437,0.00036552412,4310.037974912993,0.009586664,0.0009373662,0.09501318699245939,0.01809595219749581
-353.8679,21.558098,153.73013,15.313185,-37.6957,5.513045,66.02705,9.547707,-36.83215,8.713107,50.17136,6.551723,-11.224699,6.6097145,24.002625,5.5174956,-11.503988,4.6780677,6.6315494,4.675038,-5.7458863,4.7457786,5.1102962,4.2283607,5.065935,3.4292643,1691.8075637668326,368.59531284629895,1950.23291562623,278.980449179609,0.0003876763,0.00038663426,3950.318572360789,0.010211373,0.00092663907,0.07885572252030162,0.02425425037071211
-349.25824,17.111586,149.68028,10.100553,-45.329216,6.4448423,63.244343,9.122187,-50.993973,6.7657804,46.417892,5.0547853,-24.926338,5.0676575,28.983473,3.8070264,-9.486191,3.9555478,8.706075,3.422589,-7.816356,3.7835488,3.3584123,3.7960145,13.6770315,3.4569306,1928.8340397223965,282.06373856300115,2032.7429291503013,163.49705907460316,0.0004610473,0.0003166408,4334.468917669664,0.0098503865,0.0009775227,0.09747951711136892,0.017145177989892717
-351.21533,20.794363,146.82167,13.362864,-39.460888,5.694196,68.459724,9.468042,-35.99833,8.202749,49.956894,6.212742,-10.153465,6.3384686,23.55619,5.403183,-9.883122,4.529524,8.272367,4.1925006,-2.949276,3.8462186,5.6700635,3.5160208,5.5798492,2.8208296,1767.9500329990349,338.8329669444964,1980.7875212522542,239.37320275887922,0.0004140633,0.0007909044,4104.997915458237,0.01055236,0.0011213599,0.07700116009280743,0.02278537274319497
-341.22787,17.723125,160.46477,12.524597,-42.050182,5.5008163,70.98137,6.703473,-38.261673,7.4093285,43.01089,7.0836506,-21.735603,6.410997,18.628584,5.2715936,-12.119697,4.8352194,8.775888,4.0166945,-2.979773,4.325205,1.7934208,4.0105405,4.68571,3.3275042,1637.4008034870938,287.2125841289767,1886.3330308289603,240.05650774079203,0.00038553597,0.00041668056,3843.3769916437063,0.010954016,0.0009946044,0.07580028277262181,0.019118684755020886
-341.65662,16.554789,158.14824,12.389845,-44.6694,5.374953,72.607254,7.11095,-39.475166,7.6677656,46.78689,6.6267257,-21.43915,6.099658,21.757824,5.315549,-12.746604,4.6658354,9.560359,4.1306024,-3.8857548,4.4378686,0.83206666,3.5829983,3.0110254,3.3487988,1712.1116021867197,290.9725224267014,1938.2221101680793,232.35392158441218,0.0004134033,0.00040679067,3996.607464925319,0.010797286,0.00085874094,0.07942557279582367,0.01990126630240448
-345.97363,21.997652,165.99236,17.012638,-44.50471,5.3762636,67.849205,9.123704,-45.246002,10.084027,39.386547,9.127758,-29.217455,7.1457877,18.87124,7.0620284,-7.807324,7.0771537,12.977646,5.0061493,-5.677988,4.761372,-1.7394426,5.043175,3.2322564,5.0133815,1656.1401737283752,341.1636715771079,1863.8490560317073,303.4862230466245,0.00040598804,0.00071004883,3810.1279274216936,0.010758608,0.0010800705,0.08001015081206496,0.019361649426424845
-362.7566,25.848776,150.94205,15.316131,-30.202604,8.528798,79.26572,10.496321,-36.860153,8.880354,46.96964,6.7141113,-21.044817,6.183331,20.744553,5.66466,-10.992744,4.679497,10.779251,3.6830432,-4.429949,3.7792091,0.1373497,4.60194,3.3081126,3.545483,1706.3313125011045,383.1628087327128,2002.419874622591,273.3274324678115,0.0004029093,0.0012289546,4059.3335357453598,0.0106094815,0.0009544948,0.0732353900812065,0.024210194116153043
-332.83542,41.6926,145.98744,14.3705,-71.69152,15.166175,69.70944,9.387116,-53.274887,8.810427,41.21802,7.184814,-31.840652,8.14635,22.219723,5.876722,-14.211435,5.5763535,8.829476,4.110408,-0.74281675,4.566499,1.213665,3.933894,6.2457256,3.3098135,2162.1050257611123,348.6321649380122,1922.2620415166766,201.86768650744648,0.0009232694,0.0016225402,4392.223866190545,0.0088818325,0.0023174419,0.13461494888341066,0.03429320974507077
-347.0222,14.9177265,141.73367,8.655843,-41.92217,5.975755,62.59438,7.942488,-45.12563,5.718504,41.30767,5.3420987,-20.391666,4.5742054,31.056042,3.7277796,-4.5008354,3.9453921,10.764725,3.6344614,-7.754099,3.899671,-5.204153,3.5245929,-0.5349582,3.3556845,1956.104537840328,251.3456857920483,2044.297500192257,145.23709343567626,0.00051986973,0.00087379786,4404.489298597013,0.009945816,0.0013544986,0.09835411832946636,0.01748294880357101
-354.5897,21.522396,155.08804,15.27619,-40.37162,6.0258007,69.79022,10.090003,-39.775177,8.276025,52.176342,7.0490966,-13.313438,6.8873076,26.520355,5.706255,-10.9729595,4.685299,8.518099,3.833329,-3.7129765,4.088739,3.8122923,3.381457,4.998457,3.4489899,1706.4495940126071,372.3919845585775,1960.6743073550017,276.86894646113996,0.00039904632,0.0005933179,3999.005594275667,0.010527006,0.0009398559,0.07466284802784223,0.022906640800596022
-352.27814,20.630209,152.0246,13.428582,-41.65645,6.10931,71.33913,9.78079,-38.62051,7.731851,51.524353,6.2221384,-11.932276,6.312263,25.031813,5.1488895,-12.055435,4.3209643,8.106905,3.7897677,-3.5200863,3.914641,5.0718937,3.489387,6.0869055,2.986003,1731.8903236369163,332.2089509682067,1962.5533170866277,237.00849786648223,0.00039986218,0.0005985226,4032.4045415820765,0.010562926,0.0009919162,0.07686634462006961,0.023350733032595827
-350.9716,20.12771,155.08147,13.186017,-42.300278,5.112401,65.5787,8.656814,-38.354244,7.993147,49.549088,6.1666765,-12.09487,6.5260754,22.73787,5.043383,-13.105087,4.742349,5.206529,3.857104,-4.485741,4.079354,4.603955,3.4403932,5.2201004,3.2854834,1690.7137897691382,325.1688825526943,1911.4108654136246,246.54599976619843,0.00036832097,0.0001907764,3912.1483468677493,0.010250614,0.001071235,0.07757894069025523,0.022209988642640722
-361.94626,33.662323,134.74365,15.719269,-26.276592,11.750292,69.3666,9.92347,-26.996279,9.652123,42.43525,8.091547,-12.17152,6.774627,23.010662,5.3338184,-5.2980123,5.2204957,9.5222435,4.0759487,-2.84507,3.9087296,2.5326746,4.4157887,2.1032739,3.2120035,1794.1927371457316,398.5709428202636,2044.6997513639883,286.15665463675884,0.00038722446,0.0007037438,4204.645186068011,0.010388897,0.0023820207,0.0735401410237819,0.02535291178708577
-343.01053,17.154266,159.0487,13.388761,-45.53648,5.810368,71.41659,7.405875,-38.67421,7.748983,47.176453,7.511886,-19.897257,6.0890126,21.850718,5.528762,-11.609642,4.563018,8.957441,3.9708402,-3.5536878,4.001849,0.2564982,3.9862728,2.8645205,3.5315828,1692.4476073757157,297.46735813794487,1913.3693983460785,247.87042943329823,0.0004991051,0.0014968002,3941.750256036108,0.01069285,0.00096580497,0.07955585665603249,0.01817488385889342
-341.55823,17.773888,158.32204,14.069168,-43.935062,5.1397023,73.24584,7.9823327,-39.216057,8.277471,45.40531,6.9535794,-21.931734,6.312948,19.249287,5.016175,-11.426564,5.0518327,9.816189,4.185251,-4.1657076,4.2248235,0.31657243,3.8408825,2.829649,3.299679,1700.1901465605838,318.58127851762004,1915.3708637440193,244.71562836770957,0.0004415465,0.0010586237,3949.4692348825406,0.01087589,0.00091116974,0.08013250435034802,0.020273945988849323
-350.02765,17.34794,153.70357,9.661626,-47.17281,6.0948753,62.076267,9.59154,-51.036274,6.7624645,48.723274,4.9527407,-22.118805,5.1391635,27.625322,3.53842,-14.131987,3.688801,7.2886443,3.6914852,-3.6559112,3.7317455,8.705492,3.4758246,13.817377,3.8329415,1877.6883862290529,263.8844868466244,1996.9087589718592,158.71570305970891,0.00047491706,0.00043035677,4218.434429832511,0.009622107,0.00096374855,0.09500978828306264,0.01516370143723835
-351.9697,16.90959,146.437,9.418423,-39.555443,6.4838915,60.40322,8.635216,-46.603638,6.533455,43.182236,5.0879498,-23.25309,4.973664,26.058582,4.212174,-6.448392,4.0905585,10.339917,3.3319774,-8.5973625,3.866054,-1.0674558,3.7337875,7.8714085,3.372112,1888.5363716734907,267.5723569313328,2026.20308297524,165.68921398770357,0.0004846424,0.001063916,4294.300251051334,0.0099143,0.0012588815,0.0920902969112529,0.015553843177127116
-346.09253,20.911453,165.70526,16.909126,-42.098763,5.7179604,68.00252,8.364718,-40.781197,9.446168,44.35648,9.039543,-20.581015,8.100842,20.948664,6.1694937,-10.693934,5.4373126,8.281209,4.451308,-4.222192,4.62926,0.9826113,3.6332672,2.979503,3.013787,1606.188428631794,333.97002562236645,1865.2392186974403,306.9375057440999,0.0003515672,0.00027594616,3783.623601997535,0.010907616,0.0009061139,0.07368968423723898,0.01908127453570607
-360.90778,25.0916,143.93253,15.381912,-29.847906,7.904138,75.12721,9.9888935,-34.57859,9.549237,45.061367,7.663498,-14.391975,6.415287,25.452663,5.176924,-5.2563887,4.869656,12.530298,3.5049121,-2.0226994,3.803537,1.7725949,4.247412,0.9411757,3.3543508,1740.9842921477903,401.2093194211962,2017.647735261746,274.74101254846283,0.00038687626,0.00088509725,4119.811360299449,0.010863698,0.0009964936,0.07281961463167054,0.025430291321669022
-347.48068,20.611353,165.79935,16.88618,-42.411026,6.104005,71.28424,8.693353,-41.357925,9.59477,41.823166,8.4823885,-21.665794,7.552779,19.349148,6.29701,-10.709628,5.1348405,9.434942,4.207917,-3.769469,4.57567,0.76119924,3.8867881,2.9173014,3.2260385,1600.2439666972296,330.6766576442515,1852.1225622956727,293.0872359112262,0.00043703793,0.0014900919,3757.0443350311775,0.010790825,0.00090202526,0.07470136673433875,0.01983902721110006
-341.07974,39.78862,136.60664,21.469803,-62.87625,12.671108,78.24349,11.541089,-54.43154,11.366701,50.530643,8.792279,-31.160723,9.625263,29.834719,8.491388,-15.611981,6.2021904,12.187445,4.665011,-3.6540906,3.535853,-1.1047633,4.504986,6.7351274,3.7733839,2438.6464541433343,582.697332916598,2099.618023052738,257.24457133820994,0.0015492504,0.0058870325,4979.041122117895,0.008198861,0.0015091199,0.1564335303074246,0.0641771921489448
-351.62653,15.963106,152.96315,9.660995,-46.010426,5.825406,64.90437,9.1598015,-52.4908,6.302773,49.26508,5.1862264,-23.73235,4.8978343,30.899126,3.6593642,-10.67524,4.1496487,9.385228,3.5470145,-5.734803,3.747855,4.666354,3.3949065,11.519974,3.7106376,1900.5649858304507,269.799435593538,2039.0068512312846,164.694224957082,0.00045811836,0.0002952914,4317.632051189095,0.009815404,0.00094669283,0.09417710448085846,0.017659180403321272
-341.83075,17.516726,160.17612,13.402234,-44.880627,5.205486,74.79763,7.1611123,-40.138023,7.6895576,45.66834,7.039758,-21.962196,6.024605,20.203163,5.477826,-12.817574,4.64773,9.139955,4.2508016,-3.5161018,4.0778227,0.8318998,3.484458,3.5084467,3.1292064,1685.6671134496487,308.69457385425426,1904.3109976239273,241.27954316586016,0.00037759775,0.00017650242,3923.5144807678366,0.010957955,0.0009775013,0.08004413790603249,0.019891614497649746
-351.51328,18.417507,153.35115,12.685881,-43.24223,5.8801823,68.96621,8.608064,-37.841434,7.8607736,51.600166,6.5093083,-12.216242,6.368905,24.064358,5.4311686,-11.212558,4.243305,8.178909,3.4221673,-3.1119533,4.0787916,4.53247,3.3464386,5.5558805,3.5607553,1713.0474579762476,319.10403552708067,1939.7460577457682,234.48607400515715,0.00039142108,0.00039255427,3993.384978610789,0.010410902,0.0010794097,0.07643244272041763,0.02142960737107598
-360.4807,20.131975,150.19473,11.754867,-41.29676,6.966131,61.10003,10.021541,-50.181877,7.795616,42.1751,5.534178,-24.274551,5.3828773,24.997118,4.0339813,-11.445158,4.034514,10.102983,3.6926286,-0.9753218,4.7541933,10.81427,3.730364,13.395689,4.163729,1868.371587242755,311.98441300862373,2006.6126207538482,194.08029959396725,0.00039970365,0.0003216394,4197.75056418576,0.009635288,0.0013472768,0.08807302240429234,0.01735157706764186
-330.41177,8.999999,133.19771,7.4919915,-73.13085,4.4329343,85.09725,4.2046247,-50.273853,4.431379,49.174168,5.013339,-26.071371,4.1216555,28.534779,4.498024,-18.842632,4.4494395,14.177619,3.9145827,-2.8282962,4.3949003,-5.1689386,4.50337,15.77397,7.0087085,2431.759727475583,168.294840360898,2028.4642902057512,102.67716680700532,0.0009725907,0.00053632096,4790.563143488979,0.008662676,0.000765365,0.16246850529292342,0.015893315738295416
-340.52713,16.962801,158.67455,12.985344,-46.771027,5.766753,72.62844,7.572653,-38.67394,7.945314,45.694054,6.9955053,-20.17426,6.3905053,20.769636,5.34088,-11.745444,4.552837,8.882193,4.281536,-3.3564599,4.8406835,0.3648865,3.9061894,2.245233,3.2302969,1694.7647815189462,302.2722637194075,1897.8291789484178,234.86964316069174,0.0004350927,0.00067951164,3914.9711449572214,0.010778781,0.0009574689,0.07973032373839907,0.02069026582669247
-346.22803,16.210762,153.61449,11.114036,-45.766975,5.3024616,66.14727,7.762752,-38.9496,6.506456,51.154926,6.07212,-11.518083,5.28628,23.703856,4.9455404,-12.8762,4.116939,6.059589,3.4215944,-3.877416,4.124233,5.5255227,3.380051,6.9254017,3.2411745,1728.8782454320428,270.9165242542495,1924.5817465190257,204.69476104108998,0.00041760574,0.000459321,3991.7362646824245,0.0102718575,0.00093071494,0.08114305394431555,0.016694100754741245
-352.47446,17.17822,151.49632,9.06077,-43.809284,6.4181256,61.86936,9.362034,-47.82475,6.244321,46.735973,4.618323,-22.74658,4.638183,28.756557,3.6344779,-9.06513,3.93972,8.298282,3.1564946,-7.186762,4.141279,3.7292657,3.830177,12.691762,3.5915554,1844.7737320739827,256.17363377427586,2002.3595242283698,152.090902322355,0.0004414832,0.0004790625,4195.452356891677,0.009870418,0.0009902058,0.09147966212296983,0.015655595557955336
-356.21655,21.797033,147.8874,14.399023,-35.019417,6.7303324,68.05341,9.350436,-35.596306,8.4046335,48.503586,6.9389267,-10.115556,6.9413757,26.713411,5.317762,-7.7340465,5.0837874,8.4192,3.9044087,-3.3436656,4.184435,4.3459845,3.9632676,3.914813,3.5154057,1714.700152446538,351.2835732204166,1985.3606005277677,270.23071256207567,0.00039170147,0.0008169779,4061.3569573847158,0.010681294,0.0013800545,0.07304166364559164,0.020878274682783683
-356.7859,21.673672,142.21898,10.980013,-35.540154,8.685971,63.47823,11.210195,-45.60058,6.9621005,41.574673,5.365992,-19.35277,4.619459,23.689083,4.4502335,-8.457371,3.8746326,9.813342,3.3112326,-7.938185,3.9200675,-3.9647715,3.5389707,-1.4315202,3.5202203,1892.565978104688,313.93777340114326,2026.0388450692417,171.9479476615632,0.0004681321,0.0013346995,4263.399355151537,0.010154701,0.001164855,0.08858849332946636,0.01978895062582556
-337.75815,19.226553,161.60487,16.684538,-47.335175,7.1883373,66.34303,10.198424,-40.14865,8.220766,43.83138,7.579162,-22.70926,5.72419,17.82131,5.0515804,-9.859337,4.4996033,13.023813,3.5701215,-2.1860485,4.4099984,-1.0471201,3.694569,1.1963736,3.7363431,1677.5390729398214,312.3258073046837,1857.2429159601031,257.3188689108549,0.00043837115,0.00065525866,3795.364443608614,0.010810664,0.0013515846,0.0821184835411833,0.02013739642042072
-329.5893,12.472067,150.9445,8.252994,-80.41773,5.9266524,60.48182,7.500797,-48.20291,6.0881114,47.09635,5.931464,-26.220098,5.0321193,25.550909,4.98786,-18.719955,3.661128,6.019513,4.1264386,-5.2958393,4.625022,3.4957879,5.0466766,12.836496,6.9643965,2025.8450169229038,185.32327094981656,1848.8898414281275,150.52544176838916,0.000723969,0.0010437852,4085.8628416835845,0.009393991,0.0008146791,0.12298116661832946,0.014613581821152995
-348.15198,18.502125,162.18445,15.844715,-41.466003,6.343489,70.308464,7.8687997,-37.343037,8.853076,45.102016,8.092867,-20.590197,7.1852202,19.676243,6.016744,-11.597982,4.989446,8.574316,3.8872943,-3.5627787,4.4685583,1.1012198,3.6525512,1.6373534,3.136508,1611.9299468076247,308.38385375056333,1881.3139499346653,280.4369412073097,0.0004092258,0.0009244299,3819.345737112094,0.010776606,0.0008257011,0.07370667778422274,0.018217688685128405
-348.5689,15.364011,139.83061,7.864894,-37.134315,7.0486226,72.66349,7.459509,-42.830833,6.045589,39.72048,4.771787,-28.058542,4.7585573,25.257006,4.5546,-11.569916,3.944993,4.741731,4.3306727,0.9431556,3.6749082,12.999112,3.4415565,8.5065155,3.602636,1959.4971702389773,237.4113986405192,2084.45173600431,111.9922540686348,0.00043794056,0.00050074304,4514.10379431917,0.010724304,0.0013268928,0.08837777334686775,0.0192616416432749
-351.23917,16.30545,145.33028,7.4896317,-32.28607,7.89852,69.30662,7.983245,-46.206833,5.265662,43.13507,4.590237,-24.168173,4.2554555,21.940008,3.9491289,-13.240739,3.397168,10.730965,3.4393165,1.8507605,3.8246858,9.211692,3.445582,10.765725,3.4335845,1863.2391473479404,231.4877682896198,2077.4892877362495,116.63410025355397,0.0003951394,0.00042628724,4407.187194116154,0.010559607,0.0012053282,0.08256937898781902,0.01827479921954388
-349.13614,18.40043,160.10977,14.295614,-42.617184,5.1700363,70.551476,8.337788,-34.429768,8.4044695,44.248196,6.8263106,-18.870573,6.402346,19.365257,5.461495,-10.03418,4.8632503,8.31696,4.0274787,-3.3337793,4.4701767,1.426889,3.5920055,3.0847857,3.4397912,1598.980787961634,304.34601527959035,1859.1992075459655,253.57285031103362,0.000353009,0.00045139427,3739.832760839617,0.010828026,0.0009217105,0.07015502646461717,0.018819009770294097
-360.02222,21.315521,150.29214,14.268922,-34.865147,6.734329,68.38804,9.927555,-35.540855,8.286203,49.148247,6.700643,-9.886753,6.8056765,25.828726,5.498969,-7.9542646,3.868308,7.9427986,3.8496509,-3.9423614,4.419304,3.1220481,3.5476377,2.8356295,3.8556492,1671.9184962872387,334.69114028475695,1962.3859105987112,261.4140217495419,0.00036848802,0.0009136092,3978.9962025087007,0.0106339315,0.0013258017,0.0681735788863109,0.02046208929828079
-349.71872,17.902287,152.95871,10.083304,-43.759216,7.0082026,60.24516,9.880095,-49.66073,6.9123197,42.987442,4.9828577,-24.194193,4.473249,23.95804,4.021274,-12.991667,4.047933,7.6973944,3.7482688,-1.1073313,3.6430604,10.619931,3.6123424,13.242381,3.786686,1834.0609797638094,260.75500128342685,1963.0688906659127,165.63350051114963,0.00051059877,0.0014895896,4099.352319279293,0.009934094,0.0010291637,0.09419409802784223,0.015012033017917356
-355.56833,19.507399,154.69524,12.956916,-41.333626,6.276126,70.62424,9.086551,-38.72775,7.9997997,49.675568,6.2235146,-10.763679,6.1660757,25.275934,5.2570024,-8.999417,4.246275,8.763133,3.6259222,-3.1117089,3.576118,3.9720721,3.225994,4.284955,3.2588646,1662.9836464504695,307.1661865425323,1918.9236079596085,227.721506063933,0.00046212753,0.0021869084,3917.294332765371,0.010561109,0.0009830141,0.07117577218677494,0.021078840736561518
-349.0501,22.443743,164.23575,14.946423,-45.493683,9.388747,71.718475,8.562876,-38.37991,8.702137,43.210026,7.7948184,-21.907978,6.1929526,17.343525,6.072926,-12.76761,5.1053452,8.559282,4.6975274,-2.595796,4.6552415,2.1253192,3.62227,4.016123,3.4075365,1606.9792964635112,302.11019878619885,1838.1584573134285,257.9725654202088,0.0003804402,0.0005109267,3731.014639374275,0.010407976,0.0009983138,0.0772220762035963,0.02111222707376908
-344.5847,14.0748205,159.39368,11.289245,-43.95303,5.1153107,71.642685,6.2696385,-36.55211,6.7909226,45.222183,6.5733967,-20.889963,5.953524,21.107435,4.9335685,-10.510623,4.461044,8.567668,3.754076,-4.322815,3.9466302,-0.6243568,3.9657025,2.353266,3.1964045,1643.3419198470742,246.20066318155042,1893.3242508587678,211.343584616442,0.00043046725,0.0010777499,3868.407466737964,0.010695238,0.0009579624,0.0734257178074246,0.01444524130876317
-351.899,17.435379,149.9629,9.646821,-37.57737,7.4624934,61.907055,9.749841,-47.55951,6.0985546,42.481937,4.7797794,-21.766792,4.864396,27.931807,3.6753294,-4.905583,4.017197,12.10245,3.1787076,-6.596461,3.9230804,-3.4231737,3.638324,1.5438716,3.143094,1823.0588138818819,254.99114822347252,2000.498511636278,150.54286724033096,0.0005405157,0.0019721966,4177.990977559455,0.009935067,0.0010862139,0.08966248549883991,0.017168828549881752
-347.8985,16.582018,164.37245,13.125984,-42.753372,5.2146754,73.63295,7.1917157,-38.52208,7.773068,43.71115,6.986839,-22.339714,6.1062417,17.629896,5.2873588,-12.829184,4.51751,6.805809,3.8763888,-4.1780305,4.386193,0.34662417,3.6394987,3.0555046,3.2149098,1576.3785408212432,272.78778261877125,1843.1649441387337,235.3830201332221,0.00033713016,0.00024987862,3728.041958200406,0.010911218,0.0008475982,0.07173089472157773,0.01640630630397492
-351.1707,18.88111,162.57367,15.468042,-40.014378,5.503651,68.4266,7.568528,-34.021656,8.964353,42.18098,7.693587,-18.355286,6.835191,17.591196,6.0269113,-9.458731,4.6691256,8.177284,4.195274,-3.5006602,4.6776533,0.6320093,3.6075833,2.6274035,3.1168015,1542.9367697817115,297.21472080584175,1825.7481055041255,269.95066418911347,0.00035209212,0.0006736172,3643.3580155162413,0.0107868705,0.0009849647,0.06833105242169374,0.017665856327141714
-344.24512,13.791494,164.15935,11.711143,-48.068836,5.0218544,73.65425,6.0064673,-40.281487,7.0206294,45.23227,6.1702604,-23.738379,5.7379174,21.605206,5.3560596,-13.113558,3.9806323,7.936692,4.2982025,-3.6849544,4.027439,0.60544765,3.7528434,3.2512314,3.1042657,1630.5653952879907,250.68145258626424,1871.578663262349,214.03168422275206,0.00039319915,0.00040468556,3813.100608595563,0.01065335,0.00084111595,0.07703401428364269,0.015863345757183196
-346.24442,16.689266,162.21187,12.857019,-46.14483,6.0640507,73.52169,7.511713,-38.9186,8.187792,45.447613,6.723634,-21.483944,6.3225746,20.509113,5.3767686,-11.655754,4.339754,8.074257,4.1567388,-3.4745364,4.143025,0.9568184,3.7631211,3.63809,3.0642965,1631.0146576548061,279.84765203640893,1868.7208223342868,229.20556172099415,0.00039170173,0.0005310134,3812.0764075188513,0.010717316,0.000957789,0.07542415893271462,0.020482567305159564
-358.03503,21.935192,147.99777,14.629574,-32.08215,6.0432305,65.745285,10.192973,-32.62267,8.140065,46.02789,6.662963,-6.658161,6.943523,21.660522,5.5542545,-7.9859796,4.4337435,5.9122877,3.9072351,-3.6209419,3.9934604,4.8810344,3.4838274,4.625347,3.1920695,1644.3871781709522,340.85946958584134,1923.1673754701553,257.76073176419175,0.00038964307,0.0010911638,3902.8555956351506,0.010551988,0.0017859091,0.0699318445475638,0.020778250607835978
-326.62595,8.214892,144.77072,5.49158,-66.02518,4.125415,84.743866,3.7280657,-45.531757,4.5594926,40.38872,4.167778,-23.63258,4.183878,20.870766,3.6658027,-16.0483,3.6637294,13.121213,3.5783663,-4.9866586,3.6693263,-5.670429,3.8475409,9.137591,3.1372223,2099.090834492604,137.3650545625112,1920.69298721289,92.09447146937963,0.00074229576,0.0006446903,4206.144016911978,0.009405053,0.00076260796,0.13065885114559164,0.013000200031965337
-337.9939,13.321186,164.0166,10.1878805,-46.149914,5.399028,72.28296,5.774455,-44.74889,5.694978,40.01917,6.420896,-23.361366,5.592665,18.117733,4.689324,-17.801958,4.081471,4.028814,4.159434,-5.1325316,3.9185328,-0.29387185,3.7960088,3.5218735,3.3983407,1654.2498563511533,224.46141194640018,1857.856854955722,191.228414238465,0.00041266964,0.00036846238,3836.2325646207946,0.010620572,0.00075645826,0.08097538428074245,0.01475845655161917
-322.74884,16.519274,144.63591,9.915839,-55.783085,6.907866,69.71902,5.9845233,-45.482162,5.4003296,40.772415,4.369182,-27.588942,4.7606816,19.882523,4.1310635,-11.545394,3.801423,10.304602,4.4770966,-5.2697234,3.397413,-4.2198954,3.5062766,5.20689,4.3763003,2036.493736418335,185.77449186494997,1977.36065797325,117.74587233424069,0.0007630113,0.00092503626,4357.176204955771,0.009676021,0.0021596195,0.11588806010730858,0.01543279160985618
-349.5507,16.620684,149.63358,9.086054,-38.440777,7.299449,62.764004,9.487182,-48.484936,5.9976625,39.442158,4.995948,-23.303967,4.847413,24.537527,4.18565,-6.6196704,3.7173328,11.896564,3.2317,-5.772036,3.7537742,-2.1465528,3.410833,4.3822374,3.1461833,1826.1831104648631,234.99854756797438,1983.3401979151743,134.90128592285737,0.0004781076,0.0012940287,4169.022973009716,0.010205746,0.0011736258,0.08924557714617169,0.014273620332728694
-352.6941,16.737549,156.05536,9.518961,-44.369896,7.0795817,58.706703,9.433557,-51.113834,6.7992687,43.254684,5.011186,-21.948053,4.520564,26.577438,4.1856256,-10.051456,3.4923542,9.779815,3.534137,-2.0118856,3.7592714,7.126058,3.417331,11.804042,3.8104668,1778.2784109501695,235.25957802587848,1936.4655924065394,147.9223909187886,0.00049992057,0.0015386905,4007.4490080300175,0.009658313,0.00087313354,0.09033316415313225,0.013977122778390687
-338.04028,10.630226,148.93468,6.677314,-52.254868,4.7174993,68.77406,5.515806,-39.28993,4.908712,53.689556,3.983728,-16.923992,4.0259924,27.358255,3.9141986,-14.392492,3.2193437,7.197688,3.3969197,-2.6462736,3.686331,2.5381572,3.199556,6.513111,3.091991,1861.7290015638819,180.5285834411176,1986.8169778023416,113.56085664628876,0.0004923184,0.00028427053,4220.233026845272,0.010184957,0.00085050287,0.09143434599767981,0.016421628914582088
-345.2153,15.708889,159.54666,13.263728,-43.954166,5.6760335,71.72416,7.607596,-35.7443,7.528267,44.584446,6.7383823,-19.452272,5.844615,20.254374,5.332718,-10.221546,4.362228,8.199935,4.1379786,-3.2015631,4.332568,-0.3739639,3.7143404,2.296383,3.2957106,1620.2538392467006,279.5291449555112,1867.3803817552143,230.76288167829443,0.0004228538,0.0009595194,3795.789112347738,0.010760347,0.0008907971,0.07599174340197216,0.018084207687492148
-334.59653,8.655577,117.7078,6.7532663,-53.587025,4.7809386,93.401955,4.3239303,-47.15457,4.096959,57.30999,4.161068,-25.460001,4.155427,33.381424,3.5518506,-11.967315,3.490799,12.469572,3.5985584,-0.78527594,3.2856023,-3.0659094,3.0664663,8.395613,3.3442347,2636.2256793047154,184.7648419813477,2242.410347914219,59.63675205251815,0.0011364878,0.0016262747,5364.99006443953,0.009033014,0.0012368922,0.15915816234048724,0.024401780580711598
-362.77435,19.042807,147.3216,9.257403,-32.799805,8.526357,69.01598,9.658955,-43.870956,5.9763775,42.89162,4.665001,-21.873264,4.55953,22.638344,3.9643862,-9.298271,3.6769767,13.819064,3.5686584,2.4396796,3.858302,5.6370053,3.846892,4.5839925,3.3574812,1764.9430113492967,265.76412874186605,2013.5372447012217,139.63301906067338,0.0003571435,0.0006812034,4155.758320040603,0.010547366,0.0013109928,0.07175241988109049,0.019215346663597692
-347.80133,15.082714,160.6541,12.064189,-39.975075,4.9231496,71.14936,6.929179,-36.915,7.023011,42.9415,6.5917187,-19.636452,5.857198,20.618805,5.0946484,-9.335789,4.698064,8.923811,3.973678,-3.3118944,3.951728,0.94577885,3.511326,3.4867244,3.0883627,1581.857561619301,259.1789530643743,1870.6757520943315,222.33274669034307,0.00036570278,0.0005935262,3770.1591049158933,0.010819205,0.0009000192,0.07092426769141531,0.016156726741714002
-321.13855,11.219399,156.53474,6.3383517,-71.32659,5.7310905,68.53848,4.5735416,-50.740322,4.8251843,41.77243,4.7917933,-34.363773,4.075458,22.189814,3.5206997,-17.11133,4.1092815,5.7760234,3.8173003,-4.1093073,4.104734,-1.575469,3.3064506,6.257064,3.740599,1978.9820231244535,153.53922170688992,1879.2385514607622,115.33746908652755,0.00071153993,0.00060098356,4148.03934119417,0.00967413,0.0009282505,0.11776867930684455,0.013763985316965514
-347.4628,16.446854,146.55856,9.25445,-39.15055,7.754429,61.8437,9.859138,-47.170074,5.1818666,39.572697,4.759685,-23.39339,5.151264,23.71977,4.04208,-7.946946,4.151662,9.953641,3.5096197,-6.59866,3.7079983,-0.7134936,3.6026838,8.105293,3.6592078,1870.9914019674445,232.67551278501304,1998.73963017996,134.8067336597705,0.00054100045,0.0019095211,4241.041795062355,0.009919083,0.0011648135,0.09342938841357308,0.01602484684737085
-353.6268,16.640373,148.63683,8.624587,-39.541805,7.1939507,61.62832,9.539648,-46.778133,6.423597,41.658306,4.4302535,-21.952738,4.5736494,25.650404,3.957434,-6.659031,3.6916919,10.634466,3.1769497,-6.726658,3.6642182,-1.3087082,3.8222916,8.290731,3.2975523,1816.7579109265196,231.49510855982442,1976.9470699748347,134.3032263717492,0.00041395586,0.00060111727,4127.780144286543,0.009993688,0.0011774069,0.08948915131960557,0.013746235883526737
-358.37552,18.886616,156.27902,12.212154,-39.566124,6.3236637,68.54584,8.899757,-37.362564,7.3186903,50.67618,5.815892,-11.018553,6.3201466,24.935303,4.8167787,-10.108713,3.9529939,7.712076,3.7165594,-3.7458043,4.311917,4.035229,3.3577213,4.6137495,3.4467096,1616.2012092693365,289.28162035250676,1911.1132003686807,219.5083800646223,0.00032995487,0.00031823796,3850.971067919809,0.010466568,0.0012209928,0.06927702653712298,0.018808653509929094
-353.65158,16.14588,154.8874,8.989091,-44.888824,6.481969,60.446293,9.195461,-51.492825,6.5824413,46.122295,5.0997915,-23.043236,4.4586663,26.609293,4.0594783,-13.549485,3.5788655,7.211264,3.7006893,-1.218895,3.905786,10.0344305,3.4858382,12.770492,3.9069183,1831.3364138229315,232.75639032999223,1975.6553079904465,155.20115480550504,0.0004785374,0.0007265295,4142.543628099623,0.009406671,0.00091616024,0.09390747353538283,0.01363387340492846
-349.49216,19.088392,164.26733,15.8420725,-44.633247,6.3378944,72.11322,9.121242,-38.417263,9.56279,44.35038,7.8820424,-19.464144,6.902418,19.015589,5.965643,-11.92867,5.037491,8.62382,4.362518,-3.5744052,4.2321053,0.39492813,3.4815664,2.1379642,3.2136803,1590.0631068264172,304.4164119662066,1837.8426278119916,262.89279729590766,0.0004215334,0.0013108647,3709.7812024180685,0.010823834,0.0010627558,0.07296349332946636,0.018983363070936208
-363.005,23.500008,154.64265,15.555839,-30.559546,7.1633825,73.04841,10.206334,-35.377613,9.117481,42.370155,7.2647433,-16.669981,6.762706,17.332596,5.2378426,-9.778612,4.500454,10.576738,3.4180841,-1.090752,3.7723176,3.7261524,3.8093872,6.160778,3.2234244,1586.9334380960445,355.88825334940253,1901.6055546025957,276.43781774770105,0.00037964006,0.001590611,3808.978823774652,0.0106437765,0.0011041313,0.06846133628190255,0.023158170426247578
-363.7303,23.114817,157.29155,14.9974985,-32.734585,7.041959,68.29934,10.418831,-36.734478,8.849896,45.598194,7.4047475,-16.737524,7.370153,17.860867,5.965221,-11.000831,3.8038054,11.839024,3.5542827,-1.223691,4.292702,2.1194372,4.0924506,3.4165037,3.4640172,1571.4823529000569,336.89032271434183,1897.9921148039812,270.94450543417446,0.0003022448,0.00036551311,3774.131006652407,0.010504623,0.0011235932,0.06752782410092807,0.02176740986204518
-356.1068,14.871884,147.56924,9.444027,-39.543964,6.833763,61.74252,9.191885,-48.345665,5.234211,43.846424,4.711169,-20.721378,4.367695,29.34295,3.7717738,-6.548445,3.6058953,10.059621,3.4467242,-6.7189484,3.664526,0.6131754,3.7365897,8.534316,3.2666657,1864.7502539154184,250.74288055700515,2018.3962831590406,143.24032165084344,0.00041079297,0.00022366786,4259.077726218097,0.00967721,0.0009852959,0.09205404401102088,0.015648869086934143
-348.15125,19.913532,161.96744,16.124073,-42.459362,6.095474,68.7695,8.920443,-35.88046,9.580799,41.643944,8.344172,-17.935978,7.159823,17.67705,6.150435,-10.517948,4.8323164,7.768076,4.3815165,-3.4110847,4.421813,0.46455458,3.7671547,2.0438988,3.2890916,1579.3525239917176,306.45262180701485,1827.115490755625,270.825569599386,0.0003612102,0.00056986266,3689.6968691089037,0.010706185,0.000954018,0.07351861586426914,0.01992651194142795
-348.94012,16.74178,162.855,13.100229,-44.47342,6.076692,73.9793,8.240915,-38.386654,8.440559,43.101444,7.1461296,-20.764973,6.1533823,17.64899,5.277574,-12.332826,4.5286465,8.243355,4.3124857,-2.4884398,4.190827,1.8111992,3.5356188,4.4677935,3.108908,1591.7832545004499,271.6188065613172,1838.4327152783,225.55061856620287,0.0003893811,0.0011788419,3729.1910618474476,0.010896894,0.0009158188,0.0704960303074246,0.017721936381075158
-350.24057,17.388926,161.0537,13.364242,-41.575542,5.6126113,71.02682,7.5057034,-34.472973,8.412018,43.427658,7.3372626,-17.951797,6.052303,19.63087,5.669316,-9.333444,4.5459538,9.020192,4.1900625,-2.5409398,4.2798753,0.9624659,3.416308,2.3827276,3.279802,1560.5650396099272,279.44114168438415,1844.3708708709996,240.17419080485755,0.00033011148,0.0003995641,3693.4439462188225,0.010937409,0.0008534671,0.06810787050464037,0.017953754510464548
-345.61658,13.664381,139.74934,6.835725,-29.472427,6.0183043,63.09195,7.2250957,-41.057823,4.6078973,39.72048,4.350566,-19.113596,4.19348,20.143059,3.7008631,-9.97815,3.4606965,12.304362,3.2874417,1.513035,3.7180932,4.2108984,3.5218897,2.828256,3.425724,1859.747049436197,198.02795164394882,2053.3225978255027,114.55275566792017,0.00041761482,0.0005543536,4353.079400648927,0.010634502,0.0016187865,0.08519658135150812,0.014230779149664037
-360.15234,22.922075,153.61818,15.271344,-32.329388,6.648044,71.64262,10.1120205,-35.07121,8.362458,44.152534,7.4512987,-12.714991,6.9409943,19.854895,5.7493987,-9.160363,4.2227597,11.17785,3.5580945,-0.47844034,3.9748325,3.48488,3.398843,3.9228165,3.486445,1599.0342348454521,352.1539544789251,1903.056397320987,270.71842655387877,0.0002933361,0.0001473523,3808.953843260586,0.010629926,0.0011020227,0.06931894395301624,0.024771823111594083
-348.40894,15.490812,154.68936,10.853907,-45.456524,5.4808283,66.902405,8.152165,-38.62418,6.677774,50.08464,5.458748,-10.166541,5.763699,22.382437,4.6266,-12.864865,4.021061,5.3071837,3.7100298,-3.203586,3.8016877,5.19495,3.5621212,6.8579807,3.465073,1685.5891121052314,255.53512678895763,1889.0832968013044,188.46680680427184,0.000400652,0.00060835184,3901.681511474043,0.010257791,0.0008275725,0.07938478828306264,0.018548410578262026
-358.8081,17.308899,157.75142,10.200331,-45.910572,7.1947694,61.355858,10.140254,-49.13574,7.0626307,49.550434,5.5389986,-20.633888,4.6280375,26.66367,4.0690827,-15.000629,3.3661578,6.530606,3.6475117,-3.6448095,3.774549,8.451711,3.4863348,12.801248,3.542699,1776.447496462495,245.797079022978,1952.5034157321913,151.5829973061321,0.0005203448,0.0015722634,4015.16798687645,0.009173744,0.00093126623,0.0898414841937355,0.0165058560474613
-359.9502,17.448042,150.80972,9.692433,-43.62779,7.3819065,59.550163,9.394922,-52.546005,6.240485,44.22609,5.0617557,-21.613644,4.9525332,27.611015,4.3175178,-10.581639,3.8181436,8.746845,3.8005493,-1.3911217,3.6311145,10.258547,3.4087539,13.705971,4.3819523,1857.7116049397334,255.8797197064348,1989.770344328572,161.210487169446,0.0004258319,0.0005658836,4187.958202671839,0.009568674,0.0010342189,0.0914943898636891,0.01448166122645322
-353.40515,16.992598,149.4995,8.803474,-39.23119,7.1255317,62.846767,9.529944,-48.707504,5.9074445,42.859184,4.898842,-23.179434,4.38689,26.166592,3.7436545,-8.227031,3.835179,9.938651,3.1124997,-8.869645,3.6870043,-4.021541,3.4154582,4.484056,3.049646,1837.765271362953,241.50753222778192,2000.500990025966,132.80831434564567,0.00046525642,0.0010080197,4208.142458037268,0.009918282,0.0010322273,0.0889702816850348,0.016055722862602803
-344.66617,15.5142145,161.99608,10.990984,-46.63171,4.7860947,73.952415,6.9790115,-37.853207,7.4164495,44.315716,6.3338904,-20.277891,5.1396384,19.170599,5.3079443,-11.020931,4.2172556,8.565591,4.0002756,-3.5370686,4.054839,-1.3134338,3.6607819,1.8905494,3.2192535,1607.9147398784055,236.5904185904032,1843.9698923420217,196.49529101139873,0.0003555834,0.0002525672,3764.76331387761,0.010772468,0.0009826353,0.0742969203161253,0.016134945535972216
-351.69287,16.49288,146.3521,8.432508,-34.406246,6.672939,57.3076,8.232684,-45.06974,5.9607043,36.36442,4.6924677,-20.162542,4.5438123,24.321651,3.5977964,-5.803907,3.7527142,9.502243,3.5949218,-4.617295,3.894887,1.182123,4.040759,8.8057785,3.669385,1784.6270984712335,231.40983712918464,1964.9236324558342,138.63117125430276,0.0004132015,0.0006340917,4095.5802616553074,0.009899017,0.0011107059,0.08658325478538283,0.013753044704032867
-326.7601,11.39018,138.86346,7.9914374,-70.53477,6.7195187,72.78079,4.7323685,-44.03914,5.553768,46.728874,4.835406,-26.47597,4.8907948,26.856987,4.347896,-13.676266,4.321218,10.372232,3.7982733,-0.7879843,4.1020813,0.7490042,3.9233835,6.4551344,4.1930685,2176.6698775444875,171.0741725885802,1960.248360586606,100.28841846199033,0.0008363671,0.0017205898,4434.840623187355,0.009129965,0.0009625472,0.13498654111078887,0.017586726271243875
-355.0902,19.346975,160.06895,13.522359,-47.24083,6.0252714,68.76533,8.977967,-41.631496,7.87218,52.734337,6.1686945,-10.403103,6.3436403,26.193832,5.190046,-11.945125,4.2140617,7.327766,3.7731225,-4.2645698,3.7703233,3.252955,3.5158849,4.1405067,3.294466,1642.2377590884653,307.2584478150713,1870.2428119086062,237.4402854456893,0.0003893602,0.0008182647,3790.218457710992,0.010429982,0.000873426,0.07731724006670533,0.018074832006100484
-351.68207,19.071247,151.51006,11.232008,-39.763,5.414027,67.115,7.9051604,-35.818615,7.6714673,47.760418,5.5568595,-10.640078,5.3273363,23.021946,4.4771905,-11.06194,3.9372082,5.232347,4.0100303,-4.269722,4.039126,2.5623634,3.6143441,4.5693,3.6432593,1670.9545304475428,272.13344264010493,1912.0951997132618,191.48735743890558,0.00041709671,0.0011431111,3913.3224310288574,0.010409604,0.0016432119,0.07394798615139211,0.018209860368473395
-358.7587,17.898308,157.75374,10.069194,-44.23777,6.7362204,61.046276,10.122695,-51.303307,6.839582,42.75714,5.5937214,-23.950315,4.701516,25.871323,4.039196,-12.664817,3.4301052,6.8616476,3.7223046,-4.0375533,3.4948404,8.008053,3.5061152,13.705409,3.5313847,1756.1039908118848,243.18783539249617,1928.8040998349277,160.6560625768194,0.00046452956,0.0014249242,3965.556685941125,0.009650554,0.0010050449,0.08716896570475638,0.014372459575101212
-345.75717,11.9537115,143.59908,6.464007,-44.920242,6.3138375,78.527374,5.9082975,-33.283936,5.4142423,51.38457,4.6535783,-20.627226,4.87296,27.799217,3.6177135,-9.488554,3.5581238,11.611351,3.2479167,-1.3746955,3.5159228,-0.27643162,3.5939488,3.6726375,3.508936,1855.5284579631948,189.4221668853812,2046.117177087198,109.95741984352044,0.0004997259,0.0009294649,4308.888871265951,0.010465257,0.0010376824,0.08106261782192575,0.017404609229376176
-345.44327,16.700684,162.6586,13.6762495,-45.25866,6.035201,73.42278,7.904713,-38.01295,7.65284,44.63479,6.664114,-20.524647,6.2504826,19.298174,5.32287,-11.394951,4.3724656,8.625366,4.0841174,-2.7301126,4.3627386,-0.0800705,3.567505,2.3228765,3.1457286,1605.3844572638686,282.9612470601584,1847.8035620642804,233.03983039916196,0.00044446872,0.0012413267,3747.6516617423144,0.010793188,0.00082162605,0.07486223897911833,0.019371529574294322
-343.452,21.082687,164.26111,14.446777,-45.2609,7.9003477,68.63515,7.4905686,-41.57417,8.764049,40.066578,7.703751,-20.726608,5.8987794,17.80535,6.104028,-10.503628,4.7521195,8.477948,4.407704,-2.4811316,4.3717003,0.52870613,3.9272304,2.9539616,3.9756207,1608.0146087106439,273.76069521473096,1820.3758825670254,241.6062800479653,0.0003911812,0.00053322234,3727.8920751160094,0.010571115,0.0012602387,0.07680743365719257,0.017720526690646197
-359.15503,17.870558,153.63019,9.556647,-43.59278,7.716314,62.9868,10.003008,-48.321495,5.934507,43.361073,5.095699,-24.280987,4.0364146,26.820757,4.214242,-10.332489,3.574201,9.022342,3.5856113,-5.375246,3.768928,5.3672905,3.4073877,14.040978,3.41721,1792.5997044156634,247.1636744533521,1961.2087756134786,140.01219894204175,0.0003823057,0.00022269535,4052.5887969475057,0.0096781645,0.00094783556,0.08689253734048724,0.016243743522904044
-346.46744,15.22118,162.32726,11.279195,-43.37536,5.5181737,73.144226,6.815896,-38.05713,7.1886053,44.47363,5.9014874,-21.965202,5.9374976,20.205135,5.0239053,-11.76489,4.0921082,8.317599,3.8816233,-3.3704445,4.0333667,0.6444679,3.7934446,2.793281,3.198795,1601.9931172148606,244.7036712840375,1870.2492814750615,210.03834168141918,0.00041385987,0.0011372011,3791.892152153422,0.010879854,0.00089043385,0.07080078125,0.01583728714985584
-340.1327,11.83936,129.9494,5.723382,-38.11581,5.784973,76.515816,5.0863423,-43.689137,3.920668,33.954105,4.460138,-23.23227,3.684258,28.125092,3.913417,-14.016073,3.5176485,3.964893,3.9516804,8.729995,3.9848573,7.607459,3.6519964,5.857007,3.7165003,2116.8802586424636,173.68675803456958,2099.1996798656223,77.72762464216294,0.0005586049,0.00065165386,4721.891710321201,0.010294202,0.0016159492,0.10130419808584687,0.018293403878557064
-373.8351,4.9115195,181.61467,3.8972993,-45.76803,3.0520263,61.784496,3.4741635,-24.084496,3.5281744,33.571243,3.294985,-12.58607,3.6093879,12.279779,3.2805145,-4.404813,3.1516073,2.7315187,3.1780279,2.4915898,2.979421,-4.641153,3.0613503,3.9997568,2.9291186,1174.757820703192,70.67135850614318,1460.8759333473542,55.36884196669285,0.00018346767,0.00017582186,2538.2950147730567,0.009723391,0.00082332524,0.05232199825986079,0.00694729252155469
-395.88153,6.309575,180.58882,4.5573487,-35.014946,3.410502,54.211884,3.6759675,-24.04818,3.8541362,39.934658,3.4540157,-3.7752273,3.75621,17.47503,3.2660484,-6.4754295,3.1925359,2.4943469,2.9462125,1.7383782,3.107028,1.8479453,3.2267694,8.03342,3.172725,1073.1228937303476,87.61401256304617,1460.5494025963458,74.97717472696161,0.00014658777,0.00015113184,2237.629547473173,0.009362575,0.0008799389,0.04265946744489559,0.007841479686969131
-366.47955,5.4594483,138.49728,4.488343,-36.30108,3.5800166,74.144264,4.493301,-40.8213,3.6121035,32.303936,3.5132463,-23.574472,3.4220145,31.18467,3.7529128,-11.66617,3.5579422,5.580041,3.5409434,14.002658,3.2555346,2.7710547,3.0489016,3.1105068,3.320598,1885.4185579719158,106.77573567758374,2012.3017233227,46.15778733346084,0.0005359143,0.0013665216,4424.798456532772,0.008876852,0.0013621167,0.08639179415603249,0.01206997155717472
-394.52716,5.9098263,168.05475,4.021252,-35.053753,3.8695061,44.540848,4.0750923,-39.31761,3.6753843,37.823708,3.598548,-25.262144,3.2247105,22.51006,3.3390768,-8.959362,3.2155573,6.729968,3.4078078,5.0471435,3.0395937,11.373953,2.8407218,16.294346,3.083945,1382.3975849223496,73.06123901546096,1687.1316847438811,57.27033727765865,0.00021638858,0.0004485212,2743.1851911434164,0.009036416,0.0008464476,0.06913767945185614,0.006967383000336866
-374.94525,4.977897,186.36522,4.882589,-48.59314,3.8237205,63.392483,4.224771,-27.48882,3.8650167,34.861156,3.5558949,-14.58246,3.3624096,12.181613,3.1707718,-7.660444,3.1224487,3.3773365,3.406781,3.4502769,3.170705,-3.7413123,2.9847312,4.4795847,2.824562,1158.4854222122667,66.77269967844099,1445.1814596526729,61.11966337595665,0.0002104309,0.0005703802,2487.4097076203598,0.009799672,0.0007422091,0.05221323955916473,0.006938307606552635
-378.4641,5.722943,162.97383,3.6178865,-36.292965,4.237136,44.910057,3.7998276,-37.796665,3.499057,39.69543,3.4153736,-23.715506,3.5226018,26.957485,3.3588789,-2.4745986,3.394041,9.431587,3.345912,-4.2977796,3.271598,-4.8662543,3.2004788,9.823874,3.0743499,1472.526398921781,72.45937650758297,1771.2871937103496,52.7044242950436,0.00027784455,0.00038356116,3132.2067366951856,0.008783937,0.0009230002,0.0725681101363109,0.007109077555651055
-378.85123,5.3984365,187.86267,4.543921,-46.394028,3.5522249,60.98773,3.238514,-24.360497,3.7196927,32.179577,3.4319243,-13.097996,3.559409,10.335263,3.7286873,-5.76706,3.392253,2.3187714,3.4237578,3.059326,3.1395674,-3.0877101,3.3063173,5.1869526,3.0187643,1115.5639435829085,72.91998824455354,1401.3977227485036,69.14071705462496,0.00016430272,0.00019274985,2350.966139791183,0.009777412,0.00080255145,0.04871596758990719,0.006958656612204426
-371.14075,5.8876724,164.09802,4.7981763,-43.525894,3.8402143,62.15442,3.72627,-28.61556,3.8240378,47.958363,3.6769269,-14.426068,3.4126453,23.871479,3.2537122,-12.295874,3.215569,5.4742036,3.4220939,2.2778125,2.9823117,1.4230045,2.9803293,10.928247,3.0626223,1411.9017975749439,105.74555815658942,1750.6615205096075,69.94737066206292,0.0003167162,0.00062950706,3206.248980387181,0.009376814,0.0008668261,0.05695330626450116,0.009463135591396898
-435.3273,30.552813,184.29253,10.239218,-15.027303,11.965573,44.757504,7.0637536,-14.012025,7.933041,30.284822,6.6333365,-0.9262039,6.6370916,10.30564,7.5474005,2.5918038,5.2108,8.805759,6.9695854,4.7948246,6.564471,-2.911303,4.6077595,3.805711,6.052423,864.8172540619626,179.08349877568145,1273.9019059688733,159.8799927250691,8.9591675e-05,0.00021204258,1637.8723852595708,0.008883071,0.0028534802,0.03698702146171694,0.015730480787600875
-388.8489,6.12669,155.53262,3.7943933,-26.998611,4.035693,42.154293,3.3903735,-34.779953,3.6544547,33.872955,3.2194867,-19.260727,3.0382318,22.63786,2.9314468,-3.8439028,3.1904614,6.7484117,3.2887766,-4.9664564,3.2706325,-7.835605,3.1208634,4.834371,2.987119,1476.54637708045,84.072413926053,1775.8869392535096,65.34576834853351,0.00026199594,0.00032113152,3193.6588012978536,0.008619914,0.0018140521,0.07706913428074245,0.006380149760307788
-377.05396,5.229933,185.03615,4.8191595,-46.373486,3.4370527,62.739975,3.4138362,-25.699663,3.9108036,34.96748,3.1409228,-13.452293,3.1940296,12.145891,3.3504417,-5.5584226,3.2688563,3.599427,3.220529,3.6194363,3.0766482,-3.2360625,3.0309381,5.107439,2.9688625,1143.410867650328,75.39007511446816,1445.734673728629,63.958828676204234,0.00018582733,0.00033134315,2453.7109941451567,0.009819949,0.0007806549,0.04799317539153132,0.006087497883290732
-428.71927,16.09322,190.41418,9.453702,-18.35464,6.6997414,43.542706,6.252306,-11.606482,6.645454,25.679167,4.875384,-4.70596,5.486876,7.9076858,4.688049,-0.98963827,4.112806,0.8278221,4.626264,0.6289502,3.7839403,-4.970039,3.642451,2.164072,3.5175817,843.8581957676602,131.41850647858746,1217.4657435935123,157.987577604482,8.753654e-05,0.0003952772,1586.2126821708237,0.0094954325,0.0014480735,0.031631788355568444,0.006550621467159233
-381.17184,5.3891835,187.71385,5.1284485,-44.67527,3.5908513,62.251324,3.061362,-23.042345,4.0090756,31.718328,3.493147,-12.395307,3.3885927,10.265068,3.41741,-5.4491997,3.3938808,1.8196259,3.288782,2.1732795,3.1236396,-4.9543,2.9873562,4.2639613,2.9781902,1099.9793421782692,76.04229166217935,1396.3941334467856,71.57387782370107,0.00016384892,0.00032160213,2333.8295071418215,0.009782867,0.0007354074,0.047211472230278426,0.006707618945426932
-381.86465,9.43065,194.99911,7.6969156,-45.621334,5.040156,60.616318,4.937604,-29.576916,5.058913,30.335005,4.5413647,-16.359322,4.3420773,12.161495,3.629159,-6.251963,3.7574804,2.8902814,3.4259014,3.0134623,3.7269714,-2.0430338,4.2072043,7.6076155,3.561207,1076.4172013150492,91.79512694169208,1362.0978637326211,93.59703626616476,0.0001651043,0.0003308204,2195.5124007576856,0.009813072,0.0008792448,0.04936965269721578,0.007883755926942505
-368.109,7.618535,149.4703,4.498114,-40.923157,4.8220315,69.0619,3.6378682,-25.21203,3.6862729,45.97554,3.536845,-20.359701,3.3221579,24.52103,3.2054431,-8.19144,3.1318107,9.900871,3.079137,3.6641629,3.211845,-2.164255,3.3359218,8.160381,3.1329863,1601.6542426797594,125.57506350201376,1907.151033320402,63.91551678327148,0.00036491713,0.0004596816,3776.7789411434164,0.009370846,0.001327192,0.06219298325116009,0.012798393497742722
-388.37326,6.3799253,193.57507,6.002982,-45.788284,4.1045284,58.98449,3.9037344,-21.885914,3.9601128,30.052998,3.933,-10.419556,3.994168,9.401168,3.7208686,-5.5986214,3.677471,2.0975122,3.5786426,4.09726,3.2381067,-3.557433,3.018316,5.282966,2.9509916,1039.4842789035824,78.02960698575727,1327.283340373224,85.14913213625756,0.00015890176,0.00051403546,2146.4756516458815,0.00974059,0.00087761506,0.04589730459686775,0.006487808940422676
-395.0446,6.080411,181.43457,4.8711348,-37.63155,3.940131,53.313713,3.959711,-24.803387,4.065117,41.65874,3.6354861,-3.2291727,3.5927844,17.410275,3.4864926,-7.966637,3.4313104,1.2539619,3.4120991,1.2012886,2.9574609,2.649497,3.3040783,8.446245,2.991154,1088.0290220773388,77.13215157095942,1454.4624542172187,74.55452265428664,0.00017717815,0.0005382398,2227.3625561919953,0.009370988,0.0008942659,0.045141658207656615,0.00819264020968622
-384.28915,5.0325594,174.88963,4.318897,-39.289566,3.6232781,48.639603,4.191599,-42.037056,3.734407,40.300564,3.7805398,-28.81738,3.3721466,24.414354,3.2439005,-12.748837,3.10517,5.3607287,3.0855782,1.6124325,2.889511,6.642006,3.3827338,15.643477,3.1421413,1400.6421017815994,69.685050540543,1707.626990120934,53.20536420869254,0.0002766645,0.00058762956,2805.111885513341,0.00860015,0.000761723,0.07146013087296983,0.007443081325167602
-376.38632,5.0536904,183.69997,4.282994,-47.49905,3.5553997,63.71276,3.166211,-25.58308,3.5499697,34.98582,3.1046538,-13.376132,3.4611697,13.524238,3.4560058,-5.809875,3.1815689,2.8384366,3.4268994,2.417948,2.850886,-4.3634624,3.012683,4.3008456,2.9605813,1169.7310113842916,66.83568613336136,1462.3946698975653,59.0832484510926,0.00019218985,0.00028288827,2534.6228792053366,0.009703939,0.0007956291,0.04954185397331787,0.0069529647977540935
-393.26285,6.03541,184.38535,4.643171,-39.501778,3.5474472,53.7079,3.6966994,-25.75875,3.4016924,42.56067,3.5465562,-4.7867956,3.7028284,17.329887,3.400509,-8.811558,3.2677238,1.1144375,3.0909145,0.66368145,2.9163744,2.2099402,2.9641623,8.395979,3.355897,1085.0680472231554,77.41928890109294,1440.3838767546424,73.90992727882313,0.00015596238,0.0002363046,2192.914427294809,0.009408485,0.0008373786,0.04730097157772622,0.007135112069039587
-394.3954,8.023913,179.28462,5.3868194,-36.866093,4.8103085,50.97246,4.437936,-20.97437,4.3955564,36.280914,3.7158475,-2.4707937,4.302177,18.785646,3.9877558,-3.6672873,3.8394105,3.0276299,3.5491521,2.5925214,3.4049313,1.2520393,3.618101,6.936529,3.7611246,1080.839184657794,101.48598354007197,1435.7360766859852,87.73889800060859,0.00015002937,0.00019941806,2245.7232340305973,0.009408013,0.0014167291,0.044128842807424594,0.008271544479129013
-385.50732,14.750676,187.51321,7.6180525,-34.851265,6.1367292,41.997364,4.2108994,-14.838132,4.720944,20.02066,4.515588,-8.441683,4.3602524,8.335876,4.009664,5.248764,4.2137074,3.7676325,3.9593127,1.6303569,3.3407333,-4.802009,3.7665746,3.0894022,3.4493308,1020.0460742979103,91.85994313353437,1285.9776049219838,112.87169298171229,0.00014238652,0.00025017152,2001.388825949826,0.009433601,0.0028385788,0.0462926877900232,0.008138047819689572
-435.14154,15.650122,179.6613,10.253264,-12.003034,4.154137,42.643307,5.91918,-8.652999,6.265012,29.113226,5.2262006,-1.4142132,5.0696526,8.33839,4.507871,0.2506092,4.213155,6.2205877,4.2155833,6.747579,3.7225351,0.23467441,3.8698463,4.2591243,4.5605235,853.5750652224812,152.26779893084984,1300.398750994998,170.609640807634,8.001322e-05,5.4068892e-05,1647.9894934563515,0.009131751,0.0034956103,0.031177494199535964,0.0100862002566025
-384.19867,4.8534374,171.36195,4.2968073,-35.418827,3.921557,43.72452,4.1172423,-39.04711,3.5349526,44.89478,3.7301724,-22.646187,3.2339926,26.623867,3.1214457,-12.271526,3.1768901,5.1642737,3.3654451,0.66994095,3.2731535,6.777821,3.0531583,16.16622,3.3629475,1397.9354512839586,71.00931777141179,1737.9608320874813,56.62821800791153,0.000288758,0.000789893,2807.709858976218,0.008566367,0.00079329556,0.07147825732308585,0.007506658556825285
-380.0899,5.2250595,189.14737,4.5853295,-44.715405,3.5580826,62.34341,3.6296723,-25.613785,3.383094,31.139885,3.4654949,-14.47896,3.5640566,11.964079,3.4582214,-6.426532,3.3171082,2.1282012,3.2130861,4.9219174,3.1787667,-2.834984,2.9827445,4.9260736,2.9874535,1093.9093460572115,62.09799823124589,1400.0618142278745,65.18829326180291,0.00017428941,0.0004443266,2328.2838330191416,0.009837498,0.0007365629,0.04837949535962877,0.005812176873636712
-386.67026,4.549943,157.5079,4.0652757,-23.04206,3.717097,53.756348,3.8605108,-37.64793,3.7384753,38.442013,3.6269069,-21.536493,3.3023016,23.140652,3.207232,-6.514575,3.2866406,15.545206,3.6343791,4.453593,3.3666844,-2.820951,3.1485643,2.7628217,3.2895057,1449.7874982466,76.37938316384344,1865.5514612147576,56.57120689986238,0.00027207262,0.0008220746,3454.055679923144,0.009305575,0.0010619352,0.05719234882540603,0.007206267432402728
-375.40436,7.2725515,162.64363,4.108105,-29.615309,5.188986,49.08455,4.2541676,-37.602085,3.5575182,37.40557,3.5825958,-23.642445,3.4058852,21.775585,3.5886898,-4.7664657,3.575158,11.2475,3.572973,1.7649243,4.348206,-5.753361,4.1024933,1.5257237,3.1930125,1425.8063262648702,88.03197647155893,1771.0301909968885,60.36631585257746,0.00025372108,0.0003049764,3148.793798035093,0.009496575,0.0012794583,0.06563134425754061,0.006970579619647949
-387.55496,6.255651,192.8052,6.4381404,-45.59389,4.0633,58.514893,3.918879,-20.842497,3.7225046,30.98729,3.5725307,-10.264713,3.573981,9.980235,3.8721335,-4.8051567,3.5024612,1.5124732,3.3532197,4.0445366,3.1021569,-3.5456543,2.7229679,4.108677,2.8152385,1038.6656377209406,81.30170612356736,1332.0395849719596,93.7240526787796,0.00021138552,0.0014346432,2143.8027366408064,0.00970582,0.0008799157,0.045746628480278426,0.006245010523940791
-386.05124,5.604468,191.7263,5.344843,-44.97389,3.8293176,58.15847,3.4729443,-21.1654,3.2271137,29.828522,3.9218035,-10.635339,3.6858897,9.602501,3.6115515,-3.634892,3.5673633,1.9705349,3.50994,3.4193468,3.292839,-4.5796833,2.9102523,3.2111561,2.9328501,1050.9189787036025,68.6100701209967,1338.9025133915131,78.06004611675286,0.00014046616,0.00021040022,2173.654450949826,0.009709995,0.000817892,0.044793856946055685,0.0060179767465198585
-376.19232,5.107484,155.90694,4.446688,-26.121794,4.0246835,54.107292,4.089869,-36.90072,3.2169805,36.685246,3.6539202,-23.01169,3.607146,22.959286,3.1170628,-8.272876,3.4728332,13.096464,3.5793252,7.0802946,3.4858544,-1.6419729,3.6318698,1.9761821,3.2879643,1496.1278668486077,90.51820876610256,1873.1808684333132,61.87946203634448,0.00034797488,0.0014058735,3525.3750475819315,0.009487416,0.0012421302,0.06149171621229698,0.007063668381966687
-439.99203,29.625679,185.16707,13.2999,-21.099995,9.090203,44.824333,8.219129,-9.861969,8.971924,30.191462,6.2385263,-1.6601697,6.271547,13.364797,8.89108,1.8577785,4.9080796,3.8181548,6.3281956,4.12892,5.9164224,-2.3013017,4.6321583,3.0519962,5.932923,873.5390503713911,201.61829255818515,1261.4908288204128,192.56060474538245,9.1924485e-05,0.00025737289,1717.6101861586426,0.009105845,0.003111332,0.03560714544663573,0.013591291893092385
-384.72766,5.1203995,159.0334,4.27563,-19.583416,3.7297704,54.42296,3.8956575,-40.140114,3.3555477,41.436993,3.9030962,-25.304056,3.2131863,19.558422,3.1789136,-13.974936,3.1073208,7.2340145,3.101271,3.8747954,3.001074,7.2336135,2.9791028,13.816914,3.2413945,1466.0473441432264,80.67334130099239,1909.0785122238703,56.53507108720565,0.0002619258,0.00040516042,3627.0457398310614,0.009208596,0.0011513651,0.05728524688225058,0.006730402736911159
-382.65784,4.6887665,179.61093,3.8006897,-46.225315,3.588783,53.98013,3.384716,-27.55857,3.2965236,44.31194,3.4642482,-6.442185,3.56135,16.652622,3.2087634,-10.380433,3.0812402,1.0219504,3.157768,0.50411004,3.168536,3.7221196,3.1923542,10.157922,3.1095479,1199.936548702011,71.68172310279665,1497.9309738430502,54.031400221637284,0.00019687279,0.00022179997,2468.974088239559,0.009175664,0.00083600526,0.05450623549883991,0.007396354339203252
-390.89658,5.476626,198.56827,5.883476,-45.857784,4.10279,57.5046,3.0327888,-20.794983,3.7533953,27.015717,3.8678033,-10.584441,3.998788,8.940111,3.970458,-4.0340466,3.5416942,1.8932447,3.6082854,3.1272771,3.1452496,-5.2437477,2.9887166,2.9888346,2.824513,995.7158772882027,71.56280475848415,1269.6230142755057,82.72340206837802,0.000121919635,0.00018124087,2018.1007898600637,0.009672879,0.0007007405,0.044507232453596286,0.005506478908338785
-384.00024,5.4717746,186.09499,5.343241,-44.430782,4.4573517,60.48944,3.6993854,-21.55757,3.8621552,32.167564,3.6481333,-10.0327635,3.6541288,11.928718,3.2162762,-4.078565,3.2828774,1.6683336,3.143735,3.2050588,3.1490867,-3.6683002,3.0466769,4.5351605,3.053417,1092.0153992034313,72.84404206907762,1399.5352274667905,81.07330265986938,0.00018150268,0.0007693598,2331.13161162268,0.009855498,0.00080122193,0.04421041183294663,0.006120133352203743
-394.24716,5.711025,182.59874,4.561221,-37.557034,3.3498244,52.70151,3.9127862,-25.124723,3.6555047,41.2146,3.5537832,-4.2568593,3.6933463,16.716358,3.4622765,-8.665038,3.3155947,0.99244493,3.2716649,1.491623,3.149254,3.0261247,3.0371633,9.23479,2.9201188,1083.379569933113,77.49261908555272,1443.5277939323491,74.87358170590402,0.00016645674,0.00040556316,2188.742681445766,0.009392481,0.0008829499,0.04696563225058004,0.008032690499175816
-347.5936,16.448383,170.76178,6.5008874,-93.93512,9.41042,59.848526,4.9909563,-43.58964,4.5808253,29.475786,4.1787176,-29.895102,3.8205576,20.080841,4.0606923,-11.818006,3.3919487,2.241476,3.4192867,1.8337079,3.5570073,-4.754891,3.736042,8.062718,3.6510947,1752.473332200166,80.57286855217538,1510.759173994294,83.30486174946506,0.0005717602,0.00075561495,3198.9047092517403,0.007915567,0.0015627656,0.1208988906612529,0.010296768788837257
-385.28473,5.264144,188.8217,4.791299,-43.720154,3.589049,60.12459,3.4708154,-22.221695,3.5335672,31.70082,3.3701396,-10.560425,3.4047165,10.611882,3.4587517,-5.119979,3.2311897,1.7915831,3.246089,3.4417841,3.1438425,-2.2956991,2.8384833,5.9699917,2.9792168,1067.504824074154,69.34114972310734,1373.0329224768245,67.61734778120417,0.00015358964,0.00036590913,2238.3789628951567,0.0097879,0.0007670543,0.04557895881670534,0.00589324013465982
-382.48056,4.644981,155.41644,3.8169374,-26.95071,3.535741,55.66943,4.0779634,-36.813625,3.362378,38.953735,3.569148,-20.894806,3.5695505,20.715446,3.0959332,-7.5752306,3.5138214,17.866058,3.6671095,3.740884,3.4812207,-2.8785741,3.2732143,2.9661024,3.4813457,1492.900837432332,76.35010923689394,1873.418766488682,56.33254917289275,0.0002899661,0.00080248376,3563.0456627936487,0.009375543,0.0009872443,0.05780864812935035,0.007131651582887072
-412.00043,8.253376,182.41808,6.454944,-19.266613,3.7417736,53.12133,4.001015,-18.842167,4.579465,33.693066,4.3630004,-5.1885495,4.2756953,9.521251,3.8116803,-5.8696074,2.9737608,11.936566,3.274431,6.209243,2.9696329,-2.5501735,3.1917233,3.6183012,3.4025793,930.1500895922065,116.8744324366578,1386.2928753481415,134.33425366542352,0.00011489439,0.0003550666,1825.0513771570475,0.009627883,0.0010451522,0.037330291110788866,0.01734736701159634
-392.03278,4.8998556,163.83025,3.881686,-23.32512,3.2943234,50.03175,3.69527,-39.41081,3.9251235,41.583992,3.259878,-25.25637,3.0671008,23.239876,3.3667371,-7.667136,3.3650148,14.595608,3.2305572,3.5770447,3.2033975,-2.2069654,3.2054522,2.4920182,3.243148,1389.4670401333558,64.84713108175525,1822.0031750922187,54.156879147605096,0.00022847884,0.0005288537,3132.5814444061775,0.009377882,0.0008966704,0.05956464798433875,0.006525214813230223
-385.014,5.3623695,154.94627,3.7766042,-19.62205,3.6356776,51.010822,3.6048288,-34.608624,3.5128248,39.747654,3.1275463,-21.041622,3.3076563,16.93504,3.743037,-10.55423,3.1216025,11.565636,3.6459541,7.6327853,3.7104087,5.209117,3.446837,6.7331443,3.126024,1436.2724781685301,85.99435319451005,1855.8967365814683,60.441015818259274,0.0002181039,0.00015839041,3432.2227106293503,0.00964249,0.0015262346,0.058089608106148494,0.0065813741184045154
-360.79477,23.651413,151.96394,23.679058,-53.278023,8.534427,78.00042,13.595189,-45.36619,9.756642,41.991398,10.382072,-20.70381,7.05614,20.087687,6.0698404,-10.889265,4.7473364,3.9117272,3.613973,2.2337275,4.09696,-3.2851512,4.169493,8.2775135,3.2525196,1896.9664230897608,562.1259348919825,1835.6884692820176,239.62370820597903,0.0006739935,0.0012191203,3938.9024774325694,0.0078710355,0.000922908,0.11852319279292343,0.06152449777520983
-403.5154,5.5969725,171.25137,4.1729474,-36.5419,3.8315797,44.267963,4.4984837,-41.16036,3.6558373,43.81764,3.3753235,-23.655771,3.4916852,24.85714,3.5699892,-13.3220625,3.222191,6.1946454,3.2542756,1.1442465,3.5960345,8.603723,3.1916656,17.443615,2.9394863,1411.492316496405,69.29483610546725,1738.7367443333965,56.74515460237934,0.0003086652,0.0007946831,2857.695867622535,0.0072172903,0.00063466217,0.070814376087587,0.007051028550150402
-376.83334,4.7903953,185.15636,4.2749047,-47.71663,3.4381483,63.811905,3.6125793,-26.300955,3.7400959,34.929256,3.3015912,-13.139286,3.554764,12.566803,3.3646557,-6.591031,3.5321631,2.1027792,3.2491214,1.9931694,3.014172,-4.6603336,3.039569,3.937645,2.8180294,1161.2012662212555,65.58324547343193,1448.8525990791036,53.400524495537034,0.00019014234,0.00032225155,2500.6993411035382,0.00967659,0.00076656486,0.05110072868329466,0.006483650650515075
-402.61554,7.6763854,183.19502,5.609085,-25.551502,3.6512797,53.8015,4.258654,-22.32441,4.4230466,34.29101,4.037072,-10.932836,3.6548238,6.244225,3.5202324,-10.633175,3.217922,8.10315,3.1134846,2.7765179,3.0991535,-3.6140182,3.1955144,5.5614324,3.2381558,1012.6267897553251,118.084789003995,1423.504608103722,124.75520793639456,0.00012130755,0.00010837722,2011.7307587732018,0.009368701,0.00095409766,0.04285659258990719,0.017124980385388545
-381.4884,5.025264,186.28041,4.4994197,-44.009018,3.442941,59.454933,3.4530365,-21.46547,3.3712738,31.651505,3.2772424,-10.128233,3.4082131,11.068253,3.2964895,-4.530206,3.4691117,1.4297451,3.0077176,3.6437037,2.9864845,-3.5674922,3.0069923,3.969514,2.9421296,1091.6550476252862,65.55645552166577,1392.2686135260021,59.932963940946166,0.00015371996,0.00023677837,2314.244784113979,0.009841884,0.0008455025,0.04539316270301624,0.006895658908219377
-382.12924,5.0698295,189.01367,4.3949494,-44.279987,3.4321127,61.59312,3.1289663,-23.758537,3.6189494,31.01218,3.6491508,-13.249404,3.1156814,9.613456,3.1661572,-6.2822747,3.2182205,0.90279365,3.5573857,3.0039122,3.3137987,-3.2315257,2.8432574,5.5610023,2.8657284,1083.3026623637775,68.93971695668213,1381.420761180426,61.81498479621896,0.00014662386,0.00012867525,2279.347005963602,0.009841879,0.00076926575,0.04732476254350348,0.006063669048127108
-376.97766,4.644025,186.90878,4.4454184,-47.437492,3.9857454,64.15921,3.909547,-27.328754,3.5331671,34.376892,3.4344492,-15.254308,3.282261,12.430208,3.3817737,-7.528868,3.248764,2.953766,3.2119894,2.5719702,3.1868322,-3.445385,2.8310933,5.4212685,3.009661,1145.965814925642,64.57215818538448,1441.3012741422142,55.17320526185754,0.0002026876,0.0005889049,2460.1809472882833,0.009856731,0.00076489354,0.049991616516821345,0.0067428848853788624
-383.8013,5.2576776,172.77187,3.5627203,-35.7552,3.938951,45.01739,3.670171,-39.64726,3.7810898,40.95719,3.4529185,-23.64711,3.2502654,26.48165,3.506045,-9.20143,3.5952325,4.756234,3.2274215,-4.2745633,3.0939445,1.5027602,3.1626816,14.712324,3.3027816,1365.7007984540653,68.51267373218649,1698.5161320188151,53.34183067264501,0.00024394528,0.00030668714,2725.349104100203,0.008890584,0.000907175,0.06894735172563805,0.006781749298338546
-385.68497,5.499487,162.57346,4.241963,-21.185387,3.5928926,49.63753,3.3765664,-38.58398,3.40939,39.15189,3.5917017,-25.595316,3.0714345,19.213697,3.1520736,-9.46866,3.4030914,11.198699,3.1899612,5.951115,2.877336,2.0050488,2.8997753,4.6165347,2.8958788,1395.0272358237107,83.15860349454498,1820.250436115577,62.61961040627581,0.00023468996,0.0003951017,3190.061607272332,0.009462566,0.0013060762,0.0590752338312065,0.0057245141257593075
-394.50232,4.934556,168.81677,3.8485203,-28.170956,3.3971956,46.434708,3.5861626,-41.078575,3.2383296,38.979633,3.2265203,-26.366327,3.3540897,24.59815,3.3393133,-6.5046043,3.2305498,8.904938,3.1839447,-3.9308085,3.162663,-3.9185138,3.3915925,10.72162,2.923956,1366.9646794982914,74.06974671158451,1738.0175057480867,57.3029580195439,0.0002131838,0.00026261192,2820.0002718967517,0.008910519,0.0009090497,0.06614681518271462,0.006439726546851091
-430.87698,9.356079,191.86363,6.7427664,-16.416811,3.3025868,57.788143,4.0853186,-17.206562,4.7033796,33.11587,4.225817,-7.5096116,4.399665,11.518299,4.055758,-5.088548,3.7862668,2.9162278,3.4626532,-2.5336523,2.940008,-5.8372407,3.24806,4.325573,3.6171288,817.1820119457968,102.93410925649587,1276.7635912372568,135.67328678484236,7.535301e-05,0.00017605668,1525.7598381308005,0.009620496,0.000743757,0.031353094185034805,0.010840704787068119
-385.04153,5.729144,194.39919,4.8481255,-47.639435,3.5050008,58.97506,3.2460823,-23.455479,3.4700463,30.449247,3.75119,-11.474898,3.6919029,10.478584,3.3642173,-5.473239,3.7212844,2.0753343,3.3037155,4.1797366,3.0501888,-3.3005426,3.1738045,4.20953,2.9740827,1057.0785375606936,65.83441009549236,1330.5496187932074,67.02481268217464,0.00013777081,0.00014430656,2174.0041781467517,0.009655704,0.0007983545,0.04601172781322506,0.005873745160698485
-385.93784,4.7766037,173.09422,4.0800595,-38.240135,3.7074392,46.63795,4.132734,-40.09735,3.8111076,40.842068,3.4775496,-25.984715,3.5791943,24.541016,3.4581103,-11.807288,3.5276062,3.3218277,3.144634,1.2543491,3.0943925,7.9188538,3.1431174,16.537287,3.249988,1389.780749485917,68.19838876376892,1693.4978167483828,58.11676812062804,0.00029573007,0.0008416179,2755.450623549884,0.008449021,0.00082237506,0.07326031395011601,0.007632902884164021
-379.43597,4.6579456,185.96843,4.2662153,-45.32502,3.31682,60.243122,2.9655633,-22.25314,3.1239667,32.159695,3.405852,-11.015868,3.5511749,10.78207,3.3574495,-5.576242,3.3126047,2.3067412,3.0827155,3.22776,3.070046,-3.6703312,3.0704339,4.15565,3.0820384,1112.1003991313244,67.25201684727706,1403.3546094911162,59.61855246983546,0.00015895945,0.00016148914,2357.660917560905,0.009774704,0.0008396831,0.04839195729408353,0.00730319552349297
-373.88678,4.5455365,185.98506,4.5579886,-47.011303,3.8245618,62.97369,3.9596133,-27.041452,3.696605,32.77548,3.4070702,-14.669869,3.5022593,12.220986,3.1817029,-7.2166643,2.9593365,2.6345387,3.373953,1.7650356,2.985692,-4.172571,3.094286,5.9735036,3.056115,1155.613735773284,66.2829961238353,1441.9077059085282,59.09074058231815,0.00020981285,0.0005308838,2473.3456782011312,0.009822155,0.00073207467,0.05110299448955916,0.006392027014873556
-387.4245,5.6163874,192.93974,5.1530676,-40.94773,4.407402,60.58217,4.412241,-24.994404,3.9277885,28.974672,3.6468782,-14.143056,3.7629917,10.284773,3.4399257,-7.505407,3.4478037,2.015284,3.4118843,5.6493664,3.3699405,-1.8272372,3.0517979,4.9362955,2.9510617,1037.827555398242,63.33516624413143,1349.9754496907751,69.21670015848395,0.00014835289,0.00035701992,2141.2297436919953,0.009929609,0.0007447654,0.04455368148201856,0.005597581629412382
-391.30356,5.920684,193.67818,5.47437,-41.79962,3.552352,57.486126,3.5974271,-20.401857,3.9448156,29.08444,3.7462401,-10.340418,3.58971,7.784162,3.8042753,-4.755233,3.709654,0.84343123,3.3985083,3.9580278,3.550514,-2.716696,2.938749,3.6731625,2.8669806,1007.1795453316674,69.08637372593749,1308.1880265121486,78.43502562865105,0.00013732683,0.00040626177,2051.0251073992167,0.009775832,0.000861004,0.043530669953596286,0.005873481413730602
-393.9624,6.1516814,193.82939,5.114763,-43.351345,3.6734464,58.313713,3.2247248,-19.21337,3.803468,30.248156,3.416001,-9.426902,3.677128,9.968938,3.7541375,-3.3538787,3.5998445,2.0535612,3.2819464,2.822507,3.0877893,-4.53055,3.0466242,3.9134076,3.05141,1000.5399521158502,72.91071064887683,1307.859227723405,76.1388310794329,0.00011456974,8.641936e-05,2058.469300590922,0.009716497,0.0009012486,0.04193894105278422,0.005864559264991828
-385.5006,4.9378357,167.05742,3.7835407,-36.38378,3.4997554,43.733643,3.68686,-38.22898,3.7694702,41.410633,3.4463968,-22.160465,3.5592468,25.007755,3.5979402,-11.770545,3.2790968,4.1207814,3.4235766,1.0364468,3.4964702,8.810838,3.3215318,17.964888,3.1286285,1427.4771794005542,66.54588490156635,1731.824052623441,52.54139295623381,0.00028368554,0.00058555143,2904.8840586934457,0.008535314,0.00093084987,0.07188950116009281,0.006034632042339984
-360.21667,21.666834,152.3053,5.13005,-50.48838,7.698259,73.30404,3.784244,-29.92366,5.8445964,47.966534,3.750653,-24.57788,3.4487946,25.740858,3.6132116,-12.024786,3.2768989,8.917541,3.1328804,0.54783124,3.0569947,-4.358969,3.2116795,7.105727,2.924925,1720.7210985238398,148.21017090404294,1918.0316835511012,66.47296548058587,0.0004857587,0.0005163316,3910.424691397187,0.008735162,0.0016900866,0.07965441922853829,0.01615997950883552
-396.78247,4.796521,171.11836,3.1527617,-32.5233,3.2886353,45.258,3.930553,-37.786606,3.4047446,42.79615,3.4043992,-23.82645,3.739797,25.889973,3.4512043,-8.261493,3.287965,5.056276,3.134927,-2.2701983,3.314874,3.7862642,3.2800095,17.214012,3.1065106,1331.9249858387332,69.14187139789955,1696.2687720075492,49.64940316686292,0.0001941338,0.00016659222,2630.9227609302493,0.008904798,0.00093431486,0.06579901392111369,0.008587402753268554
-387.39307,8.072378,178.81879,6.3015175,-37.73805,3.7890735,54.158226,4.1380997,-25.258087,4.139234,42.40235,3.6008804,-6.5716786,4.2881556,18.857334,3.7600327,-9.141251,3.3337207,1.2009504,3.3847086,0.38270923,3.2852216,1.1658973,3.2389123,8.329681,3.1492157,1139.600613247146,110.01508364811457,1505.4554308216968,99.17526128286761,0.00020378086,0.0005821472,2371.025492586282,0.00938843,0.0008629552,0.04839875471287703,0.008572583904538288
-380.40503,5.3008385,194.11555,4.572492,-49.50882,3.6986191,62.187428,3.2308986,-28.75263,3.5053346,33.19961,3.515665,-14.81289,3.38984,11.857109,3.4080017,-7.2076645,3.5860114,2.5475447,3.511325,2.9906263,3.176075,-4.2263713,3.266827,4.3514667,3.0188568,1102.3102282176385,63.687316882920946,1376.0820471354111,61.60289236209632,0.0001625095,0.00019664281,2284.318128262761,0.009707889,0.0006745393,0.05026577907482599,0.006341974532320733
-373.72006,18.399204,183.1134,7.1858993,-57.267166,13.018553,51.080616,7.0051847,-14.920806,5.102003,24.35347,5.607766,-13.24542,4.838462,13.935857,4.598744,-1.1418043,4.321249,0.96666574,4.0443473,1.6666509,3.7620218,-3.004346,3.9733732,3.9894974,4.1780214,1245.47917850938,149.96867414197862,1351.4445594114666,90.27673447731033,0.00018950886,0.00015955487,2441.895210991879,0.008807781,0.0014099133,0.07521230604698376,0.02149421455900418
-383.90662,6.981617,188.20451,5.304665,-47.74518,4.2872844,58.96321,4.4395742,-23.231579,3.59628,31.74365,3.8003993,-12.166329,3.6882844,11.452631,3.369688,-4.0579934,3.6490726,2.7211037,4.1690536,3.9796326,3.93331,-3.7567227,3.3881934,3.4323509,3.966801,1112.2394709576674,67.32000622022552,1379.5227560360377,72.84243217484311,0.00015346573,0.00016952843,2308.898954103828,0.009582913,0.0010540243,0.051655851218097446,0.008120089345030043
-344.7571,8.135537,168.15901,7.4989305,-64.0503,5.391745,69.760414,4.052695,-39.998352,4.3181753,36.507008,4.566369,-14.930936,3.8993342,17.793568,4.2078395,-10.353708,3.9069371,4.7384934,3.300604,2.5264363,3.22122,-5.179569,3.2079244,9.241568,3.260402,1595.032641885748,125.96375633353048,1652.7875479182153,80.87603434499339,0.00045482613,0.0007686803,3412.6879486296402,0.009051181,0.0009628329,0.08617087804524362,0.01275199539986465
-383.60352,4.8142557,187.50241,4.958648,-44.73761,3.800873,61.095516,3.791193,-22.001469,3.5448174,32.37175,3.2927678,-10.981618,3.4023874,12.0536,3.4304626,-4.704423,3.2350626,2.0363884,3.492169,3.0339553,3.2045233,-3.100523,3.326636,4.6489224,3.2490668,1084.6615949818913,71.29237559138545,1392.518206137655,69.24555918853571,0.00016125024,0.0004163531,2304.027753860934,0.009948512,0.00076797546,0.044702091792343385,0.006281325813439438
-425.3955,12.51151,178.96799,8.504265,-16.450258,4.7225466,48.316303,5.2997475,-10.150011,5.511453,32.809574,4.1881285,-3.6373453,5.189311,9.175394,4.9014325,-0.8685086,3.9155068,10.039359,3.9611735,6.0576773,3.662224,-0.93211466,3.6027684,5.8187637,4.049979,877.9615708281232,141.9585035888719,1346.1974983954856,152.2764145506538,9.497011e-05,0.00022402937,1744.0645505546693,0.009554339,0.001999699,0.03087387616009281,0.011958554978797345
-434.1253,13.383245,194.54242,9.068568,-14.818099,5.1805077,47.19633,5.3940725,-14.530317,5.8311996,30.30011,4.23385,-4.8813,4.979041,14.38827,4.4760084,0.56144875,4.275395,1.7013547,4.106044,1.4977266,3.6815684,-6.3741384,3.6862073,1.8853323,3.6772761,783.4704195939722,117.14032707360299,1209.179744823633,153.15091107558163,9.858702e-05,0.00062244624,1425.7878208381671,0.00954997,0.0015056173,0.02855255764211137,0.005728164602360944
-405.15588,14.567875,183.71759,5.356715,-31.721462,5.964653,51.156277,4.2797465,-19.871258,4.8911276,32.972942,4.0958962,-4.312573,5.3027425,17.03939,3.78952,-2.953955,3.9031255,1.9529938,3.5949678,2.0521662,3.5639346,-1.5785849,4.2936893,5.2179704,3.5774534,996.5649829070954,115.71113946922243,1371.7267694014845,90.16325476205073,0.00012988009,0.00035279503,2011.2061679778133,0.009567854,0.0012795411,0.037954520736658934,0.007955730595316178
-376.1065,4.4171724,184.04419,4.4711914,-47.387848,3.5730424,63.690723,3.8438308,-25.659735,3.3244421,33.941174,3.2699234,-12.820863,3.616781,13.467714,3.2021356,-6.039865,3.26573,2.5523572,3.4453309,1.9688256,3.0933225,-4.7959166,2.9627428,4.3812838,3.0404253,1166.1046841452428,66.15887402000267,1454.7792024668263,57.90306992929763,0.0002095226,0.00071500574,2528.977283026392,0.009700953,0.0007055862,0.05034508229408353,0.006674829325704177
-337.70483,11.176732,154.66075,7.3576646,-70.2252,5.753166,77.14633,7.66196,-48.85968,5.523563,42.330135,4.180906,-30.059505,3.6307502,22.899826,3.5514858,-15.664984,3.6472764,7.5565653,4.0920844,-4.56188,4.5079327,-5.913759,3.6979187,11.344967,4.0792747,1990.7463630718523,144.7203807016165,1863.7851058754607,78.64724946795292,0.0008801143,0.00166517,4076.5700904509863,0.0081745805,0.00093919394,0.12554152769721577,0.01671668406303309
-406.21353,6.386958,182.56345,5.07387,-30.771458,3.2773495,49.22503,3.7095232,-21.190931,4.0841703,38.751896,3.5196884,-0.746775,3.8587644,15.022306,3.6234517,-6.678011,3.6150854,1.0346625,3.7240806,2.649328,3.0194824,3.574953,3.1652179,9.000906,3.1182039,1005.8843958714057,84.04031120025275,1391.6142343039064,80.43744299242358,0.000120201184,0.00015420235,1964.2677820475637,0.009356742,0.0012661237,0.04208508555684455,0.007497961879335956
-386.25668,5.5439916,169.76381,3.6411543,-39.60333,3.5653238,45.240772,4.1434155,-40.425945,3.4692695,41.940773,3.240981,-21.299477,3.6288624,25.708649,3.3299398,-9.83508,3.2842872,4.4325786,3.0568411,1.8040242,3.089567,6.272877,2.9958465,15.520072,3.2701416,1417.4745985463696,65.97195607177684,1706.8959025332965,49.699044909292255,0.00028069728,0.0004155884,2896.99021624855,0.008146361,0.00077362655,0.07288645591647332,0.006838010357150699
-383.14102,8.117643,188.0873,6.5967026,-44.25438,3.9601247,62.285004,3.4342525,-23.178047,3.4345741,31.328062,3.546788,-12.820494,3.3707538,10.841248,3.364841,-5.465122,3.2562246,1.4873695,3.3533578,2.5535727,2.9958065,-3.7105997,2.8958616,4.716546,3.0324526,1089.3338845207677,97.29780738558107,1391.4131085483161,79.58399542547004,0.00025144697,0.0017097613,2306.50082475348,0.009838467,0.00077017385,0.04693051225348028,0.007141135352854517
-417.9491,7.7666693,181.03056,5.5677104,-20.825047,3.657526,56.496964,3.8433373,-16.190248,4.546396,32.56687,3.8298142,-7.226439,3.9655864,17.402143,3.85161,-1.4742259,3.2967806,6.3488173,3.610074,2.9052413,3.3817,-4.8843455,3.06188,1.2310913,3.267295,917.5443497669173,97.66045377720481,1389.7124590644928,111.58294134078002,9.382281e-05,0.00013506392,1867.193504386601,0.00974362,0.0008815003,0.032009045098607886,0.007934972262537508
-381.2975,5.301355,161.85245,4.4096823,-32.407814,3.8210769,46.359165,4.0818334,-37.88069,3.7669806,38.672474,3.487803,-23.427761,3.5413873,24.092651,3.2031827,-4.3865976,3.126664,8.670355,3.116649,-4.1745143,3.272806,-4.756823,3.4874673,10.882234,3.4798017,1461.5705164664823,77.0322269166653,1776.7690994282843,61.626259057581976,0.00031244697,0.0008478274,3172.2005397150524,0.008741727,0.0010193017,0.07152810506090487,0.006095986375067556
-391.50128,5.436956,176.55554,4.078368,-36.585728,4.048327,44.540577,4.198793,-39.1831,3.658952,37.010723,3.1899354,-26.28928,3.3988154,25.19308,3.046096,-10.606324,3.2781844,3.2448838,2.954496,-0.07756735,3.058018,8.216371,3.3194127,17.03592,3.1480024,1318.238561469063,72.24495895461968,1625.3495090668134,58.69539096910142,0.00021445917,0.0003703004,2487.484649162558,0.008873449,0.0009203887,0.07067049738979118,0.0069933116555991
-355.79364,8.867174,150.71886,5.481993,-46.87691,5.45995,69.99768,4.2339497,-29.858973,4.3080087,47.26247,3.9016743,-22.696129,3.6606472,25.95193,3.3289917,-9.426503,3.1777651,9.748244,3.2264452,2.8025932,3.2280693,-2.7716887,2.996581,6.943522,2.8047984,1701.9129770000427,153.12637883085713,1927.8895994996935,77.12827359553444,0.00047283387,0.0005775901,3936.054698829031,0.009231458,0.0009372155,0.07458920932424594,0.013835588674832117
-394.59628,5.7934723,181.31667,4.3626137,-34.245316,3.9672506,54.445557,3.5352201,-24.911118,3.550161,41.396526,3.465888,-6.0706053,3.5505416,18.074291,3.4050338,-8.506582,2.783408,2.1894178,3.3341687,-0.16491212,3.201913,-1.1458477,2.9991,6.0429826,3.1404183,1076.177208070439,77.34091774609817,1472.445394466972,67.89643024603596,0.00015876105,0.0002887171,2211.4249882178074,0.009512023,0.00088895974,0.04210774361948956,0.006038279320989115
-381.18484,4.562071,168.75241,3.470651,-29.358011,3.625493,42.032352,3.6799176,-40.5634,3.6685855,35.5032,3.2961812,-22.647743,3.1250696,24.227789,3.3957222,-5.2156844,3.2320137,10.682434,2.9899027,-1.3044449,3.0779688,-6.1569786,3.313729,2.6496708,2.8310988,1375.4430369082581,58.67871091378331,1714.0449364226567,48.965077359116925,0.00026475635,0.0005612467,2814.9791885694603,0.008816884,0.0008895121,0.06997376196345707,0.006346635382354279
-350.37326,14.331338,158.90146,6.473274,-100.029205,7.7624235,63.003914,4.1298995,-39.90251,4.8049474,38.473568,4.8658075,-41.72919,4.9803534,23.572016,3.6154497,-12.377605,3.7440944,12.853387,3.694191,1.5172131,3.0200918,-3.2210736,3.0933874,10.670482,3.2478318,1969.1253444564397,104.01386191151578,1624.8819345404747,104.50969417460344,0.000808478,0.0011648504,3484.5069265697507,0.0073657567,0.0011408675,0.14428767582656613,0.010514632106929978
-388.86847,5.2086806,178.66704,4.7070847,-40.080826,3.6768992,52.83758,3.8653572,-23.478563,3.7857094,41.453873,3.4977777,-4.310602,3.7317061,16.128447,3.3800917,-7.5422416,3.1635916,3.390054,2.7846677,1.981343,3.1831367,1.7510281,3.1108184,8.444283,3.3388126,1131.860618649794,77.25637751920198,1481.3438702709095,71.66014417314973,0.00019916048,0.0005653887,2363.131650141386,0.00930648,0.00090579625,0.04540902334686775,0.009161179552207417
-373.3999,4.964067,160.76546,3.6789873,-42.455147,3.0569212,59.433723,3.9664571,-44.896435,3.4094303,37.48919,3.1499443,-25.637377,3.0970776,30.661058,2.994094,-10.110399,3.0622609,-1.7769564,3.1973653,-2.9020057,3.315473,-3.5458443,2.9614098,9.753818,3.0417132,1604.4697804116256,75.11104343583487,1836.4063672651216,48.4893512131681,0.00033912194,0.00025748005,3640.934905651827,0.008621093,0.00074309635,0.07581840922273782,0.007737586737615372
-391.6535,4.6108356,164.48898,3.542224,-30.16874,3.2096834,44.74513,3.6890168,-37.38329,3.0744417,38.609375,3.1899576,-22.463686,3.2422104,26.072691,3.660259,-5.7075033,3.3298368,8.182112,3.0612402,-4.425859,3.3771539,-2.5548365,3.4700167,12.656852,3.2198534,1410.9752018964377,71.5442170660112,1752.6398839852548,52.46824741763964,0.00023602942,0.00021968134,2941.5054923143853,0.008499462,0.0009282547,0.07038727160672854,0.0071853255619158
-384.7239,4.448962,180.05931,4.1652226,-45.88317,3.5716438,53.47382,3.698708,-29.446867,3.805789,44.802303,3.3307393,-3.7425013,3.6167731,18.181412,3.2907567,-11.504144,3.1288245,0.75473523,3.383859,0.70043534,2.8901165,3.059436,3.3170793,9.34707,3.0396693,1201.589404240268,70.5349164612763,1490.7277801473563,63.424484723506374,0.0001979174,0.00043281337,2464.377673651392,0.009303024,0.0007561363,0.06214993293213457,0.008631609410081955
-409.5008,14.978834,179.59596,7.936212,-25.649271,7.7216406,60.147312,5.8409195,-20.601698,4.6111283,38.499584,4.259387,-14.049737,3.9377892,15.1112385,4.2720294,-6.4635115,3.6782618,3.570239,3.7743526,1.7717314,3.5771825,-8.091247,3.5145004,6.2348804,3.467912,1031.1374222244856,169.43133579490336,1478.3800692201407,138.845376488608,0.00011931024,0.000116583076,2147.349969638196,0.009592384,0.0008031194,0.036376386673433875,0.011819189245711284
