mfcc_1_mean,mfcc_1_std,mfcc_2_mean,mfcc_2_std,mfcc_3_mean,mfcc_3_std,mfcc_4_mean,mfcc_4_std,mfcc_5_mean,mfcc_5_std,mfcc_6_mean,mfcc_6_std,mfcc_7_mean,mfcc_7_std,mfcc_8_mean,mfcc_8_std,mfcc_9_mean,mfcc_9_std,mfcc_10_mean,mfcc_10_std,mfcc_11_mean,mfcc_11_std,mfcc_12_mean,mfcc_12_std,mfcc_13_mean,mfcc_13_std,spectral_centroid_mean,spectral_centroid_std,spectral_bandwidth_mean,spectral_bandwidth_std,spectral_flatness_mean,spectral_flatness_std,spectral_rolloff_mean,rms_energy_mean,rms_energy_std,zcr_mean,zcr_std
-350.67627,23.461216,157.79424,13.387345,-45.92608,4.189146,63.69188,8.7152815,-33.55722,6.279446,49.56139,6.5069647,-15.563681,8.214946,26.30847,5.771458,-13.312441,4.885472,4.635877,4.3870583,-6.161987,4.9820943,0.08355264,3.5875926,6.1703186,3.4030826,1642.0812513020583,326.6576326215749,1881.1493186425223,255.8749122952753,0.00032057439,0.00023229736,3725.269121139066,0.01090991,0.001668449,0.07022866516821345,0.015594581940908962
-374.87863,45.20103,146.69685,24.434391,-25.626884,10.160647,64.57863,15.599166,-20.499681,10.210952,39.694633,9.72275,-19.182007,11.127709,20.313854,9.365716,-4.520342,5.941795,8.618795,4.5685973,-5.4319577,6.8440804,-0.41828132,4.234756,3.8703234,3.8214483,1619.937482457829,519.413872315839,1906.6578405883843,405.83279842823333,0.0003527452,0.0011689716,3766.112261637181,0.01094208,0.0037244223,0.061140516241299306,0.022484259904671906
-343.38562,20.40927,160.04695,13.7451725,-44.062374,4.182606,68.82332,6.818337,-30.135138,5.9975195,42.300297,7.218965,-22.450827,8.0182295,21.065626,5.9961743,-11.8522835,5.1437993,6.825032,4.7211494,-4.7736607,5.4376383,-4.175565,3.345324,3.4518385,3.4646003,1594.3796806860707,307.24656840653165,1847.9377098452617,258.7579779283399,0.00035987244,0.0007783315,3648.0043911325406,0.011482836,0.0016189062,0.06654446418213457,0.014073172507089103
-344.02136,18.57056,148.91985,9.074914,-46.08777,6.089219,66.094025,7.933921,-42.729824,4.160114,41.866158,5.006198,-27.815405,6.105601,30.234251,3.807683,-12.166027,4.0156665,5.381073,3.763739,-10.141536,5.0730305,-7.5102053,3.704385,4.869527,3.488659,1890.7225897894955,257.6220749011005,2016.3153659507366,149.40730323999816,0.00045826955,0.0007088931,4279.836533407048,0.0106111,0.0017000481,0.0853687826276102,0.012834965632464087
-346.0528,20.400751,151.62306,9.310488,-40.775505,7.401697,58.358837,9.832175,-44.35356,4.4497256,41.87241,4.5698543,-29.430777,4.3327417,28.115253,3.9191926,-7.4070067,3.8835244,10.572687,3.703355,-7.485756,4.6766796,-6.1902084,3.41894,4.0534844,3.4521239,1816.17541227246,243.83623397392387,2004.7181876047737,143.4396715391358,0.00046476853,0.0016732981,4180.064360226943,0.010897484,0.0018380621,0.08279369380800464,0.010687155335414861
-370.50162,35.344883,155.98198,19.490011,-31.240774,8.702904,74.414154,11.539868,-24.420511,8.337484,45.72066,9.576052,-20.35354,10.384037,27.664886,6.793115,-6.237568,4.830764,6.480879,4.3573284,-10.466517,5.90634,-5.6331162,3.599654,2.2047386,3.572767,1524.456583402344,447.5000739525718,1884.1984807701474,359.79691142964236,0.0002638683,0.00056887127,3608.4602373658645,0.011617412,0.001725533,0.057195747534802784,0.019994563121496504
-345.52368,22.24874,160.74562,15.694748,-41.77285,4.031302,68.1676,7.242621,-27.481094,6.763067,41.65468,8.152865,-22.129799,8.034644,19.68179,6.7446413,-11.802958,5.4186254,6.686409,4.691278,-5.0909457,5.850415,-3.3477728,3.4135897,3.902389,3.5660145,1556.7137789007595,333.5772252740892,1830.3324888262546,285.030633854947,0.00031151227,0.0004684948,3558.7240338602087,0.011625538,0.0015307261,0.06526994815835267,0.01555009971752538
-334.64044,26.929903,153.87141,15.925823,-54.95274,12.724751,70.61957,9.421881,-30.730038,7.3850217,40.39091,7.756843,-20.702337,9.668901,19.8777,6.7271876,-15.086347,5.9383407,7.336712,5.19527,-5.865012,5.7052827,-2.9910307,4.0853105,7.7724576,3.8024142,1773.7354382793587,346.60168369028895,1843.707193364418,258.49414054151424,0.00045037392,0.000519204,3796.038917488399,0.010872494,0.0017912572,0.08852391785092807,0.025399926022434606
-371.0614,39.370724,154.83168,21.146969,-26.627632,10.64769,69.51523,13.806985,-23.970024,8.459879,41.263573,9.363817,-19.999647,10.320469,23.881556,6.0123534,-5.16732,5.5732374,8.363853,5.1440797,-7.8800263,6.144884,-6.465193,3.6543493,3.0371337,3.9973683,1516.764669365498,477.7122325359443,1864.3113061404235,378.38817883181906,0.00025797336,0.00048177698,3539.6139405996228,0.011468315,0.0019433545,0.05667914370649652,0.021165743217925477
-380.60242,46.49111,151.31142,25.651209,-25.926224,12.878367,68.841255,15.766621,-23.614862,10.047164,42.368313,11.481695,-19.152346,12.351588,25.056343,8.004453,-4.105343,5.6704273,9.177233,4.380987,-4.9936337,6.1032467,0.99367034,3.7899134,6.5015273,4.0073576,1565.931969751296,551.9376901219687,1899.18712312151,446.6098808537995,0.00027418902,0.0007169393,3700.7632368401974,0.011548683,0.0018700977,0.054474514211136894,0.02486578629211757
-352.1746,23.161167,153.3402,11.33498,-45.46229,7.6178007,56.210773,10.696522,-43.366634,5.904897,40.051453,6.112432,-30.550093,4.853409,23.959812,4.378551,-14.325195,3.850962,6.064207,4.2759113,-4.044217,5.2610903,6.3742967,3.7900655,15.693008,3.582209,1798.8894117210425,286.4040329386268,1943.5036720960998,183.8951607676567,0.00044315195,0.0015103989,3947.7205988979117,0.010358326,0.0017818011,0.08530080843967518,0.013556993057562706
-326.29642,24.419931,135.65015,10.090244,-67.64596,9.591386,73.54782,8.503737,-36.825756,5.2960906,43.51094,6.022542,-27.395416,5.8368735,23.44369,4.917783,-11.216503,4.408454,9.184466,3.733351,-5.671687,5.5040755,-1.5459015,3.4434752,9.46766,3.5005987,2183.093406264197,222.0144122572019,1959.7011497146598,144.19332758651643,0.0008301175,0.001499265,4424.598612420244,0.009675319,0.0023236836,0.12142569061774942,0.025108619810902507
-352.8118,25.671711,154.05423,12.118276,-45.672268,8.412026,55.35192,11.471296,-43.082287,5.2262816,41.398315,5.4586377,-28.787098,5.3529534,26.504025,4.297034,-11.091766,3.9599118,7.176206,4.21349,-5.447045,5.1037393,3.973559,3.5282512,14.51715,3.637934,1763.0977537376718,302.76468135348813,1926.6894798989174,193.76503837259685,0.00039145938,0.0014637159,3860.7134684055973,0.011186936,0.0017338959,0.08051882431844548,0.01295462421813106
-343.86804,20.773233,147.7875,8.341343,-43.409428,8.390434,68.864105,8.087456,-38.697,4.489032,48.591343,4.726322,-29.35764,4.820091,27.043205,4.108715,-11.727074,4.149107,7.336844,4.610744,-7.5850244,4.8452706,-3.6203976,3.8222713,3.0183616,3.4479077,1891.7539749143018,247.70894763548577,2064.9782187957535,123.3498483718418,0.00044509774,0.00058542506,4407.711784911543,0.010810035,0.0018648537,0.08121782555104408,0.014968643823493435
-374.2041,42.445316,154.13548,22.997673,-26.344593,12.806384,70.35766,15.246635,-22.32773,8.463561,43.095806,9.286069,-20.78343,10.658321,22.067884,7.0723906,-5.9979615,5.133887,11.860415,4.42489,-4.27745,5.927386,-2.848428,3.4476378,5.6596055,3.7005644,1515.7594349873013,499.544754829437,1873.637577726951,397.24037315855014,0.0002764562,0.00086561777,3553.8778141313805,0.011656615,0.0019785042,0.05660890371229698,0.0221491982925086
-343.40936,17.053003,143.85506,7.87034,-45.119915,4.885367,77.56586,6.2030234,-28.700338,4.623264,51.3796,4.610453,-25.665,5.085202,28.148922,3.740154,-10.640615,3.580417,9.407683,3.6627698,-4.239834,5.0675383,-2.7711308,3.3974075,5.2716203,3.5884986,1855.197000387358,243.58125037770887,2056.5877140343964,138.15107785756183,0.00042813458,0.0005937318,4312.985675572796,0.011198346,0.0017052138,0.07776813551334107,0.016219488997241342
-331.1698,24.9374,162.74202,16.350924,-52.471714,5.939225,60.638447,8.929946,-35.573433,8.110714,35.929623,8.939994,-28.575315,7.6383457,18.402319,6.2054706,-12.501337,5.341384,6.3524013,4.2004204,-6.7826257,5.493134,-5.622665,3.6345685,6.439256,3.45007,1671.4025097241877,312.5730092061311,1799.0960575785919,281.78810422931883,0.00038700702,0.00052661926,3634.964562790023,0.011476168,0.002037771,0.080580001087587,0.014401107416723645
-353.049,23.343407,145.74472,9.46421,-37.15795,8.362945,60.506645,10.007985,-40.744038,4.5914097,41.665485,4.4466357,-31.06954,5.1662292,25.216688,4.963688,-7.6409264,3.762588,11.75334,3.7287078,-3.0645924,5.559765,-1.5387571,3.581516,2.049803,3.2307415,1832.7349227696259,272.92976015396044,2037.4697023457475,152.37130644783758,0.00036809838,0.0008663516,4276.264319895592,0.011279859,0.0018829375,0.07796979227088167,0.012990008012564419
-370.991,38.682312,154.55046,20.375532,-29.867722,11.008907,76.28257,12.680339,-23.189503,7.7496,46.450447,9.17458,-23.651112,10.250846,21.153084,7.1100407,-9.494208,4.8154755,9.062823,3.648573,-9.56185,5.34212,-6.7892756,3.487294,4.912549,3.7462559,1552.542554550011,472.0779349366914,1898.861432254967,360.42094038174343,0.00030614145,0.0010194081,3633.4657319460557,0.011634249,0.0017044715,0.060278376957656615,0.021160768537406848
-376.46664,42.56549,155.221,23.661774,-27.770245,11.573625,70.00987,15.89613,-24.942657,8.800175,43.38405,10.482627,-19.690609,11.823903,26.443192,7.4040146,-4.399743,4.6985097,8.933049,4.676404,-5.264767,6.4659343,0.02781071,3.8702211,5.9213676,3.9582996,1518.6862799155647,493.49138477300767,1876.450206070584,408.6437222652873,0.00024987527,0.0005635436,3582.83022993402,0.011684046,0.002149724,0.0539975619924594,0.020273916424762634
-340.77042,21.936584,159.52034,13.8186455,-47.002865,4.199233,69.83562,7.3037353,-29.99926,5.975368,44.191246,7.207432,-24.102936,7.703729,20.966349,6.613093,-11.040074,4.763763,8.689196,4.4188404,-5.2775464,5.6868896,-4.462316,3.1156082,4.662624,2.9879742,1628.7890059952852,309.39471427648465,1861.7563013665374,256.40050496009394,0.00035051088,0.00048927456,3704.135606239124,0.011630107,0.0017764939,0.07046997353538283,0.016029178383374067
-347.35593,25.3368,163.4916,18.62452,-42.800846,4.8775315,66.51503,8.614251,-28.443195,8.002751,40.527386,9.269075,-22.10477,9.687229,21.240389,7.8359575,-9.537182,5.277364,6.0666556,4.4797792,-4.9849515,5.8216777,-1.1899788,3.6061506,4.134395,3.4509647,1540.6454780173851,365.9600131453801,1808.728379807594,324.58605444790743,0.00034299068,0.001066477,3512.909771062935,0.011635914,0.0017122494,0.06647422418793504,0.017604973926108086
-346.51602,25.228334,161.38168,15.816519,-42.268127,4.4946885,70.00083,8.412574,-29.363222,6.467047,41.63622,8.27064,-24.752663,8.559383,20.34346,6.588918,-9.471262,4.7865324,9.181477,4.781867,-2.432187,6.290649,-1.2598523,3.1126513,6.482458,3.4279985,1563.9526704193481,347.6495487794797,1839.3335975647137,287.39554637666896,0.00032263814,0.00075362733,3595.5453115936775,0.011744391,0.0017245644,0.06570724876740139,0.01763545915728305
-348.53735,22.811768,151.01088,10.585373,-44.0922,6.740844,56.25975,9.994683,-40.7953,5.7284074,44.73251,4.9598494,-26.974926,4.9905205,27.174168,4.19818,-11.739428,3.788719,4.5549335,3.8099587,-6.2713933,4.697832,5.1116724,3.5038047,13.701565,4.0015416,1814.076534974938,275.58237964689096,1981.4502562623056,165.98177647426135,0.00044559035,0.0014224568,4080.317167560905,0.010586115,0.0019826684,0.08240397513051044,0.013314836860801156
-341.70853,26.927069,160.22426,16.791195,-46.963245,7.9911895,64.40576,8.89424,-29.170475,7.545012,36.84874,9.083946,-27.05435,8.94484,16.14562,7.2374163,-11.01363,5.732061,7.117022,4.617063,-6.690857,5.7451615,-5.4229503,3.457982,5.4508877,3.3616457,1618.083613756154,341.6634148780503,1805.5600108078415,300.047197039165,0.00031732037,0.00036969446,3587.8513132613107,0.011613867,0.0018373288,0.07102396316705337,0.0160471962825908
-361.18478,28.78619,156.74786,16.373451,-36.58559,5.755462,64.399414,11.127403,-27.357185,6.8922453,48.292564,7.1897893,-15.265777,10.076796,25.628485,6.5883193,-9.275897,4.2894235,4.9799914,4.261049,-6.0047617,6.1053634,0.8854492,3.35996,6.7156043,3.513954,1549.301870611973,388.7247506950577,1875.5207469514569,305.3959726570169,0.0002620223,0.00024147541,3598.49301225348,0.011351104,0.0018401071,0.06025005437935035,0.0176945657744517
-356.36905,29.151453,154.51012,17.351736,-42.26167,6.4448743,67.443985,10.39167,-27.173416,7.2143927,48.4775,8.556198,-16.75364,10.599766,25.818188,5.2839403,-10.351844,5.0327606,5.9559402,5.369795,-5.216567,5.7920494,1.5690085,4.0485773,8.259345,4.3066883,1628.754905024518,408.2378699397276,1887.0557819577068,304.81213550502554,0.00028955605,0.00022408858,3734.836658026392,0.011420655,0.0017588683,0.06671553255510441,0.019365883587973438
-346.9288,22.655716,162.0753,15.2590475,-40.780678,4.2899504,67.69779,7.8854203,-29.3763,6.313138,41.212795,7.9805584,-24.57198,8.428428,18.933811,7.1752677,-12.023864,4.853185,5.085207,4.660674,-5.616552,5.692354,-1.1525114,3.5305448,5.3314033,3.3809536,1549.69270746537,322.52141616840623,1832.6077312708614,282.03246287601695,0.00029390855,0.00029987775,3561.1221632105567,0.011630375,0.0016902142,0.06516118945765662,0.015518332016543703
-341.25092,17.442541,141.9992,7.2682986,-47.29116,5.1692247,76.89096,5.9473567,-28.500088,4.732846,50.62857,4.3936543,-26.714312,5.1885724,26.689846,3.4958029,-9.6175375,3.4405777,12.346263,3.2923737,-3.1380444,5.3405585,-2.8769164,3.1406846,7.283306,3.2882085,1884.131023369945,234.77236677093566,2054.404641347671,120.60597940656108,0.0004576746,0.0008138623,4336.892027534078,0.011447257,0.0016916784,0.07807741806844548,0.01651982402759801
-349.23434,22.522434,152.03325,9.938963,-36.466442,7.6697717,58.634026,10.132345,-40.69117,4.307926,40.71836,4.60004,-28.218157,5.0483747,28.056698,4.374778,-6.6091995,4.1847773,7.7504215,3.7946646,-10.898909,5.226051,-6.4388995,3.2732935,1.7777898,3.3000891,1750.3575039394038,275.2478155092425,1980.577863674305,166.8471033783815,0.0003293974,0.00037566287,4009.4974101834396,0.011237944,0.0016940373,0.07931114957946636,0.0128058469147522
-349.93402,24.035217,144.453,10.26285,-38.81584,8.697766,59.734898,9.890539,-38.354923,4.872072,38.939075,4.582005,-27.826883,5.6758213,24.623787,4.2294817,-5.6621847,4.031409,12.600312,3.4226418,-5.4906254,5.4130154,-5.73007,3.1713982,0.61470264,3.209074,1815.518276674268,284.9348496960268,1988.351984156395,167.66418797719464,0.00034704016,0.00080903305,4118.737198194605,0.011730618,0.0021665813,0.0787118438225058,0.012691378069724247
-367.009,32.57927,157.162,18.41104,-31.69523,7.347904,72.41325,11.20636,-24.71683,7.657032,44.326157,8.586567,-24.77128,9.026833,20.716648,7.7659445,-8.312872,4.7361336,11.814252,4.115969,-3.8585145,5.8035674,-0.8131466,3.3419855,4.6415386,3.993329,1529.2564181886705,423.2008526620324,1885.3051637976614,339.50856682111674,0.0002722743,0.0005676283,3606.062108015516,0.0113857975,0.001782641,0.06058312790023202,0.022226478897588758
-343.35654,22.392723,153.78914,11.607507,-44.70289,5.644932,65.545654,9.17268,-32.088345,5.199065,49.249195,5.6586556,-18.814268,7.625144,27.576366,4.4528756,-10.427504,4.0646896,7.6854563,3.9251723,-6.1921687,5.3265724,-1.6089003,3.233285,7.6121745,3.699893,1688.3676830191553,302.79231836148455,1928.373999041555,208.75399114654306,0.00036579045,0.0005576435,3857.191215922274,0.011502991,0.0018126484,0.0707226109338747,0.014981647749946115
-319.61862,13.507214,144.57959,9.045219,-65.04119,6.023101,67.942696,7.161066,-40.70158,4.8975115,38.90376,5.3403254,-24.224834,6.7320166,20.199505,4.8593826,-14.65486,4.3917255,6.1471047,4.005042,-9.8454,4.12818,-2.8354373,3.9199426,8.082061,4.081419,2031.2904148706523,206.507604697835,1900.289908888197,151.3605496393137,0.0006625463,0.0008362946,4176.816893398347,0.010389191,0.0018377078,0.11383523963167054,0.02169777113111011
-329.36703,16.784302,144.49873,8.202221,-48.45541,4.549815,69.909996,6.2963414,-36.354332,4.6843915,43.297382,4.5269265,-29.701271,5.096847,23.131834,4.155996,-11.957919,4.155267,10.176499,4.0566754,-4.3664403,4.770929,-2.5877218,3.4286509,8.072277,3.6266963,1936.4737163823775,194.25582188744306,2032.1097540930011,115.64705031666972,0.00058784755,0.001099241,4361.198067720417,0.010915362,0.0024274704,0.08872670751160093,0.012795966804688006
-354.97836,22.599216,147.51813,8.909412,-37.38855,7.5172925,65.411316,9.044858,-36.814625,4.406268,41.77285,5.4066415,-29.671286,5.425691,24.01051,4.5167513,-8.77658,3.8706167,11.165583,4.0649633,-4.6600466,5.7903824,-4.91281,3.1271906,-1.1919407,3.4518185,1782.7224464918402,270.04020569006957,2010.0370594329145,157.29162019767926,0.00033769623,0.00047957004,4153.984703541908,0.011183081,0.0018244901,0.07263268561484919,0.014327644739296838
-342.85825,19.935957,152.63388,10.063875,-48.90093,4.9888124,67.404015,7.6762385,-32.02772,5.4940214,50.796795,5.296573,-20.419704,7.228521,28.822102,4.367521,-11.121726,3.5761697,6.5868273,4.235784,-6.01418,5.6689034,0.21148284,3.6501307,7.9228277,3.762191,1738.399224491754,273.6155090847627,1945.2054267572967,178.27660881997028,0.00037311498,0.00031635436,3951.4177149796983,0.011211608,0.0017892169,0.07547967118619489,0.014867765001523712
-343.48056,17.573063,144.34386,6.8431973,-41.104374,5.8890963,67.343735,6.7969413,-40.36401,4.2777267,38.540695,5.3167415,-31.955957,4.3255854,31.027294,4.0334516,-6.8079567,3.9036536,7.3633575,4.4489746,-3.878893,5.7075267,-3.4527383,3.9040608,-4.9681873,3.4846838,1914.1347566011852,205.14611358300388,2056.7261394827137,109.42904002500555,0.0004705231,0.0012946525,4456.248923742024,0.011082345,0.0018087006,0.08429025884570766,0.012961517554693004
-329.79688,16.274494,156.26282,9.54417,-51.35498,4.7338705,69.75033,5.7842836,-38.937447,4.368681,39.69717,6.151383,-26.523556,7.532865,20.54602,5.329308,-11.904307,3.9924893,7.5888886,3.9088163,-6.9276705,4.7466574,-2.454025,3.2935622,7.8196845,3.389426,1764.170666078663,226.54033150930374,1891.3690557208818,177.06721640889114,0.00046695754,0.00092578394,3944.4731320693154,0.011321245,0.0017649526,0.08221364740429234,0.012574758227776001
-344.54294,21.439491,161.91183,13.976614,-44.138504,3.9427867,69.68332,7.2621746,-30.519531,6.206673,42.218018,7.143704,-23.51301,8.530468,20.814505,6.7944403,-11.510478,5.063631,6.237187,4.222094,-4.759577,5.8483086,-2.354782,3.5050213,3.8146548,3.4700775,1570.5347377264416,310.7539954577481,1834.2430588854222,261.8644890077572,0.00033568163,0.0006122124,3596.669434726653,0.011553652,0.0016563556,0.0666974061049884,0.01459546827417725
-341.77087,24.107004,163.80649,16.026676,-44.829113,4.3428855,67.762665,8.25993,-30.565527,6.5054145,41.440327,7.916183,-25.970377,9.437617,19.161438,7.102861,-11.580133,4.7946315,6.111908,4.5178056,-5.4290247,6.097984,-2.216519,3.4776886,5.541057,3.462026,1567.402177252171,324.39891239984274,1816.9935189380349,281.8973430476218,0.00039610142,0.0014589175,3547.357899960122,0.011669082,0.0017182488,0.06908443300464037,0.01478285624729323
-347.35065,25.186417,163.51189,18.168402,-41.883842,4.676261,66.98245,8.732167,-29.143707,7.9813313,41.11554,9.17585,-23.213835,9.150748,21.01444,7.4604173,-10.729594,5.553995,5.9687533,4.501931,-5.3102345,6.1077867,-1.5294025,3.5141127,4.864788,3.2246506,1553.6333575724466,362.3486456650017,1825.1257458565194,321.1948530687381,0.0004114868,0.0019777215,3549.1065359447507,0.011620179,0.001665407,0.06543761782192575,0.016457506733958887
-351.23984,22.808834,149.42406,10.246635,-46.42833,8.21438,58.05678,10.373412,-40.636883,4.817035,42.72718,4.859718,-30.02792,5.9310656,28.374525,4.4506,-9.083413,3.6089551,6.5032334,4.3565598,-9.867286,4.8564296,0.4801379,3.2597978,13.377292,3.64614,1844.3193259971922,267.6467561175573,1986.5851998029425,147.8162535679274,0.0004277822,0.00079757883,4123.583417923433,0.010407099,0.0018115339,0.08289905379930394,0.012868739184197673
-347.85544,24.839766,163.77005,17.503439,-40.85286,4.553319,65.73087,8.549968,-28.850916,7.78134,39.728157,8.710991,-23.519938,9.117342,19.719734,7.8728786,-10.986027,5.3979545,5.750247,4.5119786,-5.809791,5.9070826,-1.94317,3.6578012,4.353998,3.4276128,1529.6390635577131,344.9145523581134,1810.2867748111237,312.6473342430147,0.00032468393,0.0007070832,3494.723956822796,0.011583518,0.0017064319,0.06423787340487239,0.016354961283023422
-360.98108,29.871607,155.09319,16.012676,-38.144775,7.16161,72.43557,9.513055,-24.474487,6.777123,45.493355,7.887541,-22.951857,9.810034,27.08383,6.0509434,-3.8394852,3.9996293,12.471468,3.8547716,-5.325559,6.0507827,-4.263799,3.5806618,2.9180844,3.4928155,1563.9863890052861,392.8336812286914,1887.119983695667,292.3834240482562,0.00028113186,0.00045300208,3638.9864255546695,0.011659781,0.0017603469,0.06249433548433875,0.020586411352178875
-324.2218,23.145044,155.56398,11.574446,-58.203587,6.429796,64.034546,6.107947,-46.743664,5.826492,30.789494,7.227883,-32.979206,5.4723153,23.546476,4.8439417,-12.181297,4.0947227,5.239263,3.6695778,-9.763024,4.508733,-5.488295,3.4624784,3.1765358,3.5175927,1860.781176150066,231.77702036463037,1875.604458879244,171.20560048765105,0.00055635994,0.0007511169,3969.9032953886312,0.010763869,0.0021096256,0.09451924122679814,0.014654691665208101
-350.12622,26.947823,153.1144,16.48346,-45.301773,6.5389085,67.90553,10.390324,-31.41743,8.1090145,51.91191,7.2221384,-20.076162,9.367557,26.01396,5.7446156,-13.365821,4.3353515,4.551542,4.15783,-6.2325993,5.800333,2.175273,3.5773149,9.461261,3.6540318,1740.6805250217253,443.168586464163,1937.473060803761,264.36150187797693,0.00042315605,0.0010515223,3917.619079448231,0.010942187,0.0017110475,0.07752116263051044,0.03245509521573666
-366.6416,32.58601,155.05334,18.413996,-28.90488,8.244282,71.14107,11.298609,-25.293304,7.4531565,41.594296,8.197474,-23.5556,9.204382,20.447346,7.5121226,-8.192114,4.441687,10.750806,4.390976,-2.9974606,5.7062583,1.0582589,3.8236852,6.4844747,3.7691991,1526.9675876488548,428.0891643183992,1886.8700289157373,336.79984675796953,0.0002380163,0.00014071065,3596.1198634171983,0.011484582,0.001760908,0.058174575841067284,0.019490825360434737
-342.1314,23.086857,156.78658,13.9719,-43.562374,5.498488,65.1815,8.504466,-28.012295,6.7120237,40.905952,6.895837,-26.90542,8.042962,19.08277,6.562425,-7.9756913,4.5537186,10.726465,4.2793026,-3.5748951,5.461489,-1.4477923,3.7486026,7.6519074,3.2374425,1627.7849974859703,308.0458239018636,1866.9071381692488,250.69075411770353,0.00033486146,0.0004930152,3687.173837188225,0.01170754,0.0019364209,0.07075773093097448,0.016882161208962534
-334.13885,26.537296,168.56895,18.296091,-50.52951,5.2646546,50.17424,11.572937,-39.6746,7.8142123,40.23983,9.865233,-20.10508,9.3513,25.50845,6.6652203,-9.629653,5.2310243,3.5779793,4.984069,-9.776385,5.605774,-3.2107496,4.3094773,6.923529,3.7698848,1594.2284910630528,328.0885626650237,1759.1140578586317,311.08100863045996,0.00034093106,0.0004521434,3436.8940667597158,0.011549897,0.0019900547,0.07770129422853829,0.013846071135855747
-348.69693,22.85075,152.23473,10.315932,-43.70279,7.9786854,55.84907,10.667444,-40.537766,4.9089465,41.34915,4.4994884,-30.810991,5.3209085,27.205244,4.5988903,-6.4786744,3.8658412,9.261608,4.0177464,-10.523438,4.7602415,-5.089597,3.5089254,7.676716,3.3493578,1787.717342260422,268.4541780207323,1957.9543352148949,162.9803861300988,0.00035569826,0.00029725343,3976.398229045824,0.010767541,0.0018544521,0.08271552349187936,0.012028829039558358
-381.7782,43.922115,152.13544,23.497036,-24.238459,10.828171,67.51474,15.394382,-21.163687,9.506298,40.209415,10.694016,-16.154247,11.755036,26.127256,7.7927175,-3.3452063,5.6349216,9.263245,4.7991385,-4.0524025,6.623775,0.5733257,3.8518384,5.6808662,4.3414893,1494.7509486947513,519.7136989943064,1859.1231026185542,424.65558602446333,0.00021698227,0.00020438583,3536.241571200696,0.011381643,0.0025296474,0.052201910527842225,0.023018564207826504
-356.5054,29.05612,157.85397,15.593677,-39.404556,7.0949388,65.94183,10.220644,-27.561474,6.473323,47.692776,6.8810244,-18.719269,10.124979,25.696957,6.1320205,-8.961734,4.2866454,6.3740044,4.329106,-6.9261146,5.609291,-0.80676544,3.499355,6.1032395,3.504104,1568.6264960573724,378.68043101982187,1872.4738226651828,284.6148018096814,0.000304707,0.0005483517,3599.567174358324,0.01134628,0.0017340983,0.062229236151392114,0.01840520502500162
-355.14417,22.27297,145.06973,8.131414,-34.82598,7.9307547,65.8428,8.67125,-38.585583,4.0486083,40.70759,4.8037043,-28.370867,5.788374,25.076124,4.3118486,-7.9534106,3.7193604,14.032475,4.165146,-3.3913772,5.041893,-3.043,3.4170177,1.2257296,3.588739,1813.9215451981884,257.48733988921066,2047.6370391981075,138.04243601753666,0.00032529095,0.00028838828,4273.866190545244,0.011136675,0.0017812345,0.07211494888341068,0.01390691381122631
-328.94244,16.336575,145.70468,13.614306,-56.394276,5.8812103,58.262836,6.639338,-34.59167,4.923822,47.451904,4.4045916,-22.460876,5.735846,23.47743,4.941652,-10.217419,4.4008503,6.345223,3.8749855,-6.376869,5.2923436,-0.20145454,4.162967,10.170913,3.949621,1900.0290785175243,294.47515809106443,1936.5312967772268,166.91995899499696,0.00055373163,0.0012505398,4138.072116081787,0.01120539,0.0028606188,0.08963529582366589,0.020761090280271153
-365.84857,28.115358,153.38052,15.045054,-33.60622,7.125936,73.269165,9.81488,-26.763853,6.840641,45.340225,6.6321006,-23.170126,7.5177326,26.981842,5.509725,-7.2049646,5.079154,8.884299,4.0644503,-5.988717,6.121714,-3.913079,3.7658696,3.2688112,3.5519426,1575.368081550747,382.7027075576443,1929.1403026968508,276.3053916730116,0.00026858316,0.00037408678,3729.041178763051,0.011404344,0.0016532335,0.05953859121229698,0.01841379453471341
-370.9746,34.89878,154.27567,17.923185,-34.912594,8.793357,73.853485,10.471682,-24.239202,7.764089,44.88071,8.688511,-24.790644,10.463218,26.907972,6.5983124,-3.5293977,4.574066,12.826888,4.0980973,-4.896563,6.1260695,-3.2321618,3.5531588,2.4081204,3.6652946,1553.4060957886052,433.92433501944674,1897.6790883730198,326.5925092744196,0.0002895372,0.00093793817,3655.87325306337,0.011685086,0.0017416982,0.05827880292923434,0.020614576228474873
-368.69336,32.770958,157.36931,18.076374,-31.307814,8.054753,73.00433,11.728417,-26.43852,7.661336,43.337475,7.992977,-24.44723,8.4321,25.39564,6.187633,-6.8042297,4.972835,10.161366,4.2006946,-5.496375,5.6277933,-2.5891623,3.5277956,3.599481,3.3152883,1521.187627420736,420.1301676889857,1889.630177962567,334.55665901890364,0.0002711313,0.0007099791,3600.3915313225057,0.011554905,0.0017072974,0.056745984991299306,0.019949859886706806
-348.12842,19.939676,146.0691,8.094101,-48.449223,5.6845927,66.485466,7.249044,-39.255085,4.164512,40.826637,5.4371934,-33.130184,5.2660017,29.191679,3.669856,-9.637652,3.9819114,2.889406,4.2990155,-11.183654,5.6750793,-8.128307,3.4055166,2.3536234,3.6358633,1917.3870774350394,229.44774054740006,2011.0651290891833,134.36226230455165,0.00043147508,0.00045575137,4329.372892800174,0.0104621975,0.0019364371,0.08588878516531323,0.011992009176602859
-352.2478,22.909851,150.48624,9.913935,-39.3776,7.517076,58.904373,9.970121,-40.40129,4.901338,41.550594,4.8728633,-27.795357,5.493962,26.10442,4.597811,-10.021679,3.9594238,6.259498,4.1269526,-11.163038,4.854415,-5.7659945,3.4137933,5.2117486,3.8117788,1764.8236761215967,280.37250281519215,1977.824040947134,171.3807399755735,0.00034745058,0.00048535998,4026.7839259171983,0.011027741,0.0017378028,0.07863593931264501,0.015050667188703914
-347.67285,21.592564,152.56479,10.189717,-44.26393,5.4249086,70.49753,7.467702,-28.735235,5.416231,51.04352,4.820223,-22.665716,7.7269607,26.040524,4.429188,-12.8531885,3.6420853,4.748915,3.8273792,-7.9527297,5.3811235,-1.679849,3.4040582,6.267377,3.3905761,1706.9626782105915,291.55852314848005,1958.1663599314593,192.71006970262675,0.00037210164,0.00052180816,3946.0219239414155,0.011158286,0.0016240416,0.07002021099187936,0.015980814627535977
-321.69278,13.809712,151.74768,8.130539,-59.696053,7.9539957,69.2172,6.197145,-40.931118,4.673892,34.499924,5.9674907,-34.261536,5.0297494,22.227465,4.2539773,-12.450601,4.733585,3.3514626,4.0688043,-6.2819138,4.775576,-2.4975507,3.8232725,4.2802215,3.597303,1906.1521677737824,199.01259263861058,1891.64653589852,151.1744043446744,0.00057231373,0.0007146066,4071.374143525232,0.010687594,0.00180192,0.10079099296693736,0.016525098518976027
-322.0657,13.590099,121.006134,7.834325,-81.6425,6.0212545,78.23822,6.134057,-39.79434,3.942258,43.751232,5.359551,-27.777836,5.123612,26.858156,4.5157585,-12.720476,4.2696295,8.448597,3.7687683,-5.0645366,4.158491,-3.4400802,3.5098662,8.215055,4.230631,2482.491367417501,164.08402289275892,1939.5350644465773,91.56994490818674,0.0011332425,0.0021874136,4658.940814874565,0.009413028,0.0020509313,0.15242418612238978,0.03322522012152358
-351.61612,25.873579,162.09383,17.997229,-39.496883,4.6736393,66.68977,9.353279,-27.158648,7.6249857,40.96219,9.428192,-21.34606,9.716689,21.885895,7.7624197,-8.332443,5.6771283,7.9756136,4.8127613,-4.3096347,6.0723886,-1.1393541,3.642336,5.753394,3.491078,1522.915510747461,365.7138181203303,1827.6241292343536,328.48999298071516,0.0003055816,0.0006894282,3521.9027561267403,0.011610962,0.0017812168,0.06283760513341068,0.017605418706576413
-345.98514,24.082685,164.30699,15.994097,-45.234467,3.9498332,67.97605,7.482094,-28.791824,6.5997806,42.670334,8.215085,-24.58027,9.648059,20.127071,6.9609504,-11.498155,4.892907,6.0912476,4.5232625,-4.858797,5.8666925,-2.3744323,3.3226402,5.229865,3.149333,1546.5777258910612,343.32745393697456,1808.6019538391379,293.16479120561024,0.00030262404,0.00022818078,3506.539739976073,0.011476777,0.0015061719,0.06724686412412993,0.017127085223385012
-353.1994,21.993483,149.02747,8.323468,-39.009132,7.6338735,67.78338,8.356382,-40.88669,4.233782,43.02522,5.291823,-30.540329,5.427882,26.979395,4.2502265,-11.143294,3.5332968,11.912478,4.345853,-0.042551592,6.2759,-0.89435893,3.6045804,1.5808378,3.1148014,1815.857442528468,269.20120318734934,2040.6614111422525,144.46908586489096,0.00035311858,0.00045011626,4257.154226635006,0.011129315,0.0017830924,0.07501744670823667,0.014777095387590193
-355.1669,26.698133,158.9043,14.550191,-43.602295,5.5291348,66.293045,9.675525,-29.76605,5.9429326,49.610146,6.4772015,-20.252792,10.217202,24.58936,6.22035,-12.182658,4.29846,5.061107,3.9837487,-5.696945,5.2123065,2.415971,3.7802806,8.809808,3.4193068,1605.9158492820284,350.5687253656423,1879.0597578515374,271.7090455980133,0.00031050664,0.00029490952,3672.9349441705335,0.010958313,0.0017295493,0.06689339834686775,0.01810167549927538
-353.357,24.073954,152.78299,10.652212,-44.97233,7.607177,56.934025,11.288387,-43.14298,5.535127,44.173634,5.34122,-28.830116,4.819754,24.751871,4.4988065,-14.6656685,4.3448167,4.481999,4.5955133,-3.7851372,4.842086,7.6588297,3.5751386,13.789413,3.903742,1809.1363077158885,285.14463427816736,1966.492337404706,177.72528853896802,0.00042892975,0.001054406,4021.562998477378,0.010333695,0.0017809317,0.08284014283642692,0.012952729681117362
-339.6262,15.770143,144.69817,7.298485,-48.491432,5.242746,77.05366,5.1494966,-28.366508,4.5883965,51.314384,4.490598,-28.995502,5.280096,26.260807,3.8143592,-12.032444,3.7194228,9.073623,3.2007394,-4.0756617,4.583744,-5.268171,3.222521,3.8533006,3.6314766,1867.500323965402,219.46459579040123,2034.7507789836247,120.9576612940074,0.000495121,0.0010280272,4304.267476163718,0.011184737,0.0015700776,0.08100483976218098,0.014638190736975719
-358.18704,27.311646,159.8041,16.138348,-39.756744,5.3392954,66.41022,10.488921,-29.962664,6.821726,49.61485,6.826865,-17.038536,9.53427,24.744757,5.9447513,-12.805121,5.142098,3.2803533,4.5235996,-7.6025925,5.281802,-0.3404435,3.8813813,6.5313325,3.5983644,1565.0830865226255,377.11566120039396,1865.9142550686736,296.8755970404752,0.00029297447,0.00041726898,3608.635100964327,0.011304931,0.0017885652,0.06235385549593968,0.017392678524213966
-321.95233,15.388945,135.72249,7.0982637,-82.15837,7.524403,67.724625,5.494907,-39.101048,4.58019,43.175556,5.4942966,-29.833487,5.344242,26.225637,4.2599363,-13.096657,4.126069,8.772185,3.3414674,-0.20728955,4.7782803,-7.429582,3.3300316,5.6763606,3.5108628,2246.245022714435,160.58111786589984,1882.7140548240654,128.22825034574814,0.0009353208,0.001234982,4419.702431663283,0.009192491,0.0018002413,0.14042447614559164,0.024212254932079035
-352.79575,23.32736,154.08937,10.6414995,-44.594154,7.085891,57.77963,10.278188,-42.1629,5.8502126,42.131905,5.139674,-30.204077,4.5505004,23.876972,4.4559855,-14.914336,4.1044836,4.9538054,4.0251718,-3.1200402,5.2501574,8.02946,3.81399,14.301226,3.9009514,1780.1229295618577,272.7290683423619,1947.1371610481167,177.3484307459488,0.00037504378,0.00058978295,3957.2381747571058,0.010443935,0.0018701426,0.08132091973607888,0.011446786197779134
-376.47824,42.74045,155.30719,23.373892,-28.215582,11.686024,66.27929,14.3778715,-20.94956,9.563989,42.067196,11.821073,-19.699846,12.3344,26.114174,7.3196383,-3.140502,5.393617,6.518267,4.0441804,-3.083594,5.3325562,-1.231333,3.8914297,3.8233814,4.1748447,1495.49145626238,505.8699788471258,1830.043655665067,416.2625474066246,0.00025879234,0.00042284673,3504.7911039914443,0.011215604,0.0019666327,0.05784036941705337,0.022758434931099806
-349.9803,21.251556,151.73656,9.462011,-42.428,7.0490303,61.278076,9.559112,-44.00852,4.450582,41.22675,4.857684,-30.7895,4.5905466,26.736433,4.196166,-9.623439,4.107727,8.431036,3.8008144,-8.893207,4.6218524,-3.2479246,3.39645,8.423812,4.113377,1808.4776681831836,259.4045680698085,1993.1398776991416,154.89741946483662,0.00034711434,0.00024039901,4130.927689058874,0.010945274,0.0017711289,0.07982095598897912,0.011867850793344365
-345.98907,18.54772,152.20534,9.030013,-50.924767,5.8122473,60.947124,7.8025827,-42.977386,5.2465954,43.51692,6.545776,-29.082369,5.860802,31.403503,4.4827533,-9.36842,4.536078,2.1133778,4.370488,-7.080133,4.812716,-4.962552,3.8698294,1.0758736,3.4509752,1845.736878844515,245.36387300828525,1949.9263492799223,159.91733023158176,0.0004514642,0.00093640306,4131.377338312065,0.010461253,0.0015710536,0.08802317466647332,0.01444995326915095
-352.66238,24.18103,153.50122,10.737233,-45.29188,6.99288,56.35798,11.187786,-44.013016,5.5306005,42.296074,5.0175557,-28.251966,5.3801665,26.306269,4.587707,-13.438473,3.6288784,6.9758,4.00748,-3.2209096,4.8651314,7.114462,3.4764056,13.324438,3.5233123,1797.3758206458313,283.2875387359372,1953.8916025981555,183.48121346763133,0.00036963273,0.00045761745,3971.152321091937,0.010587797,0.0018604057,0.08252746157192575,0.011574906286093582
-350.38196,23.2095,158.19167,13.10188,-48.736115,4.8738713,62.37091,7.8948565,-31.91951,6.097642,51.034813,6.8822284,-18.380632,8.884225,24.168568,6.3834934,-13.003939,4.1744747,2.7065804,3.6575878,-3.5937994,4.4381847,2.7944086,3.6147413,7.5555687,3.6312625,1645.8759964036062,322.7987672820362,1857.9606045555183,253.41218206824237,0.00033727806,0.00026285634,3726.5431273564386,0.010656906,0.00160354,0.0722497643561485,0.017019597685194166
-332.43805,15.566078,153.47581,9.6880455,-50.054806,3.9856594,71.7934,6.637977,-36.397446,4.8057175,41.62973,5.934133,-25.061245,5.4747787,24.22367,5.089476,-10.744002,4.641769,10.105761,4.244916,-5.253841,5.25864,-5.2979684,4.2070823,5.992907,3.91702,1782.2291629920553,240.18657737731962,1926.1999064566073,179.09675534781104,0.00042456505,0.00039630578,3973.875197125145,0.011302033,0.0017026527,0.08199273129350348,0.015485406714169401
-342.50113,19.686779,149.03606,7.6474476,-44.092922,6.1524787,60.183006,7.417449,-42.462795,5.45334,37.538445,5.5630126,-30.11918,5.7277536,29.253983,3.5762267,-7.5254927,3.6828856,7.1435347,3.4301357,-5.1045804,5.09539,-8.9758415,3.4710135,-2.6067162,3.4235268,1850.3161360081556,225.39684548464894,1976.8100889477614,134.03586380567148,0.0004599849,0.00074897293,4197.350875960702,0.010515319,0.0019804577,0.08754622244779582,0.01268196288286592
-345.126,22.2519,158.91466,14.181389,-42.857567,3.87792,68.01294,7.4274087,-28.771921,6.9584756,42.881554,7.451929,-21.145872,7.817364,21.289995,6.5008955,-9.8271675,5.6085,7.1923857,4.432268,-4.5700045,5.539285,-3.4843416,3.3783343,3.8535733,3.2321115,1580.045964749449,326.70377119534044,1846.5493310057361,269.1816123134535,0.00031672043,0.00039475536,3621.8497929053074,0.011530244,0.0017931055,0.06605165131960557,0.016478481040190136
-335.97195,19.86613,153.27187,11.437061,-48.517483,5.286825,69.604744,6.53983,-33.687386,7.312154,43.31354,6.2664495,-28.065336,6.7764044,21.181614,5.870062,-9.921499,4.972473,9.079159,3.2542179,-1.2391461,5.1982393,-4.122081,3.7930703,4.2888026,3.8977823,1754.3683070693746,280.8644934384877,1913.075004469312,199.67349210596254,0.0004918626,0.0014861978,3976.048501848898,0.01116835,0.0015403552,0.07835158062645012,0.016429286931157965
-356.60458,23.978607,151.83218,10.556761,-39.553417,7.782512,60.88179,10.355861,-42.39984,5.0039325,40.87519,4.9689074,-29.849703,5.139854,25.13855,4.9132113,-10.413789,4.3482246,8.171416,4.18471,-10.072059,5.10436,-6.9631896,3.5612507,2.58716,3.7505698,1780.2209736954765,289.3243639068359,1983.4945901192887,180.46278596220088,0.0004145588,0.0013179333,4049.7909793720996,0.010592033,0.0016624439,0.07867445801914154,0.013314906939006839
-330.32193,24.803383,141.3753,13.652458,-56.825306,8.424805,77.89198,12.403338,-40.7196,7.2507405,43.488842,6.9795074,-27.815441,6.222917,19.446854,4.9937634,-11.878606,4.149174,9.86629,3.9361756,-6.519007,4.955251,-4.208598,3.5271387,8.30132,3.63791,2094.052882547869,340.4841482410929,1974.4401097787872,163.63320990126627,0.0006612218,0.0007819967,4369.741403531032,0.010156833,0.002054455,0.11470304343097448,0.03528662764731012
-352.458,21.141321,147.27097,9.906484,-43.303333,6.619427,74.28396,7.623975,-26.748472,5.9261203,51.077045,5.644437,-24.372435,6.737833,29.514526,4.196837,-6.778353,3.8085701,9.50298,3.474821,-2.9770548,4.507513,-3.6575134,3.6998372,3.254891,3.5482106,1738.6660242140765,287.2654557806383,1993.3193291753246,172.50494400408732,0.00035059452,0.0003063866,4080.3921091031034,0.011129081,0.0016626919,0.06936426007830626,0.016892494355388164
-375.79172,43.83983,157.88033,24.407892,-27.806396,11.737392,70.13321,15.849922,-22.761116,9.31519,42.45624,10.237759,-21.105497,11.252843,22.306192,6.586395,-6.4464626,5.454698,7.8778596,5.4428043,-8.235348,6.162917,-5.0579944,3.6006825,5.657619,3.4707263,1490.141401580331,515.05330486837,1827.1945960185785,422.75640375199794,0.0002538641,0.0005450862,3452.631790621375,0.011429182,0.0018813041,0.056314348897911835,0.021482360842298102
-356.8739,29.346811,157.45036,17.77138,-43.581547,6.5521965,59.467514,11.313224,-25.856419,8.210916,48.54776,7.6058817,-19.615683,9.537396,25.26016,7.545713,-4.691585,5.1777306,7.8681726,3.4532588,-3.6254978,5.295849,-3.2025375,3.891637,2.434043,3.5736125,1597.2617451039232,383.9318785044265,1821.650266661699,315.5052595086715,0.0003429766,0.0010594807,3553.5280869344547,0.011035195,0.0017795637,0.07474554995649652,0.014470038951019823
-325.91104,26.863594,129.3737,8.003095,-79.61791,12.818603,62.75213,5.4352107,-44.164806,7.6006846,49.731865,7.7059865,-29.030891,5.127334,22.088095,4.6790266,-14.75832,4.381594,5.179416,4.809095,-5.665105,5.5968685,-4.032342,3.1859283,5.952267,3.7460232,2350.6538985131465,224.35855377963188,1961.660878386696,124.78045615884223,0.0009343216,0.00097437785,4679.92444669011,0.009365852,0.0022960159,0.1359257178074246,0.03930764938171622
-361.20532,27.861242,152.31987,12.146023,-44.54142,9.249738,55.648228,11.475161,-42.805233,6.1712413,40.066986,6.6008215,-33.248604,5.762644,24.836086,4.8114963,-10.149275,4.0598283,6.833557,3.7224457,-2.0646636,4.402209,5.8215213,3.6151702,12.520983,4.502966,1787.0868706542662,327.6793595753553,1936.1217868246533,203.95272105664816,0.00030616336,0.00029649082,3943.8985802457946,0.0108065335,0.001615828,0.08003280887470998,0.01479068686025889
-347.92078,33.32296,154.32195,16.910566,-48.52786,15.011283,68.83486,8.493105,-27.745537,7.586109,39.639236,8.016569,-25.751274,9.145614,18.45636,6.722751,-11.198244,5.1760306,6.735592,5.188915,-6.0665236,5.735537,-3.7088315,3.354877,4.646353,3.8165483,1707.7246209090467,390.35668561029513,1850.1623579921911,293.0564141403158,0.0003889908,0.00069610693,3760.966275739559,0.010715574,0.0022489773,0.07747924521461717,0.02711344993417475
-352.3437,23.229465,154.51797,10.850811,-48.84584,7.8145595,56.343555,9.931739,-42.723473,5.2567186,45.361984,5.737958,-31.048721,5.7423134,26.408707,3.977574,-12.123698,3.8318024,4.8346167,3.6474884,-2.2184308,4.3242145,6.3769917,3.667221,11.70256,4.709302,1807.144841954469,284.67927371004316,1934.2243113257116,173.84791089635146,0.0004257735,0.0008536321,3982.593396534223,0.010202155,0.0015527898,0.08769916437064965,0.013298517488173414
-373.8985,43.01499,154.89978,23.699701,-27.396414,11.413558,67.37813,15.671977,-22.08795,9.379095,42.04534,10.072215,-19.66051,11.08079,23.864635,6.6525073,-4.256549,4.9631553,8.67681,4.706675,-8.30281,6.7144055,-5.2472386,3.6907847,5.670025,4.0207124,1515.1464690011396,496.0008669267592,1852.1551559616892,409.78419932695095,0.00025568352,0.00045799068,3523.12680131598,0.011488014,0.0018964567,0.05710058367169374,0.02115717210024913
-352.21774,22.564335,152.75363,11.158413,-45.29694,7.818842,58.86321,10.341068,-40.416218,5.7467866,45.336742,5.3628926,-29.668571,5.6885796,28.614672,4.286271,-9.486249,4.072864,4.9951897,3.8763657,-7.739091,4.1136484,-0.83878464,3.897559,10.772782,4.5644584,1793.933402462469,285.16025217080954,1962.5663300009905,172.73938843181423,0.00042788175,0.0011023375,4043.3709872571058,0.010434075,0.0016759356,0.08258750543793504,0.014144182043155956
-355.96347,27.250082,159.41304,16.025303,-43.228374,6.159074,66.476456,9.788758,-29.832367,6.8561497,52.753044,7.707635,-18.572287,10.017954,25.2992,6.3376017,-11.983741,4.046283,2.9017184,3.7044673,-4.7525473,4.572457,0.83082736,3.6082628,6.278045,4.0594535,1595.8407834184209,378.1956127119914,1866.862702723135,289.0544900461143,0.0003109915,0.00031766857,3668.263588040168,0.01102531,0.0014701366,0.06820416727088167,0.019590121129092346
-339.49774,27.476385,158.05579,14.997271,-43.216526,7.0581274,66.150475,7.5928125,-32.436405,7.504239,41.745594,8.252591,-28.393919,8.527896,18.204388,6.195815,-10.104051,4.81611,3.60259,3.7834337,-5.7260933,4.835117,-4.5857058,4.222378,3.2753894,3.537893,1655.3753207152436,344.4748732722073,1862.2443332320747,264.9608760985935,0.00040342013,0.0008537085,3779.751622317285,0.011296585,0.0016491186,0.0746084686774942,0.018836656814249935
-351.8521,21.616556,151.6095,10.602822,-43.653866,7.9242835,59.744316,10.541786,-42.032887,4.7067275,44.688713,5.170883,-29.747091,4.873299,28.566248,4.0961637,-8.170874,3.7320228,7.6086726,3.3735576,-7.852918,4.46892,-3.1261094,3.4163988,7.7078238,4.2022285,1808.1729516644002,275.14457774405327,1977.2816342359706,156.91551152311865,0.00037710753,0.0005488899,4084.8136600928074,0.0107683195,0.0016838446,0.08382803436774942,0.012031409929206684
-347.3875,20.959631,151.21727,10.07833,-44.092274,5.46641,66.46042,8.092653,-30.078398,5.483037,51.060863,5.457179,-18.189943,7.022944,27.14513,4.697293,-10.28844,3.755029,5.3834176,3.243905,-3.03361,4.9778347,1.0555084,3.3201447,6.7550163,3.9053538,1688.0231114471894,278.13377740126884,1935.641921806222,187.91987495561526,0.0003513916,0.00039558328,3917.1444496809745,0.011198427,0.0018507704,0.06750516603828306,0.014805838348749718
-355.49997,26.564331,155.35255,15.475925,-38.15897,5.8184795,64.499565,9.900838,-27.457651,6.6852503,48.531235,8.015457,-14.513901,8.991749,24.93328,6.5463786,-11.631451,4.8299417,3.8734326,3.532102,-2.4772258,4.6189456,2.4824896,3.292621,5.807141,3.973456,1569.442406974941,363.76828556091925,1873.0369741598904,286.5505074078134,0.00029934157,0.00088812487,3643.4829180865718,0.011902422,0.0020408884,0.05928935252320185,0.015329695619422717
-351.98914,21.018768,147.52557,10.477408,-43.314075,6.009919,55.55613,9.400661,-39.770058,5.4445577,41.61541,5.2038693,-28.116175,5.202245,27.67061,4.892743,-9.498088,4.4506974,5.9920936,3.5626714,-5.0407825,3.7487,2.1062813,3.6342664,11.51646,4.7041936,1821.4292823671444,275.49393968752446,1984.9623173069135,183.09387951063192,0.00038271112,0.00077320624,4135.698967245505,0.01100473,0.0022737714,0.07636333562935035,0.011845486385914593
-353.6967,26.26432,155.48477,15.079635,-38.978054,5.10817,62.660973,9.71802,-28.581198,5.916178,49.827766,7.8271427,-14.504627,9.350366,25.107973,6.6020937,-12.706175,4.3449287,3.5358403,3.6341736,-2.7380264,4.7048845,1.9335673,3.9343858,6.283534,3.780524,1586.1892213112048,349.6621077719186,1881.7660143198832,286.53076417966975,0.00031165138,0.00087384967,3690.8459727559457,0.011751607,0.0022469023,0.062257558729698376,0.014229926380629457
-353.8452,22.991264,151.86267,10.895683,-41.63748,6.8798633,54.69483,10.524248,-38.807236,5.318334,44.265408,5.679855,-27.6225,4.774812,26.081295,4.07598,-13.185112,3.8013058,2.3287532,3.909323,-1.7720807,4.413931,7.3128366,3.9475653,11.289183,4.512446,1758.1634233378,279.3400974429984,1952.3649196840029,188.03553595407948,0.00036386156,0.0007278639,3956.164012652262,0.010812195,0.0021200995,0.07548193699245939,0.011299939422838322
-347.2547,22.054533,161.82237,14.702468,-42.11829,4.413988,67.94086,7.3642745,-28.506208,5.953933,41.53104,8.548527,-23.500673,9.319483,18.695747,7.7831597,-12.482857,5.436915,4.211243,3.6724696,-1.963759,5.2706285,-2.7119215,3.8343177,2.7211165,3.243909,1542.9616883320916,309.8339252007357,1813.304943525096,274.75984047714843,0.00031322823,0.00055752846,3552.403963801479,0.011627321,0.0017479392,0.06267786579176333,0.013069406323854475
-344.3489,19.895555,162.98811,13.809177,-42.312347,5.02231,67.120995,6.6998105,-30.202015,6.212015,41.078262,7.7746267,-25.166147,8.118798,19.920439,6.936473,-11.0964365,4.7091837,4.5961494,3.8018107,-2.361612,4.298088,-1.8953267,3.5468159,3.8108275,3.5991485,1540.9948234775145,299.8820102983167,1812.091259294274,264.19198474228074,0.00036695253,0.0012248314,3536.441415313225,0.011577448,0.0015128552,0.06565626812645012,0.014854520459245528
-336.90314,12.500917,113.611694,5.4081917,-65.72616,5.117693,83.38654,4.469521,-47.1906,4.958934,46.15474,4.4862185,-32.986248,4.3203287,27.918062,3.8261142,-19.274807,4.1725316,9.992627,3.5203016,2.8809187,4.6660013,-12.421915,4.3022804,9.483204,5.036964,2730.4810973807057,147.5802018409888,2135.3709717140478,64.55984091628841,0.0011832163,0.0019910848,5458.192362420244,0.0084297275,0.0019356376,0.1850246066560325,0.05415637047995961
-358.46216,25.74987,156.74242,14.640304,-40.82905,4.9553986,62.863518,9.088675,-28.137346,6.4692054,49.379395,7.1862607,-16.577578,9.257867,25.612597,6.4411864,-9.719226,4.424952,5.239019,3.879939,-2.0485759,4.2607207,1.8060879,3.35811,5.5430017,3.7755606,1575.2606550947262,348.51800809108744,1870.0760226091531,275.22493535282234,0.0003861272,0.001661541,3653.350221142691,0.010956176,0.0017648484,0.061848580698955914,0.016532610247877142
-344.8199,21.622808,163.4729,15.386084,-42.49351,4.8366127,65.580635,7.1371846,-30.172932,6.7296133,40.892395,8.247333,-22.875158,8.557132,20.337482,7.541076,-10.600133,5.1971626,5.0865393,3.606198,-2.3034132,4.7239966,-3.0173051,3.6321275,1.9372696,3.5314357,1536.5943779411948,317.581466657722,1803.0377208137954,282.94184555559707,0.00036092065,0.0010438976,3523.701353139501,0.011478451,0.0015943557,0.06563474296693736,0.015294538781978784
-348.30396,22.016665,160.77827,15.404337,-42.949,4.58472,66.6065,7.2325068,-27.669949,6.4559712,42.868855,8.173693,-21.771698,8.867872,21.301344,7.0339856,-9.830518,4.910868,5.477505,3.9748156,-2.2456884,4.574759,-2.6375537,3.6640148,2.57583,3.3938065,1551.0963332988326,315.3964516188479,1819.9728230055089,279.51243515473203,0.000334339,0.00078064087,3566.942622987964,0.011484365,0.0015966498,0.06318993800754061,0.014066548114943542
-354.76807,22.422081,154.22154,11.318864,-44.078686,6.930055,58.28855,10.075598,-39.69039,5.3825,43.441097,6.079589,-30.188232,4.9538946,25.051695,4.755626,-15.407381,4.131781,2.3810537,3.6441827,-3.1818287,4.5251637,5.116798,4.094697,10.793968,4.303689,1775.0316342959286,284.87227829777504,1945.3119669962407,190.82415043205842,0.00042795532,0.0012413968,3966.4809649615718,0.010100252,0.0016555483,0.08139909005220418,0.01335448970683994
-344.6711,20.126072,161.25476,14.293894,-44.117783,4.4151597,68.33783,6.6830587,-29.741245,6.0228257,42.52313,7.552191,-23.53059,7.9446,21.701664,6.7129035,-9.627158,4.619287,6.261917,4.0246954,-2.768905,4.5295258,-3.6093128,3.4468179,1.8115926,3.4441066,1570.281892640943,302.74421118671444,1828.3901673204832,258.90897532060603,0.00036759625,0.0010252699,3599.9169015552493,0.011450837,0.0016078833,0.06693418285962877,0.014915782848242484
-347.1348,20.528006,162.83885,14.261731,-45.530327,4.275995,69.03585,6.7905226,-29.884186,6.476809,43.05696,8.110668,-23.36867,8.378145,21.875822,7.1993127,-9.722609,4.6947045,6.214777,3.8339875,-1.712727,4.7538395,-3.157662,3.6872752,2.4948962,3.1334097,1552.0493662762829,303.144686402069,1811.7163910998784,263.99373531139827,0.00038611004,0.0015561042,3561.621773491879,0.011250362,0.0015043443,0.06583413391821345,0.014143392929854863
-354.1759,21.24362,155.29913,10.055835,-46.790295,6.8493967,57.521458,9.189655,-41.474876,5.6401696,42.935894,5.903967,-30.859678,5.489865,25.69833,4.0992703,-14.807243,3.503992,4.5021405,3.6877508,-0.54778063,4.405494,6.935975,3.668749,11.246373,4.3313484,1765.3868395526188,270.1801961726193,1928.035775623664,176.61571390995684,0.00038668374,0.0006371023,3917.7439820185614,0.010343338,0.0015805117,0.08128353393271462,0.012362838120022568
-351.8644,23.920027,165.29074,17.697252,-42.03114,4.2875447,67.1879,7.9904737,-28.236164,7.44037,40.75496,9.620223,-23.573952,9.522452,20.985077,7.2686043,-10.593472,5.350957,5.425241,3.951475,-1.3818773,5.1649013,-1.188001,3.8072572,4.4703574,3.58039,1500.3093447663787,345.94450838282165,1786.133644495477,314.2954473265156,0.000305923,0.00055708166,3447.385882667488,0.011474533,0.0015366626,0.06187916908352668,0.015649996612701524
-316.73462,9.140696,133.61327,4.689928,-74.098564,4.143424,73.63961,4.1411657,-42.637012,3.849395,41.87778,4.73513,-30.954521,4.140751,26.184032,3.6055582,-17.988363,3.3264172,7.2227545,3.5506272,-7.333843,3.4730294,-8.847156,3.1231601,6.304986,3.6299841,2306.1912206054976,111.10404152319666,1973.0130506928085,75.68769943744256,0.000986102,0.00098148,4559.618290947651,0.009512116,0.0016362707,0.13842037050464037,0.021276221119299176
-357.47797,20.297844,145.36176,6.974748,-32.56715,10.10588,71.63267,7.350151,-35.030895,4.4677825,51.602306,4.1448054,-30.05624,5.1833577,25.539568,3.8239093,-14.437088,3.8143823,4.3883104,3.3429973,-4.789729,4.2635913,-3.51213,3.4541445,2.622792,3.6018605,1827.5307223167067,228.7904394325942,2112.5464000044994,99.86565961936797,0.00036646667,0.00039234007,4536.136607725493,0.010719189,0.0016659244,0.07107834251740139,0.013243015522253394
-316.87204,11.764626,138.7708,6.547015,-53.78034,3.9935253,62.475338,4.689104,-31.185839,4.228255,31.102873,5.71866,-23.082203,5.348669,19.650808,4.0870104,-9.157782,3.980921,7.433196,3.4273567,-6.6186857,3.5343094,-5.7030253,3.511377,5.3535905,4.26146,1956.5791920137692,164.72377929150332,1894.8669673204356,123.48621799730837,0.0005950611,0.00038364396,4084.98852369127,0.010255572,0.001964529,0.10587319641821345,0.014246196571529956
-355.56537,21.831753,156.09715,10.139812,-45.403595,7.3429694,56.375587,9.629887,-41.663372,5.016012,43.600193,6.184446,-30.771402,5.0439205,25.328403,4.197222,-14.630787,3.6082387,3.9796057,3.5710974,-2.2774324,4.104692,6.593193,3.721568,12.383121,4.2614017,1752.0764490887757,261.3142675873376,1929.0232768129665,169.91220994173116,0.00040580475,0.000976975,3899.558167778422,0.010194349,0.0016171542,0.08143194424303944,0.012285644418377416
-379.9886,41.728752,157.78343,23.324394,-24.11779,11.606496,66.62908,14.814426,-21.714445,8.454984,40.604218,10.310344,-19.856112,12.295224,22.154148,7.118338,-4.3651643,4.565673,8.039863,3.6823118,-2.6400976,4.7281175,-1.4677689,4.018583,3.5210016,4.256152,1434.895094434238,490.593070665206,1808.4809452557927,406.9190596477463,0.00022570146,0.00036510642,3373.793288228683,0.011317812,0.0017914587,0.05177480604698376,0.02106773275238821
-355.8017,21.947311,155.26869,10.736579,-44.159794,7.3557434,58.582085,9.6979,-41.058445,4.992561,43.70363,5.474994,-29.780552,5.48802,26.374968,4.2970223,-14.017517,3.6178777,4.2068853,3.2193785,-2.5914624,4.236983,6.7584944,4.001479,12.967718,4.5561194,1745.1751289048789,275.2302926821045,1939.7619703969044,179.61756315639727,0.00044373792,0.0016300365,3918.26857281395,0.01042262,0.0015360253,0.07806495613399073,0.010881417166094195
-332.6914,20.726519,160.99753,12.883776,-55.692604,8.334098,63.47747,6.797838,-33.092,6.0529933,44.138042,7.2019663,-25.56037,6.5516534,21.514917,6.4993496,-12.0625725,4.5289845,6.2176285,3.7481823,-3.4669394,4.382789,-4.1361027,3.7184412,4.855555,4.1339064,1675.642524538328,263.30774660310846,1811.2671954850266,226.35020714576484,0.00042853475,0.0006161369,3656.497765915023,0.011062079,0.0015965035,0.08025032627610208,0.01429823233056684
-365.968,27.80847,157.26453,15.425906,-36.017246,6.3306236,72.17173,9.008778,-25.691006,6.6201677,45.625362,8.668126,-21.308779,8.676262,26.827715,6.1987166,-5.2362194,4.405849,11.526947,3.2478108,-1.4506072,4.4389625,-3.5687637,3.558384,1.2418687,3.5457342,1511.7357700190037,361.99066513789637,1869.0772211780352,287.2346569283091,0.00026911162,0.00059668417,3588.3259430285675,0.01145002,0.0016199625,0.05708925464037123,0.017166243598757486
-350.3545,24.121105,164.43358,17.142147,-42.03152,4.341904,65.73929,8.009077,-27.204683,7.3810606,41.172703,8.778904,-22.341402,9.836089,20.905144,7.538886,-9.021853,5.3199654,5.124973,3.8324573,-3.1738927,4.946469,-2.7393901,3.442095,1.9734303,3.5126116,1501.4369733822462,338.3747534159683,1782.3732719298455,308.1846992556185,0.00029472882,0.00050901365,3433.4717363326567,0.011407817,0.0016341356,0.06256570838167054,0.015202670738928658
-331.304,11.559201,151.5145,6.767248,-50.262344,3.7764294,71.89913,5.4865923,-38.90596,4.0549774,44.278202,4.663457,-30.565142,4.301477,25.587948,4.141545,-13.365741,3.6681542,9.501695,3.3245022,-2.8543646,4.0138845,-3.5338016,3.2771823,5.034161,3.6071417,1856.6927601760426,174.25587261175886,1995.739882781313,118.11827848267117,0.00054511277,0.000870648,4219.358708852958,0.010729697,0.0015068135,0.08657532446345707,0.012728506153900363
-358.09662,23.751293,156.72899,10.802895,-43.35603,8.382926,58.834675,9.645676,-39.540222,6.0011177,43.16309,5.4629917,-29.664846,5.757824,29.22873,4.6701927,-6.945894,4.183231,6.02034,3.7012398,-10.085527,4.7863355,-6.3308034,3.9786212,5.417367,4.110155,1692.9663277566265,283.55445957068497,1914.8589289768279,180.00393871007105,0.0003416433,0.00067997054,3799.636111513921,0.010574304,0.0017505331,0.07525422346287702,0.013395809861166131
-316.67017,8.655197,126.90905,4.2345543,-68.527405,4.648846,73.05354,4.384448,-49.52635,3.859764,44.447433,3.8893251,-37.465134,3.7049613,22.155693,3.6540003,-17.994324,3.3509836,8.319457,3.5501397,-4.243742,3.552584,-4.8263836,3.1878164,10.441834,4.1742496,2504.6838610433992,102.19391657627393,2089.228760541755,53.43196722847442,0.0011993545,0.0019246278,5116.958540276973,0.009277548,0.0016682218,0.1544067666038283,0.029661861928117848
-351.42316,19.970478,156.15207,9.413094,-47.09593,6.600774,54.957413,9.508505,-41.601097,5.069943,47.468018,5.1018467,-26.712688,5.2050457,28.38162,3.9211886,-14.7104025,3.54123,3.802322,3.5239654,-3.4909112,3.818634,5.363414,3.472475,11.101608,4.324218,1756.6180006834434,239.18393881623308,1941.0065262362057,150.07860330371352,0.0004431223,0.0011168877,3931.008634987674,0.010291057,0.0016264232,0.0825036706061485,0.011327443900712579
-349.81424,24.12449,170.66994,18.172506,-44.102966,4.7318115,63.051643,9.034474,-32.27542,7.488765,41.167034,9.459223,-23.113031,10.058452,21.783243,8.236004,-10.32408,5.4494786,4.0989985,3.736975,-4.4005256,4.848508,-3.2378423,3.336356,3.0607355,3.5594797,1480.7102505792984,328.3589326385825,1752.1814635796818,318.1898555334533,0.00031800495,0.00078770734,3342.467723589762,0.011312834,0.0014638708,0.06345617024361949,0.013514573787496513
-343.76666,20.522861,162.40556,13.23026,-45.343914,4.2671757,67.51789,6.307228,-31.99321,5.648385,41.661777,7.7523046,-24.53982,8.181079,20.95482,6.758466,-10.3391485,5.320473,5.7276535,3.5167296,-2.5501027,4.436591,-3.3942661,3.483379,2.1264408,3.9282904,1578.6176957076711,283.4589006304407,1821.595207525049,246.07125012679805,0.00032372132,0.00026078132,3615.7295669591067,0.011172656,0.0015954578,0.06715623187354988,0.013992078814241643
-355.28537,21.100962,155.35162,9.571085,-45.4651,6.4086237,56.557243,9.668417,-41.78076,4.8554077,44.143326,5.1658177,-29.270021,5.6215725,28.008205,4.0575824,-11.960014,3.9943957,5.763088,3.5257943,-1.1528052,3.912572,5.2882943,3.1884756,12.187024,4.514575,1741.4834379634815,250.03859264699133,1933.2290968495365,164.10334906781557,0.00038652218,0.0008897292,3919.3177544047276,0.010585652,0.0014806084,0.0787990773636891,0.010358532752236669
-354.5578,20.991674,155.32674,9.742857,-46.49776,6.3183722,54.948055,9.153345,-43.281635,4.9093885,42.44137,5.382805,-31.272364,4.9821854,24.69947,4.0005727,-14.389521,3.6620321,4.5143313,3.2117395,-0.57433337,3.84159,7.486738,3.6452532,11.998103,4.8036666,1761.4413621352105,253.02503940419993,1916.8072385705102,166.5046216649017,0.00036072326,0.0005542252,3908.5261723281615,0.010552585,0.0016533904,0.08319474151682135,0.011914844199493381
-351.07773,24.68336,165.59427,18.774015,-41.12926,4.656883,63.10914,9.346516,-31.809296,7.834441,38.37486,9.111178,-25.484194,9.269046,19.054611,7.547988,-10.645205,5.6574106,4.473506,3.766892,-2.6289816,4.1764917,-3.0578437,3.578707,2.519738,3.515477,1522.7642137213593,342.03183953289727,1778.5681162344572,303.48065994654957,0.0003254942,0.00048320676,3427.251588330191,0.011022672,0.002519432,0.06490968496229699,0.01345531656369061
-355.91132,21.919092,156.18712,11.871595,-41.306023,5.6212306,66.473854,8.039023,-29.536606,5.553554,50.28939,6.2722607,-19.920933,7.6938553,28.02162,5.079547,-10.357765,4.1211133,6.288475,3.701225,-2.9986596,4.039741,-1.6225705,3.28778,3.626247,4.0801444,1605.692489735206,305.6158527324386,1910.8689024118294,222.92735525346,0.00035550853,0.0009188261,3751.8234075913574,0.011109981,0.0016586698,0.06319673542633411,0.016345068528881058
-365.54135,28.676182,150.99992,15.593914,-31.1763,6.552407,67.9495,9.290584,-20.90884,7.073051,43.854053,8.784946,-18.50794,9.229456,26.183558,6.391484,-3.2423835,4.3655214,10.936564,3.7392368,-0.91438437,4.5247717,-4.1761637,3.494507,0.1824191,3.4648502,1521.3447358005862,372.8476942173857,1887.3058314272093,296.3140897881638,0.00024388831,0.00031440196,3623.423565291473,0.0114774015,0.0017117512,0.0563494688950116,0.018010697173299905
-348.14993,23.001493,164.25636,16.881702,-41.060715,4.5598474,63.041016,7.7893624,-27.472178,7.2105207,39.616135,8.782263,-22.978806,9.398214,20.027306,7.7547865,-9.367689,5.0888276,5.2715964,4.1349707,-3.2631118,4.4629874,-4.482195,3.36635,1.2820936,3.348782,1507.4538469952342,325.2692611015531,1780.6298351769753,305.8578921596598,0.00031370096,0.000663999,3433.521697360789,0.011339194,0.0015126523,0.06300527479698376,0.013756831212758254
-350.2707,19.419018,149.09824,7.7756867,-35.71721,7.6060767,58.377968,8.508045,-38.890778,4.158735,39.8334,5.19215,-32.025455,4.8819036,24.552814,4.1010165,-7.2303963,3.3434725,12.454688,3.182949,-1.3187895,4.125355,-3.9786794,3.4880514,0.3559596,3.594164,1761.027361142315,220.0053450064532,1998.98213407284,128.2593207401088,0.0003403148,0.00049123296,4136.298499583092,0.011292152,0.0017073603,0.07541736151392112,0.01073855304042312
-365.45856,29.35188,158.36978,15.881157,-39.117115,6.153103,64.259735,10.25829,-25.99593,6.0806775,49.854767,7.755798,-17.47803,10.165329,25.228273,6.7679477,-11.604728,4.2701864,3.7079074,4.0648518,-3.968281,4.9981065,0.7772463,3.8696456,5.6425204,4.135041,1535.9734764631519,364.50233273017847,1849.5746102373066,297.72002581122655,0.00029297074,0.0008009633,3545.8590691161544,0.011164369,0.001868742,0.05903218351218097,0.01481839730818
-322.49622,19.200615,143.25142,8.2012615,-61.14289,5.0028324,63.4313,5.4391284,-46.275005,6.9001675,43.455082,4.838813,-29.411085,5.4431562,26.366997,3.9695733,-14.467564,4.463775,5.774124,3.429509,-6.067986,4.3090563,-5.408396,3.378654,6.7709985,3.9933028,2100.5736753224983,150.16369971197074,2005.299954001624,104.0403567238354,0.00072837074,0.0008281601,4522.547208073521,0.009981494,0.0017473362,0.11087722955336426,0.020217494040330155
-360.93167,24.420551,158.32272,13.405083,-44.45422,5.502356,64.13007,8.923759,-26.890566,6.1092515,52.0354,6.727599,-18.220732,10.151974,26.191343,6.4661674,-9.807471,3.9552758,5.7116933,3.364232,-2.1365256,4.252772,1.5242747,3.419462,6.7903576,4.0613456,1560.7937806414536,322.6011830627597,1857.6882904753522,252.42446665980188,0.000295975,0.00045826234,3593.3470263558584,0.0110800285,0.0016051139,0.05991584795533643,0.01551402686821691
-349.62146,21.74097,163.30342,14.70816,-42.50175,4.6630297,66.47897,6.8180585,-26.665667,6.2773743,41.398552,7.794596,-25.052074,9.574122,19.89579,6.7235966,-10.159832,4.738357,4.974095,3.7817955,-3.0164797,4.8385825,-3.2626262,3.1017978,2.8336966,3.3744428,1514.035810777279,308.7856873854968,1792.4972028507145,270.599964386545,0.0003513243,0.0011326486,3446.2367790204466,0.011364125,0.0015512564,0.06298714834686775,0.015245452320885273
-349.45648,21.852459,162.99907,14.373302,-43.33659,4.5556297,67.74142,6.880101,-27.460638,6.126539,42.403645,8.40971,-24.821636,9.132103,21.835236,7.388155,-9.975228,5.020474,5.550387,4.031602,-2.9517179,4.4973016,-3.5923648,3.5351517,2.5279753,3.3507006,1535.364732178046,304.04093985324783,1814.1093568070546,274.3007668098932,0.0003061642,0.00041532764,3530.271228338892,0.01137695,0.0016047414,0.06335534186484919,0.014251498585023307
-357.6364,24.058367,154.1139,13.550075,-41.42462,5.7339654,60.650623,8.882496,-29.302725,6.597791,39.705193,6.7795005,-29.3783,7.8758507,21.986477,6.2220263,-7.389142,4.8738594,5.4116607,4.1897826,-7.093348,4.6989446,-7.8273797,3.9827025,-0.01076019,4.009829,1651.3093004849463,321.0246173275701,1867.8367011368257,255.69504471031811,0.00029351018,0.00023147697,3731.814015824391,0.010823801,0.00182944,0.07095938768851508,0.01388260006744118
-356.09186,21.923054,154.36609,10.429994,-46.307674,6.8852587,54.20703,9.969229,-40.58253,4.48272,43.265606,5.5466704,-28.895233,5.6138964,28.575172,4.7043014,-10.693068,3.882045,5.237606,3.3083563,-3.0748265,4.3420796,5.2544236,3.282464,12.137056,4.247516,1740.6233876201643,261.2951372304953,1919.4275180011743,182.6951693161657,0.00034698186,0.00069388945,3867.583109773782,0.010786773,0.0015801729,0.07938138957366589,0.010485015612347324
-350.201,19.541647,154.61809,11.094033,-44.8512,4.956801,66.067955,6.964385,-29.074726,5.539999,51.33912,6.0155897,-19.732803,7.294554,26.719435,5.357155,-13.031441,4.3511167,4.581679,3.6307452,-3.2606785,4.4463477,0.3538817,3.437758,6.3305025,4.028111,1656.8419367015551,285.2266239197346,1917.6862252771205,216.97500299778926,0.0003727965,0.0007901703,3837.2567656975057,0.010989021,0.00154464,0.06836277370939675,0.015119751857539693
-354.9035,23.96873,160.66574,14.335548,-45.366825,5.0472074,61.54519,8.249427,-30.794502,6.0159283,49.173298,7.677356,-18.39576,9.726036,24.770746,6.564024,-12.428793,5.0790515,3.550224,3.7167547,-3.3596292,4.7143354,1.4989271,3.6988907,5.805898,3.9429128,1583.996211625453,330.39791387725234,1840.2621942077033,271.0619070578714,0.00030298313,0.00029696844,3601.290829828886,0.010906627,0.0016353251,0.06635866806844548,0.01571286990307865
-334.76807,13.617335,155.743,8.568219,-49.570827,3.5201373,67.65798,4.840656,-33.38867,4.7300997,43.305283,5.4687285,-27.366417,5.8943,23.233541,4.6139135,-12.414315,3.2316513,6.931974,3.121513,-3.9068096,3.8525448,-3.2301776,3.0999157,4.8310633,4.043942,1725.7514853602054,221.038938003616,1901.4139040944924,157.57978576892683,0.00043337804,0.0005339347,3881.4472950804816,0.01084123,0.0014290208,0.07736142328886311,0.01334455327776033
-357.7035,22.541393,154.4601,11.045111,-44.210266,7.4544363,56.535755,10.012611,-40.161564,5.8439665,41.70009,5.592892,-31.298803,5.7858257,26.92928,4.418086,-11.533466,4.2183294,3.8495617,3.203837,-5.472679,4.0206785,2.995193,3.7292385,11.420517,4.2988653,1752.859243416592,275.2524429799199,1936.1241880508676,185.46508876002932,0.00043444269,0.0014814163,3931.608167325261,0.01022377,0.0016971857,0.078617812862529,0.011929926577934048
-337.92984,12.084022,137.73271,4.289999,-49.11415,5.1371636,71.32378,4.695657,-37.345165,3.9602685,56.5925,3.8470886,-28.12369,4.1388574,31.942862,3.3992193,-11.491157,3.2306879,8.832582,3.3499947,-3.9350414,3.5590007,0.7484944,3.5054595,5.5900226,3.4147348,2118.6015530279,130.39838576902972,2180.0639419512236,54.934938654790194,0.0006407971,0.00083478726,4877.395410382831,0.010169161,0.0017024807,0.09796439965197216,0.014360114892953487
-356.27945,25.133234,154.98183,15.545312,-36.22958,5.223415,61.25031,9.220136,-25.58043,6.1193447,45.193726,7.6953115,-17.01335,9.620335,23.729527,6.7408404,-9.603873,4.8411007,3.9882607,3.65843,-3.5696566,4.66907,-0.25363743,3.6434608,3.7731078,3.8564508,1564.058253226382,351.31925143525024,1866.0741299286594,289.9721262657674,0.00033905785,0.0010881077,3634.4649525087007,0.0110359285,0.0016596968,0.06091506851798144,0.015793004329689834
-328.76022,25.326914,140.24965,17.514208,-58.051224,8.175305,74.01277,9.411711,-38.803112,7.473881,45.055508,7.9435763,-29.29199,7.873204,24.378967,6.756129,-14.450411,4.4998336,9.2734785,3.5659757,-2.399229,4.5116386,-3.4286237,4.2954326,6.190432,3.980859,2135.390523841513,431.0347991766308,2011.0036595785818,224.6753765863935,0.0008537909,0.0023267376,4535.861822070766,0.010011118,0.0021213307,0.11267061521171694,0.03421366529065576
-363.37506,31.012476,150.3224,16.766666,-31.351707,8.229017,60.504356,9.024707,-21.235363,7.8023386,34.198605,8.695956,-24.85808,8.97412,14.239489,7.8768845,-6.956911,5.382689,4.572425,3.8703184,-2.7367206,5.171031,-2.1877031,3.6147094,1.9492059,3.764765,1538.1505432579625,355.5203189397509,1824.7495362425555,298.87472815959666,0.00028399556,0.0008725124,3537.390674847738,0.011698164,0.002785542,0.056861541110788866,0.016891400986727173
-355.69046,20.515635,155.62471,9.310441,-45.515213,6.7905684,55.823246,9.3560915,-42.05661,4.6512227,42.44615,5.4269505,-30.967548,5.074169,26.184896,4.4120154,-14.472929,3.9131699,2.3033924,3.32534,-5.027473,3.7703674,3.71831,3.3854797,11.203459,4.3608565,1761.9882514860112,240.26195497834058,1933.4126237643727,159.3689069649074,0.00037441961,0.00033715036,3935.4551664914443,0.009979803,0.0016857118,0.08064570946925755,0.011374547058159958
-319.80148,10.763405,136.75867,5.2727385,-70.134026,4.479495,66.30884,5.689541,-46.86666,3.9819953,37.135155,4.9303846,-38.12029,4.076079,19.828701,4.9482727,-19.71826,4.1010013,7.7146683,3.4403627,-2.8585129,4.805939,-9.159992,3.2377815,1.095068,3.8856494,2223.4947061126823,129.65745389799275,1972.6155234140103,85.88124864755531,0.0008921768,0.0014254826,4561.8915177276685,0.009703884,0.0017592851,0.12757055720707658,0.020487840034932998
-351.63052,21.539236,163.33018,14.9368,-41.493256,4.84668,68.23777,6.8519473,-26.917576,6.73071,41.177498,7.8818655,-24.294563,8.904553,21.41825,7.416127,-10.33736,4.839359,5.3813577,3.8207352,-2.3044286,4.684067,-2.5813713,3.2548351,3.1442566,3.5379815,1500.6989799868038,304.4118270797886,1798.8516110606179,272.30871147327156,0.00031752785,0.00080604496,3442.6146044808584,0.011364173,0.0014572714,0.06177720780162413,0.013862084954159762
-358.63754,23.841663,157.7255,14.18334,-39.744137,4.8271923,63.312237,8.638174,-27.66123,5.624477,48.64929,6.8998766,-16.594376,9.428212,26.085346,6.463426,-9.821482,4.7889442,5.199884,3.416509,-2.4631982,4.3923926,1.1968287,3.7362359,5.2532244,4.171719,1546.932092251426,331.83308885359605,1859.3767988600212,269.40902405073695,0.00026974283,0.0002034342,3596.794337296984,0.011081142,0.0015458871,0.061450931699535964,0.015745622220416602
-317.7129,11.579821,143.5221,5.5376563,-75.79295,6.875047,62.79013,4.960026,-40.5005,4.1615043,38.99838,5.2643642,-33.882545,4.4579086,21.299278,4.2377353,-15.305038,4.0457153,6.7969985,3.1512365,-4.8183413,4.3965425,-6.936313,3.1474893,2.9285593,3.4187982,2092.988871773455,119.6739109723216,1867.2187119130276,118.90737499700282,0.0008216255,0.0016836418,4201.572582837877,0.009792238,0.0017602345,0.12139736803944315,0.01678938423054043
-343.34354,14.016677,132.32388,4.3550634,-45.80116,5.262347,73.28509,4.086037,-40.56201,3.8475134,35.87323,5.466823,-30.241865,5.114799,29.88933,3.6514485,-11.708066,3.3624399,8.069497,3.6120193,8.3827,5.253869,0.05890422,3.3120422,0.3478815,3.3107786,2097.9473592686254,138.99990360867184,2080.927349119681,70.77493377981294,0.0005228934,0.00058565545,4729.136059400377,0.010417916,0.0018747806,0.09358799485208817,0.01335076068735564
-353.07794,20.272984,149.08524,8.216277,-38.13681,7.5622277,53.653057,9.228276,-39.308556,4.2819037,40.015827,4.8332953,-28.49708,4.9713197,27.371294,4.472373,-5.244417,3.8130105,7.386721,3.640046,-8.704684,4.0121026,-8.344064,3.466062,1.1644448,3.8477502,1763.821420714399,224.57210937076323,1963.8027871128204,129.33392633266277,0.0003582627,0.00042252775,4047.6926161905453,0.010568574,0.0018788261,0.08013930176914154,0.0111848193353174
-384.57135,41.251335,154.19551,22.900328,-25.745777,11.312104,66.6015,14.398675,-20.157394,8.59423,42.550194,10.386075,-20.801542,11.908695,22.738506,8.1284,-4.3817816,4.426405,8.888179,3.5718253,-0.44423667,5.1782465,0.15392601,3.8274934,3.7168236,3.8107395,1469.2116745197245,487.86779573935837,1843.1706786051145,401.1976532881268,0.00027171208,0.0009800815,3489.4780488689094,0.0113822045,0.001808992,0.04942969656322506,0.020931415993531353
-363.1825,25.327888,158.53633,14.741191,-40.187885,5.1823564,64.13783,9.47549,-26.980015,6.1198463,49.59705,7.4527364,-15.393575,9.705829,27.43224,6.2519774,-8.223099,4.5597234,5.226738,3.7693639,-3.0893118,4.3545737,0.35061142,3.8151777,4.444808,3.5557,1516.2073699161106,337.2346122624394,1841.0444929880346,274.7612695576397,0.0002733835,0.00038527657,3526.299326602378,0.011155754,0.0017187635,0.057890217154872387,0.015966835873484988
-366.42,26.142916,155.67131,13.957291,-33.871292,6.962016,73.586494,8.526327,-25.853905,6.0784116,47.270634,7.135675,-24.029633,8.0752735,26.691402,6.137396,-7.976747,4.5537806,8.345567,3.4779809,-4.478072,4.3258033,-6.4141297,4.0670524,0.7980559,3.7332754,1540.6717576031272,349.30853166423867,1908.186026930336,266.64709742382115,0.0002745993,0.0003672413,3683.201935451711,0.011182937,0.0015900058,0.0578188442575406,0.01700195512334371
-353.23996,18.209997,144.62633,8.133515,-40.404484,6.103164,65.39997,6.5308456,-38.06826,4.4502068,36.46723,6.13625,-30.495277,5.8798385,27.450878,4.192623,-8.63066,3.825325,11.277593,3.159227,0.5056737,5.3748374,-8.855555,3.6553843,-6.289398,3.678521,1829.8855361849037,233.5849202050284,1995.468025345158,147.73103990928908,0.00038385208,0.00080041104,4184.66077481511,0.011015729,0.0015816829,0.07737275232018562,0.01108326192465966
-348.14365,24.07951,167.01547,18.384308,-41.191933,4.802817,60.47338,8.529455,-29.102161,7.8799944,39.202538,8.973629,-22.438585,10.000669,20.194538,8.774827,-10.24669,5.376255,4.537654,4.369134,-3.1813216,4.637369,-2.4618733,3.2269313,2.138563,3.5819235,1489.4463930817803,335.9771972293183,1765.1808764962339,327.9624596636904,0.00030065668,0.00044561972,3377.265579683875,0.011345564,0.0014706325,0.06274923868909513,0.013962842072042174
-357.5939,21.666956,150.08655,10.111145,-36.541393,7.446984,57.89173,9.722926,-37.53296,4.5941806,39.939774,5.589057,-29.216276,5.5111938,26.552485,5.2517705,-6.3905354,4.1581526,12.463389,3.4673135,-2.4536967,4.238511,-5.064178,3.9967525,-1.2851851,3.820872,1728.8396063561738,266.9588778919753,1969.419323991921,170.97176019053796,0.00032519008,0.00051218964,3979.420871247825,0.01095933,0.0018805265,0.0741201874274942,0.013387170551944253
-351.37408,23.771566,165.58916,17.101013,-40.94533,4.938474,64.49585,8.453929,-27.321594,7.364199,39.822758,9.409204,-23.879246,10.120517,18.597588,8.123036,-11.344813,5.4387727,4.812623,3.956487,-2.450283,4.881888,-2.1252317,3.5305686,2.4202046,3.3384457,1491.8965979394904,331.67951333252427,1775.704576783241,312.586694617902,0.00029553764,0.00047598348,3411.214098299739,0.011251348,0.0014528576,0.06322165929524362,0.01482746640446087
-357.76782,19.9531,144.2364,8.325135,-36.978508,7.0436735,64.334694,7.8332033,-36.648865,4.4044833,40.366997,5.047787,-28.465439,6.2231607,25.241297,4.773583,-7.2785716,3.7280202,15.149046,4.177716,-0.65955526,4.2424,-4.271045,3.3208098,-1.354757,3.8966079,1801.829230213291,252.75375546844148,2023.859517492994,143.53279255411445,0.00032874272,0.0004401428,4227.077687699391,0.010978137,0.0015190013,0.07041219547563805,0.014346157283225656
-346.16663,19.175705,161.7715,13.574908,-44.824753,4.1715126,68.000114,6.327051,-30.02185,5.644015,42.92034,7.6100335,-23.66309,8.023971,22.719664,7.2497067,-10.354968,5.116667,6.8389482,3.774627,-2.9786472,4.6721725,-3.094339,3.4142036,2.807584,3.3824792,1569.5976904681781,293.03495704109497,1834.7614191324997,255.49808462837905,0.00035201444,0.00071804825,3601.6905180539443,0.01132277,0.0015341181,0.06605844873839907,0.014504042071306386
-381.6664,41.318707,155.53937,22.928482,-25.135101,11.877484,65.61197,14.284995,-21.418558,8.259104,41.84233,10.195863,-19.008833,11.658427,26.123192,7.9900618,-3.4653876,5.2827997,9.512713,3.8509479,-2.0152316,5.234026,-1.7168301,4.2277627,2.0626507,3.8848367,1460.4481627582431,487.2540154473501,1838.480225479706,405.7558214283041,0.00026224446,0.0006768809,3437.5185796113688,0.01126514,0.0019493217,0.0515516241299304,0.020096340439737452
-361.04092,27.728209,157.28156,17.004992,-36.551228,5.971106,59.237312,10.461498,-26.322931,7.1833115,43.762177,8.277039,-17.64383,10.017598,23.341352,6.9377923,-9.207307,5.3199363,3.6162658,3.7563033,-4.2962265,4.6669016,-0.90570986,3.4608793,3.4160109,3.876183,1544.8311444041117,374.0814001845605,1834.253377956626,315.5044759346196,0.00027206342,0.0003195198,3540.9628883591936,0.011021685,0.0018200164,0.061163174303944315,0.017513894357687066
-348.02097,20.566917,163.0737,14.415494,-44.0119,4.882779,68.08181,6.698108,-28.45017,6.276691,42.209805,7.8247414,-23.690298,8.81879,21.215246,7.454499,-10.722346,5.4038863,5.996889,3.912035,-3.8451033,4.7603474,-4.149422,3.3243816,2.1220753,3.5331006,1542.3371434438948,303.35953928055534,1813.360877120474,272.66057842189093,0.00031281819,0.00036897903,3539.6639016277554,0.011326928,0.0014829276,0.06434096758990719,0.014361808137048281
-379.43555,34.83149,160.59367,19.195427,-29.135632,9.649816,71.59798,12.094388,-23.69796,7.484425,44.056854,9.150523,-22.479086,10.440783,25.613293,7.4670687,-6.3333488,4.9490395,8.225741,3.4805133,-4.7541485,4.680581,-4.1500974,3.4576619,2.5523171,3.6669025,1432.6750772005291,428.01408126780905,1829.7596321195304,355.08277650270117,0.0002153824,0.00019186045,3377.4404432823376,0.011202983,0.00161051,0.053061784005220415,0.01908052399703596
-373.51984,31.7586,153.44852,17.068491,-29.464598,8.383133,72.70827,10.257057,-21.685526,7.5128574,43.99631,8.648722,-23.35389,10.329701,22.210686,8.201942,-6.45913,4.8358417,12.399565,3.520813,-1.4956409,4.047037,-1.7147106,3.4971695,3.4022696,3.932746,1516.570621289365,412.3942478701582,1890.913523834687,325.6420240425674,0.0002396505,0.00020664626,3615.504742332512,0.011198566,0.0018099594,0.05687966756090487,0.02010529211637852
-348.17212,18.995142,149.04333,9.494912,-43.54654,7.2588854,74.99818,6.6593075,-29.258919,5.3835406,49.140915,5.3943615,-27.224022,5.54202,27.566616,4.475751,-10.040309,4.0206876,10.452167,3.0875885,-1.2361088,4.52919,-2.7091498,3.6328897,4.228456,3.7017303,1756.2943532903087,258.7437753893855,2003.4251676357555,163.8318165697033,0.00045483527,0.0014777809,4117.588094547564,0.011059277,0.0015567025,0.07089141350058005,0.016168324443663035
-365.42734,24.53595,151.58742,11.028112,-41.45466,8.562573,57.90341,11.051532,-39.273792,4.8181577,42.16092,5.7896056,-30.453232,5.0723777,27.339811,5.1833262,-10.458625,3.8936806,4.300446,2.7873487,-7.599701,4.0018487,1.2352632,3.465991,11.907859,4.7232895,1745.7854405767841,283.6824234758398,1949.8245198133502,180.71232066612114,0.00031898124,0.0004645418,3923.3146366553074,0.010421859,0.0017123083,0.07540829828886311,0.012978090394897382
-355.03503,20.935719,141.84306,7.9973974,-31.78623,7.973353,59.693264,8.264734,-32.743443,4.495983,39.71788,4.207624,-28.784016,5.80143,20.09174,4.884769,-10.276384,3.7111597,10.78922,3.222557,2.809344,4.5419173,3.3380802,3.4717946,3.1610825,3.721481,1766.6541732752164,244.76571003625392,2015.1611883267306,138.68238420137212,0.00031814555,0.0004015568,4182.737275232019,0.0113634495,0.0018995118,0.07142047926334107,0.012630851794829201
-377.037,34.043106,155.65886,18.340082,-30.982992,8.70089,74.54058,10.787788,-21.09448,8.007042,45.152557,8.892667,-24.388264,9.798205,23.08297,8.183353,-6.519226,4.922523,11.883836,3.3612342,-1.9620773,4.309925,-1.8595885,3.7182667,3.1651523,3.7271802,1491.5533445232738,432.6962947310709,1867.7085098833636,345.2857319256326,0.00023689904,0.00024230564,3549.506224169809,0.011208356,0.0017026594,0.056257703741299306,0.02145911356612535
-353.3472,24.061626,166.52103,17.380692,-41.098694,4.8553243,65.50132,8.538909,-27.368238,7.524209,39.77261,8.851114,-24.659626,9.536858,18.08186,8.584344,-11.263347,5.544808,5.1224036,3.8328066,-2.7373924,4.8929963,-2.0797076,3.2319922,2.7784348,3.4503603,1479.0357612239397,332.58972188308576,1765.1954504688597,313.5872343456566,0.00032115888,0.0009936478,3364.325673397622,0.011287665,0.0014288195,0.06109066850348028,0.015669428582924378
-354.60797,19.083769,144.97136,8.324898,-38.597298,7.520815,74.30764,7.0855665,-27.704824,5.561875,48.757042,4.832363,-24.226994,6.0578113,29.05867,4.870464,-7.3927956,3.9439247,9.894073,3.316276,-3.0363584,4.4462347,-4.999029,3.5581043,1.9486475,3.5503767,1750.724397586856,256.66675752106295,2026.7268394665662,145.63698790809232,0.00039457693,0.0008119708,4178.915256579901,0.0109470235,0.0017951459,0.06821323049593968,0.016193165574013704
-358.90546,21.220797,145.81593,8.156958,-35.515728,7.8178945,63.617504,8.856245,-35.072323,4.9873776,41.835728,5.127868,-28.789957,5.8333893,25.315763,4.4721107,-7.022801,3.7846727,12.849795,3.7878566,-1.9714562,4.748168,-4.635019,3.7491102,-2.9630046,4.0251265,1763.802964172419,238.11878719527294,2014.201560399942,140.1635298120243,0.0003613961,0.0010461231,4170.371920769287,0.010981363,0.0018455827,0.07095032446345707,0.013172355870927705
-346.64062,17.222038,146.26419,7.88441,-39.089996,5.831504,57.216873,7.4711423,-37.552444,4.4292803,36.213596,5.6054835,-27.378174,5.2103167,26.690903,3.9497163,-9.080427,3.3670712,7.5592003,3.8753498,-6.24395,4.6703334,-12.447659,3.6386015,-4.5149813,3.2337298,1803.4908196994625,217.31301422949278,1967.1793432441054,131.33957857767044,0.00036585834,0.00034030902,4077.9190382105567,0.01080361,0.0015806959,0.08035455336426914,0.010615947491922436
-317.44635,11.448606,131.16534,4.5878096,-72.674545,5.745845,73.969574,3.7674725,-43.287857,3.9859998,42.96697,4.654372,-32.666767,4.223005,25.32586,3.2446556,-16.748943,3.610292,6.1801023,3.4931867,-7.6882215,3.3969846,-8.74231,3.209866,5.5318503,3.600906,2353.159898207243,111.63378096619802,2000.9753094073044,71.39725335547209,0.0010611925,0.0012358747,4717.395217789298,0.009360733,0.0018289976,0.1405332348462877,0.02396702473006546
-409.914,28.653473,176.664,18.07323,-14.092709,6.073229,56.263977,12.771493,-21.85843,9.700932,33.570198,8.357456,-13.609609,10.759269,16.36911,6.7544904,-2.8345544,4.86512,4.6516185,4.3628507,-0.19216967,3.621221,-0.36225334,4.915532,8.608152,5.313191,1046.325948104833,330.35541122051546,1508.2085282124215,330.6441095245218,0.00011312908,0.00010828884,2295.009788283063,0.010527026,0.001567998,0.038898229045823664,0.01284454975202594
-349.99902,14.779119,149.46042,11.011454,-50.638107,5.329217,76.05221,6.9259043,-35.40869,7.3249145,50.72095,5.6634426,-28.341434,4.6686535,25.558258,3.7581728,-12.339544,3.594999,10.310921,3.623604,1.5152225,3.231048,-2.227699,3.139861,8.492357,3.2926495,1857.3946794168437,327.4396352847407,1989.06167521819,124.80236103490272,0.0005717486,0.00078703644,4224.704538863109,0.009422931,0.0011894255,0.09048270736658932,0.03355886645082009
-372.35992,10.712944,164.05658,4.725869,-35.940086,3.5843878,45.56718,6.7337413,-39.588425,4.0460835,35.408737,4.0663548,-25.587084,4.2412133,21.342049,3.6235821,-12.179427,3.6947598,2.2203567,3.4530828,2.425489,3.3189406,8.822879,3.4387035,14.294986,3.4004729,1477.287977118857,99.45969273221466,1746.5230273717161,82.2143852179845,0.00027863527,0.0003741039,3115.719597411543,0.009161413,0.0012096078,0.07438981837296983,0.007471417910023671
-366.72202,12.802725,178.57204,8.226127,-43.798847,4.2860947,65.262276,4.723507,-27.59946,4.767255,35.30779,5.5512667,-19.422585,6.0444846,12.542853,4.728683,-9.736535,4.5074496,2.5057235,3.3114443,1.7087799,3.696044,-2.0954437,3.0399046,6.451821,3.4258783,1246.2397343454322,159.96653448925463,1549.682301441097,162.32493277459517,0.00021468262,0.0003504702,2750.8791894757833,0.010457886,0.0009929911,0.0544813116299304,0.009696817774847034
-371.36368,16.341476,161.66241,8.172749,-36.073227,5.4234567,49.850502,7.993518,-41.02296,3.8491151,37.946327,4.7126923,-28.965088,5.253706,25.144567,4.6060205,-11.316821,3.8225026,4.6756544,3.5225134,-3.3865755,3.2144887,2.5383306,3.143462,15.809324,2.9528925,1543.9975267050233,216.05190604458966,1825.7778371395193,155.93990330903583,0.0002303251,0.00010803834,3368.172672563805,0.010367881,0.0010567828,0.07233133338167054,0.010247786609266663
-360.68576,16.800718,174.06108,13.896336,-40.858814,4.324656,64.592384,6.08105,-29.371012,6.579477,36.892365,7.8625355,-20.602415,8.468528,15.650164,6.145559,-8.681917,4.204253,2.7896442,3.7701392,0.27856526,3.9013903,-2.3909338,3.6131532,5.1500883,3.551548,1334.8159894336718,268.238360255837,1636.8868475020722,261.5440995682142,0.00026842495,0.00054985215,3046.2487877936487,0.010474751,0.0009700757,0.05969153313515081,0.015189278916852959
-382.1445,21.175781,168.1134,12.393139,-32.71962,4.0583014,56.855152,8.1923895,-24.557125,6.703154,42.347565,6.0158205,-9.23355,9.337908,17.918829,5.1377597,-9.165942,4.5264006,1.3906008,3.9134703,-0.3587999,3.8451777,4.4126325,3.7043407,10.150372,3.8469658,1262.221985223535,280.67971907154737,1636.2948083131569,247.63743001784778,0.00021653161,0.00055073464,2856.746608088022,0.010170895,0.0014080207,0.04986133265661253,0.01449908071244211
-366.746,14.601838,180.07867,10.191222,-43.665993,4.4164314,64.9612,5.12306,-28.08846,5.427703,36.097973,7.0148287,-20.825592,7.177057,12.710025,5.8051744,-9.423618,4.2967978,2.3754227,3.6784463,0.9097445,3.7345424,-2.465932,3.3940923,5.910923,2.939129,1245.9304950120388,177.19765298975818,1550.1253795050454,193.23103186620676,0.00020591052,0.00028846672,2747.3319564783933,0.010624628,0.001077834,0.05402588457076566,0.009491019709676946
-380.0461,14.143274,166.26051,5.544833,-38.73093,4.326383,51.243965,7.818936,-44.123604,3.871831,38.242146,4.104926,-29.19057,4.929504,24.070215,3.7107763,-10.3795805,3.61543,4.721354,3.648167,-0.6719937,3.6235092,6.0854096,3.1329436,16.622297,3.4230719,1497.320436364673,125.13481005119263,1780.817927269009,100.07796403710131,0.00028755615,0.00058975053,3265.6026818082946,0.009253343,0.0013645265,0.06972452327436195,0.007225482811749143
-367.36523,38.380077,170.18614,10.030798,-23.561625,7.184237,62.57926,10.916978,-24.757072,9.433439,34.806625,5.3901687,-18.590698,12.14669,12.738748,4.511802,-7.43252,4.1302767,5.281189,4.936827,1.5632011,5.8855634,-2.163606,3.2821965,6.8385525,3.6501868,1191.5625120136533,258.26746543961684,1613.1103410811402,226.47432884525398,0.00017548447,0.00052722986,2699.19450587297,0.012983407,0.002895688,0.04609669554814385,0.016242002927757522
-345.3434,30.118675,156.90535,5.2858076,-30.276665,6.3434057,62.48727,8.847044,-40.06934,5.2816095,35.662743,4.1708856,-32.4869,8.630007,17.757614,3.7913632,-9.394272,4.295208,8.354498,6.117823,-1.8679104,5.045191,-3.212469,3.0403028,3.0891924,3.7659953,1547.6352222130995,114.5565536018029,1880.7588193309196,65.65559050059018,0.00028073177,0.0007314975,3734.387008773202,0.013388269,0.003367358,0.06354227088167054,0.008485169019957712
-305.94403,17.817707,134.06909,13.716525,-71.56525,10.164502,75.43913,6.112932,-40.06743,4.0541377,35.731537,3.6444352,-29.304258,7.323592,19.98787,5.0199943,-12.91692,5.3310633,3.623708,4.4334064,-5.4776163,3.8847466,-7.781992,3.289537,9.965483,3.4259396,2162.652954384315,245.7350344770331,1860.2075865746401,54.66299675731386,0.00085274957,0.0015931525,4292.276829411978,0.012147377,0.0040078135,0.13556432170823665,0.03948968883828851
-333.79807,26.6331,169.4375,7.6185384,-41.478874,3.9675586,69.284935,8.283381,-31.329521,8.010336,33.622425,4.2843165,-23.535175,9.93315,13.712698,3.5486581,-7.5554442,4.191076,0.6912261,3.2520306,-1.0784783,3.508062,-4.456961,3.1171305,5.470886,3.2258759,1378.2919082846906,178.6247502945358,1655.948653114474,151.3787719822042,0.00022334658,0.0003771848,3165.8305086281903,0.013961712,0.0030923348,0.0596666092662413,0.010224117168651164
-356.27603,42.98539,165.40123,9.272226,-27.521536,9.347935,69.57568,11.073258,-27.277742,11.718587,32.664837,4.017964,-22.954136,11.209316,16.342436,3.453274,-4.3469043,3.9460878,2.1766994,3.9397268,-2.2529523,3.5810513,-6.451311,3.7269852,5.07587,3.7025611,1287.8915169467612,273.44601646864595,1665.5105078188199,201.3467961771923,0.00015445959,0.00010970146,3007.6039325333527,0.014134631,0.0032727846,0.04765330445185615,0.012462011800902928
-349.2811,36.706745,174.89102,13.55818,-37.236008,5.328792,69.68049,12.129059,-29.838974,10.944893,33.007328,6.674299,-22.208372,12.350615,14.554753,4.7762094,-5.5314755,4.788064,1.7141522,2.8344955,0.019701004,4.145865,-2.6417692,3.1620488,7.0383806,3.4122393,1274.8350776411899,257.0509815508388,1601.677175384728,244.11730984915593,0.00017667495,0.00035074205,2940.9809015189967,0.01418275,0.0031814761,0.05072913645591647,0.012395721422906313
-335.793,27.150225,159.97375,5.1489506,-36.390537,7.1038165,61.64531,11.2958145,-43.81305,5.2209024,33.01462,3.744457,-31.066034,5.892604,21.702948,3.7296793,-6.452775,3.9087408,5.9834943,4.998998,-4.0515885,3.5181773,-5.9773793,3.258983,3.9786186,3.083465,1562.8915773527435,117.65903545655985,1832.4217787702128,54.11939378764848,0.0002631014,0.0004296044,3645.5313202399943,0.0138740875,0.003519015,0.0684330137035963,0.007993549991679817
-345.20627,34.201324,168.7856,8.678125,-38.24477,5.753044,62.80854,11.885665,-32.04889,8.820234,39.03422,3.747183,-16.713757,12.043033,16.514563,3.6249259,-10.201584,4.6414614,-1.9637542,3.7022998,-0.7154998,3.3049688,2.2011209,3.48057,10.179982,3.6500502,1350.9295880873071,210.86876156614204,1656.3150603480917,171.55612095512785,0.0002267468,0.00065536215,3064.5844851181846,0.01365676,0.0034160535,0.05667574499709977,0.009241850878878122
-354.4718,38.840294,168.11316,10.084965,-29.44345,8.692224,70.25255,11.333953,-28.841503,9.820043,35.020252,4.6112285,-22.221973,11.893558,14.481391,3.9203608,-7.5906696,3.8533962,4.3983555,5.3980227,1.5202793,4.42322,-1.7312661,3.1817923,6.4772496,3.6418123,1288.5909303510177,270.0966450522992,1664.725627477444,202.84005634697564,0.0001795713,0.00032045378,3000.359583454176,0.013766408,0.0030143114,0.05101462804524362,0.01412143890915057
-334.2849,23.059208,150.70903,6.7464514,-43.02592,5.2057123,69.441895,6.628879,-44.46147,4.6284986,31.091702,3.484256,-31.94219,6.1284337,26.22213,5.345153,-8.776407,3.9206195,-2.7230296,2.9725883,-4.3718514,4.469652,-8.124877,3.3825011,4.3203316,3.5488572,1752.2339832224968,118.93324687804284,1895.6970863852691,50.55692610973541,0.0003825798,0.0006307344,4089.584938279437,0.012641566,0.003377903,0.08088701783642692,0.010709003428291022
-343.3874,31.541706,176.73824,13.406343,-40.10523,4.6416893,68.015045,10.474579,-30.345362,10.12962,33.33105,7.412872,-24.436113,11.544017,12.6500845,5.160586,-8.38241,4.9418015,-0.73673195,3.2828572,-1.2917835,4.1933017,-5.574074,3.2129807,4.071085,3.40747,1297.7828737019636,228.44233363316167,1594.1953997204298,235.60592579272506,0.00019940965,0.00039351426,2941.5304728284514,0.013807217,0.0031352183,0.05552244960846868,0.010269747835066291
-337.4543,25.252232,158.02016,5.690662,-38.679104,6.1787887,60.24588,9.956655,-45.438,4.629223,31.195328,3.850858,-27.57333,7.5650406,23.726173,4.3982983,-7.791121,4.1045103,3.3309834,5.354366,-6.6368604,3.724946,-9.369163,3.1362922,7.8901296,3.4228735,1603.8412252457908,121.41096360289882,1832.5732091472546,66.23918919511034,0.00037319624,0.0015929954,3697.890477722593,0.012713505,0.0032711038,0.0725590469112529,0.008718075105106514
-341.93964,30.326998,162.4166,5.471928,-39.086845,7.337052,56.551434,13.490556,-42.66059,5.980761,32.72057,3.6647234,-31.204943,6.375456,18.664434,3.6287081,-11.805746,3.7043474,-0.8947806,4.0766177,-1.234764,3.7697647,4.5600114,4.306827,12.739011,3.7867517,1534.0627789417365,136.88854276456655,1772.0271813086028,82.441387801532,0.000249571,0.00033705868,3417.6840514428654,0.012992869,0.003301645,0.07094692575406032,0.008759064579702637
-330.8512,23.007772,153.97496,5.31753,-37.31431,6.7005424,64.46814,7.932443,-38.68656,4.774857,40.17686,3.905906,-33.537804,6.0036774,19.198656,3.9488077,-10.413675,3.897702,4.497711,4.382366,-3.579907,3.476233,-4.661595,3.411056,4.782066,3.5300548,1686.75474247738,103.14368608961121,1934.9546036380807,56.80430786830953,0.0003463221,0.00038304407,4074.8214544663574,0.012801934,0.0033405656,0.07474554995649652,0.010288222131380274
-335.99854,26.374147,168.92383,7.436043,-38.23821,4.674114,67.00898,7.5884914,-30.71606,7.8321238,33.74277,4.9964466,-24.12196,9.710834,13.522753,3.5764842,-7.6451097,4.605597,0.5171338,3.2361288,-0.86386395,4.0398216,-3.578744,3.1200106,6.5514045,3.6763783,1357.772341313143,162.6240992011894,1662.2223278256129,151.38895360947535,0.00024085345,0.0007062256,3121.8648038718097,0.014093105,0.00334549,0.055104408352668215,0.009215507478124278
-358.0058,41.560604,167.63087,10.016985,-25.740755,8.839936,69.598465,10.73531,-28.04485,9.976661,33.18648,5.140536,-24.733828,12.256801,15.175287,4.320886,-5.927422,4.832111,3.9437168,4.656735,-0.657193,4.6087484,-2.225501,3.1169899,8.1215925,3.7658043,1273.3728277882067,261.1949688800239,1672.9250839212152,211.69754824550367,0.00026541817,0.0014825173,2986.4204566052786,0.013609737,0.0033515757,0.050365474550464036,0.015234699190575
-331.34164,25.169132,168.06717,7.00888,-40.655922,4.971525,65.34641,7.2086287,-30.456774,7.1824317,35.286255,5.1104937,-23.512527,10.152765,12.992259,3.6739738,-8.726819,4.970984,0.8237143,3.3730905,-0.12655587,4.2301817,-3.2169402,2.9024596,5.5556545,3.3962107,1390.2258132443922,153.55574685750642,1673.1395679161578,146.24816742743826,0.00023482632,0.00047831112,3174.6486300935326,0.014116356,0.0032743118,0.058836191270301624,0.00924259827825457
-323.6653,20.127216,156.31041,4.9699945,-42.05373,4.2848234,62.02922,6.240227,-33.301525,5.586221,41.55156,3.4824796,-22.090279,8.019401,18.007122,4.0674467,-13.890946,3.979433,-0.28394,3.568453,-0.8468582,3.7275352,0.8565437,2.992776,10.039024,3.5355418,1583.5089380753072,92.92904581933664,1822.7871150630574,56.20426067573389,0.00030527147,0.00027808646,3670.736658932715,0.013563026,0.0033334116,0.07099903929814386,0.009345513024867061
-342.35782,32.913284,172.00089,11.513433,-34.534576,4.933628,66.02889,10.40154,-29.409817,9.463523,31.644403,6.33959,-24.445803,12.1222105,13.5440035,5.255629,-6.1175013,5.2122173,1.4655068,3.1457772,0.3310457,4.4845667,-1.7339846,3.2072115,7.9170346,3.5486636,1298.2489600115573,217.51125688796304,1631.265348225363,219.36983408559334,0.00020013723,0.00047399598,2969.6335511528423,0.014264633,0.0036327685,0.052261954393851506,0.010718100342000282
-353.9556,37.475822,161.97737,8.566593,-23.737478,7.3868065,67.3762,9.425636,-25.43672,9.680336,32.844555,4.0404797,-23.68814,11.4892025,15.887453,3.4693923,-4.988218,5.2650394,1.554074,3.658664,-2.7351477,4.249422,-5.976883,3.6119442,6.1122446,4.5338373,1310.042627091025,243.26617695908433,1707.9165496532264,187.96608107748196,0.00019378333,0.00048023136,3089.015427874855,0.013646092,0.003152752,0.0508798125725058,0.014351658732673113
-368.83258,54.803913,165.95715,15.839983,-22.303202,10.081879,62.845516,16.573269,-23.311386,12.8803,31.321129,6.1304297,-20.689638,17.272839,14.954765,4.9921136,-3.4656715,6.596716,3.0494502,4.7327313,-0.40151292,5.2143726,-2.6423454,3.8124304,6.5493655,5.3156514,1249.4147524557306,349.2373533779623,1627.185316041276,314.8196518833647,0.00016048581,0.00020754649,2919.522639936195,0.0136139775,0.0039717103,0.04624510585846868,0.016152194922209512
-351.16095,34.550415,168.23265,9.766512,-29.518036,6.878582,66.98765,10.487332,-29.147644,8.61226,34.40778,4.4679165,-25.294464,10.760562,13.813597,4.780028,-9.350841,4.2276106,4.119384,4.04719,-0.17515072,3.912448,-2.1907465,3.2664204,8.196091,3.531831,1312.153485263857,229.72408891757502,1687.6666426816712,192.64287111880276,0.00020025265,0.00047291061,3028.862350003625,0.01355929,0.0031196754,0.05520863544083527,0.016757686307648345
-329.53452,21.444754,144.40045,9.580238,-41.71547,4.5716686,73.779594,4.8081064,-42.445168,3.9596007,34.288006,3.9145572,-37.425343,6.9997754,23.40942,5.832676,-10.145096,5.2195325,4.610802,4.3771176,1.0659871,5.182737,-5.6083555,3.2393887,0.968187,4.893208,1867.4103087618546,159.50978243004695,1998.922332256998,67.624140070901,0.00041687308,0.0005705355,4414.831231420389,0.012891315,0.003342063,0.08520337877030162,0.010808559690269552
-346.95764,30.89295,160.1411,4.958826,-37.05444,6.525464,58.01801,11.882879,-42.079033,5.799014,34.61432,3.7326677,-32.23297,7.6586866,20.743706,3.918615,-11.421748,4.506158,0.24458851,4.350334,-6.829855,3.610661,-1.2494023,3.4384053,13.5583515,3.6728864,1565.6611990018666,116.52771306204512,1832.830933447768,61.17603463621784,0.0003067542,0.00065898354,3589.8997154147332,0.012121111,0.00344925,0.07195634244489559,0.008495719977707546
-335.86038,24.528244,171.71768,7.1556826,-42.6455,4.326585,69.67523,6.915819,-33.17129,7.003251,36.608437,4.8477206,-26.791815,9.721951,15.061228,3.9132802,-10.888365,5.1345305,1.0114485,3.3483696,-2.170772,3.792931,-4.6052747,3.0452158,6.5418153,3.8343303,1384.8958936725369,159.5174377477208,1676.7524010119166,152.61939745170343,0.00021314352,0.00014336426,3156.737601508121,0.0137821315,0.0030094646,0.06014356148491879,0.008764985192195894
-328.0635,20.3415,152.59337,6.0930033,-39.945778,4.4886365,72.172195,5.3309226,-30.686153,6.721854,40.546757,3.6904552,-29.71103,7.3352823,18.28506,3.9092302,-12.034305,4.3218474,3.9006298,3.9727995,-1.6608884,3.7604616,-3.880853,2.8476467,7.336019,3.599872,1633.5326182696322,106.26603330927993,1895.5350811819928,56.02397240450744,0.00038138067,0.0011319062,3866.5339281830047,0.0135732265,0.0032357576,0.06894282011310905,0.009144336391558414
-340.09445,26.055689,156.17302,5.1372275,-38.049553,4.7047424,68.86691,6.783688,-43.03735,4.3916078,28.499472,3.52428,-32.128563,8.142107,22.534472,4.3602858,-11.627361,3.8160317,6.1501474,5.4913516,-2.046311,5.6331835,-11.442366,3.5727148,2.0045938,4.2861576,1624.9042400986107,90.0878034213588,1854.1478636717225,48.764346225747985,0.0002819992,0.0002759232,3716.226175047129,0.013061924,0.0033320845,0.0731368275087007,0.008205332943973078
-340.60318,27.493032,171.11815,9.071491,-39.82527,4.9183135,66.88813,7.7854686,-29.005253,8.287679,35.914898,4.906635,-23.844572,11.325333,14.460736,4.5876927,-9.648664,5.162492,1.4570253,2.9887795,0.27728918,4.046511,-2.4273062,3.1038878,7.230391,4.09072,1335.607197805796,180.22289198005998,1653.354687500524,181.4107455287094,0.00022401915,0.0005072753,3026.139473970418,0.013663716,0.0029681667,0.05571730894721578,0.009854770561196565
-370.7705,53.217735,169.97942,16.37852,-22.336416,10.770128,66.74184,16.429564,-25.19387,12.107544,32.853165,6.282736,-22.959946,15.750149,17.935656,4.627328,-3.9474328,6.146131,3.4648597,4.2514615,-0.14901504,5.121882,-0.8670374,3.4789634,7.6286283,4.933043,1214.6985761380956,347.2293963799498,1625.6820469472914,321.2952519430447,0.0001962803,0.000829273,2837.7614173977668,0.013748665,0.0032287692,0.04494226725638051,0.0163162388551069
-342.6503,27.479986,161.2087,4.329584,-34.267147,6.1931214,59.52436,9.953196,-43.013306,4.664276,32.645367,4.289385,-33.47585,7.645799,21.718582,3.6164327,-6.7094536,4.636105,4.8042374,5.0127,-7.2649827,3.6860816,-8.967408,3.496385,2.3486092,4.055099,1536.136911972266,96.08518309405024,1828.2503200288202,55.07660624613646,0.00028122545,0.00063606014,3561.946520174739,0.013051073,0.0034227439,0.06975171294953596,0.0073215558121167415
-365.32236,52.329,163.63905,14.3922825,-24.424168,9.361554,63.145645,14.4217825,-24.406662,12.595569,32.02706,5.152268,-24.21487,15.571653,14.332548,5.214055,-6.1169972,5.657084,1.890202,4.647156,-2.205915,5.0549026,-2.0586908,3.5025423,7.735631,4.536922,1304.235327701702,322.66758017790283,1676.2064614020155,274.90159707857873,0.00017918566,0.00024149945,3024.390837985789,0.013508481,0.003991334,0.04877261274651972,0.018377758436921656
-337.60486,23.463655,154.6681,5.7382193,-39.82728,6.5445743,71.99345,7.0144515,-41.32178,4.2906537,35.2934,3.8755648,-32.848095,7.558773,23.146303,4.2111297,-18.252073,4.0722065,2.9399674,4.267762,-0.06767501,5.903311,-5.0962234,3.7626317,9.152362,3.4534345,1687.1355251365194,104.03315926955597,1923.9595307515458,52.86153390686528,0.00034899174,0.0006441965,3936.404426025957,0.012852859,0.0033392133,0.07387094873839907,0.010358338591961775
-335.72717,24.3395,172.10278,8.635284,-40.980305,4.2592382,68.90532,7.1469455,-33.180347,6.7566695,33.777485,5.266631,-28.114058,9.911986,14.68164,4.4876776,-10.741326,4.9731894,2.2226164,3.2143686,-0.66643506,4.597715,-2.7510808,3.236728,7.1712327,3.5782337,1370.9075347771277,171.54198992513875,1671.3813294383162,167.95595170394336,0.00024084971,0.00048375968,3114.570493764501,0.013747188,0.0029247995,0.06060125435034803,0.009704844064377403
-357.9759,40.417404,168.0736,11.47144,-26.153612,8.879436,67.96025,11.754341,-27.892149,8.446632,34.232765,4.620144,-25.669382,14.141966,15.10427,4.4115624,-6.795558,4.4773884,6.779482,4.986193,0.6690793,4.706895,-2.0942101,3.2022378,7.0885925,4.0048,1274.9491088899176,288.1583825677781,1674.2093262568337,238.8827225541038,0.00017637586,0.00020476435,2947.3509326058584,0.013484474,0.0029958186,0.0522483595562645,0.01925706031575112
-337.38916,24.834415,160.50923,5.1402965,-37.651524,6.684706,62.048645,8.986878,-43.208874,4.220821,34.261517,4.1196136,-36.80849,7.367437,17.359196,3.4147565,-12.602629,4.1941595,6.3940067,4.382774,0.9878033,3.5768747,1.3297868,3.3241227,7.819138,4.0578904,1589.0632985368657,101.32705894608985,1861.7206169167243,53.109710641145234,0.00032320432,0.0008365339,3720.5977650087007,0.01323827,0.0033190893,0.06998169228538283,0.008503337715983338
-369.5226,52.768806,167.2617,14.748181,-22.597742,9.824682,65.98795,14.915644,-23.687082,11.2896,32.429752,6.368287,-21.433083,17.748972,18.016424,4.5949664,-3.9028444,5.733476,4.420072,4.134527,-0.69824415,4.7563415,-1.953604,3.425245,6.891768,5.393433,1247.2828658174485,332.36132780343934,1644.3910509054458,303.30559805070067,0.00020547769,0.0008928411,2885.499179778132,0.013380208,0.0039463607,0.04753548252610209,0.016049599449283195
-339.1308,26.53471,163.82388,4.8269024,-41.07689,5.876219,55.296627,11.0721035,-43.873505,4.5451264,34.652184,3.425508,-32.500237,7.3045874,20.395765,3.2753296,-13.418986,3.9760456,0.8207122,3.9928734,-1.15685,4.4469056,5.7732224,3.8468828,13.6287,3.5612316,1554.6969189474623,119.85013485079492,1792.3969671152142,79.84588674134083,0.00028304025,0.00054134155,3442.189935741734,0.012777083,0.003188619,0.0761696091937355,0.009515679838656914
-340.89465,26.876284,164.16487,4.205611,-39.857494,5.941239,56.25872,11.391929,-42.00844,4.602044,36.48486,3.4017906,-33.281548,6.6557107,19.607687,3.3358812,-13.216778,3.8197923,0.9650547,3.4137418,-0.98430055,3.8238168,5.5294104,3.6357129,13.709345,3.6112294,1541.2135432239847,106.83804600321822,1793.7068562450584,76.72759770797472,0.0002629548,0.00035380773,3414.611448212732,0.012865379,0.0031117392,0.07411678871809745,0.00862153351773115
-345.8071,32.172993,168.74907,8.211293,-35.562645,6.0918846,62.926846,10.084028,-31.372032,7.2598643,39.47837,3.704272,-22.465084,12.806844,17.341648,3.3960693,-13.137218,4.335817,-2.124177,3.2867186,-2.7662897,3.9961271,1.624416,3.2713425,10.848529,3.5986404,1362.2676094038468,206.2445772610393,1697.9987471878603,172.04917896465992,0.00024049639,0.0006625322,3075.500969765081,0.013407003,0.003109663,0.058231220997679814,0.010435966311313964
-344.44244,31.399937,167.1334,6.9043293,-37.49978,4.814837,63.478947,9.18892,-30.990995,6.987329,40.2022,3.3097444,-22.302853,13.638781,17.369118,3.4063756,-11.311818,4.282165,0.39764506,3.1681175,-1.3321978,3.6945686,2.387787,2.9500117,10.2365675,3.93831,1383.207035828645,193.40359361266235,1716.6066907617142,163.80799809362873,0.00020052126,0.00010810449,3174.6736106075987,0.01339354,0.0030709226,0.05627583019141531,0.011610993048454525
-330.1103,20.67773,153.11737,5.851796,-45.2371,5.185998,74.9862,5.245264,-31.326195,5.767268,44.514477,3.772369,-30.965275,8.041207,21.396132,4.2008843,-13.158577,4.415353,6.2404675,4.191875,-0.5582939,3.9492493,-2.679921,3.1818972,8.41809,3.8430853,1680.1111179021675,106.94079762722953,1919.7327856575484,55.89847916588724,0.00035396268,0.00043002245,3934.755712097593,0.013058732,0.0028994717,0.07360471650232019,0.010692958531694309
-332.85544,22.427252,149.7502,7.014963,-39.83294,4.6915717,69.46417,5.769969,-43.929462,3.691674,32.96017,3.2810342,-38.414055,7.077682,23.56273,5.325346,-9.500765,4.7632866,-0.13181286,3.4397113,-2.4816365,4.5388517,-4.9981985,2.9433677,-0.600202,5.089956,1787.801862690979,119.51494677770758,1955.874076818014,52.874442054932345,0.00034984088,0.00037924852,4291.602355532193,0.012968088,0.0030430523,0.08223630546693736,0.010151977522732959
-349.14117,30.901035,163.74608,5.559312,-39.418816,6.5364547,55.81804,12.476239,-42.06771,5.7055807,33.784737,3.7373748,-35.09031,7.9833493,19.60701,3.535669,-13.366351,3.7527602,0.3779125,3.6447108,-3.5713413,4.246354,4.2926435,3.9226637,15.022451,3.3104706,1532.840225942957,126.19282604988781,1793.509555242112,94.50826863161652,0.00032712377,0.0014746409,3389.331167977813,0.012466665,0.003188908,0.07048130256670533,0.007940304288134645
-341.49615,28.096766,163.4999,4.3885355,-40.810287,5.6559052,55.992844,10.716814,-40.846268,5.137033,35.47182,3.3580184,-32.330845,7.669147,19.705618,3.1750462,-13.013791,4.2611494,0.6144898,3.8612633,-1.7451755,4.4753056,5.5504665,4.0896726,13.90376,3.315329,1540.0606558864554,118.66453057947037,1785.2506428875824,83.54454018686363,0.00025805976,0.00019126681,3401.5466393561487,0.012602406,0.0031634637,0.07438188805104408,0.008391810320841936
-341.17517,27.145504,160.1813,4.3111577,-36.785484,6.817888,58.243122,10.181032,-40.198032,4.336282,35.34695,3.1117415,-32.323505,7.2212753,20.683706,3.2672422,-9.189013,4.1413302,2.7059257,3.8812191,-7.9085298,3.712545,-6.3568645,3.0642693,6.430432,3.3509169,1546.5145212538462,119.64500251890841,1823.6634367639754,69.5545088434246,0.000264658,0.0004084183,3527.5733328197507,0.013082344,0.003051207,0.07008705227668213,0.008667029870950502
-307.66318,17.353407,155.9588,6.322288,-68.92382,8.684906,57.01103,7.204176,-42.160744,4.2336607,31.36938,5.794736,-34.357353,5.7126994,12.071977,3.5125542,-15.543077,4.1226096,4.89047,4.3923106,-1.2237674,4.209256,-9.115849,3.085651,7.008994,3.6888711,1805.2997120614023,131.05660083225663,1735.0645654686423,98.00173064266583,0.00049512857,0.00050899375,3683.626604190835,0.01233092,0.0032727197,0.10435170751160093,0.020883599735781088
-337.839,25.29252,162.40262,4.5233364,-42.891907,4.2693715,68.00843,7.608633,-32.38816,5.967525,43.160492,3.5984247,-25.21717,10.234721,21.753191,3.4223478,-12.711872,3.9183784,2.3851354,3.4539583,-1.1332473,4.0080547,1.747191,2.8364863,11.053946,3.4436285,1502.003821925137,127.60504684367129,1804.5111571241587,82.97734993992849,0.00026436834,0.00028947814,3477.012772349913,0.0131391715,0.0029953294,0.06244222194025522,0.009740071939746393
-342.96213,31.041471,174.3915,13.616207,-37.48939,4.433019,65.89391,9.526255,-27.773695,9.067661,33.024887,7.1662793,-26.75435,13.054743,13.54039,5.6244745,-9.99786,5.570946,0.62315124,3.2254097,-2.3261995,4.4316177,-4.103702,3.4600976,4.9859724,4.0792165,1313.95217634139,231.40632440455238,1628.927473302157,249.5112735607715,0.00019757234,0.00029396385,2949.4992568155453,0.013587198,0.0029652352,0.05629622244779582,0.010910484771503389
-340.9063,28.602978,170.53343,9.811172,-37.42658,4.488747,66.80244,8.683875,-29.596672,6.74573,33.57352,5.917096,-26.647423,11.390795,15.454932,4.7662063,-8.205882,5.061774,3.9836466,3.2989442,0.11730812,4.6109285,-0.75281286,2.9968863,8.595609,3.8506591,1351.927704233801,200.5728279981614,1675.6377982983754,194.1311593412642,0.00022355234,0.00043597893,3074.1520220055104,0.013553347,0.0030023933,0.056857009498259864,0.011712384124091353
-339.15875,27.773514,170.82251,9.193134,-41.673073,4.431225,68.74399,7.8863297,-29.747337,6.986133,36.222923,5.391689,-26.901848,11.578602,15.84777,5.023068,-10.351591,4.8367343,1.8989881,3.517524,-1.1444478,4.0469584,-2.9149532,3.32313,6.6015644,4.0499225,1379.0490068848749,189.16507052109608,1680.7504232312665,186.92840161940845,0.00021483755,0.0002451318,3120.291031485644,0.013509991,0.0031078,0.05906390479988399,0.01012164747701664
-338.71973,27.729013,166.62581,9.609968,-36.606316,4.614646,64.11888,8.300961,-25.17928,7.0505505,33.342735,5.3216114,-23.61529,12.100902,13.729889,4.6536746,-8.498248,4.9780664,0.4835295,3.3817315,-1.2760886,4.367062,-2.2722085,3.3546872,6.423152,3.9930186,1361.1881548685158,194.6631869662019,1670.2993392955434,192.22803582744567,0.00022088664,0.00032233752,3077.6742744888343,0.013340326,0.0030026222,0.05750729589617169,0.011338563637638174
-341.16074,29.555626,172.11667,11.496515,-38.995903,4.9155655,65.71387,9.068302,-28.108559,8.273576,34.803257,6.3833985,-26.10003,11.7970705,14.453624,5.9169445,-10.702477,4.8744164,0.7483167,3.4814825,-1.1479394,4.0464826,-2.2450469,3.2576067,6.5004473,3.863398,1342.7679718849104,211.72872909046197,1656.4012462240462,221.74925872017693,0.00022359079,0.0003889495,3015.372872407918,0.013355313,0.0028908113,0.05775880039153132,0.009847438928710579
-306.37354,14.388999,144.74731,7.3573008,-50.831722,5.2121177,73.38094,5.6933827,-45.249943,4.2008348,41.26492,3.2766402,-34.052578,5.8175154,20.316359,3.7404037,-17.541586,3.781849,6.301934,3.9916685,-2.5771835,3.25578,-2.3415892,3.2284265,9.656237,3.5535142,2017.862822985895,154.21200664901832,2031.863281209751,55.83277550823096,0.000772962,0.002002869,4519.849312554379,0.012477146,0.0029703511,0.10949508773201856,0.0207916890501677
-352.43494,34.9821,167.18768,8.588917,-32.791264,6.3724008,69.825,9.183605,-28.160847,8.995905,36.988987,4.840884,-26.271154,12.502293,19.45942,4.147626,-6.32411,4.2915406,6.1567955,3.9792078,-0.54210263,4.1601114,-2.750653,2.9561431,6.305868,4.1568136,1339.0460596913706,239.35975324682917,1719.018810529102,199.10573245635038,0.00020090005,0.00031796907,3130.2082955698957,0.013385619,0.0027808065,0.05331555430684455,0.014070242502011074
-318.9964,30.839966,160.90251,6.438062,-61.401363,10.463077,63.2223,8.462704,-42.170498,7.5002823,32.143295,5.993266,-35.843056,8.110284,16.61147,4.1194663,-11.9782095,4.6284075,4.1509585,4.0675344,-5.084407,4.190248,-7.3345923,3.8196614,7.324684,3.6372483,1718.337778551671,147.1585034676059,1757.003696476158,121.61868451026743,0.0004328714,0.0005844234,3658.19644087152,0.012444963,0.003400269,0.0916892492024362,0.01659449801771704
-337.50815,25.094461,170.36288,7.9576726,-44.092697,4.5781097,68.36704,7.4463453,-31.930082,6.39517,38.65887,4.704219,-26.975235,10.92614,16.556456,4.174424,-10.144714,5.111091,2.6188483,3.211814,-0.8571057,4.210999,-2.8289876,3.1781747,6.6098113,4.182234,1413.8901467876406,172.71747379646328,1702.0813176729916,166.47137296046245,0.00023751677,0.00023207342,3223.735340233469,0.013173373,0.002847537,0.06152003879060325,0.00883604615130118
-340.77313,26.802843,161.45117,4.303916,-36.18868,6.789281,60.26966,9.820163,-42.53428,3.918451,33.057755,3.3626924,-33.787178,8.294133,22.959505,3.7106607,-7.898732,4.7563095,4.9461584,5.0809007,-8.141563,3.864766,-9.086437,3.3242183,4.861743,3.9287262,1556.7464788198938,106.73332855003147,1836.8809035109753,62.77817533373127,0.00027735395,0.00048820672,3575.0612900594547,0.012897527,0.0030396557,0.07144427022911833,0.008580766276490891
-308.1612,15.238569,141.75876,8.044884,-66.79156,7.4079337,75.95605,5.849937,-44.600742,3.6508348,32.474834,3.7126207,-31.817776,6.287905,17.859274,3.4947271,-18.601467,4.7166295,4.148342,4.0295587,-6.9747047,3.3553312,-7.122371,3.3053484,10.412678,3.2431905,2077.41014475255,166.79624167104288,1879.115465025103,51.61921062578267,0.0008159269,0.0016829092,4192.179909549014,0.011771982,0.003301111,0.12917021642981438,0.02849109096739902
-336.25327,22.057209,155.02914,6.497171,-41.865765,4.372252,76.18582,5.093573,-31.66599,5.470943,43.11873,4.3020186,-31.078197,8.115601,22.572153,3.7716827,-11.57692,4.0164933,6.3949347,4.3010592,-0.3907322,3.9996488,-1.614298,2.9274943,9.58967,4.0859265,1625.4454357682896,118.46340072018785,1910.3700861205991,63.130092191983714,0.0003039975,0.00016718915,3856.6666251268853,0.013115411,0.0031332832,0.06744172346287702,0.010471243902749562
-323.42072,22.850458,157.128,8.794831,-43.6051,6.431699,74.70095,6.4712353,-44.222946,5.407152,34.160072,4.7629914,-28.56666,8.981373,16.970585,3.8982863,-14.516284,3.9234912,6.1803904,3.927385,-2.9448633,4.1777005,-6.0602264,3.7656667,8.847699,3.4330618,1695.6002480592022,167.46598305912576,1862.3658656831399,82.44549284798104,0.000422298,0.00081839564,3875.4269911905453,0.012943553,0.0035514303,0.08241303835556844,0.01869442513445476
-342.5978,27.491758,171.96071,10.611506,-41.38395,5.164745,68.764534,8.088991,-30.362574,7.3746185,37.061607,5.841504,-27.227804,11.685312,15.778311,5.085291,-10.86972,5.556214,1.483088,3.4891613,-1.3406062,4.596788,-2.9307988,3.01535,6.964546,4.3822684,1369.895144240209,203.71620791129135,1678.4054247749268,203.47229335346788,0.00026302505,0.001016471,3108.4502678183003,0.013328111,0.0028135858,0.05773047781322506,0.01042605957795641
-331.20636,33.48183,155.7926,10.658131,-41.77424,15.683102,55.26068,10.086599,-23.881008,8.91917,27.617813,6.397463,-26.877905,10.6275,11.420083,5.1520257,-6.4470468,6.92979,0.3775978,4.66186,-2.4947438,4.5169387,-4.545256,4.919312,8.159329,4.245207,1545.6129777006947,198.68995257705754,1701.4265850972413,204.62740056433267,0.00029385454,0.00041754922,3343.3420415820765,0.012554935,0.003813321,0.07660351109338748,0.02299825721321089
-339.604,25.697838,170.23412,7.9796543,-43.05969,4.5921607,70.06591,7.4168344,-31.706268,6.455221,37.59685,4.8651233,-27.725418,11.047633,17.108183,4.543923,-10.17463,5.2244287,3.227025,3.374612,-1.1900342,3.8876688,-2.945961,3.3335676,7.825337,4.5604725,1407.4379628448944,177.5268080263751,1706.8225396382613,172.10392493440054,0.00023505827,0.00019806708,3210.3957457221577,0.013047617,0.0028495516,0.06111672527552204,0.010311924031352145
-341.1094,24.805208,155.80423,4.697053,-35.269943,5.0554686,72.59883,6.482822,-27.787178,6.1643863,39.986946,3.8897717,-28.710693,8.902948,20.381931,3.5570319,-9.909021,4.200721,4.9276752,4.385925,-1.7666917,3.959906,-2.9361541,3.1080153,8.169345,4.6536446,1521.0193938864795,127.65842705636183,1861.905823257328,72.53835299748432,0.00026696755,0.00025930427,3622.79905243982,0.013018454,0.0029418906,0.06127533171403712,0.01104438008103247
-336.86523,24.591705,170.03165,8.696524,-43.014015,4.9287653,69.21575,7.1873193,-31.77685,6.435577,37.007717,5.7817655,-27.757704,10.867139,15.914184,4.2072673,-11.5959635,5.1415515,2.450238,3.5772648,-1.237928,4.425641,-3.0195754,2.9522047,6.884374,4.5151563,1411.958798992034,177.85261213564496,1704.2449536908844,173.01035492548317,0.00027778716,0.0008794148,3216.790757323086,0.01349764,0.0028661597,0.06111899108178654,0.009026818173766979
-343.85672,27.44179,162.21422,4.68358,-41.50872,6.3676243,57.382557,10.632101,-42.053066,5.0769563,36.884266,4.115904,-32.153496,7.744426,21.49746,3.2799916,-14.634956,4.214272,0.03716002,3.6539145,-2.0063396,4.120685,5.536537,4.119269,13.164269,4.294464,1584.7162467806215,125.31836917667778,1825.24058176539,80.58516469224985,0.0003106536,0.0005701084,3551.229879640371,0.012012303,0.002991841,0.0752689512035963,0.009051722332107383
-341.98477,27.36065,172.84114,9.367442,-43.99374,5.069085,68.61228,8.055096,-31.947744,7.303447,38.17696,5.970567,-26.573528,11.55631,17.275448,5.243747,-11.804764,5.2989,1.780532,3.425171,-0.5756695,4.2967844,-1.9352789,3.2169535,7.7747273,3.9642825,1386.2827450522695,188.33073483527969,1686.3204499299673,192.37825749377612,0.0002483248,0.0006021162,3137.4276641350057,0.013195731,0.002993457,0.05911715124709977,0.009688132004046796
-306.41336,13.021617,138.83672,8.582365,-58.588284,5.6708703,75.63053,5.6620107,-49.986305,4.5750217,42.22716,3.700538,-39.91317,4.9355693,20.984,3.7564101,-17.880295,3.8036597,5.529632,4.097688,-5.125606,3.301754,-5.952096,3.116985,9.647999,3.1416607,2240.163998361745,202.80929160048234,2073.9007866324773,45.449070270370115,0.00093444623,0.0013449851,4815.368793956642,0.011473287,0.003099952,0.13472823919663574,0.030469457269370052
-342.03064,26.598982,158.04265,4.775624,-34.813004,6.776138,61.383774,9.678439,-42.400383,4.2503376,33.667336,4.5359426,-34.73028,8.198765,21.94291,3.5308309,-7.220815,4.639031,8.742664,5.3683224,-2.7598019,3.753592,-4.838653,3.3651736,3.0856392,4.716981,1601.1253732272376,116.81497334302794,1878.649903081415,63.837368044360545,0.00029275432,0.00044102693,3758.0935166219547,0.012773204,0.0030050755,0.07310057460846868,0.008445391120457592
-342.9491,29.763058,160.79126,5.435696,-38.090946,6.7243767,57.19176,11.6040125,-39.9189,5.651818,34.727448,4.331506,-32.584515,9.006267,21.748014,3.7490048,-12.080299,4.6914506,0.9514748,4.082258,-2.8961372,3.593619,3.9282198,3.6146126,14.911862,3.687286,1558.2289412046703,140.76705310438382,1822.2408845279547,95.54928068023446,0.00035238324,0.0017153962,3492.4507300427786,0.012751555,0.0029687656,0.0717750779437355,0.008162921397053238
-336.0324,25.956167,169.41,7.805911,-43.194008,4.2621045,69.55567,7.1742144,-31.573624,7.080578,38.656677,4.8542957,-27.467537,11.434119,17.46858,4.5697765,-11.047792,4.9785137,1.5587128,3.160595,-1.7855992,4.056224,-2.1556313,3.195289,7.9832125,4.47772,1425.0751768500213,175.4180413643534,1720.1888120330364,170.4477979527129,0.00024896313,0.00040844045,3267.3263372788574,0.013459836,0.0029277275,0.061164307207076565,0.010456021547669973
-342.27002,31.220701,174.32397,13.271072,-42.417625,5.0653586,67.317795,9.319329,-30.925995,8.895712,35.869167,7.3175426,-28.059496,13.2516775,15.9812,5.8179216,-10.752411,5.9429183,1.5567868,3.3812048,-1.1550239,4.489551,-2.4182627,3.2260618,6.8374147,4.57924,1376.6677686687217,239.8756178382644,1669.7003270817966,248.61512617750486,0.00025009242,0.0005876355,3122.4643362093966,0.013226408,0.0029236837,0.05965301442865429,0.01101134650894473
-339.27002,28.47945,134.18782,11.833867,-26.668177,8.78439,82.400795,4.472454,-39.803436,4.349659,44.436295,5.367777,-36.3685,8.559224,25.5676,4.742724,-12.425062,4.4110193,8.546117,5.1401224,-3.151138,3.556019,-1.9376402,3.5959897,11.528898,4.2450714,2060.3670414030194,259.5162961511146,2237.760788956955,139.121565602119,0.00048220414,0.00049429556,5001.373701693011,0.012281338,0.0034141012,0.09321073810904873,0.020621546770540424
-310.61282,20.739758,145.06508,13.454226,-67.530655,9.897412,64.86627,8.938107,-50.042095,5.434672,35.33984,6.077816,-40.3559,6.504676,14.370677,3.6852438,-13.477348,4.5196915,3.2501059,4.4323936,-0.69431853,4.412192,-6.9452853,3.3144763,5.712047,4.0239973,2056.6534230839534,281.3207349252845,1881.6771327060696,135.50677238168782,0.0007424849,0.0009932896,4329.7226199971,0.0118050715,0.0035952998,0.12477795098607888,0.036056144366115525
-308.39124,14.4081745,141.79568,7.814353,-62.112465,5.203973,78.11505,5.059207,-48.18381,4.0720525,36.457867,3.68985,-38.246574,6.0259466,19.801096,3.391543,-19.169935,3.974858,5.644666,4.1562433,-5.1666207,3.4047225,-5.881471,3.1423814,8.673613,3.9522238,2137.7915873928873,172.4994878464669,1983.8774718752109,45.57971011271592,0.0007686589,0.00063827675,4494.768876431989,0.0118097365,0.0032025082,0.12783225783062646,0.026777244654953115
-345.70474,29.948,161.0678,4.7272706,-38.388622,7.5987797,60.77436,10.8341255,-43.097847,4.5377088,36.815323,3.9894857,-34.19286,8.124868,23.563011,3.4563403,-9.235177,4.231616,3.3053868,4.0423293,-7.908023,3.5435379,-6.5713625,3.1557274,7.207875,4.30204,1573.0244778668782,142.65855040808785,1847.0610989384745,85.3546784201881,0.0002444694,0.00010463444,3615.604664388776,0.012785546,0.0030194442,0.07149638377320186,0.008887928113511884
-337.52676,25.73933,145.63039,6.2824593,-36.23503,5.905966,71.965324,5.90515,-38.143185,3.4940505,33.613747,3.6446319,-34.410152,8.311226,24.050152,4.838429,-13.41498,3.5770304,-0.6641949,3.3251686,6.455648,7.288085,1.6391348,3.893658,7.966384,4.436215,1764.2786485913332,113.00688224515216,1972.0861106823938,50.91045095428202,0.0003377477,0.00054519664,4265.197952164298,0.013071007,0.0031195881,0.07415757323085846,0.010533278592997936
-345.91583,33.42595,165.08022,7.6930447,-38.147793,5.416444,65.86207,10.26269,-31.128805,8.047036,41.500507,4.214349,-22.409,14.210696,19.543028,3.4890757,-10.586762,5.2176495,1.8371743,3.6523132,-0.7016267,3.8795276,2.5964985,2.965214,11.815207,4.5822625,1416.68642906325,226.89125370875283,1750.660022409667,183.33721365334318,0.00021851924,0.0002175917,3308.793990628625,0.013317745,0.0028724219,0.055967680539443156,0.013564543140918471
-341.4942,29.573292,160.66263,4.6563067,-41.386494,6.0534563,58.474354,11.1484165,-44.49916,4.8228235,36.557735,3.840123,-34.449493,8.622971,21.795706,3.9646797,-11.709164,4.8850503,1.7116919,3.8933249,-2.635927,4.0620413,3.864886,3.348308,14.904759,3.627983,1621.2774366728408,129.10739328628824,1853.3915567481245,79.54407446976498,0.00030846763,0.00037753663,3722.221498422999,0.012279516,0.0033101414,0.07573457439095127,0.008097887776189477
-348.92612,33.65702,161.13475,5.1738977,-36.239017,7.622174,62.850216,11.284056,-43.33357,4.7426395,36.032658,3.884409,-34.453976,10.284551,19.900513,3.608986,-11.940575,4.704035,3.486216,5.1490426,-7.306371,3.2550156,-7.0144243,3.2755768,4.5246186,4.5595307,1560.3488107665753,158.45985389989116,1842.6563740169674,96.63240290888062,0.0002512242,0.00034708148,3623.8732145446634,0.012869854,0.0030064622,0.06990805358178655,0.00901768263389778
-349.13098,26.554173,168.5063,19.14547,-40.487633,4.945302,65.26822,7.1364365,-31.822048,7.802772,39.494446,9.694323,-28.06076,13.209816,19.203232,8.77464,-11.832441,5.980546,4.4352922,4.551549,-1.0732872,3.9228525,-2.6031513,3.574802,8.500119,3.520595,1515.1142654674989,433.6758175983638,1783.5618719866548,383.46444625912835,0.00033865598,0.0010026401,3506.0401296947507,0.011818278,0.0016281146,0.06607884099477958,0.021379107491001602
-359.2079,26.961967,160.18906,13.895777,-40.709522,5.407464,51.405865,10.397401,-41.594578,6.771558,43.48182,5.165531,-32.12357,9.751933,26.280447,5.417985,-14.265048,4.1485744,4.2091923,4.4168196,-1.9810399,3.7169428,5.559688,3.353908,16.416807,3.5488105,1685.0913018104231,384.56406258593955,1907.9880973619559,267.5435883463607,0.00035534572,0.0010329713,3721.5470245432134,0.010726457,0.0019181217,0.07904038573085846,0.01868095273846719
-354.35788,28.142431,168.33142,20.123138,-40.416634,3.8510685,65.67925,6.768043,-29.46628,8.06767,40.076317,10.010637,-26.8708,13.762791,17.242268,8.94547,-12.767491,6.1383467,3.5519419,5.1755166,-0.12912357,3.7392552,-2.0340226,3.1328304,8.453191,3.6109002,1493.6313700220512,453.4047915478468,1760.72516970143,394.74347096120573,0.000282863,0.0005332004,3451.7824531431265,0.011683787,0.0016298596,0.06525295461136892,0.022675088597020582
-333.36877,16.34907,152.05602,9.510386,-49.38371,3.7925844,71.25429,4.259662,-34.536697,5.19592,41.464237,6.482277,-31.56771,8.394356,20.894312,5.7682586,-14.65959,4.3847637,5.6778283,3.5091255,-0.65237844,3.3845224,-1.749822,3.0473375,8.440026,3.6007094,1807.3099648236182,277.14193870528294,1937.0253823831808,206.65157833807788,0.00044653393,0.00040268037,4099.951851616879,0.010977825,0.0017006618,0.08384049630220418,0.01782424930133697
-352.09717,27.306843,167.31038,19.449844,-41.289722,5.127331,64.65823,7.2880597,-28.364088,8.441174,40.55551,9.826007,-24.938702,13.566471,18.391035,8.667245,-11.315193,5.7779894,4.4737277,4.2386174,0.45098317,4.140967,-3.017333,3.2628405,6.883027,3.7377355,1489.5048779867445,426.42942456361254,1759.557503044624,382.6860616531947,0.00033117554,0.0012240222,3451.1829208055397,0.011851995,0.0018067071,0.06333721541473318,0.02068416340724876
-373.33066,36.402122,159.43878,20.299776,-32.09238,5.4050913,59.198704,11.164585,-26.027466,8.214826,44.270752,9.691603,-18.403498,14.860495,22.44695,8.349075,-9.919181,5.1500735,4.41088,4.4847903,0.4898672,3.4718897,1.88853,3.4642234,11.458478,4.471867,1475.6092274234536,494.50322952436073,1802.4413337551941,400.591661659308,0.00024824185,0.0006187945,3422.5302711716936,0.011509387,0.0025519065,0.0580114377900232,0.022816793398775025
-336.5225,26.035114,158.15831,13.346338,-46.950397,10.022866,69.457695,7.679496,-35.51396,6.8140326,38.558178,7.1252728,-29.833542,10.990406,18.304468,7.018565,-14.777691,4.674288,4.7783074,4.0101423,-1.7141949,3.2743094,-2.849185,3.5575223,9.054382,3.9043436,1705.3348041455756,342.1920524835978,1858.5729750836367,260.3123311478153,0.00043879426,0.00087797584,3833.959337840777,0.011290409,0.0018364104,0.08320720345127611,0.022684047305614664
-346.32126,23.638992,166.23517,16.226845,-43.182297,4.3279805,65.779724,5.868446,-32.04682,7.3508596,39.680023,9.073179,-26.717073,12.352464,19.218384,7.760393,-10.83786,5.5581274,6.0635076,4.2925396,0.5023716,4.039168,-3.4419076,3.3888695,7.5429497,3.860292,1528.0320410270692,366.7720887634944,1784.8441248135264,331.40649587347855,0.0003095729,0.00063685107,3548.3321400087007,0.011794021,0.0017010379,0.06750743184454756,0.018107678316366976
-357.52792,25.418516,156.81755,12.722682,-40.688133,6.0905833,50.843197,9.983293,-43.886097,5.8692746,38.925404,7.6756525,-35.166134,7.6553206,23.823824,4.725231,-14.02044,4.009814,4.909408,3.6604974,1.9614222,3.671671,9.025662,3.2609494,18.14442,3.8203292,1716.7464557424082,338.61302245790694,1905.3667945199647,244.6565967679306,0.000377477,0.0014658114,3775.0552856728536,0.011067842,0.0019140675,0.08220231837296983,0.01504645871248167
-354.07507,21.28363,146.48633,7.1708126,-27.337515,8.690611,65.40962,6.8940473,-40.839046,3.5537379,48.30731,3.7119162,-33.45997,7.953213,22.562038,4.2367086,-16.073938,3.8721304,5.365642,3.7154672,-3.0989254,3.3170462,0.062346242,3.2259104,8.115393,3.791771,1857.4188136590717,253.79555732963883,2142.0798982569627,106.79685534922947,0.00036858502,0.00034250502,4667.559092227379,0.01089483,0.0019435512,0.07754608649941995,0.017399082266556037
-319.7056,9.866823,126.303856,5.8889704,-64.63745,6.002007,76.45476,5.328534,-46.510788,4.360009,49.66913,4.404314,-31.554281,6.0641227,22.153166,4.676872,-14.890304,4.369502,9.929596,3.555871,-2.6957736,3.2308433,-5.5700283,3.9231114,11.830498,3.7579274,2447.800385869344,146.2206538214285,2088.6294168295003,94.9367976144613,0.0011122541,0.0033180707,4999.400241081787,0.009767566,0.0019909604,0.14435565001450115,0.02867197828790257
-369.30753,32.326912,166.03928,19.349255,-36.78178,5.2268233,58.780445,9.684716,-31.561146,8.530807,46.396645,9.289021,-20.407125,15.127027,21.85459,7.4321966,-12.415869,5.2383385,2.4507182,4.2779393,-1.8060925,3.4976852,1.1287754,3.2478442,11.788947,4.1641216,1474.9221650961445,456.583172442235,1776.6560833936235,383.90589566132604,0.00022448754,0.00020369235,3368.9970295279873,0.011323953,0.0019257942,0.06276170062354988,0.022090817451462484
-358.2554,22.581825,143.20088,9.495938,-25.969255,8.152491,60.657085,6.913903,-37.601868,3.7499933,40.79903,4.961085,-32.817303,8.59654,20.136185,4.394727,-12.957473,3.8848999,7.487403,3.5841694,1.8700902,3.6733477,5.5836377,3.273892,14.491649,3.6879084,1769.4869060778171,314.0999202345388,2064.0794336529743,164.96381343876445,0.0002571841,0.00021874734,4335.7928849151685,0.0122268265,0.0019855741,0.06789035310324826,0.01558139903452547
-363.1007,29.07926,163.38011,17.24965,-37.156567,4.445801,60.34886,8.621196,-30.134558,8.195959,47.340225,8.481961,-20.057741,14.136464,21.971485,7.307967,-12.449387,4.8225393,3.8871064,3.765543,-0.10788938,3.4858642,2.5408456,2.9425201,12.098827,3.9495456,1494.5472032556597,431.949050777632,1807.8929979095712,357.92768866730785,0.00023917387,0.00022259267,3471.4920787412993,0.011576949,0.0018403903,0.06187237166473318,0.021501000330912835
-367.4997,27.172443,142.1677,10.516905,-24.28987,9.025672,57.163635,7.9221597,-36.101543,4.910614,36.92825,5.6731377,-34.166565,9.47154,17.35713,4.150176,-12.191502,3.7552109,8.64861,3.5990992,5.197209,3.8365989,8.320681,3.6547403,16.614408,3.389771,1708.1183924363609,345.3626279886035,2016.0989586716105,190.1691848190258,0.0002618515,0.0007426897,4101.850370685905,0.012466384,0.002297491,0.06589077907482599,0.01804670233525113
-349.406,21.650427,155.39954,13.172841,-38.460247,4.2347217,66.58132,5.9950414,-29.494144,5.9800553,40.773067,6.878731,-28.14265,10.435088,14.64347,8.059358,-8.37804,4.575881,9.6660795,3.7629168,0.4761889,3.3106196,-2.5443027,3.2340229,12.479744,3.2900527,1607.3207189103025,330.55073641282485,1863.65164128883,273.0576857909409,0.00031275075,0.0006131696,3783.923368166328,0.011790406,0.0022096527,0.0652325623549884,0.016731731796147564
-369.20184,37.359253,167.59175,24.152124,-30.525978,7.649188,57.60997,11.220381,-25.254803,10.9793,34.397602,11.059792,-25.920403,15.20128,16.633305,7.342239,-6.7949038,6.0422754,6.778906,4.615368,3.3873923,4.9232507,2.3350148,3.6673176,10.878879,4.4378533,1401.2011705283453,526.8173472654862,1702.2710086555478,446.4839922170245,0.00027124138,0.0008602126,3190.8859642365137,0.011978838,0.001989748,0.05594728828306265,0.02591235858617988
-358.75928,24.600208,153.70195,12.307195,-38.50164,6.1569448,51.075214,9.736939,-40.004597,6.2532573,40.728077,6.452787,-32.912296,7.387169,26.744041,4.2728186,-9.917869,3.589311,4.3981647,3.3828776,-6.2888994,3.45055,-0.81793517,3.3874133,15.517995,3.3695388,1736.085293734909,340.3207761676188,1942.3591518003436,214.6805229930446,0.0003337096,0.00042844276,3862.9367341574825,0.010540657,0.001980619,0.08144100746809745,0.018255896494486116
-323.24594,14.832097,141.70676,8.049111,-70.40457,6.2493787,77.95418,3.5717788,-34.326263,4.954221,36.20641,6.5591636,-30.424126,8.686584,19.852758,5.2069225,-14.48828,4.9463387,8.552579,3.8209126,1.8174658,4.111337,-3.1268618,3.4074326,11.249804,3.7665498,2075.7416421260514,200.67911704572788,1860.8272728723346,174.98591444915326,0.0006680025,0.00075662957,4169.697446889501,0.01024307,0.002027723,0.11650775812064965,0.020317365633513582
-348.37558,24.602428,166.2678,17.174757,-41.354134,4.3407855,65.922455,6.3483853,-31.295824,6.7740555,40.67802,10.3969145,-27.143759,12.729852,18.191523,7.3974357,-11.421308,5.3498,3.7630079,4.329302,-0.884194,3.8298502,-3.246048,2.7226214,7.534855,3.630304,1517.4474724431398,394.50217139565126,1782.8083012054308,346.63036410585573,0.00029778364,0.0005045296,3530.695897078016,0.0117775,0.0018193653,0.06716529509860789,0.02060133979941424
-354.7903,25.818336,148.67816,11.647319,-29.634535,6.358561,57.22952,9.169237,-40.553898,4.8462253,38.532166,5.82244,-34.07163,9.83401,23.6191,4.734133,-7.972396,4.114049,9.200345,3.6624908,-5.0176706,3.5881717,-8.439836,3.1770368,1.4566714,4.200646,1779.3710189065305,373.5137271497025,2012.8821728687153,218.60987708270022,0.00034183104,0.00082480244,4172.020634697651,0.011498345,0.0020649876,0.07945162956786543,0.018696022466764838
-323.54532,19.402279,127.77943,6.6234736,-72.77235,6.1281147,71.99562,6.0587807,-44.026016,4.500928,32.4881,6.7474794,-37.87312,7.141134,19.283302,4.99764,-19.831408,5.1717887,7.719425,4.1330905,3.3299344,4.278716,-6.940227,3.3685768,6.004041,3.8388329,2354.854802427936,189.30080094084377,1948.7828832158004,145.60559596165456,0.0010075369,0.002984636,4649.073511818446,0.009697624,0.0022765526,0.13853252791473317,0.030457939550077313
-339.12064,37.70843,156.10664,16.547926,-49.140327,11.475142,65.143196,7.4802117,-33.70974,8.871362,42.635746,9.885893,-32.959667,12.38569,20.070253,7.7946205,-11.483428,6.481726,4.5252347,4.7620287,-0.8669728,4.007076,-2.044767,3.736049,11.507307,4.258946,1785.7126223288672,426.1886685802297,1891.1978392601743,324.78246577233097,0.0004109679,0.0004958994,4012.919740610499,0.011104479,0.0027043994,0.08832226109338748,0.026366119607406476
-357.02365,31.448374,164.12004,21.509447,-36.131424,4.262993,64.82702,9.191981,-27.91533,9.22913,39.902905,11.411708,-27.444038,15.381851,17.113651,8.884203,-10.620466,6.0832734,5.434661,4.502454,1.1968783,3.9492228,-1.3815657,3.1584897,8.565498,3.912044,1524.7669609044358,508.58113705428,1802.539711290466,430.76696320743963,0.000262649,0.00027428853,3562.7958576529873,0.01182138,0.001944734,0.06386288246809745,0.026634510908250645
-355.01517,29.256908,155.4781,13.585854,-39.3707,6.794118,53.109936,10.841539,-44.34114,5.9045887,45.395374,6.2332745,-33.83691,9.87905,26.159254,4.521038,-14.112233,3.8139136,4.007598,4.1055775,-0.59791684,3.723632,8.177284,3.3702283,18.970457,3.4325426,1779.450216150753,407.7743485687279,1975.6173556662643,257.01725441697016,0.00033355685,0.00030726774,3994.833848426624,0.010970078,0.0020329861,0.08285033896461717,0.022308192544123515
-353.6828,29.665964,166.95947,21.321072,-40.228195,4.266498,68.355156,8.218925,-31.005869,9.171925,41.55378,11.186711,-29.568106,15.159038,17.920877,8.865884,-12.206517,5.560101,3.779372,4.2302094,-1.1951293,4.61467,-3.250443,3.2501035,7.832838,3.771845,1555.035384384064,509.8554970273659,1803.033158180982,422.48940874022543,0.0002837673,0.00029781478,3613.13159349623,0.011756964,0.0017349377,0.06858255691705337,0.026490020223581035
-348.09723,24.296497,151.83783,12.28003,-42.757275,3.5591896,66.68637,7.473266,-33.29092,6.0127525,51.098164,6.872493,-26.228312,11.135157,25.47759,5.2959156,-14.71832,3.9290054,5.4937887,3.695486,0.08017246,3.5395093,2.4548125,3.152727,13.050828,3.2613614,1760.6440254801137,386.86060021051196,1988.1411893143527,256.98956884034925,0.00036029925,0.00037475742,4123.633378951567,0.011311431,0.0019326844,0.07515112927784223,0.02450675594002613
-351.66495,30.555273,170.26553,22.197903,-41.404644,4.502482,63.466152,8.892352,-31.03894,9.69044,39.318546,11.521502,-28.604954,15.221228,16.811861,8.914522,-11.567444,6.0824695,4.3563704,4.6569834,0.09061912,4.3049645,-2.5056527,3.747827,7.3748136,3.774932,1520.7134802630533,487.6939060633184,1755.5829325660256,429.73518547735966,0.00028931876,0.00046274098,3477.3624995468385,0.011551546,0.0016840075,0.06955005619199536,0.024537487559842364
-351.10474,28.80354,159.43779,19.573483,-35.85014,4.0759864,63.777966,7.906449,-26.525826,7.95543,38.15405,10.484693,-25.165272,14.463605,16.160997,8.020946,-9.949968,5.395899,3.9722364,4.3101954,0.8893409,4.4011297,-1.0884566,3.3535824,8.7775955,3.8600733,1547.0018941416376,473.4449472834748,1809.3990439282313,388.2526907293739,0.00035512183,0.0012131905,3600.6912974912993,0.011761628,0.0019719144,0.06654559708526682,0.024609430497713043
-360.9032,27.979113,148.55318,13.205159,-31.705526,7.3296432,62.432224,10.205436,-40.697758,4.69184,42.20835,6.06169,-35.64179,11.033373,22.977201,4.6832576,-9.613608,3.8954759,12.437103,3.5329432,0.39127672,3.547551,-2.9167433,3.0562568,3.9620392,3.7481205,1790.8516281052284,418.727218270169,2034.101297602244,232.70920653046832,0.0003754798,0.0011382501,4220.5078125,0.011277796,0.0018280082,0.07602573049593968,0.023607601669697664
-350.91394,29.173962,167.95784,20.528482,-42.610043,4.3769565,66.148834,8.117661,-31.533947,8.510411,41.0418,10.537604,-26.631592,14.557184,18.013355,8.601028,-11.599379,5.4882545,3.536137,4.1650167,-0.49248588,4.0929174,-2.7685838,3.5927622,7.4476733,3.5613194,1537.508922342487,475.233326371105,1773.794791300039,398.14456981906613,0.0003414099,0.0009727924,3532.819240773637,0.011610251,0.001704984,0.06810447179524362,0.02578730539210206
-355.61667,28.990164,154.9282,14.883641,-40.275993,6.648362,53.898132,11.426384,-44.99983,6.4212785,42.218044,6.0642834,-33.411655,10.336302,25.556318,4.853509,-12.992985,3.9934049,3.6758425,3.50247,-1.2030733,3.3186278,6.7620144,3.1002865,17.727995,3.4296522,1781.4725758846218,432.518809625779,1945.961386734866,268.00967135225125,0.00034180746,0.00041685058,3935.405205463312,0.010875085,0.0018938808,0.08507536071635731,0.022512466512752405
-327.9867,22.776924,136.97441,9.270631,-80.373245,7.903602,60.985332,5.8948116,-45.028316,7.103723,37.402306,8.403393,-34.260498,9.597863,17.337046,5.4739566,-18.232336,5.6731076,7.58843,4.037847,3.633766,4.654381,3.475893,4.6961665,12.127067,4.1275463,2199.6952553073006,242.7452780797799,1849.741072627127,219.48635321583893,0.0007340322,0.0012432876,4330.9466651863395,0.009965769,0.0019602324,0.1292268615864269,0.01873092889106347
-351.88974,29.14247,166.56381,21.494171,-41.213486,4.4298053,68.531166,8.191613,-31.286737,9.655078,41.47178,10.961972,-27.162931,14.846159,18.404303,8.2032795,-11.062579,5.5475264,3.8581917,4.1632953,-1.0898501,4.082576,-2.961044,3.5326939,7.588395,3.697611,1555.5026422964015,505.319384693289,1792.5727619979468,412.76082354943185,0.0003199458,0.0006130031,3583.0550545606147,0.011562104,0.0015602002,0.07047903676044083,0.028077148254124322
-327.55374,17.380482,145.46599,8.740714,-48.26499,4.085507,68.667984,6.0929313,-40.5292,4.992388,46.18389,5.620746,-34.31875,8.405022,22.747389,3.960912,-15.638454,3.813555,7.9453263,3.7053788,-1.4408265,3.5321445,-2.4990203,3.5271204,7.5251336,3.651611,2005.2466814604786,285.2679462173969,2066.724742353736,157.99761131302662,0.0006000136,0.0008404495,4558.694011927204,0.010779331,0.0018654196,0.09924571309454756,0.021680143791761308
-337.61456,17.523458,127.972885,6.377703,-47.794006,5.8953013,88.19399,5.0045714,-46.080505,4.184541,39.421738,6.3633246,-33.15021,9.329004,31.946182,3.9548895,-19.144949,3.8114128,4.7494,4.1911736,2.2396586,4.2661467,-6.4749403,3.9914808,9.650616,3.5593185,2364.8248816740656,219.4395981790878,2166.706605771609,98.16595447004588,0.0007774155,0.0011267208,5137.142795642401,0.009850891,0.0018731973,0.12309558983468677,0.023385336786387188
-337.28662,25.783522,159.97685,16.94166,-45.446594,6.5915656,68.00671,7.741643,-39.350845,7.81727,40.740498,9.001289,-31.945923,12.593348,19.95821,7.0255322,-12.28848,5.3443623,4.029178,3.9161475,-2.8994758,3.7831483,-2.710545,3.6738508,9.962589,3.5779207,1733.559143816738,430.66783343052515,1890.8512135092842,331.1471006550036,0.00037581977,0.00021530602,3961.5847842046114,0.011403617,0.001673216,0.0826090305974478,0.026265265457250987
-333.28757,26.142218,138.70079,17.439827,-44.19632,7.7509003,59.657627,7.2351823,-16.760077,10.366919,28.225615,12.079749,-24.10714,11.553652,17.972315,7.4511347,-7.7327504,5.4760346,-0.0007818536,4.658648,2.2582307,4.245993,2.7200437,3.8536897,11.504733,3.8025868,1824.8689037113636,430.62003657440675,1861.3846914531925,337.3712696579352,0.00045277659,0.00065819157,3960.735446726363,0.010912475,0.0033837894,0.08994344547563805,0.027211508025428897
-347.882,22.52127,136.56659,10.476246,-39.0909,6.474228,76.272,5.43376,-40.467,4.6072965,40.079647,6.822981,-35.082397,10.296042,29.617437,3.7679818,-13.23522,3.7069247,3.141822,4.551906,7.0883427,5.4005313,4.468028,3.2769103,9.262614,4.155251,2045.0600610438598,370.0141649836512,2118.226277744595,172.3535078873552,0.00041680003,0.00031785524,4759.637267075116,0.011304643,0.0018014294,0.08977690871519721,0.02520182764478432
-344.42017,23.79706,153.5173,15.1852455,-44.781845,3.8009112,67.88171,8.060385,-35.240505,7.3422947,52.85793,6.8906865,-26.53961,11.137423,25.418186,5.83258,-16.437672,4.0380435,2.9442987,3.6382518,-2.3565497,3.5131938,1.5902154,3.2738597,11.801714,3.454789,1799.348298744447,451.3049557757499,1982.9965052457762,289.5820690419304,0.00041711848,0.0005220329,4136.848070892546,0.011117033,0.0014914143,0.0830973118474478,0.02917863054177649
-356.39597,33.765602,169.41039,24.97773,-40.77207,4.250321,67.035835,10.718135,-31.367718,10.474146,40.526085,11.971424,-28.553915,15.666824,17.350666,9.601332,-11.810082,5.684243,3.2105725,4.5685525,-0.56116676,4.707894,-1.6806334,3.6823354,7.2053885,3.1905172,1550.2378040745805,553.8029067847053,1772.3244642305308,466.28826043972424,0.00033006497,0.0008841816,3541.3375960701856,0.011421294,0.0014707441,0.07171276827146171,0.030122857059439987
-350.47476,27.051176,148.56549,13.375266,-32.81178,7.5811315,54.874958,10.382413,-43.93215,5.242406,39.581554,4.84776,-33.709976,9.574393,24.413246,4.6573772,-8.035071,3.861523,8.084474,3.7066603,-4.461785,3.3707776,-4.124384,3.4973497,6.0275006,3.1507106,1836.2344797339276,408.8768503048486,2016.3989429453165,222.2327564556313,0.00044932618,0.0013236816,4217.235365157338,0.010925477,0.0017565453,0.08757794373549883,0.023524022226572513
-361.8376,31.707539,154.40494,16.44846,-36.35444,7.7084956,57.92486,12.272844,-44.90793,6.4647036,41.71304,6.4015436,-35.85837,10.1547165,25.235723,5.6047425,-10.560823,4.125293,5.393208,3.5261796,-8.212893,3.3930573,-5.036383,3.9124663,8.05568,3.4577467,1781.45720097522,492.49008723622956,1965.040327490477,291.94559159101306,0.00036315178,0.0005648078,3956.263934708527,0.010672288,0.0017986066,0.0831109066850348,0.028006693488354606
-346.29907,24.808006,141.60193,12.938269,-32.77473,7.463641,59.683483,8.949089,-39.494335,5.406306,41.49205,5.078857,-32.385002,9.801548,19.872202,4.657767,-12.45784,3.874736,4.568892,3.371229,-1.218451,3.479444,3.0588248,3.701355,13.086496,3.7044575,1910.2053996888,412.35143638381936,2069.8173426917333,210.39837316024776,0.0004903614,0.0014911022,4486.9000145011605,0.01108543,0.0017666209,0.08362184599767981,0.026896956707145505
-367.0554,34.247395,152.08426,18.023914,-38.13689,8.88821,54.21088,14.053089,-44.908417,6.942644,43.56258,6.39068,-33.991,10.653354,25.666851,5.2380233,-12.862697,4.143946,3.9088767,3.5374284,-0.44547728,3.2435565,9.627229,3.120645,18.834255,3.6067007,1829.1460127078508,527.0734617130831,1968.9587621008782,301.13178907219094,0.00039769767,0.00085993885,3965.33186131453,0.01023214,0.0017589076,0.08629209868039443,0.02703451627319963
-355.59286,33.332207,170.39227,25.991459,-41.695747,4.6112967,65.58126,10.507395,-31.078821,11.250001,38.74583,12.842025,-27.460348,15.715819,17.262487,9.910071,-10.838106,6.1666384,3.1360953,4.308809,-1.3735734,4.535986,-3.2866633,3.8515475,5.83237,3.9382343,1551.5915708854554,565.1329341561229,1752.9798179410984,478.25113873912636,0.00031866625,0.00042560868,3523.90119725203,0.011136895,0.0014922841,0.07254771787993039,0.031099787280301414
-342.55096,22.215097,150.58353,13.688973,-48.29857,4.3492713,68.80475,7.460323,-35.929882,7.1305265,52.14948,6.5427723,-26.898916,10.718703,26.162657,4.8338842,-16.294956,4.275775,4.5064645,3.580665,-1.3857054,3.5625474,1.0129423,3.8091695,11.365102,3.3465874,1865.5047023368702,420.6299553347872,1999.0711973376506,257.72933973158,0.0004556179,0.0005306483,4248.336105169664,0.010754709,0.0015476701,0.08822596432714618,0.02895631535695222
-347.31796,36.379208,163.31488,24.472382,-39.81812,6.4175406,66.79919,12.153785,-36.488155,10.218365,41.710247,11.188227,-32.10402,14.415827,19.752102,9.120697,-9.818343,5.9757094,6.4780736,4.7358413,-1.4689211,5.3776145,-1.0335553,4.2979536,9.545591,4.051847,1688.374192416538,561.6777246083843,1863.8603723372037,435.7557591863875,0.0003745681,0.0003374076,3842.9773034186487,0.011173291,0.0017672061,0.0831018434599768,0.03255124605633219
-338.4091,19.780788,140.17966,11.040892,-44.487743,4.535386,72.27926,6.68304,-31.342556,6.5189967,49.041985,5.80639,-30.641212,9.138512,25.022585,4.774128,-11.66409,3.866084,9.61296,3.3850527,1.6423494,3.548557,0.58387774,3.228704,9.84636,3.4349966,1970.9505531371549,365.1298615154686,2085.7876134390285,201.5257740086306,0.00055687886,0.0014301194,4546.003910781613,0.0109219095,0.0016873045,0.09009638739849188,0.027098730283939124
-354.81726,28.771872,149.44308,15.497293,-34.01136,7.8085494,55.54739,11.653907,-43.89407,6.293774,40.530544,6.094641,-32.901604,9.965082,27.647453,5.002571,-7.3673596,3.684812,6.70578,3.3464606,-8.1987,3.2516649,-6.2938967,3.4683678,6.0052905,3.6031742,1844.7107059069222,465.20951157241115,2010.4781325245112,264.68593438790964,0.00037586244,0.00045508376,4153.984703541908,0.010674016,0.0018775677,0.08928069714327146,0.02558510870817115
-347.4644,28.19334,163.72983,20.004414,-42.954105,4.3569865,68.7555,8.44142,-32.841938,8.6777115,42.89781,10.456339,-28.530811,14.216527,19.953943,8.506121,-10.665499,5.1995845,5.922285,4.533149,-0.22212383,4.2113075,-3.0247877,3.5854766,7.461919,3.5204587,1625.6889961468594,490.9736146298363,1841.2444178998326,393.03842598334927,0.00033642375,0.00030227104,3755.54550418721,0.01135563,0.0015756163,0.07446119127030162,0.028701910472656175
-376.29758,41.26102,161.0706,25.514288,-27.20857,7.18575,71.091225,13.412521,-26.476698,10.586892,43.23778,10.310176,-29.86034,16.387617,17.835073,9.705912,-8.941835,4.4338503,11.356065,3.3251865,0.946038,3.350502,-1.2676551,3.918806,8.1824045,4.06458,1535.455381932893,644.2801057696809,1836.559637930086,481.4374149089933,0.00025250678,0.00019346288,3528.22282618547,0.011158348,0.0016470228,0.06753915313225058,0.034300208618238105
-356.0777,32.003174,158.91608,21.41259,-37.82215,4.4924717,60.473618,10.699169,-31.902693,8.408465,47.89721,9.583734,-20.049978,14.696272,22.711771,8.06983,-12.821174,4.8028364,2.3694656,4.052962,-0.75225675,3.8783827,4.177474,3.4290018,12.122371,3.843094,1628.8627590454046,543.2502691317939,1860.000466058265,410.8487867212616,0.00030738648,0.00022671698,3710.3557542415892,0.011130303,0.0016272423,0.0751080789588167,0.02866397034073224
-321.07825,14.366637,140.45757,10.359725,-78.407936,5.6614676,57.79189,4.903503,-46.756447,6.429807,43.22365,7.258441,-33.25415,8.171526,18.037987,5.8328614,-21.169134,4.1481833,5.65012,4.1439466,-0.68476135,3.9321163,-2.0946786,3.591714,9.675002,3.785575,2191.7809225661476,287.5614194631322,1896.9609977153284,211.92014288293683,0.00073477987,0.0006387261,4409.810148093097,0.009750473,0.0014952372,0.1306599840487239,0.020802145076127865
-380.34613,37.299866,136.95128,17.100893,-23.406849,11.389159,59.64332,12.690752,-34.87245,6.692658,38.283165,6.333904,-33.009384,12.285463,19.750359,5.7656426,-8.8320265,4.2649245,10.229028,3.8181024,3.718415,4.0178742,5.8129725,3.3842874,10.456236,4.3842773,1821.4174994673529,570.4222678888019,2049.083000287388,286.35582564820834,0.00036178657,0.0013859626,4177.016737510876,0.011136999,0.0022976678,0.0687581569025522,0.03199864828007959
-354.99326,29.600994,167.51378,22.56289,-41.658882,3.6612537,68.26749,8.309222,-31.394178,9.884592,41.94135,10.622642,-26.735825,15.150151,19.03561,8.638506,-10.734407,5.5684776,5.0596004,4.389689,-0.15141788,4.352943,-2.3453426,3.5595515,8.358765,3.7448542,1543.527399817119,530.2845811968903,1781.9439683156536,426.97653678543185,0.0003167893,0.00045996168,3546.7084065944027,0.011375656,0.0013174684,0.07019807678364269,0.02884139405023212
-364.3336,26.315714,128.7632,10.087483,-36.1133,6.326625,77.10363,5.262791,-37.77646,5.045856,33.823277,7.4262786,-34.327217,12.14137,26.173208,4.3855963,-13.922655,3.8475513,6.277192,4.983927,8.70034,5.51954,4.773868,3.5654564,13.142195,3.960298,2045.3226198735717,392.78718801865494,2114.637571471938,186.7271417841218,0.00039177097,0.0010446623,4698.609871211572,0.011225961,0.0015812677,0.07713370975928074,0.026633549295084494
-355.3107,32.06585,170.85062,24.646622,-42.53084,4.4281816,65.722694,10.08841,-31.386068,10.72863,40.545498,11.599529,-26.57174,15.701318,18.783466,9.535069,-10.30358,5.3945293,3.1827056,4.376589,-0.92025805,4.298516,-2.0832193,3.7298841,8.037939,3.600831,1528.6380834883255,539.0445988844112,1747.7661704979632,453.0473754608704,0.00033325877,0.00073872093,3481.034635114559,0.011264746,0.0014269686,0.0714725928074246,0.02902832728284265
-351.56516,29.019497,168.99344,22.020144,-41.06156,4.541159,68.7262,9.168339,-33.499054,9.398179,39.990593,10.790837,-29.99708,14.244179,18.109234,8.65824,-12.034025,4.943211,4.151713,4.6639175,1.0269508,4.185537,-1.2215902,3.7941658,8.62156,3.65695,1546.8178785906941,506.5129021974521,1785.759330929751,420.140614390282,0.00036291112,0.0008990434,3560.8723580698957,0.011323144,0.0013906575,0.07321613072795824,0.02838937223414878
-343.34653,20.781618,142.76619,12.589872,-40.578705,4.86195,62.24148,7.584875,-45.246204,4.5390286,34.822964,7.1631284,-31.244724,10.654437,27.283497,4.388804,-13.369019,3.7606149,8.028791,3.4413087,-0.87611556,4.450497,-10.1184,4.4331665,2.9996204,3.3182209,1982.7301183810407,397.33189223034026,2034.1782855446156,218.8909619957119,0.00049719407,0.000775404,4419.3776849804235,0.010458422,0.0014979894,0.0971702345562645,0.02541024704230641
-353.58334,28.072287,152.37703,14.887715,-37.271717,7.3296494,57.330383,11.0206375,-43.71325,6.640236,43.290695,5.826383,-34.534283,9.361597,27.647497,5.044962,-9.263769,3.6959462,5.4954104,3.8446922,-7.4656897,3.3580942,-5.166937,3.6174872,8.43696,3.6111345,1832.7357873233352,444.98553573338233,2008.9177345383314,250.40494563595533,0.00038381165,0.0002830276,4139.9456546367455,0.010505577,0.0017927564,0.08590238000290024,0.026238675529685694
-356.06976,32.714207,168.97847,24.318193,-40.228413,4.1636376,67.38322,10.705003,-30.286154,11.058816,40.913925,11.705677,-28.890524,16.171488,17.608686,9.158124,-11.266216,5.7702203,3.5749733,4.655621,-0.10408445,4.2320557,-2.123802,3.5734727,7.354897,3.5358508,1541.2477686346576,545.5827837101983,1774.8918895072534,457.80265229113706,0.0003047515,0.00046305254,3547.9574322977087,0.011434243,0.0014156958,0.0699159839037123,0.02914453563445874
-383.28436,50.636837,153.75848,29.487316,-24.016722,11.498399,63.897705,16.90263,-20.501362,12.571217,40.1925,11.600062,-25.385191,18.250269,18.206778,9.686742,-3.5297675,5.9846463,11.240504,5.338942,3.4380424,4.4770374,-0.38022637,5.0793705,7.3788033,5.802489,1562.943451274717,715.1628720596979,1812.687698988454,519.0973288215587,0.00026621087,0.00024201254,3546.358679397477,0.010966512,0.002907759,0.0681667814675174,0.03671961402910893
-346.4027,26.621122,165.7206,19.439724,-44.26146,4.1159134,68.84752,8.280636,-33.666084,8.638485,42.91801,10.233548,-29.608738,14.032407,19.119707,7.858802,-11.978955,5.3146534,4.690057,4.1133623,-0.16644298,4.028823,-2.7206674,3.640901,7.0811005,3.577969,1610.4635825837615,468.32832177722764,1824.5507110484984,382.93347457315815,0.00033291068,0.00029507122,3715.9763699064674,0.011374207,0.0014581163,0.07395138486078887,0.025121669526290528
-332.69257,20.293287,158.37805,16.949957,-49.305603,5.2176456,68.20699,7.942046,-40.524284,6.6154413,41.9972,9.199662,-28.765856,11.978861,21.611216,6.4890285,-13.565688,4.64249,5.5825696,4.2492676,0.093276516,4.1135416,-3.267856,4.201735,7.787564,3.734742,1769.2866163505064,410.6507530137098,1886.5648645954234,307.2405790419466,0.00047465408,0.0009801347,4000.579366661833,0.011089462,0.0016524617,0.08874370105858469,0.024275630703053372
-356.64297,28.566399,154.33556,15.445213,-41.07301,6.5733595,55.28335,11.816273,-45.434456,6.918605,42.21244,7.200798,-36.62707,9.002282,25.1473,4.163274,-13.866061,3.7824154,4.4855957,3.6499398,0.2523111,3.4556642,9.181974,3.2997456,18.443186,3.7240713,1826.2765148366148,441.4318990215629,1972.5040578606108,266.0436610203839,0.00039467128,0.0004149442,4020.8385635694603,0.010192296,0.0016592894,0.08844121592227379,0.025009970009428638
-374.04807,39.602993,158.69435,24.511213,-24.501804,7.088554,68.515724,13.655991,-27.395609,10.42723,40.331352,10.18768,-27.64436,15.645567,22.41462,7.5408463,-6.813134,4.035693,7.815232,3.815264,-0.09284654,3.9645884,-2.0701494,3.647401,8.371282,3.8379183,1527.3983217127218,624.1816891048038,1848.9054263495855,457.1796668149434,0.00030269867,0.0008948066,3533.7185392800175,0.011475074,0.0019047724,0.06467517401392112,0.03329525272006004
-377.5981,39.69908,161.65962,24.169834,-25.370296,6.9381323,70.077,12.416531,-27.021488,10.184979,42.519386,10.316442,-28.29098,14.8917885,21.705568,7.4318027,-7.919495,4.8984146,7.16592,3.9901326,-0.7577665,4.177325,-3.2256527,3.4893143,8.865047,3.9633799,1494.5953298973557,620.6474931362086,1828.745971861227,456.17707916005986,0.0003357112,0.00144912,3462.9237624166185,0.011320161,0.0016191886,0.06166165168213457,0.03161506514362747
-372.36057,36.665596,161.70972,22.689014,-27.264833,6.440354,70.82514,11.47307,-28.712252,9.617192,42.942364,9.513359,-28.410316,14.439021,22.446827,7.267967,-7.921457,4.554274,6.2902894,3.8066008,-2.6446326,4.412813,-6.864333,4.06625,6.16689,3.4897456,1512.4777319993732,587.7847974595135,1835.6112415889131,429.9350559926847,0.00035791413,0.0014145051,3498.396092390516,0.011396962,0.0014665244,0.06382436376160093,0.03028849337192872
-345.54337,16.7244,131.73238,8.196603,-43.767258,5.542429,79.552895,3.6135514,-42.963993,4.7476745,36.768036,5.949036,-38.134834,8.44596,30.508245,3.4544935,-18.34599,3.5571072,1.4536704,5.001251,3.9768553,3.9975023,3.4576867,3.472558,13.264846,3.8852062,2215.9261487663125,287.19104500956485,2154.765205403731,122.83426615232662,0.0005838283,0.0005807574,5004.171519268417,0.0100858295,0.0015475093,0.10575424158932714,0.022723184064801387
-361.4461,29.246847,156.27902,17.211143,-40.525948,6.258455,53.84679,12.724394,-45.67324,8.157693,41.218967,6.738663,-36.11039,9.593093,27.081577,4.557276,-12.520295,3.5636363,3.1293955,4.306488,-2.8923697,3.2670176,6.8258033,3.0736825,18.48823,3.517466,1807.7597221861995,478.77142261822195,1947.9246700874578,293.10884325174186,0.00043684643,0.0010015175,3906.6276532591355,0.0099364305,0.0015708558,0.09048270736658932,0.024787176161614657
-382.8031,45.63712,157.6341,27.193632,-25.503212,12.276531,68.09004,14.970829,-26.580513,10.958527,40.870026,11.603495,-24.175392,16.98766,23.51701,8.008644,-8.314556,5.9785905,7.9739385,6.187366,-1.2217759,4.38545,-3.3335042,4.935789,12.825023,5.30021,1568.5947072756278,665.7461565785534,1843.4965375296006,481.34656247187894,0.00028387678,0.00062673516,3611.757665222593,0.010931305,0.0018093502,0.07560882214327146,0.04400520159523866
-348.47766,25.058437,116.85751,13.803044,-68.714775,5.058355,70.34171,9.27411,-49.576725,5.907191,42.119244,7.5711055,-37.842884,9.269669,21.268883,5.7110295,-17.959942,4.986583,8.359713,5.0034266,2.6437006,3.6854577,-7.8777676,4.5473127,8.020226,4.509162,2630.329261515043,383.97176529471756,2060.5334854504495,185.49229426776574,0.00100529,0.0018605696,5218.054680702581,0.008112081,0.0020800743,0.16905180539443154,0.045446263833956634
-359.354,27.501646,144.3446,13.646134,-29.283024,7.979485,61.327465,10.164235,-40.318295,5.0290728,39.307747,5.747564,-35.649155,10.628064,23.05811,4.598005,-7.45743,3.5439246,12.986829,3.6742141,1.637064,3.8502142,-1.8312782,3.3707416,4.028196,3.9194663,1846.0365527298284,440.04492252410836,2059.78472114885,229.08403798030585,0.00035061646,0.00051177427,4334.643781268126,0.011032662,0.0014838747,0.07825301805394431,0.025910889648087482
-357.5058,28.114754,154.09335,14.991095,-41.20018,6.362563,55.574055,12.20034,-45.20207,7.1137657,42.678272,6.808017,-37.334137,9.091736,25.11608,4.5470495,-14.892661,3.5229154,3.7471402,3.6409562,-0.5692883,3.191901,8.0031595,3.3595483,18.063517,3.8079836,1841.9037504139405,436.5723799591127,1984.5235330400828,263.7966987824718,0.00041961207,0.0007322003,4065.2788980930973,0.010136058,0.0016644606,0.09061525703306264,0.02431760905853011
-361.33673,28.05081,147.5186,15.965685,-36.753635,7.9257536,54.002373,12.527659,-43.550568,5.9529643,40.95061,5.9912415,-34.63358,9.087898,28.517021,4.7658525,-5.3878813,3.6565342,9.134254,3.234199,-5.4795475,3.4851086,-2.3548064,3.739789,12.927721,3.3955927,1878.7809918972982,463.78040097780246,2016.9077475916054,248.34541212422764,0.0003816323,0.00032900972,4187.233767763921,0.010080419,0.0017341315,0.09026745577146171,0.024805240806806635
-347.11368,26.283798,166.89943,19.45817,-45.08389,3.837445,70.43398,7.528886,-34.73824,8.635864,42.911556,10.039343,-29.931606,13.61515,19.933556,7.8078423,-12.543324,5.3106236,4.646848,3.9728854,-1.0357901,3.8106592,-3.1500843,3.3007777,8.19954,3.773179,1598.1839259231233,465.79385062032077,1819.770441801024,377.64965416269035,0.00032097523,0.00019578017,3690.546206587152,0.011377051,0.0014794029,0.0751953125,0.026905301151238084
-356.06653,26.158195,153.63937,16.014185,-43.63905,5.895363,55.318344,10.924802,-45.12913,7.757919,42.207466,6.6945095,-37.10916,9.116689,25.348742,4.4620066,-14.334874,3.7590785,4.248982,3.2686055,-0.43111056,3.2784562,8.494735,3.4490876,19.119335,3.6519449,1854.278418208703,451.7510998394072,1967.8087120935797,266.3481339766234,0.0003897778,0.00032293264,4054.037666763341,0.01021275,0.001618029,0.09316202327436195,0.025571853112920005
-354.0776,27.119133,152.8097,15.555626,-40.45811,6.3933425,53.327427,11.909644,-44.06857,7.176111,41.340866,6.3018665,-35.44098,10.156966,24.696545,4.423642,-14.094267,3.3150198,3.6855135,3.4095047,0.43862143,3.2956867,8.148943,3.2906334,16.902725,3.730834,1836.2699713768095,443.2462946346991,1968.5585750517034,266.4338615534112,0.00041042356,0.00056300394,4028.082912648637,0.010267041,0.0015185603,0.09281762072215777,0.02532065320082183
-350.35495,22.51887,142.53702,12.7842865,-37.93385,4.1924915,72.75773,6.58126,-28.638113,6.13567,47.318428,6.4916883,-30.09504,10.085474,24.727314,4.9105935,-9.514948,3.4610405,9.28645,3.4252481,0.78842014,3.6096735,-1.5240848,3.6613035,9.497463,3.571651,1839.4991823759603,412.7821030354953,2050.5660121386118,232.198700912563,0.00039645215,0.00058937335,4335.093430521317,0.011138575,0.0017691574,0.07664202979988399,0.027236596072460092
-350.14655,27.78409,169.18039,21.15307,-43.754116,3.8089352,67.18764,8.255569,-33.97703,8.328508,39.877445,11.2493925,-28.779064,14.351214,18.828758,8.595208,-10.870509,5.6064377,4.281938,4.041844,-0.50776476,4.161274,-3.513937,3.5685115,7.3278003,3.7622445,1558.3152259015803,486.3492396006169,1776.1445544430985,405.47264699072116,0.00032331177,0.00038207983,3573.2377125326275,0.01113542,0.0014969617,0.0721693282337587,0.02632376823889853
-355.84573,29.256645,168.38142,22.169853,-42.255768,4.75476,69.33578,8.590314,-31.02372,8.954556,41.387802,11.09018,-29.528385,14.928108,17.109015,8.832351,-11.974855,5.0973954,4.55335,4.425354,0.4832879,3.8912685,-2.4827654,3.342692,8.19097,3.7543595,1539.9060999593005,500.6491885994112,1776.1765656637103,415.79862573481495,0.00043703004,0.002114494,3553.603028476653,0.0112854,0.0014827515,0.06945262652262181,0.027647805617726156
-344.03647,21.716146,149.9478,12.947222,-46.907738,3.7608469,66.12582,6.8923283,-33.185925,6.7216554,51.418797,5.765416,-24.51994,10.964245,25.192469,4.7910495,-15.256907,3.585916,4.6802993,3.5689523,0.104040846,3.2537978,1.8545531,3.3277955,11.885151,3.4348056,1812.5907201052303,390.02477835124716,1972.1612867297517,244.1161018012707,0.00046051684,0.00078964984,4139.021375616299,0.010698372,0.0014046065,0.083491562137471,0.02523024803302167
-358.96118,26.302435,144.26797,13.260854,-32.096043,7.737852,66.253944,9.219908,-42.451977,4.2023296,40.011448,6.3789644,-33.049908,11.974007,21.494703,5.981227,-9.07498,3.6638954,15.398698,4.046522,-1.3801411,3.704116,-2.7269802,3.3215976,5.0174875,3.6797407,1876.8539021189795,426.7616622484715,2058.1972091186635,221.41461814603218,0.00040603997,0.00081201375,4440.885907591357,0.010715345,0.001400362,0.0828152189675174,0.026558780179434086
-378.18677,40.253014,162.05989,24.645638,-21.87039,8.986884,69.970184,13.527925,-27.067902,9.314374,41.114002,9.246826,-30.468174,14.609482,19.229086,7.6018043,-10.20124,4.2126584,4.9656672,3.9585443,-2.882906,3.9154546,-5.6164107,4.3435864,8.923794,3.4380884,1487.7724768710023,621.8892939249558,1824.3854418718213,454.6225294446189,0.00027308406,0.00043809955,3402.870606601653,0.011107286,0.0014812023,0.06483717916183294,0.03388878535327352
-340.23785,19.8415,148.49712,12.382385,-48.25729,3.7559288,65.81592,6.2608275,-34.51601,6.4693213,50.55217,5.996953,-25.188581,10.596906,25.950537,4.922308,-15.055136,3.7782326,4.7063527,3.6081786,-0.9490797,3.2497175,0.81163603,3.4542148,11.424817,3.3067863,1863.7115558609896,378.3624924266389,1990.1599480887207,234.2538807501187,0.00049973384,0.00075813226,4244.164359320621,0.010555946,0.0014730529,0.08864853719547564,0.024742978305059535
-347.0526,26.423326,165.34448,19.650118,-42.89241,4.1353846,68.656166,7.7773557,-33.401134,8.158755,40.930874,10.390203,-29.246387,13.89389,19.035011,8.250095,-11.982102,5.096846,5.1126003,4.248113,-0.6477176,3.7344027,-3.7066965,3.3333597,7.339509,3.594453,1599.2966236970651,469.27069749943735,1819.7468056890086,382.02455423146915,0.00033960817,0.00038350513,3692.544647712442,0.011366314,0.00140732,0.07377918358468677,0.02737428805254947
-354.5752,31.059988,168.017,24.018501,-41.010395,4.6759725,64.73856,10.001324,-29.858274,10.770058,41.061455,11.897628,-26.364101,15.40935,18.802805,9.664487,-10.414847,5.769309,3.8615654,4.560421,-0.3907157,4.1592016,-2.5866275,3.4735239,7.61014,3.9888446,1547.430694800228,532.2461198884243,1775.809397026224,451.2072642446394,0.00031632005,0.0004498132,3558.3743066632833,0.011309828,0.0014893819,0.07128792959686775,0.02942234909162229
-327.60266,30.78521,146.11922,13.640847,-70.044014,10.679347,63.840805,6.93391,-44.262753,8.836778,35.014416,8.9257,-34.354927,10.720687,20.973745,6.737757,-12.125271,5.4089446,8.2615,4.0179863,-3.5613806,3.9260042,-5.5501795,3.5914745,9.738048,4.0803,2096.479880659523,346.7975983809693,1876.3436424238955,253.37255249868923,0.00068925647,0.000573223,4294.3502120794665,0.009571381,0.002178522,0.12688854952146172,0.03268331408019115
